scheme,volume,repetition,transaction_id,key_gen_time,encryption_time,decryption_time,integrity_verified,throughput
ECC+AES-256,1000,4,1,7.09610000194516,2.6858000055653974,0.25070000265259296,True,3815.786054818438
ECC+AES-256,1000,4,2,0.05570000212173909,0.225499999942258,0.13970000145491213,True,3815.786054818438
ECC+AES-256,1000,4,3,0.03809999907389283,0.1748000067891553,0.12939999578520656,True,3815.786054818438
ECC+AES-256,1000,4,4,0.03480000304989517,0.16370000957977027,0.1247000036528334,True,3815.786054818438
ECC+AES-256,1000,4,5,0.03270000161137432,0.16310000501107424,0.12340000830590725,True,3815.786054818438
ECC+AES-256,1000,4,6,0.03229999856557697,0.16009999671950936,0.12749999586958438,True,3815.786054818438
ECC+AES-256,1000,4,7,0.031400006264448166,0.17260000458918512,0.13100000796839595,True,3815.786054818438
ECC+AES-256,1000,4,8,0.03260000084992498,0.159399991389364,0.12209999840706587,True,3815.786054818438
ECC+AES-256,1000,4,9,0.03199999628122896,0.159399991389364,0.12260000221431255,True,3815.786054818438
ECC+AES-256,1000,4,10,0.03130000550299883,0.15829999756533653,0.12110000534448773,True,3815.786054818438
ECC+AES-256,1000,4,11,0.031200004741549492,0.15750000602565706,0.12149999383836985,True,3815.786054818438
ECC+AES-256,1000,4,12,0.03130000550299883,0.15899998834356666,0.12179999612271786,True,3815.786054818438
ECC+AES-256,1000,4,13,0.0312999909510836,0.15839999832678586,0.12319999223109335,True,3815.786054818438
ECC+AES-256,1000,4,14,0.0315000070258975,0.1669000048423186,0.12199999764561653,True,3815.786054818438
ECC+AES-256,1000,4,15,0.0312999909510836,0.16250000044237822,0.12100000458303839,True,3815.786054818438
ECC+AES-256,1000,4,16,0.03170000854879618,0.15560000611003488,0.11989999620709568,True,3815.786054818438
ECC+AES-256,1000,4,17,0.031400006264448166,0.15610000991728157,0.12009999772999436,True,3815.786054818438
ECC+AES-256,1000,4,18,0.03090000245720148,0.15650001296307892,0.11989999620709568,True,3815.786054818438
ECC+AES-256,1000,4,19,0.03160000778734684,0.1554000045871362,0.12339999375399202,True,3815.786054818438
ECC+AES-256,1000,4,20,0.03139999171253294,0.15490000077988952,0.12060000153724104,True,3815.786054818438
ECC+AES-256,1000,4,21,0.0315000070258975,0.17340001068077981,0.12140000762883574,True,3815.786054818438
ECC+AES-256,1000,4,22,0.031200004741549492,0.15640001220162958,0.1196000084746629,True,3815.786054818438
ECC+AES-256,1000,4,23,0.03099998866673559,0.15619999612681568,0.11949999316129833,True,3815.786054818438
ECC+AES-256,1000,4,24,0.0315000070258975,0.15720000374130905,0.1201999984914437,True,3815.786054818438
ECC+AES-256,1000,4,25,0.031799994758330286,0.15639999764971435,0.11950000771321356,True,3815.786054818438
ECC+AES-256,1000,4,26,0.030800001695752144,0.1559000083943829,0.12070000229869038,True,3815.786054818438
ECC+AES-256,1000,4,27,0.0315000070258975,0.16029999824240804,0.12270000297576189,True,3815.786054818438
ECC+AES-256,1000,4,28,0.03369999467395246,0.1765999913914129,0.1218999968841672,True,3815.786054818438
ECC+AES-256,1000,4,29,0.03189999551977962,0.15969999367371202,0.12319999223109335,True,3815.786054818438
ECC+AES-256,1000,4,30,0.03199999628122896,0.15969999367371202,0.12029999925289303,True,3815.786054818438
ECC+AES-256,1000,4,31,0.03159999323543161,0.15559999155811965,0.12040000001434237,True,3815.786054818438
ECC+AES-256,1000,4,32,0.0312999909510836,0.15600000915583223,0.12120000610593706,True,3815.786054818438
ECC+AES-256,1000,4,33,0.03159999323543161,0.15690000145696104,0.11970000923611224,True,3815.786054818438
ECC+AES-256,1000,4,34,0.031200004741549492,0.15640001220162958,0.12060000153724104,True,3815.786054818438
ECC+AES-256,1000,4,35,0.031100003980100155,0.15530000382568687,0.11850000009872019,True,3815.786054818438
ECC+AES-256,1000,4,36,0.031000003218650818,0.15579999308101833,0.12009999772999436,True,3815.786054818438
ECC+AES-256,1000,4,37,0.03130000550299883,0.1573999907122925,0.12009999772999436,True,3815.786054818438
ECC+AES-256,1000,4,38,0.031000003218650818,0.1573999907122925,0.12009999772999436,True,3815.786054818438
ECC+AES-256,1000,4,39,0.031100003980100155,0.15890000213403255,0.12029999925289303,True,3815.786054818438
ECC+AES-256,1000,4,40,0.030700000934302807,0.1564999984111637,0.11940000695176423,True,3815.786054818438
ECC+AES-256,1000,4,41,0.03139999171253294,0.155699992319569,0.12060000153724104,True,3815.786054818438
ECC+AES-256,1000,4,42,0.0320999970426783,0.1568000006955117,0.12070000229869038,True,3815.786054818438
ECC+AES-256,1000,4,43,0.031499992473982275,0.15770000754855573,0.1201999984914437,True,3815.786054818438
ECC+AES-256,1000,4,44,0.03090000245720148,0.15669999993406236,0.12090000382158905,True,3815.786054818438
ECC+AES-256,1000,4,45,0.03160000778734684,0.16820000018924475,0.1201999984914437,True,3815.786054818438
ECC+AES-256,1000,4,46,0.0315000070258975,0.15830001211725175,0.12029999925289303,True,3815.786054818438
ECC+AES-256,1000,4,47,0.031499992473982275,0.1564999984111637,0.12040000001434237,True,3815.786054818438
ECC+AES-256,1000,4,48,0.03029999788850546,0.1545999984955415,0.11920000542886555,True,3815.786054818438
ECC+AES-256,1000,4,49,0.07999999797903001,0.17220000154338777,0.12499999138526618,True,3815.786054818438
ECC+AES-256,1000,4,50,0.03399999695830047,0.16220001270994544,0.12270000297576189,True,3815.786054818438
ECC+AES-256,1000,4,51,0.032199997804127634,0.1745000045048073,0.12060000153724104,True,3815.786054818438
ECC+AES-256,1000,4,52,0.03139999171253294,0.15609999536536634,0.11949999316129833,True,3815.786054818438
ECC+AES-256,1000,4,53,0.03130000550299883,0.15579999308101833,0.1205000007757917,True,3815.786054818438
ECC+AES-256,1000,4,54,0.0315000070258975,0.15700000221841037,0.12129999231547117,True,3815.786054818438
ECC+AES-256,1000,4,55,0.058599995099939406,0.22560000070370734,0.13449999096337706,True,3815.786054818438
ECC+AES-256,1000,4,56,0.035299992305226624,0.16880000475794077,0.12090000382158905,True,3815.786054818438
ECC+AES-256,1000,4,57,0.03159999323543161,0.15779999375808984,0.12129999231547117,True,3815.786054818438
ECC+AES-256,1000,4,58,0.0315000070258975,0.16619999951217324,0.12170000991318375,True,3815.786054818438
ECC+AES-256,1000,4,59,0.031099989428184927,0.15550000534858555,0.12070000229869038,True,3815.786054818438
ECC+AES-256,1000,4,60,0.031000003218650818,0.1554000045871362,0.12080000306013972,True,3815.786054818438
ECC+AES-256,1000,4,61,0.031199990189634264,0.15669999993406236,0.12040000001434237,True,3815.786054818438
ECC+AES-256,1000,4,62,0.03169999399688095,0.1640999980736524,0.11949999316129833,True,3815.786054818438
ECC+AES-256,1000,4,63,0.03139999171253294,0.1568000006955117,0.12030001380480826,True,3815.786054818438
ECC+AES-256,1000,4,64,0.031099989428184927,0.15669999993406236,0.11920000542886555,True,3815.786054818438
ECC+AES-256,1000,4,65,0.030700000934302807,0.1545999984955415,0.1201999984914437,True,3815.786054818438
ECC+AES-256,1000,4,66,0.030800001695752144,0.15730000450275838,0.11999999696854502,True,3815.786054818438
ECC+AES-256,1000,4,67,0.03090000245720148,0.15589999384246767,0.11999999696854502,True,3815.786054818438
ECC+AES-256,1000,4,68,0.030899987905286252,0.16670000331941992,0.12049998622387648,True,3815.786054818438
ECC+AES-256,1000,4,69,0.030399998649954796,0.15469999925699085,0.11860000086016953,True,3815.786054818438
ECC+AES-256,1000,4,70,0.03339999238960445,0.16139999206643552,0.12100000458303839,True,3815.786054818438
ECC+AES-256,1000,4,71,0.031799994758330286,0.15700000221841037,0.11979999544564635,True,3815.786054818438
ECC+AES-256,1000,4,72,0.0315000070258975,0.15470001380890608,0.1201999984914437,True,3815.786054818438
ECC+AES-256,1000,4,73,0.031799994758330286,0.1564999984111637,0.1201999984914437,True,3815.786054818438
ECC+AES-256,1000,4,74,0.0320999970426783,0.16020001203287393,0.1201999984914437,True,3815.786054818438
ECC+AES-256,1000,4,75,0.031100003980100155,0.15639999764971435,0.11980000999756157,True,3815.786054818438
ECC+AES-256,1000,4,76,0.031199990189634264,0.15550000534858555,0.11900000390596688,True,3815.786054818438
ECC+AES-256,1000,4,77,0.030799987143836915,0.15469999925699085,0.11969999468419701,True,3815.786054818438
ECC+AES-256,1000,4,78,0.03090000245720148,0.1576000067871064,0.12089998926967382,True,3815.786054818438
ECC+AES-256,1000,4,79,0.030700000934302807,0.15730000450275838,0.12179999612271786,True,3815.786054818438
ECC+AES-256,1000,4,80,0.03130000550299883,0.16450000111944973,0.12040000001434237,True,3815.786054818438
ECC+AES-256,1000,4,81,0.03090000245720148,0.15839999832678586,0.12079998850822449,True,3815.786054818438
ECC+AES-256,1000,4,82,0.0312999909510836,0.15759999223519117,0.12080000306013972,True,3815.786054818438
ECC+AES-256,1000,4,83,0.031099989428184927,0.15639999764971435,0.1201999984914437,True,3815.786054818438
ECC+AES-256,1000,4,84,0.031100003980100155,0.155999994603917,0.12009999772999436,True,3815.786054818438
ECC+AES-256,1000,4,85,0.031099989428184927,0.15500000154133886,0.11959999392274767,True,3815.786054818438
ECC+AES-256,1000,4,86,0.031100003980100155,0.16619999951217324,0.11890000314451754,True,3815.786054818438
ECC+AES-256,1000,4,87,0.03060000017285347,0.15639999764971435,0.12110000534448773,True,3815.786054818438
ECC+AES-256,1000,4,88,0.030700000934302807,0.15580000763293356,0.12110000534448773,True,3815.786054818438
ECC+AES-256,1000,4,89,0.031000003218650818,0.15530000382568687,0.1201999984914437,True,3815.786054818438
ECC+AES-256,1000,4,90,0.031400006264448166,0.1545999984955415,0.11910000466741621,True,3815.786054818438
ECC+AES-256,1000,4,91,0.03540000761859119,0.16070000128820539,0.12209999840706587,True,3815.786054818438
ECC+AES-256,1000,4,92,0.03310000465717167,0.17540001135785133,0.12290000449866056,True,3815.786054818438
ECC+AES-256,1000,4,93,0.03399999695830047,0.15180000627879053,0.11740000627469271,True,3815.786054818438
ECC+AES-256,1000,4,94,0.030099996365606785,0.15069999790284783,0.11690000246744603,True,3815.786054818438
ECC+AES-256,1000,4,95,0.03029999788850546,0.15189999248832464,0.11639999866019934,True,3815.786054818438
ECC+AES-256,1000,4,96,0.029800008633174002,0.1503000094089657,0.11610001092776656,True,3815.786054818438
ECC+AES-256,1000,4,97,0.029999995604157448,0.15249999705702066,0.11739999172277749,True,3815.786054818438
ECC+AES-256,1000,4,98,0.030499999411404133,0.1660000125411898,0.11949999316129833,True,3815.786054818438
ECC+AES-256,1000,4,99,0.030199997127056122,0.1514999894425273,0.12070000229869038,True,3815.786054818438
ECC+AES-256,1000,4,100,0.029499991796910763,0.15740000526420772,0.11680000170599669,True,3815.786054818438
ECC+AES-256,1000,4,101,0.02989999484270811,0.15079999866429716,0.12070000229869038,True,3815.786054818438
ECC+AES-256,1000,4,102,0.030800001695752144,0.15069999790284783,0.11629999789875001,True,3815.786054818438
ECC+AES-256,1000,4,103,0.029999995604157448,0.15239999629557133,0.1168999879155308,True,3815.786054818438
ECC+AES-256,1000,4,104,0.03060000017285347,0.1613000058569014,0.11680000170599669,True,3815.786054818438
ECC+AES-256,1000,4,105,0.030099996365606785,0.15189999248832464,0.11670000094454736,True,3815.786054818438
ECC+AES-256,1000,4,106,0.030800001695752144,0.15270001313183457,0.11670000094454736,True,3815.786054818438
ECC+AES-256,1000,4,107,0.029999995604157448,0.15069999790284783,0.11569999333005399,True,3815.786054818438
ECC+AES-256,1000,4,108,0.029799994081258774,0.15029999485705048,0.11619999713730067,True,3815.786054818438
ECC+AES-256,1000,4,109,0.030399998649954796,0.15140000323299319,0.11590000940486789,True,3815.786054818438
ECC+AES-256,1000,4,110,0.031099989428184927,0.1559000083943829,0.11690000246744603,True,3815.786054818438
ECC+AES-256,1000,4,111,0.029999995604157448,0.15100000018719584,0.11589999485295266,True,3815.786054818438
ECC+AES-256,1000,4,112,0.029699993319809437,0.14990000636316836,0.16799999866634607,True,3815.786054818438
ECC+AES-256,1000,4,113,0.04100000660400838,0.17250000382773578,0.12350000906735659,True,3815.786054818438
ECC+AES-256,1000,4,114,0.031100003980100155,0.15330000314861536,0.11779999476857483,True,3815.786054818438
ECC+AES-256,1000,4,115,0.03090000245720148,0.15700000221841037,0.1168999879155308,True,3815.786054818438
ECC+AES-256,1000,4,116,0.030399998649954796,0.15230001008603722,0.11660000018309802,True,3815.786054818438
ECC+AES-256,1000,4,117,0.03029999788850546,0.1503000094089657,0.11630001245066524,True,3815.786054818438
ECC+AES-256,1000,4,118,0.030000010156072676,0.14960000407882035,0.11579999409150332,True,3815.786054818438
ECC+AES-256,1000,4,119,0.030199997127056122,0.15210000856313854,0.11649999942164868,True,3815.786054818438
ECC+AES-256,1000,4,120,0.030199997127056122,0.17529999604448676,0.11890000314451754,True,3815.786054818438
ECC+AES-256,1000,4,121,0.030800001695752144,0.1638999965507537,0.11660000018309802,True,3815.786054818438
ECC+AES-256,1000,4,122,0.029800008633174002,0.15049999637994915,0.11709998943842947,True,3815.786054818438
ECC+AES-256,1000,4,123,0.03650000144261867,0.16769999638199806,0.12160000915173441,True,3815.786054818438
ECC+AES-256,1000,4,124,0.03199999628122896,0.1548000000184402,0.11860000086016953,True,3815.786054818438
ECC+AES-256,1000,4,125,0.03060000017285347,0.1520000078016892,0.11560000712051988,True,3815.786054818438
ECC+AES-256,1000,4,126,0.030300012440420687,0.15210000856313854,0.11700000322889537,True,3815.786054818438
ECC+AES-256,1000,4,127,0.03090000245720148,0.16780001169536263,0.11670000094454736,True,3815.786054818438
ECC+AES-256,1000,4,128,0.030000010156072676,0.15210000856313854,0.11590000940486789,True,3815.786054818438
ECC+AES-256,1000,4,129,0.030199997127056122,0.15079999866429716,0.11510000331327319,True,3815.786054818438
ECC+AES-256,1000,4,130,0.03060000017285347,0.1503000094089657,0.1162000116892159,True,3815.786054818438
ECC+AES-256,1000,4,131,0.030700000934302807,0.1531999878352508,0.1171000039903447,True,3815.786054818438
ECC+AES-256,1000,4,132,0.030399998649954796,0.15050001093186438,0.11630001245066524,True,3815.786054818438
ECC+AES-256,1000,4,133,0.030499999411404133,0.16340000729542226,0.17270000535063446,True,3815.786054818438
ECC+AES-256,1000,4,134,0.05119999696034938,0.1984999980777502,0.12670000432990491,True,3815.786054818438
ECC+AES-256,1000,4,135,0.03270000161137432,0.1576999929966405,0.11949999316129833,True,3815.786054818438
ECC+AES-256,1000,4,136,0.031499992473982275,0.15259999781847,0.11699998867698014,True,3815.786054818438
ECC+AES-256,1000,4,137,0.031200004741549492,0.15230001008603722,0.1171000039903447,True,3815.786054818438
ECC+AES-256,1000,4,138,0.03060000017285347,0.1604999997653067,0.11639999866019934,True,3815.786054818438
ECC+AES-256,1000,4,139,0.03029999788850546,0.15119998715817928,0.11690000246744603,True,3815.786054818438
ECC+AES-256,1000,4,140,0.030099996365606785,0.15049999637994915,0.11579999409150332,True,3815.786054818438
ECC+AES-256,1000,4,141,0.02990000939462334,0.15199999324977398,0.11619999713730067,True,3815.786054818438
ECC+AES-256,1000,4,142,0.030800001695752144,0.1512000017100945,0.11609999637585133,True,3815.786054818438
ECC+AES-256,1000,4,143,0.030700000934302807,0.15320000238716602,0.11699998867698014,True,3815.786054818438
ECC+AES-256,1000,4,144,0.03050001396331936,0.15130000247154385,0.11699998867698014,True,3815.786054818438
ECC+AES-256,1000,4,145,0.030000010156072676,0.15180000627879053,0.11759999324567616,True,3815.786054818438
ECC+AES-256,1000,4,146,0.030099996365606785,0.1666999887675047,0.12100000458303839,True,3815.786054818438
ECC+AES-256,1000,4,147,0.03029999788850546,0.15209999401122332,0.11720000475179404,True,3815.786054818438
ECC+AES-256,1000,4,148,0.030499999411404133,0.15220000932458788,0.11700000322889537,True,3815.786054818438
ECC+AES-256,1000,4,149,0.02989999484270811,0.15029999485705048,0.11569999333005399,True,3815.786054818438
ECC+AES-256,1000,4,150,0.02989999484270811,0.1517999917268753,0.11619999713730067,True,3815.786054818438
ECC+AES-256,1000,4,151,0.030099996365606785,0.15249999705702066,0.11700000322889537,True,3815.786054818438
ECC+AES-256,1000,4,152,0.029699993319809437,0.15189999248832464,0.11720000475179404,True,3815.786054818438
ECC+AES-256,1000,4,153,0.02989999484270811,0.1655999949434772,0.11879998783115298,True,3815.786054818438
ECC+AES-256,1000,4,154,0.029999995604157448,0.15130000247154385,0.11649999942164868,True,3815.786054818438
ECC+AES-256,1000,4,155,0.030199997127056122,0.15160000475589186,0.11690000246744603,True,3815.786054818438
ECC+AES-256,1000,4,156,0.030099996365606785,0.15239999629557133,0.11649999942164868,True,3815.786054818438
ECC+AES-256,1000,4,157,0.030100010917522013,0.15100000018719584,0.11660000018309802,True,3815.786054818438
ECC+AES-256,1000,4,158,0.030399998649954796,0.1508999994257465,0.115999995614402,True,3815.786054818438
ECC+AES-256,1000,4,159,0.029799994081258774,0.15029999485705048,0.11559999256860465,True,3815.786054818438
ECC+AES-256,1000,4,160,0.044200001866556704,0.19780000729952008,0.12680000509135425,True,3815.786054818438
ECC+AES-256,1000,4,161,0.047900000936351717,0.1812999980757013,0.12339999375399202,True,3815.786054818438
ECC+AES-256,1000,4,162,0.03270000161137432,0.1564999984111637,0.11830001312773675,True,3815.786054818438
ECC+AES-256,1000,4,163,0.030700000934302807,0.15210000856313854,0.11700000322889537,True,3815.786054818438
ECC+AES-256,1000,4,164,0.03029999788850546,0.15199999324977398,0.11639999866019934,True,3815.786054818438
ECC+AES-256,1000,4,165,0.03029999788850546,0.15209999401122332,0.1171000039903447,True,3815.786054818438
ECC+AES-256,1000,4,166,0.030499999411404133,0.15249999705702066,0.12250000145286322,True,3815.786054818438
ECC+AES-256,1000,4,167,0.030399998649954796,0.15190000704023987,0.11600001016631722,True,3815.786054818438
ECC+AES-256,1000,4,168,0.030000010156072676,0.15060001169331372,0.11609999637585133,True,3815.786054818438
ECC+AES-256,1000,4,169,0.030700000934302807,0.15210000856313854,0.11680000170599669,True,3815.786054818438
ECC+AES-256,1000,4,170,0.030499999411404133,0.15190000704023987,0.11750000703614205,True,3815.786054818438
ECC+AES-256,1000,4,171,0.030100010917522013,0.15100000018719584,0.11619999713730067,True,3815.786054818438
ECC+AES-256,1000,4,172,0.030000010156072676,0.15079999866429716,0.11639999866019934,True,3815.786054818438
ECC+AES-256,1000,4,173,0.03020001167897135,0.1503000094089657,0.11590000940486789,True,3815.786054818438
ECC+AES-256,1000,4,174,0.03020001167897135,0.14970000484026968,0.11579999409150332,True,3815.786054818438
ECC+AES-256,1000,4,175,0.030099996365606785,0.15180000627879053,0.1162000116892159,True,3815.786054818438
ECC+AES-256,1000,4,176,0.030700000934302807,0.15579999308101833,0.11670000094454736,True,3815.786054818438
ECC+AES-256,1000,4,177,0.0295999925583601,0.15049999637994915,0.11639999866019934,True,3815.786054818438
ECC+AES-256,1000,4,178,0.029799994081258774,0.15140000323299319,0.11660000018309802,True,3815.786054818438
ECC+AES-256,1000,4,179,0.029799994081258774,0.14970000484026968,0.11619999713730067,True,3815.786054818438
ECC+AES-256,1000,4,180,0.029700007871724665,0.14980000560171902,0.1154000055976212,True,3815.786054818438
ECC+AES-256,1000,4,181,0.029799994081258774,0.15039999561849982,0.11549999180715531,True,3815.786054818438
ECC+AES-256,1000,4,182,0.030100010917522013,0.1537000061944127,0.11549999180715531,True,3815.786054818438
ECC+AES-256,1000,4,183,0.029799994081258774,0.15190000704023987,0.11580000864341855,True,3815.786054818438
ECC+AES-256,1000,4,184,0.02989999484270811,0.1508999994257465,0.11629999789875001,True,3815.786054818438
ECC+AES-256,1000,4,185,0.030099996365606785,0.16009999671950936,0.11609999637585133,True,3815.786054818438
ECC+AES-256,1000,4,186,0.030399998649954796,0.15160000475589186,0.11610001092776656,True,3815.786054818438
ECC+AES-256,1000,4,187,0.030100010917522013,0.15180000627879053,0.11660000018309802,True,3815.786054818438
ECC+AES-256,1000,4,188,0.030199997127056122,0.15010000788606703,0.11649999942164868,True,3815.786054818438
ECC+AES-256,1000,4,189,0.02950000634882599,0.15039999561849982,0.11589999485295266,True,3815.786054818438
ECC+AES-256,1000,4,190,0.029600007110275328,0.1500999933341518,0.11679998715408146,True,3815.786054818438
ECC+AES-256,1000,4,191,0.0295999925583601,0.1500000071246177,0.1154000055976212,True,3815.786054818438
ECC+AES-256,1000,4,192,0.029999995604157448,0.2308999974047765,0.1286999904550612,True,3815.786054818438
ECC+AES-256,1000,4,193,0.09309999586548656,0.2877999941119924,0.1441000058548525,True,3815.786054818438
ECC+AES-256,1000,4,194,0.04499999340623617,0.18220000492874533,0.13830000534653664,True,3815.786054818438
ECC+AES-256,1000,4,195,0.037699996028095484,0.1613000058569014,0.12399999832268804,True,3815.786054818438
ECC+AES-256,1000,4,196,0.035500008380040526,0.1601999974809587,0.11999999696854502,True,3815.786054818438
ECC+AES-256,1000,4,197,0.03499999002087861,0.1576000067871064,0.11949999316129833,True,3815.786054818438
ECC+AES-256,1000,4,198,0.03460000152699649,0.15600000915583223,0.1196000084746629,True,3815.786054818438
ECC+AES-256,1000,4,199,0.03309999010525644,0.1548000000184402,0.1179000100819394,True,3815.786054818438
ECC+AES-256,1000,4,200,0.033199990866705775,0.15609999536536634,0.119399992399849,True,3815.786054818438
ECC+AES-256,1000,4,201,0.031800009310245514,0.1672000071266666,0.12070000229869038,True,3815.786054818438
ECC+AES-256,1000,4,202,0.03139999171253294,0.15180000627879053,0.11680000170599669,True,3815.786054818438
ECC+AES-256,1000,4,203,0.030700000934302807,0.15130000247154385,0.1168999879155308,True,3815.786054818438
ECC+AES-256,1000,4,204,0.031199990189634264,0.15130000247154385,0.11649999942164868,True,3815.786054818438
ECC+AES-256,1000,4,205,0.031000003218650818,0.1531000016257167,0.11810001160483807,True,3815.786054818438
ECC+AES-256,1000,4,206,0.03090000245720148,0.152299995534122,0.11829999857582152,True,3815.786054818438
ECC+AES-256,1000,4,207,0.0315000070258975,0.15410000924021006,0.11730000551324338,True,3815.786054818438
ECC+AES-256,1000,4,208,0.03239999932702631,0.16840000171214342,0.12180001067463309,True,3815.786054818438
ECC+AES-256,1000,4,209,0.030800001695752144,0.15269999857991934,0.15219999477267265,True,3815.786054818438
ECC+AES-256,1000,4,210,0.03470000228844583,0.15320000238716602,0.11639999866019934,True,3815.786054818438
ECC+AES-256,1000,4,211,0.030199997127056122,0.15160000475589186,0.11729999096132815,True,3815.786054818438
ECC+AES-256,1000,4,212,0.030099996365606785,0.15100000018719584,0.11580000864341855,True,3815.786054818438
ECC+AES-256,1000,4,213,0.030099996365606785,0.1508999994257465,0.11720000475179404,True,3815.786054818438
ECC+AES-256,1000,4,214,0.030099996365606785,0.14999999257270247,0.11700000322889537,True,3815.786054818438
ECC+AES-256,1000,4,215,0.03399999695830047,0.15809999604243785,0.11779999476857483,True,3815.786054818438
ECC+AES-256,1000,4,216,0.03099998866673559,0.1588000013725832,0.12909999350085855,True,3815.786054818438
ECC+AES-256,1000,4,217,0.03060000017285347,0.15159999020397663,0.11649999942164868,True,3815.786054818438
ECC+AES-256,1000,4,218,0.02989999484270811,0.15799999528098851,0.11819999781437218,True,3815.786054818438
ECC+AES-256,1000,4,219,0.03060000017285347,0.15100000018719584,0.11609999637585133,True,3815.786054818438
ECC+AES-256,1000,4,220,0.03609999839682132,0.15350000467151403,0.11649999942164868,True,3815.786054818438
ECC+AES-256,1000,4,221,0.030199997127056122,0.15130000247154385,0.11700000322889537,True,3815.786054818438
ECC+AES-256,1000,4,222,0.030499999411404133,0.15249999705702066,0.11730000551324338,True,3815.786054818438
ECC+AES-256,1000,4,223,0.029699993319809437,0.15019999409560114,0.11629999789875001,True,3815.786054818438
ECC+AES-256,1000,4,224,0.029699993319809437,0.15160000475589186,0.11610001092776656,True,3815.786054818438
ECC+AES-256,1000,4,225,0.029999995604157448,0.15039999561849982,0.11660000018309802,True,3815.786054818438
ECC+AES-256,1000,4,226,0.030099996365606785,0.15150000399444252,0.11730000551324338,True,3815.786054818438
ECC+AES-256,1000,4,227,0.02989999484270811,0.15049999637994915,0.12850000348407775,True,3815.786054818438
ECC+AES-256,1000,4,228,0.029999995604157448,0.15749999147374183,0.3369000041857362,True,3815.786054818438
ECC+AES-256,1000,4,229,0.04199999966658652,0.1770000089891255,0.12589999823831022,True,3815.786054818438
ECC+AES-256,1000,4,230,0.03260000084992498,0.1604999997653067,0.13269999180920422,True,3815.786054818438
ECC+AES-256,1000,4,231,0.031199990189634264,0.15300000086426735,0.11819999781437218,True,3815.786054818438
ECC+AES-256,1000,4,232,0.031799994758330286,0.19029999384656549,0.11969999468419701,True,3815.786054818438
ECC+AES-256,1000,4,233,0.03090000245720148,0.15360000543296337,0.11770000855904073,True,3815.786054818438
ECC+AES-256,1000,4,234,0.030700000934302807,0.15300000086426735,0.11739999172277749,True,3815.786054818438
ECC+AES-256,1000,4,235,0.030199997127056122,0.15159999020397663,0.11740000627469271,True,3815.786054818438
ECC+AES-256,1000,4,236,0.030199997127056122,0.1500999933341518,0.11619999713730067,True,3815.786054818438
ECC+AES-256,1000,4,237,0.030100010917522013,0.1644000003580004,0.11749999248422682,True,3815.786054818438
ECC+AES-256,1000,4,238,0.032199997804127634,0.15419999544974416,0.11770000855904073,True,3815.786054818438
ECC+AES-256,1000,4,239,0.030399998649954796,0.15890000213403255,0.11720000475179404,True,3815.786054818438
ECC+AES-256,1000,4,240,0.030199997127056122,0.15130000247154385,0.11700000322889537,True,3815.786054818438
ECC+AES-256,1000,4,241,0.030199997127056122,0.15130000247154385,0.11649999942164868,True,3815.786054818438
ECC+AES-256,1000,4,242,0.029799994081258774,0.15010000788606703,0.11629999789875001,True,3815.786054818438
ECC+AES-256,1000,4,243,0.030199997127056122,0.15140000323299319,0.11629999789875001,True,3815.786054818438
ECC+AES-256,1000,4,244,0.04230000195093453,0.18930000078398734,0.12669998977798969,True,3815.786054818438
ECC+AES-256,1000,4,245,0.032199997804127634,0.15750000602565706,0.11920000542886555,True,3815.786054818438
ECC+AES-256,1000,4,246,0.031199990189634264,0.1537000061944127,0.11780000932049006,True,3815.786054818438
ECC+AES-256,1000,4,247,0.030499999411404133,0.15190000704023987,0.11720000475179404,True,3815.786054818438
ECC+AES-256,1000,4,248,0.03090000245720148,0.15430001076310873,0.11750000703614205,True,3815.786054818438
ECC+AES-256,1000,4,249,0.030700000934302807,0.15320000238716602,0.11779999476857483,True,3815.786054818438
ECC+AES-256,1000,4,250,0.030700000934302807,0.15330000314861536,0.11740000627469271,True,3815.786054818438
ECC+AES-256,1000,4,251,0.03099998866673559,0.16710000636521727,0.11670000094454736,True,3815.786054818438
ECC+AES-256,1000,4,252,0.03069998638238758,0.15490000077988952,0.11759999324567616,True,3815.786054818438
ECC+AES-256,1000,4,253,0.031000003218650818,0.15259999781847,0.11700000322889537,True,3815.786054818438
ECC+AES-256,1000,4,254,0.03060000017285347,0.15119998715817928,0.11619999713730067,True,3815.786054818438
ECC+AES-256,1000,4,255,0.030399998649954796,0.1512000017100945,0.11649999942164868,True,3815.786054818438
ECC+AES-256,1000,4,256,0.030399998649954796,0.15249999705702066,0.11649999942164868,True,3815.786054818438
ECC+AES-256,1000,4,257,0.030700000934302807,0.14939998800400645,0.11580000864341855,True,3815.786054818438
ECC+AES-256,1000,4,258,0.030399998649954796,0.1644000003580004,0.11660000018309802,True,3815.786054818438
ECC+AES-256,1000,4,259,0.030499999411404133,0.152299995534122,0.11670000094454736,True,3815.786054818438
ECC+AES-256,1000,4,260,0.030399998649954796,0.15130000247154385,0.11649999942164868,True,3815.786054818438
ECC+AES-256,1000,4,261,0.02989999484270811,0.15039999561849982,0.115999995614402,True,3815.786054818438
ECC+AES-256,1000,4,262,0.03060000017285347,0.15130000247154385,0.11649999942164868,True,3815.786054818438
ECC+AES-256,1000,4,263,0.03029999788850546,0.15139998868107796,0.11609999637585133,True,3815.786054818438
ECC+AES-256,1000,4,264,0.031000003218650818,0.15190000704023987,0.11700000322889537,True,3815.786054818438
ECC+AES-256,1000,4,265,0.030199997127056122,0.15150000399444252,0.11670000094454736,True,3815.786054818438
ECC+AES-256,1000,4,266,0.03029999788850546,0.15259999781847,0.11670000094454736,True,3815.786054818438
ECC+AES-256,1000,4,267,0.030099996365606785,0.156299996888265,0.1171000039903447,True,3815.786054818438
ECC+AES-256,1000,4,268,0.03029999788850546,0.1517000055173412,0.11589999485295266,True,3815.786054818438
ECC+AES-256,1000,4,269,0.03099998866673559,0.15490000077988952,0.11719999019987881,True,3815.786054818438
ECC+AES-256,1000,4,270,0.03090000245720148,0.15269999857991934,0.11720000475179404,True,3815.786054818438
ECC+AES-256,1000,4,271,0.03300000389572233,0.15750000602565706,0.11719999019987881,True,3815.786054818438
ECC+AES-256,1000,4,272,0.03159999323543161,0.15439999697264284,0.11699998867698014,True,3815.786054818438
ECC+AES-256,1000,4,273,0.0320999970426783,0.15559999155811965,0.11719999019987881,True,3815.786054818438
ECC+AES-256,1000,4,274,0.030099996365606785,0.15189999248832464,0.11749999248422682,True,3815.786054818438
ECC+AES-256,1000,4,275,0.030000010156072676,0.15190000704023987,0.11679998715408146,True,3815.786054818438
ECC+AES-256,1000,4,276,0.029700007871724665,0.1517000055173412,0.11639999866019934,True,3815.786054818438
ECC+AES-256,1000,4,277,0.029700007871724665,0.15020000864751637,0.11630001245066524,True,3815.786054818438
ECC+AES-256,1000,4,278,0.030399998649954796,0.15239999629557133,0.11609999637585133,True,3815.786054818438
ECC+AES-256,1000,4,279,0.030199997127056122,0.15019999409560114,0.11569999333005399,True,3815.786054818438
ECC+AES-256,1000,4,280,0.029600007110275328,0.15060001169331372,0.1162000116892159,True,3815.786054818438
ECC+AES-256,1000,4,281,0.029800008633174002,0.14980000560171902,0.11569999333005399,True,3815.786054818438
ECC+AES-256,1000,4,282,0.029799994081258774,0.15029999485705048,0.115999995614402,True,3815.786054818438
ECC+AES-256,1000,4,283,0.029600007110275328,0.15079999866429716,0.11570000788196921,True,3815.786054818438
ECC+AES-256,1000,4,284,0.029999995604157448,0.1497999910498038,0.11510000331327319,True,3815.786054818438
ECC+AES-256,1000,4,285,0.029499991796910763,0.15049999637994915,0.11579999409150332,True,3815.786054818438
ECC+AES-256,1000,4,286,0.029699993319809437,0.15110000094864517,0.11730000551324338,True,3815.786054818438
ECC+AES-256,1000,4,287,0.029999995604157448,0.15100000018719584,0.11649999942164868,True,3815.786054818438
ECC+AES-256,1000,4,288,0.02990000939462334,0.1520000078016892,0.1162000116892159,True,3815.786054818438
ECC+AES-256,1000,4,289,0.029799994081258774,0.15019999409560114,0.11660000018309802,True,3815.786054818438
ECC+AES-256,1000,4,290,0.0295999925583601,0.15209999401122332,0.11649999942164868,True,3815.786054818438
ECC+AES-256,1000,4,291,0.030199997127056122,0.15079999866429716,0.11749999248422682,True,3815.786054818438
ECC+AES-256,1000,4,292,0.029799994081258774,0.14960000407882035,0.11549999180715531,True,3815.786054818438
ECC+AES-256,1000,4,293,0.029699993319809437,0.14930000179447234,0.11569999333005399,True,3815.786054818438
ECC+AES-256,1000,4,294,0.029600007110275328,0.15139998868107796,0.11619999713730067,True,3815.786054818438
ECC+AES-256,1000,4,295,0.029999995604157448,0.1984999980777502,0.11900000390596688,True,3815.786054818438
ECC+AES-256,1000,4,296,0.032199997804127634,0.15560000611003488,0.11709998943842947,True,3815.786054818438
ECC+AES-256,1000,4,297,0.03029999788850546,0.15189999248832464,0.11589999485295266,True,3815.786054818438
ECC+AES-256,1000,4,298,0.030099996365606785,0.15469999925699085,0.11610001092776656,True,3815.786054818438
ECC+AES-256,1000,4,299,0.030099996365606785,0.15079999866429716,0.11670000094454736,True,3815.786054818438
ECC+AES-256,1000,4,300,0.03229999856557697,0.1917000045068562,0.1900000061141327,True,3815.786054818438
ECC+AES-256,1000,4,301,0.03619999915827066,0.15799999528098851,0.11779999476857483,True,3815.786054818438
ECC+AES-256,1000,4,302,0.03519999154377729,0.16369999502785504,0.1210999907925725,True,3815.786054818438
ECC+AES-256,1000,4,303,0.031100003980100155,0.1545999984955415,0.11780000932049006,True,3815.786054818438
ECC+AES-256,1000,4,304,0.03020001167897135,0.1512000017100945,0.11619999713730067,True,3815.786054818438
ECC+AES-256,1000,4,305,0.030499999411404133,0.1517000055173412,0.115999995614402,True,3815.786054818438
ECC+AES-256,1000,4,306,0.030099996365606785,0.15379999240394682,0.11589999485295266,True,3815.786054818438
ECC+AES-256,1000,4,307,0.029800008633174002,0.1508999994257465,0.11649999942164868,True,3815.786054818438
ECC+AES-256,1000,4,308,0.030099996365606785,0.1512000017100945,0.115999995614402,True,3815.786054818438
ECC+AES-256,1000,4,309,0.02990000939462334,0.149500003317371,0.11539999104570597,True,3815.786054818438
ECC+AES-256,1000,4,310,0.02989999484270811,0.1505999971413985,0.11639999866019934,True,3815.786054818438
ECC+AES-256,1000,4,311,0.029700007871724665,0.15189999248832464,0.11639999866019934,True,3815.786054818438
ECC+AES-256,1000,4,312,0.029499991796910763,0.15039999561849982,0.11500000255182385,True,3815.786054818438
ECC+AES-256,1000,4,313,0.029699993319809437,0.14999999257270247,0.11589999485295266,True,3815.786054818438
ECC+AES-256,1000,4,314,0.030199997127056122,0.1652999926591292,0.12040000001434237,True,3815.786054818438
ECC+AES-256,1000,4,315,0.029600007110275328,0.15150000399444252,0.11670000094454736,True,3815.786054818438
ECC+AES-256,1000,4,316,0.029700007871724665,0.1508999994257465,0.115999995614402,True,3815.786054818438
ECC+AES-256,1000,4,317,0.030199997127056122,0.15069999790284783,0.1162000116892159,True,3815.786054818438
ECC+AES-256,1000,4,318,0.029800008633174002,0.15050001093186438,0.11580000864341855,True,3815.786054818438
ECC+AES-256,1000,4,319,0.030100010917522013,0.1500000071246177,0.11570000788196921,True,3815.786054818438
ECC+AES-256,1000,4,320,0.029800008633174002,0.15160000475589186,0.1168999879155308,True,3815.786054818438
ECC+AES-256,1000,4,321,0.032500000088475645,0.15859999984968454,0.1176999940071255,True,3815.786054818438
ECC+AES-256,1000,4,322,0.02890000178012997,0.145800004247576,0.11369999265298247,True,3815.786054818438
ECC+AES-256,1000,4,323,0.029000002541579306,0.1466000103391707,0.112599998828955,True,3815.786054818438
ECC+AES-256,1000,4,324,0.029000002541579306,0.14650000957772136,0.11210000957362354,True,3815.786054818438
ECC+AES-256,1000,4,325,0.02890000178012997,0.14449999434873462,0.11219999578315765,True,3815.786054818438
ECC+AES-256,1000,4,326,0.028599999495781958,0.14560000272467732,0.11229999654460698,True,3815.786054818438
ECC+AES-256,1000,4,327,0.029399991035461426,0.145800004247576,0.11210000957362354,True,3815.786054818438
ECC+AES-256,1000,4,328,0.032199997804127634,0.15410000924021006,0.1137000072048977,True,3815.786054818438
ECC+AES-256,1000,4,329,0.030199997127056122,0.15920000441838056,0.11249999806750566,True,3815.786054818438
ECC+AES-256,1000,4,330,0.029300004825927317,0.1455999881727621,0.11300000187475234,True,3815.786054818438
ECC+AES-256,1000,4,331,0.0295999925583601,0.14659999578725547,0.112599998828955,True,3815.786054818438
ECC+AES-256,1000,4,332,0.02890000178012997,0.145500001963228,0.11219999578315765,True,3815.786054818438
ECC+AES-256,1000,4,333,0.028799986466765404,0.145500001963228,0.11300000187475234,True,3815.786054818438
ECC+AES-256,1000,4,334,0.029100003303028643,0.14819999341852963,0.11359999189153314,True,3815.786054818438
ECC+AES-256,1000,4,335,0.029000002541579306,0.14659999578725547,0.112900001113303,True,3815.786054818438
ECC+AES-256,1000,4,336,0.02890000178012997,0.145500001963228,0.11280000035185367,True,3815.786054818438
ECC+AES-256,1000,4,337,0.029099988751113415,0.1517000055173412,0.11249999806750566,True,3815.786054818438
ECC+AES-256,1000,4,338,0.028700000257231295,0.14429999282583594,0.11219999578315765,True,3815.786054818438
ECC+AES-256,1000,4,339,0.029300004825927317,0.1463999942643568,0.11249999806750566,True,3815.786054818438
ECC+AES-256,1000,4,340,0.02890000178012997,0.14629999350290745,0.11280000035185367,True,3815.786054818438
ECC+AES-256,1000,4,341,0.028700000257231295,0.14390000433195382,0.11249999806750566,True,3815.786054818438
ECC+AES-256,1000,4,342,0.028800001018680632,0.14560000272467732,0.11249999806750566,True,3815.786054818438
ECC+AES-256,1000,4,343,0.028800001018680632,0.14489999739453197,0.11239999730605632,True,3815.786054818438
ECC+AES-256,1000,4,344,0.028599999495781958,0.14630000805482268,0.11310000263620168,True,3815.786054818438
ECC+AES-256,1000,4,345,0.029100003303028643,0.15820001135580242,0.11220001033507288,True,3815.786054818438
ECC+AES-256,1000,4,346,0.029000002541579306,0.145800004247576,0.11230001109652221,True,3815.786054818438
ECC+AES-256,1000,4,347,0.028800001018680632,0.1453000004403293,0.1117999927373603,True,3815.786054818438
ECC+AES-256,1000,4,348,0.028800001018680632,0.14489999739453197,0.11129998893011361,True,3815.786054818438
ECC+AES-256,1000,4,349,0.029100003303028643,0.14560000272467732,0.11310000263620168,True,3815.786054818438
ECC+AES-256,1000,4,350,0.028799986466765404,0.14630000805482268,0.11330000415910035,True,3815.786054818438
ECC+AES-256,1000,4,351,0.02890000178012997,0.145500001963228,0.11240001185797155,True,3815.786054818438
ECC+AES-256,1000,4,352,0.028800001018680632,0.14570000348612666,0.11269999959040433,True,3815.786054818438
ECC+AES-256,1000,4,353,0.02889998722821474,0.15750000602565706,0.11210000957362354,True,3815.786054818438
ECC+AES-256,1000,4,354,0.029099988751113415,0.1472000003559515,0.112599998828955,True,3815.786054818438
ECC+AES-256,1000,4,355,0.029100003303028643,0.14709999959450215,0.11310000263620168,True,3815.786054818438
ECC+AES-256,1000,4,356,0.028800001018680632,0.14509999891743064,0.11229999654460698,True,3815.786054818438
ECC+AES-256,1000,4,357,0.029000002541579306,0.14450000890064985,0.11220001033507288,True,3815.786054818438
ECC+AES-256,1000,4,358,0.028599999495781958,0.18990000535268337,0.1168999879155308,True,3815.786054818438
ECC+AES-256,1000,4,359,0.032800002372823656,0.1500000071246177,0.11409999569877982,True,3815.786054818438
ECC+AES-256,1000,4,360,0.02920000406447798,0.14859999646432698,0.11359999189153314,True,3815.786054818438
ECC+AES-256,1000,4,361,0.029499991796910763,0.16029999824240804,0.11300000187475234,True,3815.786054818438
ECC+AES-256,1000,4,362,0.028800001018680632,0.14659999578725547,0.1134999911300838,True,3815.786054818438
ECC+AES-256,1000,4,363,0.029300004825927317,0.14579998969566077,0.11360000644344836,True,3815.786054818438
ECC+AES-256,1000,4,364,0.029399991035461426,0.14699999883305281,0.11320000339765102,True,3815.786054818438
ECC+AES-256,1000,4,365,0.029199989512562752,0.14649999502580613,0.11269999959040433,True,3815.786054818438
ECC+AES-256,1000,4,366,0.029100003303028643,0.14659999578725547,0.11409999569877982,True,3815.786054818438
ECC+AES-256,1000,4,367,0.02920000406447798,0.145500001963228,0.11340000492054969,True,3815.786054818438
ECC+AES-256,1000,4,368,0.028999987989664078,0.14689999807160348,0.11280000035185367,True,3815.786054818438
ECC+AES-256,1000,4,369,0.029000002541579306,0.15339998935814947,0.11310000263620168,True,3815.786054818438
ECC+AES-256,1000,4,370,0.02849999873433262,0.14540000120177865,0.11219999578315765,True,3815.786054818438
ECC+AES-256,1000,4,371,0.028700000257231295,0.14579998969566077,0.1120000088121742,True,3815.786054818438
ECC+AES-256,1000,4,372,0.02890000178012997,0.14409999130293727,0.11100000119768083,True,3815.786054818438
ECC+AES-256,1000,4,373,0.02849999873433262,0.14479999663308263,0.11269999959040433,True,3815.786054818438
ECC+AES-256,1000,4,374,0.02920000406447798,0.14519999967887998,0.11220001033507288,True,3815.786054818438
ECC+AES-256,1000,4,375,0.028599999495781958,0.1455999881727621,0.112900001113303,True,3815.786054818438
ECC+AES-256,1000,4,376,0.028800001018680632,0.14650000957772136,0.11269999959040433,True,3815.786054818438
ECC+AES-256,1000,4,377,0.029400005587376654,0.1514999894425273,0.11269999959040433,True,3815.786054818438
ECC+AES-256,1000,4,378,0.02890000178012997,0.14709999959450215,0.11320000339765102,True,3815.786054818438
ECC+AES-256,1000,4,379,0.02890000178012997,0.14540000120177865,0.11230001109652221,True,3815.786054818438
ECC+AES-256,1000,4,380,0.02890000178012997,0.145800004247576,0.11239999730605632,True,3815.786054818438
ECC+AES-256,1000,4,381,0.028700000257231295,0.14629999350290745,0.112599998828955,True,3815.786054818438
ECC+AES-256,1000,4,382,0.028599999495781958,0.14600000577047467,0.112599998828955,True,3815.786054818438
ECC+AES-256,1000,4,383,0.02890000178012997,0.14549998741131276,0.11340000492054969,True,3815.786054818438
ECC+AES-256,1000,4,384,0.029000002541579306,0.145800004247576,0.11300000187475234,True,3815.786054818438
ECC+AES-256,1000,4,385,0.029199989512562752,0.15219999477267265,0.112900001113303,True,3815.786054818438
ECC+AES-256,1000,4,386,0.028999987989664078,0.146100006531924,0.112599998828955,True,3815.786054818438
ECC+AES-256,1000,4,387,0.02920000406447798,0.14509999891743064,0.112900001113303,True,3815.786054818438
ECC+AES-256,1000,4,388,0.02890000178012997,0.1441999920643866,0.14350000128615648,True,3815.786054818438
ECC+AES-256,1000,4,389,0.03430001379456371,0.1545999984955415,0.11470000026747584,True,3815.786054818438
ECC+AES-256,1000,4,390,0.029800008633174002,0.14740000187885016,0.11280000035185367,True,3815.786054818438
ECC+AES-256,1000,4,391,0.029699993319809437,0.14599999121855944,0.11249999806750566,True,3815.786054818438
ECC+AES-256,1000,4,392,0.029300004825927317,0.14599999121855944,0.11350000568199903,True,3815.786054818438
ECC+AES-256,1000,4,393,0.029400005587376654,0.14680001186206937,0.11320000339765102,True,3815.786054818438
ECC+AES-256,1000,4,394,0.02950000634882599,0.14770000416319817,0.112900001113303,True,3815.786054818438
ECC+AES-256,1000,4,395,0.03600001218728721,0.1596000074641779,0.1171000039903447,True,3815.786054818438
ECC+AES-256,1000,4,396,0.031200004741549492,0.15100000018719584,0.11330000415910035,True,3815.786054818438
ECC+AES-256,1000,4,397,0.02920000406447798,0.14569998893421143,0.112599998828955,True,3815.786054818438
ECC+AES-256,1000,4,398,0.029099988751113415,0.14570000348612666,0.11250001261942089,True,3815.786054818438
ECC+AES-256,1000,4,399,0.03060000017285347,0.14770000416319817,0.1142999972216785,True,3815.786054818438
ECC+AES-256,1000,4,400,0.02989999484270811,0.15550000534858555,0.11339999036863446,True,3815.786054818438
ECC+AES-256,1000,4,401,0.026000008801929653,0.13890000991523266,0.1117999927373603,True,3815.786054818438
ECC+AES-256,1000,4,402,0.02510000194888562,0.19890000112354755,0.112900001113303,True,3815.786054818438
ECC+AES-256,1000,4,403,0.030899987905286252,0.14760000340174884,0.11330000415910035,True,3815.786054818438
ECC+AES-256,1000,4,404,0.025699991965666413,0.1390999968862161,0.11199999426025897,True,3815.786054818438
ECC+AES-256,1000,4,405,0.025200002710334957,0.13770000077784061,0.11059999815188348,True,3815.786054818438
ECC+AES-256,1000,4,406,0.024599998141638935,0.13669999316334724,0.11000000813510269,True,3815.786054818438
ECC+AES-256,1000,4,407,0.024599998141638935,0.13590000162366778,0.11069999891333282,True,3815.786054818438
ECC+AES-256,1000,4,408,0.025300003471784294,0.13939999917056412,0.11199999426025897,True,3815.786054818438
ECC+AES-256,1000,4,409,0.025200002710334957,0.13760000001639128,0.11059999815188348,True,3815.786054818438
ECC+AES-256,1000,4,410,0.024599998141638935,0.13740001304540783,0.11060001270379871,True,3815.786054818438
ECC+AES-256,1000,4,411,0.024900000425986946,0.1466999965487048,0.11069999891333282,True,3815.786054818438
ECC+AES-256,1000,4,412,0.024599998141638935,0.13640000543091446,0.11119998816866428,True,3815.786054818438
ECC+AES-256,1000,4,413,0.024500011932104826,0.13660000695381314,0.122799989185296,True,3815.786054818438
ECC+AES-256,1000,4,414,0.02509998739697039,0.13719999697059393,0.11069999891333282,True,3815.786054818438
ECC+AES-256,1000,4,415,0.024900000425986946,0.1357000001007691,0.10970000585075468,True,3815.786054818438
ECC+AES-256,1000,4,416,0.024599998141638935,0.13720001152250916,0.11079999967478216,True,3815.786054818438
ECC+AES-256,1000,4,417,0.02469999890308827,0.1360000023851171,0.109500004327856,True,3815.786054818438
ECC+AES-256,1000,4,418,0.025200002710334957,0.1362999901175499,0.10980000661220402,True,3815.786054818438
ECC+AES-256,1000,4,419,0.02439999661874026,0.1446999958716333,0.11410001025069505,True,3815.786054818438
ECC+AES-256,1000,4,420,0.024900000425986946,0.13749999925494194,0.11019999510608613,True,3815.786054818438
ECC+AES-256,1000,4,421,0.024499997380189598,0.13630000466946512,0.11079999967478216,True,3815.786054818438
ECC+AES-256,1000,4,422,0.02469999890308827,0.13610000314656645,0.11159999121446162,True,3815.786054818438
ECC+AES-256,1000,4,423,0.02519998815841973,0.13770000077784061,0.11100000119768083,True,3815.786054818438
ECC+AES-256,1000,4,424,0.024499997380189598,0.13690000923816115,0.11000000813510269,True,3815.786054818438
ECC+AES-256,1000,4,425,0.024200009647756815,0.16510000568814576,0.3640999930212274,True,3815.786054818438
ECC+AES-256,1000,4,426,0.03809999907389283,0.17239998851437122,0.12089998926967382,True,3815.786054818438
ECC+AES-256,1000,4,427,0.027900008717551827,0.14200000441633165,0.11300000187475234,True,3815.786054818438
ECC+AES-256,1000,4,428,0.02540000423323363,0.1382000045850873,0.11140000424347818,True,3815.786054818438
ECC+AES-256,1000,4,429,0.025600005756132305,0.13749999925494194,0.12260000221431255,True,3815.786054818438
ECC+AES-256,1000,4,430,0.0261999957729131,0.13889999536331743,0.11300000187475234,True,3815.786054818438
ECC+AES-256,1000,4,431,0.02540000423323363,0.13670000771526247,0.11100000119768083,True,3815.786054818438
ECC+AES-256,1000,4,432,0.02469999890308827,0.1373999984934926,0.11140000424347818,True,3815.786054818438
ECC+AES-256,1000,4,433,0.02479999966453761,0.13760000001639128,0.11180000728927553,True,3815.786054818438
ECC+AES-256,1000,4,434,0.024900000425986946,0.1379000023007393,0.11110000195913017,True,3815.786054818438
ECC+AES-256,1000,4,435,0.024900000425986946,0.13529999705497175,0.12329999299254268,True,3815.786054818438
ECC+AES-256,1000,4,436,0.02510000194888562,0.14269999519456178,0.11110000195913017,True,3815.786054818438
ECC+AES-256,1000,4,437,0.025000001187436283,0.13590000162366778,0.11069999891333282,True,3815.786054818438
ECC+AES-256,1000,4,438,0.025000001187436283,0.1370999962091446,0.11079999967478216,True,3815.786054818438
ECC+AES-256,1000,4,439,0.02479999966453761,0.13630000466946512,0.11079999967478216,True,3815.786054818438
ECC+AES-256,1000,4,440,0.024499997380189598,0.13640000543091446,0.10949998977594078,True,3815.786054818438
ECC+AES-256,1000,4,441,0.024599998141638935,0.1466999965487048,0.11239999730605632,True,3815.786054818438
ECC+AES-256,1000,4,442,0.02509998739697039,0.13670000771526247,0.1120000088121742,True,3815.786054818438
ECC+AES-256,1000,4,443,0.024599998141638935,0.13699999544769526,0.11130000348202884,True,3815.786054818438
ECC+AES-256,1000,4,444,0.02469999890308827,0.1360000023851171,0.11059999815188348,True,3815.786054818438
ECC+AES-256,1000,4,445,0.02469999890308827,0.13590000162366778,0.10990000737365335,True,3815.786054818438
ECC+AES-256,1000,4,446,0.02439999661874026,0.13509999553207308,0.11049999739043415,True,3815.786054818438
ECC+AES-256,1000,4,447,0.03190001007169485,0.13840000610798597,0.11149999045301229,True,3815.786054818438
ECC+AES-256,1000,4,448,0.025000001187436283,0.13689999468624592,0.1112000027205795,True,3815.786054818438
ECC+AES-256,1000,4,449,0.02479999966453761,0.13669999316334724,0.11100000119768083,True,3815.786054818438
ECC+AES-256,1000,4,450,0.02479999966453761,0.13609998859465122,0.11170000652782619,True,3815.786054818438
ECC+AES-256,1000,4,451,0.025000001187436283,0.1360000023851171,0.10999999358318746,True,3815.786054818438
ECC+AES-256,1000,4,452,0.024599998141638935,0.13679999392479658,0.11799999629147351,True,3815.786054818438
ECC+AES-256,1000,4,453,0.025200002710334957,0.1373999984934926,0.11059999815188348,True,3815.786054818438
ECC+AES-256,1000,4,454,0.02479999966453761,0.1360000023851171,0.11039999662898481,True,3815.786054818438
ECC+AES-256,1000,4,455,0.02469999890308827,0.13559999933931977,0.11049999739043415,True,3815.786054818438
ECC+AES-256,1000,4,456,0.02469999890308827,0.1365000061923638,0.1109999866457656,True,3815.786054818438
ECC+AES-256,1000,4,457,0.02439999661874026,0.13499999477062374,0.11049999739043415,True,3815.786054818438
ECC+AES-256,1000,4,458,0.024499997380189598,0.1382999907946214,0.12199999764561653,True,3815.786054818438
ECC+AES-256,1000,4,459,0.024900000425986946,0.1357000001007691,0.11000000813510269,True,3815.786054818438
ECC+AES-256,1000,4,460,0.02469999890308827,0.1357000001007691,0.10980000661220402,True,3815.786054818438
ECC+AES-256,1000,4,461,0.024499997380189598,0.13610000314656645,0.11110000195913017,True,3815.786054818438
ECC+AES-256,1000,4,462,0.024599998141638935,0.13649999164044857,0.11100000119768083,True,3815.786054818438
ECC+AES-256,1000,4,463,0.02479999966453761,0.1362000039080158,0.11039999662898481,True,3815.786054818438
ECC+AES-256,1000,4,464,0.024299995857290924,0.15150000399444252,0.11300000187475234,True,3815.786054818438
ECC+AES-256,1000,4,465,0.02540000423323363,0.13809998927172273,0.11079999967478216,True,3815.786054818438
ECC+AES-256,1000,4,466,0.024900000425986946,0.139000010676682,0.10970000585075468,True,3815.786054818438
ECC+AES-256,1000,4,467,0.024600012693554163,0.13670000771526247,0.1100999943446368,True,3815.786054818438
ECC+AES-256,1000,4,468,0.02479999966453761,0.13580000086221844,0.11069999891333282,True,3815.786054818438
ECC+AES-256,1000,4,469,0.02469999890308827,0.15979999443516135,0.11300000187475234,True,3815.786054818438
ECC+AES-256,1000,4,470,0.026200010324828327,0.13719999697059393,0.11150000500492752,True,3815.786054818438
ECC+AES-256,1000,4,471,0.02469999890308827,0.13669999316334724,0.11160000576637685,True,3815.786054818438
ECC+AES-256,1000,4,472,0.02469999890308827,0.13770000077784061,0.11140000424347818,True,3815.786054818438
ECC+AES-256,1000,4,473,0.02469999890308827,0.13670000771526247,0.11059999815188348,True,3815.786054818438
ECC+AES-256,1000,4,474,0.024599998141638935,0.13719999697059393,0.11140000424347818,True,3815.786054818438
ECC+AES-256,1000,4,475,0.03270000161137432,0.1385000068694353,0.11130000348202884,True,3815.786054818438
ECC+AES-256,1000,4,476,0.02439999661874026,0.13580000086221844,0.11019999510608613,True,3815.786054818438
ECC+AES-256,1000,4,477,0.02469999890308827,0.13509999553207308,0.10969999129883945,True,3815.786054818438
ECC+AES-256,1000,4,478,0.024500011932104826,0.1357000001007691,0.11049999739043415,True,3815.786054818438
ECC+AES-256,1000,4,479,0.024599998141638935,0.13649999164044857,0.11130000348202884,True,3815.786054818438
ECC+AES-256,1000,4,480,0.02439999661874026,0.13580000086221844,0.10989999282173812,True,3815.786054818438
ECC+AES-256,1000,4,481,0.027600006433203816,0.14119999832473695,0.112599998828955,True,3815.786054818438
ECC+AES-256,1000,4,482,0.024599998141638935,0.1365999924018979,0.1112000027205795,True,3815.786054818438
ECC+AES-256,1000,4,483,0.024599998141638935,0.1362000039080158,0.1109000004362315,True,3815.786054818438
ECC+AES-256,1000,4,484,0.02439999661874026,0.13679999392479658,0.1112000027205795,True,3815.786054818438
ECC+AES-256,1000,4,485,0.024499997380189598,0.1362000039080158,0.11100000119768083,True,3815.786054818438
ECC+AES-256,1000,4,486,0.025200002710334957,0.1463999942643568,0.11269999959040433,True,3815.786054818438
ECC+AES-256,1000,4,487,0.024900000425986946,0.13590000162366778,0.10930000280495733,True,3815.786054818438
ECC+AES-256,1000,4,488,0.024599998141638935,0.14849999570287764,0.11700000322889537,True,3815.786054818438
ECC+AES-256,1000,4,489,0.024499997380189598,0.13529999705497175,0.11119998816866428,True,3815.786054818438
ECC+AES-256,1000,4,490,0.02439999661874026,0.1387999946018681,0.11059999815188348,True,3815.786054818438
ECC+AES-256,1000,4,491,0.024499997380189598,0.13639999087899923,0.11160000576637685,True,3815.786054818438
ECC+AES-256,1000,4,492,0.024599998141638935,0.145800004247576,0.11130000348202884,True,3815.786054818438
ECC+AES-256,1000,4,493,0.02469999890308827,0.13549999857787043,0.11140000424347818,True,3815.786054818438
ECC+AES-256,1000,4,494,0.02479999966453761,0.13610000314656645,0.11010000889655203,True,3815.786054818438
ECC+AES-256,1000,4,495,0.024599998141638935,0.13640000543091446,0.11059999815188348,True,3815.786054818438
ECC+AES-256,1000,4,496,0.024599998141638935,0.1373999984934926,0.11069999891333282,True,3815.786054818438
ECC+AES-256,1000,4,497,0.024499997380189598,0.13630000466946512,0.11070001346524805,True,3815.786054818438
ECC+AES-256,1000,4,498,0.025300003471784294,0.13890000991523266,0.11149999045301229,True,3815.786054818438
ECC+AES-256,1000,4,499,0.02469999890308827,0.13609998859465122,0.11100000119768083,True,3815.786054818438
ECC+AES-256,1000,4,500,0.02469999890308827,0.13640000543091446,0.11160000576637685,True,3815.786054818438
ECC+AES-256,1000,4,501,0.0247000134550035,0.13640000543091446,0.11110000195913017,True,3815.786054818438
ECC+AES-256,1000,4,502,0.025200002710334957,0.13690000923816115,0.11050001194234937,True,3815.786054818438
ECC+AES-256,1000,4,503,0.02440001117065549,0.13780000153928995,0.12369999603834003,True,3815.786054818438
ECC+AES-256,1000,4,504,0.025200002710334957,0.13760000001639128,0.11180000728927553,True,3815.786054818438
ECC+AES-256,1000,4,505,0.024499997380189598,0.13590000162366778,0.11140000424347818,True,3815.786054818438
ECC+AES-256,1000,4,506,0.024500011932104826,0.13559999933931977,0.11190000805072486,True,3815.786054818438
ECC+AES-256,1000,4,507,0.024599998141638935,0.13729999773204327,0.11280000035185367,True,3815.786054818438
ECC+AES-256,1000,4,508,0.02469999890308827,0.13749999925494194,0.11150000500492752,True,3815.786054818438
ECC+AES-256,1000,4,509,0.02439999661874026,0.14439999358728528,0.11249999806750566,True,3815.786054818438
ECC+AES-256,1000,4,510,0.025300003471784294,0.1365999924018979,0.10960000508930534,True,3815.786054818438
ECC+AES-256,1000,4,511,0.024599998141638935,0.13669999316334724,0.11039999662898481,True,3815.786054818438
ECC+AES-256,1000,4,512,0.024499997380189598,0.1353999978164211,0.10979999206028879,True,3815.786054818438
ECC+AES-256,1000,4,513,0.02439999661874026,0.1357999863103032,0.11130000348202884,True,3815.786054818438
ECC+AES-256,1000,4,514,0.02439999661874026,0.19869999960064888,0.24649999977555126,True,3815.786054818438
ECC+AES-256,1000,4,515,0.034199998481199145,0.15230001008603722,0.11430001177359372,True,3815.786054818438
ECC+AES-256,1000,4,516,0.037999998312443495,0.146100006531924,0.11360000644344836,True,3815.786054818438
ECC+AES-256,1000,4,517,0.031000003218650818,0.149500003317371,0.11389999417588115,True,3815.786054818438
ECC+AES-256,1000,4,518,0.030199997127056122,0.14829999417997897,0.11319998884573579,True,3815.786054818438
ECC+AES-256,1000,4,519,0.029300004825927317,0.14519999967887998,0.11189999349880964,True,3815.786054818438
ECC+AES-256,1000,4,520,0.02920000406447798,0.14649999502580613,0.11109998740721494,True,3815.786054818438
ECC+AES-256,1000,4,521,0.02929999027401209,0.14450000890064985,0.11180000728927553,True,3815.786054818438
ECC+AES-256,1000,4,522,0.029300004825927317,0.1736999984132126,0.11779999476857483,True,3815.786054818438
ECC+AES-256,1000,4,523,0.026600013370625675,0.13980000221636146,0.11199999426025897,True,3815.786054818438
ECC+AES-256,1000,4,524,0.025000001187436283,0.13800000306218863,0.11170000652782619,True,3815.786054818438
ECC+AES-256,1000,4,525,0.024900000425986946,0.13700000999961048,0.11140000424347818,True,3815.786054818438
ECC+AES-256,1000,4,526,0.02469999890308827,0.1365999924018979,0.1112000027205795,True,3815.786054818438
ECC+AES-256,1000,4,527,0.024900000425986946,0.13529999705497175,0.11029999586753547,True,3815.786054818438
ECC+AES-256,1000,4,528,0.03259998629800975,0.14030000602360815,0.11059999815188348,True,3815.786054818438
ECC+AES-256,1000,4,529,0.02510000194888562,0.13679999392479658,0.11079999967478216,True,3815.786054818438
ECC+AES-256,1000,4,530,0.024900000425986946,0.15010000788606703,0.11190000805072486,True,3815.786054818438
ECC+AES-256,1000,4,531,0.024499997380189598,0.13749999925494194,0.10999999358318746,True,3815.786054818438
ECC+AES-256,1000,4,532,0.024500011932104826,0.1520000078016892,0.11400000948924571,True,3815.786054818438
ECC+AES-256,1000,4,533,0.028800001018680632,0.14540000120177865,0.11299998732283711,True,3815.786054818438
ECC+AES-256,1000,4,534,0.02519998815841973,0.13840000610798597,0.112900001113303,True,3815.786054818438
ECC+AES-256,1000,4,535,0.024900000425986946,0.1373999984934926,0.11199999426025897,True,3815.786054818438
ECC+AES-256,1000,4,536,0.024499997380189598,0.13689999468624592,0.11069999891333282,True,3815.786054818438
ECC+AES-256,1000,4,537,0.02440001117065549,0.13670000771526247,0.12149999383836985,True,3815.786054818438
ECC+AES-256,1000,4,538,0.024900000425986946,0.13789998774882406,0.1120000088121742,True,3815.786054818438
ECC+AES-256,1000,4,539,0.024199995095841587,0.13630000466946512,0.11100000119768083,True,3815.786054818438
ECC+AES-256,1000,4,540,0.024599998141638935,0.13639999087899923,0.11050001194234937,True,3815.786054818438
ECC+AES-256,1000,4,541,0.024499997380189598,0.13760000001639128,0.10989999282173812,True,3815.786054818438
ECC+AES-256,1000,4,542,0.024599998141638935,0.1368000084767118,0.11049999739043415,True,3815.786054818438
ECC+AES-256,1000,4,543,0.02439999661874026,0.13840000610798597,0.12309999146964401,True,3815.786054818438
ECC+AES-256,1000,4,544,0.025000001187436283,0.13729999773204327,0.11129998893011361,True,3815.786054818438
ECC+AES-256,1000,4,545,0.024900000425986946,0.1370999962091446,0.11079999967478216,True,3815.786054818438
ECC+AES-256,1000,4,546,0.024599998141638935,0.1362000039080158,0.11130000348202884,True,3815.786054818438
ECC+AES-256,1000,4,547,0.024500011932104826,0.1357000001007691,0.11049999739043415,True,3815.786054818438
ECC+AES-256,1000,4,548,0.02469999890308827,0.13630000466946512,0.1109000004362315,True,3815.786054818438
ECC+AES-256,1000,4,549,0.025000001187436283,0.145500001963228,0.1117999927373603,True,3815.786054818438
ECC+AES-256,1000,4,550,0.02510000194888562,0.13699999544769526,0.1120000088121742,True,3815.786054818438
ECC+AES-256,1000,4,551,0.024599998141638935,0.13529999705497175,0.1109000004362315,True,3815.786054818438
ECC+AES-256,1000,4,552,0.02479999966453761,0.1368000084767118,0.11100000119768083,True,3815.786054818438
ECC+AES-256,1000,4,553,0.02469999890308827,0.13559999933931977,0.11049999739043415,True,3815.786054818438
ECC+AES-256,1000,4,554,0.02510000194888562,0.13649999164044857,0.11049999739043415,True,3815.786054818438
ECC+AES-256,1000,4,555,0.02469999890308827,0.978600000962615,0.13509999553207308,True,3815.786054818438
ECC+AES-256,1000,4,556,0.046900007873773575,0.15910000365693122,0.11720000475179404,True,3815.786054818438
ECC+AES-256,1000,4,557,0.030800001695752144,0.14940000255592167,0.1137000072048977,True,3815.786054818438
ECC+AES-256,1000,4,558,0.030199997127056122,0.14880001253914088,0.11480000102892518,True,3815.786054818438
ECC+AES-256,1000,4,559,0.030499999411404133,0.1475000026402995,0.11419999646022916,True,3815.786054818438
ECC+AES-256,1000,4,560,0.02920000406447798,0.14740000187885016,0.11300000187475234,True,3815.786054818438
ECC+AES-256,1000,4,561,0.030800001695752144,0.1503000094089657,0.11510000331327319,True,3815.786054818438
ECC+AES-256,1000,4,562,0.0295999925583601,0.14709999959450215,0.11359999189153314,True,3815.786054818438
ECC+AES-256,1000,4,563,0.029300004825927317,0.1453000004403293,0.11250001261942089,True,3815.786054818438
ECC+AES-256,1000,4,564,0.028599999495781958,0.14590000500902534,0.11269999959040433,True,3815.786054818438
ECC+AES-256,1000,4,565,0.02510000194888562,0.13809998927172273,0.11219999578315765,True,3815.786054818438
ECC+AES-256,1000,4,566,0.025000001187436283,0.13780000153928995,0.1117999927373603,True,3815.786054818438
ECC+AES-256,1000,4,567,0.025000001187436283,0.13670000771526247,0.1117999927373603,True,3815.786054818438
ECC+AES-256,1000,4,568,0.024900000425986946,0.13749999925494194,0.19459999748505652,True,3815.786054818438
ECC+AES-256,1000,4,569,0.0315000070258975,0.15390000771731138,0.11660000018309802,True,3815.786054818438
ECC+AES-256,1000,4,570,0.025200002710334957,0.13939999917056412,0.11269999959040433,True,3815.786054818438
ECC+AES-256,1000,4,571,0.025200002710334957,0.13760000001639128,0.11149999045301229,True,3815.786054818438
ECC+AES-256,1000,4,572,0.024900000425986946,0.13630000466946512,0.11139998969156295,True,3815.786054818438
ECC+AES-256,1000,4,573,0.024599998141638935,0.13640000543091446,0.11169999197591096,True,3815.786054818438
ECC+AES-256,1000,4,574,0.025200002710334957,0.149200001033023,0.112599998828955,True,3815.786054818438
ECC+AES-256,1000,4,575,0.024900000425986946,0.13700000999961048,0.1112000027205795,True,3815.786054818438
ECC+AES-256,1000,4,576,0.025000001187436283,0.13780000153928995,0.1109000004362315,True,3815.786054818438
ECC+AES-256,1000,4,577,0.02439999661874026,0.1357999863103032,0.1109000004362315,True,3815.786054818438
ECC+AES-256,1000,4,578,0.02479999966453761,0.14740000187885016,0.11049999739043415,True,3815.786054818438
ECC+AES-256,1000,4,579,0.02469999890308827,0.1353999978164211,0.11029999586753547,True,3815.786054818438
ECC+AES-256,1000,4,580,0.025300003471784294,0.13670000771526247,0.10999999358318746,True,3815.786054818438
ECC+AES-256,1000,4,581,0.02510000194888562,0.1360000023851171,0.109500004327856,True,3815.786054818438
ECC+AES-256,1000,4,582,0.024299995857290924,0.13660000695381314,0.11129998893011361,True,3815.786054818438
ECC+AES-256,1000,4,583,0.02469999890308827,0.13559999933931977,0.11019999510608613,True,3815.786054818438
ECC+AES-256,1000,4,584,0.024599998141638935,0.1357000001007691,0.11100000119768083,True,3815.786054818438
ECC+AES-256,1000,4,585,0.024600012693554163,0.1368000084767118,0.12159999459981918,True,3815.786054818438
ECC+AES-256,1000,4,586,0.025300003471784294,0.1373999984934926,0.11140000424347818,True,3815.786054818438
ECC+AES-256,1000,4,587,0.02439999661874026,0.13580000086221844,0.11069999891333282,True,3815.786054818438
ECC+AES-256,1000,4,588,0.024299995857290924,0.1360000023851171,0.11050001194234937,True,3815.786054818438
ECC+AES-256,1000,4,589,0.024499997380189598,0.13670000771526247,0.11039999662898481,True,3815.786054818438
ECC+AES-256,1000,4,590,0.02439999661874026,0.13580000086221844,0.11119998816866428,True,3815.786054818438
ECC+AES-256,1000,4,591,0.02440001117065549,0.13610000314656645,0.14790000568609685,True,3815.786054818438
ECC+AES-256,1000,4,592,0.06890000076964498,0.24950000806711614,0.12569999671541154,True,3815.786054818438
ECC+AES-256,1000,4,593,0.040099999750964344,0.17040000238921493,0.11969999468419701,True,3815.786054818438
ECC+AES-256,1000,4,594,0.031199990189634264,0.1508999994257465,0.11470000026747584,True,3815.786054818438
ECC+AES-256,1000,4,595,0.030199997127056122,0.14859999646432698,0.11410001025069505,True,3815.786054818438
ECC+AES-256,1000,4,596,0.030499999411404133,0.1647000026423484,0.11360000644344836,True,3815.786054818438
ECC+AES-256,1000,4,597,0.02989999484270811,0.14689999807160348,0.11219999578315765,True,3815.786054818438
ECC+AES-256,1000,4,598,0.029400005587376654,0.14569998893421143,0.11280000035185367,True,3815.786054818438
ECC+AES-256,1000,4,599,0.029300004825927317,0.1458999904571101,0.11249999806750566,True,3815.786054818438
ECC+AES-256,1000,4,600,0.029199989512562752,0.14600000577047467,0.11210000957362354,True,3815.786054818438
ECC+AES-256,1000,4,601,0.029100003303028643,0.14700001338496804,0.11269999959040433,True,3815.786054818438
ECC+AES-256,1000,4,602,0.028999987989664078,0.14600000577047467,0.11280000035185367,True,3815.786054818438
ECC+AES-256,1000,4,603,0.028700000257231295,0.1438999897800386,0.11180000728927553,True,3815.786054818438
ECC+AES-256,1000,4,604,0.02920000406447798,0.14930000179447234,0.11229999654460698,True,3815.786054818438
ECC+AES-256,1000,4,605,0.02890000178012997,0.14560000272467732,0.11280000035185367,True,3815.786054818438
ECC+AES-256,1000,4,606,0.029099988751113415,0.14449999434873462,0.11160000576637685,True,3815.786054818438
ECC+AES-256,1000,4,607,0.029100003303028643,0.14470001042354852,0.11180000728927553,True,3815.786054818438
ECC+AES-256,1000,4,608,0.029399991035461426,0.145500001963228,0.11219999578315765,True,3815.786054818438
ECC+AES-256,1000,4,609,0.02819999644998461,0.1463999942643568,0.11350000568199903,True,3815.786054818438
ECC+AES-256,1000,4,610,0.024900000425986946,0.13880000915378332,0.11210000957362354,True,3815.786054818438
ECC+AES-256,1000,4,611,0.02469999890308827,0.13669999316334724,0.11059999815188348,True,3815.786054818438
ECC+AES-256,1000,4,612,0.024900000425986946,0.1370999962091446,0.11049999739043415,True,3815.786054818438
ECC+AES-256,1000,4,613,0.02510000194888562,0.14949998876545578,0.12700000661425292,True,3815.786054818438
ECC+AES-256,1000,4,614,0.025000001187436283,0.1379000023007393,0.11189999349880964,True,3815.786054818438
ECC+AES-256,1000,4,615,0.024599998141638935,0.13670000771526247,0.11069999891333282,True,3815.786054818438
ECC+AES-256,1000,4,616,0.02469999890308827,0.13499999477062374,0.11079999967478216,True,3815.786054818438
ECC+AES-256,1000,4,617,0.024599998141638935,0.13610000314656645,0.11079999967478216,True,3815.786054818438
ECC+AES-256,1000,4,618,0.025000001187436283,0.13760000001639128,0.11100000119768083,True,3815.786054818438
ECC+AES-256,1000,4,619,0.024299995857290924,0.1438999897800386,0.11449999874457717,True,3815.786054818438
ECC+AES-256,1000,4,620,0.02469999890308827,0.1357000001007691,0.11150000500492752,True,3815.786054818438
ECC+AES-256,1000,4,621,0.02409999433439225,0.1362000039080158,0.11109998740721494,True,3815.786054818438
ECC+AES-256,1000,4,622,0.02439999661874026,0.1362000039080158,0.11079999967478216,True,3815.786054818438
ECC+AES-256,1000,4,623,0.024499997380189598,0.1360000023851171,0.11040001118090004,True,3815.786054818438
ECC+AES-256,1000,4,624,0.024499997380189598,0.1357000001007691,0.11049999739043415,True,3815.786054818438
ECC+AES-256,1000,4,625,0.024499997380189598,0.15759999223519117,0.112900001113303,True,3815.786054818438
ECC+AES-256,1000,4,626,0.02579999272711575,0.13689999468624592,0.11010000889655203,True,3815.786054818438
ECC+AES-256,1000,4,627,0.02440001117065549,0.13540001236833632,0.11220001033507288,True,3815.786054818438
ECC+AES-256,1000,4,628,0.02479999966453761,0.1360000023851171,0.1109000004362315,True,3815.786054818438
ECC+AES-256,1000,4,629,0.024900000425986946,0.13549999857787043,0.109500004327856,True,3815.786054818438
ECC+AES-256,1000,4,630,0.02439999661874026,0.13630000466946512,0.1109000004362315,True,3815.786054818438
ECC+AES-256,1000,4,631,0.029400005587376654,0.15130000247154385,0.11449999874457717,True,3815.786054818438
ECC+AES-256,1000,4,632,0.025299988919869065,0.13810000382363796,0.1120000088121742,True,3815.786054818438
ECC+AES-256,1000,4,633,0.024600012693554163,0.13749999925494194,0.11520000407472253,True,3815.786054818438
ECC+AES-256,1000,4,634,0.02469999890308827,0.13689999468624592,0.11160000576637685,True,3815.786054818438
ECC+AES-256,1000,4,635,0.024900000425986946,0.13669999316334724,0.11069999891333282,True,3815.786054818438
ECC+AES-256,1000,4,636,0.024300010409206152,0.1362000039080158,0.11589999485295266,True,3815.786054818438
ECC+AES-256,1000,4,637,0.025000001187436283,0.1365000061923638,0.11069999891333282,True,3815.786054818438
ECC+AES-256,1000,4,638,0.02479999966453761,0.13770000077784061,0.11049999739043415,True,3815.786054818438
ECC+AES-256,1000,4,639,0.024299995857290924,0.13580000086221844,0.11059999815188348,True,3815.786054818438
ECC+AES-256,1000,4,640,0.024499997380189598,0.13700000999961048,0.11130000348202884,True,3815.786054818438
ECC+AES-256,1000,4,641,0.02439999661874026,0.13649999164044857,0.11049999739043415,True,3815.786054818438
ECC+AES-256,1000,4,642,0.024900000425986946,0.149200001033023,0.11239999730605632,True,3815.786054818438
ECC+AES-256,1000,4,643,0.024900000425986946,0.13690000923816115,0.11050001194234937,True,3815.786054818438
ECC+AES-256,1000,4,644,0.024299995857290924,0.1365999924018979,0.1112000027205795,True,3815.786054818438
ECC+AES-256,1000,4,645,0.02469999890308827,0.1357000001007691,0.11069999891333282,True,3815.786054818438
ECC+AES-256,1000,4,646,0.02439999661874026,0.135600013891235,0.11040001118090004,True,3815.786054818438
ECC+AES-256,1000,4,647,0.024300010409206152,0.1362000039080158,0.10999999358318746,True,3815.786054818438
ECC+AES-256,1000,4,648,0.032199997804127634,0.1379000023007393,0.11110000195913017,True,3815.786054818438
ECC+AES-256,1000,4,649,0.02469999890308827,0.13699999544769526,0.11150000500492752,True,3815.786054818438
ECC+AES-256,1000,4,650,0.024900000425986946,0.1370999962091446,0.11130000348202884,True,3815.786054818438
ECC+AES-256,1000,4,651,0.024900000425986946,0.13519999629352242,0.1109000004362315,True,3815.786054818438
ECC+AES-256,1000,4,652,0.024599998141638935,0.1360000023851171,0.11049999739043415,True,3815.786054818438
ECC+AES-256,1000,4,653,0.024499997380189598,0.13610000314656645,0.11969999468419701,True,3815.786054818438
ECC+AES-256,1000,4,654,0.024900000425986946,0.13720001152250916,0.11069999891333282,True,3815.786054818438
ECC+AES-256,1000,4,655,0.024299995857290924,0.1365999924018979,0.10999999358318746,True,3815.786054818438
ECC+AES-256,1000,4,656,0.024599998141638935,0.13519999629352242,0.1289999927394092,True,3815.786054818438
ECC+AES-256,1000,4,657,0.03170000854879618,0.14739998732693493,0.11269999959040433,True,3815.786054818438
ECC+AES-256,1000,4,658,0.025899993488565087,0.1382999907946214,0.11229999654460698,True,3815.786054818438
ECC+AES-256,1000,4,659,0.025000001187436283,0.13609998859465122,0.11110000195913017,True,3815.786054818438
ECC+AES-256,1000,4,660,0.02469999890308827,0.13580000086221844,0.11110000195913017,True,3815.786054818438
ECC+AES-256,1000,4,661,0.02439999661874026,0.13660000695381314,0.11059999815188348,True,3815.786054818438
ECC+AES-256,1000,4,662,0.025600005756132305,0.13770000077784061,0.1117999927373603,True,3815.786054818438
ECC+AES-256,1000,4,663,0.02469999890308827,0.13590000162366778,0.10970000585075468,True,3815.786054818438
ECC+AES-256,1000,4,664,0.02479999966453761,0.13500000932253897,0.11010000889655203,True,3815.786054818438
ECC+AES-256,1000,4,665,0.02469999890308827,0.13590000162366778,0.11129998893011361,True,3815.786054818438
ECC+AES-256,1000,4,666,0.02469999890308827,0.13559999933931977,0.10770000517368317,True,3815.786054818438
ECC+AES-256,1000,4,667,0.02370000584051013,0.13159999798517674,0.11870000162161887,True,3815.786054818438
ECC+AES-256,1000,4,668,0.02469999890308827,0.13250000483822078,0.10680001287255436,True,3815.786054818438
ECC+AES-256,1000,4,669,0.02400000812485814,0.13050000416114926,0.10730000212788582,True,3815.786054818438
ECC+AES-256,1000,4,670,0.023500004317611456,0.13179999950807542,0.4025999951409176,True,3815.786054818438
ECC+AES-256,1000,4,671,0.03579999611247331,0.15330000314861536,0.112599998828955,True,3815.786054818438
ECC+AES-256,1000,4,672,0.029100003303028643,0.1438000035705045,0.11110000195913017,True,3815.786054818438
ECC+AES-256,1000,4,673,0.028599999495781958,0.15100000018719584,0.11049999739043415,True,3815.786054818438
ECC+AES-256,1000,4,674,0.028699985705316067,0.14180000289343297,0.1100999943446368,True,3815.786054818438
ECC+AES-256,1000,4,675,0.025000001187436283,0.13249999028630555,0.10699999984353781,True,3815.786054818438
ECC+AES-256,1000,4,676,0.023999993572942913,0.13210000179242343,0.10819999442901462,True,3815.786054818438
ECC+AES-256,1000,4,677,0.024299995857290924,0.1331999956164509,0.10859999747481197,True,3815.786054818438
ECC+AES-256,1000,4,678,0.0247000134550035,0.13760000001639128,0.1078000059351325,True,3815.786054818438
ECC+AES-256,1000,4,679,0.033200005418621004,0.13429998944047838,0.10720000136643648,True,3815.786054818438
ECC+AES-256,1000,4,680,0.02400000812485814,0.1314000110141933,0.10729998757597059,True,3815.786054818438
ECC+AES-256,1000,4,681,0.02370000584051013,0.13590000162366778,0.1069000136340037,True,3815.786054818438
ECC+AES-256,1000,4,682,0.023899992811493576,0.13109999417793006,0.10659999679774046,True,3815.786054818438
ECC+AES-256,1000,4,683,0.02379999205004424,0.1303000026382506,0.10649999603629112,True,3815.786054818438
ECC+AES-256,1000,4,684,0.023899992811493576,0.1311999949393794,0.10699999984353781,True,3815.786054818438
ECC+AES-256,1000,4,685,0.031200004741549492,0.1340000017080456,0.10760000441223383,True,3815.786054818438
ECC+AES-256,1000,4,686,0.023600005079060793,0.1323999895248562,0.10800000745803118,True,3815.786054818438
ECC+AES-256,1000,4,687,0.023599990527145565,0.1320000010309741,0.10720000136643648,True,3815.786054818438
ECC+AES-256,1000,4,688,0.02379999205004424,0.1311999949393794,0.10750000365078449,True,3815.786054818438
ECC+AES-256,1000,4,689,0.0236999912885949,0.13220000255387276,0.10799999290611595,True,3815.786054818438
ECC+AES-256,1000,4,690,0.023600005079060793,0.13949999993201345,0.10710000060498714,True,3815.786054818438
ECC+AES-256,1000,4,691,0.02409999433439225,0.13309999485500157,0.10740000288933516,True,3815.786054818438
ECC+AES-256,1000,4,692,0.023599990527145565,0.1314999972237274,0.10620000830385834,True,3815.786054818438
ECC+AES-256,1000,4,693,0.024100008886307478,0.1320000010309741,0.10710000060498714,True,3815.786054818438
ECC+AES-256,1000,4,694,0.023800006601959467,0.13169999874662608,0.10719998681452125,True,3815.786054818438
ECC+AES-256,1000,4,695,0.023800006601959467,0.13210000179242343,0.10789999214466661,True,3815.786054818438
ECC+AES-256,1000,4,696,0.023599990527145565,0.1309000072069466,0.10629999451339245,True,3815.786054818438
ECC+AES-256,1000,4,697,0.02440001117065549,0.1328000071225688,0.10730000212788582,True,3815.786054818438
ECC+AES-256,1000,4,698,0.024200009647756815,0.13250000483822078,0.10740000288933516,True,3815.786054818438
ECC+AES-256,1000,4,699,0.023599990527145565,0.1314999972237274,0.10730000212788582,True,3815.786054818438
ECC+AES-256,1000,4,700,0.02340000355616212,0.1306999911321327,0.10630000906530768,True,3815.786054818438
ECC+AES-256,1000,4,701,0.023599990527145565,0.13040000339969993,0.10720000136643648,True,3815.786054818438
ECC+AES-256,1000,4,702,0.023800006601959467,0.14229999214876443,0.10730000212788582,True,3815.786054818438
ECC+AES-256,1000,4,703,0.024199995095841587,0.13309999485500157,0.10740000288933516,True,3815.786054818438
ECC+AES-256,1000,4,704,0.0236999912885949,0.13129999570082873,0.10689999908208847,True,3815.786054818438
ECC+AES-256,1000,4,705,0.02340000355616212,0.13220000255387276,0.10649999603629112,True,3815.786054818438
ECC+AES-256,1000,4,706,0.02370000584051013,0.1311999949393794,0.10760000441223383,True,3815.786054818438
ECC+AES-256,1000,4,707,0.02379999205004424,0.13300000864546746,0.10730000212788582,True,3815.786054818438
ECC+AES-256,1000,4,708,0.02439999661874026,0.13139999646227807,0.10720000136643648,True,3815.786054818438
ECC+AES-256,1000,4,709,0.024299995857290924,0.13220000255387276,0.10710000060498714,True,3815.786054818438
ECC+AES-256,1000,4,710,0.023999993572942913,0.13190000026952475,0.10740000288933516,True,3815.786054818438
ECC+AES-256,1000,4,711,0.023800006601959467,0.13169999874662608,0.1075999898603186,True,3815.786054818438
ECC+AES-256,1000,4,712,0.023999993572942913,0.13179999950807542,0.10679999832063913,True,3815.786054818438
ECC+AES-256,1000,4,713,0.023800006601959467,0.13559999933931977,0.10750000365078449,True,3815.786054818438
ECC+AES-256,1000,4,714,0.023999993572942913,0.14439999358728528,0.1078000059351325,True,3815.786054818438
ECC+AES-256,1000,4,715,0.04739999712910503,0.1967999996850267,0.12159999459981918,True,3815.786054818438
ECC+AES-256,1000,4,716,0.036600002204068005,0.15520000306423753,0.1137000072048977,True,3815.786054818438
ECC+AES-256,1000,4,717,0.025000001187436283,0.1357000001007691,0.10959999053739011,True,3815.786054818438
ECC+AES-256,1000,4,718,0.02469999890308827,0.1323999895248562,0.10740000288933516,True,3815.786054818438
ECC+AES-256,1000,4,719,0.023999993572942913,0.13190000026952475,0.1078000059351325,True,3815.786054818438
ECC+AES-256,1000,4,720,0.024200009647756815,0.13159999798517674,0.10770000517368317,True,3815.786054818438
ECC+AES-256,1000,4,721,0.02469999890308827,0.13190000026952475,0.10770000517368317,True,3815.786054818438
ECC+AES-256,1000,4,722,0.024199995095841587,0.13139999646227807,0.10730000212788582,True,3815.786054818438
ECC+AES-256,1000,4,723,0.023900007363408804,0.1314999972237274,0.10740000288933516,True,3815.786054818438
ECC+AES-256,1000,4,724,0.02379999205004424,0.12989999959245324,0.10689999908208847,True,3815.786054818438
ECC+AES-256,1000,4,725,0.023800006601959467,0.13019998732488602,0.10680001287255436,True,3815.786054818438
ECC+AES-256,1000,4,726,0.024100008886307478,0.13219998800195754,0.10730000212788582,True,3815.786054818438
ECC+AES-256,1000,4,727,0.024599998141638935,0.1323000033153221,0.10770000517368317,True,3815.786054818438
ECC+AES-256,1000,4,728,0.024199995095841587,0.13190000026952475,0.10729998757597059,True,3815.786054818438
ECC+AES-256,1000,4,729,0.024199995095841587,0.13159999798517674,0.10740000288933516,True,3815.786054818438
ECC+AES-256,1000,4,730,0.024599998141638935,0.13139999646227807,0.10659999679774046,True,3815.786054818438
ECC+AES-256,1000,4,731,0.02409999433439225,0.13070000568404794,0.1066999975591898,True,3815.786054818438
ECC+AES-256,1000,4,732,0.023999993572942913,0.1303999888477847,0.106100007542409,True,3815.786054818438
ECC+AES-256,1000,4,733,0.025000001187436283,0.13380000018514693,0.10699999984353781,True,3815.786054818438
ECC+AES-256,1000,4,734,0.024199995095841587,0.1320000010309741,0.10739998833741993,True,3815.786054818438
ECC+AES-256,1000,4,735,0.023800006601959467,0.1306000049225986,0.10629999451339245,True,3815.786054818438
ECC+AES-256,1000,4,736,0.023899992811493576,0.13040000339969993,0.10749998909886926,True,3815.786054818438
ECC+AES-256,1000,4,737,0.023900007363408804,0.13049998960923404,0.10689999908208847,True,3815.786054818438
ECC+AES-256,1000,4,738,0.023899992811493576,0.13070000568404794,0.1066999975591898,True,3815.786054818438
ECC+AES-256,1000,4,739,0.024299995857290924,0.13219998800195754,0.1066999975591898,True,3815.786054818438
ECC+AES-256,1000,4,740,0.025000001187436283,0.13229998876340687,0.10630000906530768,True,3815.786054818438
ECC+AES-256,1000,4,741,0.024100008886307478,0.13050000416114926,0.1066999975591898,True,3815.786054818438
ECC+AES-256,1000,4,742,0.024299995857290924,0.13249999028630555,0.10750000365078449,True,3815.786054818438
ECC+AES-256,1000,4,743,0.02400000812485814,0.13099999341648072,0.10699999984353781,True,3815.786054818438
ECC+AES-256,1000,4,744,0.024199995095841587,0.13050000416114926,0.10710000060498714,True,3815.786054818438
ECC+AES-256,1000,4,745,0.024599998141638935,0.13580000086221844,0.10760000441223383,True,3815.786054818438
ECC+AES-256,1000,4,746,0.023999993572942913,0.13109999417793006,0.1066999975591898,True,3815.786054818438
ECC+AES-256,1000,4,747,0.024199995095841587,0.12919999426230788,0.10600000678095967,True,3815.786054818438
ECC+AES-256,1000,4,748,0.023999993572942913,0.13000000035390258,0.10600000678095967,True,3815.786054818438
ECC+AES-256,1000,4,749,0.023999993572942913,0.13129999570082873,0.10679999832063913,True,3815.786054818438
ECC+AES-256,1000,4,750,0.02379999205004424,0.13109999417793006,0.10740000288933516,True,3815.786054818438
ECC+AES-256,1000,4,751,0.029799994081258774,0.1336999994236976,0.10710000060498714,True,3815.786054818438
ECC+AES-256,1000,4,752,0.02409999433439225,0.13129999570082873,0.10720000136643648,True,3815.786054818438
ECC+AES-256,1000,4,753,0.02379999205004424,0.13099999341648072,0.10590000601951033,True,3815.786054818438
ECC+AES-256,1000,4,754,0.023999993572942913,0.13169999874662608,0.10770000517368317,True,3815.786054818438
ECC+AES-256,1000,4,755,0.023999993572942913,0.1311999949393794,0.10640000982675701,True,3815.786054818438
ECC+AES-256,1000,4,756,0.023899992811493576,0.13040000339969993,0.10659999679774046,True,3815.786054818438
ECC+AES-256,1000,4,757,0.02400000812485814,0.13840000610798597,0.10629999451339245,True,3815.786054818438
ECC+AES-256,1000,4,758,0.024499997380189598,0.13220000255387276,0.10649999603629112,True,3815.786054818438
ECC+AES-256,1000,4,759,0.02409999433439225,0.13059999037068337,0.10590000601951033,True,3815.786054818438
ECC+AES-256,1000,4,760,0.030800001695752144,0.14480001118499786,0.10940000356640667,True,3815.786054818438
ECC+AES-256,1000,4,761,0.03160000778734684,0.13440000475384295,0.1078000059351325,True,3815.786054818438
ECC+AES-256,1000,4,762,0.024300010409206152,0.1320000010309741,0.10760000441223383,True,3815.786054818438
ECC+AES-256,1000,4,763,0.024299995857290924,0.13359999866224825,0.10749998909886926,True,3815.786054818438
ECC+AES-256,1000,4,764,0.02400000812485814,0.13139999646227807,0.10689999908208847,True,3815.786054818438
ECC+AES-256,1000,4,765,0.023899992811493576,0.1326000055996701,0.10799999290611595,True,3815.786054818438
ECC+AES-256,1000,4,766,0.02379999205004424,0.1306000049225986,0.10719998681452125,True,3815.786054818438
ECC+AES-256,1000,4,767,0.029799994081258774,0.13359999866224825,0.10689999908208847,True,3815.786054818438
ECC+AES-256,1000,4,768,0.02409999433439225,0.13179999950807542,0.10750000365078449,True,3815.786054818438
ECC+AES-256,1000,4,769,0.02400000812485814,0.1309000072069466,0.1066999975591898,True,3815.786054818438
ECC+AES-256,1000,4,770,0.0236999912885949,0.1306000049225986,0.10639999527484179,True,3815.786054818438
ECC+AES-256,1000,4,771,0.023800006601959467,0.13359999866224825,0.10710000060498714,True,3815.786054818438
ECC+AES-256,1000,4,772,0.024199995095841587,0.13190000026952475,0.1066999975591898,True,3815.786054818438
ECC+AES-256,1000,4,773,0.029600007110275328,0.13250000483822078,0.1066999975591898,True,3815.786054818438
ECC+AES-256,1000,4,774,0.02370000584051013,0.1306000049225986,0.10649999603629112,True,3815.786054818438
ECC+AES-256,1000,4,775,0.023800006601959467,0.13159999798517674,0.10730000212788582,True,3815.786054818438
ECC+AES-256,1000,4,776,0.023999993572942913,0.1314999972237274,0.10699999984353781,True,3815.786054818438
ECC+AES-256,1000,4,777,0.023500004317611456,0.13420000323094428,0.10810000821948051,True,3815.786054818438
ECC+AES-256,1000,4,778,0.023999993572942913,0.13220000255387276,0.10749998909886926,True,3815.786054818438
ECC+AES-256,1000,4,779,0.02370000584051013,0.14009998994879425,0.10750000365078449,True,3815.786054818438
ECC+AES-256,1000,4,780,0.02379999205004424,0.13159999798517674,0.1078000059351325,True,3815.786054818438
ECC+AES-256,1000,4,781,0.0236999912885949,0.13080000644549727,0.10699999984353781,True,3815.786054818438
ECC+AES-256,1000,4,782,0.023999993572942913,0.1311999949393794,0.1066999975591898,True,3815.786054818438
ECC+AES-256,1000,4,783,0.024299995857290924,0.1311999949393794,0.10670001211110502,True,3815.786054818438
ECC+AES-256,1000,4,784,0.02370000584051013,0.12989999959245324,0.10639999527484179,True,3815.786054818438
ECC+AES-256,1000,4,785,0.02370000584051013,0.13760000001639128,0.10699999984353781,True,3815.786054818438
ECC+AES-256,1000,4,786,0.024199995095841587,0.13109999417793006,0.10699999984353781,True,3815.786054818438
ECC+AES-256,1000,4,787,0.024199995095841587,0.1314999972237274,0.10630000906530768,True,3815.786054818438
ECC+AES-256,1000,4,788,0.023899992811493576,0.13000000035390258,0.10550000297371298,True,3815.786054818438
ECC+AES-256,1000,4,789,0.024199995095841587,0.1306000049225986,0.10740000288933516,True,3815.786054818438
ECC+AES-256,1000,4,790,0.042800005758181214,0.189200000022538,0.12560001050587744,True,3815.786054818438
ECC+AES-256,1000,4,791,0.02819999644998461,0.1453000004403293,0.11409999569877982,True,3815.786054818438
ECC+AES-256,1000,4,792,0.025300003471784294,0.13699999544769526,0.10979999206028879,True,3815.786054818438
ECC+AES-256,1000,4,793,0.024900000425986946,0.13500000932253897,0.10830000974237919,True,3815.786054818438
ECC+AES-256,1000,4,794,0.025300003471784294,0.1370999962091446,0.10949998977594078,True,3815.786054818438
ECC+AES-256,1000,4,795,0.025699991965666413,0.13580000086221844,0.10889999975915998,True,3815.786054818438
ECC+AES-256,1000,4,796,0.024499997380189598,0.13380000018514693,0.10740000288933516,True,3815.786054818438
ECC+AES-256,1000,4,797,0.02439999661874026,0.13199998647905886,0.10740000288933516,True,3815.786054818438
ECC+AES-256,1000,4,798,0.023800006601959467,0.13729999773204327,0.1075999898603186,True,3815.786054818438
ECC+AES-256,1000,4,799,0.023999993572942913,0.13220000255387276,0.10790000669658184,True,3815.786054818438
ECC+AES-256,1000,4,800,0.024199995095841587,0.1331000094069168,0.10770000517368317,True,3815.786054818438
ECC+AES-256,1000,4,801,0.0261999957729131,0.1353999978164211,0.10790000669658184,True,3815.786054818438
ECC+AES-256,1000,4,802,0.024599998141638935,0.1326000055996701,0.10720000136643648,True,3815.786054818438
ECC+AES-256,1000,4,803,0.02400000812485814,0.1336999994236976,0.10829999519046396,True,3815.786054818438
ECC+AES-256,1000,4,804,0.024499997380189598,0.13429998944047838,0.10770000517368317,True,3815.786054818438
ECC+AES-256,1000,4,805,0.024100008886307478,0.13139999646227807,0.10720000136643648,True,3815.786054818438
ECC+AES-256,1000,4,806,0.048000001697801054,0.182100004167296,0.1201999984914437,True,3815.786054818438
ECC+AES-256,1000,4,807,0.028399997972883284,0.14180000289343297,0.11199999426025897,True,3815.786054818438
ECC+AES-256,1000,4,808,0.025200002710334957,0.1348999940091744,0.10859999747481197,True,3815.786054818438
ECC+AES-256,1000,4,809,0.025200002710334957,0.14279999595601112,0.11379999341443181,True,3815.786054818438
ECC+AES-256,1000,4,810,0.024599998141638935,0.13210000179242343,0.12240000069141388,True,3815.786054818438
ECC+AES-256,1000,4,811,0.024199995095841587,0.13279999257065356,0.10740000288933516,True,3815.786054818438
ECC+AES-256,1000,4,812,0.02370000584051013,0.12940001033712178,0.10629999451339245,True,3815.786054818438
ECC+AES-256,1000,4,813,0.023800006601959467,0.13129999570082873,0.10639999527484179,True,3815.786054818438
ECC+AES-256,1000,4,814,0.0236999912885949,0.13099999341648072,0.10740000288933516,True,3815.786054818438
ECC+AES-256,1000,4,815,0.02370000584051013,0.13089999265503138,0.10710000060498714,True,3815.786054818438
ECC+AES-256,1000,4,816,0.023900007363408804,0.13160001253709197,0.11890000314451754,True,3815.786054818438
ECC+AES-256,1000,4,817,0.023899992811493576,0.13129999570082873,0.10770000517368317,True,3815.786054818438
ECC+AES-256,1000,4,818,0.02400000812485814,0.13100000796839595,0.10720000136643648,True,3815.786054818438
ECC+AES-256,1000,4,819,0.023599990527145565,0.13179999950807542,0.10829999519046396,True,3815.786054818438
ECC+AES-256,1000,4,820,0.023800006601959467,0.13100000796839595,0.10720000136643648,True,3815.786054818438
ECC+AES-256,1000,4,821,0.02439999661874026,0.14359998749569058,0.11449999874457717,True,3815.786054818438
ECC+AES-256,1000,4,822,0.023800006601959467,0.13809998927172273,0.10889999975915998,True,3815.786054818438
ECC+AES-256,1000,4,823,0.024100008886307478,0.13010000111535192,0.10769999062176794,True,3815.786054818438
ECC+AES-256,1000,4,824,0.023599990527145565,0.13080000644549727,0.10710000060498714,True,3815.786054818438
ECC+AES-256,1000,4,825,0.023899992811493576,0.13099999341648072,0.10740000288933516,True,3815.786054818438
ECC+AES-256,1000,4,826,0.0236999912885949,0.12929999502375722,0.10660001134965569,True,3815.786054818438
ECC+AES-256,1000,4,827,0.0236999912885949,0.12989999959245324,0.1066999975591898,True,3815.786054818438
ECC+AES-256,1000,4,828,0.02379999205004424,0.13889999536331743,0.10940000356640667,True,3815.786054818438
ECC+AES-256,1000,4,829,0.024100008886307478,0.13169999874662608,0.1078000059351325,True,3815.786054818438
ECC+AES-256,1000,4,830,0.0236999912885949,0.13040000339969993,0.10599999222904444,True,3815.786054818438
ECC+AES-256,1000,4,831,0.02409999433439225,0.13050000416114926,0.10679999832063913,True,3815.786054818438
ECC+AES-256,1000,4,832,0.023800006601959467,0.13099999341648072,0.10720000136643648,True,3815.786054818438
ECC+AES-256,1000,4,833,0.02400000812485814,0.1309000072069466,0.10659999679774046,True,3815.786054818438
ECC+AES-256,1000,4,834,0.023899992811493576,0.13780000153928995,0.11050001194234937,True,3815.786054818438
ECC+AES-256,1000,4,835,0.024200009647756815,0.13070000568404794,0.10679999832063913,True,3815.786054818438
ECC+AES-256,1000,4,836,0.0236999912885949,0.1303000026382506,0.10659999679774046,True,3815.786054818438
ECC+AES-256,1000,4,837,0.023599990527145565,0.13129999570082873,0.10689999908208847,True,3815.786054818438
ECC+AES-256,1000,4,838,0.0236999912885949,0.13099999341648072,0.10679999832063913,True,3815.786054818438
ECC+AES-256,1000,4,839,0.023599990527145565,0.13129999570082873,0.10660001134965569,True,3815.786054818438
ECC+AES-256,1000,4,840,0.02370000584051013,0.1297999988310039,0.11649999942164868,True,3815.786054818438
ECC+AES-256,1000,4,841,0.024100008886307478,0.13150001177564263,0.10710000060498714,True,3815.786054818438
ECC+AES-256,1000,4,842,0.023800006601959467,0.13129999570082873,0.10710000060498714,True,3815.786054818438
ECC+AES-256,1000,4,843,0.023499989765696228,0.13109999417793006,0.10760000441223383,True,3815.786054818438
ECC+AES-256,1000,4,844,0.02370000584051013,0.13059999037068337,0.10689999908208847,True,3815.786054818438
ECC+AES-256,1000,4,845,0.02400000812485814,0.14080000983085483,0.1066999975591898,True,3815.786054818438
ECC+AES-256,1000,4,846,0.023800006601959467,0.13129999570082873,0.11029999586753547,True,3815.786054818438
ECC+AES-256,1000,4,847,0.023899992811493576,0.13159999798517674,0.10800000745803118,True,3815.786054818438
ECC+AES-256,1000,4,848,0.023899992811493576,0.13050000416114926,0.10639999527484179,True,3815.786054818438
ECC+AES-256,1000,4,849,0.023899992811493576,0.12989999959245324,0.1053000014508143,True,3815.786054818438
ECC+AES-256,1000,4,850,0.0236999912885949,0.13050000416114926,0.10729998757597059,True,3815.786054818438
ECC+AES-256,1000,4,851,0.02370000584051013,0.1303000026382506,0.10679999832063913,True,3815.786054818438
ECC+AES-256,1000,4,852,0.023800006601959467,0.13049998960923404,0.11770000855904073,True,3815.786054818438
ECC+AES-256,1000,4,853,0.024100008886307478,0.1320000010309741,0.10740000288933516,True,3815.786054818438
ECC+AES-256,1000,4,854,0.023899992811493576,0.12989999959245324,0.10679999832063913,True,3815.786054818438
ECC+AES-256,1000,4,855,0.02409999433439225,0.13080000644549727,0.10769999062176794,True,3815.786054818438
ECC+AES-256,1000,4,856,0.023800006601959467,0.13029998808633536,0.10620000830385834,True,3815.786054818438
ECC+AES-256,1000,4,857,0.024299995857290924,0.1436000020476058,0.10879999899771065,True,3815.786054818438
ECC+AES-256,1000,4,858,0.023900007363408804,0.1365000061923638,0.1103000104194507,True,3815.786054818438
ECC+AES-256,1000,4,859,0.02370000584051013,0.13130001025274396,0.10749998909886926,True,3815.786054818438
ECC+AES-256,1000,4,860,0.024100008886307478,0.1300999865634367,0.10590000601951033,True,3815.786054818438
ECC+AES-256,1000,4,861,0.023499989765696228,0.13020000187680125,0.10619999375194311,True,3815.786054818438
ECC+AES-256,1000,4,862,0.024100008886307478,0.1303999888477847,0.10720000136643648,True,3815.786054818438
ECC+AES-256,1000,4,863,0.023600005079060793,0.13040000339969993,0.10609999299049377,True,3815.786054818438
ECC+AES-256,1000,4,864,0.023599990527145565,0.1309000072069466,0.11690000246744603,True,3815.786054818438
ECC+AES-256,1000,4,865,0.023999993572942913,0.13000000035390258,0.10679999832063913,True,3815.786054818438
ECC+AES-256,1000,4,866,0.02370000584051013,0.1314000110141933,0.10679999832063913,True,3815.786054818438
ECC+AES-256,1000,4,867,0.02400000812485814,0.13099999341648072,0.10639999527484179,True,3815.786054818438
ECC+AES-256,1000,4,868,0.02379999205004424,0.13129999570082873,0.10730000212788582,True,3815.786054818438
ECC+AES-256,1000,4,869,0.023800006601959467,0.1343000039923936,0.10730000212788582,True,3815.786054818438
ECC+AES-256,1000,4,870,0.023500004317611456,0.13040000339969993,0.11740000627469271,True,3815.786054818438
ECC+AES-256,1000,4,871,0.023900007363408804,0.13130001025274396,0.10689999908208847,True,3815.786054818438
ECC+AES-256,1000,4,872,0.02370000584051013,0.12909999350085855,0.10570000449661165,True,3815.786054818438
ECC+AES-256,1000,4,873,0.023899992811493576,0.13100000796839595,0.10739998833741993,True,3815.786054818438
ECC+AES-256,1000,4,874,0.02340000355616212,0.12989999959245324,0.10609999299049377,True,3815.786054818438
ECC+AES-256,1000,4,875,0.023899992811493576,0.13010000111535192,0.10679999832063913,True,3815.786054818438
ECC+AES-256,1000,4,876,0.023599990527145565,0.13040000339969993,0.1168999879155308,True,3815.786054818438
ECC+AES-256,1000,4,877,0.02370000584051013,0.1306999911321327,0.10630000906530768,True,3815.786054818438
ECC+AES-256,1000,4,878,0.024199995095841587,0.13139999646227807,0.10659999679774046,True,3815.786054818438
ECC+AES-256,1000,4,879,0.023499989765696228,0.1309000072069466,0.10720000136643648,True,3815.786054818438
ECC+AES-256,1000,4,880,0.023999993572942913,0.13190000026952475,0.10770000517368317,True,3815.786054818438
ECC+AES-256,1000,4,881,0.02370000584051013,0.1404999929945916,0.10730000212788582,True,3815.786054818438
ECC+AES-256,1000,4,882,0.02370000584051013,0.13050000416114926,0.11749999248422682,True,3815.786054818438
ECC+AES-256,1000,4,883,0.023800006601959467,0.13120000949129462,0.10699999984353781,True,3815.786054818438
ECC+AES-256,1000,4,884,0.024199995095841587,0.13120000949129462,0.10720000136643648,True,3815.786054818438
ECC+AES-256,1000,4,885,0.02370000584051013,0.1306999911321327,0.10699999984353781,True,3815.786054818438
ECC+AES-256,1000,4,886,0.024100008886307478,0.13099999341648072,0.10710000060498714,True,3815.786054818438
ECC+AES-256,1000,4,887,0.02339998900424689,0.13100000796839595,0.10609999299049377,True,3815.786054818438
ECC+AES-256,1000,4,888,0.023899992811493576,0.13129999570082873,0.11690000246744603,True,3815.786054818438
ECC+AES-256,1000,4,889,0.023900007363408804,0.1303000026382506,0.10679999832063913,True,3815.786054818438
ECC+AES-256,1000,4,890,0.0236999912885949,0.12989999959245324,0.106100007542409,True,3815.786054818438
ECC+AES-256,1000,4,891,0.023800006601959467,0.1292000088142231,0.10699999984353781,True,3815.786054818438
ECC+AES-256,1000,4,892,0.02370000584051013,0.1306000049225986,0.10720000136643648,True,3815.786054818438
ECC+AES-256,1000,4,893,0.02400000812485814,0.14280001050792634,0.11059999815188348,True,3815.786054818438
ECC+AES-256,1000,4,894,0.023600005079060793,0.13020000187680125,0.11639999866019934,True,3815.786054818438
ECC+AES-256,1000,4,895,0.02400000812485814,0.1306000049225986,0.10649999603629112,True,3815.786054818438
ECC+AES-256,1000,4,896,0.023600005079060793,0.12919999426230788,0.10540000221226364,True,3815.786054818438
ECC+AES-256,1000,4,897,0.02370000584051013,0.13089999265503138,0.10699999984353781,True,3815.786054818438
ECC+AES-256,1000,4,898,0.023500004317611456,0.13079999189358205,0.1066999975591898,True,3815.786054818438
ECC+AES-256,1000,4,899,0.024199995095841587,0.13250000483822078,0.15799999528098851,True,3815.786054818438
ECC+AES-256,1000,4,900,0.04560001252684742,0.17749999824445695,0.12100000458303839,True,3815.786054818438
ECC+AES-256,1000,4,901,0.02749999111983925,0.1412999990861863,0.11199999426025897,True,3815.786054818438
ECC+AES-256,1000,4,902,0.024900000425986946,0.13449999096337706,0.10869999823626131,True,3815.786054818438
ECC+AES-256,1000,4,903,0.02409999433439225,0.13169999874662608,0.1066999975591898,True,3815.786054818438
ECC+AES-256,1000,4,904,0.023800006601959467,0.1320000010309741,0.1221999991685152,True,3815.786054818438
ECC+AES-256,1000,4,905,0.025899993488565087,0.1336999994236976,0.109200002043508,True,3815.786054818438
ECC+AES-256,1000,4,906,0.024499997380189598,0.13250000483822078,0.10819999442901462,True,3815.786054818438
ECC+AES-256,1000,4,907,0.024199995095841587,0.13139999646227807,0.10670001211110502,True,3815.786054818438
ECC+AES-256,1000,4,908,0.024100008886307478,0.1320999872405082,0.10760000441223383,True,3815.786054818438
ECC+AES-256,1000,4,909,0.023999993572942913,0.13240000407677144,0.10789999214466661,True,3815.786054818438
ECC+AES-256,1000,4,910,0.02409999433439225,0.1303000026382506,0.11740000627469271,True,3815.786054818438
ECC+AES-256,1000,4,911,0.024499997380189598,0.13110000872984529,0.10730000212788582,True,3815.786054818438
ECC+AES-256,1000,4,912,0.02409999433439225,0.13099999341648072,0.1069000136340037,True,3815.786054818438
ECC+AES-256,1000,4,913,0.023899992811493576,0.1314999972237274,0.10730000212788582,True,3815.786054818438
ECC+AES-256,1000,4,914,0.02370000584051013,0.13130001025274396,0.10729998757597059,True,3815.786054818438
ECC+AES-256,1000,4,915,0.024199995095841587,0.13110000872984529,0.10730000212788582,True,3815.786054818438
ECC+AES-256,1000,4,916,0.023800006601959467,0.1303999888477847,0.11660000018309802,True,3815.786054818438
ECC+AES-256,1000,4,917,0.02440001117065549,0.13130001025274396,0.10699999984353781,True,3815.786054818438
ECC+AES-256,1000,4,918,0.024100008886307478,0.13100000796839595,0.10699999984353781,True,3815.786054818438
ECC+AES-256,1000,4,919,0.023899992811493576,0.13100000796839595,0.10710000060498714,True,3815.786054818438
ECC+AES-256,1000,4,920,0.024100008886307478,0.12989999959245324,0.10619999375194311,True,3815.786054818438
ECC+AES-256,1000,4,921,0.023900007363408804,0.13159999798517674,0.10689999908208847,True,3815.786054818438
ECC+AES-256,1000,4,922,0.023800006601959467,0.13190000026952475,0.11930000619031489,True,3815.786054818438
ECC+AES-256,1000,4,923,0.02479999966453761,0.13250000483822078,0.10769999062176794,True,3815.786054818438
ECC+AES-256,1000,4,924,0.023900007363408804,0.13020000187680125,0.10699999984353781,True,3815.786054818438
ECC+AES-256,1000,4,925,0.024299995857290924,0.1311999949393794,0.10650001058820635,True,3815.786054818438
ECC+AES-256,1000,4,926,0.023999993572942913,0.13070000568404794,0.1058999914675951,True,3815.786054818438
ECC+AES-256,1000,4,927,0.02379999205004424,0.13109999417793006,0.10620000830385834,True,3815.786054818438
ECC+AES-256,1000,4,928,0.02400000812485814,0.13190000026952475,0.11760000779759139,True,3815.786054818438
ECC+AES-256,1000,4,929,0.02409999433439225,0.13159999798517674,0.10599999222904444,True,3815.786054818438
ECC+AES-256,1000,4,930,0.02409999433439225,0.13059999037068337,0.10670001211110502,True,3815.786054818438
ECC+AES-256,1000,4,931,0.024299995857290924,0.13109999417793006,0.10750000365078449,True,3815.786054818438
ECC+AES-256,1000,4,932,0.024300010409206152,0.13100000796839595,0.10699999984353781,True,3815.786054818438
ECC+AES-256,1000,4,933,0.023899992811493576,0.13099999341648072,0.10699999984353781,True,3815.786054818438
ECC+AES-256,1000,4,934,0.023899992811493576,0.1309000072069466,0.11649999942164868,True,3815.786054818438
ECC+AES-256,1000,4,935,0.02439999661874026,0.1314999972237274,0.10649999603629112,True,3815.786054818438
ECC+AES-256,1000,4,936,0.024199995095841587,0.13349999790079892,0.10679999832063913,True,3815.786054818438
ECC+AES-256,1000,4,937,0.024100008886307478,0.13040000339969993,0.10659999679774046,True,3815.786054818438
ECC+AES-256,1000,4,938,0.024499997380189598,0.13190000026952475,0.10750000365078449,True,3815.786054818438
ECC+AES-256,1000,4,939,0.024200009647756815,0.1300999865634367,0.10629999451339245,True,3815.786054818438
ECC+AES-256,1000,4,940,0.023900007363408804,0.1303999888477847,0.11419999646022916,True,3815.786054818438
ECC+AES-256,1000,4,941,0.02440001117065549,0.13250000483822078,0.10770000517368317,True,3815.786054818438
ECC+AES-256,1000,4,942,0.023800006601959467,0.1314000110141933,0.10689999908208847,True,3815.786054818438
ECC+AES-256,1000,4,943,0.023600005079060793,0.1303000026382506,0.10679999832063913,True,3815.786054818438
ECC+AES-256,1000,4,944,0.023800006601959467,0.13130001025274396,0.10710000060498714,True,3815.786054818438
ECC+AES-256,1000,4,945,0.024499997380189598,0.1323000033153221,0.10779999138321728,True,3815.786054818438
ECC+AES-256,1000,4,946,0.038300000596791506,0.16290000348817557,0.11530000483617187,True,3815.786054818438
ECC+AES-256,1000,4,947,0.04549999721348286,0.19210000755265355,0.12060000153724104,True,3815.786054818438
ECC+AES-256,1000,4,948,0.03710000601131469,0.159399991389364,0.1145999995060265,True,3815.786054818438
ECC+AES-256,1000,4,949,0.025600005756132305,0.13640000543091446,0.10889999975915998,True,3815.786054818438
ECC+AES-256,1000,4,950,0.024499997380189598,0.13349999790079892,0.10769999062176794,True,3815.786054818438
ECC+AES-256,1000,4,951,0.02379999205004424,0.1303000026382506,0.10799999290611595,True,3815.786054818438
ECC+AES-256,1000,4,952,0.023800006601959467,0.13000000035390258,0.10679999832063913,True,3815.786054818438
ECC+AES-256,1000,4,953,0.02439999661874026,0.1323000033153221,0.10809999366756529,True,3815.786054818438
ECC+AES-256,1000,4,954,0.02379999205004424,0.1309000072069466,0.10689999908208847,True,3815.786054818438
ECC+AES-256,1000,4,955,0.023900007363408804,0.1314000110141933,0.10799999290611595,True,3815.786054818438
ECC+AES-256,1000,4,956,0.023800006601959467,0.13079999189358205,0.10770000517368317,True,3815.786054818438
ECC+AES-256,1000,4,957,0.023600005079060793,0.13059999037068337,0.10760000441223383,True,3815.786054818438
ECC+AES-256,1000,4,958,0.024299995857290924,0.13159999798517674,0.10710000060498714,True,3815.786054818438
ECC+AES-256,1000,4,959,0.02469999890308827,0.13190000026952475,0.10770000517368317,True,3815.786054818438
ECC+AES-256,1000,4,960,0.02439999661874026,0.13070000568404794,0.10619999375194311,True,3815.786054818438
ECC+AES-256,1000,4,961,0.02439999661874026,0.13040000339969993,0.10689999908208847,True,3815.786054818438
ECC+AES-256,1000,4,962,0.024600012693554163,0.13159999798517674,0.10770000517368317,True,3815.786054818438
ECC+AES-256,1000,4,963,0.023800006601959467,0.13059999037068337,0.10750000365078449,True,3815.786054818438
ECC+AES-256,1000,4,964,0.024199995095841587,0.13080000644549727,0.10699999984353781,True,3815.786054818438
ECC+AES-256,1000,4,965,0.024500011932104826,0.13240000407677144,0.10720000136643648,True,3815.786054818438
ECC+AES-256,1000,4,966,0.024100008886307478,0.13099999341648072,0.10730000212788582,True,3815.786054818438
ECC+AES-256,1000,4,967,0.02469999890308827,0.13130001025274396,0.1083999959519133,True,3815.786054818438
ECC+AES-256,1000,4,968,0.024300010409206152,0.13559999933931977,0.1078000059351325,True,3815.786054818438
ECC+AES-256,1000,4,969,0.02469999890308827,0.13169999874662608,0.10689999908208847,True,3815.786054818438
ECC+AES-256,1000,4,970,0.02409999433439225,0.13179999950807542,0.10720000136643648,True,3815.786054818438
ECC+AES-256,1000,4,971,0.024599998141638935,0.13270000636111945,0.1083999959519133,True,3815.786054818438
ECC+AES-256,1000,4,972,0.02409999433439225,0.13139999646227807,0.10720000136643648,True,3815.786054818438
ECC+AES-256,1000,4,973,0.02379999205004424,0.1306000049225986,0.10599999222904444,True,3815.786054818438
ECC+AES-256,1000,4,974,0.02469999890308827,0.13279999257065356,0.10740000288933516,True,3815.786054818438
ECC+AES-256,1000,4,975,0.023899992811493576,0.13110000872984529,0.10689999908208847,True,3815.786054818438
ECC+AES-256,1000,4,976,0.02379999205004424,0.13250000483822078,0.10679999832063913,True,3815.786054818438
ECC+AES-256,1000,4,977,0.024599998141638935,0.1323999895248562,0.10730000212788582,True,3815.786054818438
ECC+AES-256,1000,4,978,0.023999993572942913,0.1311999949393794,0.1066999975591898,True,3815.786054818438
ECC+AES-256,1000,4,979,0.02400000812485814,0.13040000339969993,0.10659999679774046,True,3815.786054818438
ECC+AES-256,1000,4,980,0.023900007363408804,0.13139999646227807,0.10679999832063913,True,3815.786054818438
ECC+AES-256,1000,4,981,0.02379999205004424,0.13089999265503138,0.10730000212788582,True,3815.786054818438
ECC+AES-256,1000,4,982,0.02409999433439225,0.13159999798517674,0.1066999975591898,True,3815.786054818438
ECC+AES-256,1000,4,983,0.024599998141638935,0.13169999874662608,0.10720000136643648,True,3815.786054818438
ECC+AES-256,1000,4,984,0.023900007363408804,0.1314999972237274,0.10710000060498714,True,3815.786054818438
ECC+AES-256,1000,4,985,0.024299995857290924,0.13099999341648072,0.10809999366756529,True,3815.786054818438
ECC+AES-256,1000,4,986,0.023900007363408804,0.13110000872984529,0.10729998757597059,True,3815.786054818438
ECC+AES-256,1000,4,987,0.023999993572942913,0.1311999949393794,0.10750000365078449,True,3815.786054818438
ECC+AES-256,1000,4,988,0.023900007363408804,0.13100000796839595,0.10740000288933516,True,3815.786054818438
ECC+AES-256,1000,4,989,0.02439999661874026,0.13339999713934958,0.10730000212788582,True,3815.786054818438
ECC+AES-256,1000,4,990,0.02469999890308827,0.19880000036209822,0.10939998901449144,True,3815.786054818438
ECC+AES-256,1000,4,991,0.0315000070258975,0.14479999663308263,0.10930000280495733,True,3815.786054818438
ECC+AES-256,1000,4,992,0.02469999890308827,0.13360001321416348,0.10810000821948051,True,3815.786054818438
ECC+AES-256,1000,4,993,0.02409999433439225,0.13159999798517674,0.10930000280495733,True,3815.786054818438
ECC+AES-256,1000,4,994,0.024600012693554163,0.13250000483822078,0.10809999366756529,True,3815.786054818438
ECC+AES-256,1000,4,995,0.024299995857290924,0.1340000017080456,0.11860000086016953,True,3815.786054818438
ECC+AES-256,1000,4,996,0.02479999966453761,0.13220000255387276,0.10710000060498714,True,3815.786054818438
ECC+AES-256,1000,4,997,0.023999993572942913,0.13100000796839595,0.10659999679774046,True,3815.786054818438
ECC+AES-256,1000,4,998,0.02409999433439225,0.13040000339969993,0.10729998757597059,True,3815.786054818438
ECC+AES-256,1000,4,999,0.02409999433439225,0.13169999874662608,0.10679999832063913,True,3815.786054818438
ECC+AES-256,1000,4,1000,0.023800006601959467,0.1340000017080456,0.10579999070614576,True,3815.786054818438
