scheme,volume,repetition,transaction_id,key_gen_time,encryption_time,decryption_time,integrity_verified,throughput
ECC+ChaCha20,1000,2,1,7.202699998742901,1.164100001915358,0.18780000391416252,True,4122.817066720688
ECC+ChaCha20,1000,2,2,0.04939999780617654,0.19540000357665122,0.1269999920623377,True,4122.817066720688
ECC+ChaCha20,1000,2,3,0.03579999611247331,0.15270001313183457,0.11480000102892518,True,4122.817066720688
ECC+ChaCha20,1000,2,4,0.030800001695752144,0.1438000035705045,0.11249999806750566,True,4122.817066720688
ECC+ChaCha20,1000,2,5,0.030700000934302807,0.14200000441633165,0.10930000280495733,True,4122.817066720688
ECC+ChaCha20,1000,2,6,0.029799994081258774,0.13810000382363796,0.10879999899771065,True,4122.817066720688
ECC+ChaCha20,1000,2,7,0.02890000178012997,0.1379999885102734,0.10729998757597059,True,4122.817066720688
ECC+ChaCha20,1000,2,8,0.028800001018680632,0.13549999857787043,0.1066999975591898,True,4122.817066720688
ECC+ChaCha20,1000,2,9,0.028700000257231295,0.13710001076105982,0.10689999908208847,True,4122.817066720688
ECC+ChaCha20,1000,2,10,0.028700000257231295,0.13849999231752008,0.10679999832063913,True,4122.817066720688
ECC+ChaCha20,1000,2,11,0.028800001018680632,0.13630000466946512,0.10710000060498714,True,4122.817066720688
ECC+ChaCha20,1000,2,12,0.029100003303028643,0.14790000568609685,0.10699999984353781,True,4122.817066720688
ECC+ChaCha20,1000,2,13,0.029100003303028643,0.13740001304540783,0.10819999442901462,True,4122.817066720688
ECC+ChaCha20,1000,2,14,0.028700000257231295,0.13910001143813133,0.1066999975591898,True,4122.817066720688
ECC+ChaCha20,1000,2,15,0.02890000178012997,0.14569998893421143,0.16850000247359276,True,4122.817066720688
ECC+ChaCha20,1000,2,16,0.033200005418621004,0.14350000128615648,0.1086000120267272,True,4122.817066720688
ECC+ChaCha20,1000,2,17,0.02929999027401209,0.13899999612476677,0.10789999214466661,True,4122.817066720688
ECC+ChaCha20,1000,2,18,0.02890000178012997,0.13770000077784061,0.10740000288933516,True,4122.817066720688
ECC+ChaCha20,1000,2,19,0.02849999873433262,0.13660000695381314,0.10689999908208847,True,4122.817066720688
ECC+ChaCha20,1000,2,20,0.028700000257231295,0.13770000077784061,0.10649999603629112,True,4122.817066720688
ECC+ChaCha20,1000,2,21,0.028700000257231295,0.14770000416319817,0.10640000982675701,True,4122.817066720688
ECC+ChaCha20,1000,2,22,0.02920000406447798,0.1429999974789098,0.10730000212788582,True,4122.817066720688
ECC+ChaCha20,1000,2,23,0.02929999027401209,0.13580000086221844,0.10620000830385834,True,4122.817066720688
ECC+ChaCha20,1000,2,24,0.028700000257231295,0.1362000039080158,0.10659999679774046,True,4122.817066720688
ECC+ChaCha20,1000,2,25,0.028700000257231295,0.13580000086221844,0.10689999908208847,True,4122.817066720688
ECC+ChaCha20,1000,2,26,0.029000002541579306,0.1365999924018979,0.10779999138321728,True,4122.817066720688
ECC+ChaCha20,1000,2,27,0.03199999628122896,0.14180000289343297,0.10859999747481197,True,4122.817066720688
ECC+ChaCha20,1000,2,28,0.03029999788850546,0.13889999536331743,0.10730000212788582,True,4122.817066720688
ECC+ChaCha20,1000,2,29,0.029300004825927317,0.13760000001639128,0.1075999898603186,True,4122.817066720688
ECC+ChaCha20,1000,2,30,0.029300004825927317,0.1370999962091446,0.10650001058820635,True,4122.817066720688
ECC+ChaCha20,1000,2,31,0.02890000178012997,0.13789998774882406,0.10789999214466661,True,4122.817066720688
ECC+ChaCha20,1000,2,32,0.02920000406447798,0.13749999925494194,0.10679999832063913,True,4122.817066720688
ECC+ChaCha20,1000,2,33,0.028800001018680632,0.13719999697059393,0.10679999832063913,True,4122.817066720688
ECC+ChaCha20,1000,2,34,0.029800008633174002,0.13660000695381314,0.10640000982675701,True,4122.817066720688
ECC+ChaCha20,1000,2,35,0.029100003303028643,0.13729999773204327,0.10730000212788582,True,4122.817066720688
ECC+ChaCha20,1000,2,36,0.02890000178012997,0.13609998859465122,0.10649999603629112,True,4122.817066720688
ECC+ChaCha20,1000,2,37,0.03029999788850546,0.13699999544769526,0.10650001058820635,True,4122.817066720688
ECC+ChaCha20,1000,2,38,0.029699993319809437,0.13800000306218863,0.10720000136643648,True,4122.817066720688
ECC+ChaCha20,1000,2,39,0.0295999925583601,0.13760000001639128,0.1066999975591898,True,4122.817066720688
ECC+ChaCha20,1000,2,40,0.031200004741549492,0.14259999443311244,0.10750000365078449,True,4122.817066720688
ECC+ChaCha20,1000,2,41,0.02950000634882599,0.1357999863103032,0.10689999908208847,True,4122.817066720688
ECC+ChaCha20,1000,2,42,0.029699993319809437,0.13869999384041876,0.10740000288933516,True,4122.817066720688
ECC+ChaCha20,1000,2,43,0.029399991035461426,0.13749999925494194,0.10739998833741993,True,4122.817066720688
ECC+ChaCha20,1000,2,44,0.02890000178012997,0.13610000314656645,0.10670001211110502,True,4122.817066720688
ECC+ChaCha20,1000,2,45,0.028599999495781958,0.13549999857787043,0.10590000601951033,True,4122.817066720688
ECC+ChaCha20,1000,2,46,0.029400005587376654,0.13819999003317207,0.10629999451339245,True,4122.817066720688
ECC+ChaCha20,1000,2,47,0.029000002541579306,0.13610000314656645,0.106100007542409,True,4122.817066720688
ECC+ChaCha20,1000,2,48,0.02920000406447798,0.14800000644754618,0.11079999967478216,True,4122.817066720688
ECC+ChaCha20,1000,2,49,0.03239999932702631,0.13770000077784061,0.10679999832063913,True,4122.817066720688
ECC+ChaCha20,1000,2,50,0.029300004825927317,0.1360000023851171,0.1075999898603186,True,4122.817066720688
ECC+ChaCha20,1000,2,51,0.02890000178012997,0.13839999155607074,0.10849999671336263,True,4122.817066720688
ECC+ChaCha20,1000,2,52,0.029999995604157448,0.13729999773204327,0.10750000365078449,True,4122.817066720688
ECC+ChaCha20,1000,2,53,0.029399991035461426,0.14859999646432698,0.10720000136643648,True,4122.817066720688
ECC+ChaCha20,1000,2,54,0.03029999788850546,0.13749999925494194,0.10679999832063913,True,4122.817066720688
ECC+ChaCha20,1000,2,55,0.029399991035461426,0.13640000543091446,0.10689999908208847,True,4122.817066720688
ECC+ChaCha20,1000,2,56,0.028700000257231295,0.13610000314656645,0.10540000221226364,True,4122.817066720688
ECC+ChaCha20,1000,2,57,0.028400012524798512,0.1353999978164211,0.10679999832063913,True,4122.817066720688
ECC+ChaCha20,1000,2,58,0.029100003303028643,0.13729999773204327,0.10590000601951033,True,4122.817066720688
ECC+ChaCha20,1000,2,59,0.03159999323543161,0.14109999756328762,0.1069000136340037,True,4122.817066720688
ECC+ChaCha20,1000,2,60,0.029100003303028643,0.149200001033023,0.10639999527484179,True,4122.817066720688
ECC+ChaCha20,1000,2,61,0.028700000257231295,0.1365999924018979,0.10699999984353781,True,4122.817066720688
ECC+ChaCha20,1000,2,62,0.0295999925583601,0.1365000061923638,0.10639999527484179,True,4122.817066720688
ECC+ChaCha20,1000,2,63,0.030100010917522013,0.1373999984934926,0.10629999451339245,True,4122.817066720688
ECC+ChaCha20,1000,2,64,0.02990000939462334,0.13729999773204327,0.10750000365078449,True,4122.817066720688
ECC+ChaCha20,1000,2,65,0.08069998875726014,0.14319999900180846,0.1078000059351325,True,4122.817066720688
ECC+ChaCha20,1000,2,66,0.032500000088475645,0.1453000004403293,0.1103000104194507,True,4122.817066720688
ECC+ChaCha20,1000,2,67,0.029400005587376654,0.142700009746477,0.10740000288933516,True,4122.817066720688
ECC+ChaCha20,1000,2,68,0.02890000178012997,0.1373999984934926,0.10760000441223383,True,4122.817066720688
ECC+ChaCha20,1000,2,69,0.028299997211433947,0.13590000162366778,0.10689999908208847,True,4122.817066720688
ECC+ChaCha20,1000,2,70,0.028700000257231295,0.1365000061923638,0.10730000212788582,True,4122.817066720688
ECC+ChaCha20,1000,2,71,0.029199989512562752,0.1370999962091446,0.10639999527484179,True,4122.817066720688
ECC+ChaCha20,1000,2,72,0.02849999873433262,0.13610000314656645,0.10659999679774046,True,4122.817066720688
ECC+ChaCha20,1000,2,73,0.028599999495781958,0.13660000695381314,0.10699999984353781,True,4122.817066720688
ECC+ChaCha20,1000,2,74,0.02920000406447798,0.13830000534653664,0.10659999679774046,True,4122.817066720688
ECC+ChaCha20,1000,2,75,0.029000002541579306,0.14930000179447234,0.11170000652782619,True,4122.817066720688
ECC+ChaCha20,1000,2,76,0.02890000178012997,0.13590000162366778,0.106100007542409,True,4122.817066720688
ECC+ChaCha20,1000,2,77,0.029800008633174002,0.13720001152250916,0.1066999975591898,True,4122.817066720688
ECC+ChaCha20,1000,2,78,0.029300004825927317,0.13770000077784061,0.10750000365078449,True,4122.817066720688
ECC+ChaCha20,1000,2,79,0.028399997972883284,0.13619998935610056,0.10649999603629112,True,4122.817066720688
ECC+ChaCha20,1000,2,80,0.029000002541579306,0.13529999705497175,0.12599999899975955,True,4122.817066720688
ECC+ChaCha20,1000,2,81,0.031799994758330286,0.1382000045850873,0.10629999451339245,True,4122.817066720688
ECC+ChaCha20,1000,2,82,0.029000002541579306,0.13630000466946512,0.10609999299049377,True,4122.817066720688
ECC+ChaCha20,1000,2,83,0.02890000178012997,0.13699999544769526,0.10699999984353781,True,4122.817066720688
ECC+ChaCha20,1000,2,84,0.028800001018680632,0.13639999087899923,0.10689999908208847,True,4122.817066720688
ECC+ChaCha20,1000,2,85,0.028800001018680632,0.13700000999961048,0.10679999832063913,True,4122.817066720688
ECC+ChaCha20,1000,2,86,0.028800001018680632,0.13679999392479658,0.10689999908208847,True,4122.817066720688
ECC+ChaCha20,1000,2,87,0.028400012524798512,0.13690000923816115,0.10649999603629112,True,4122.817066720688
ECC+ChaCha20,1000,2,88,0.028599999495781958,0.13610000314656645,0.10640000982675701,True,4122.817066720688
ECC+ChaCha20,1000,2,89,0.028700000257231295,0.13610000314656645,0.10650001058820635,True,4122.817066720688
ECC+ChaCha20,1000,2,90,0.028800001018680632,0.15020000864751637,0.10699999984353781,True,4122.817066720688
ECC+ChaCha20,1000,2,91,0.029099988751113415,0.13699999544769526,0.10619999375194311,True,4122.817066720688
ECC+ChaCha20,1000,2,92,0.028700000257231295,0.13710001076105982,0.10509999992791563,True,4122.817066720688
ECC+ChaCha20,1000,2,93,0.028800001018680632,0.13590000162366778,0.1066999975591898,True,4122.817066720688
ECC+ChaCha20,1000,2,94,0.02850001328624785,0.1357000001007691,0.1049999991664663,True,4122.817066720688
ECC+ChaCha20,1000,2,95,0.03229999856557697,0.14740000187885016,0.10980000661220402,True,4122.817066720688
ECC+ChaCha20,1000,2,96,0.03029999788850546,0.1396000006934628,0.10849999671336263,True,4122.817066720688
ECC+ChaCha20,1000,2,97,0.02849999873433262,0.13610000314656645,0.10730000212788582,True,4122.817066720688
ECC+ChaCha20,1000,2,98,0.029400005587376654,0.14139999984763563,0.10710000060498714,True,4122.817066720688
ECC+ChaCha20,1000,2,99,0.02890000178012997,0.1365000061923638,0.10649999603629112,True,4122.817066720688
ECC+ChaCha20,1000,2,100,0.028399997972883284,0.13630000466946512,0.106100007542409,True,4122.817066720688
ECC+ChaCha20,1000,2,101,0.028700000257231295,0.13550001312978566,0.10599999222904444,True,4122.817066720688
ECC+ChaCha20,1000,2,102,0.028700000257231295,0.1379000023007393,0.10689999908208847,True,4122.817066720688
ECC+ChaCha20,1000,2,103,0.028599999495781958,0.13800000306218863,0.10730000212788582,True,4122.817066720688
ECC+ChaCha20,1000,2,104,0.029699993319809437,0.13690000923816115,0.10829999519046396,True,4122.817066720688
ECC+ChaCha20,1000,2,105,0.0295999925583601,0.15039999561849982,0.11310000263620168,True,4122.817066720688
ECC+ChaCha20,1000,2,106,0.03060000017285347,0.14250000822357833,0.11049999739043415,True,4122.817066720688
ECC+ChaCha20,1000,2,107,0.029799994081258774,0.13549999857787043,0.10869999823626131,True,4122.817066720688
ECC+ChaCha20,1000,2,108,0.029799994081258774,0.13859999307896942,0.10770000517368317,True,4122.817066720688
ECC+ChaCha20,1000,2,109,0.029100003303028643,0.13700000999961048,0.1066999975591898,True,4122.817066720688
ECC+ChaCha20,1000,2,110,0.031000003218650818,0.13810000382363796,0.10660001134965569,True,4122.817066720688
ECC+ChaCha20,1000,2,111,0.031000003218650818,0.1370999962091446,0.10640000982675701,True,4122.817066720688
ECC+ChaCha20,1000,2,112,0.030199997127056122,0.13729999773204327,0.10679999832063913,True,4122.817066720688
ECC+ChaCha20,1000,2,113,0.029999995604157448,0.1379000023007393,0.10649999603629112,True,4122.817066720688
ECC+ChaCha20,1000,2,114,0.029999995604157448,0.13749999925494194,0.10790000669658184,True,4122.817066720688
ECC+ChaCha20,1000,2,115,0.029100003303028643,0.13710001076105982,0.10619999375194311,True,4122.817066720688
ECC+ChaCha20,1000,2,116,0.02989999484270811,0.13889999536331743,0.10740000288933516,True,4122.817066720688
ECC+ChaCha20,1000,2,117,0.02920000406447798,0.1365999924018979,0.10660001134965569,True,4122.817066720688
ECC+ChaCha20,1000,2,118,0.029400005587376654,0.14480001118499786,0.10790000669658184,True,4122.817066720688
ECC+ChaCha20,1000,2,119,0.029700007871724665,0.13760000001639128,0.1066999975591898,True,4122.817066720688
ECC+ChaCha20,1000,2,120,0.034900003811344504,0.1449999981559813,0.10879999899771065,True,4122.817066720688
ECC+ChaCha20,1000,2,121,0.0315000070258975,0.14289999671746045,0.10849999671336263,True,4122.817066720688
ECC+ChaCha20,1000,2,122,0.030100010917522013,0.1379000023007393,0.10740000288933516,True,4122.817066720688
ECC+ChaCha20,1000,2,123,0.02920000406447798,0.13800000306218863,0.1066999975591898,True,4122.817066720688
ECC+ChaCha20,1000,2,124,0.029100003303028643,0.13719999697059393,0.10939998901449144,True,4122.817066720688
ECC+ChaCha20,1000,2,125,0.029699993319809437,0.13809998927172273,0.10740000288933516,True,4122.817066720688
ECC+ChaCha20,1000,2,126,0.029100003303028643,0.13670000771526247,0.10740000288933516,True,4122.817066720688
ECC+ChaCha20,1000,2,127,0.02890000178012997,0.1373999984934926,0.10619999375194311,True,4122.817066720688
ECC+ChaCha20,1000,2,128,0.029000002541579306,0.13580000086221844,0.10810000821948051,True,4122.817066720688
ECC+ChaCha20,1000,2,129,0.030199997127056122,0.1382000045850873,0.10769999062176794,True,4122.817066720688
ECC+ChaCha20,1000,2,130,0.030100010917522013,0.13880000915378332,0.1083999959519133,True,4122.817066720688
ECC+ChaCha20,1000,2,131,0.02989999484270811,0.1466999965487048,0.10720000136643648,True,4122.817066720688
ECC+ChaCha20,1000,2,132,0.03090000245720148,0.13749999925494194,0.10679999832063913,True,4122.817066720688
ECC+ChaCha20,1000,2,133,0.029799994081258774,0.14119999832473695,0.10710000060498714,True,4122.817066720688
ECC+ChaCha20,1000,2,134,0.029400005587376654,0.13590000162366778,0.10639999527484179,True,4122.817066720688
ECC+ChaCha20,1000,2,135,0.02920000406447798,0.13640000543091446,0.10659999679774046,True,4122.817066720688
ECC+ChaCha20,1000,2,136,0.029499991796910763,0.1373999984934926,0.10720000136643648,True,4122.817066720688
ECC+ChaCha20,1000,2,137,0.03029999788850546,0.1365999924018979,0.10649999603629112,True,4122.817066720688
ECC+ChaCha20,1000,2,138,0.029000002541579306,0.1505999971413985,0.11410001025069505,True,4122.817066720688
ECC+ChaCha20,1000,2,139,0.029499991796910763,0.1365000061923638,0.10770000517368317,True,4122.817066720688
ECC+ChaCha20,1000,2,140,0.030199997127056122,0.13749999925494194,0.1066999975591898,True,4122.817066720688
ECC+ChaCha20,1000,2,141,0.02890000178012997,0.1365000061923638,0.10630000906530768,True,4122.817066720688
ECC+ChaCha20,1000,2,142,0.029700007871724665,0.13809998927172273,0.10730000212788582,True,4122.817066720688
ECC+ChaCha20,1000,2,143,0.02990000939462334,0.13840000610798597,0.10730000212788582,True,4122.817066720688
ECC+ChaCha20,1000,2,144,0.029700007871724665,0.13700000999961048,0.10649999603629112,True,4122.817066720688
ECC+ChaCha20,1000,2,145,0.03560000914148986,0.14870001177769154,0.10989999282173812,True,4122.817066720688
ECC+ChaCha20,1000,2,146,0.03169999399688095,0.13749999925494194,0.10889999975915998,True,4122.817066720688
ECC+ChaCha20,1000,2,147,0.029300004825927317,0.13740001304540783,0.10699999984353781,True,4122.817066720688
ECC+ChaCha20,1000,2,148,0.028599999495781958,0.13689999468624592,0.10630000906530768,True,4122.817066720688
ECC+ChaCha20,1000,2,149,0.03330000618007034,0.14819999341852963,0.11049999739043415,True,4122.817066720688
ECC+ChaCha20,1000,2,150,0.03060000017285347,0.14790000568609685,0.10720000136643648,True,4122.817066720688
ECC+ChaCha20,1000,2,151,0.028800001018680632,0.1368000084767118,0.10659999679774046,True,4122.817066720688
ECC+ChaCha20,1000,2,152,0.02890000178012997,0.13729999773204327,0.10810000821948051,True,4122.817066720688
ECC+ChaCha20,1000,2,153,0.02819999644998461,0.13580000086221844,0.10580000525806099,True,4122.817066720688
ECC+ChaCha20,1000,2,154,0.02890000178012997,0.13699999544769526,0.10710000060498714,True,4122.817066720688
ECC+ChaCha20,1000,2,155,0.02890000178012997,0.13689999468624592,0.10689999908208847,True,4122.817066720688
ECC+ChaCha20,1000,2,156,0.028700000257231295,0.148899998748675,0.11230001109652221,True,4122.817066720688
ECC+ChaCha20,1000,2,157,0.02890000178012997,0.13690000923816115,0.10679999832063913,True,4122.817066720688
ECC+ChaCha20,1000,2,158,0.028599999495781958,0.1368000084767118,0.10639999527484179,True,4122.817066720688
ECC+ChaCha20,1000,2,159,0.028400012524798512,0.1362000039080158,0.10660001134965569,True,4122.817066720688
ECC+ChaCha20,1000,2,160,0.028400012524798512,0.13559999933931977,0.10609999299049377,True,4122.817066720688
ECC+ChaCha20,1000,2,161,0.02849999873433262,0.1365999924018979,0.10699999984353781,True,4122.817066720688
ECC+ChaCha20,1000,2,162,0.028800001018680632,0.13610000314656645,0.10629999451339245,True,4122.817066720688
ECC+ChaCha20,1000,2,163,0.03850000211969018,0.16630000027362257,0.112900001113303,True,4122.817066720688
ECC+ChaCha20,1000,2,164,0.03060000017285347,0.14139999984763563,0.10859999747481197,True,4122.817066720688
ECC+ChaCha20,1000,2,165,0.0295999925583601,0.13889999536331743,0.10800000745803118,True,4122.817066720688
ECC+ChaCha20,1000,2,166,0.029300004825927317,0.1365000061923638,0.1066999975591898,True,4122.817066720688
ECC+ChaCha20,1000,2,167,0.028700000257231295,0.13530001160688698,0.10639999527484179,True,4122.817066720688
ECC+ChaCha20,1000,2,168,0.05919999966863543,0.1441000058548525,0.1083999959519133,True,4122.817066720688
ECC+ChaCha20,1000,2,169,0.05669999518431723,0.17890000890474766,0.11670000094454736,True,4122.817066720688
ECC+ChaCha20,1000,2,170,0.044500004150904715,0.1714000100037083,0.11490000179037452,True,4122.817066720688
ECC+ChaCha20,1000,2,171,0.03290000313427299,0.14450000890064985,0.10819999442901462,True,4122.817066720688
ECC+ChaCha20,1000,2,172,0.02950000634882599,0.13509999553207308,0.10570000449661165,True,4122.817066720688
ECC+ChaCha20,1000,2,173,0.028799986466765404,0.13490000856108963,0.10459999612066895,True,4122.817066720688
ECC+ChaCha20,1000,2,174,0.02890000178012997,0.13309999485500157,0.10390000534243882,True,4122.817066720688
ECC+ChaCha20,1000,2,175,0.02820001100189984,0.13290000788401812,0.10449999535921961,True,4122.817066720688
ECC+ChaCha20,1000,2,176,0.028099995688535273,0.14390000433195382,0.1058999914675951,True,4122.817066720688
ECC+ChaCha20,1000,2,177,0.0278999941656366,0.13169999874662608,0.10380000458098948,True,4122.817066720688
ECC+ChaCha20,1000,2,178,0.028399997972883284,0.13309999485500157,0.10399999155197293,True,4122.817066720688
ECC+ChaCha20,1000,2,179,0.02820001100189984,0.13120000949129462,0.1049999991664663,True,4122.817066720688
ECC+ChaCha20,1000,2,180,0.028399997972883284,0.13210000179242343,0.1041999930748716,True,4122.817066720688
ECC+ChaCha20,1000,2,181,0.027900008717551827,0.13439999020192772,0.10460001067258418,True,4122.817066720688
ECC+ChaCha20,1000,2,182,0.02819999644998461,0.13359999866224825,0.1044000091496855,True,4122.817066720688
ECC+ChaCha20,1000,2,183,0.028800001018680632,0.14590000500902534,0.11079999967478216,True,4122.817066720688
ECC+ChaCha20,1000,2,184,0.02750000567175448,0.13269999180920422,0.10340000153519213,True,4122.817066720688
ECC+ChaCha20,1000,2,185,0.02849999873433262,0.1331999956164509,0.10349998774472624,True,4122.817066720688
ECC+ChaCha20,1000,2,186,0.028299997211433947,0.1328999933321029,0.10389999079052359,True,4122.817066720688
ECC+ChaCha20,1000,2,187,0.027400004910305142,0.1331000094069168,0.10390000534243882,True,4122.817066720688
ECC+ChaCha20,1000,2,188,0.029800008633174002,0.1343000039923936,0.10459999612066895,True,4122.817066720688
ECC+ChaCha20,1000,2,189,0.031100003980100155,0.1593000051798299,0.11379999341443181,True,4122.817066720688
ECC+ChaCha20,1000,2,190,0.032500000088475645,0.13880000915378332,0.10619999375194311,True,4122.817066720688
ECC+ChaCha20,1000,2,191,0.028600014047697186,0.16009999671950936,0.10859999747481197,True,4122.817066720688
ECC+ChaCha20,1000,2,192,0.03159999323543161,0.14649999502580613,0.1137000072048977,True,4122.817066720688
ECC+ChaCha20,1000,2,193,0.029300004825927317,0.13309999485500157,0.10450000991113484,True,4122.817066720688
ECC+ChaCha20,1000,2,194,0.027999994927085936,0.13270000636111945,0.10479999764356762,True,4122.817066720688
ECC+ChaCha20,1000,2,195,0.028800001018680632,0.13329999637790024,0.10309999925084412,True,4122.817066720688
ECC+ChaCha20,1000,2,196,0.027399990358389914,0.1323000033153221,0.10309999925084412,True,4122.817066720688
ECC+ChaCha20,1000,2,197,0.027700007194653153,0.13219998800195754,0.10409999231342226,True,4122.817066720688
ECC+ChaCha20,1000,2,198,0.027900008717551827,0.13269999180920422,0.10369998926762491,True,4122.817066720688
ECC+ChaCha20,1000,2,199,0.027900008717551827,0.1331000094069168,0.10350000229664147,True,4122.817066720688
ECC+ChaCha20,1000,2,200,0.027700007194653153,0.13240000407677144,0.10340000153519213,True,4122.817066720688
ECC+ChaCha20,1000,2,201,0.027799993404187262,0.1331999956164509,0.10370000381954014,True,4122.817066720688
ECC+ChaCha20,1000,2,202,0.027900008717551827,0.13830000534653664,0.10260000999551266,True,4122.817066720688
ECC+ChaCha20,1000,2,203,0.028399997972883284,0.13309999485500157,0.1033000007737428,True,4122.817066720688
ECC+ChaCha20,1000,2,204,0.028999987989664078,0.13300000864546746,0.10340000153519213,True,4122.817066720688
ECC+ChaCha20,1000,2,205,0.02890000178012997,0.1343000039923936,0.10509999992791563,True,4122.817066720688
ECC+ChaCha20,1000,2,206,0.0281000102404505,0.1351000100839883,0.10479999764356762,True,4122.817066720688
ECC+ChaCha20,1000,2,207,0.028700000257231295,0.13390000094659626,0.10430000838823617,True,4122.817066720688
ECC+ChaCha20,1000,2,208,0.027900008717551827,0.13320001016836613,0.10429999383632094,True,4122.817066720688
ECC+ChaCha20,1000,2,209,0.029399991035461426,0.1429999974789098,0.10469999688211828,True,4122.817066720688
ECC+ChaCha20,1000,2,210,0.031799994758330286,0.13630000466946512,0.10509999992791563,True,4122.817066720688
ECC+ChaCha20,1000,2,211,0.028700000257231295,0.13269999180920422,0.1033000007737428,True,4122.817066720688
ECC+ChaCha20,1000,2,212,0.029799994081258774,0.1331999956164509,0.1036000030580908,True,4122.817066720688
ECC+ChaCha20,1000,2,213,0.028599999495781958,0.13240000407677144,0.10309999925084412,True,4122.817066720688
ECC+ChaCha20,1000,2,214,0.028299997211433947,0.13309999485500157,0.1033000007737428,True,4122.817066720688
ECC+ChaCha20,1000,2,215,0.028099995688535273,0.13329999637790024,0.10430000838823617,True,4122.817066720688
ECC+ChaCha20,1000,2,216,0.029099988751113415,0.1441000058548525,0.10910000128205866,True,4122.817066720688
ECC+ChaCha20,1000,2,217,0.029399991035461426,0.19209999300073832,0.10760000441223383,True,4122.817066720688
ECC+ChaCha20,1000,2,218,0.031200004741549492,0.13530001160688698,0.10429999383632094,True,4122.817066720688
ECC+ChaCha20,1000,2,219,0.02889998722821474,0.13549999857787043,0.10389999079052359,True,4122.817066720688
ECC+ChaCha20,1000,2,220,0.02819999644998461,0.1336999994236976,0.10390000534243882,True,4122.817066720688
ECC+ChaCha20,1000,2,221,0.028299997211433947,0.1331999956164509,0.13109999417793006,True,4122.817066720688
ECC+ChaCha20,1000,2,222,0.030899987905286252,0.13549999857787043,0.10509999992791563,True,4122.817066720688
ECC+ChaCha20,1000,2,223,0.029400005587376654,0.1407999952789396,0.1036000030580908,True,4122.817066720688
ECC+ChaCha20,1000,2,224,0.02920000406447798,0.1353999978164211,0.10520000068936497,True,4122.817066720688
ECC+ChaCha20,1000,2,225,0.028700000257231295,0.1331999956164509,0.10380000458098948,True,4122.817066720688
ECC+ChaCha20,1000,2,226,0.029399991035461426,0.13479999324772507,0.10299999848939478,True,4122.817066720688
ECC+ChaCha20,1000,2,227,0.028099995688535273,0.1323000033153221,0.10459999612066895,True,4122.817066720688
ECC+ChaCha20,1000,2,228,0.030199997127056122,0.1348999940091744,0.10540000221226364,True,4122.817066720688
ECC+ChaCha20,1000,2,229,0.029999995604157448,0.13279999257065356,0.1033000007737428,True,4122.817066720688
ECC+ChaCha20,1000,2,230,0.02889998722821474,0.145800004247576,0.1100999943446368,True,4122.817066720688
ECC+ChaCha20,1000,2,231,0.028599999495781958,0.13559999933931977,0.10509999992791563,True,4122.817066720688
ECC+ChaCha20,1000,2,232,0.029300004825927317,0.13390000094659626,0.1036000030580908,True,4122.817066720688
ECC+ChaCha20,1000,2,233,0.028800001018680632,0.13190000026952475,0.10619999375194311,True,4122.817066720688
ECC+ChaCha20,1000,2,234,0.030499999411404133,0.1348999940091744,0.1036000030580908,True,4122.817066720688
ECC+ChaCha20,1000,2,235,0.028799986466765404,0.1402000052621588,0.10420000762678683,True,4122.817066720688
ECC+ChaCha20,1000,2,236,0.02819999644998461,0.1331999956164509,0.10389999079052359,True,4122.817066720688
ECC+ChaCha20,1000,2,237,0.028599999495781958,0.14370000280905515,0.10420000762678683,True,4122.817066720688
ECC+ChaCha20,1000,2,238,0.02749999111983925,0.13190000026952475,0.10390000534243882,True,4122.817066720688
ECC+ChaCha20,1000,2,239,0.02780000795610249,0.13249999028630555,0.10359998850617558,True,4122.817066720688
ECC+ChaCha20,1000,2,240,0.0281000102404505,0.13050000416114926,0.102700010756962,True,4122.817066720688
ECC+ChaCha20,1000,2,241,0.027799993404187262,0.13220000255387276,0.10340000153519213,True,4122.817066720688
ECC+ChaCha20,1000,2,242,0.027900008717551827,0.1326000055996701,0.1033000007737428,True,4122.817066720688
ECC+ChaCha20,1000,2,243,0.028000009479001164,0.13159999798517674,0.10320000001229346,True,4122.817066720688
ECC+ChaCha20,1000,2,244,0.060399994254112244,0.13869999384041876,0.24029999622143805,True,4122.817066720688
ECC+ChaCha20,1000,2,245,0.0509000092279166,0.16090000281110406,0.11000000813510269,True,4122.817066720688
ECC+ChaCha20,1000,2,246,0.03700000524986535,0.1365000061923638,0.10550000297371298,True,4122.817066720688
ECC+ChaCha20,1000,2,247,0.02950000634882599,0.14230000670067966,0.11049999739043415,True,4122.817066720688
ECC+ChaCha20,1000,2,248,0.03429999924264848,0.1429999974789098,0.11220001033507288,True,4122.817066720688
ECC+ChaCha20,1000,2,249,0.034199998481199145,0.14350000128615648,0.10829999519046396,True,4122.817066720688
ECC+ChaCha20,1000,2,250,0.032800002372823656,0.15079999866429716,0.10889999975915998,True,4122.817066720688
ECC+ChaCha20,1000,2,251,0.030499999411404133,0.13410000246949494,0.10380000458098948,True,4122.817066720688
ECC+ChaCha20,1000,2,252,0.029100003303028643,0.13669999316334724,0.10469999688211828,True,4122.817066720688
ECC+ChaCha20,1000,2,253,0.02890000178012997,0.13380000018514693,0.10439999459777027,True,4122.817066720688
ECC+ChaCha20,1000,2,254,0.02920000406447798,0.13470000703819096,0.10320000001229346,True,4122.817066720688
ECC+ChaCha20,1000,2,255,0.028599999495781958,0.1340000017080456,0.10390000534243882,True,4122.817066720688
ECC+ChaCha20,1000,2,256,0.028099995688535273,0.13380000018514693,0.10460001067258418,True,4122.817066720688
ECC+ChaCha20,1000,2,257,0.028999987989664078,0.13929999840911478,0.1041999930748716,True,4122.817066720688
ECC+ChaCha20,1000,2,258,0.051399998483248055,0.18820000695995986,0.1137000072048977,True,4122.817066720688
ECC+ChaCha20,1000,2,259,0.04150001041125506,0.16239999968092889,0.11369999265298247,True,4122.817066720688
ECC+ChaCha20,1000,2,260,0.03130000550299883,0.1412999990861863,0.10789999214466661,True,4122.817066720688
ECC+ChaCha20,1000,2,261,0.029799994081258774,0.1345999917248264,0.10480001219548285,True,4122.817066720688
ECC+ChaCha20,1000,2,262,0.029700007871724665,0.1486000110162422,0.10919998749159276,True,4122.817066720688
ECC+ChaCha20,1000,2,263,0.028700000257231295,0.13349999790079892,0.10390000534243882,True,4122.817066720688
ECC+ChaCha20,1000,2,264,0.02849999873433262,0.1340000017080456,0.10390000534243882,True,4122.817066720688
ECC+ChaCha20,1000,2,265,0.02819999644998461,0.13249999028630555,0.10399999155197293,True,4122.817066720688
ECC+ChaCha20,1000,2,266,0.027799993404187262,0.13059999037068337,0.10309999925084412,True,4122.817066720688
ECC+ChaCha20,1000,2,267,0.0278999941656366,0.18509999790694565,0.10639999527484179,True,4122.817066720688
ECC+ChaCha20,1000,2,268,0.03189999551977962,0.13639999087899923,0.10450000991113484,True,4122.817066720688
ECC+ChaCha20,1000,2,269,0.0295999925583601,0.14619999274145812,0.10469999688211828,True,4122.817066720688
ECC+ChaCha20,1000,2,270,0.030099996365606785,0.13639999087899923,0.10560000373516232,True,4122.817066720688
ECC+ChaCha20,1000,2,271,0.029400005587376654,0.13429998944047838,0.10389999079052359,True,4122.817066720688
ECC+ChaCha20,1000,2,272,0.027799993404187262,0.13760000001639128,0.10470001143403351,True,4122.817066720688
ECC+ChaCha20,1000,2,273,0.029400005587376654,0.13380000018514693,0.10479999764356762,True,4122.817066720688
ECC+ChaCha20,1000,2,274,0.028000009479001164,0.13190000026952475,0.10289999772794545,True,4122.817066720688
ECC+ChaCha20,1000,2,275,0.027700007194653153,0.1303999888477847,0.10289999772794545,True,4122.817066720688
ECC+ChaCha20,1000,2,276,0.0278999941656366,0.14429999282583594,0.10540000221226364,True,4122.817066720688
ECC+ChaCha20,1000,2,277,0.027600006433203816,0.13099999341648072,0.10299999848939478,True,4122.817066720688
ECC+ChaCha20,1000,2,278,0.02780000795610249,0.13320001016836613,0.1033000007737428,True,4122.817066720688
ECC+ChaCha20,1000,2,279,0.028000009479001164,0.13320001016836613,0.10340000153519213,True,4122.817066720688
ECC+ChaCha20,1000,2,280,0.02750000567175448,0.13210000179242343,0.10289999772794545,True,4122.817066720688
ECC+ChaCha20,1000,2,281,0.027900008717551827,0.1326000055996701,0.10380000458098948,True,4122.817066720688
ECC+ChaCha20,1000,2,282,0.02920000406447798,0.13610000314656645,0.10399999155197293,True,4122.817066720688
ECC+ChaCha20,1000,2,283,0.029400005587376654,0.13179999950807542,0.10409999231342226,True,4122.817066720688
ECC+ChaCha20,1000,2,284,0.02849999873433262,0.13309999485500157,0.10359998850617558,True,4122.817066720688
ECC+ChaCha20,1000,2,285,0.028399997972883284,0.1373999984934926,0.10380000458098948,True,4122.817066720688
ECC+ChaCha20,1000,2,286,0.027799993404187262,0.1326000055996701,0.10390000534243882,True,4122.817066720688
ECC+ChaCha20,1000,2,287,0.027999994927085936,0.13169999874662608,0.10380000458098948,True,4122.817066720688
ECC+ChaCha20,1000,2,288,0.027900008717551827,0.13190000026952475,0.10289999772794545,True,4122.817066720688
ECC+ChaCha20,1000,2,289,0.027699992642737925,0.13299999409355223,0.10349998774472624,True,4122.817066720688
ECC+ChaCha20,1000,2,290,0.027999994927085936,0.13249999028630555,0.1036000030580908,True,4122.817066720688
ECC+ChaCha20,1000,2,291,0.027999994927085936,0.13250000483822078,0.10370000381954014,True,4122.817066720688
ECC+ChaCha20,1000,2,292,0.028099995688535273,0.13229998876340687,0.10269999620504677,True,4122.817066720688
ECC+ChaCha20,1000,2,293,0.027400004910305142,0.1309000072069466,0.10340000153519213,True,4122.817066720688
ECC+ChaCha20,1000,2,294,0.02749999111983925,0.13099999341648072,0.13980000221636146,True,4122.817066720688
ECC+ChaCha20,1000,2,295,0.03329999162815511,0.13559999933931977,0.1044000091496855,True,4122.817066720688
ECC+ChaCha20,1000,2,296,0.02819999644998461,0.13269999180920422,0.10320000001229346,True,4122.817066720688
ECC+ChaCha20,1000,2,297,0.027799993404187262,0.14289999671746045,0.1044000091496855,True,4122.817066720688
ECC+ChaCha20,1000,2,298,0.027300004148855805,0.13179999950807542,0.10479999764356762,True,4122.817066720688
ECC+ChaCha20,1000,2,299,0.027600006433203816,0.13159999798517674,0.10420000762678683,True,4122.817066720688
ECC+ChaCha20,1000,2,300,0.028399997972883284,0.1343000039923936,0.10369998926762491,True,4122.817066720688
ECC+ChaCha20,1000,2,301,0.027399990358389914,0.1326000055996701,0.10269999620504677,True,4122.817066720688
ECC+ChaCha20,1000,2,302,0.027400004910305142,0.13079999189358205,0.10279999696649611,True,4122.817066720688
ECC+ChaCha20,1000,2,303,0.027699992642737925,0.13300000864546746,0.10400000610388815,True,4122.817066720688
ECC+ChaCha20,1000,2,304,0.027799993404187262,0.1365000061923638,0.10279999696649611,True,4122.817066720688
ECC+ChaCha20,1000,2,305,0.02749999111983925,0.13240000407677144,0.1036000030580908,True,4122.817066720688
ECC+ChaCha20,1000,2,306,0.027599991881288588,0.1326000055996701,0.10350000229664147,True,4122.817066720688
ECC+ChaCha20,1000,2,307,0.027599991881288588,0.13270000636111945,0.10380000458098948,True,4122.817066720688
ECC+ChaCha20,1000,2,308,0.027900008717551827,0.13229998876340687,0.10320000001229346,True,4122.817066720688
ECC+ChaCha20,1000,2,309,0.027699992642737925,0.1314999972237274,0.1036000030580908,True,4122.817066720688
ECC+ChaCha20,1000,2,310,0.027300004148855805,0.1340000017080456,0.10340000153519213,True,4122.817066720688
ECC+ChaCha20,1000,2,311,0.027400004910305142,0.13630000466946512,0.10300001304131001,True,4122.817066720688
ECC+ChaCha20,1000,2,312,0.02750000567175448,0.1320000010309741,0.10259999544359744,True,4122.817066720688
ECC+ChaCha20,1000,2,313,0.02750000567175448,0.13549999857787043,0.10320000001229346,True,4122.817066720688
ECC+ChaCha20,1000,2,314,0.028099995688535273,0.13259999104775488,0.10239999392069876,True,4122.817066720688
ECC+ChaCha20,1000,2,315,0.027399990358389914,0.13240000407677144,0.10370000381954014,True,4122.817066720688
ECC+ChaCha20,1000,2,316,0.02749999111983925,0.13359999866224825,0.10400000610388815,True,4122.817066720688
ECC+ChaCha20,1000,2,317,0.029499991796910763,0.1340000017080456,0.10410000686533749,True,4122.817066720688
ECC+ChaCha20,1000,2,318,0.029000002541579306,0.13490000856108963,0.1041999930748716,True,4122.817066720688
ECC+ChaCha20,1000,2,319,0.027599991881288588,0.1328000071225688,0.1041999930748716,True,4122.817066720688
ECC+ChaCha20,1000,2,320,0.027699992642737925,0.1314999972237274,0.1058999914675951,True,4122.817066720688
ECC+ChaCha20,1000,2,321,0.029099988751113415,0.13190000026952475,0.10280001151841134,True,4122.817066720688
ECC+ChaCha20,1000,2,322,0.027400004910305142,0.1314999972237274,0.15320000238716602,True,4122.817066720688
ECC+ChaCha20,1000,2,323,0.03229999856557697,0.13919999764766544,0.1049999991664663,True,4122.817066720688
ECC+ChaCha20,1000,2,324,0.0278999941656366,0.13249999028630555,0.10509999992791563,True,4122.817066720688
ECC+ChaCha20,1000,2,325,0.028299997211433947,0.14250000822357833,0.10479999764356762,True,4122.817066720688
ECC+ChaCha20,1000,2,326,0.0278999941656366,0.1323000033153221,0.1036000030580908,True,4122.817066720688
ECC+ChaCha20,1000,2,327,0.027399990358389914,0.13169999874662608,0.10359998850617558,True,4122.817066720688
ECC+ChaCha20,1000,2,328,0.02750000567175448,0.15500000154133886,0.10619999375194311,True,4122.817066720688
ECC+ChaCha20,1000,2,329,0.029999995604157448,0.13460000627674162,0.10400000610388815,True,4122.817066720688
ECC+ChaCha20,1000,2,330,0.027300004148855805,0.1320000010309741,0.10350000229664147,True,4122.817066720688
ECC+ChaCha20,1000,2,331,0.027600006433203816,0.13269999180920422,0.10409999231342226,True,4122.817066720688
ECC+ChaCha20,1000,2,332,0.028399997972883284,0.13330001092981547,0.1049999991664663,True,4122.817066720688
ECC+ChaCha20,1000,2,333,0.028599999495781958,0.13220000255387276,0.10320000001229346,True,4122.817066720688
ECC+ChaCha20,1000,2,334,0.027599991881288588,0.13129999570082873,0.10429999383632094,True,4122.817066720688
ECC+ChaCha20,1000,2,335,0.029400005587376654,0.1486000110162422,0.10449999535921961,True,4122.817066720688
ECC+ChaCha20,1000,2,336,0.028599999495781958,0.1382000045850873,0.10320000001229346,True,4122.817066720688
ECC+ChaCha20,1000,2,337,0.028800001018680632,0.13410000246949494,0.10409999231342226,True,4122.817066720688
ECC+ChaCha20,1000,2,338,0.027400004910305142,0.13179999950807542,0.10260000999551266,True,4122.817066720688
ECC+ChaCha20,1000,2,339,0.028000009479001164,0.13290000788401812,0.1036000030580908,True,4122.817066720688
ECC+ChaCha20,1000,2,340,0.027799993404187262,0.13190000026952475,0.10370000381954014,True,4122.817066720688
ECC+ChaCha20,1000,2,341,0.02819999644998461,0.13190000026952475,0.10309999925084412,True,4122.817066720688
ECC+ChaCha20,1000,2,342,0.02750000567175448,0.13350001245271415,0.10350000229664147,True,4122.817066720688
ECC+ChaCha20,1000,2,343,0.02749999111983925,0.13210000179242343,0.10340000153519213,True,4122.817066720688
ECC+ChaCha20,1000,2,344,0.02720000338740647,0.13250000483822078,0.1036000030580908,True,4122.817066720688
ECC+ChaCha20,1000,2,345,0.02710000262595713,0.13139999646227807,0.10299999848939478,True,4122.817066720688
ECC+ChaCha20,1000,2,346,0.0278999941656366,0.13110000872984529,0.10289999772794545,True,4122.817066720688
ECC+ChaCha20,1000,2,347,0.027599991881288588,0.13210000179242343,0.10269999620504677,True,4122.817066720688
ECC+ChaCha20,1000,2,348,0.027600006433203816,0.1320000010309741,0.10349998774472624,True,4122.817066720688
ECC+ChaCha20,1000,2,349,0.02749999111983925,0.13129999570082873,0.10350000229664147,True,4122.817066720688
ECC+ChaCha20,1000,2,350,0.02720000338740647,0.1615999935893342,0.10809999366756529,True,4122.817066720688
ECC+ChaCha20,1000,2,351,0.03090000245720148,0.13339999713934958,0.1036000030580908,True,4122.817066720688
ECC+ChaCha20,1000,2,352,0.028599999495781958,0.13279999257065356,0.10350000229664147,True,4122.817066720688
ECC+ChaCha20,1000,2,353,0.027999994927085936,0.13250000483822078,0.10299999848939478,True,4122.817066720688
ECC+ChaCha20,1000,2,354,0.028099995688535273,0.13389998639468104,0.10370000381954014,True,4122.817066720688
ECC+ChaCha20,1000,2,355,0.028099995688535273,0.1320000010309741,0.10299999848939478,True,4122.817066720688
ECC+ChaCha20,1000,2,356,0.027599991881288588,0.13210000179242343,0.10299999848939478,True,4122.817066720688
ECC+ChaCha20,1000,2,357,0.027700007194653153,0.13190000026952475,0.10370000381954014,True,4122.817066720688
ECC+ChaCha20,1000,2,358,0.027900008717551827,0.13259999104775488,0.10289999772794545,True,4122.817066720688
ECC+ChaCha20,1000,2,359,0.027999994927085936,0.13109999417793006,0.10269999620504677,True,4122.817066720688
ECC+ChaCha20,1000,2,360,0.02720000338740647,0.13220000255387276,0.10340000153519213,True,4122.817066720688
ECC+ChaCha20,1000,2,361,0.02710000262595713,0.1323999895248562,0.10289999772794545,True,4122.817066720688
ECC+ChaCha20,1000,2,362,0.02749999111983925,0.1328000071225688,0.10370000381954014,True,4122.817066720688
ECC+ChaCha20,1000,2,363,0.027599991881288588,0.13220000255387276,0.10320000001229346,True,4122.817066720688
ECC+ChaCha20,1000,2,364,0.027999994927085936,0.13309999485500157,0.1036000030580908,True,4122.817066720688
ECC+ChaCha20,1000,2,365,0.027699992642737925,0.13299999409355223,0.10359998850617558,True,4122.817066720688
ECC+ChaCha20,1000,2,366,0.027999994927085936,0.1320000010309741,0.10459999612066895,True,4122.817066720688
ECC+ChaCha20,1000,2,367,0.027599991881288588,0.13250000483822078,0.10340000153519213,True,4122.817066720688
ECC+ChaCha20,1000,2,368,0.027600006433203816,0.13770000077784061,0.10350000229664147,True,4122.817066720688
ECC+ChaCha20,1000,2,369,0.027700007194653153,0.13229998876340687,0.1036000030580908,True,4122.817066720688
ECC+ChaCha20,1000,2,370,0.027699992642737925,0.1343000039923936,0.10540000221226364,True,4122.817066720688
ECC+ChaCha20,1000,2,371,0.027699992642737925,0.1328000071225688,0.10489999840501696,True,4122.817066720688
ECC+ChaCha20,1000,2,372,0.029000002541579306,0.13470000703819096,0.10509999992791563,True,4122.817066720688
ECC+ChaCha20,1000,2,373,0.031100003980100155,0.13669999316334724,0.1044000091496855,True,4122.817066720688
ECC+ChaCha20,1000,2,374,0.02849999873433262,0.13349999790079892,0.10369998926762491,True,4122.817066720688
ECC+ChaCha20,1000,2,375,0.02819999644998461,0.13159999798517674,0.10289999772794545,True,4122.817066720688
ECC+ChaCha20,1000,2,376,0.029300004825927317,0.13460000627674162,0.10370000381954014,True,4122.817066720688
ECC+ChaCha20,1000,2,377,0.028099995688535273,0.13210000179242343,0.10350000229664147,True,4122.817066720688
ECC+ChaCha20,1000,2,378,0.02819999644998461,0.13059999037068337,0.15690000145696104,True,4122.817066720688
ECC+ChaCha20,1000,2,379,0.034199998481199145,0.1444000081392005,0.1066999975591898,True,4122.817066720688
ECC+ChaCha20,1000,2,380,0.029400005587376654,0.13499999477062374,0.10400000610388815,True,4122.817066720688
ECC+ChaCha20,1000,2,381,0.028799986466765404,0.13440000475384295,0.10570000449661165,True,4122.817066720688
ECC+ChaCha20,1000,2,382,0.027999994927085936,0.13109999417793006,0.10479999764356762,True,4122.817066720688
ECC+ChaCha20,1000,2,383,0.0281000102404505,0.13350001245271415,0.1036000030580908,True,4122.817066720688
ECC+ChaCha20,1000,2,384,0.02780000795610249,0.1320000010309741,0.10289999772794545,True,4122.817066720688
ECC+ChaCha20,1000,2,385,0.027900008717551827,0.13320001016836613,0.10370000381954014,True,4122.817066720688
ECC+ChaCha20,1000,2,386,0.02780000795610249,0.1328000071225688,0.10350000229664147,True,4122.817066720688
ECC+ChaCha20,1000,2,387,0.02750000567175448,0.14379998901858926,0.10309999925084412,True,4122.817066720688
ECC+ChaCha20,1000,2,388,0.02749999111983925,0.13070000568404794,0.10340000153519213,True,4122.817066720688
ECC+ChaCha20,1000,2,389,0.027300004148855805,0.13129999570082873,0.1044000091496855,True,4122.817066720688
ECC+ChaCha20,1000,2,390,0.02720000338740647,0.13100000796839595,0.10320000001229346,True,4122.817066720688
ECC+ChaCha20,1000,2,391,0.02720000338740647,0.13109999417793006,0.10289999772794545,True,4122.817066720688
ECC+ChaCha20,1000,2,392,0.027300004148855805,0.13109999417793006,0.12599999899975955,True,4122.817066720688
ECC+ChaCha20,1000,2,393,0.029000002541579306,0.13380000018514693,0.10349998774472624,True,4122.817066720688
ECC+ChaCha20,1000,2,394,0.028800001018680632,0.1328999933321029,0.10309999925084412,True,4122.817066720688
ECC+ChaCha20,1000,2,395,0.027799993404187262,0.13240000407677144,0.10380000458098948,True,4122.817066720688
ECC+ChaCha20,1000,2,396,0.028399997972883284,0.1343000039923936,0.10390000534243882,True,4122.817066720688
ECC+ChaCha20,1000,2,397,0.027799993404187262,0.13159999798517674,0.10299999848939478,True,4122.817066720688
ECC+ChaCha20,1000,2,398,0.02720000338740647,0.1323999895248562,0.10389999079052359,True,4122.817066720688
ECC+ChaCha20,1000,2,399,0.028000009479001164,0.13220000255387276,0.10309999925084412,True,4122.817066720688
ECC+ChaCha20,1000,2,400,0.0278999941656366,0.13250000483822078,0.1036000030580908,True,4122.817066720688
ECC+ChaCha20,1000,2,401,0.028000009479001164,0.13190000026952475,0.10279999696649611,True,4122.817066720688
ECC+ChaCha20,1000,2,402,0.02849999873433262,0.13420000323094428,0.10380000458098948,True,4122.817066720688
ECC+ChaCha20,1000,2,403,0.027900008717551827,0.1317000132985413,0.10299999848939478,True,4122.817066720688
ECC+ChaCha20,1000,2,404,0.02750000567175448,0.13129999570082873,0.10300001304131001,True,4122.817066720688
ECC+ChaCha20,1000,2,405,0.027399990358389914,0.15150000399444252,0.10829999519046396,True,4122.817066720688
ECC+ChaCha20,1000,2,406,0.02950000634882599,0.13380000018514693,0.10359998850617558,True,4122.817066720688
ECC+ChaCha20,1000,2,407,0.027600006433203816,0.13249999028630555,0.10320000001229346,True,4122.817066720688
ECC+ChaCha20,1000,2,408,0.02819999644998461,0.1331999956164509,0.10350000229664147,True,4122.817066720688
ECC+ChaCha20,1000,2,409,0.027400004910305142,0.13320001016836613,0.10430000838823617,True,4122.817066720688
ECC+ChaCha20,1000,2,410,0.027599991881288588,0.13240000407677144,0.10309999925084412,True,4122.817066720688
ECC+ChaCha20,1000,2,411,0.027699992642737925,0.1320000010309741,0.1036000030580908,True,4122.817066720688
ECC+ChaCha20,1000,2,412,0.02750000567175448,0.13229998876340687,0.10340000153519213,True,4122.817066720688
ECC+ChaCha20,1000,2,413,0.02749999111983925,0.1326000055996701,0.10380000458098948,True,4122.817066720688
ECC+ChaCha20,1000,2,414,0.027400004910305142,0.13220000255387276,0.10309999925084412,True,4122.817066720688
ECC+ChaCha20,1000,2,415,0.027700007194653153,0.1314999972237274,0.10350000229664147,True,4122.817066720688
ECC+ChaCha20,1000,2,416,0.02750000567175448,0.13590000162366778,0.10309999925084412,True,4122.817066720688
ECC+ChaCha20,1000,2,417,0.02750000567175448,0.1326000055996701,0.10289999772794545,True,4122.817066720688
ECC+ChaCha20,1000,2,418,0.02780000795610249,0.1703000016277656,0.10910000128205866,True,4122.817066720688
ECC+ChaCha20,1000,2,419,0.03170000854879618,0.13580000086221844,0.10489999840501696,True,4122.817066720688
ECC+ChaCha20,1000,2,420,0.029300004825927317,0.13390000094659626,0.10459999612066895,True,4122.817066720688
ECC+ChaCha20,1000,2,421,0.028299997211433947,0.13380000018514693,0.1036000030580908,True,4122.817066720688
ECC+ChaCha20,1000,2,422,0.028299997211433947,0.13339999713934958,0.10429999383632094,True,4122.817066720688
ECC+ChaCha20,1000,2,423,0.029399991035461426,0.14170000213198364,0.10380000458098948,True,4122.817066720688
ECC+ChaCha20,1000,2,424,0.0281000102404505,0.13290000788401812,0.10340000153519213,True,4122.817066720688
ECC+ChaCha20,1000,2,425,0.028099995688535273,0.13309999485500157,0.10399999155197293,True,4122.817066720688
ECC+ChaCha20,1000,2,426,0.027599991881288588,0.13159999798517674,0.10379999002907425,True,4122.817066720688
ECC+ChaCha20,1000,2,427,0.027999994927085936,0.13719999697059393,0.10320000001229346,True,4122.817066720688
ECC+ChaCha20,1000,2,428,0.0278999941656366,0.13210000179242343,0.10370000381954014,True,4122.817066720688
ECC+ChaCha20,1000,2,429,0.027999994927085936,0.1323000033153221,0.10350000229664147,True,4122.817066720688
ECC+ChaCha20,1000,2,430,0.028099995688535273,0.1362999901175499,0.10369998926762491,True,4122.817066720688
ECC+ChaCha20,1000,2,431,0.027699992642737925,0.13220000255387276,0.10380000458098948,True,4122.817066720688
ECC+ChaCha20,1000,2,432,0.027300004148855805,0.13190000026952475,0.10309999925084412,True,4122.817066720688
ECC+ChaCha20,1000,2,433,0.02750000567175448,0.1323999895248562,0.10350000229664147,True,4122.817066720688
ECC+ChaCha20,1000,2,434,0.03949999518226832,0.15239999629557133,0.10730000212788582,True,4122.817066720688
ECC+ChaCha20,1000,2,435,0.029400005587376654,0.13410000246949494,0.10320000001229346,True,4122.817066720688
ECC+ChaCha20,1000,2,436,0.028299997211433947,0.1331999956164509,0.10409999231342226,True,4122.817066720688
ECC+ChaCha20,1000,2,437,0.02819999644998461,0.1379000023007393,0.10300001304131001,True,4122.817066720688
ECC+ChaCha20,1000,2,438,0.027700007194653153,0.13300000864546746,0.10320000001229346,True,4122.817066720688
ECC+ChaCha20,1000,2,439,0.027599991881288588,0.13129999570082873,0.10269999620504677,True,4122.817066720688
ECC+ChaCha20,1000,2,440,0.027600006433203816,0.13220000255387276,0.1036000030580908,True,4122.817066720688
ECC+ChaCha20,1000,2,441,0.02710000262595713,0.13110000872984529,0.10170000314246863,True,4122.817066720688
ECC+ChaCha20,1000,2,442,0.027700007194653153,0.13259999104775488,0.10349998774472624,True,4122.817066720688
ECC+ChaCha20,1000,2,443,0.02720000338740647,0.13099999341648072,0.10299999848939478,True,4122.817066720688
ECC+ChaCha20,1000,2,444,0.027599991881288588,0.13299999409355223,0.1033000007737428,True,4122.817066720688
ECC+ChaCha20,1000,2,445,0.027699992642737925,0.13129999570082873,0.10379999002907425,True,4122.817066720688
ECC+ChaCha20,1000,2,446,0.027599991881288588,0.1328999933321029,0.1033999869832769,True,4122.817066720688
ECC+ChaCha20,1000,2,447,0.02780000795610249,0.1328000071225688,0.1033000007737428,True,4122.817066720688
ECC+ChaCha20,1000,2,448,0.027599991881288588,0.13220000255387276,0.10370000381954014,True,4122.817066720688
ECC+ChaCha20,1000,2,449,0.027999994927085936,0.1314999972237274,0.1024999946821481,True,4122.817066720688
ECC+ChaCha20,1000,2,450,0.027399990358389914,0.13109999417793006,0.1033000007737428,True,4122.817066720688
ECC+ChaCha20,1000,2,451,0.027599991881288588,0.13250000483822078,0.10760000441223383,True,4122.817066720688
ECC+ChaCha20,1000,2,452,0.02749999111983925,0.13270000636111945,0.10259999544359744,True,4122.817066720688
ECC+ChaCha20,1000,2,453,0.02780000795610249,0.13250000483822078,0.10470001143403351,True,4122.817066720688
ECC+ChaCha20,1000,2,454,0.02749999111983925,0.13169999874662608,0.10399999155197293,True,4122.817066720688
ECC+ChaCha20,1000,2,455,0.02750000567175448,0.13159999798517674,0.1036000030580908,True,4122.817066720688
ECC+ChaCha20,1000,2,456,0.027300004148855805,0.13269999180920422,0.1033000007737428,True,4122.817066720688
ECC+ChaCha20,1000,2,457,0.027600006433203816,0.13299999409355223,0.10320000001229346,True,4122.817066720688
ECC+ChaCha20,1000,2,458,0.028099995688535273,0.13380000018514693,0.10350000229664147,True,4122.817066720688
ECC+ChaCha20,1000,2,459,0.027300004148855805,0.13220000255387276,0.10370000381954014,True,4122.817066720688
ECC+ChaCha20,1000,2,460,0.027299989596940577,0.13159999798517674,0.10269999620504677,True,4122.817066720688
ECC+ChaCha20,1000,2,461,0.0278999941656366,0.13219998800195754,0.10949998977594078,True,4122.817066720688
ECC+ChaCha20,1000,2,462,0.030399998649954796,0.13470000703819096,0.1041999930748716,True,4122.817066720688
ECC+ChaCha20,1000,2,463,0.027700007194653153,0.1323999895248562,0.10389999079052359,True,4122.817066720688
ECC+ChaCha20,1000,2,464,0.028099995688535273,0.1328000071225688,0.10350000229664147,True,4122.817066720688
ECC+ChaCha20,1000,2,465,0.028799986466765404,0.13250000483822078,0.10350000229664147,True,4122.817066720688
ECC+ChaCha20,1000,2,466,0.02750000567175448,0.13259999104775488,0.1033999869832769,True,4122.817066720688
ECC+ChaCha20,1000,2,467,0.027299989596940577,0.1311999949393794,0.10350000229664147,True,4122.817066720688
ECC+ChaCha20,1000,2,468,0.027300004148855805,0.13220000255387276,0.1033000007737428,True,4122.817066720688
ECC+ChaCha20,1000,2,469,0.027700007194653153,0.13190000026952475,0.10429999383632094,True,4122.817066720688
ECC+ChaCha20,1000,2,470,0.028099995688535273,0.1328999933321029,0.10400000610388815,True,4122.817066720688
ECC+ChaCha20,1000,2,471,0.028299997211433947,0.13390000094659626,0.10390000534243882,True,4122.817066720688
ECC+ChaCha20,1000,2,472,0.0278999941656366,0.13250000483822078,0.10380000458098948,True,4122.817066720688
ECC+ChaCha20,1000,2,473,0.02819999644998461,0.13210000179242343,0.10289999772794545,True,4122.817066720688
ECC+ChaCha20,1000,2,474,0.02749999111983925,0.13179999950807542,0.10299999848939478,True,4122.817066720688
ECC+ChaCha20,1000,2,475,0.028099995688535273,0.13299999409355223,0.10259999544359744,True,4122.817066720688
ECC+ChaCha20,1000,2,476,0.02819999644998461,0.13210000179242343,0.10320000001229346,True,4122.817066720688
ECC+ChaCha20,1000,2,477,0.027900008717551827,0.13120000949129462,0.10299999848939478,True,4122.817066720688
ECC+ChaCha20,1000,2,478,0.027599991881288588,0.13240000407677144,0.10309999925084412,True,4122.817066720688
ECC+ChaCha20,1000,2,479,0.027700007194653153,0.1326000055996701,0.10420000762678683,True,4122.817066720688
ECC+ChaCha20,1000,2,480,0.027400004910305142,0.13169999874662608,0.1033000007737428,True,4122.817066720688
ECC+ChaCha20,1000,2,481,0.028000009479001164,0.13290000788401812,0.10710000060498714,True,4122.817066720688
ECC+ChaCha20,1000,2,482,0.0278999941656366,0.1328000071225688,0.10309999925084412,True,4122.817066720688
ECC+ChaCha20,1000,2,483,0.027400004910305142,0.13130001025274396,0.1033000007737428,True,4122.817066720688
ECC+ChaCha20,1000,2,484,0.027700007194653153,0.13150001177564263,0.10340000153519213,True,4122.817066720688
ECC+ChaCha20,1000,2,485,0.02819999644998461,0.13279999257065356,0.10350000229664147,True,4122.817066720688
ECC+ChaCha20,1000,2,486,0.0278999941656366,0.13190000026952475,0.10340000153519213,True,4122.817066720688
ECC+ChaCha20,1000,2,487,0.02749999111983925,0.1328000071225688,0.10380000458098948,True,4122.817066720688
ECC+ChaCha20,1000,2,488,0.027300004148855805,0.13159999798517674,0.10410000686533749,True,4122.817066720688
ECC+ChaCha20,1000,2,489,0.02819999644998461,0.13169999874662608,0.10299999848939478,True,4122.817066720688
ECC+ChaCha20,1000,2,490,0.0388999906135723,0.146100006531924,0.10540000221226364,True,4122.817066720688
ECC+ChaCha20,1000,2,491,0.028800001018680632,0.13329999637790024,0.1033000007737428,True,4122.817066720688
ECC+ChaCha20,1000,2,492,0.028099995688535273,0.13299999409355223,0.10340000153519213,True,4122.817066720688
ECC+ChaCha20,1000,2,493,0.027999994927085936,0.14289999671746045,0.10369998926762491,True,4122.817066720688
ECC+ChaCha20,1000,2,494,0.027400004910305142,0.13219998800195754,0.10309999925084412,True,4122.817066720688
ECC+ChaCha20,1000,2,495,0.02749999111983925,0.1362000039080158,0.10289999772794545,True,4122.817066720688
ECC+ChaCha20,1000,2,496,0.027600006433203816,0.13270000636111945,0.1033000007737428,True,4122.817066720688
ECC+ChaCha20,1000,2,497,0.027699992642737925,0.13359999866224825,0.10410000686533749,True,4122.817066720688
ECC+ChaCha20,1000,2,498,0.027699992642737925,0.13129999570082873,0.10309999925084412,True,4122.817066720688
ECC+ChaCha20,1000,2,499,0.027700007194653153,0.13169999874662608,0.10309999925084412,True,4122.817066720688
ECC+ChaCha20,1000,2,500,0.027300004148855805,0.13249999028630555,0.10370000381954014,True,4122.817066720688
ECC+ChaCha20,1000,2,501,0.02710000262595713,0.13290000788401812,0.10370000381954014,True,4122.817066720688
ECC+ChaCha20,1000,2,502,0.027400004910305142,0.13269999180920422,0.10309999925084412,True,4122.817066720688
ECC+ChaCha20,1000,2,503,0.02749999111983925,0.1343000039923936,0.10439999459777027,True,4122.817066720688
ECC+ChaCha20,1000,2,504,0.0278999941656366,0.13359999866224825,0.1036000030580908,True,4122.817066720688
ECC+ChaCha20,1000,2,505,0.02680000034160912,0.1281000004382804,0.09980000322684646,True,4122.817066720688
ECC+ChaCha20,1000,2,506,0.027000001864507794,0.12820000119972974,0.10000000474974513,True,4122.817066720688
ECC+ChaCha20,1000,2,507,0.026299996534362435,0.12719999358523637,0.10069999552797526,True,4122.817066720688
ECC+ChaCha20,1000,2,508,0.026400011847727,0.139000010676682,0.12460000289138407,True,4122.817066720688
ECC+ChaCha20,1000,2,509,0.030800001695752144,0.13419998867902905,0.10140000085812062,True,4122.817066720688
ECC+ChaCha20,1000,2,510,0.027299989596940577,0.13070000568404794,0.10099999781232327,True,4122.817066720688
ECC+ChaCha20,1000,2,511,0.02720000338740647,0.1297999988310039,0.10140000085812062,True,4122.817066720688
ECC+ChaCha20,1000,2,512,0.026900001103058457,0.12870000500697643,0.10040000779554248,True,4122.817066720688
ECC+ChaCha20,1000,2,513,0.026699999580159783,0.1294999965466559,0.10049999400507659,True,4122.817066720688
ECC+ChaCha20,1000,2,514,0.026799985789693892,0.1286000042455271,0.1002000062726438,True,4122.817066720688
ECC+ChaCha20,1000,2,515,0.026400011847727,0.12710000737570226,0.10200000542681664,True,4122.817066720688
ECC+ChaCha20,1000,2,516,0.03310000465717167,0.14819999341852963,0.10390000534243882,True,4122.817066720688
ECC+ChaCha20,1000,2,517,0.027599991881288588,0.13020000187680125,0.10220000694971532,True,4122.817066720688
ECC+ChaCha20,1000,2,518,0.02710000262595713,0.12759999663103372,0.13499999477062374,True,4122.817066720688
ECC+ChaCha20,1000,2,519,0.05869999586138874,0.18259999342262745,0.12579999747686088,True,4122.817066720688
ECC+ChaCha20,1000,2,520,0.026699999580159783,0.1286000042455271,0.10299999848939478,True,4122.817066720688
ECC+ChaCha20,1000,2,521,0.02340000355616212,0.15100000018719584,0.10050000855699182,True,4122.817066720688
ECC+ChaCha20,1000,2,522,0.06479999865405262,0.25770001229830086,0.139000010676682,True,4122.817066720688
ECC+ChaCha20,1000,2,523,0.04100000660400838,0.3913999971700832,0.14009998994879425,True,4122.817066720688
ECC+ChaCha20,1000,2,524,0.038300000596791506,0.14959998952690512,0.10820000898092985,True,4122.817066720688
ECC+ChaCha20,1000,2,525,0.028099995688535273,0.12989999959245324,0.10220000694971532,True,4122.817066720688
ECC+ChaCha20,1000,2,526,0.023100001271814108,0.1218999968841672,0.1002000062726438,True,4122.817066720688
ECC+ChaCha20,1000,2,527,0.02749999111983925,0.13770000077784061,0.10210000618826598,True,4122.817066720688
ECC+ChaCha20,1000,2,528,0.026900001103058457,0.1294999965466559,0.10320000001229346,True,4122.817066720688
ECC+ChaCha20,1000,2,529,0.027699992642737925,0.13159999798517674,0.10299999848939478,True,4122.817066720688
ECC+ChaCha20,1000,2,530,0.02819999644998461,0.13240000407677144,0.10410000686533749,True,4122.817066720688
ECC+ChaCha20,1000,2,531,0.028000009479001164,0.1328000071225688,0.10390000534243882,True,4122.817066720688
ECC+ChaCha20,1000,2,532,0.0278999941656366,0.13309999485500157,0.10389999079052359,True,4122.817066720688
ECC+ChaCha20,1000,2,533,0.027600006433203816,0.13179999950807542,0.1036000030580908,True,4122.817066720688
ECC+ChaCha20,1000,2,534,0.028000009479001164,0.142400007462129,0.10269999620504677,True,4122.817066720688
ECC+ChaCha20,1000,2,535,0.02750000567175448,0.13269999180920422,0.10309999925084412,True,4122.817066720688
ECC+ChaCha20,1000,2,536,0.027600006433203816,0.13109999417793006,0.1036000030580908,True,4122.817066720688
ECC+ChaCha20,1000,2,537,0.02719998883549124,0.1323000033153221,0.10350000229664147,True,4122.817066720688
ECC+ChaCha20,1000,2,538,0.027300004148855805,0.13159999798517674,0.10320000001229346,True,4122.817066720688
ECC+ChaCha20,1000,2,539,0.0278999941656366,0.13120000949129462,0.10229999315924942,True,4122.817066720688
ECC+ChaCha20,1000,2,540,0.02749999111983925,0.13270000636111945,0.10410000686533749,True,4122.817066720688
ECC+ChaCha20,1000,2,541,0.028099995688535273,0.13129999570082873,0.10380000458098948,True,4122.817066720688
ECC+ChaCha20,1000,2,542,0.027699992642737925,0.13179999950807542,0.10399999155197293,True,4122.817066720688
ECC+ChaCha20,1000,2,543,0.027599991881288588,0.13179999950807542,0.1041999930748716,True,4122.817066720688
ECC+ChaCha20,1000,2,544,0.028000009479001164,0.14170000213198364,0.10279999696649611,True,4122.817066720688
ECC+ChaCha20,1000,2,545,0.02710000262595713,0.13259999104775488,0.10429999383632094,True,4122.817066720688
ECC+ChaCha20,1000,2,546,0.027599991881288588,0.13220000255387276,0.1036000030580908,True,4122.817066720688
ECC+ChaCha20,1000,2,547,0.027999994927085936,0.13159999798517674,0.10269999620504677,True,4122.817066720688
ECC+ChaCha20,1000,2,548,0.02750000567175448,0.13349999790079892,0.10340000153519213,True,4122.817066720688
ECC+ChaCha20,1000,2,549,0.027700007194653153,0.13350001245271415,0.11360000644344836,True,4122.817066720688
ECC+ChaCha20,1000,2,550,0.028299997211433947,0.13299999409355223,0.10359998850617558,True,4122.817066720688
ECC+ChaCha20,1000,2,551,0.028299997211433947,0.13210000179242343,0.10449999535921961,True,4122.817066720688
ECC+ChaCha20,1000,2,552,0.027300004148855805,0.13079999189358205,0.10269999620504677,True,4122.817066720688
ECC+ChaCha20,1000,2,553,0.02750000567175448,0.13109999417793006,0.10350000229664147,True,4122.817066720688
ECC+ChaCha20,1000,2,554,0.027700007194653153,0.14039999223314226,0.10199999087490141,True,4122.817066720688
ECC+ChaCha20,1000,2,555,0.06249999569263309,0.18770000315271318,0.12620000052265823,True,4122.817066720688
ECC+ChaCha20,1000,2,556,0.04749999789055437,0.2344999957131222,0.13649999164044857,True,4122.817066720688
ECC+ChaCha20,1000,2,557,0.0518000015290454,0.17269999079871923,0.12140000762883574,True,4122.817066720688
ECC+ChaCha20,1000,2,558,0.032199997804127634,0.14960000407882035,0.1151999895228073,True,4122.817066720688
ECC+ChaCha20,1000,2,559,0.052400006097741425,0.18770000315271318,0.25599999935366213,True,4122.817066720688
ECC+ChaCha20,1000,2,560,0.03369999467395246,0.14039999223314226,0.15369999164249748,True,4122.817066720688
ECC+ChaCha20,1000,2,561,0.04120000812690705,0.1593000051798299,0.3152999997837469,True,4122.817066720688
ECC+ChaCha20,1000,2,562,0.04030000127386302,0.16450000111944973,0.11360000644344836,True,4122.817066720688
ECC+ChaCha20,1000,2,563,0.026900001103058457,0.13099999341648072,0.10619999375194311,True,4122.817066720688
ECC+ChaCha20,1000,2,564,0.030300012440420687,0.13660000695381314,0.10739998833741993,True,4122.817066720688
ECC+ChaCha20,1000,2,565,0.045900000259280205,0.16929999401327223,0.11549999180715531,True,4122.817066720688
ECC+ChaCha20,1000,2,566,0.0329999893438071,0.14600000577047467,0.109200002043508,True,4122.817066720688
ECC+ChaCha20,1000,2,567,0.02950000634882599,0.18059999274555594,0.10940000356640667,True,4122.817066720688
ECC+ChaCha20,1000,2,568,0.029799994081258774,0.1348999940091744,0.10460001067258418,True,4122.817066720688
ECC+ChaCha20,1000,2,569,0.029400005587376654,0.35930000012740493,0.1438000035705045,True,4122.817066720688
ECC+ChaCha20,1000,2,570,0.0416000111727044,0.17050000315066427,0.11249999806750566,True,4122.817066720688
ECC+ChaCha20,1000,2,571,0.03029999788850546,0.13530001160688698,0.10560000373516232,True,4122.817066720688
ECC+ChaCha20,1000,2,572,0.028099995688535273,0.13390000094659626,0.10479999764356762,True,4122.817066720688
ECC+ChaCha20,1000,2,573,0.028299997211433947,0.1340000017080456,0.10459999612066895,True,4122.817066720688
ECC+ChaCha20,1000,2,574,0.028800001018680632,0.1336999994236976,0.10340000153519213,True,4122.817066720688
ECC+ChaCha20,1000,2,575,0.028400012524798512,0.13240000407677144,0.10350000229664147,True,4122.817066720688
ECC+ChaCha20,1000,2,576,0.028399997972883284,0.1412999990861863,0.10400000610388815,True,4122.817066720688
ECC+ChaCha20,1000,2,577,0.036900004488416016,0.1520000078016892,0.10989999282173812,True,4122.817066720688
ECC+ChaCha20,1000,2,578,0.02950000634882599,0.139000010676682,0.10520000068936497,True,4122.817066720688
ECC+ChaCha20,1000,2,579,0.028099995688535273,0.13279999257065356,0.10320000001229346,True,4122.817066720688
ECC+ChaCha20,1000,2,580,0.0278999941656366,0.13349999790079892,0.1033000007737428,True,4122.817066720688
ECC+ChaCha20,1000,2,581,0.027700007194653153,0.13270000636111945,0.10390000534243882,True,4122.817066720688
ECC+ChaCha20,1000,2,582,0.027900008717551827,0.13159999798517674,0.13059999037068337,True,4122.817066720688
ECC+ChaCha20,1000,2,583,0.029400005587376654,0.1336999994236976,0.1033000007737428,True,4122.817066720688
ECC+ChaCha20,1000,2,584,0.02750000567175448,0.13180001405999064,0.10340000153519213,True,4122.817066720688
ECC+ChaCha20,1000,2,585,0.04619998799171299,0.2145000034943223,0.18360000103712082,True,4122.817066720688
ECC+ChaCha20,1000,2,586,0.03780001134146005,0.1638000103412196,0.11520000407472253,True,4122.817066720688
ECC+ChaCha20,1000,2,587,0.031000003218650818,0.14000000373926014,0.10730000212788582,True,4122.817066720688
ECC+ChaCha20,1000,2,588,0.028599999495781958,0.1348000077996403,0.10509999992791563,True,4122.817066720688
ECC+ChaCha20,1000,2,589,0.02819999644998461,0.13460000627674162,0.10410000686533749,True,4122.817066720688
ECC+ChaCha20,1000,2,590,0.027999994927085936,0.13470000703819096,0.10479999764356762,True,4122.817066720688
ECC+ChaCha20,1000,2,591,0.0278999941656366,0.1416000013705343,0.10410000686533749,True,4122.817066720688
ECC+ChaCha20,1000,2,592,0.027799993404187262,0.13250000483822078,0.10390000534243882,True,4122.817066720688
ECC+ChaCha20,1000,2,593,0.02780000795610249,0.1320000010309741,0.10370000381954014,True,4122.817066720688
ECC+ChaCha20,1000,2,594,0.0281000102404505,0.13110000872984529,0.1033000007737428,True,4122.817066720688
ECC+ChaCha20,1000,2,595,0.027999994927085936,0.13669999316334724,0.10390000534243882,True,4122.817066720688
ECC+ChaCha20,1000,2,596,0.027400004910305142,0.13120000949129462,0.1024999946821481,True,4122.817066720688
ECC+ChaCha20,1000,2,597,0.027699992642737925,0.13159999798517674,0.10309999925084412,True,4122.817066720688
ECC+ChaCha20,1000,2,598,0.02750000567175448,0.13269999180920422,0.10309999925084412,True,4122.817066720688
ECC+ChaCha20,1000,2,599,0.0278999941656366,0.13179999950807542,0.10320000001229346,True,4122.817066720688
ECC+ChaCha20,1000,2,600,0.027600006433203816,0.13249999028630555,0.1033000007737428,True,4122.817066720688
ECC+ChaCha20,1000,2,601,0.027600006433203816,0.13220000255387276,0.10350000229664147,True,4122.817066720688
ECC+ChaCha20,1000,2,602,0.027999994927085936,0.1326000055996701,0.10289999772794545,True,4122.817066720688
ECC+ChaCha20,1000,2,603,0.027600006433203816,0.13220000255387276,0.10320000001229346,True,4122.817066720688
ECC+ChaCha20,1000,2,604,0.027400004910305142,0.13330001092981547,0.1036000030580908,True,4122.817066720688
ECC+ChaCha20,1000,2,605,0.027400004910305142,0.1309000072069466,0.102700010756962,True,4122.817066720688
ECC+ChaCha20,1000,2,606,0.027599991881288588,0.13190000026952475,0.1036000030580908,True,4122.817066720688
ECC+ChaCha20,1000,2,607,0.027400004910305142,0.13139999646227807,0.10230000771116465,True,4122.817066720688
ECC+ChaCha20,1000,2,608,0.02749999111983925,0.13159999798517674,0.10309999925084412,True,4122.817066720688
ECC+ChaCha20,1000,2,609,0.02749999111983925,0.1323000033153221,0.10320000001229346,True,4122.817066720688
ECC+ChaCha20,1000,2,610,0.027399990358389914,0.13190000026952475,0.10200000542681664,True,4122.817066720688
ECC+ChaCha20,1000,2,611,0.02780000795610249,0.1444000081392005,0.10730000212788582,True,4122.817066720688
ECC+ChaCha20,1000,2,612,0.027400004910305142,0.1314999972237274,0.1036000030580908,True,4122.817066720688
ECC+ChaCha20,1000,2,613,0.027900008717551827,0.13210000179242343,0.10320000001229346,True,4122.817066720688
ECC+ChaCha20,1000,2,614,0.0278999941656366,0.1542999962111935,0.22420000459533185,True,4122.817066720688
ECC+ChaCha20,1000,2,615,0.0357000099029392,0.13980000221636146,0.10559998918324709,True,4122.817066720688
ECC+ChaCha20,1000,2,616,0.027999994927085936,0.13240000407677144,0.10370000381954014,True,4122.817066720688
ECC+ChaCha20,1000,2,617,0.027600006433203816,0.13279999257065356,0.10380000458098948,True,4122.817066720688
ECC+ChaCha20,1000,2,618,0.02750000567175448,0.1331999956164509,0.13070000568404794,True,4122.817066720688
ECC+ChaCha20,1000,2,619,0.03199999628122896,0.14319999900180846,0.10520000068936497,True,4122.817066720688
ECC+ChaCha20,1000,2,620,0.02820001100189984,0.14180000289343297,0.10469999688211828,True,4122.817066720688
ECC+ChaCha20,1000,2,621,0.028999987989664078,0.1353999978164211,0.10409999231342226,True,4122.817066720688
ECC+ChaCha20,1000,2,622,0.02890000178012997,0.13429998944047838,0.10520000068936497,True,4122.817066720688
ECC+ChaCha20,1000,2,623,0.02920000406447798,0.1429999974789098,0.10489999840501696,True,4122.817066720688
ECC+ChaCha20,1000,2,624,0.029400005587376654,0.13490000856108963,0.10410000686533749,True,4122.817066720688
ECC+ChaCha20,1000,2,625,0.028099995688535273,0.13349999790079892,0.1137000072048977,True,4122.817066720688
ECC+ChaCha20,1000,2,626,0.02920000406447798,0.1453000004403293,0.10969999129883945,True,4122.817066720688
ECC+ChaCha20,1000,2,627,0.02819999644998461,0.1412999990861863,0.10550000297371298,True,4122.817066720688
ECC+ChaCha20,1000,2,628,0.028799986466765404,0.13420000323094428,0.10390000534243882,True,4122.817066720688
ECC+ChaCha20,1000,2,629,0.02950000634882599,0.1348999940091744,0.10550000297371298,True,4122.817066720688
ECC+ChaCha20,1000,2,630,0.029499991796910763,0.13420000323094428,0.10520000068936497,True,4122.817066720688
ECC+ChaCha20,1000,2,631,0.030399998649954796,0.13669999316334724,0.10489999840501696,True,4122.817066720688
ECC+ChaCha20,1000,2,632,0.028399997972883284,0.13509999553207308,0.10309999925084412,True,4122.817066720688
ECC+ChaCha20,1000,2,633,0.029400005587376654,0.13509999553207308,0.10710000060498714,True,4122.817066720688
ECC+ChaCha20,1000,2,634,0.0295999925583601,0.13299999409355223,0.11359999189153314,True,4122.817066720688
ECC+ChaCha20,1000,2,635,0.029799994081258774,0.1345000055152923,0.1066999975591898,True,4122.817066720688
ECC+ChaCha20,1000,2,636,0.029600007110275328,0.1348000077996403,0.10489999840501696,True,4122.817066720688
ECC+ChaCha20,1000,2,637,0.028399997972883284,0.1336999994236976,0.1033000007737428,True,4122.817066720688
ECC+ChaCha20,1000,2,638,0.028299997211433947,0.1314999972237274,0.10350000229664147,True,4122.817066720688
ECC+ChaCha20,1000,2,639,0.028099995688535273,0.13329999637790024,0.11199999426025897,True,4122.817066720688
ECC+ChaCha20,1000,2,640,0.028399997972883284,0.13929999840911478,0.10380000458098948,True,4122.817066720688
ECC+ChaCha20,1000,2,641,0.027600006433203816,0.1379999885102734,0.10350000229664147,True,4122.817066720688
ECC+ChaCha20,1000,2,642,0.027900008717551827,0.1348000077996403,0.10370000381954014,True,4122.817066720688
ECC+ChaCha20,1000,2,643,0.0295999925583601,0.13670000771526247,0.10599999222904444,True,4122.817066720688
ECC+ChaCha20,1000,2,644,0.039699996705166996,0.15469999925699085,0.10859999747481197,True,4122.817066720688
ECC+ChaCha20,1000,2,645,0.029400005587376654,0.13720001152250916,0.1053000014508143,True,4122.817066720688
ECC+ChaCha20,1000,2,646,0.028400012524798512,0.13440000475384295,0.10420000762678683,True,4122.817066720688
ECC+ChaCha20,1000,2,647,0.028599999495781958,0.145500001963228,0.10889999975915998,True,4122.817066720688
ECC+ChaCha20,1000,2,648,0.029999995604157448,0.13770000077784061,0.10730000212788582,True,4122.817066720688
ECC+ChaCha20,1000,2,649,0.032500000088475645,0.1379999885102734,0.10509999992791563,True,4122.817066720688
ECC+ChaCha20,1000,2,650,0.0315000070258975,0.13860000763088465,0.10720000136643648,True,4122.817066720688
ECC+ChaCha20,1000,2,651,0.030099996365606785,0.13590000162366778,0.10650001058820635,True,4122.817066720688
ECC+ChaCha20,1000,2,652,0.03339999238960445,0.1542999962111935,0.10840001050382853,True,4122.817066720688
ECC+ChaCha20,1000,2,653,0.031200004741549492,0.1357000001007691,0.1036000030580908,True,4122.817066720688
ECC+ChaCha20,1000,2,654,0.0278999941656366,0.13270000636111945,0.10449999535921961,True,4122.817066720688
ECC+ChaCha20,1000,2,655,0.028700000257231295,0.13859999307896942,0.10320000001229346,True,4122.817066720688
ECC+ChaCha20,1000,2,656,0.02920000406447798,0.1328000071225688,0.10400000610388815,True,4122.817066720688
ECC+ChaCha20,1000,2,657,0.027599991881288588,0.13190000026952475,0.10280001151841134,True,4122.817066720688
ECC+ChaCha20,1000,2,658,0.027600006433203816,0.13300000864546746,0.1036000030580908,True,4122.817066720688
ECC+ChaCha20,1000,2,659,0.027900008717551827,0.14400000509340316,0.10370000381954014,True,4122.817066720688
ECC+ChaCha20,1000,2,660,0.028099995688535273,0.1340000017080456,0.10320000001229346,True,4122.817066720688
ECC+ChaCha20,1000,2,661,0.027399990358389914,0.1314999972237274,0.10320000001229346,True,4122.817066720688
ECC+ChaCha20,1000,2,662,0.02750000567175448,0.13120000949129462,0.1036000030580908,True,4122.817066720688
ECC+ChaCha20,1000,2,663,0.027700007194653153,0.13169999874662608,0.10279999696649611,True,4122.817066720688
ECC+ChaCha20,1000,2,664,0.02780000795610249,0.13220000255387276,0.10329998622182757,True,4122.817066720688
ECC+ChaCha20,1000,2,665,0.027999994927085936,0.13190000026952475,0.10340000153519213,True,4122.817066720688
ECC+ChaCha20,1000,2,666,0.02750000567175448,0.1429999974789098,0.10609999299049377,True,4122.817066720688
ECC+ChaCha20,1000,2,667,0.02750000567175448,0.13249999028630555,0.10309999925084412,True,4122.817066720688
ECC+ChaCha20,1000,2,668,0.03850000211969018,0.16080000204965472,0.109500004327856,True,4122.817066720688
ECC+ChaCha20,1000,2,669,0.030099996365606785,0.1368000084767118,0.10579999070614576,True,4122.817066720688
ECC+ChaCha20,1000,2,670,0.030499999411404133,0.13890000991523266,0.10609999299049377,True,4122.817066720688
ECC+ChaCha20,1000,2,671,0.027999994927085936,0.13359999866224825,0.1036000030580908,True,4122.817066720688
ECC+ChaCha20,1000,2,672,0.02819999644998461,0.1328999933321029,0.10479999764356762,True,4122.817066720688
ECC+ChaCha20,1000,2,673,0.028099995688535273,0.13359999866224825,0.10250000923406333,True,4122.817066720688
ECC+ChaCha20,1000,2,674,0.027900008717551827,0.13440000475384295,0.1036000030580908,True,4122.817066720688
ECC+ChaCha20,1000,2,675,0.027699992642737925,0.1323000033153221,0.10350000229664147,True,4122.817066720688
ECC+ChaCha20,1000,2,676,0.02749999111983925,0.13250000483822078,0.10380000458098948,True,4122.817066720688
ECC+ChaCha20,1000,2,677,0.027799993404187262,0.13269999180920422,0.1033000007737428,True,4122.817066720688
ECC+ChaCha20,1000,2,678,0.028700000257231295,0.1331000094069168,0.10289999772794545,True,4122.817066720688
ECC+ChaCha20,1000,2,679,0.027999994927085936,0.1432999997632578,0.10479999764356762,True,4122.817066720688
ECC+ChaCha20,1000,2,680,0.027699992642737925,0.13240000407677144,0.10380000458098948,True,4122.817066720688
ECC+ChaCha20,1000,2,681,0.029100003303028643,0.1336999994236976,0.1036000030580908,True,4122.817066720688
ECC+ChaCha20,1000,2,682,0.028000009479001164,0.1326000055996701,0.10390000534243882,True,4122.817066720688
ECC+ChaCha20,1000,2,683,0.027699992642737925,0.13159999798517674,0.10289999772794545,True,4122.817066720688
ECC+ChaCha20,1000,2,684,0.027900008717551827,0.1328000071225688,0.1033000007737428,True,4122.817066720688
ECC+ChaCha20,1000,2,685,0.027700007194653153,0.13269999180920422,0.10400000610388815,True,4122.817066720688
ECC+ChaCha20,1000,2,686,0.027799993404187262,0.14390000433195382,0.10400000610388815,True,4122.817066720688
ECC+ChaCha20,1000,2,687,0.027700007194653153,0.13229998876340687,0.10369998926762491,True,4122.817066720688
ECC+ChaCha20,1000,2,688,0.027999994927085936,0.13270000636111945,0.10340000153519213,True,4122.817066720688
ECC+ChaCha20,1000,2,689,0.028099995688535273,0.13159999798517674,0.10309999925084412,True,4122.817066720688
ECC+ChaCha20,1000,2,690,0.027600006433203816,0.13110000872984529,0.1036000030580908,True,4122.817066720688
ECC+ChaCha20,1000,2,691,0.027300004148855805,0.1306000049225986,0.10309999925084412,True,4122.817066720688
ECC+ChaCha20,1000,2,692,0.027900008717551827,0.13439999020192772,0.10429999383632094,True,4122.817066720688
ECC+ChaCha20,1000,2,693,0.0320999970426783,0.22729999909643084,0.13410000246949494,True,4122.817066720688
ECC+ChaCha20,1000,2,694,0.03670000296551734,0.1539999939268455,0.109200002043508,True,4122.817066720688
ECC+ChaCha20,1000,2,695,0.03359999391250312,0.14180000289343297,0.10979999206028879,True,4122.817066720688
ECC+ChaCha20,1000,2,696,0.037699996028095484,0.14849999570287764,0.11249999806750566,True,4122.817066720688
ECC+ChaCha20,1000,2,697,0.043499996536411345,0.1581999968038872,0.11140000424347818,True,4122.817066720688
ECC+ChaCha20,1000,2,698,0.03239999932702631,0.13780000153928995,0.10620000830385834,True,4122.817066720688
ECC+ChaCha20,1000,2,699,0.029499991796910763,0.13590000162366778,0.10430000838823617,True,4122.817066720688
ECC+ChaCha20,1000,2,700,0.029799994081258774,0.1370999962091446,0.10479999764356762,True,4122.817066720688
ECC+ChaCha20,1000,2,701,0.02920000406447798,0.13479999324772507,0.10370000381954014,True,4122.817066720688
ECC+ChaCha20,1000,2,702,0.029000002541579306,0.1348000077996403,0.10380000458098948,True,4122.817066720688
ECC+ChaCha20,1000,2,703,0.02890000178012997,0.13509999553207308,0.10410000686533749,True,4122.817066720688
ECC+ChaCha20,1000,2,704,0.029000002541579306,0.13449999096337706,0.10389999079052359,True,4122.817066720688
ECC+ChaCha20,1000,2,705,0.028299997211433947,0.13559999933931977,0.10459999612066895,True,4122.817066720688
ECC+ChaCha20,1000,2,706,0.028599999495781958,0.1331999956164509,0.10410000686533749,True,4122.817066720688
ECC+ChaCha20,1000,2,707,0.027700007194653153,0.13519999629352242,0.10469999688211828,True,4122.817066720688
ECC+ChaCha20,1000,2,708,0.027700007194653153,0.13299999409355223,0.10299999848939478,True,4122.817066720688
ECC+ChaCha20,1000,2,709,0.028700000257231295,0.1331999956164509,0.10750000365078449,True,4122.817066720688
ECC+ChaCha20,1000,2,710,0.029300004825927317,0.13449999096337706,0.10320000001229346,True,4122.817066720688
ECC+ChaCha20,1000,2,711,0.02720000338740647,0.1331999956164509,0.10389999079052359,True,4122.817066720688
ECC+ChaCha20,1000,2,712,0.027300004148855805,0.1328000071225688,0.10350000229664147,True,4122.817066720688
ECC+ChaCha20,1000,2,713,0.028599999495781958,0.14259999443311244,0.10370000381954014,True,4122.817066720688
ECC+ChaCha20,1000,2,714,0.02750000567175448,0.1328999933321029,0.10359998850617558,True,4122.817066720688
ECC+ChaCha20,1000,2,715,0.027799993404187262,0.13129999570082873,0.10359998850617558,True,4122.817066720688
ECC+ChaCha20,1000,2,716,0.027999994927085936,0.1320000010309741,0.1033000007737428,True,4122.817066720688
ECC+ChaCha20,1000,2,717,0.028000009479001164,0.13349999790079892,0.10689999908208847,True,4122.817066720688
ECC+ChaCha20,1000,2,718,0.02819999644998461,0.13939999917056412,0.10450000991113484,True,4122.817066720688
ECC+ChaCha20,1000,2,719,0.030800001695752144,0.14230000670067966,0.10380000458098948,True,4122.817066720688
ECC+ChaCha20,1000,2,720,0.04990000161342323,0.13929999840911478,0.1066999975591898,True,4122.817066720688
ECC+ChaCha20,1000,2,721,0.029800008633174002,0.14619999274145812,0.10350000229664147,True,4122.817066720688
ECC+ChaCha20,1000,2,722,0.028299997211433947,0.13390000094659626,0.10340000153519213,True,4122.817066720688
ECC+ChaCha20,1000,2,723,0.02820001100189984,0.13320001016836613,0.1036000030580908,True,4122.817066720688
ECC+ChaCha20,1000,2,724,0.027999994927085936,0.13190000026952475,0.1044000091496855,True,4122.817066720688
ECC+ChaCha20,1000,2,725,0.02849999873433262,0.13300000864546746,0.10410000686533749,True,4122.817066720688
ECC+ChaCha20,1000,2,726,0.02849999873433262,0.13050000416114926,0.10030000703409314,True,4122.817066720688
ECC+ChaCha20,1000,2,727,0.027300004148855805,0.12900000729132444,0.10090001160278916,True,4122.817066720688
ECC+ChaCha20,1000,2,728,0.027399990358389914,0.13679999392479658,0.10069999552797526,True,4122.817066720688
ECC+ChaCha20,1000,2,729,0.027300004148855805,0.1286999904550612,0.10099999781232327,True,4122.817066720688
ECC+ChaCha20,1000,2,730,0.02750000567175448,0.12880000576842576,0.10170000314246863,True,4122.817066720688
ECC+ChaCha20,1000,2,731,0.027000001864507794,0.12909999350085855,0.10019999172072858,True,4122.817066720688
ECC+ChaCha20,1000,2,732,0.02680000034160912,0.1272000081371516,0.10060000931844115,True,4122.817066720688
ECC+ChaCha20,1000,2,733,0.02649999805726111,0.12759999663103372,0.10049999400507659,True,4122.817066720688
ECC+ChaCha20,1000,2,734,0.026699999580159783,0.12789999891538173,0.10010000551119447,True,4122.817066720688
ECC+ChaCha20,1000,2,735,0.026500012609176338,0.12770001194439828,0.09970000246539712,True,4122.817066720688
ECC+ChaCha20,1000,2,736,0.02680000034160912,0.13679999392479658,0.09989998943638057,True,4122.817066720688
ECC+ChaCha20,1000,2,737,0.026900001103058457,0.12789999891538173,0.10050000855699182,True,4122.817066720688
ECC+ChaCha20,1000,2,738,0.026299996534362435,0.12739999510813504,0.10019999172072858,True,4122.817066720688
ECC+ChaCha20,1000,2,739,0.027000001864507794,0.1289999927394092,0.10040000779554248,True,4122.817066720688
ECC+ChaCha20,1000,2,740,0.027000001864507794,0.12889999197795987,0.09970000246539712,True,4122.817066720688
ECC+ChaCha20,1000,2,741,0.026599998818710446,0.1294999965466559,0.10140000085812062,True,4122.817066720688
ECC+ChaCha20,1000,2,742,0.027400004910305142,0.12930000957567245,0.10370000381954014,True,4122.817066720688
ECC+ChaCha20,1000,2,743,0.027300004148855805,0.12969999806955457,0.10069999552797526,True,4122.817066720688
ECC+ChaCha20,1000,2,744,0.027299989596940577,0.1328000071225688,0.10030000703409314,True,4122.817066720688
ECC+ChaCha20,1000,2,745,0.02890000178012997,0.12830000196117908,0.1007999962894246,True,4122.817066720688
ECC+ChaCha20,1000,2,746,0.027999994927085936,0.12820000119972974,0.10050000855699182,True,4122.817066720688
ECC+ChaCha20,1000,2,747,0.027700007194653153,0.12840000272262841,0.10029999248217791,True,4122.817066720688
ECC+ChaCha20,1000,2,748,0.027399990358389914,0.12840000272262841,0.16719999257475138,True,4122.817066720688
ECC+ChaCha20,1000,2,749,0.03850000211969018,0.15019999409560114,0.10670001211110502,True,4122.817066720688
ECC+ChaCha20,1000,2,750,0.0278999941656366,0.13810000382363796,0.1016000023810193,True,4122.817066720688
ECC+ChaCha20,1000,2,751,0.02819999644998461,0.1396000006934628,0.10210000618826598,True,4122.817066720688
ECC+ChaCha20,1000,2,752,0.027999994927085936,0.12969999806955457,0.10180000390391797,True,4122.817066720688
ECC+ChaCha20,1000,2,753,0.02680000034160912,0.13110000872984529,0.10340000153519213,True,4122.817066720688
ECC+ChaCha20,1000,2,754,0.027299989596940577,0.12870000500697643,0.10119999933522195,True,4122.817066720688
ECC+ChaCha20,1000,2,755,0.026900001103058457,0.12799999967683107,0.10030000703409314,True,4122.817066720688
ECC+ChaCha20,1000,2,756,0.02680000034160912,0.12739999510813504,0.09940000018104911,True,4122.817066720688
ECC+ChaCha20,1000,2,757,0.02680000034160912,0.1272999943466857,0.10049999400507659,True,4122.817066720688
ECC+ChaCha20,1000,2,758,0.02710000262595713,0.1275000104214996,0.10150000161956996,True,4122.817066720688
ECC+ChaCha20,1000,2,759,0.026699999580159783,0.13860000763088465,0.10030000703409314,True,4122.817066720688
ECC+ChaCha20,1000,2,760,0.02680000034160912,0.12739999510813504,0.12799999967683107,True,4122.817066720688
ECC+ChaCha20,1000,2,761,0.028000009479001164,0.12989999959245324,0.1007999962894246,True,4122.817066720688
ECC+ChaCha20,1000,2,762,0.027300004148855805,0.12799999967683107,0.10039999324362725,True,4122.817066720688
ECC+ChaCha20,1000,2,763,0.026699999580159783,0.12850000348407775,0.0999000039882958,True,4122.817066720688
ECC+ChaCha20,1000,2,764,0.02680000034160912,0.1275000104214996,0.09919999865815043,True,4122.817066720688
ECC+ChaCha20,1000,2,765,0.026599998818710446,0.1281000004382804,0.10059999476652592,True,4122.817066720688
ECC+ChaCha20,1000,2,766,0.026500012609176338,0.12870000500697643,0.10050000855699182,True,4122.817066720688
ECC+ChaCha20,1000,2,767,0.027000001864507794,0.13279999257065356,0.09970000246539712,True,4122.817066720688
ECC+ChaCha20,1000,2,768,0.02749999111983925,0.1289000065298751,0.10049999400507659,True,4122.817066720688
ECC+ChaCha20,1000,2,769,0.026699999580159783,0.12840000272262841,0.10109999857377261,True,4122.817066720688
ECC+ChaCha20,1000,2,770,0.026599998818710446,0.1306000049225986,0.09960000170394778,True,4122.817066720688
ECC+ChaCha20,1000,2,771,0.026599998818710446,0.12789999891538173,0.0999000039882958,True,4122.817066720688
ECC+ChaCha20,1000,2,772,0.027400004910305142,0.12840000272262841,0.10049999400507659,True,4122.817066720688
ECC+ChaCha20,1000,2,773,0.02749999111983925,0.12909999350085855,0.0999000039882958,True,4122.817066720688
ECC+ChaCha20,1000,2,774,0.02710000262595713,0.12789999891538173,0.09980000322684646,True,4122.817066720688
ECC+ChaCha20,1000,2,775,0.026900001103058457,0.13559999933931977,0.10060000931844115,True,4122.817066720688
ECC+ChaCha20,1000,2,776,0.02710000262595713,0.1289999927394092,0.10039999324362725,True,4122.817066720688
ECC+ChaCha20,1000,2,777,0.028099995688535273,0.1294999965466559,0.10029999248217791,True,4122.817066720688
ECC+ChaCha20,1000,2,778,0.03239999932702631,0.1379000023007393,0.102700010756962,True,4122.817066720688
ECC+ChaCha20,1000,2,779,0.027599991881288588,0.12989999959245324,0.10119999933522195,True,4122.817066720688
ECC+ChaCha20,1000,2,780,0.027300004148855805,0.13019998732488602,0.10059999476652592,True,4122.817066720688
ECC+ChaCha20,1000,2,781,0.027399990358389914,0.12759999663103372,0.0999999901978299,True,4122.817066720688
ECC+ChaCha20,1000,2,782,0.027300004148855805,0.13509999553207308,0.10080001084133983,True,4122.817066720688
ECC+ChaCha20,1000,2,783,0.027599991881288588,0.13190000026952475,0.10069999552797526,True,4122.817066720688
ECC+ChaCha20,1000,2,784,0.027299989596940577,0.12739999510813504,0.10029999248217791,True,4122.817066720688
ECC+ChaCha20,1000,2,785,0.026599998818710446,0.12799999967683107,0.10059999476652592,True,4122.817066720688
ECC+ChaCha20,1000,2,786,0.026699999580159783,0.12759999663103372,0.09989998943638057,True,4122.817066720688
ECC+ChaCha20,1000,2,787,0.0261999957729131,0.12959999730810523,0.10009999095927924,True,4122.817066720688
ECC+ChaCha20,1000,2,788,0.027000001864507794,0.1281000004382804,0.09989998943638057,True,4122.817066720688
ECC+ChaCha20,1000,2,789,0.026900001103058457,0.1281000004382804,0.0990999978967011,True,4122.817066720688
ECC+ChaCha20,1000,2,790,0.026699999580159783,0.1277999981539324,0.10039999324362725,True,4122.817066720688
ECC+ChaCha20,1000,2,791,0.026699999580159783,0.15189999248832464,0.1019000046653673,True,4122.817066720688
ECC+ChaCha20,1000,2,792,0.027600006433203816,0.13809998927172273,0.0999000039882958,True,4122.817066720688
ECC+ChaCha20,1000,2,793,0.026399997295811772,0.12789999891538173,0.09969998791348189,True,4122.817066720688
ECC+ChaCha20,1000,2,794,0.026500012609176338,0.12670000432990491,0.0999999901978299,True,4122.817066720688
ECC+ChaCha20,1000,2,795,0.029400005587376654,0.13440000475384295,0.10180000390391797,True,4122.817066720688
ECC+ChaCha20,1000,2,796,0.027299989596940577,0.1294999965466559,0.10199999087490141,True,4122.817066720688
ECC+ChaCha20,1000,2,797,0.02749999111983925,0.12820000119972974,0.0999999901978299,True,4122.817066720688
ECC+ChaCha20,1000,2,798,0.026599998818710446,0.12840000272262841,0.10050000855699182,True,4122.817066720688
ECC+ChaCha20,1000,2,799,0.02720000338740647,0.12830000196117908,0.09980000322684646,True,4122.817066720688
ECC+ChaCha20,1000,2,800,0.026900001103058457,0.12950001109857112,0.09950000094249845,True,4122.817066720688
ECC+ChaCha20,1000,2,801,0.027300004148855805,0.13220000255387276,0.09979998867493123,True,4122.817066720688
ECC+ChaCha20,1000,2,802,0.02720000338740647,0.12879999121651053,0.0999999901978299,True,4122.817066720688
ECC+ChaCha20,1000,2,803,0.026699999580159783,0.1289000065298751,0.10000000474974513,True,4122.817066720688
ECC+ChaCha20,1000,2,804,0.026699999580159783,0.12830000196117908,0.10049999400507659,True,4122.817066720688
ECC+ChaCha20,1000,2,805,0.026699999580159783,0.12830000196117908,0.09970000246539712,True,4122.817066720688
ECC+ChaCha20,1000,2,806,0.02649999805726111,0.12710000737570226,0.09970000246539712,True,4122.817066720688
ECC+ChaCha20,1000,2,807,0.02680000034160912,0.12799999967683107,0.09989998943638057,True,4122.817066720688
ECC+ChaCha20,1000,2,808,0.027799993404187262,0.12799999967683107,0.0999000039882958,True,4122.817066720688
ECC+ChaCha20,1000,2,809,0.02649999805726111,0.12759999663103372,0.09989998943638057,True,4122.817066720688
ECC+ChaCha20,1000,2,810,0.026699999580159783,0.12749999586958438,0.10009999095927924,True,4122.817066720688
ECC+ChaCha20,1000,2,811,0.027000001864507794,0.1373000122839585,0.10150000161956996,True,4122.817066720688
ECC+ChaCha20,1000,2,812,0.02989999484270811,0.13529999705497175,0.10229999315924942,True,4122.817066720688
ECC+ChaCha20,1000,2,813,0.027300004148855805,0.12780001270584762,0.10019999172072858,True,4122.817066720688
ECC+ChaCha20,1000,2,814,0.027000001864507794,0.13259999104775488,0.10039999324362725,True,4122.817066720688
ECC+ChaCha20,1000,2,815,0.02720000338740647,0.12749999586958438,0.09989998943638057,True,4122.817066720688
ECC+ChaCha20,1000,2,816,0.026299996534362435,0.12710000737570226,0.09960000170394778,True,4122.817066720688
ECC+ChaCha20,1000,2,817,0.026599998818710446,0.12739999510813504,0.10029999248217791,True,4122.817066720688
ECC+ChaCha20,1000,2,818,0.027000001864507794,0.12739999510813504,0.10009999095927924,True,4122.817066720688
ECC+ChaCha20,1000,2,819,0.026699999580159783,0.12789999891538173,0.09940000018104911,True,4122.817066720688
ECC+ChaCha20,1000,2,820,0.02680000034160912,0.12820000119972974,0.10019999172072858,True,4122.817066720688
ECC+ChaCha20,1000,2,821,0.026399997295811772,0.12799999967683107,0.09980000322684646,True,4122.817066720688
ECC+ChaCha20,1000,2,822,0.02680000034160912,0.1297999988310039,0.10069999552797526,True,4122.817066720688
ECC+ChaCha20,1000,2,823,0.02680000034160912,0.1281000004382804,0.10029999248217791,True,4122.817066720688
ECC+ChaCha20,1000,2,824,0.026599998818710446,0.12840000272262841,0.0999999901978299,True,4122.817066720688
ECC+ChaCha20,1000,2,825,0.0261999957729131,0.12830000196117908,0.10069999552797526,True,4122.817066720688
ECC+ChaCha20,1000,2,826,0.026299996534362435,0.12830000196117908,0.10040000779554248,True,4122.817066720688
ECC+ChaCha20,1000,2,827,0.0261999957729131,0.12799999967683107,0.10059999476652592,True,4122.817066720688
ECC+ChaCha20,1000,2,828,0.026599998818710446,0.1277999981539324,0.10050000855699182,True,4122.817066720688
ECC+ChaCha20,1000,2,829,0.027000001864507794,0.12840000272262841,0.10039999324362725,True,4122.817066720688
ECC+ChaCha20,1000,2,830,0.026900001103058457,0.1390999968862161,0.10309999925084412,True,4122.817066720688
ECC+ChaCha20,1000,2,831,0.026299996534362435,0.12739999510813504,0.0999000039882958,True,4122.817066720688
ECC+ChaCha20,1000,2,832,0.026599998818710446,0.12769999739248306,0.0999000039882958,True,4122.817066720688
ECC+ChaCha20,1000,2,833,0.026699999580159783,0.12880000576842576,0.10060000931844115,True,4122.817066720688
ECC+ChaCha20,1000,2,834,0.026900001103058457,0.12769999739248306,0.09940000018104911,True,4122.817066720688
ECC+ChaCha20,1000,2,835,0.026399997295811772,0.12870000500697643,0.10000000474974513,True,4122.817066720688
ECC+ChaCha20,1000,2,836,0.026699999580159783,0.12769999739248306,0.09950000094249845,True,4122.817066720688
ECC+ChaCha20,1000,2,837,0.026699999580159783,0.1277999981539324,0.0999000039882958,True,4122.817066720688
ECC+ChaCha20,1000,2,838,0.026599998818710446,0.12830000196117908,0.10010000551119447,True,4122.817066720688
ECC+ChaCha20,1000,2,839,0.02649999805726111,0.12749999586958438,0.09950000094249845,True,4122.817066720688
ECC+ChaCha20,1000,2,840,0.027300004148855805,0.13889999536331743,0.10770000517368317,True,4122.817066720688
ECC+ChaCha20,1000,2,841,0.02680000034160912,0.12769999739248306,0.10049999400507659,True,4122.817066720688
ECC+ChaCha20,1000,2,842,0.026699999580159783,0.12740000966005027,0.10010000551119447,True,4122.817066720688
ECC+ChaCha20,1000,2,843,0.02680000034160912,0.12799999967683107,0.10030000703409314,True,4122.817066720688
ECC+ChaCha20,1000,2,844,0.026599998818710446,0.1272999943466857,0.0999000039882958,True,4122.817066720688
ECC+ChaCha20,1000,2,845,0.026200010324828327,0.1264000020455569,0.10049999400507659,True,4122.817066720688
ECC+ChaCha20,1000,2,846,0.02649999805726111,0.13079999189358205,0.09960000170394778,True,4122.817066720688
ECC+ChaCha20,1000,2,847,0.026300011086277664,0.12840000272262841,0.10089999705087394,True,4122.817066720688
ECC+ChaCha20,1000,2,848,0.02689998655114323,0.1286000042455271,0.10010000551119447,True,4122.817066720688
ECC+ChaCha20,1000,2,849,0.029100003303028643,0.14189998910296708,0.10889999975915998,True,4122.817066720688
ECC+ChaCha20,1000,2,850,0.027000001864507794,0.12959999730810523,0.1049999991664663,True,4122.817066720688
ECC+ChaCha20,1000,2,851,0.02710000262595713,0.1283999881707132,0.10000000474974513,True,4122.817066720688
ECC+ChaCha20,1000,2,852,0.026699999580159783,0.1286999904550612,0.10159998782910407,True,4122.817066720688
ECC+ChaCha20,1000,2,853,0.026399997295811772,0.12789999891538173,0.10030000703409314,True,4122.817066720688
ECC+ChaCha20,1000,2,854,0.027000001864507794,0.12820000119972974,0.10009999095927924,True,4122.817066720688
ECC+ChaCha20,1000,2,855,0.02680000034160912,0.1277999981539324,0.10050000855699182,True,4122.817066720688
ECC+ChaCha20,1000,2,856,0.027000001864507794,0.1294999965466559,0.10090001160278916,True,4122.817066720688
ECC+ChaCha20,1000,2,857,0.02680000034160912,0.1289000065298751,0.10030000703409314,True,4122.817066720688
ECC+ChaCha20,1000,2,858,0.026599998818710446,0.12749999586958438,0.1007999962894246,True,4122.817066720688
ECC+ChaCha20,1000,2,859,0.026599998818710446,0.13089999265503138,0.10039999324362725,True,4122.817066720688
ECC+ChaCha20,1000,2,860,0.026599998818710446,0.1277999981539324,0.10029999248217791,True,4122.817066720688
ECC+ChaCha20,1000,2,861,0.026400011847727,0.12760001118294895,0.10049999400507659,True,4122.817066720688
ECC+ChaCha20,1000,2,862,0.026699999580159783,0.12840000272262841,0.10059999476652592,True,4122.817066720688
ECC+ChaCha20,1000,2,863,0.026399997295811772,0.12840000272262841,0.10010000551119447,True,4122.817066720688
ECC+ChaCha20,1000,2,864,0.026599998818710446,0.12820000119972974,0.0999000039882958,True,4122.817066720688
ECC+ChaCha20,1000,2,865,0.0261999957729131,0.12749999586958438,0.0999999901978299,True,4122.817066720688
ECC+ChaCha20,1000,2,866,0.02649999805726111,0.12929999502375722,0.1033000007737428,True,4122.817066720688
ECC+ChaCha20,1000,2,867,0.026399997295811772,0.12849998893216252,0.09970000246539712,True,4122.817066720688
ECC+ChaCha20,1000,2,868,0.026599998818710446,0.12799999967683107,0.10000000474974513,True,4122.817066720688
ECC+ChaCha20,1000,2,869,0.02689998655114323,0.13700000999961048,0.09929999941959977,True,4122.817066720688
ECC+ChaCha20,1000,2,870,0.026599998818710446,0.12879999121651053,0.10069999552797526,True,4122.817066720688
ECC+ChaCha20,1000,2,871,0.026299996534362435,0.12739999510813504,0.09969998791348189,True,4122.817066720688
ECC+ChaCha20,1000,2,872,0.027600006433203816,0.13109999417793006,0.10170000314246863,True,4122.817066720688
ECC+ChaCha20,1000,2,873,0.026699999580159783,0.12840000272262841,0.10000000474974513,True,4122.817066720688
ECC+ChaCha20,1000,2,874,0.026399997295811772,0.12830000196117908,0.10030000703409314,True,4122.817066720688
ECC+ChaCha20,1000,2,875,0.026699999580159783,0.12769999739248306,0.10019999172072858,True,4122.817066720688
ECC+ChaCha20,1000,2,876,0.026699999580159783,0.12879999121651053,0.10069999552797526,True,4122.817066720688
ECC+ChaCha20,1000,2,877,0.026699999580159783,0.12759999663103372,0.10000000474974513,True,4122.817066720688
ECC+ChaCha20,1000,2,878,0.026599998818710446,0.13099999341648072,0.10009999095927924,True,4122.817066720688
ECC+ChaCha20,1000,2,879,0.026900001103058457,0.13970000145491213,0.09950000094249845,True,4122.817066720688
ECC+ChaCha20,1000,2,880,0.02649999805726111,0.12709999282378703,0.09960000170394778,True,4122.817066720688
ECC+ChaCha20,1000,2,881,0.026399997295811772,0.1272000081371516,0.10000000474974513,True,4122.817066720688
ECC+ChaCha20,1000,2,882,0.026299996534362435,0.12759999663103372,0.0999000039882958,True,4122.817066720688
ECC+ChaCha20,1000,2,883,0.026299996534362435,0.12709999282378703,0.09980000322684646,True,4122.817066720688
ECC+ChaCha20,1000,2,884,0.026400011847727,0.12789999891538173,0.0999000039882958,True,4122.817066720688
ECC+ChaCha20,1000,2,885,0.02680000034160912,0.12880000576842576,0.10119999933522195,True,4122.817066720688
ECC+ChaCha20,1000,2,886,0.04579999949783087,0.1627000019652769,0.17929999739862978,True,4122.817066720688
ECC+ChaCha20,1000,2,887,0.05129999772179872,0.18229999113827944,0.11160000576637685,True,4122.817066720688
ECC+ChaCha20,1000,2,888,0.03920000744983554,0.14689999807160348,0.10350000229664147,True,4122.817066720688
ECC+ChaCha20,1000,2,889,0.029399991035461426,0.1297999988310039,0.10140000085812062,True,4122.817066720688
ECC+ChaCha20,1000,2,890,0.02780000795610249,0.12950001109857112,0.10089999705087394,True,4122.817066720688
ECC+ChaCha20,1000,2,891,0.02680000034160912,0.12929999502375722,0.10170000314246863,True,4122.817066720688
ECC+ChaCha20,1000,2,892,0.026699999580159783,0.12840000272262841,0.10070001007989049,True,4122.817066720688
ECC+ChaCha20,1000,2,893,0.027299989596940577,0.1289000065298751,0.1007999962894246,True,4122.817066720688
ECC+ChaCha20,1000,2,894,0.02720000338740647,0.12900000729132444,0.10099999781232327,True,4122.817066720688
ECC+ChaCha20,1000,2,895,0.026900001103058457,0.12840000272262841,0.1007999962894246,True,4122.817066720688
ECC+ChaCha20,1000,2,896,0.026699999580159783,0.1281000004382804,0.10109999857377261,True,4122.817066720688
ECC+ChaCha20,1000,2,897,0.026900001103058457,0.12820000119972974,0.10060000931844115,True,4122.817066720688
ECC+ChaCha20,1000,2,898,0.026599998818710446,0.12739999510813504,0.09989998943638057,True,4122.817066720688
ECC+ChaCha20,1000,2,899,0.026399997295811772,0.12840000272262841,0.10029999248217791,True,4122.817066720688
ECC+ChaCha20,1000,2,900,0.02680000034160912,0.1281000004382804,0.09980000322684646,True,4122.817066720688
ECC+ChaCha20,1000,2,901,0.026399997295811772,0.1281000004382804,0.10080001084133983,True,4122.817066720688
ECC+ChaCha20,1000,2,902,0.026699999580159783,0.12880000576842576,0.10040000779554248,True,4122.817066720688
ECC+ChaCha20,1000,2,903,0.02680000034160912,0.1281000004382804,0.10039999324362725,True,4122.817066720688
ECC+ChaCha20,1000,2,904,0.027300004148855805,0.12820000119972974,0.1007999962894246,True,4122.817066720688
ECC+ChaCha20,1000,2,905,0.02680000034160912,0.12769999739248306,0.10070001007989049,True,4122.817066720688
ECC+ChaCha20,1000,2,906,0.02649999805726111,0.12659998901654035,0.09960000170394778,True,4122.817066720688
ECC+ChaCha20,1000,2,907,0.02649999805726111,0.1272999943466857,0.09970000246539712,True,4122.817066720688
ECC+ChaCha20,1000,2,908,0.026699999580159783,0.12849998893216252,0.09940000018104911,True,4122.817066720688
ECC+ChaCha20,1000,2,909,0.026599998818710446,0.14429999282583594,0.10140000085812062,True,4122.817066720688
ECC+ChaCha20,1000,2,910,0.027699992642737925,0.13349999790079892,0.10000000474974513,True,4122.817066720688
ECC+ChaCha20,1000,2,911,0.027000001864507794,0.1286999904550612,0.10039999324362725,True,4122.817066720688
ECC+ChaCha20,1000,2,912,0.026900001103058457,0.12749999586958438,0.09989998943638057,True,4122.817066720688
ECC+ChaCha20,1000,2,913,0.02680000034160912,0.12840000272262841,0.0999000039882958,True,4122.817066720688
ECC+ChaCha20,1000,2,914,0.026599998818710446,0.12820000119972974,0.10150000161956996,True,4122.817066720688
ECC+ChaCha20,1000,2,915,0.026699999580159783,0.1275000104214996,0.10380000458098948,True,4122.817066720688
ECC+ChaCha20,1000,2,916,0.02720000338740647,0.13870000839233398,0.10740000288933516,True,4122.817066720688
ECC+ChaCha20,1000,2,917,0.026900001103058457,0.12799999967683107,0.10039999324362725,True,4122.817066720688
ECC+ChaCha20,1000,2,918,0.0261999957729131,0.1277999981539324,0.10040000779554248,True,4122.817066720688
ECC+ChaCha20,1000,2,919,0.026599998818710446,0.12709999282378703,0.0999999901978299,True,4122.817066720688
ECC+ChaCha20,1000,2,920,0.026699999580159783,0.12759999663103372,0.1002000062726438,True,4122.817066720688
ECC+ChaCha20,1000,2,921,0.026599998818710446,0.12659998901654035,0.09940000018104911,True,4122.817066720688
ECC+ChaCha20,1000,2,922,0.02649999805726111,0.12680000509135425,0.10040000779554248,True,4122.817066720688
ECC+ChaCha20,1000,2,923,0.028599999495781958,0.1340000017080456,0.10320000001229346,True,4122.817066720688
ECC+ChaCha20,1000,2,924,0.029600007110275328,0.1317000132985413,0.10399999155197293,True,4122.817066720688
ECC+ChaCha20,1000,2,925,0.029700007871724665,0.13220000255387276,0.1033000007737428,True,4122.817066720688
ECC+ChaCha20,1000,2,926,0.02849999873433262,0.13749999925494194,0.10150000161956996,True,4122.817066720688
ECC+ChaCha20,1000,2,927,0.026599998818710446,0.12840000272262841,0.10049999400507659,True,4122.817066720688
ECC+ChaCha20,1000,2,928,0.026699999580159783,0.13020000187680125,0.10069999552797526,True,4122.817066720688
ECC+ChaCha20,1000,2,929,0.026900001103058457,0.1289999927394092,0.10049999400507659,True,4122.817066720688
ECC+ChaCha20,1000,2,930,0.02719998883549124,0.12799999967683107,0.10030000703409314,True,4122.817066720688
ECC+ChaCha20,1000,2,931,0.027000001864507794,0.12870000500697643,0.10200000542681664,True,4122.817066720688
ECC+ChaCha20,1000,2,932,0.02680000034160912,0.12889999197795987,0.10059999476652592,True,4122.817066720688
ECC+ChaCha20,1000,2,933,0.026900001103058457,0.12969999806955457,0.10119999933522195,True,4122.817066720688
ECC+ChaCha20,1000,2,934,0.02680000034160912,0.12870000500697643,0.10030000703409314,True,4122.817066720688
ECC+ChaCha20,1000,2,935,0.027600006433203816,0.12950001109857112,0.10019999172072858,True,4122.817066720688
ECC+ChaCha20,1000,2,936,0.02680000034160912,0.1432999997632578,0.10060000931844115,True,4122.817066720688
ECC+ChaCha20,1000,2,937,0.026699999580159783,0.1281000004382804,0.10010000551119447,True,4122.817066720688
ECC+ChaCha20,1000,2,938,0.027000001864507794,0.12900000729132444,0.0999000039882958,True,4122.817066720688
ECC+ChaCha20,1000,2,939,0.026599998818710446,0.12670000432990491,0.09950000094249845,True,4122.817066720688
ECC+ChaCha20,1000,2,940,0.026699999580159783,0.12740000966005027,0.1002000062726438,True,4122.817066720688
ECC+ChaCha20,1000,2,941,0.026699999580159783,0.13179999950807542,0.1049999991664663,True,4122.817066720688
ECC+ChaCha20,1000,2,942,0.02719998883549124,0.12830000196117908,0.10000000474974513,True,4122.817066720688
ECC+ChaCha20,1000,2,943,0.026699999580159783,0.12759999663103372,0.09980000322684646,True,4122.817066720688
ECC+ChaCha20,1000,2,944,0.026299996534362435,0.12879999121651053,0.1007999962894246,True,4122.817066720688
ECC+ChaCha20,1000,2,945,0.026599998818710446,0.12749999586958438,0.09960000170394778,True,4122.817066720688
ECC+ChaCha20,1000,2,946,0.026900001103058457,0.14150000060908496,0.10400000610388815,True,4122.817066720688
ECC+ChaCha20,1000,2,947,0.026599998818710446,0.12799999967683107,0.10019999172072858,True,4122.817066720688
ECC+ChaCha20,1000,2,948,0.026599998818710446,0.12740000966005027,0.10010000551119447,True,4122.817066720688
ECC+ChaCha20,1000,2,949,0.02710000262595713,0.12910000805277377,0.10069999552797526,True,4122.817066720688
ECC+ChaCha20,1000,2,950,0.02680000034160912,0.1281000004382804,0.10030000703409314,True,4122.817066720688
ECC+ChaCha20,1000,2,951,0.02649999805726111,0.1286000042455271,0.10039999324362725,True,4122.817066720688
ECC+ChaCha20,1000,2,952,0.02649999805726111,0.12850000348407775,0.10109999857377261,True,4122.817066720688
ECC+ChaCha20,1000,2,953,0.026900001103058457,0.13000000035390258,0.10069999552797526,True,4122.817066720688
ECC+ChaCha20,1000,2,954,0.026900001103058457,0.12900000729132444,0.1002000062726438,True,4122.817066720688
ECC+ChaCha20,1000,2,955,0.027599991881288588,0.12840000272262841,0.10010000551119447,True,4122.817066720688
ECC+ChaCha20,1000,2,956,0.026699999580159783,0.12749999586958438,0.1007999962894246,True,4122.817066720688
ECC+ChaCha20,1000,2,957,0.026900001103058457,0.12909999350085855,0.10119999933522195,True,4122.817066720688
ECC+ChaCha20,1000,2,958,0.02719998883549124,0.12799999967683107,0.10099999781232327,True,4122.817066720688
ECC+ChaCha20,1000,2,959,0.026900001103058457,0.12680000509135425,0.10009999095927924,True,4122.817066720688
ECC+ChaCha20,1000,2,960,0.026699999580159783,0.12749999586958438,0.18749998707789928,True,4122.817066720688
ECC+ChaCha20,1000,2,961,0.051099996198900044,0.1517000055173412,0.10459999612066895,True,4122.817066720688
ECC+ChaCha20,1000,2,962,0.029999995604157448,0.1320000010309741,0.12320000678300858,True,4122.817066720688
ECC+ChaCha20,1000,2,963,0.02819999644998461,0.13159999798517674,0.10279999696649611,True,4122.817066720688
ECC+ChaCha20,1000,2,964,0.027400004910305142,0.13479999324772507,0.10090001160278916,True,4122.817066720688
ECC+ChaCha20,1000,2,965,0.02710000262595713,0.1297999988310039,0.10050000855699182,True,4122.817066720688
ECC+ChaCha20,1000,2,966,0.027099988074041903,0.12929999502375722,0.10000000474974513,True,4122.817066720688
ECC+ChaCha20,1000,2,967,0.027799993404187262,0.13129999570082873,0.10150000161956996,True,4122.817066720688
ECC+ChaCha20,1000,2,968,0.026900001103058457,0.1289000065298751,0.1007999962894246,True,4122.817066720688
ECC+ChaCha20,1000,2,969,0.02680000034160912,0.1277999981539324,0.10030000703409314,True,4122.817066720688
ECC+ChaCha20,1000,2,970,0.026999987312592566,0.12880000576842576,0.10089999705087394,True,4122.817066720688
ECC+ChaCha20,1000,2,971,0.027000001864507794,0.12769999739248306,0.10350000229664147,True,4122.817066720688
ECC+ChaCha20,1000,2,972,0.026699999580159783,0.12719999358523637,0.0999999901978299,True,4122.817066720688
ECC+ChaCha20,1000,2,973,0.026399997295811772,0.13179999950807542,0.1016999885905534,True,4122.817066720688
ECC+ChaCha20,1000,2,974,0.027799993404187262,0.13070000568404794,0.10140000085812062,True,4122.817066720688
ECC+ChaCha20,1000,2,975,0.026900001103058457,0.12820000119972974,0.1007999962894246,True,4122.817066720688
ECC+ChaCha20,1000,2,976,0.026699999580159783,0.12840000272262841,0.10040000779554248,True,4122.817066720688
ECC+ChaCha20,1000,2,977,0.026900001103058457,0.12919999426230788,0.0999999901978299,True,4122.817066720688
ECC+ChaCha20,1000,2,978,0.026699999580159783,0.12799999967683107,0.09989998943638057,True,4122.817066720688
ECC+ChaCha20,1000,2,979,0.026699999580159783,0.12880000576842576,0.10040000779554248,True,4122.817066720688
ECC+ChaCha20,1000,2,980,0.026599998818710446,0.12689999130088836,0.09940000018104911,True,4122.817066720688
ECC+ChaCha20,1000,2,981,0.02649999805726111,0.1272000081371516,0.10480001219548285,True,4122.817066720688
ECC+ChaCha20,1000,2,982,0.026599998818710446,0.12719999358523637,0.10030000703409314,True,4122.817066720688
ECC+ChaCha20,1000,2,983,0.02750000567175448,0.14029999147169292,0.1007999962894246,True,4122.817066720688
ECC+ChaCha20,1000,2,984,0.02680000034160912,0.1272000081371516,0.0999000039882958,True,4122.817066720688
ECC+ChaCha20,1000,2,985,0.026599998818710446,0.1281000004382804,0.1007999962894246,True,4122.817066720688
ECC+ChaCha20,1000,2,986,0.026299996534362435,0.13079999189358205,0.10019999172072858,True,4122.817066720688
ECC+ChaCha20,1000,2,987,0.02649999805726111,0.12749999586958438,0.1007999962894246,True,4122.817066720688
ECC+ChaCha20,1000,2,988,0.026399997295811772,0.1264000020455569,0.0999000039882958,True,4122.817066720688
ECC+ChaCha20,1000,2,989,0.02649999805726111,0.12730000889860094,0.10030000703409314,True,4122.817066720688
ECC+ChaCha20,1000,2,990,0.02849999873433262,0.13099999341648072,0.10119999933522195,True,4122.817066720688
ECC+ChaCha20,1000,2,991,0.027000001864507794,0.1280000142287463,0.10039999324362725,True,4122.817066720688
ECC+ChaCha20,1000,2,992,0.026900001103058457,0.1281000004382804,0.0999000039882958,True,4122.817066720688
ECC+ChaCha20,1000,2,993,0.026599998818710446,0.12650000280700624,0.09950000094249845,True,4122.817066720688
ECC+ChaCha20,1000,2,994,0.027099988074041903,0.12820000119972974,0.10069999552797526,True,4122.817066720688
ECC+ChaCha20,1000,2,995,0.026900001103058457,0.12889999197795987,0.10099999781232327,True,4122.817066720688
ECC+ChaCha20,1000,2,996,0.027000001864507794,0.1281000004382804,0.14279999595601112,True,4122.817066720688
ECC+ChaCha20,1000,2,997,0.028599999495781958,0.13240000407677144,0.10320000001229346,True,4122.817066720688
ECC+ChaCha20,1000,2,998,0.027699992642737925,0.13070000568404794,0.10059999476652592,True,4122.817066720688
ECC+ChaCha20,1000,2,999,0.02749999111983925,0.1297999988310039,0.10109999857377261,True,4122.817066720688
ECC+ChaCha20,1000,2,1000,0.02680000034160912,0.12939999578520656,0.10060000931844115,True,4122.817066720688
