scheme,volume,repetition,transaction_id,key_gen_time,encryption_time,decryption_time,integrity_verified,throughput
ECC+ChaCha20,1000,4,1,7.9129000077955425,1.0118999925907701,0.21919999562669545,True,3976.85628271025
ECC+ChaCha20,1000,4,2,0.045200009481050074,0.18239999189972878,0.12450000212993473,True,3976.85628271025
ECC+ChaCha20,1000,4,3,0.035899996873922646,0.15500000154133886,0.11669998639263213,True,3976.85628271025
ECC+ChaCha20,1000,4,4,0.031199990189634264,0.14879999798722565,0.11530000483617187,True,3976.85628271025
ECC+ChaCha20,1000,4,5,0.03189999551977962,0.14749998808838427,0.11430001177359372,True,3976.85628271025
ECC+ChaCha20,1000,4,6,0.030800001695752144,0.14359998749569058,0.11269999959040433,True,3976.85628271025
ECC+ChaCha20,1000,4,7,0.030800001695752144,0.15719998918939382,0.11159999121446162,True,3976.85628271025
ECC+ChaCha20,1000,4,8,0.029799994081258774,0.14119999832473695,0.1112000027205795,True,3976.85628271025
ECC+ChaCha20,1000,4,9,0.054100004490464926,0.1894999877549708,0.12369999603834003,True,3976.85628271025
ECC+ChaCha20,1000,4,10,0.03409999771974981,0.15210000856313854,0.11579999409150332,True,3976.85628271025
ECC+ChaCha20,1000,4,11,0.03199999628122896,0.20280000171624124,0.19350000366102904,True,3976.85628271025
ECC+ChaCha20,1000,4,12,0.0315000070258975,0.15169999096542597,0.11800001084338874,True,3976.85628271025
ECC+ChaCha20,1000,4,13,0.03170000854879618,0.1432999997632578,0.11280000035185367,True,3976.85628271025
ECC+ChaCha20,1000,4,14,0.031400006264448166,0.14300001203082502,0.11799999629147351,True,3976.85628271025
ECC+ChaCha20,1000,4,15,0.20740000763908029,0.7401999901048839,0.12659998901654035,True,3976.85628271025
ECC+ChaCha20,1000,4,16,0.03759999526664615,0.15490000077988952,0.1154000055976212,True,3976.85628271025
ECC+ChaCha20,1000,4,17,0.035299992305226624,0.15550000534858555,0.11779999476857483,True,3976.85628271025
ECC+ChaCha20,1000,4,18,0.034500000765547156,0.14619999274145812,0.11119998816866428,True,3976.85628271025
ECC+ChaCha20,1000,4,19,0.031200004741549492,0.1432999997632578,0.11189999349880964,True,3976.85628271025
ECC+ChaCha20,1000,4,20,0.031100003980100155,0.14099999680183828,0.10960000508930534,True,3976.85628271025
ECC+ChaCha20,1000,4,21,0.031100003980100155,0.13980000221636146,0.11049999739043415,True,3976.85628271025
ECC+ChaCha20,1000,4,22,0.030499999411404133,0.14800000644754618,0.11029999586753547,True,3976.85628271025
ECC+ChaCha20,1000,4,23,0.2077999961329624,0.44999999227002263,0.12589999823831022,True,3976.85628271025
ECC+ChaCha20,1000,4,24,0.03530000685714185,0.15210000856313854,0.11660000018309802,True,3976.85628271025
ECC+ChaCha20,1000,4,25,0.031200004741549492,0.14829999417997897,0.11449999874457717,True,3976.85628271025
ECC+ChaCha20,1000,4,26,0.0312999909510836,0.14429999282583594,0.11239999730605632,True,3976.85628271025
ECC+ChaCha20,1000,4,27,0.030499999411404133,0.14459999511018395,0.11229999654460698,True,3976.85628271025
ECC+ChaCha20,1000,4,28,0.030199997127056122,0.1424999936716631,0.11070001346524805,True,3976.85628271025
ECC+ChaCha20,1000,4,29,0.03029999788850546,0.14180000289343297,0.11160000576637685,True,3976.85628271025
ECC+ChaCha20,1000,4,30,0.02950000634882599,0.1421999913873151,0.11130000348202884,True,3976.85628271025
ECC+ChaCha20,1000,4,31,0.029799994081258774,0.15189999248832464,0.11019999510608613,True,3976.85628271025
ECC+ChaCha20,1000,4,32,0.02950000634882599,0.1407999952789396,0.11409999569877982,True,3976.85628271025
ECC+ChaCha20,1000,4,33,0.030199997127056122,0.1421999913873151,0.1117999927373603,True,3976.85628271025
ECC+ChaCha20,1000,4,34,0.029000002541579306,0.13700000999961048,0.1066999975591898,True,3976.85628271025
ECC+ChaCha20,1000,4,35,0.028599999495781958,0.13590000162366778,0.10699999984353781,True,3976.85628271025
ECC+ChaCha20,1000,4,36,0.02849999873433262,0.13669999316334724,0.10689999908208847,True,3976.85628271025
ECC+ChaCha20,1000,4,37,0.02849999873433262,0.13669999316334724,0.10720000136643648,True,3976.85628271025
ECC+ChaCha20,1000,4,38,0.028700000257231295,0.13679999392479658,0.10699999984353781,True,3976.85628271025
ECC+ChaCha20,1000,4,39,0.028299997211433947,0.13699999544769526,0.10699999984353781,True,3976.85628271025
ECC+ChaCha20,1000,4,40,0.028700000257231295,0.1365999924018979,0.10650001058820635,True,3976.85628271025
ECC+ChaCha20,1000,4,41,0.02850001328624785,0.13870000839233398,0.10779999138321728,True,3976.85628271025
ECC+ChaCha20,1000,4,42,0.028800001018680632,0.13800000306218863,0.1075999898603186,True,3976.85628271025
ECC+ChaCha20,1000,4,43,0.028599999495781958,0.13499999477062374,0.10549998842179775,True,3976.85628271025
ECC+ChaCha20,1000,4,44,0.02849999873433262,0.1360000023851171,0.10649999603629112,True,3976.85628271025
ECC+ChaCha20,1000,4,45,0.028599999495781958,0.13649999164044857,0.10729998757597059,True,3976.85628271025
ECC+ChaCha20,1000,4,46,0.02989999484270811,0.13670000771526247,0.10609999299049377,True,3976.85628271025
ECC+ChaCha20,1000,4,47,0.028700000257231295,0.13760000001639128,0.10730000212788582,True,3976.85628271025
ECC+ChaCha20,1000,4,48,0.028800001018680632,0.13729999773204327,0.1078000059351325,True,3976.85628271025
ECC+ChaCha20,1000,4,49,0.029300004825927317,0.13780000153928995,0.10910000128205866,True,3976.85628271025
ECC+ChaCha20,1000,4,50,0.0295999925583601,0.13729999773204327,0.10680001287255436,True,3976.85628271025
ECC+ChaCha20,1000,4,51,0.028599999495781958,0.13699999544769526,0.10740000288933516,True,3976.85628271025
ECC+ChaCha20,1000,4,52,0.028299997211433947,0.1360000023851171,0.10679999832063913,True,3976.85628271025
ECC+ChaCha20,1000,4,53,0.02849999873433262,0.1365999924018979,0.10720000136643648,True,3976.85628271025
ECC+ChaCha20,1000,4,54,0.029000002541579306,0.13559999933931977,0.16029999824240804,True,3976.85628271025
ECC+ChaCha20,1000,4,55,0.05060000694356859,0.17690000822767615,0.11920000542886555,True,3976.85628271025
ECC+ChaCha20,1000,4,56,0.049000009312294424,0.19180000526830554,0.1171000039903447,True,3976.85628271025
ECC+ChaCha20,1000,4,57,0.04060000355821103,0.1812999980757013,0.11860000086016953,True,3976.85628271025
ECC+ChaCha20,1000,4,58,0.03239999932702631,0.1452000142307952,0.11049999739043415,True,3976.85628271025
ECC+ChaCha20,1000,4,59,0.029799994081258774,0.1399000029778108,0.10830000974237919,True,3976.85628271025
ECC+ChaCha20,1000,4,60,0.029000002541579306,0.13700000999961048,0.10730000212788582,True,3976.85628271025
ECC+ChaCha20,1000,4,61,0.02989999484270811,0.1387999946018681,0.10830000974237919,True,3976.85628271025
ECC+ChaCha20,1000,4,62,0.029400005587376654,0.1385000068694353,0.10750000365078449,True,3976.85628271025
ECC+ChaCha20,1000,4,63,0.028800001018680632,0.13780000153928995,0.10770000517368317,True,3976.85628271025
ECC+ChaCha20,1000,4,64,0.028999987989664078,0.13640000543091446,0.10699999984353781,True,3976.85628271025
ECC+ChaCha20,1000,4,65,0.029300004825927317,0.15700000221841037,0.11190000805072486,True,3976.85628271025
ECC+ChaCha20,1000,4,66,0.029499991796910763,0.13749999925494194,0.1078000059351325,True,3976.85628271025
ECC+ChaCha20,1000,4,67,0.028700000257231295,0.1365999924018979,0.10719998681452125,True,3976.85628271025
ECC+ChaCha20,1000,4,68,0.02890000178012997,0.1365999924018979,0.1066999975591898,True,3976.85628271025
ECC+ChaCha20,1000,4,69,0.028700000257231295,0.13670000771526247,0.10649999603629112,True,3976.85628271025
ECC+ChaCha20,1000,4,70,0.028599999495781958,0.13610000314656645,0.10699999984353781,True,3976.85628271025
ECC+ChaCha20,1000,4,71,0.028599999495781958,0.13720001152250916,0.10770000517368317,True,3976.85628271025
ECC+ChaCha20,1000,4,72,0.028700000257231295,0.1360000023851171,0.10639999527484179,True,3976.85628271025
ECC+ChaCha20,1000,4,73,0.02849999873433262,0.13649999164044857,0.10739998833741993,True,3976.85628271025
ECC+ChaCha20,1000,4,74,0.028399997972883284,0.1483000087318942,0.11029999586753547,True,3976.85628271025
ECC+ChaCha20,1000,4,75,0.028800001018680632,0.1360000023851171,0.10580000525806099,True,3976.85628271025
ECC+ChaCha20,1000,4,76,0.028700000257231295,0.13649999164044857,0.10650001058820635,True,3976.85628271025
ECC+ChaCha20,1000,4,77,0.02849999873433262,0.13590000162366778,0.10640000982675701,True,3976.85628271025
ECC+ChaCha20,1000,4,78,0.029400005587376654,0.13770000077784061,0.10730000212788582,True,3976.85628271025
ECC+ChaCha20,1000,4,79,0.02889998722821474,0.13640000543091446,0.10770000517368317,True,3976.85628271025
ECC+ChaCha20,1000,4,80,0.028300011763349175,0.13610000314656645,0.10700001439545304,True,3976.85628271025
ECC+ChaCha20,1000,4,81,0.028700000257231295,0.13580000086221844,0.10730000212788582,True,3976.85628271025
ECC+ChaCha20,1000,4,82,0.028399997972883284,0.1353999978164211,0.10740000288933516,True,3976.85628271025
ECC+ChaCha20,1000,4,83,0.028800001018680632,0.1469000126235187,0.11359999189153314,True,3976.85628271025
ECC+ChaCha20,1000,4,84,0.18039999122265726,0.7585999992443249,0.3956000000471249,True,3976.85628271025
ECC+ChaCha20,1000,4,85,0.04769999941345304,0.17520000983495265,0.12120000610593706,True,3976.85628271025
ECC+ChaCha20,1000,4,86,0.03749999450519681,0.15780000831000507,0.1142999972216785,True,3976.85628271025
ECC+ChaCha20,1000,4,87,0.03189999551977962,0.15719998918939382,0.1100999943446368,True,3976.85628271025
ECC+ChaCha20,1000,4,88,0.029999995604157448,0.13839999155607074,0.10830000974237919,True,3976.85628271025
ECC+ChaCha20,1000,4,89,0.02990000939462334,0.13780000153928995,0.10750000365078449,True,3976.85628271025
ECC+ChaCha20,1000,4,90,0.029400005587376654,0.15959999291226268,0.10900000052060932,True,3976.85628271025
ECC+ChaCha20,1000,4,91,0.030399998649954796,0.13789998774882406,0.10799999290611595,True,3976.85628271025
ECC+ChaCha20,1000,4,92,0.030100010917522013,0.13890000991523266,0.10799999290611595,True,3976.85628271025
ECC+ChaCha20,1000,4,93,0.029499991796910763,0.13800000306218863,0.10750000365078449,True,3976.85628271025
ECC+ChaCha20,1000,4,94,0.029399991035461426,0.13800000306218863,0.1078000059351325,True,3976.85628271025
ECC+ChaCha20,1000,4,95,0.029300004825927317,0.13699999544769526,0.10750000365078449,True,3976.85628271025
ECC+ChaCha20,1000,4,96,0.030099996365606785,0.13669999316334724,0.10760000441223383,True,3976.85628271025
ECC+ChaCha20,1000,4,97,0.029700007871724665,0.13770000077784061,0.10749998909886926,True,3976.85628271025
ECC+ChaCha20,1000,4,98,0.029499991796910763,0.13519999629352242,0.10679999832063913,True,3976.85628271025
ECC+ChaCha20,1000,4,99,0.02890000178012997,0.1357000001007691,0.10689999908208847,True,3976.85628271025
ECC+ChaCha20,1000,4,100,0.029100003303028643,0.13710001076105982,0.1066999975591898,True,3976.85628271025
ECC+ChaCha20,1000,4,101,0.029000002541579306,0.13729999773204327,0.10769999062176794,True,3976.85628271025
ECC+ChaCha20,1000,4,102,0.028700000257231295,0.13580000086221844,0.10679999832063913,True,3976.85628271025
ECC+ChaCha20,1000,4,103,0.029000002541579306,0.1362000039080158,0.10650001058820635,True,3976.85628271025
ECC+ChaCha20,1000,4,104,0.02889998722821474,0.13590000162366778,0.10670001211110502,True,3976.85628271025
ECC+ChaCha20,1000,4,105,0.028800001018680632,0.13649999164044857,0.10799999290611595,True,3976.85628271025
ECC+ChaCha20,1000,4,106,0.029700007871724665,0.14740000187885016,0.10810000821948051,True,3976.85628271025
ECC+ChaCha20,1000,4,107,0.029100003303028643,0.1379000023007393,0.10840001050382853,True,3976.85628271025
ECC+ChaCha20,1000,4,108,0.030099996365606785,0.13770000077784061,0.10760000441223383,True,3976.85628271025
ECC+ChaCha20,1000,4,109,0.029600007110275328,0.13749999925494194,0.10770000517368317,True,3976.85628271025
ECC+ChaCha20,1000,4,110,0.030399998649954796,0.13810000382363796,0.1066999975591898,True,3976.85628271025
ECC+ChaCha20,1000,4,111,0.030000010156072676,0.13630000466946512,0.10730000212788582,True,3976.85628271025
ECC+ChaCha20,1000,4,112,0.03020001167897135,0.13760000001639128,0.10779999138321728,True,3976.85628271025
ECC+ChaCha20,1000,4,113,0.031400006264448166,0.14059999375604093,0.10820000898092985,True,3976.85628271025
ECC+ChaCha20,1000,4,114,0.03060000017285347,0.13809998927172273,0.10719998681452125,True,3976.85628271025
ECC+ChaCha20,1000,4,115,0.029800008633174002,0.13670000771526247,0.10720000136643648,True,3976.85628271025
ECC+ChaCha20,1000,4,116,0.02989999484270811,0.14630000805482268,0.10689999908208847,True,3976.85628271025
ECC+ChaCha20,1000,4,117,0.0295999925583601,0.13729999773204327,0.10779999138321728,True,3976.85628271025
ECC+ChaCha20,1000,4,118,0.029199989512562752,0.13499999477062374,0.13309999485500157,True,3976.85628271025
ECC+ChaCha20,1000,4,119,0.03949999518226832,0.18730000010691583,0.11490000179037452,True,3976.85628271025
ECC+ChaCha20,1000,4,120,0.054199990699999034,0.18099999579135329,0.11809999705292284,True,3976.85628271025
ECC+ChaCha20,1000,4,121,0.03670000296551734,0.14960000407882035,0.11199999426025897,True,3976.85628271025
ECC+ChaCha20,1000,4,122,0.0329999893438071,0.14180000289343297,0.10820000898092985,True,3976.85628271025
ECC+ChaCha20,1000,4,123,0.032500000088475645,0.14040000678505749,0.10859999747481197,True,3976.85628271025
ECC+ChaCha20,1000,4,124,0.03229999856557697,0.14089999604038894,0.10820000898092985,True,3976.85628271025
ECC+ChaCha20,1000,4,125,0.033500007702969015,0.13840000610798597,0.10820000898092985,True,3976.85628271025
ECC+ChaCha20,1000,4,126,0.03169999399688095,0.1387999946018681,0.10760000441223383,True,3976.85628271025
ECC+ChaCha20,1000,4,127,0.03159999323543161,0.14099999680183828,0.10760000441223383,True,3976.85628271025
ECC+ChaCha20,1000,4,128,0.03199999628122896,0.1379000023007393,0.10730000212788582,True,3976.85628271025
ECC+ChaCha20,1000,4,129,0.03139999171253294,0.13919999764766544,0.10830000974237919,True,3976.85628271025
ECC+ChaCha20,1000,4,130,0.032100011594593525,0.1379000023007393,0.10740000288933516,True,3976.85628271025
ECC+ChaCha20,1000,4,131,0.031200004741549492,0.13839999155607074,0.10740000288933516,True,3976.85628271025
ECC+ChaCha20,1000,4,132,0.031100003980100155,0.13889999536331743,0.10900000052060932,True,3976.85628271025
ECC+ChaCha20,1000,4,133,0.031000003218650818,0.1517999917268753,0.11220001033507288,True,3976.85628271025
ECC+ChaCha20,1000,4,134,0.0312999909510836,0.13770000077784061,0.10849999671336263,True,3976.85628271025
ECC+ChaCha20,1000,4,135,0.03060000017285347,0.13770000077784061,0.10699999984353781,True,3976.85628271025
ECC+ChaCha20,1000,4,136,0.03060000017285347,0.1387999946018681,0.10720000136643648,True,3976.85628271025
ECC+ChaCha20,1000,4,137,0.031100003980100155,0.1373000122839585,0.1075999898603186,True,3976.85628271025
ECC+ChaCha20,1000,4,138,0.030700000934302807,0.1379000023007393,0.10739998833741993,True,3976.85628271025
ECC+ChaCha20,1000,4,139,0.030800001695752144,0.13699999544769526,0.10729998757597059,True,3976.85628271025
ECC+ChaCha20,1000,4,140,0.03060000017285347,0.13640000543091446,0.10600000678095967,True,3976.85628271025
ECC+ChaCha20,1000,4,141,0.03160000778734684,0.14009998994879425,0.10769999062176794,True,3976.85628271025
ECC+ChaCha20,1000,4,142,0.03160000778734684,0.139000010676682,0.10720000136643648,True,3976.85628271025
ECC+ChaCha20,1000,4,143,0.03060000017285347,0.13750001380685717,0.10679999832063913,True,3976.85628271025
ECC+ChaCha20,1000,4,144,0.0805000017862767,0.1947999990079552,0.1205000007757917,True,3976.85628271025
ECC+ChaCha20,1000,4,145,0.03640000068116933,0.15669999993406236,0.11360000644344836,True,3976.85628271025
ECC+ChaCha20,1000,4,146,0.037300007534213364,0.1419000036548823,0.10820000898092985,True,3976.85628271025
ECC+ChaCha20,1000,4,147,0.029699993319809437,0.13770000077784061,0.1078000059351325,True,3976.85628271025
ECC+ChaCha20,1000,4,148,0.029100003303028643,0.1438000035705045,0.10859999747481197,True,3976.85628271025
ECC+ChaCha20,1000,4,149,0.029400005587376654,0.1365999924018979,0.10699999984353781,True,3976.85628271025
ECC+ChaCha20,1000,4,150,0.030199997127056122,0.13919999764766544,0.10779999138321728,True,3976.85628271025
ECC+ChaCha20,1000,4,151,0.029699993319809437,0.1500999933341518,0.10819999442901462,True,3976.85628271025
ECC+ChaCha20,1000,4,152,0.02920000406447798,0.13559999933931977,0.10649999603629112,True,3976.85628271025
ECC+ChaCha20,1000,4,153,0.029499991796910763,0.15839999832678586,0.10799999290611595,True,3976.85628271025
ECC+ChaCha20,1000,4,154,0.031100003980100155,0.13859999307896942,0.10810000821948051,True,3976.85628271025
ECC+ChaCha20,1000,4,155,0.02950000634882599,0.1449000119464472,0.10779999138321728,True,3976.85628271025
ECC+ChaCha20,1000,4,156,0.02950000634882599,0.13640000543091446,0.1069000136340037,True,3976.85628271025
ECC+ChaCha20,1000,4,157,0.028999987989664078,0.13690000923816115,0.10689999908208847,True,3976.85628271025
ECC+ChaCha20,1000,4,158,0.029400005587376654,0.13840000610798597,0.10750000365078449,True,3976.85628271025
ECC+ChaCha20,1000,4,159,0.029000002541579306,0.13630000466946512,0.10750000365078449,True,3976.85628271025
ECC+ChaCha20,1000,4,160,0.029300004825927317,0.14390000433195382,0.1066999975591898,True,3976.85628271025
ECC+ChaCha20,1000,4,161,0.0295999925583601,0.13679999392479658,0.10739998833741993,True,3976.85628271025
ECC+ChaCha20,1000,4,162,0.028999987989664078,0.1357000001007691,0.11559999256860465,True,3976.85628271025
ECC+ChaCha20,1000,4,163,0.030399998649954796,0.1399000029778108,0.1083999959519133,True,3976.85628271025
ECC+ChaCha20,1000,4,164,0.029400005587376654,0.1373999984934926,0.10699999984353781,True,3976.85628271025
ECC+ChaCha20,1000,4,165,0.029699993319809437,0.1379000023007393,0.10720000136643648,True,3976.85628271025
ECC+ChaCha20,1000,4,166,0.02890000178012997,0.13500000932253897,0.10720000136643648,True,3976.85628271025
ECC+ChaCha20,1000,4,167,0.02849999873433262,0.1446999958716333,0.10810000821948051,True,3976.85628271025
ECC+ChaCha20,1000,4,168,0.028999987989664078,0.1362000039080158,0.10659999679774046,True,3976.85628271025
ECC+ChaCha20,1000,4,169,0.0295999925583601,0.1387999946018681,0.11910000466741621,True,3976.85628271025
ECC+ChaCha20,1000,4,170,0.030800001695752144,0.1512000017100945,0.11170000652782619,True,3976.85628271025
ECC+ChaCha20,1000,4,171,0.029199989512562752,0.13729999773204327,0.10679999832063913,True,3976.85628271025
ECC+ChaCha20,1000,4,172,0.029600007110275328,0.13749999925494194,0.10659999679774046,True,3976.85628271025
ECC+ChaCha20,1000,4,173,0.02989999484270811,0.1373999984934926,0.10730000212788582,True,3976.85628271025
ECC+ChaCha20,1000,4,174,0.028999987989664078,0.1441000058548525,0.10930000280495733,True,3976.85628271025
ECC+ChaCha20,1000,4,175,0.02889998722821474,0.13660000695381314,0.10689999908208847,True,3976.85628271025
ECC+ChaCha20,1000,4,176,0.028800001018680632,0.13670000771526247,0.10720000136643648,True,3976.85628271025
ECC+ChaCha20,1000,4,177,0.02890000178012997,0.13749999925494194,0.10849999671336263,True,3976.85628271025
ECC+ChaCha20,1000,4,178,0.029400005587376654,0.13689999468624592,0.10859999747481197,True,3976.85628271025
ECC+ChaCha20,1000,4,179,0.028700000257231295,0.14570000348612666,0.109500004327856,True,3976.85628271025
ECC+ChaCha20,1000,4,180,0.029300004825927317,0.14269999519456178,0.10650001058820635,True,3976.85628271025
ECC+ChaCha20,1000,4,181,0.029000002541579306,0.13640000543091446,0.11850000009872019,True,3976.85628271025
ECC+ChaCha20,1000,4,182,0.02950000634882599,0.13699999544769526,0.10940000356640667,True,3976.85628271025
ECC+ChaCha20,1000,4,183,0.048299989430233836,0.17519999528303742,0.11530000483617187,True,3976.85628271025
ECC+ChaCha20,1000,4,184,0.03360000846441835,0.146100006531924,0.10979999206028879,True,3976.85628271025
ECC+ChaCha20,1000,4,185,0.031200004741549492,0.1396000006934628,0.10789999214466661,True,3976.85628271025
ECC+ChaCha20,1000,4,186,0.031200004741549492,0.13980000221636146,0.10770000517368317,True,3976.85628271025
ECC+ChaCha20,1000,4,187,0.030499999411404133,0.1385000068694353,0.10659999679774046,True,3976.85628271025
ECC+ChaCha20,1000,4,188,0.030700000934302807,0.13749999925494194,0.10829999519046396,True,3976.85628271025
ECC+ChaCha20,1000,4,189,0.031000003218650818,0.15069999790284783,0.10720000136643648,True,3976.85628271025
ECC+ChaCha20,1000,4,190,0.030499999411404133,0.13949999993201345,0.10740000288933516,True,3976.85628271025
ECC+ChaCha20,1000,4,191,0.030700000934302807,0.1382000045850873,0.10770000517368317,True,3976.85628271025
ECC+ChaCha20,1000,4,192,0.031100003980100155,0.1455999881727621,0.10819999442901462,True,3976.85628271025
ECC+ChaCha20,1000,4,193,0.031099989428184927,0.13970000145491213,0.10720000136643648,True,3976.85628271025
ECC+ChaCha20,1000,4,194,0.030199997127056122,0.13809998927172273,0.1066999975591898,True,3976.85628271025
ECC+ChaCha20,1000,4,195,0.029100003303028643,0.13669999316334724,0.10649999603629112,True,3976.85628271025
ECC+ChaCha20,1000,4,196,0.02890000178012997,0.13660000695381314,0.10730000212788582,True,3976.85628271025
ECC+ChaCha20,1000,4,197,0.029100003303028643,0.13770000077784061,0.10659999679774046,True,3976.85628271025
ECC+ChaCha20,1000,4,198,0.02890000178012997,0.13670000771526247,0.1078000059351325,True,3976.85628271025
ECC+ChaCha20,1000,4,199,0.028599999495781958,0.13780000153928995,0.10699999984353781,True,3976.85628271025
ECC+ChaCha20,1000,4,200,0.02890000178012997,0.13669999316334724,0.10750000365078449,True,3976.85628271025
ECC+ChaCha20,1000,4,201,0.029000002541579306,0.13869999384041876,0.1075999898603186,True,3976.85628271025
ECC+ChaCha20,1000,4,202,0.028400012524798512,0.13690000923816115,0.10730000212788582,True,3976.85628271025
ECC+ChaCha20,1000,4,203,0.028700000257231295,0.13690000923816115,0.10760000441223383,True,3976.85628271025
ECC+ChaCha20,1000,4,204,0.028000009479001164,0.13550001312978566,0.10579999070614576,True,3976.85628271025
ECC+ChaCha20,1000,4,205,0.029700007871724665,0.13810000382363796,0.12989999959245324,True,3976.85628271025
ECC+ChaCha20,1000,4,206,0.032800002372823656,0.14449999434873462,0.10930000280495733,True,3976.85628271025
ECC+ChaCha20,1000,4,207,0.029999995604157448,0.1379000023007393,0.10809999366756529,True,3976.85628271025
ECC+ChaCha20,1000,4,208,0.028800001018680632,0.13689999468624592,0.1066999975591898,True,3976.85628271025
ECC+ChaCha20,1000,4,209,0.028800001018680632,0.13830000534653664,0.10740000288933516,True,3976.85628271025
ECC+ChaCha20,1000,4,210,0.02889998722821474,0.13840000610798597,0.10730000212788582,True,3976.85628271025
ECC+ChaCha20,1000,4,211,0.02850001328624785,0.13770000077784061,0.10699999984353781,True,3976.85628271025
ECC+ChaCha20,1000,4,212,0.028800001018680632,0.1362999901175499,0.10809999366756529,True,3976.85628271025
ECC+ChaCha20,1000,4,213,0.02849999873433262,0.13780000153928995,0.10739998833741993,True,3976.85628271025
ECC+ChaCha20,1000,4,214,0.02849999873433262,0.13679999392479658,0.10660001134965569,True,3976.85628271025
ECC+ChaCha20,1000,4,215,0.02889998722821474,0.1365000061923638,0.10659999679774046,True,3976.85628271025
ECC+ChaCha20,1000,4,216,0.02850001328624785,0.13490000856108963,0.10679999832063913,True,3976.85628271025
ECC+ChaCha20,1000,4,217,0.028700000257231295,0.149200001033023,0.1697999978205189,True,3976.85628271025
ECC+ChaCha20,1000,4,218,0.033499993151053786,0.1436000020476058,0.11019999510608613,True,3976.85628271025
ECC+ChaCha20,1000,4,219,0.029400005587376654,0.13929999840911478,0.10819999442901462,True,3976.85628271025
ECC+ChaCha20,1000,4,220,0.09390000195708126,0.1720000000204891,0.1289999927394092,True,3976.85628271025
ECC+ChaCha20,1000,4,221,0.05990000499878079,0.19360000442247838,0.12320000678300858,True,3976.85628271025
ECC+ChaCha20,1000,4,222,0.042800005758181214,0.16710000636521727,0.11490000179037452,True,3976.85628271025
ECC+ChaCha20,1000,4,223,0.03229999856557697,0.17469999147579074,0.11299998732283711,True,3976.85628271025
ECC+ChaCha20,1000,4,224,0.03260000084992498,0.14170000213198364,0.1109000004362315,True,3976.85628271025
ECC+ChaCha20,1000,4,225,0.03170000854879618,0.1449999981559813,0.11280000035185367,True,3976.85628271025
ECC+ChaCha20,1000,4,226,0.034199998481199145,0.14399999054148793,0.11119998816866428,True,3976.85628271025
ECC+ChaCha20,1000,4,227,0.03139999171253294,0.14259999443311244,0.11110000195913017,True,3976.85628271025
ECC+ChaCha20,1000,4,228,0.031000003218650818,0.14310001279227436,0.11069999891333282,True,3976.85628271025
ECC+ChaCha20,1000,4,229,0.031100003980100155,0.14220000593923032,0.10969999129883945,True,3976.85628271025
ECC+ChaCha20,1000,4,230,0.0312999909510836,0.14630000805482268,0.11019999510608613,True,3976.85628271025
ECC+ChaCha20,1000,4,231,0.031000003218650818,0.14150000060908496,0.10940000356640667,True,3976.85628271025
ECC+ChaCha20,1000,4,232,0.030899987905286252,0.13889999536331743,0.10829999519046396,True,3976.85628271025
ECC+ChaCha20,1000,4,233,0.03029999788850546,0.14039999223314226,0.10840001050382853,True,3976.85628271025
ECC+ChaCha20,1000,4,234,0.02989999484270811,0.1387999946018681,0.10799999290611595,True,3976.85628271025
ECC+ChaCha20,1000,4,235,0.029999995604157448,0.1505999971413985,0.10750000365078449,True,3976.85628271025
ECC+ChaCha20,1000,4,236,0.030700000934302807,0.13929999840911478,0.10840001050382853,True,3976.85628271025
ECC+ChaCha20,1000,4,237,0.029600007110275328,0.15140000323299319,0.11320000339765102,True,3976.85628271025
ECC+ChaCha20,1000,4,238,0.028700000257231295,0.13679999392479658,0.10689999908208847,True,3976.85628271025
ECC+ChaCha20,1000,4,239,0.028800001018680632,0.13689999468624592,0.10750000365078449,True,3976.85628271025
ECC+ChaCha20,1000,4,240,0.02920000406447798,0.1373999984934926,0.10720000136643648,True,3976.85628271025
ECC+ChaCha20,1000,4,241,0.02890000178012997,0.13720001152250916,0.10689999908208847,True,3976.85628271025
ECC+ChaCha20,1000,4,242,0.028700000257231295,0.1362999901175499,0.10719998681452125,True,3976.85628271025
ECC+ChaCha20,1000,4,243,0.035500008380040526,0.1537000061944127,0.11239999730605632,True,3976.85628271025
ECC+ChaCha20,1000,4,244,0.030800001695752144,0.15469999925699085,0.11399999493733048,True,3976.85628271025
ECC+ChaCha20,1000,4,245,0.02929999027401209,0.13830000534653664,0.10799999290611595,True,3976.85628271025
ECC+ChaCha20,1000,4,246,0.029100003303028643,0.13760000001639128,0.10810000821948051,True,3976.85628271025
ECC+ChaCha20,1000,4,247,0.03300000389572233,0.14709999959450215,0.11249999806750566,True,3976.85628271025
ECC+ChaCha20,1000,4,248,0.029300004825927317,0.1396000006934628,0.10820000898092985,True,3976.85628271025
ECC+ChaCha20,1000,4,249,0.029100003303028643,0.13839999155607074,0.1086000120267272,True,3976.85628271025
ECC+ChaCha20,1000,4,250,0.029000002541579306,0.1362000039080158,0.10710000060498714,True,3976.85628271025
ECC+ChaCha20,1000,4,251,0.02890000178012997,0.14970000484026968,0.10660001134965569,True,3976.85628271025
ECC+ChaCha20,1000,4,252,0.028399997972883284,0.1373000122839585,0.10789999214466661,True,3976.85628271025
ECC+ChaCha20,1000,4,253,0.029000002541579306,0.1348999940091744,0.10639999527484179,True,3976.85628271025
ECC+ChaCha20,1000,4,254,0.028800001018680632,0.13770000077784061,0.10710000060498714,True,3976.85628271025
ECC+ChaCha20,1000,4,255,0.028800001018680632,0.13729999773204327,0.10799999290611595,True,3976.85628271025
ECC+ChaCha20,1000,4,256,0.02920000406447798,0.1368000084767118,0.10699999984353781,True,3976.85628271025
ECC+ChaCha20,1000,4,257,0.029100003303028643,0.13710001076105982,0.10730000212788582,True,3976.85628271025
ECC+ChaCha20,1000,4,258,0.02929999027401209,0.14940000255592167,0.10760000441223383,True,3976.85628271025
ECC+ChaCha20,1000,4,259,0.02920000406447798,0.13800000306218863,0.10779999138321728,True,3976.85628271025
ECC+ChaCha20,1000,4,260,0.028599999495781958,0.13670000771526247,0.10730000212788582,True,3976.85628271025
ECC+ChaCha20,1000,4,261,0.029000002541579306,0.13800000306218863,0.10720000136643648,True,3976.85628271025
ECC+ChaCha20,1000,4,262,0.029499991796910763,0.1357000001007691,0.10730000212788582,True,3976.85628271025
ECC+ChaCha20,1000,4,263,0.028399997972883284,0.13720001152250916,0.10710000060498714,True,3976.85628271025
ECC+ChaCha20,1000,4,264,0.028800001018680632,0.1360000023851171,0.1066999975591898,True,3976.85628271025
ECC+ChaCha20,1000,4,265,0.028800001018680632,0.1407999952789396,0.10710000060498714,True,3976.85628271025
ECC+ChaCha20,1000,4,266,0.029000002541579306,0.14909998571965843,0.10699999984353781,True,3976.85628271025
ECC+ChaCha20,1000,4,267,0.028700000257231295,0.13520001084543765,0.10710000060498714,True,3976.85628271025
ECC+ChaCha20,1000,4,268,0.02890000178012997,0.1379000023007393,0.10800000745803118,True,3976.85628271025
ECC+ChaCha20,1000,4,269,0.029499991796910763,0.1382000045850873,0.1078000059351325,True,3976.85628271025
ECC+ChaCha20,1000,4,270,0.02920000406447798,0.1373999984934926,0.10750000365078449,True,3976.85628271025
ECC+ChaCha20,1000,4,271,0.031800009310245514,0.14200000441633165,0.1078000059351325,True,3976.85628271025
ECC+ChaCha20,1000,4,272,0.029700007871724665,0.1424999936716631,0.10790000669658184,True,3976.85628271025
ECC+ChaCha20,1000,4,273,0.029000002541579306,0.13749999925494194,0.1078000059351325,True,3976.85628271025
ECC+ChaCha20,1000,4,274,0.028800001018680632,0.13889999536331743,0.10819999442901462,True,3976.85628271025
ECC+ChaCha20,1000,4,275,0.02890000178012997,0.13700000999961048,0.10750000365078449,True,3976.85628271025
ECC+ChaCha20,1000,4,276,0.028800001018680632,0.13689999468624592,0.10710000060498714,True,3976.85628271025
ECC+ChaCha20,1000,4,277,0.029400005587376654,0.1379000023007393,0.10710000060498714,True,3976.85628271025
ECC+ChaCha20,1000,4,278,0.02850001328624785,0.1357000001007691,0.10720000136643648,True,3976.85628271025
ECC+ChaCha20,1000,4,279,0.028700000257231295,0.1382999907946214,0.10739998833741993,True,3976.85628271025
ECC+ChaCha20,1000,4,280,0.028599999495781958,0.13649999164044857,0.10699999984353781,True,3976.85628271025
ECC+ChaCha20,1000,4,281,0.02849999873433262,0.1360000023851171,0.10750000365078449,True,3976.85628271025
ECC+ChaCha20,1000,4,282,0.028399997972883284,0.14930000179447234,0.1058999914675951,True,3976.85628271025
ECC+ChaCha20,1000,4,283,0.028700000257231295,0.13519999629352242,0.10599999222904444,True,3976.85628271025
ECC+ChaCha20,1000,4,284,0.028400012524798512,0.1360000023851171,0.1066999975591898,True,3976.85628271025
ECC+ChaCha20,1000,4,285,0.028700000257231295,0.13610000314656645,0.10679999832063913,True,3976.85628271025
ECC+ChaCha20,1000,4,286,0.02849999873433262,0.13499999477062374,0.10689999908208847,True,3976.85628271025
ECC+ChaCha20,1000,4,287,0.028700000257231295,0.13939999917056412,0.10740000288933516,True,3976.85628271025
ECC+ChaCha20,1000,4,288,0.028700000257231295,0.1357000001007691,0.10739998833741993,True,3976.85628271025
ECC+ChaCha20,1000,4,289,0.052100003813393414,0.13939999917056412,0.1066999975591898,True,3976.85628271025
ECC+ChaCha20,1000,4,290,0.029400005587376654,0.1382000045850873,0.10810000821948051,True,3976.85628271025
ECC+ChaCha20,1000,4,291,0.029000002541579306,0.14850001025479287,0.10960000508930534,True,3976.85628271025
ECC+ChaCha20,1000,4,292,0.028299997211433947,0.1370999962091446,0.10710000060498714,True,3976.85628271025
ECC+ChaCha20,1000,4,293,0.028599999495781958,0.13559999933931977,0.10699999984353781,True,3976.85628271025
ECC+ChaCha20,1000,4,294,0.028599999495781958,0.13710001076105982,0.10770000517368317,True,3976.85628271025
ECC+ChaCha20,1000,4,295,0.028599999495781958,0.13670000771526247,0.10649999603629112,True,3976.85628271025
ECC+ChaCha20,1000,4,296,0.028599999495781958,0.13640000543091446,0.10699999984353781,True,3976.85628271025
ECC+ChaCha20,1000,4,297,0.028399997972883284,0.13549999857787043,0.10649999603629112,True,3976.85628271025
ECC+ChaCha20,1000,4,298,0.02849999873433262,0.13660000695381314,0.10699999984353781,True,3976.85628271025
ECC+ChaCha20,1000,4,299,0.02849999873433262,0.13589998707175255,0.10619999375194311,True,3976.85628271025
ECC+ChaCha20,1000,4,300,0.029400005587376654,0.1686999894445762,0.11330000415910035,True,3976.85628271025
ECC+ChaCha20,1000,4,301,0.029699993319809437,0.13800000306218863,0.10790000669658184,True,3976.85628271025
ECC+ChaCha20,1000,4,302,0.028700000257231295,0.13599998783320189,0.10649999603629112,True,3976.85628271025
ECC+ChaCha20,1000,4,303,0.028600014047697186,0.13670000771526247,0.10770000517368317,True,3976.85628271025
ECC+ChaCha20,1000,4,304,0.03189999551977962,0.1483999949414283,0.10810000821948051,True,3976.85628271025
ECC+ChaCha20,1000,4,305,0.03029999788850546,0.13899999612476677,0.1078000059351325,True,3976.85628271025
ECC+ChaCha20,1000,4,306,0.02890000178012997,0.1382999907946214,0.10749998909886926,True,3976.85628271025
ECC+ChaCha20,1000,4,307,0.029000002541579306,0.13699999544769526,0.10720000136643648,True,3976.85628271025
ECC+ChaCha20,1000,4,308,0.029300004825927317,0.14590000500902534,0.10699999984353781,True,3976.85628271025
ECC+ChaCha20,1000,4,309,0.029100003303028643,0.1365999924018979,0.10649999603629112,True,3976.85628271025
ECC+ChaCha20,1000,4,310,0.029000002541579306,0.13700000999961048,0.10720000136643648,True,3976.85628271025
ECC+ChaCha20,1000,4,311,0.028800001018680632,0.13719999697059393,0.10740000288933516,True,3976.85628271025
ECC+ChaCha20,1000,4,312,0.02889998722821474,0.1360000023851171,0.10650001058820635,True,3976.85628271025
ECC+ChaCha20,1000,4,313,0.028800001018680632,0.13670000771526247,0.10720000136643648,True,3976.85628271025
ECC+ChaCha20,1000,4,314,0.028700000257231295,0.13719999697059393,0.109200002043508,True,3976.85628271025
ECC+ChaCha20,1000,4,315,0.028700000257231295,0.1368000084767118,0.10740000288933516,True,3976.85628271025
ECC+ChaCha20,1000,4,316,0.028599999495781958,0.13670000771526247,0.10689999908208847,True,3976.85628271025
ECC+ChaCha20,1000,4,317,0.02890000178012997,0.14260000898502767,0.10730000212788582,True,3976.85628271025
ECC+ChaCha20,1000,4,318,0.028800001018680632,0.13670000771526247,0.10699999984353781,True,3976.85628271025
ECC+ChaCha20,1000,4,319,0.028700000257231295,0.13700000999961048,0.10720000136643648,True,3976.85628271025
ECC+ChaCha20,1000,4,320,0.028800001018680632,0.13670000771526247,0.10770000517368317,True,3976.85628271025
ECC+ChaCha20,1000,4,321,0.02849999873433262,0.1370999962091446,0.10710000060498714,True,3976.85628271025
ECC+ChaCha20,1000,4,322,0.02890000178012997,0.13630000466946512,0.10720000136643648,True,3976.85628271025
ECC+ChaCha20,1000,4,323,0.028599999495781958,0.13729999773204327,0.10729998757597059,True,3976.85628271025
ECC+ChaCha20,1000,4,324,0.029199989512562752,0.13699999544769526,0.10749998909886926,True,3976.85628271025
ECC+ChaCha20,1000,4,325,0.028999987989664078,0.13630000466946512,0.1078000059351325,True,3976.85628271025
ECC+ChaCha20,1000,4,326,0.029000002541579306,0.14709999959450215,0.10699999984353781,True,3976.85628271025
ECC+ChaCha20,1000,4,327,0.02890000178012997,0.13519999629352242,0.1066999975591898,True,3976.85628271025
ECC+ChaCha20,1000,4,328,0.029399991035461426,0.13670000771526247,0.10809999366756529,True,3976.85628271025
ECC+ChaCha20,1000,4,329,0.028399997972883284,0.13669999316334724,0.10730000212788582,True,3976.85628271025
ECC+ChaCha20,1000,4,330,0.02849999873433262,0.13669999316334724,0.10699999984353781,True,3976.85628271025
ECC+ChaCha20,1000,4,331,0.028400012524798512,0.13710001076105982,0.10639999527484179,True,3976.85628271025
ECC+ChaCha20,1000,4,332,0.029700007871724665,0.13720001152250916,0.10730000212788582,True,3976.85628271025
ECC+ChaCha20,1000,4,333,0.028800001018680632,0.1365000061923638,0.10689999908208847,True,3976.85628271025
ECC+ChaCha20,1000,4,334,0.028399997972883284,0.13509999553207308,0.10819999442901462,True,3976.85628271025
ECC+ChaCha20,1000,4,335,0.02849999873433262,0.14640000881627202,0.10689999908208847,True,3976.85628271025
ECC+ChaCha20,1000,4,336,0.028599999495781958,0.1390999968862161,0.1613000058569014,True,3976.85628271025
ECC+ChaCha20,1000,4,337,0.031000003218650818,0.1387999946018681,0.10769999062176794,True,3976.85628271025
ECC+ChaCha20,1000,4,338,0.02889998722821474,0.13689999468624592,0.10720000136643648,True,3976.85628271025
ECC+ChaCha20,1000,4,339,0.02950000634882599,0.13880000915378332,0.10770000517368317,True,3976.85628271025
ECC+ChaCha20,1000,4,340,0.04600000102072954,0.17240000306628644,0.11850000009872019,True,3976.85628271025
ECC+ChaCha20,1000,4,341,0.033200005418621004,0.1472000003559515,0.1109000004362315,True,3976.85628271025
ECC+ChaCha20,1000,4,342,0.031400006264448166,0.1419000036548823,0.10960000508930534,True,3976.85628271025
ECC+ChaCha20,1000,4,343,0.03020001167897135,0.1390999968862161,0.10769999062176794,True,3976.85628271025
ECC+ChaCha20,1000,4,344,0.030099996365606785,0.13780000153928995,0.10770000517368317,True,3976.85628271025
ECC+ChaCha20,1000,4,345,0.029699993319809437,0.1379000023007393,0.10750000365078449,True,3976.85628271025
ECC+ChaCha20,1000,4,346,0.030000010156072676,0.13740001304540783,0.10679999832063913,True,3976.85628271025
ECC+ChaCha20,1000,4,347,0.029600007110275328,0.13640000543091446,0.10689999908208847,True,3976.85628271025
ECC+ChaCha20,1000,4,348,0.029799994081258774,0.1360000023851171,0.10689999908208847,True,3976.85628271025
ECC+ChaCha20,1000,4,349,0.030000010156072676,0.13770000077784061,0.10790000669658184,True,3976.85628271025
ECC+ChaCha20,1000,4,350,0.029800008633174002,0.13670000771526247,0.10760000441223383,True,3976.85628271025
ECC+ChaCha20,1000,4,351,0.029100003303028643,0.13760000001639128,0.10760000441223383,True,3976.85628271025
ECC+ChaCha20,1000,4,352,0.028599999495781958,0.13590000162366778,0.10699999984353781,True,3976.85628271025
ECC+ChaCha20,1000,4,353,0.029100003303028643,0.13669999316334724,0.10749998909886926,True,3976.85628271025
ECC+ChaCha20,1000,4,354,0.029000002541579306,0.13760000001639128,0.10720000136643648,True,3976.85628271025
ECC+ChaCha20,1000,4,355,0.02890000178012997,0.13839999155607074,0.10699999984353781,True,3976.85628271025
ECC+ChaCha20,1000,4,356,0.028599999495781958,0.1360000023851171,0.1066999975591898,True,3976.85628271025
ECC+ChaCha20,1000,4,357,0.029100003303028643,0.13780000153928995,0.10750000365078449,True,3976.85628271025
ECC+ChaCha20,1000,4,358,0.029000002541579306,0.14560000272467732,0.10680001287255436,True,3976.85628271025
ECC+ChaCha20,1000,4,359,0.02889998722821474,0.1368000084767118,0.1066999975591898,True,3976.85628271025
ECC+ChaCha20,1000,4,360,0.028800001018680632,0.1365999924018979,0.10689999908208847,True,3976.85628271025
ECC+ChaCha20,1000,4,361,0.028599999495781958,0.13729999773204327,0.10620000830385834,True,3976.85628271025
ECC+ChaCha20,1000,4,362,0.028599999495781958,0.13580000086221844,0.10689999908208847,True,3976.85628271025
ECC+ChaCha20,1000,4,363,0.028700000257231295,0.13689999468624592,0.10770000517368317,True,3976.85628271025
ECC+ChaCha20,1000,4,364,0.029400005587376654,0.1382999907946214,0.1078000059351325,True,3976.85628271025
ECC+ChaCha20,1000,4,365,0.029000002541579306,0.1370999962091446,0.10730000212788582,True,3976.85628271025
ECC+ChaCha20,1000,4,366,0.02890000178012997,0.13590000162366778,0.10720000136643648,True,3976.85628271025
ECC+ChaCha20,1000,4,367,0.028599999495781958,0.17699999443721026,0.10970000585075468,True,3976.85628271025
ECC+ChaCha20,1000,4,368,0.031800009310245514,0.1483000087318942,0.10930000280495733,True,3976.85628271025
ECC+ChaCha20,1000,4,369,0.03099998866673559,0.14089999604038894,0.10730000212788582,True,3976.85628271025
ECC+ChaCha20,1000,4,370,0.029300004825927317,0.1379999885102734,0.10789999214466661,True,3976.85628271025
ECC+ChaCha20,1000,4,371,0.0295999925583601,0.1379000023007393,0.11550000635907054,True,3976.85628271025
ECC+ChaCha20,1000,4,372,0.031099989428184927,0.14279999595601112,0.10939998901449144,True,3976.85628271025
ECC+ChaCha20,1000,4,373,0.031100003980100155,0.1421999913873151,0.1103000104194507,True,3976.85628271025
ECC+ChaCha20,1000,4,374,0.031000003218650818,0.1453000004403293,0.10930000280495733,True,3976.85628271025
ECC+ChaCha20,1000,4,375,0.030099996365606785,0.1402000052621588,0.10820000898092985,True,3976.85628271025
ECC+ChaCha20,1000,4,376,0.028999987989664078,0.1360000023851171,0.10730000212788582,True,3976.85628271025
ECC+ChaCha20,1000,4,377,0.029400005587376654,0.13769998622592539,0.10730000212788582,True,3976.85628271025
ECC+ChaCha20,1000,4,378,0.029100003303028643,0.1365999924018979,0.10699999984353781,True,3976.85628271025
ECC+ChaCha20,1000,4,379,0.028999987989664078,0.1360000023851171,0.10750000365078449,True,3976.85628271025
ECC+ChaCha20,1000,4,380,0.028700000257231295,0.13679999392479658,0.10720000136643648,True,3976.85628271025
ECC+ChaCha20,1000,4,381,0.029300004825927317,0.13749999925494194,0.10740000288933516,True,3976.85628271025
ECC+ChaCha20,1000,4,382,0.02890000178012997,0.149200001033023,0.10889999975915998,True,3976.85628271025
ECC+ChaCha20,1000,4,383,0.029300004825927317,0.1379000023007393,0.10790000669658184,True,3976.85628271025
ECC+ChaCha20,1000,4,384,0.040399987483397126,0.16199999663513154,0.11480000102892518,True,3976.85628271025
ECC+ChaCha20,1000,4,385,0.031799994758330286,0.14489999739453197,0.11029999586753547,True,3976.85628271025
ECC+ChaCha20,1000,4,386,0.029399991035461426,0.13869999384041876,0.10789999214466661,True,3976.85628271025
ECC+ChaCha20,1000,4,387,0.048600006266497076,0.18089999502990395,0.11740000627469271,True,3976.85628271025
ECC+ChaCha20,1000,4,388,0.03809999907389283,0.1610000035725534,0.11609999637585133,True,3976.85628271025
ECC+ChaCha20,1000,4,389,0.03169999399688095,0.15589999384246767,0.11150000500492752,True,3976.85628271025
ECC+ChaCha20,1000,4,390,0.029699993319809437,0.13760000001639128,0.10760000441223383,True,3976.85628271025
ECC+ChaCha20,1000,4,391,0.02920000406447798,0.1370999962091446,0.10760000441223383,True,3976.85628271025
ECC+ChaCha20,1000,4,392,0.029000002541579306,0.13720001152250916,0.10789999214466661,True,3976.85628271025
ECC+ChaCha20,1000,4,393,0.02890000178012997,0.13559999933931977,0.10729998757597059,True,3976.85628271025
ECC+ChaCha20,1000,4,394,0.02890000178012997,0.1351000100839883,0.10699999984353781,True,3976.85628271025
ECC+ChaCha20,1000,4,395,0.02890000178012997,0.13710001076105982,0.10740000288933516,True,3976.85628271025
ECC+ChaCha20,1000,4,396,0.02890000178012997,0.21359999664127827,0.11180000728927553,True,3976.85628271025
ECC+ChaCha20,1000,4,397,0.03560000914148986,0.16560000949539244,0.112599998828955,True,3976.85628271025
ECC+ChaCha20,1000,4,398,0.07019999611657113,0.199399990378879,0.12119999155402184,True,3976.85628271025
ECC+ChaCha20,1000,4,399,0.03619999915827066,0.15190000704023987,0.12480000441428274,True,3976.85628271025
ECC+ChaCha20,1000,4,400,0.03399999695830047,0.15019999409560114,0.112900001113303,True,3976.85628271025
ECC+ChaCha20,1000,4,401,0.0315000070258975,0.14540000120177865,0.1117999927373603,True,3976.85628271025
ECC+ChaCha20,1000,4,402,0.03229999856557697,0.14470001042354852,0.11029999586753547,True,3976.85628271025
ECC+ChaCha20,1000,4,403,0.031100003980100155,0.14399999054148793,0.10919998749159276,True,3976.85628271025
ECC+ChaCha20,1000,4,404,0.03090000245720148,0.13860000763088465,0.109500004327856,True,3976.85628271025
ECC+ChaCha20,1000,4,405,0.029400005587376654,0.13780000153928995,0.10809999366756529,True,3976.85628271025
ECC+ChaCha20,1000,4,406,0.02890000178012997,0.13760000001639128,0.10749998909886926,True,3976.85628271025
ECC+ChaCha20,1000,4,407,0.029000002541579306,0.13780000153928995,0.10809999366756529,True,3976.85628271025
ECC+ChaCha20,1000,4,408,0.029300004825927317,0.13929999840911478,0.1083999959519133,True,3976.85628271025
ECC+ChaCha20,1000,4,409,0.02920000406447798,0.1379000023007393,0.10749998909886926,True,3976.85628271025
ECC+ChaCha20,1000,4,410,0.029199989512562752,0.13810000382363796,0.10819999442901462,True,3976.85628271025
ECC+ChaCha20,1000,4,411,0.028800001018680632,0.13649999164044857,0.10720000136643648,True,3976.85628271025
ECC+ChaCha20,1000,4,412,0.02890000178012997,0.14180000289343297,0.10760000441223383,True,3976.85628271025
ECC+ChaCha20,1000,4,413,0.028800001018680632,0.13719999697059393,0.10740000288933516,True,3976.85628271025
ECC+ChaCha20,1000,4,414,0.028700000257231295,0.13729999773204327,0.10769999062176794,True,3976.85628271025
ECC+ChaCha20,1000,4,415,0.028599999495781958,0.13689999468624592,0.10699999984353781,True,3976.85628271025
ECC+ChaCha20,1000,4,416,0.028399997972883284,0.13689999468624592,0.10750000365078449,True,3976.85628271025
ECC+ChaCha20,1000,4,417,0.028399997972883284,0.13729999773204327,0.10720000136643648,True,3976.85628271025
ECC+ChaCha20,1000,4,418,0.028800001018680632,0.13729999773204327,0.10710000060498714,True,3976.85628271025
ECC+ChaCha20,1000,4,419,0.02890000178012997,0.13639999087899923,0.10719998681452125,True,3976.85628271025
ECC+ChaCha20,1000,4,420,0.028800001018680632,0.13640000543091446,0.10770000517368317,True,3976.85628271025
ECC+ChaCha20,1000,4,421,0.028999987989664078,0.13810000382363796,0.10760000441223383,True,3976.85628271025
ECC+ChaCha20,1000,4,422,0.028999987989664078,0.14730000111740083,0.10640000982675701,True,3976.85628271025
ECC+ChaCha20,1000,4,423,0.029100003303028643,0.1373999984934926,0.10720000136643648,True,3976.85628271025
ECC+ChaCha20,1000,4,424,0.028800001018680632,0.13729999773204327,0.10629999451339245,True,3976.85628271025
ECC+ChaCha20,1000,4,425,0.028399997972883284,0.1362000039080158,0.10720000136643648,True,3976.85628271025
ECC+ChaCha20,1000,4,426,0.028599999495781958,0.13660000695381314,0.10659999679774046,True,3976.85628271025
ECC+ChaCha20,1000,4,427,0.02849999873433262,0.13559999933931977,0.10679999832063913,True,3976.85628271025
ECC+ChaCha20,1000,4,428,0.028399997972883284,0.14119999832473695,0.2052000054391101,True,3976.85628271025
ECC+ChaCha20,1000,4,429,0.04530001024249941,0.1697000116109848,0.11600001016631722,True,3976.85628271025
ECC+ChaCha20,1000,4,430,0.031200004741549492,0.1579000090714544,0.11139998969156295,True,3976.85628271025
ECC+ChaCha20,1000,4,431,0.02989999484270811,0.14150000060908496,0.10900000052060932,True,3976.85628271025
ECC+ChaCha20,1000,4,432,0.029199989512562752,0.13899999612476677,0.10769999062176794,True,3976.85628271025
ECC+ChaCha20,1000,4,433,0.03130000550299883,0.14030000602360815,0.109500004327856,True,3976.85628271025
ECC+ChaCha20,1000,4,434,0.030199997127056122,0.13970000145491213,0.10799999290611595,True,3976.85628271025
ECC+ChaCha20,1000,4,435,0.03160000778734684,0.13770000077784061,0.10710000060498714,True,3976.85628271025
ECC+ChaCha20,1000,4,436,0.029799994081258774,0.14449999434873462,0.10809999366756529,True,3976.85628271025
ECC+ChaCha20,1000,4,437,0.055900003644637764,0.2049999893642962,0.12120000610593706,True,3976.85628271025
ECC+ChaCha20,1000,4,438,0.032500000088475645,0.1545000122860074,0.10829999519046396,True,3976.85628271025
ECC+ChaCha20,1000,4,439,0.03519999154377729,0.15160000475589186,0.11100000119768083,True,3976.85628271025
ECC+ChaCha20,1000,4,440,0.03200001083314419,0.14400000509340316,0.10850001126527786,True,3976.85628271025
ECC+ChaCha20,1000,4,441,0.03169999399688095,0.13780000153928995,0.10699999984353781,True,3976.85628271025
ECC+ChaCha20,1000,4,442,0.04809998790733516,0.1807999942684546,0.11779999476857483,True,3976.85628271025
ECC+ChaCha20,1000,4,443,0.04739999712910503,0.17359999765176326,0.11670000094454736,True,3976.85628271025
ECC+ChaCha20,1000,4,444,0.031499992473982275,0.14709999959450215,0.10800000745803118,True,3976.85628271025
ECC+ChaCha20,1000,4,445,0.033899996196851134,0.1568999869050458,0.10999999358318746,True,3976.85628271025
ECC+ChaCha20,1000,4,446,0.048600006266497076,0.1765000051818788,0.11750000703614205,True,3976.85628271025
ECC+ChaCha20,1000,4,447,0.03680000372696668,0.14170000213198364,0.1083999959519133,True,3976.85628271025
ECC+ChaCha20,1000,4,448,0.030199997127056122,0.14089999604038894,0.10809999366756529,True,3976.85628271025
ECC+ChaCha20,1000,4,449,0.029699993319809437,0.1396000006934628,0.1078000059351325,True,3976.85628271025
ECC+ChaCha20,1000,4,450,0.029999995604157448,0.15259999781847,0.11110000195913017,True,3976.85628271025
ECC+ChaCha20,1000,4,451,0.029799994081258774,0.13899999612476677,0.10750000365078449,True,3976.85628271025
ECC+ChaCha20,1000,4,452,0.029399991035461426,0.13830000534653664,0.10730000212788582,True,3976.85628271025
ECC+ChaCha20,1000,4,453,0.029499991796910763,0.1390999968862161,0.1078000059351325,True,3976.85628271025
ECC+ChaCha20,1000,4,454,0.09049999061971903,0.34220000088680536,0.13359999866224825,True,3976.85628271025
ECC+ChaCha20,1000,4,455,0.044200001866556704,0.18350000027567148,0.13169999874662608,True,3976.85628271025
ECC+ChaCha20,1000,4,456,0.03229999856557697,0.15700000221841037,0.12040000001434237,True,3976.85628271025
ECC+ChaCha20,1000,4,457,0.030800001695752144,0.14220000593923032,0.1109000004362315,True,3976.85628271025
ECC+ChaCha20,1000,4,458,0.03270000161137432,0.14489999739453197,0.11109998740721494,True,3976.85628271025
ECC+ChaCha20,1000,4,459,0.033200005418621004,0.14350000128615648,0.11150000500492752,True,3976.85628271025
ECC+ChaCha20,1000,4,460,0.0320999970426783,0.14230000670067966,0.11130000348202884,True,3976.85628271025
ECC+ChaCha20,1000,4,461,0.03270000161137432,0.14040000678505749,0.10770000517368317,True,3976.85628271025
ECC+ChaCha20,1000,4,462,0.02929999027401209,0.13689999468624592,0.10689999908208847,True,3976.85628271025
ECC+ChaCha20,1000,4,463,0.029000002541579306,0.13649999164044857,0.10769999062176794,True,3976.85628271025
ECC+ChaCha20,1000,4,464,0.029399991035461426,0.14810000720899552,0.10770000517368317,True,3976.85628271025
ECC+ChaCha20,1000,4,465,0.029399991035461426,0.13699999544769526,0.10670001211110502,True,3976.85628271025
ECC+ChaCha20,1000,4,466,0.028800001018680632,0.13669999316334724,0.10749998909886926,True,3976.85628271025
ECC+ChaCha20,1000,4,467,0.029000002541579306,0.1370999962091446,0.10760000441223383,True,3976.85628271025
ECC+ChaCha20,1000,4,468,0.02920000406447798,0.1390999968862161,0.10770000517368317,True,3976.85628271025
ECC+ChaCha20,1000,4,469,0.0295999925583601,0.13839999155607074,0.10730000212788582,True,3976.85628271025
ECC+ChaCha20,1000,4,470,0.029600007110275328,0.13770000077784061,0.10760000441223383,True,3976.85628271025
ECC+ChaCha20,1000,4,471,0.029100003303028643,0.1370999962091446,0.10800000745803118,True,3976.85628271025
ECC+ChaCha20,1000,4,472,0.029199989512562752,0.15049999637994915,0.11140000424347818,True,3976.85628271025
ECC+ChaCha20,1000,4,473,0.02920000406447798,0.1370999962091446,0.10670001211110502,True,3976.85628271025
ECC+ChaCha20,1000,4,474,0.02890000178012997,0.1353999978164211,0.10659999679774046,True,3976.85628271025
ECC+ChaCha20,1000,4,475,0.028599999495781958,0.1357999863103032,0.10720000136643648,True,3976.85628271025
ECC+ChaCha20,1000,4,476,0.028700000257231295,0.1365999924018979,0.10730000212788582,True,3976.85628271025
ECC+ChaCha20,1000,4,477,0.028599999495781958,0.13529999705497175,0.10679999832063913,True,3976.85628271025
ECC+ChaCha20,1000,4,478,0.028299997211433947,0.13599998783320189,0.10689999908208847,True,3976.85628271025
ECC+ChaCha20,1000,4,479,0.02849999873433262,0.13919999764766544,0.10770000517368317,True,3976.85628271025
ECC+ChaCha20,1000,4,480,0.031499992473982275,0.1412999990861863,0.10820000898092985,True,3976.85628271025
ECC+ChaCha20,1000,4,481,0.029000002541579306,0.13590000162366778,0.10730000212788582,True,3976.85628271025
ECC+ChaCha20,1000,4,482,0.028399997972883284,0.13509999553207308,0.10540000221226364,True,3976.85628271025
ECC+ChaCha20,1000,4,483,0.02849999873433262,0.13590000162366778,0.14509999891743064,True,3976.85628271025
ECC+ChaCha20,1000,4,484,0.04089999129064381,0.15659999917261302,0.11010000889655203,True,3976.85628271025
ECC+ChaCha20,1000,4,485,0.029700007871724665,0.1390999968862161,0.10769999062176794,True,3976.85628271025
ECC+ChaCha20,1000,4,486,0.029000002541579306,0.13610000314656645,0.10740000288933516,True,3976.85628271025
ECC+ChaCha20,1000,4,487,0.029099988751113415,0.13780000153928995,0.10730000212788582,True,3976.85628271025
ECC+ChaCha20,1000,4,488,0.02989999484270811,0.1466999965487048,0.10680001287255436,True,3976.85628271025
ECC+ChaCha20,1000,4,489,0.030399998649954796,0.14069999451749027,0.10810000821948051,True,3976.85628271025
ECC+ChaCha20,1000,4,490,0.02920000406447798,0.13749999925494194,0.10910000128205866,True,3976.85628271025
ECC+ChaCha20,1000,4,491,0.029100003303028643,0.1621999981580302,0.10970000585075468,True,3976.85628271025
ECC+ChaCha20,1000,4,492,0.03159999323543161,0.13949999993201345,0.10770000517368317,True,3976.85628271025
ECC+ChaCha20,1000,4,493,0.028800001018680632,0.13590000162366778,0.10699999984353781,True,3976.85628271025
ECC+ChaCha20,1000,4,494,0.029400005587376654,0.13729999773204327,0.10720000136643648,True,3976.85628271025
ECC+ChaCha20,1000,4,495,0.02950000634882599,0.13919999764766544,0.10750000365078449,True,3976.85628271025
ECC+ChaCha20,1000,4,496,0.02890000178012997,0.14560000272467732,0.10670001211110502,True,3976.85628271025
ECC+ChaCha20,1000,4,497,0.029100003303028643,0.1379000023007393,0.10679999832063913,True,3976.85628271025
ECC+ChaCha20,1000,4,498,0.028799986466765404,0.13660000695381314,0.10679999832063913,True,3976.85628271025
ECC+ChaCha20,1000,4,499,0.029000002541579306,0.13660000695381314,0.10760000441223383,True,3976.85628271025
ECC+ChaCha20,1000,4,500,0.028599999495781958,0.13679999392479658,0.10679999832063913,True,3976.85628271025
ECC+ChaCha20,1000,4,501,0.028799986466765404,0.13580000086221844,0.10719998681452125,True,3976.85628271025
ECC+ChaCha20,1000,4,502,0.029000002541579306,0.1365999924018979,0.10740000288933516,True,3976.85628271025
ECC+ChaCha20,1000,4,503,0.029100003303028643,0.13839999155607074,0.10809999366756529,True,3976.85628271025
ECC+ChaCha20,1000,4,504,0.030099996365606785,0.1508999994257465,0.11330000415910035,True,3976.85628271025
ECC+ChaCha20,1000,4,505,0.029000002541579306,0.1368000084767118,0.1066999975591898,True,3976.85628271025
ECC+ChaCha20,1000,4,506,0.028399997972883284,0.13640000543091446,0.10789999214466661,True,3976.85628271025
ECC+ChaCha20,1000,4,507,0.02890000178012997,0.13690000923816115,0.10760000441223383,True,3976.85628271025
ECC+ChaCha20,1000,4,508,0.028399997972883284,0.13590000162366778,0.10689999908208847,True,3976.85628271025
ECC+ChaCha20,1000,4,509,0.028700000257231295,0.13669999316334724,0.10720000136643648,True,3976.85628271025
ECC+ChaCha20,1000,4,510,0.028599999495781958,0.13590000162366778,0.10679999832063913,True,3976.85628271025
ECC+ChaCha20,1000,4,511,0.028399997972883284,0.1365999924018979,0.11059999815188348,True,3976.85628271025
ECC+ChaCha20,1000,4,512,0.02890000178012997,0.14930000179447234,0.11280000035185367,True,3976.85628271025
ECC+ChaCha20,1000,4,513,0.028599999495781958,0.13590000162366778,0.10720000136643648,True,3976.85628271025
ECC+ChaCha20,1000,4,514,0.02849999873433262,0.13639999087899923,0.10630000906530768,True,3976.85628271025
ECC+ChaCha20,1000,4,515,0.0354999938281253,0.15669999993406236,0.24909999046940356,True,3976.85628271025
ECC+ChaCha20,1000,4,516,0.04389999958220869,0.1531000016257167,0.1103000104194507,True,3976.85628271025
ECC+ChaCha20,1000,4,517,0.03370000922586769,0.13919999764766544,0.10889999975915998,True,3976.85628271025
ECC+ChaCha20,1000,4,518,0.03060000017285347,0.1500000071246177,0.10970000585075468,True,3976.85628271025
ECC+ChaCha20,1000,4,519,0.029800008633174002,0.1402000052621588,0.10879999899771065,True,3976.85628271025
ECC+ChaCha20,1000,4,520,0.030099996365606785,0.13719999697059393,0.10699999984353781,True,3976.85628271025
ECC+ChaCha20,1000,4,521,0.029300004825927317,0.1390999968862161,0.10760000441223383,True,3976.85628271025
ECC+ChaCha20,1000,4,522,0.02950000634882599,0.13769998622592539,0.1075999898603186,True,3976.85628271025
ECC+ChaCha20,1000,4,523,0.028799986466765404,0.13760000001639128,0.1069000136340037,True,3976.85628271025
ECC+ChaCha20,1000,4,524,0.029600007110275328,0.15169999096542597,0.10990000737365335,True,3976.85628271025
ECC+ChaCha20,1000,4,525,0.029400005587376654,0.13710001076105982,0.10760000441223383,True,3976.85628271025
ECC+ChaCha20,1000,4,526,0.029199989512562752,0.13679999392479658,0.10740000288933516,True,3976.85628271025
ECC+ChaCha20,1000,4,527,0.02890000178012997,0.14670001110062003,0.10760000441223383,True,3976.85628271025
ECC+ChaCha20,1000,4,528,0.029499991796910763,0.13780000153928995,0.10770000517368317,True,3976.85628271025
ECC+ChaCha20,1000,4,529,0.02929999027401209,0.13889999536331743,0.11150000500492752,True,3976.85628271025
ECC+ChaCha20,1000,4,530,0.03229999856557697,0.15490000077988952,0.10819999442901462,True,3976.85628271025
ECC+ChaCha20,1000,4,531,0.030499999411404133,0.13870000839233398,0.11029999586753547,True,3976.85628271025
ECC+ChaCha20,1000,4,532,0.02950000634882599,0.1379000023007393,0.10799999290611595,True,3976.85628271025
ECC+ChaCha20,1000,4,533,0.02950000634882599,0.13839999155607074,0.10789999214466661,True,3976.85628271025
ECC+ChaCha20,1000,4,534,0.02950000634882599,0.13749999925494194,0.10720000136643648,True,3976.85628271025
ECC+ChaCha20,1000,4,535,0.029799994081258774,0.13729999773204327,0.10749998909886926,True,3976.85628271025
ECC+ChaCha20,1000,4,536,0.02920000406447798,0.1480999926570803,0.11180000728927553,True,3976.85628271025
ECC+ChaCha20,1000,4,537,0.028599999495781958,0.13660000695381314,0.10659999679774046,True,3976.85628271025
ECC+ChaCha20,1000,4,538,0.035200006095692515,0.15210000856313854,0.11280000035185367,True,3976.85628271025
ECC+ChaCha20,1000,4,539,0.04679999256040901,0.20969999604858458,0.13329999637790024,True,3976.85628271025
ECC+ChaCha20,1000,4,540,0.029799994081258774,0.14730000111740083,0.11049999739043415,True,3976.85628271025
ECC+ChaCha20,1000,4,541,0.031400006264448166,0.15040001017041504,0.1083999959519133,True,3976.85628271025
ECC+ChaCha20,1000,4,542,0.03139999171253294,0.14060000830795616,0.109500004327856,True,3976.85628271025
ECC+ChaCha20,1000,4,543,0.03190001007169485,0.14220000593923032,0.109200002043508,True,3976.85628271025
ECC+ChaCha20,1000,4,544,0.0320999970426783,0.14239999291021377,0.10850001126527786,True,3976.85628271025
ECC+ChaCha20,1000,4,545,0.031499992473982275,0.14180000289343297,0.10869999823626131,True,3976.85628271025
ECC+ChaCha20,1000,4,546,0.031199990189634264,0.15209999401122332,0.11269999959040433,True,3976.85628271025
ECC+ChaCha20,1000,4,547,0.03130000550299883,0.1387999946018681,0.10770000517368317,True,3976.85628271025
ECC+ChaCha20,1000,4,548,0.02890000178012997,0.13809998927172273,0.1075999898603186,True,3976.85628271025
ECC+ChaCha20,1000,4,549,0.02950000634882599,0.13920001219958067,0.10760000441223383,True,3976.85628271025
ECC+ChaCha20,1000,4,550,0.02920000406447798,0.13689999468624592,0.10859999747481197,True,3976.85628271025
ECC+ChaCha20,1000,4,551,0.02989999484270811,0.14000000373926014,0.10999999358318746,True,3976.85628271025
ECC+ChaCha20,1000,4,552,0.032800002372823656,0.14760000340174884,0.10930000280495733,True,3976.85628271025
ECC+ChaCha20,1000,4,553,0.029699993319809437,0.13869999384041876,0.10889999975915998,True,3976.85628271025
ECC+ChaCha20,1000,4,554,0.029600007110275328,0.1396000006934628,0.10769999062176794,True,3976.85628271025
ECC+ChaCha20,1000,4,555,0.029700007871724665,0.1399999891873449,0.10779999138321728,True,3976.85628271025
ECC+ChaCha20,1000,4,556,0.029300004825927317,0.1365999924018979,0.10830000974237919,True,3976.85628271025
ECC+ChaCha20,1000,4,557,0.037699996028095484,0.15219999477267265,0.11010000889655203,True,3976.85628271025
ECC+ChaCha20,1000,4,558,0.03020001167897135,0.1373999984934926,0.10819999442901462,True,3976.85628271025
ECC+ChaCha20,1000,4,559,0.02920000406447798,0.16959999629762024,0.11130000348202884,True,3976.85628271025
ECC+ChaCha20,1000,4,560,0.030499999411404133,0.13770000077784061,0.10790000669658184,True,3976.85628271025
ECC+ChaCha20,1000,4,561,0.029100003303028643,0.13870000839233398,0.1078000059351325,True,3976.85628271025
ECC+ChaCha20,1000,4,562,0.029300004825927317,0.1373999984934926,0.10769999062176794,True,3976.85628271025
ECC+ChaCha20,1000,4,563,0.029199989512562752,0.15049999637994915,0.11180000728927553,True,3976.85628271025
ECC+ChaCha20,1000,4,564,0.028800001018680632,0.13640000543091446,0.10689999908208847,True,3976.85628271025
ECC+ChaCha20,1000,4,565,0.028800001018680632,0.13839999155607074,0.10730000212788582,True,3976.85628271025
ECC+ChaCha20,1000,4,566,0.029300004825927317,0.13660000695381314,0.10710000060498714,True,3976.85628271025
ECC+ChaCha20,1000,4,567,0.02890000178012997,0.13800000306218863,0.13670000771526247,True,3976.85628271025
ECC+ChaCha20,1000,4,568,0.029800008633174002,0.13880000915378332,0.10849999671336263,True,3976.85628271025
ECC+ChaCha20,1000,4,569,0.029799994081258774,0.1497999910498038,0.11229999654460698,True,3976.85628271025
ECC+ChaCha20,1000,4,570,0.028999987989664078,0.13699999544769526,0.10789999214466661,True,3976.85628271025
ECC+ChaCha20,1000,4,571,0.029300004825927317,0.1370999962091446,0.10720000136643648,True,3976.85628271025
ECC+ChaCha20,1000,4,572,0.029400005587376654,0.13830000534653664,0.10699999984353781,True,3976.85628271025
ECC+ChaCha20,1000,4,573,0.029499991796910763,0.13869999384041876,0.10799999290611595,True,3976.85628271025
ECC+ChaCha20,1000,4,574,0.030199997127056122,0.13719999697059393,0.10760000441223383,True,3976.85628271025
ECC+ChaCha20,1000,4,575,0.030199997127056122,0.14139999984763563,0.1078000059351325,True,3976.85628271025
ECC+ChaCha20,1000,4,576,0.02929999027401209,0.13670000771526247,0.10609999299049377,True,3976.85628271025
ECC+ChaCha20,1000,4,577,0.04339999577496201,0.18879999697674066,0.1154000055976212,True,3976.85628271025
ECC+ChaCha20,1000,4,578,0.03160000778734684,0.14200000441633165,0.10990000737365335,True,3976.85628271025
ECC+ChaCha20,1000,4,579,0.04980000085197389,0.18270000873599201,0.12540000898297876,True,3976.85628271025
ECC+ChaCha20,1000,4,580,0.03290000313427299,0.14790000568609685,0.10900000052060932,True,3976.85628271025
ECC+ChaCha20,1000,4,581,0.03229999856557697,0.14409999130293727,0.11110000195913017,True,3976.85628271025
ECC+ChaCha20,1000,4,582,0.035599994589574635,0.15320000238716602,0.10989999282173812,True,3976.85628271025
ECC+ChaCha20,1000,4,583,0.031200004741549492,0.14209999062586576,0.10960000508930534,True,3976.85628271025
ECC+ChaCha20,1000,4,584,0.033199990866705775,0.15740000526420772,0.11629999789875001,True,3976.85628271025
ECC+ChaCha20,1000,4,585,0.03310000465717167,0.14399999054148793,0.11059999815188348,True,3976.85628271025
ECC+ChaCha20,1000,4,586,0.03290000313427299,0.14850001025479287,0.11029999586753547,True,3976.85628271025
ECC+ChaCha20,1000,4,587,0.041400009649805725,0.13930001296103,0.10740000288933516,True,3976.85628271025
ECC+ChaCha20,1000,4,588,0.030199997127056122,0.1396000006934628,0.10730000212788582,True,3976.85628271025
ECC+ChaCha20,1000,4,589,0.029700007871724665,0.14290001126937568,0.10750000365078449,True,3976.85628271025
ECC+ChaCha20,1000,4,590,0.029700007871724665,0.13810000382363796,0.10720000136643648,True,3976.85628271025
ECC+ChaCha20,1000,4,591,0.029999995604157448,0.149500003317371,0.10770000517368317,True,3976.85628271025
ECC+ChaCha20,1000,4,592,0.029799994081258774,0.13919999764766544,0.10739998833741993,True,3976.85628271025
ECC+ChaCha20,1000,4,593,0.029699993319809437,0.13800000306218863,0.1078000059351325,True,3976.85628271025
ECC+ChaCha20,1000,4,594,0.030100010917522013,0.15300000086426735,0.11449999874457717,True,3976.85628271025
ECC+ChaCha20,1000,4,595,0.029100003303028643,0.16209999739658087,0.10900000052060932,True,3976.85628271025
ECC+ChaCha20,1000,4,596,0.029699993319809437,0.1382999907946214,0.10769999062176794,True,3976.85628271025
ECC+ChaCha20,1000,4,597,0.029100003303028643,0.1416000013705343,0.10819999442901462,True,3976.85628271025
ECC+ChaCha20,1000,4,598,0.028599999495781958,0.13639999087899923,0.10650001058820635,True,3976.85628271025
ECC+ChaCha20,1000,4,599,0.02929999027401209,0.13700000999961048,0.10750000365078449,True,3976.85628271025
ECC+ChaCha20,1000,4,600,0.029000002541579306,0.15140000323299319,0.10969999129883945,True,3976.85628271025
ECC+ChaCha20,1000,4,601,0.029000002541579306,0.13590000162366778,0.10750000365078449,True,3976.85628271025
ECC+ChaCha20,1000,4,602,0.028599999495781958,0.13780000153928995,0.10810000821948051,True,3976.85628271025
ECC+ChaCha20,1000,4,603,0.02890000178012997,0.1365999924018979,0.10739998833741993,True,3976.85628271025
ECC+ChaCha20,1000,4,604,0.02920000406447798,0.13769998622592539,0.10750000365078449,True,3976.85628271025
ECC+ChaCha20,1000,4,605,0.028800001018680632,0.13660000695381314,0.10720000136643648,True,3976.85628271025
ECC+ChaCha20,1000,4,606,0.02920000406447798,0.13700000999961048,0.10730000212788582,True,3976.85628271025
ECC+ChaCha20,1000,4,607,0.029100003303028643,0.1368000084767118,0.10679999832063913,True,3976.85628271025
ECC+ChaCha20,1000,4,608,0.028599999495781958,0.13690000923816115,0.10710000060498714,True,3976.85628271025
ECC+ChaCha20,1000,4,609,0.02890000178012997,0.13699999544769526,0.10760000441223383,True,3976.85628271025
ECC+ChaCha20,1000,4,610,0.029300004825927317,0.1360000023851171,0.10679999832063913,True,3976.85628271025
ECC+ChaCha20,1000,4,611,0.028800001018680632,0.1360000023851171,0.1036000030580908,True,3976.85628271025
ECC+ChaCha20,1000,4,612,0.02820001100189984,0.14340000052470714,0.11029999586753547,True,3976.85628271025
ECC+ChaCha20,1000,4,613,0.028099995688535273,0.13279999257065356,0.10439999459777027,True,3976.85628271025
ECC+ChaCha20,1000,4,614,0.027999994927085936,0.13179999950807542,0.10299999848939478,True,3976.85628271025
ECC+ChaCha20,1000,4,615,0.027999994927085936,0.13159999798517674,0.10359998850617558,True,3976.85628271025
ECC+ChaCha20,1000,4,616,0.027999994927085936,0.13220000255387276,0.10370000381954014,True,3976.85628271025
ECC+ChaCha20,1000,4,617,0.0278999941656366,0.13359999866224825,0.10429999383632094,True,3976.85628271025
ECC+ChaCha20,1000,4,618,0.027900008717551827,0.1323000033153221,0.10410000686533749,True,3976.85628271025
ECC+ChaCha20,1000,4,619,0.028099995688535273,0.14239999291021377,0.1033000007737428,True,3976.85628271025
ECC+ChaCha20,1000,4,620,0.03090000245720148,0.13719999697059393,0.10560000373516232,True,3976.85628271025
ECC+ChaCha20,1000,4,621,0.029999995604157448,0.1362999901175499,0.10460001067258418,True,3976.85628271025
ECC+ChaCha20,1000,4,622,0.028799986466765404,0.13460000627674162,0.10509999992791563,True,3976.85628271025
ECC+ChaCha20,1000,4,623,0.028300011763349175,0.13970000145491213,0.10329998622182757,True,3976.85628271025
ECC+ChaCha20,1000,4,624,0.028400012524798512,0.1326000055996701,0.1036000030580908,True,3976.85628271025
ECC+ChaCha20,1000,4,625,0.03189999551977962,0.14730000111740083,0.10750000365078449,True,3976.85628271025
ECC+ChaCha20,1000,4,626,0.029100003303028643,0.1348999940091744,0.10430000838823617,True,3976.85628271025
ECC+ChaCha20,1000,4,627,0.028800001018680632,0.13469999248627573,0.1053000014508143,True,3976.85628271025
ECC+ChaCha20,1000,4,628,0.029499991796910763,0.13339999713934958,0.10370000381954014,True,3976.85628271025
ECC+ChaCha20,1000,4,629,0.028599999495781958,0.13470000703819096,0.10439999459777027,True,3976.85628271025
ECC+ChaCha20,1000,4,630,0.02849999873433262,0.13329999637790024,0.10369998926762491,True,3976.85628271025
ECC+ChaCha20,1000,4,631,0.02819999644998461,0.1328999933321029,0.10439999459777027,True,3976.85628271025
ECC+ChaCha20,1000,4,632,0.028800001018680632,0.13300000864546746,0.10410000686533749,True,3976.85628271025
ECC+ChaCha20,1000,4,633,0.0281000102404505,0.1314999972237274,0.10399999155197293,True,3976.85628271025
ECC+ChaCha20,1000,4,634,0.030399998649954796,0.13590000162366778,0.10460001067258418,True,3976.85628271025
ECC+ChaCha20,1000,4,635,0.03309999010525644,0.14400000509340316,0.10639999527484179,True,3976.85628271025
ECC+ChaCha20,1000,4,636,0.02920000406447798,0.1453000004403293,0.1049999991664663,True,3976.85628271025
ECC+ChaCha20,1000,4,637,0.02820001100189984,0.13240000407677144,0.10379999002907425,True,3976.85628271025
ECC+ChaCha20,1000,4,638,0.027900008717551827,0.1323000033153221,0.1033999869832769,True,3976.85628271025
ECC+ChaCha20,1000,4,639,0.028299997211433947,0.13210000179242343,0.1033000007737428,True,3976.85628271025
ECC+ChaCha20,1000,4,640,0.027900008717551827,0.13329999637790024,0.1036000030580908,True,3976.85628271025
ECC+ChaCha20,1000,4,641,0.0281000102404505,0.13290000788401812,0.10380000458098948,True,3976.85628271025
ECC+ChaCha20,1000,4,642,0.028399997972883284,0.13300000864546746,0.1390999968862161,True,3976.85628271025
ECC+ChaCha20,1000,4,643,0.031200004741549492,0.14370000280905515,0.10439999459777027,True,3976.85628271025
ECC+ChaCha20,1000,4,644,0.029699993319809437,0.1348999940091744,0.1053000014508143,True,3976.85628271025
ECC+ChaCha20,1000,4,645,0.02849999873433262,0.13479999324772507,0.10470001143403351,True,3976.85628271025
ECC+ChaCha20,1000,4,646,0.028999987989664078,0.13390000094659626,0.10350000229664147,True,3976.85628271025
ECC+ChaCha20,1000,4,647,0.029000002541579306,0.13380000018514693,0.10400000610388815,True,3976.85628271025
ECC+ChaCha20,1000,4,648,0.029000002541579306,0.14600000577047467,0.11059999815188348,True,3976.85628271025
ECC+ChaCha20,1000,4,649,0.02890000178012997,0.13429998944047838,0.10389999079052359,True,3976.85628271025
ECC+ChaCha20,1000,4,650,0.02920000406447798,0.13559999933931977,0.10439999459777027,True,3976.85628271025
ECC+ChaCha20,1000,4,651,0.02780000795610249,0.1331000094069168,0.1036000030580908,True,3976.85628271025
ECC+ChaCha20,1000,4,652,0.028700000257231295,0.1336999994236976,0.1033000007737428,True,3976.85628271025
ECC+ChaCha20,1000,4,653,0.02849999873433262,0.1331999956164509,0.10349998774472624,True,3976.85628271025
ECC+ChaCha20,1000,4,654,0.028099995688535273,0.13269999180920422,0.10320000001229346,True,3976.85628271025
ECC+ChaCha20,1000,4,655,0.02849999873433262,0.15209999401122332,0.10460001067258418,True,3976.85628271025
ECC+ChaCha20,1000,4,656,0.028700000257231295,0.13270000636111945,0.10299999848939478,True,3976.85628271025
ECC+ChaCha20,1000,4,657,0.028399997972883284,0.13329999637790024,0.10420000762678683,True,3976.85628271025
ECC+ChaCha20,1000,4,658,0.028399997972883284,0.13249999028630555,0.10289999772794545,True,3976.85628271025
ECC+ChaCha20,1000,4,659,0.028700000257231295,0.13259999104775488,0.10409999231342226,True,3976.85628271025
ECC+ChaCha20,1000,4,660,0.0281000102404505,0.13290000788401812,0.10420000762678683,True,3976.85628271025
ECC+ChaCha20,1000,4,661,0.0278999941656366,0.13259999104775488,0.10389999079052359,True,3976.85628271025
ECC+ChaCha20,1000,4,662,0.029100003303028643,0.146100006531924,0.10670001211110502,True,3976.85628271025
ECC+ChaCha20,1000,4,663,0.028399997972883284,0.13129999570082873,0.10399999155197293,True,3976.85628271025
ECC+ChaCha20,1000,4,664,0.027999994927085936,0.22560000070370734,0.10930000280495733,True,3976.85628271025
ECC+ChaCha20,1000,4,665,0.04300000728107989,0.189200000022538,0.11720000475179404,True,3976.85628271025
ECC+ChaCha20,1000,4,666,0.030799987143836915,0.13810000382363796,0.10649999603629112,True,3976.85628271025
ECC+ChaCha20,1000,4,667,0.03099998866673559,0.13670000771526247,0.10580000525806099,True,3976.85628271025
ECC+ChaCha20,1000,4,668,0.028999987989664078,0.13479999324772507,0.10449999535921961,True,3976.85628271025
ECC+ChaCha20,1000,4,669,0.029799994081258774,0.13479999324772507,0.10580000525806099,True,3976.85628271025
ECC+ChaCha20,1000,4,670,0.029799994081258774,0.13630000466946512,0.10590000601951033,True,3976.85628271025
ECC+ChaCha20,1000,4,671,0.029199989512562752,0.13580000086221844,0.10449999535921961,True,3976.85628271025
ECC+ChaCha20,1000,4,672,0.029100003303028643,0.13470000703819096,0.1036000030580908,True,3976.85628271025
ECC+ChaCha20,1000,4,673,0.05390000296756625,0.17769999976735562,0.11600001016631722,True,3976.85628271025
ECC+ChaCha20,1000,4,674,0.03880000440403819,0.15079999866429716,0.10910000128205866,True,3976.85628271025
ECC+ChaCha20,1000,4,675,0.04389999958220869,0.17210000078193843,0.11480000102892518,True,3976.85628271025
ECC+ChaCha20,1000,4,676,0.031100003980100155,0.14010000450070947,0.1078000059351325,True,3976.85628271025
ECC+ChaCha20,1000,4,677,0.04850000550504774,0.17970000044442713,0.11539999104570597,True,3976.85628271025
ECC+ChaCha20,1000,4,678,0.04220000118948519,0.17359999765176326,0.11619999713730067,True,3976.85628271025
ECC+ChaCha20,1000,4,679,0.030800001695752144,0.13989998842589557,0.10809999366756529,True,3976.85628271025
ECC+ChaCha20,1000,4,680,0.02890000178012997,0.13509999553207308,0.10539998766034842,True,3976.85628271025
ECC+ChaCha20,1000,4,681,0.029400005587376654,0.13549999857787043,0.10619999375194311,True,3976.85628271025
ECC+ChaCha20,1000,4,682,0.02890000178012997,0.13500000932253897,0.10469999688211828,True,3976.85628271025
ECC+ChaCha20,1000,4,683,0.028300011763349175,0.1331000094069168,0.10429999383632094,True,3976.85628271025
ECC+ChaCha20,1000,4,684,0.027999994927085936,0.13300000864546746,0.10469999688211828,True,3976.85628271025
ECC+ChaCha20,1000,4,685,0.02819999644998461,0.13349999790079892,0.10500001371838152,True,3976.85628271025
ECC+ChaCha20,1000,4,686,0.02819999644998461,0.1373999984934926,0.1044000091496855,True,3976.85628271025
ECC+ChaCha20,1000,4,687,0.028299997211433947,0.14370000280905515,0.10320000001229346,True,3976.85628271025
ECC+ChaCha20,1000,4,688,0.027799993404187262,0.13300000864546746,0.10399999155197293,True,3976.85628271025
ECC+ChaCha20,1000,4,689,0.02819999644998461,0.1340000017080456,0.10390000534243882,True,3976.85628271025
ECC+ChaCha20,1000,4,690,0.02780000795610249,0.13259999104775488,0.10389999079052359,True,3976.85628271025
ECC+ChaCha20,1000,4,691,0.0278999941656366,0.13290000788401812,0.10380000458098948,True,3976.85628271025
ECC+ChaCha20,1000,4,692,0.02819999644998461,0.13349999790079892,0.1036000030580908,True,3976.85628271025
ECC+ChaCha20,1000,4,693,0.0281000102404505,0.17769999976735562,0.10720000136643648,True,3976.85628271025
ECC+ChaCha20,1000,4,694,0.02990000939462334,0.1348000077996403,0.10540000221226364,True,3976.85628271025
ECC+ChaCha20,1000,4,695,0.03020001167897135,0.14940000255592167,0.10689999908208847,True,3976.85628271025
ECC+ChaCha20,1000,4,696,0.029300004825927317,0.1348999940091744,0.10420000762678683,True,3976.85628271025
ECC+ChaCha20,1000,4,697,0.02890000178012997,0.13580000086221844,0.10509999992791563,True,3976.85628271025
ECC+ChaCha20,1000,4,698,0.02890000178012997,0.1336999994236976,0.10449999535921961,True,3976.85628271025
ECC+ChaCha20,1000,4,699,0.02889998722821474,0.13529999705497175,0.10449999535921961,True,3976.85628271025
ECC+ChaCha20,1000,4,700,0.028299997211433947,0.13269999180920422,0.10359998850617558,True,3976.85628271025
ECC+ChaCha20,1000,4,701,0.0278999941656366,0.13250000483822078,0.10420000762678683,True,3976.85628271025
ECC+ChaCha20,1000,4,702,0.02849999873433262,0.1326000055996701,0.10420000762678683,True,3976.85628271025
ECC+ChaCha20,1000,4,703,0.02889998722821474,0.1368000084767118,0.10550000297371298,True,3976.85628271025
ECC+ChaCha20,1000,4,704,0.02849999873433262,0.13299999409355223,0.10430000838823617,True,3976.85628271025
ECC+ChaCha20,1000,4,705,0.028299997211433947,0.13380000018514693,0.1044000091496855,True,3976.85628271025
ECC+ChaCha20,1000,4,706,0.02849999873433262,0.13179999950807542,0.1041999930748716,True,3976.85628271025
ECC+ChaCha20,1000,4,707,0.029300004825927317,0.1345999917248264,0.10449999535921961,True,3976.85628271025
ECC+ChaCha20,1000,4,708,0.02849999873433262,0.13290000788401812,0.1036000030580908,True,3976.85628271025
ECC+ChaCha20,1000,4,709,0.02819999644998461,0.1331999956164509,0.10449999535921961,True,3976.85628271025
ECC+ChaCha20,1000,4,710,0.0278999941656366,0.1328999933321029,0.1041999930748716,True,3976.85628271025
ECC+ChaCha20,1000,4,711,0.028299997211433947,0.1455999881727621,0.11139998969156295,True,3976.85628271025
ECC+ChaCha20,1000,4,712,0.029199989512562752,0.1340000017080456,0.10410000686533749,True,3976.85628271025
ECC+ChaCha20,1000,4,713,0.029100003303028643,0.1331999956164509,0.10459999612066895,True,3976.85628271025
ECC+ChaCha20,1000,4,714,0.028599999495781958,0.1331999956164509,0.10539998766034842,True,3976.85628271025
ECC+ChaCha20,1000,4,715,0.03060000017285347,0.13500000932253897,0.10479999764356762,True,3976.85628271025
ECC+ChaCha20,1000,4,716,0.030199997127056122,0.13309999485500157,0.10459999612066895,True,3976.85628271025
ECC+ChaCha20,1000,4,717,0.028599999495781958,0.13320001016836613,0.10400000610388815,True,3976.85628271025
ECC+ChaCha20,1000,4,718,0.029300004825927317,0.1466999965487048,0.10439999459777027,True,3976.85628271025
ECC+ChaCha20,1000,4,719,0.03890000516548753,0.14930000179447234,0.10750000365078449,True,3976.85628271025
ECC+ChaCha20,1000,4,720,0.031000003218650818,0.13449999096337706,0.10379999002907425,True,3976.85628271025
ECC+ChaCha20,1000,4,721,0.028000009479001164,0.1326000055996701,0.1475000026402995,True,3976.85628271025
ECC+ChaCha20,1000,4,722,0.048300003982149065,0.14569998893421143,0.10699999984353781,True,3976.85628271025
ECC+ChaCha20,1000,4,723,0.030199997127056122,0.13500000932253897,0.10509999992791563,True,3976.85628271025
ECC+ChaCha20,1000,4,724,0.030100010917522013,0.14000000373926014,0.10620000830385834,True,3976.85628271025
ECC+ChaCha20,1000,4,725,0.02819999644998461,0.1331000094069168,0.10370000381954014,True,3976.85628271025
ECC+ChaCha20,1000,4,726,0.031200004741549492,0.13840000610798597,0.10489999840501696,True,3976.85628271025
ECC+ChaCha20,1000,4,727,0.02819999644998461,0.13349999790079892,0.10370000381954014,True,3976.85628271025
ECC+ChaCha20,1000,4,728,0.027999994927085936,0.13439999020192772,0.1041999930748716,True,3976.85628271025
ECC+ChaCha20,1000,4,729,0.028299997211433947,0.13269999180920422,0.10389999079052359,True,3976.85628271025
ECC+ChaCha20,1000,4,730,0.02890000178012997,0.13660000695381314,0.1049999991664663,True,3976.85628271025
ECC+ChaCha20,1000,4,731,0.02819999644998461,0.14450000890064985,0.11130000348202884,True,3976.85628271025
ECC+ChaCha20,1000,4,732,0.027900008717551827,0.13229998876340687,0.10320000001229346,True,3976.85628271025
ECC+ChaCha20,1000,4,733,0.028399997972883284,0.13329999637790024,0.10430000838823617,True,3976.85628271025
ECC+ChaCha20,1000,4,734,0.027999994927085936,0.13229998876340687,0.10439999459777027,True,3976.85628271025
ECC+ChaCha20,1000,4,735,0.02819999644998461,0.13300000864546746,0.10409999231342226,True,3976.85628271025
ECC+ChaCha20,1000,4,736,0.028099995688535273,0.13349999790079892,0.10410000686533749,True,3976.85628271025
ECC+ChaCha20,1000,4,737,0.028000009479001164,0.1328000071225688,0.10370000381954014,True,3976.85628271025
ECC+ChaCha20,1000,4,738,0.02849999873433262,0.14519999967887998,0.10939998901449144,True,3976.85628271025
ECC+ChaCha20,1000,4,739,0.02780000795610249,0.13270000636111945,0.10350000229664147,True,3976.85628271025
ECC+ChaCha20,1000,4,740,0.027900008717551827,0.13300000864546746,0.10350000229664147,True,3976.85628271025
ECC+ChaCha20,1000,4,741,0.02820001100189984,0.1336999994236976,0.10409999231342226,True,3976.85628271025
ECC+ChaCha20,1000,4,742,0.031400006264448166,0.1345000055152923,0.10370000381954014,True,3976.85628271025
ECC+ChaCha20,1000,4,743,0.028800001018680632,0.13499999477062374,0.10469999688211828,True,3976.85628271025
ECC+ChaCha20,1000,4,744,0.029399991035461426,0.1343000039923936,0.10520000068936497,True,3976.85628271025
ECC+ChaCha20,1000,4,745,0.029999995604157448,0.1458999904571101,0.10769999062176794,True,3976.85628271025
ECC+ChaCha20,1000,4,746,0.02819999644998461,0.13270000636111945,0.10340000153519213,True,3976.85628271025
ECC+ChaCha20,1000,4,747,0.02819999644998461,0.13279999257065356,0.13949999993201345,True,3976.85628271025
ECC+ChaCha20,1000,4,748,0.03749999450519681,0.1478000049246475,0.10730000212788582,True,3976.85628271025
ECC+ChaCha20,1000,4,749,0.029100003303028643,0.13420000323094428,0.106100007542409,True,3976.85628271025
ECC+ChaCha20,1000,4,750,0.0281000102404505,0.14090001059230417,0.10659999679774046,True,3976.85628271025
ECC+ChaCha20,1000,4,751,0.029999995604157448,0.14230000670067966,0.10479999764356762,True,3976.85628271025
ECC+ChaCha20,1000,4,752,0.028399997972883284,0.1328999933321029,0.10349998774472624,True,3976.85628271025
ECC+ChaCha20,1000,4,753,0.028000009479001164,0.13179999950807542,0.10309999925084412,True,3976.85628271025
ECC+ChaCha20,1000,4,754,0.028000009479001164,0.1314999972237274,0.1033000007737428,True,3976.85628271025
ECC+ChaCha20,1000,4,755,0.027699992642737925,0.13349999790079892,0.10340000153519213,True,3976.85628271025
ECC+ChaCha20,1000,4,756,0.02819999644998461,0.13299999409355223,0.1036000030580908,True,3976.85628271025
ECC+ChaCha20,1000,4,757,0.028099995688535273,0.13380000018514693,0.10410000686533749,True,3976.85628271025
ECC+ChaCha20,1000,4,758,0.028300011763349175,0.1362000039080158,0.10990000737365335,True,3976.85628271025
ECC+ChaCha20,1000,4,759,0.027700007194653153,0.13169999874662608,0.10289999772794545,True,3976.85628271025
ECC+ChaCha20,1000,4,760,0.027900008717551827,0.13219998800195754,0.1041999930748716,True,3976.85628271025
ECC+ChaCha20,1000,4,761,0.02819999644998461,0.1331999956164509,0.10420000762678683,True,3976.85628271025
ECC+ChaCha20,1000,4,762,0.031000003218650818,0.14280001050792634,0.10679999832063913,True,3976.85628271025
ECC+ChaCha20,1000,4,763,0.028800001018680632,0.13359999866224825,0.10479999764356762,True,3976.85628271025
ECC+ChaCha20,1000,4,764,0.027699992642737925,0.13339999713934958,0.1036000030580908,True,3976.85628271025
ECC+ChaCha20,1000,4,765,0.0281000102404505,0.15079999866429716,0.10739998833741993,True,3976.85628271025
ECC+ChaCha20,1000,4,766,0.027799993404187262,0.13349999790079892,0.10460001067258418,True,3976.85628271025
ECC+ChaCha20,1000,4,767,0.028399997972883284,0.1326000055996701,0.10489999840501696,True,3976.85628271025
ECC+ChaCha20,1000,4,768,0.0278999941656366,0.13279999257065356,0.10379999002907425,True,3976.85628271025
ECC+ChaCha20,1000,4,769,0.028300011763349175,0.13360001321416348,0.10449999535921961,True,3976.85628271025
ECC+ChaCha20,1000,4,770,0.0281000102404505,0.1323000033153221,0.10340000153519213,True,3976.85628271025
ECC+ChaCha20,1000,4,771,0.028700000257231295,0.13349999790079892,0.10420000762678683,True,3976.85628271025
ECC+ChaCha20,1000,4,772,0.027799993404187262,0.1446999958716333,0.10850001126527786,True,3976.85628271025
ECC+ChaCha20,1000,4,773,0.10010000551119447,0.14189998910296708,0.10599999222904444,True,3976.85628271025
ECC+ChaCha20,1000,4,774,0.03260000084992498,0.13719999697059393,0.10489999840501696,True,3976.85628271025
ECC+ChaCha20,1000,4,775,0.029700007871724665,0.13359999866224825,0.10459999612066895,True,3976.85628271025
ECC+ChaCha20,1000,4,776,0.02920000406447798,0.13360001321416348,0.10340000153519213,True,3976.85628271025
ECC+ChaCha20,1000,4,777,0.028700000257231295,0.13339999713934958,0.1049999991664663,True,3976.85628271025
ECC+ChaCha20,1000,4,778,0.027799993404187262,0.1323000033153221,0.10600000678095967,True,3976.85628271025
ECC+ChaCha20,1000,4,779,0.028599999495781958,0.14420000661630183,0.10819999442901462,True,3976.85628271025
ECC+ChaCha20,1000,4,780,0.029000002541579306,0.13390000094659626,0.10409999231342226,True,3976.85628271025
ECC+ChaCha20,1000,4,781,0.02890000178012997,0.13689999468624592,0.10580000525806099,True,3976.85628271025
ECC+ChaCha20,1000,4,782,0.030099996365606785,0.13800000306218863,0.10469999688211828,True,3976.85628271025
ECC+ChaCha20,1000,4,783,0.02929999027401209,0.1340000017080456,0.10560000373516232,True,3976.85628271025
ECC+ChaCha20,1000,4,784,0.028800001018680632,0.13509999553207308,0.10320000001229346,True,3976.85628271025
ECC+ChaCha20,1000,4,785,0.029000002541579306,0.1343000039923936,0.10469999688211828,True,3976.85628271025
ECC+ChaCha20,1000,4,786,0.029999995604157448,0.14540000120177865,0.10960000508930534,True,3976.85628271025
ECC+ChaCha20,1000,4,787,0.029000002541579306,0.13270000636111945,0.10489999840501696,True,3976.85628271025
ECC+ChaCha20,1000,4,788,0.0281000102404505,0.13220000255387276,0.1033000007737428,True,3976.85628271025
ECC+ChaCha20,1000,4,789,0.0281000102404505,0.16060000052675605,0.10580000525806099,True,3976.85628271025
ECC+ChaCha20,1000,4,790,0.030099996365606785,0.13609998859465122,0.10540000221226364,True,3976.85628271025
ECC+ChaCha20,1000,4,791,0.02890000178012997,0.13320001016836613,0.10439999459777027,True,3976.85628271025
ECC+ChaCha20,1000,4,792,0.028800001018680632,0.1336999994236976,0.10520000068936497,True,3976.85628271025
ECC+ChaCha20,1000,4,793,0.0329999893438071,0.14879999798722565,0.10379999002907425,True,3976.85628271025
ECC+ChaCha20,1000,4,794,0.0278999941656366,0.13390000094659626,0.10449999535921961,True,3976.85628271025
ECC+ChaCha20,1000,4,795,0.029399991035461426,0.1360000023851171,0.10590000601951033,True,3976.85628271025
ECC+ChaCha20,1000,4,796,0.029400005587376654,0.1328999933321029,0.10309999925084412,True,3976.85628271025
ECC+ChaCha20,1000,4,797,0.027700007194653153,0.1331000094069168,0.10340000153519213,True,3976.85628271025
ECC+ChaCha20,1000,4,798,0.02890000178012997,0.13220000255387276,0.10320000001229346,True,3976.85628271025
ECC+ChaCha20,1000,4,799,0.03920000744983554,0.162799988174811,0.10749998909886926,True,3976.85628271025
ECC+ChaCha20,1000,4,800,0.030100010917522013,0.1343000039923936,0.10439999459777027,True,3976.85628271025
ECC+ChaCha20,1000,4,801,0.033800009987317026,0.14990000636316836,0.10550000297371298,True,3976.85628271025
ECC+ChaCha20,1000,4,802,0.028599999495781958,0.1326000055996701,0.1033000007737428,True,3976.85628271025
ECC+ChaCha20,1000,4,803,0.027799993404187262,0.13240000407677144,0.10390000534243882,True,3976.85628271025
ECC+ChaCha20,1000,4,804,0.027999994927085936,0.13309999485500157,0.10409999231342226,True,3976.85628271025
ECC+ChaCha20,1000,4,805,0.0281000102404505,0.13770000077784061,0.1033000007737428,True,3976.85628271025
ECC+ChaCha20,1000,4,806,0.028700000257231295,0.1343000039923936,0.10469999688211828,True,3976.85628271025
ECC+ChaCha20,1000,4,807,0.02849999873433262,0.13349999790079892,0.10390000534243882,True,3976.85628271025
ECC+ChaCha20,1000,4,808,0.029000002541579306,0.13420000323094428,0.10420000762678683,True,3976.85628271025
ECC+ChaCha20,1000,4,809,0.02849999873433262,0.13350001245271415,0.10390000534243882,True,3976.85628271025
ECC+ChaCha20,1000,4,810,0.028299997211433947,0.1320000010309741,0.10369998926762491,True,3976.85628271025
ECC+ChaCha20,1000,4,811,0.027699992642737925,0.13359999866224825,0.10310001380275935,True,3976.85628271025
ECC+ChaCha20,1000,4,812,0.02819999644998461,0.1407999952789396,0.10320000001229346,True,3976.85628271025
ECC+ChaCha20,1000,4,813,0.028000009479001164,0.1317000132985413,0.10309999925084412,True,3976.85628271025
ECC+ChaCha20,1000,4,814,0.027999994927085936,0.13749999925494194,0.10279999696649611,True,3976.85628271025
ECC+ChaCha20,1000,4,815,0.03130000550299883,0.14269999519456178,0.10620000830385834,True,3976.85628271025
ECC+ChaCha20,1000,4,816,0.028599999495781958,0.1331000094069168,0.10430000838823617,True,3976.85628271025
ECC+ChaCha20,1000,4,817,0.02849999873433262,0.13299999409355223,0.10509999992791563,True,3976.85628271025
ECC+ChaCha20,1000,4,818,0.028000009479001164,0.13300000864546746,0.10410000686533749,True,3976.85628271025
ECC+ChaCha20,1000,4,819,0.028800001018680632,0.1432999997632578,0.10469999688211828,True,3976.85628271025
ECC+ChaCha20,1000,4,820,0.028299997211433947,0.1320000010309741,0.10350000229664147,True,3976.85628271025
ECC+ChaCha20,1000,4,821,0.028299997211433947,0.13390000094659626,0.10380000458098948,True,3976.85628271025
ECC+ChaCha20,1000,4,822,0.027700007194653153,0.1323000033153221,0.10389999079052359,True,3976.85628271025
ECC+ChaCha20,1000,4,823,0.027799993404187262,0.13220000255387276,0.1033000007737428,True,3976.85628271025
ECC+ChaCha20,1000,4,824,0.02750000567175448,0.20170000789221376,0.11199999426025897,True,3976.85628271025
ECC+ChaCha20,1000,4,825,0.04150001041125506,0.15140000323299319,0.10810000821948051,True,3976.85628271025
ECC+ChaCha20,1000,4,826,0.030499999411404133,0.14730000111740083,0.10449999535921961,True,3976.85628271025
ECC+ChaCha20,1000,4,827,0.028800001018680632,0.13349999790079892,0.10490001295693219,True,3976.85628271025
ECC+ChaCha20,1000,4,828,0.02849999873433262,0.13339999713934958,0.10400000610388815,True,3976.85628271025
ECC+ChaCha20,1000,4,829,0.0281000102404505,0.1328000071225688,0.1033000007737428,True,3976.85628271025
ECC+ChaCha20,1000,4,830,0.028000009479001164,0.1328000071225688,0.10350000229664147,True,3976.85628271025
ECC+ChaCha20,1000,4,831,0.028399997972883284,0.13309999485500157,0.10379999002907425,True,3976.85628271025
ECC+ChaCha20,1000,4,832,0.028800001018680632,0.13350001245271415,0.10370000381954014,True,3976.85628271025
ECC+ChaCha20,1000,4,833,0.028599999495781958,0.14489999739453197,0.109200002043508,True,3976.85628271025
ECC+ChaCha20,1000,4,834,0.029000002541579306,0.13420000323094428,0.10480001219548285,True,3976.85628271025
ECC+ChaCha20,1000,4,835,0.02890000178012997,0.1343000039923936,0.10459999612066895,True,3976.85628271025
ECC+ChaCha20,1000,4,836,0.02819999644998461,0.1326000055996701,0.10469999688211828,True,3976.85628271025
ECC+ChaCha20,1000,4,837,0.027799993404187262,0.13299999409355223,0.10389999079052359,True,3976.85628271025
ECC+ChaCha20,1000,4,838,0.028099995688535273,0.1328999933321029,0.10399999155197293,True,3976.85628271025
ECC+ChaCha20,1000,4,839,0.028299997211433947,0.13300000864546746,0.10390000534243882,True,3976.85628271025
ECC+ChaCha20,1000,4,840,0.028599999495781958,0.14489999739453197,0.10679999832063913,True,3976.85628271025
ECC+ChaCha20,1000,4,841,0.028299997211433947,0.13349999790079892,0.10439999459777027,True,3976.85628271025
ECC+ChaCha20,1000,4,842,0.028299997211433947,0.13290000788401812,0.10400000610388815,True,3976.85628271025
ECC+ChaCha20,1000,4,843,0.02819999644998461,0.13159999798517674,0.10359998850617558,True,3976.85628271025
ECC+ChaCha20,1000,4,844,0.02849999873433262,0.13339999713934958,0.1036000030580908,True,3976.85628271025
ECC+ChaCha20,1000,4,845,0.028999987989664078,0.13300000864546746,0.10380000458098948,True,3976.85628271025
ECC+ChaCha20,1000,4,846,0.028599999495781958,0.13780000153928995,0.10370000381954014,True,3976.85628271025
ECC+ChaCha20,1000,4,847,0.02920000406447798,0.13269999180920422,0.10340000153519213,True,3976.85628271025
ECC+ChaCha20,1000,4,848,0.02920000406447798,0.13220000255387276,0.10350000229664147,True,3976.85628271025
ECC+ChaCha20,1000,4,849,0.028099995688535273,0.13100000796839595,0.10340000153519213,True,3976.85628271025
ECC+ChaCha20,1000,4,850,0.0278999941656366,0.13179999950807542,0.10390000534243882,True,3976.85628271025
ECC+ChaCha20,1000,4,851,0.027799993404187262,0.13179999950807542,0.10940000356640667,True,3976.85628271025
ECC+ChaCha20,1000,4,852,0.02950000634882599,0.13499999477062374,0.10400000610388815,True,3976.85628271025
ECC+ChaCha20,1000,4,853,0.029499991796910763,0.13559999933931977,0.10580000525806099,True,3976.85628271025
ECC+ChaCha20,1000,4,854,0.028299997211433947,0.14500001270789653,0.11539999104570597,True,3976.85628271025
ECC+ChaCha20,1000,4,855,0.028000009479001164,0.1336999994236976,0.10540000221226364,True,3976.85628271025
ECC+ChaCha20,1000,4,856,0.027799993404187262,0.13300000864546746,0.10350000229664147,True,3976.85628271025
ECC+ChaCha20,1000,4,857,0.027900008717551827,0.13240000407677144,0.10429999383632094,True,3976.85628271025
ECC+ChaCha20,1000,4,858,0.027799993404187262,0.1320000010309741,0.10380000458098948,True,3976.85628271025
ECC+ChaCha20,1000,4,859,0.02820001100189984,0.13190000026952475,0.10409999231342226,True,3976.85628271025
ECC+ChaCha20,1000,4,860,0.028399997972883284,0.13300000864546746,0.10380000458098948,True,3976.85628271025
ECC+ChaCha20,1000,4,861,0.027900008717551827,0.13249999028630555,0.10379999002907425,True,3976.85628271025
ECC+ChaCha20,1000,4,862,0.027999994927085936,0.1320000010309741,0.10400000610388815,True,3976.85628271025
ECC+ChaCha20,1000,4,863,0.0278999941656366,0.13269999180920422,0.1041999930748716,True,3976.85628271025
ECC+ChaCha20,1000,4,864,0.027900008717551827,0.13220000255387276,0.1033000007737428,True,3976.85628271025
ECC+ChaCha20,1000,4,865,0.027999994927085936,0.1331000094069168,0.10420000762678683,True,3976.85628271025
ECC+ChaCha20,1000,4,866,0.028399997972883284,0.13279999257065356,0.10340000153519213,True,3976.85628271025
ECC+ChaCha20,1000,4,867,0.027900008717551827,0.13240000407677144,0.10400000610388815,True,3976.85628271025
ECC+ChaCha20,1000,4,868,0.028399997972883284,0.14289999671746045,0.10609999299049377,True,3976.85628271025
ECC+ChaCha20,1000,4,869,0.027799993404187262,0.1328000071225688,0.10340000153519213,True,3976.85628271025
ECC+ChaCha20,1000,4,870,0.027700007194653153,0.13210000179242343,0.10279999696649611,True,3976.85628271025
ECC+ChaCha20,1000,4,871,0.0278999941656366,0.13190000026952475,0.1033999869832769,True,3976.85628271025
ECC+ChaCha20,1000,4,872,0.028400012524798512,0.13359999866224825,0.10379999002907425,True,3976.85628271025
ECC+ChaCha20,1000,4,873,0.027699992642737925,0.13190000026952475,0.10370000381954014,True,3976.85628271025
ECC+ChaCha20,1000,4,874,0.0278999941656366,0.13240000407677144,0.1033000007737428,True,3976.85628271025
ECC+ChaCha20,1000,4,875,0.0278999941656366,0.1373999984934926,0.10389999079052359,True,3976.85628271025
ECC+ChaCha20,1000,4,876,0.02780000795610249,0.13169999874662608,0.10340000153519213,True,3976.85628271025
ECC+ChaCha20,1000,4,877,0.027699992642737925,0.13169999874662608,0.10370000381954014,True,3976.85628271025
ECC+ChaCha20,1000,4,878,0.027700007194653153,0.13619998935610056,0.10279999696649611,True,3976.85628271025
ECC+ChaCha20,1000,4,879,0.03569999535102397,0.1466999965487048,0.10889999975915998,True,3976.85628271025
ECC+ChaCha20,1000,4,880,0.03029999788850546,0.13380000018514693,0.1041999930748716,True,3976.85628271025
ECC+ChaCha20,1000,4,881,0.028700000257231295,0.13250000483822078,0.10430000838823617,True,3976.85628271025
ECC+ChaCha20,1000,4,882,0.028800001018680632,0.1362999901175499,0.10389999079052359,True,3976.85628271025
ECC+ChaCha20,1000,4,883,0.027999994927085936,0.13179999950807542,0.10269999620504677,True,3976.85628271025
ECC+ChaCha20,1000,4,884,0.028000009479001164,0.1326000055996701,0.10400000610388815,True,3976.85628271025
ECC+ChaCha20,1000,4,885,0.028299997211433947,0.13269999180920422,0.10369998926762491,True,3976.85628271025
ECC+ChaCha20,1000,4,886,0.02849999873433262,0.13179999950807542,0.10340000153519213,True,3976.85628271025
ECC+ChaCha20,1000,4,887,0.028299997211433947,0.15079999866429716,0.10650001058820635,True,3976.85628271025
ECC+ChaCha20,1000,4,888,0.029600007110275328,0.13449999096337706,0.1044000091496855,True,3976.85628271025
ECC+ChaCha20,1000,4,889,0.028700000257231295,0.14560000272467732,0.10970000585075468,True,3976.85628271025
ECC+ChaCha20,1000,4,890,0.028399997972883284,0.13449999096337706,0.1044000091496855,True,3976.85628271025
ECC+ChaCha20,1000,4,891,0.028300011763349175,0.13349999790079892,0.1036000030580908,True,3976.85628271025
ECC+ChaCha20,1000,4,892,0.02819999644998461,0.13250000483822078,0.10400000610388815,True,3976.85628271025
ECC+ChaCha20,1000,4,893,0.0278999941656366,0.1323999895248562,0.1036000030580908,True,3976.85628271025
ECC+ChaCha20,1000,4,894,0.027799993404187262,0.1328999933321029,0.10399999155197293,True,3976.85628271025
ECC+ChaCha20,1000,4,895,0.0278999941656366,0.13220000255387276,0.10299999848939478,True,3976.85628271025
ECC+ChaCha20,1000,4,896,0.02819999644998461,0.14439999358728528,0.10400000610388815,True,3976.85628271025
ECC+ChaCha20,1000,4,897,0.028099995688535273,0.13240000407677144,0.10380000458098948,True,3976.85628271025
ECC+ChaCha20,1000,4,898,0.027799993404187262,0.13210000179242343,0.10429999383632094,True,3976.85628271025
ECC+ChaCha20,1000,4,899,0.028799986466765404,0.1348000077996403,0.1049999991664663,True,3976.85628271025
ECC+ChaCha20,1000,4,900,0.0281000102404505,0.1328000071225688,0.10760000441223383,True,3976.85628271025
ECC+ChaCha20,1000,4,901,0.0278999941656366,0.13290000788401812,0.10279999696649611,True,3976.85628271025
ECC+ChaCha20,1000,4,902,0.027900008717551827,0.13339999713934958,0.10400000610388815,True,3976.85628271025
ECC+ChaCha20,1000,4,903,0.02819999644998461,0.13359999866224825,0.10469999688211828,True,3976.85628271025
ECC+ChaCha20,1000,4,904,0.028599999495781958,0.13390000094659626,0.1041999930748716,True,3976.85628271025
ECC+ChaCha20,1000,4,905,0.028000009479001164,0.13349999790079892,0.10399999155197293,True,3976.85628271025
ECC+ChaCha20,1000,4,906,0.027600006433203816,0.1584999990882352,0.10869999823626131,True,3976.85628271025
ECC+ChaCha20,1000,4,907,0.03060000017285347,0.13719999697059393,0.1058999914675951,True,3976.85628271025
ECC+ChaCha20,1000,4,908,0.028700000257231295,0.13380000018514693,0.10459999612066895,True,3976.85628271025
ECC+ChaCha20,1000,4,909,0.028299997211433947,0.13279999257065356,0.10429999383632094,True,3976.85628271025
ECC+ChaCha20,1000,4,910,0.028700000257231295,0.14479999663308263,0.10410000686533749,True,3976.85628271025
ECC+ChaCha20,1000,4,911,0.028600014047697186,0.1343000039923936,0.10390000534243882,True,3976.85628271025
ECC+ChaCha20,1000,4,912,0.027999994927085936,0.13199998647905886,0.10350000229664147,True,3976.85628271025
ECC+ChaCha20,1000,4,913,0.028399997972883284,0.13240000407677144,0.10380000458098948,True,3976.85628271025
ECC+ChaCha20,1000,4,914,0.02820001100189984,0.13290000788401812,0.1036000030580908,True,3976.85628271025
ECC+ChaCha20,1000,4,915,0.02819999644998461,0.13359999866224825,0.10449999535921961,True,3976.85628271025
ECC+ChaCha20,1000,4,916,0.028300011763349175,0.13330001092981547,0.10449999535921961,True,3976.85628271025
ECC+ChaCha20,1000,4,917,0.0278999941656366,0.13210000179242343,0.1036000030580908,True,3976.85628271025
ECC+ChaCha20,1000,4,918,0.027699992642737925,0.13270000636111945,0.10400000610388815,True,3976.85628271025
ECC+ChaCha20,1000,4,919,0.02850001328624785,0.13949999993201345,0.10449999535921961,True,3976.85628271025
ECC+ChaCha20,1000,4,920,0.027799993404187262,0.1331999956164509,0.1033000007737428,True,3976.85628271025
ECC+ChaCha20,1000,4,921,0.027699992642737925,0.13219998800195754,0.10409999231342226,True,3976.85628271025
ECC+ChaCha20,1000,4,922,0.027700007194653153,0.13229998876340687,0.10340000153519213,True,3976.85628271025
ECC+ChaCha20,1000,4,923,0.027600006433203816,0.1323000033153221,0.10370000381954014,True,3976.85628271025
ECC+ChaCha20,1000,4,924,0.027700007194653153,0.13219998800195754,0.10389999079052359,True,3976.85628271025
ECC+ChaCha20,1000,4,925,0.027900008717551827,0.13190000026952475,0.10340000153519213,True,3976.85628271025
ECC+ChaCha20,1000,4,926,0.02780000795610249,0.13300000864546746,0.1041999930748716,True,3976.85628271025
ECC+ChaCha20,1000,4,927,0.0278999941656366,0.13169999874662608,0.10320000001229346,True,3976.85628271025
ECC+ChaCha20,1000,4,928,0.0281000102404505,0.1449000119464472,0.10390000534243882,True,3976.85628271025
ECC+ChaCha20,1000,4,929,0.027599991881288588,0.13190000026952475,0.10290001227986068,True,3976.85628271025
ECC+ChaCha20,1000,4,930,0.027700007194653153,0.13219998800195754,0.10459999612066895,True,3976.85628271025
ECC+ChaCha20,1000,4,931,0.02780000795610249,0.1323000033153221,0.10380000458098948,True,3976.85628271025
ECC+ChaCha20,1000,4,932,0.027699992642737925,0.1323999895248562,0.1036000030580908,True,3976.85628271025
ECC+ChaCha20,1000,4,933,0.027700007194653153,0.13330001092981547,0.1036000030580908,True,3976.85628271025
ECC+ChaCha20,1000,4,934,0.0278999941656366,0.13270000636111945,0.10410000686533749,True,3976.85628271025
ECC+ChaCha20,1000,4,935,0.028299997211433947,0.1328999933321029,0.10429999383632094,True,3976.85628271025
ECC+ChaCha20,1000,4,936,0.0278999941656366,0.13309999485500157,0.1036000030580908,True,3976.85628271025
ECC+ChaCha20,1000,4,937,0.027900008717551827,0.14309999824035913,0.10900000052060932,True,3976.85628271025
ECC+ChaCha20,1000,4,938,0.028099995688535273,0.13279999257065356,0.10409999231342226,True,3976.85628271025
ECC+ChaCha20,1000,4,939,0.02780000795610249,0.1314999972237274,0.15990000974852592,True,3976.85628271025
ECC+ChaCha20,1000,4,940,0.035299992305226624,0.14600000577047467,0.10889999975915998,True,3976.85628271025
ECC+ChaCha20,1000,4,941,0.031799994758330286,0.14509999891743064,0.10590000601951033,True,3976.85628271025
ECC+ChaCha20,1000,4,942,0.028599999495781958,0.13460000627674162,0.10469999688211828,True,3976.85628271025
ECC+ChaCha20,1000,4,943,0.028299997211433947,0.1345000055152923,0.10509999992791563,True,3976.85628271025
ECC+ChaCha20,1000,4,944,0.02849999873433262,0.14279999595601112,0.10449999535921961,True,3976.85628271025
ECC+ChaCha20,1000,4,945,0.028399997972883284,0.13229998876340687,0.10439999459777027,True,3976.85628271025
ECC+ChaCha20,1000,4,946,0.027999994927085936,0.13309999485500157,0.1041999930748716,True,3976.85628271025
ECC+ChaCha20,1000,4,947,0.028299997211433947,0.13300000864546746,0.10429999383632094,True,3976.85628271025
ECC+ChaCha20,1000,4,948,0.027900008717551827,0.13460000627674162,0.10370000381954014,True,3976.85628271025
ECC+ChaCha20,1000,4,949,0.028099995688535273,0.13249999028630555,0.10459999612066895,True,3976.85628271025
ECC+ChaCha20,1000,4,950,0.02819999644998461,0.13339999713934958,0.10390000534243882,True,3976.85628271025
ECC+ChaCha20,1000,4,951,0.02849999873433262,0.13410000246949494,0.1041999930748716,True,3976.85628271025
ECC+ChaCha20,1000,4,952,0.027900008717551827,0.1320000010309741,0.10439999459777027,True,3976.85628271025
ECC+ChaCha20,1000,4,953,0.02780000795610249,0.13190000026952475,0.10350000229664147,True,3976.85628271025
ECC+ChaCha20,1000,4,954,0.02780000795610249,0.1328999933321029,0.1036000030580908,True,3976.85628271025
ECC+ChaCha20,1000,4,955,0.0278999941656366,0.13259999104775488,0.10429999383632094,True,3976.85628271025
ECC+ChaCha20,1000,4,956,0.027799993404187262,0.13250000483822078,0.10350000229664147,True,3976.85628271025
ECC+ChaCha20,1000,4,957,0.027999994927085936,0.1326000055996701,0.10350000229664147,True,3976.85628271025
ECC+ChaCha20,1000,4,958,0.027799993404187262,0.13270000636111945,0.10400000610388815,True,3976.85628271025
ECC+ChaCha20,1000,4,959,0.028399997972883284,0.14449999434873462,0.10620000830385834,True,3976.85628271025
ECC+ChaCha20,1000,4,960,0.02780000795610249,0.1314999972237274,0.10309999925084412,True,3976.85628271025
ECC+ChaCha20,1000,4,961,0.02749999111983925,0.13220000255387276,0.10320000001229346,True,3976.85628271025
ECC+ChaCha20,1000,4,962,0.028299997211433947,0.13329999637790024,0.1036000030580908,True,3976.85628271025
ECC+ChaCha20,1000,4,963,0.0278999941656366,0.1340000017080456,0.10349998774472624,True,3976.85628271025
ECC+ChaCha20,1000,4,964,0.028299997211433947,0.13080000644549727,0.10420000762678683,True,3976.85628271025
ECC+ChaCha20,1000,4,965,0.02819999644998461,0.13309999485500157,0.10340000153519213,True,3976.85628271025
ECC+ChaCha20,1000,4,966,0.02849999873433262,0.1438000035705045,0.10509999992791563,True,3976.85628271025
ECC+ChaCha20,1000,4,967,0.027999994927085936,0.18390000332146883,0.1883999939309433,True,3976.85628271025
ECC+ChaCha20,1000,4,968,0.03579999611247331,0.14289999671746045,0.10630000906530768,True,3976.85628271025
ECC+ChaCha20,1000,4,969,0.031200004741549492,0.1357000001007691,0.10560000373516232,True,3976.85628271025
ECC+ChaCha20,1000,4,970,0.03139999171253294,0.13339999713934958,0.10389999079052359,True,3976.85628271025
ECC+ChaCha20,1000,4,971,0.029600007110275328,0.1340000017080456,0.10409999231342226,True,3976.85628271025
ECC+ChaCha20,1000,4,972,0.029399991035461426,0.13300000864546746,0.10390000534243882,True,3976.85628271025
ECC+ChaCha20,1000,4,973,0.029000002541579306,0.1399000029778108,0.10529998689889908,True,3976.85628271025
ECC+ChaCha20,1000,4,974,0.029600007110275328,0.1331000094069168,0.10810000821948051,True,3976.85628271025
ECC+ChaCha20,1000,4,975,0.029100003303028643,0.1345000055152923,0.10850001126527786,True,3976.85628271025
ECC+ChaCha20,1000,4,976,0.030099996365606785,0.13240000407677144,0.10400000610388815,True,3976.85628271025
ECC+ChaCha20,1000,4,977,0.02819999644998461,0.1345999917248264,0.10449999535921961,True,3976.85628271025
ECC+ChaCha20,1000,4,978,0.028800001018680632,0.13250000483822078,0.10380000458098948,True,3976.85628271025
ECC+ChaCha20,1000,4,979,0.0295999925583601,0.1320000010309741,0.10320000001229346,True,3976.85628271025
ECC+ChaCha20,1000,4,980,0.02819999644998461,0.13089999265503138,0.10320000001229346,True,3976.85628271025
ECC+ChaCha20,1000,4,981,0.027600006433203816,0.13190000026952475,0.10350000229664147,True,3976.85628271025
ECC+ChaCha20,1000,4,982,0.02780000795610249,0.13120000949129462,0.15029999485705048,True,3976.85628271025
ECC+ChaCha20,1000,4,983,0.030099996365606785,0.13049998960923404,0.10509999992791563,True,3976.85628271025
ECC+ChaCha20,1000,4,984,0.027400004910305142,0.12880000576842576,0.10030000703409314,True,3976.85628271025
ECC+ChaCha20,1000,4,985,0.028000009479001164,0.1292000088142231,0.10089999705087394,True,3976.85628271025
ECC+ChaCha20,1000,4,986,0.027299989596940577,0.1297999988310039,0.10029999248217791,True,3976.85628271025
ECC+ChaCha20,1000,4,987,0.027700007194653153,0.1297999988310039,0.10099999781232327,True,3976.85628271025
ECC+ChaCha20,1000,4,988,0.02689998655114323,0.13339999713934958,0.0999000039882958,True,3976.85628271025
ECC+ChaCha20,1000,4,989,0.02749999111983925,0.1303000026382506,0.10060000931844115,True,3976.85628271025
ECC+ChaCha20,1000,4,990,0.0278999941656366,0.12820000119972974,0.10010000551119447,True,3976.85628271025
ECC+ChaCha20,1000,4,991,0.027099988074041903,0.12769999739248306,0.10059999476652592,True,3976.85628271025
ECC+ChaCha20,1000,4,992,0.026900001103058457,0.12830000196117908,0.10000000474974513,True,3976.85628271025
ECC+ChaCha20,1000,4,993,0.026699999580159783,0.12820000119972974,0.12539999443106353,True,3976.85628271025
ECC+ChaCha20,1000,4,994,0.02819999644998461,0.12909999350085855,0.10080001084133983,True,3976.85628271025
ECC+ChaCha20,1000,4,995,0.027000001864507794,0.12859998969361186,0.10049999400507659,True,3976.85628271025
ECC+ChaCha20,1000,4,996,0.026699999580159783,0.12799999967683107,0.10109999857377261,True,3976.85628271025
ECC+ChaCha20,1000,4,997,0.02719998883549124,0.17070000467356294,0.10740000288933516,True,3976.85628271025
ECC+ChaCha20,1000,4,998,0.04020000051241368,0.15100000018719584,0.10540000221226364,True,3976.85628271025
ECC+ChaCha20,1000,4,999,0.03339999238960445,0.1402000052621588,0.10509999992791563,True,3976.85628271025
ECC+ChaCha20,1000,4,1000,0.027900008717551827,0.13080000644549727,0.10170000314246863,True,3976.85628271025
