scheme,volume,repetition,transaction_id,key_gen_time,encryption_time,decryption_time,integrity_verified,throughput
ECC+AES-256,1000,2,1,7.068000006256625,2.0369999983813614,0.2390000008745119,True,3914.2022493150675
ECC+AES-256,1000,2,2,0.051399998483248055,0.20029999723192304,0.13190000026952475,True,3914.2022493150675
ECC+AES-256,1000,2,3,0.03579999611247331,0.1672000071266666,0.12320000678300858,True,3914.2022493150675
ECC+AES-256,1000,2,4,0.03409999771974981,0.15859999984968454,0.11809999705292284,True,3914.2022493150675
ECC+AES-256,1000,2,5,0.032500000088475645,0.15329998859670013,0.11680000170599669,True,3914.2022493150675
ECC+AES-256,1000,2,6,0.030800001695752144,0.1512000017100945,0.11639999866019934,True,3914.2022493150675
ECC+AES-256,1000,2,7,0.030499999411404133,0.14910000027157366,0.11440001253504306,True,3914.2022493150675
ECC+AES-256,1000,2,8,0.030099996365606785,0.1472999865654856,0.11389999417588115,True,3914.2022493150675
ECC+AES-256,1000,2,9,0.030099996365606785,0.14859999646432698,0.11360000644344836,True,3914.2022493150675
ECC+AES-256,1000,2,10,0.029800008633174002,0.14509999891743064,0.11280000035185367,True,3914.2022493150675
ECC+AES-256,1000,2,11,0.029999995604157448,0.14869999722577631,0.11409999569877982,True,3914.2022493150675
ECC+AES-256,1000,2,12,0.02990000939462334,0.149500003317371,0.11520000407472253,True,3914.2022493150675
ECC+AES-256,1000,2,13,0.03029999788850546,0.16139999206643552,0.11729999096132815,True,3914.2022493150675
ECC+AES-256,1000,2,14,0.029799994081258774,0.1480999926570803,0.11409999569877982,True,3914.2022493150675
ECC+AES-256,1000,2,15,0.054499992984347045,0.2094999945256859,0.12479998986236751,True,3914.2022493150675
ECC+AES-256,1000,2,16,0.037699996028095484,0.16789999790489674,0.11970000923611224,True,3914.2022493150675
ECC+AES-256,1000,2,17,0.032199997804127634,0.15500000154133886,0.11560000712051988,True,3914.2022493150675
ECC+AES-256,1000,2,18,0.031199990189634264,0.152299995534122,0.11579999409150332,True,3914.2022493150675
ECC+AES-256,1000,2,19,0.029700007871724665,0.14730000111740083,0.11999999696854502,True,3914.2022493150675
ECC+AES-256,1000,2,20,0.029800008633174002,0.15900000289548188,0.11249999806750566,True,3914.2022493150675
ECC+AES-256,1000,2,21,0.0295999925583601,0.14619999274145812,0.1120000088121742,True,3914.2022493150675
ECC+AES-256,1000,2,22,0.02920000406447798,0.1458999904571101,0.11280000035185367,True,3914.2022493150675
ECC+AES-256,1000,2,23,0.029400005587376654,0.14599999121855944,0.11269999959040433,True,3914.2022493150675
ECC+AES-256,1000,2,24,0.028700000257231295,0.14560000272467732,0.11130000348202884,True,3914.2022493150675
ECC+AES-256,1000,2,25,0.029100003303028643,0.14579998969566077,0.112599998828955,True,3914.2022493150675
ECC+AES-256,1000,2,26,0.02929999027401209,0.145800004247576,0.1134999911300838,True,3914.2022493150675
ECC+AES-256,1000,2,27,0.029399991035461426,0.149500003317371,0.11390000872779638,True,3914.2022493150675
ECC+AES-256,1000,2,28,0.029699993319809437,0.16310000501107424,0.112599998828955,True,3914.2022493150675
ECC+AES-256,1000,2,29,0.02920000406447798,0.145800004247576,0.11379999341443181,True,3914.2022493150675
ECC+AES-256,1000,2,30,0.030199997127056122,0.1472000003559515,0.11229999654460698,True,3914.2022493150675
ECC+AES-256,1000,2,31,0.029499991796910763,0.1472000003559515,0.11439999798312783,True,3914.2022493150675
ECC+AES-256,1000,2,32,0.02890000178012997,0.14620000729337335,0.11239999730605632,True,3914.2022493150675
ECC+AES-256,1000,2,33,0.028599999495781958,0.14549998741131276,0.11229999654460698,True,3914.2022493150675
ECC+AES-256,1000,2,34,0.029000002541579306,0.14640000881627202,0.11219999578315765,True,3914.2022493150675
ECC+AES-256,1000,2,35,0.029499991796910763,0.1458999904571101,0.11229999654460698,True,3914.2022493150675
ECC+AES-256,1000,2,36,0.029300004825927317,0.1517000055173412,0.11280000035185367,True,3914.2022493150675
ECC+AES-256,1000,2,37,0.028800001018680632,0.14460000966209918,0.11209999502170831,True,3914.2022493150675
ECC+AES-256,1000,2,38,0.02890000178012997,0.14540000120177865,0.11140000424347818,True,3914.2022493150675
ECC+AES-256,1000,2,39,0.028700000257231295,0.145500001963228,0.11170000652782619,True,3914.2022493150675
ECC+AES-256,1000,2,40,0.02929999027401209,0.1466999965487048,0.11249999806750566,True,3914.2022493150675
ECC+AES-256,1000,2,41,0.029300004825927317,0.1466999965487048,0.11280000035185367,True,3914.2022493150675
ECC+AES-256,1000,2,42,0.03029999788850546,0.1483000087318942,0.112900001113303,True,3914.2022493150675
ECC+AES-256,1000,2,43,0.02920000406447798,0.1444000081392005,0.11159999121446162,True,3914.2022493150675
ECC+AES-256,1000,2,44,0.031000003218650818,0.1601999974809587,0.11330000415910035,True,3914.2022493150675
ECC+AES-256,1000,2,45,0.030499999411404133,0.1480999926570803,0.11189999349880964,True,3914.2022493150675
ECC+AES-256,1000,2,46,0.02990000939462334,0.145500001963228,0.11269999959040433,True,3914.2022493150675
ECC+AES-256,1000,2,47,0.029499991796910763,0.145800004247576,0.11199999426025897,True,3914.2022493150675
ECC+AES-256,1000,2,48,0.029300004825927317,0.14679999731015414,0.11190000805072486,True,3914.2022493150675
ECC+AES-256,1000,2,49,0.03460000152699649,0.1610000035725534,0.11720000475179404,True,3914.2022493150675
ECC+AES-256,1000,2,50,0.03189999551977962,0.15140000323299319,0.11380000796634704,True,3914.2022493150675
ECC+AES-256,1000,2,51,0.029400005587376654,0.14699999883305281,0.11310000263620168,True,3914.2022493150675
ECC+AES-256,1000,2,52,0.02950000634882599,0.14670001110062003,0.11269999959040433,True,3914.2022493150675
ECC+AES-256,1000,2,53,0.029000002541579306,0.1466999965487048,0.11239999730605632,True,3914.2022493150675
ECC+AES-256,1000,2,54,0.029399991035461426,0.1475000026402995,0.112599998828955,True,3914.2022493150675
ECC+AES-256,1000,2,55,0.029999995604157448,0.1472000003559515,0.11359999189153314,True,3914.2022493150675
ECC+AES-256,1000,2,56,0.02920000406447798,0.14799999189563096,0.11300000187475234,True,3914.2022493150675
ECC+AES-256,1000,2,57,0.030399998649954796,0.15559999155811965,0.112900001113303,True,3914.2022493150675
ECC+AES-256,1000,2,58,0.029700007871724665,0.14899999951012433,0.11500000255182385,True,3914.2022493150675
ECC+AES-256,1000,2,59,0.029800008633174002,0.14899999951012433,0.11390000872779638,True,3914.2022493150675
ECC+AES-256,1000,2,60,0.0295999925583601,0.1472000003559515,0.11269999959040433,True,3914.2022493150675
ECC+AES-256,1000,2,61,0.029499991796910763,0.14790000568609685,0.112900001113303,True,3914.2022493150675
ECC+AES-256,1000,2,62,0.029999995604157448,0.14569998893421143,0.11229999654460698,True,3914.2022493150675
ECC+AES-256,1000,2,63,0.02989999484270811,0.145800004247576,0.11309998808428645,True,3914.2022493150675
ECC+AES-256,1000,2,64,0.029300004825927317,0.1463999942643568,0.11300000187475234,True,3914.2022493150675
ECC+AES-256,1000,2,65,0.02920000406447798,0.14620000729337335,0.11169999197591096,True,3914.2022493150675
ECC+AES-256,1000,2,66,0.029199989512562752,0.14990000636316836,0.11219999578315765,True,3914.2022493150675
ECC+AES-256,1000,2,67,0.030000010156072676,0.145500001963228,0.11110000195913017,True,3914.2022493150675
ECC+AES-256,1000,2,68,0.02890000178012997,0.14570000348612666,0.11219999578315765,True,3914.2022493150675
ECC+AES-256,1000,2,69,0.02890000178012997,0.14570000348612666,0.11229999654460698,True,3914.2022493150675
ECC+AES-256,1000,2,70,0.02890000178012997,0.14659999578725547,0.11169999197591096,True,3914.2022493150675
ECC+AES-256,1000,2,71,0.028999987989664078,0.14570000348612666,0.11220001033507288,True,3914.2022493150675
ECC+AES-256,1000,2,72,0.029399991035461426,0.1466999965487048,0.112900001113303,True,3914.2022493150675
ECC+AES-256,1000,2,73,0.02989999484270811,0.1480999926570803,0.17519999528303742,True,3914.2022493150675
ECC+AES-256,1000,2,74,0.03929999365936965,0.17050000315066427,0.11819999781437218,True,3914.2022493150675
ECC+AES-256,1000,2,75,0.035500008380040526,0.15389999316539615,0.11419999646022916,True,3914.2022493150675
ECC+AES-256,1000,2,76,0.02950000634882599,0.1475000026402995,0.11310000263620168,True,3914.2022493150675
ECC+AES-256,1000,2,77,0.029499991796910763,0.1466999965487048,0.112900001113303,True,3914.2022493150675
ECC+AES-256,1000,2,78,0.02920000406447798,0.1455999881727621,0.1112000027205795,True,3914.2022493150675
ECC+AES-256,1000,2,79,0.029000002541579306,0.14519999967887998,0.1117999927373603,True,3914.2022493150675
ECC+AES-256,1000,2,80,0.02920000406447798,0.14500001270789653,0.11150000500492752,True,3914.2022493150675
ECC+AES-256,1000,2,81,0.029400005587376654,0.1588000013725832,0.11130000348202884,True,3914.2022493150675
ECC+AES-256,1000,2,82,0.02890000178012997,0.1463999942643568,0.112900001113303,True,3914.2022493150675
ECC+AES-256,1000,2,83,0.029399991035461426,0.1458999904571101,0.11219999578315765,True,3914.2022493150675
ECC+AES-256,1000,2,84,0.028800001018680632,0.145500001963228,0.11160000576637685,True,3914.2022493150675
ECC+AES-256,1000,2,85,0.02890000178012997,0.146100006531924,0.11189999349880964,True,3914.2022493150675
ECC+AES-256,1000,2,86,0.029400005587376654,0.14640000881627202,0.11249999806750566,True,3914.2022493150675
ECC+AES-256,1000,2,87,0.028700000257231295,0.1458999904571101,0.11239999730605632,True,3914.2022493150675
ECC+AES-256,1000,2,88,0.029600007110275328,0.14659999578725547,0.11249999806750566,True,3914.2022493150675
ECC+AES-256,1000,2,89,0.02989999484270811,0.15969999367371202,0.11320000339765102,True,3914.2022493150675
ECC+AES-256,1000,2,90,0.029199989512562752,0.14590000500902534,0.11269999959040433,True,3914.2022493150675
ECC+AES-256,1000,2,91,0.029099988751113415,0.14590000500902534,0.11180000728927553,True,3914.2022493150675
ECC+AES-256,1000,2,92,0.02920000406447798,0.14599999121855944,0.1112000027205795,True,3914.2022493150675
ECC+AES-256,1000,2,93,0.029000002541579306,0.1453000004403293,0.11110000195913017,True,3914.2022493150675
ECC+AES-256,1000,2,94,0.029100003303028643,0.14630000805482268,0.1117999927373603,True,3914.2022493150675
ECC+AES-256,1000,2,95,0.02920000406447798,0.14620000729337335,0.11269999959040433,True,3914.2022493150675
ECC+AES-256,1000,2,96,0.029799994081258774,0.14709999959450215,0.1117999927373603,True,3914.2022493150675
ECC+AES-256,1000,2,97,0.029199989512562752,0.15579999308101833,0.11130000348202884,True,3914.2022493150675
ECC+AES-256,1000,2,98,0.02920000406447798,0.14560000272467732,0.11249999806750566,True,3914.2022493150675
ECC+AES-256,1000,2,99,0.028800001018680632,0.14540000120177865,0.1117999927373603,True,3914.2022493150675
ECC+AES-256,1000,2,100,0.029000002541579306,0.15589999384246767,0.11280000035185367,True,3914.2022493150675
ECC+AES-256,1000,2,101,0.029400005587376654,0.1472000003559515,0.11239999730605632,True,3914.2022493150675
ECC+AES-256,1000,2,102,0.02929999027401209,0.17810000281315297,0.11979999544564635,True,3914.2022493150675
ECC+AES-256,1000,2,103,0.031099989428184927,0.15049999637994915,0.1137000072048977,True,3914.2022493150675
ECC+AES-256,1000,2,104,0.03139999171253294,0.16039999900385737,0.11409999569877982,True,3914.2022493150675
ECC+AES-256,1000,2,105,0.03060000017285347,0.1483999949414283,0.11300000187475234,True,3914.2022493150675
ECC+AES-256,1000,2,106,0.031200004741549492,0.15019999409560114,0.11360000644344836,True,3914.2022493150675
ECC+AES-256,1000,2,107,0.030399998649954796,0.14709999959450215,0.11369999265298247,True,3914.2022493150675
ECC+AES-256,1000,2,108,0.030100010917522013,0.14730000111740083,0.11209999502170831,True,3914.2022493150675
ECC+AES-256,1000,2,109,0.02950000634882599,0.14689999807160348,0.1137000072048977,True,3914.2022493150675
ECC+AES-256,1000,2,110,0.03029999788850546,0.1627000019652769,0.11330000415910035,True,3914.2022493150675
ECC+AES-256,1000,2,111,0.03029999788850546,0.1466999965487048,0.11239999730605632,True,3914.2022493150675
ECC+AES-256,1000,2,112,0.029999995604157448,0.145800004247576,0.11269999959040433,True,3914.2022493150675
ECC+AES-256,1000,2,113,0.02950000634882599,0.1500000071246177,0.11269999959040433,True,3914.2022493150675
ECC+AES-256,1000,2,114,0.029699993319809437,0.14810000720899552,0.11350000568199903,True,3914.2022493150675
ECC+AES-256,1000,2,115,0.02920000406447798,0.14579998969566077,0.11320000339765102,True,3914.2022493150675
ECC+AES-256,1000,2,116,0.0295999925583601,0.16110000433400273,0.11239999730605632,True,3914.2022493150675
ECC+AES-256,1000,2,117,0.029300004825927317,0.14630000805482268,0.1120000088121742,True,3914.2022493150675
ECC+AES-256,1000,2,118,0.029000002541579306,0.14449999434873462,0.11170000652782619,True,3914.2022493150675
ECC+AES-256,1000,2,119,0.028999987989664078,0.14489999739453197,0.1120000088121742,True,3914.2022493150675
ECC+AES-256,1000,2,120,0.02950000634882599,0.14479999663308263,0.1134999911300838,True,3914.2022493150675
ECC+AES-256,1000,2,121,0.028800001018680632,0.14730000111740083,0.112900001113303,True,3914.2022493150675
ECC+AES-256,1000,2,122,0.028700000257231295,0.14619999274145812,0.11190000805072486,True,3914.2022493150675
ECC+AES-256,1000,2,123,0.028999987989664078,0.14509999891743064,0.11180000728927553,True,3914.2022493150675
ECC+AES-256,1000,2,124,0.029800008633174002,0.15539999003522098,0.16719999257475138,True,3914.2022493150675
ECC+AES-256,1000,2,125,0.03229999856557697,0.15019999409560114,0.11439999798312783,True,3914.2022493150675
ECC+AES-256,1000,2,126,0.0295999925583601,0.14619999274145812,0.11189999349880964,True,3914.2022493150675
ECC+AES-256,1000,2,127,0.02890000178012997,0.1463999942643568,0.1441000058548525,True,3914.2022493150675
ECC+AES-256,1000,2,128,0.039399994420818985,0.16969999705906957,0.11920000542886555,True,3914.2022493150675
ECC+AES-256,1000,2,129,0.032199997804127634,0.15049999637994915,0.1145999995060265,True,3914.2022493150675
ECC+AES-256,1000,2,130,0.06399999256245792,0.18620000628288835,0.11929999163839966,True,3914.2022493150675
ECC+AES-256,1000,2,131,0.03310000465717167,0.1531000016257167,0.11409999569877982,True,3914.2022493150675
ECC+AES-256,1000,2,132,0.04679999256040901,0.18339999951422215,0.12419999984558672,True,3914.2022493150675
ECC+AES-256,1000,2,133,0.03480000304989517,0.1559000083943829,0.1171000039903447,True,3914.2022493150675
ECC+AES-256,1000,2,134,0.030700000934302807,0.15069999790284783,0.11520000407472253,True,3914.2022493150675
ECC+AES-256,1000,2,135,0.030099996365606785,0.14869999722577631,0.11389999417588115,True,3914.2022493150675
ECC+AES-256,1000,2,136,0.03029999788850546,0.14829999417997897,0.11409999569877982,True,3914.2022493150675
ECC+AES-256,1000,2,137,0.029999995604157448,0.148899998748675,0.1137000072048977,True,3914.2022493150675
ECC+AES-256,1000,2,138,0.029600007110275328,0.14769998961128294,0.11310000263620168,True,3914.2022493150675
ECC+AES-256,1000,2,139,0.029399991035461426,0.14820000797044486,0.11829999857582152,True,3914.2022493150675
ECC+AES-256,1000,2,140,0.02920000406447798,0.14709999959450215,0.11240001185797155,True,3914.2022493150675
ECC+AES-256,1000,2,141,0.029199989512562752,0.14620000729337335,0.11269999959040433,True,3914.2022493150675
ECC+AES-256,1000,2,142,0.029400005587376654,0.15160000475589186,0.1134999911300838,True,3914.2022493150675
ECC+AES-256,1000,2,143,0.029699993319809437,0.16199999663513154,0.11310000263620168,True,3914.2022493150675
ECC+AES-256,1000,2,144,0.029399991035461426,0.14730000111740083,0.11310000263620168,True,3914.2022493150675
ECC+AES-256,1000,2,145,0.02929999027401209,0.14640000881627202,0.11310000263620168,True,3914.2022493150675
ECC+AES-256,1000,2,146,0.029100003303028643,0.14699999883305281,0.11310000263620168,True,3914.2022493150675
ECC+AES-256,1000,2,147,0.029400005587376654,0.14689999807160348,0.11330000415910035,True,3914.2022493150675
ECC+AES-256,1000,2,148,0.02920000406447798,0.14730000111740083,0.11170000652782619,True,3914.2022493150675
ECC+AES-256,1000,2,149,0.029100003303028643,0.14730000111740083,0.11339999036863446,True,3914.2022493150675
ECC+AES-256,1000,2,150,0.029399991035461426,0.14829999417997897,0.11300000187475234,True,3914.2022493150675
ECC+AES-256,1000,2,151,0.029399991035461426,0.14930000179447234,0.11339999036863446,True,3914.2022493150675
ECC+AES-256,1000,2,152,0.02950000634882599,0.1472000003559515,0.11229999654460698,True,3914.2022493150675
ECC+AES-256,1000,2,153,0.02890000178012997,0.1466999965487048,0.2018999948631972,True,3914.2022493150675
ECC+AES-256,1000,2,154,0.04220000118948519,0.16619999951217324,0.13190000026952475,True,3914.2022493150675
ECC+AES-256,1000,2,155,0.031100003980100155,0.15100000018719584,0.11369999265298247,True,3914.2022493150675
ECC+AES-256,1000,2,156,0.029700007871724665,0.14609999198000878,0.11310000263620168,True,3914.2022493150675
ECC+AES-256,1000,2,157,0.029699993319809437,0.16119999054353684,0.11340000492054969,True,3914.2022493150675
ECC+AES-256,1000,2,158,0.030499999411404133,0.1478000049246475,0.13640000543091446,True,3914.2022493150675
ECC+AES-256,1000,2,159,0.03029999788850546,0.14709999959450215,0.11210000957362354,True,3914.2022493150675
ECC+AES-256,1000,2,160,0.029399991035461426,0.14740000187885016,0.11190000805072486,True,3914.2022493150675
ECC+AES-256,1000,2,161,0.028999987989664078,0.14679999731015414,0.11310000263620168,True,3914.2022493150675
ECC+AES-256,1000,2,162,0.028800001018680632,0.14679999731015414,0.11280000035185367,True,3914.2022493150675
ECC+AES-256,1000,2,163,0.028800001018680632,0.14640000881627202,0.11139998969156295,True,3914.2022493150675
ECC+AES-256,1000,2,164,0.02929999027401209,0.14629999350290745,0.11180000728927553,True,3914.2022493150675
ECC+AES-256,1000,2,165,0.02920000406447798,0.14670001110062003,0.11230001109652221,True,3914.2022493150675
ECC+AES-256,1000,2,166,0.028999987989664078,0.14730000111740083,0.11159999121446162,True,3914.2022493150675
ECC+AES-256,1000,2,167,0.02920000406447798,0.14709999959450215,0.11199999426025897,True,3914.2022493150675
ECC+AES-256,1000,2,168,0.028599999495781958,0.1453000004403293,0.11160000576637685,True,3914.2022493150675
ECC+AES-256,1000,2,169,0.029799994081258774,0.1466999965487048,0.11140000424347818,True,3914.2022493150675
ECC+AES-256,1000,2,170,0.029100003303028643,0.14739998732693493,0.1120000088121742,True,3914.2022493150675
ECC+AES-256,1000,2,171,0.028800001018680632,0.1449999981559813,0.11180000728927553,True,3914.2022493150675
ECC+AES-256,1000,2,172,0.02929999027401209,0.15829999756533653,0.11670000094454736,True,3914.2022493150675
ECC+AES-256,1000,2,173,0.02819999644998461,0.1424999936716631,0.10889999975915998,True,3914.2022493150675
ECC+AES-256,1000,2,174,0.0281000102404505,0.14139999984763563,0.10879999899771065,True,3914.2022493150675
ECC+AES-256,1000,2,175,0.02780000795610249,0.14019999071024358,0.10770000517368317,True,3914.2022493150675
ECC+AES-256,1000,2,176,0.027799993404187262,0.14099999680183828,0.10820000898092985,True,3914.2022493150675
ECC+AES-256,1000,2,177,0.027999994927085936,0.14089999604038894,0.10879999899771065,True,3914.2022493150675
ECC+AES-256,1000,2,178,0.027999994927085936,0.14150000060908496,0.10900000052060932,True,3914.2022493150675
ECC+AES-256,1000,2,179,0.02850001328624785,0.14119999832473695,0.10760000441223383,True,3914.2022493150675
ECC+AES-256,1000,2,180,0.028099995688535273,0.15269999857991934,0.10789999214466661,True,3914.2022493150675
ECC+AES-256,1000,2,181,0.030800001695752144,0.1432999997632578,0.10910000128205866,True,3914.2022493150675
ECC+AES-256,1000,2,182,0.029300004825927317,0.1432999997632578,0.10960000508930534,True,3914.2022493150675
ECC+AES-256,1000,2,183,0.027999994927085936,0.14109999756328762,0.10829999519046396,True,3914.2022493150675
ECC+AES-256,1000,2,184,0.02819999644998461,0.14109999756328762,0.10829999519046396,True,3914.2022493150675
ECC+AES-256,1000,2,185,0.028599999495781958,0.1436000020476058,0.10930000280495733,True,3914.2022493150675
ECC+AES-256,1000,2,186,0.0278999941656366,0.1438000035705045,0.10809999366756529,True,3914.2022493150675
ECC+AES-256,1000,2,187,0.027900008717551827,0.14030000602360815,0.10809999366756529,True,3914.2022493150675
ECC+AES-256,1000,2,188,0.02819999644998461,0.1512000017100945,0.10819999442901462,True,3914.2022493150675
ECC+AES-256,1000,2,189,0.027900008717551827,0.14149998605716974,0.10879999899771065,True,3914.2022493150675
ECC+AES-256,1000,2,190,0.02849999873433262,0.14289999671746045,0.10940000356640667,True,3914.2022493150675
ECC+AES-256,1000,2,191,0.028800001018680632,0.1416000013705343,0.10829999519046396,True,3914.2022493150675
ECC+AES-256,1000,2,192,0.02780000795610249,0.14230000670067966,0.10900000052060932,True,3914.2022493150675
ECC+AES-256,1000,2,193,0.027999994927085936,0.14150000060908496,0.10879999899771065,True,3914.2022493150675
ECC+AES-256,1000,2,194,0.028000009479001164,0.14200000441633165,0.10829999519046396,True,3914.2022493150675
ECC+AES-256,1000,2,195,0.028700000257231295,0.14489999739453197,0.10949998977594078,True,3914.2022493150675
ECC+AES-256,1000,2,196,0.02890000178012997,0.14139999984763563,0.10869999823626131,True,3914.2022493150675
ECC+AES-256,1000,2,197,0.027999994927085936,0.13989998842589557,0.10859999747481197,True,3914.2022493150675
ECC+AES-256,1000,2,198,0.02819999644998461,0.14170000213198364,0.10779999138321728,True,3914.2022493150675
ECC+AES-256,1000,2,199,0.027999994927085936,0.13980000221636146,0.10760000441223383,True,3914.2022493150675
ECC+AES-256,1000,2,200,0.028399997972883284,0.14089999604038894,0.10930000280495733,True,3914.2022493150675
ECC+AES-256,1000,2,201,0.028099995688535273,0.14139999984763563,0.1083999959519133,True,3914.2022493150675
ECC+AES-256,1000,2,202,0.028000009479001164,0.14130001363810152,0.10879999899771065,True,3914.2022493150675
ECC+AES-256,1000,2,203,0.028000009479001164,0.14080000983085483,0.10849999671336263,True,3914.2022493150675
ECC+AES-256,1000,2,204,0.028399997972883284,0.15419999544974416,0.10910000128205866,True,3914.2022493150675
ECC+AES-256,1000,2,205,0.028099995688535273,0.14089999604038894,0.10879999899771065,True,3914.2022493150675
ECC+AES-256,1000,2,206,0.028299997211433947,0.1399000029778108,0.11189999349880964,True,3914.2022493150675
ECC+AES-256,1000,2,207,0.027900008717551827,0.14120001287665218,0.109500004327856,True,3914.2022493150675
ECC+AES-256,1000,2,208,0.027699992642737925,0.14150000060908496,0.10789999214466661,True,3914.2022493150675
ECC+AES-256,1000,2,209,0.02780000795610249,0.14029999147169292,0.10790000669658184,True,3914.2022493150675
ECC+AES-256,1000,2,210,0.027999994927085936,0.14069999451749027,0.10799999290611595,True,3914.2022493150675
ECC+AES-256,1000,2,211,0.027999994927085936,0.1402000052621588,0.10710000060498714,True,3914.2022493150675
ECC+AES-256,1000,2,212,0.028299997211433947,0.14170000213198364,0.10809999366756529,True,3914.2022493150675
ECC+AES-256,1000,2,213,0.03399999695830047,0.15560000611003488,0.11400000948924571,True,3914.2022493150675
ECC+AES-256,1000,2,214,0.03029999788850546,0.14489999739453197,0.10909998673014343,True,3914.2022493150675
ECC+AES-256,1000,2,215,0.029000002541579306,0.15300000086426735,0.10900000052060932,True,3914.2022493150675
ECC+AES-256,1000,2,216,0.02849999873433262,0.14199998986441642,0.10879999899771065,True,3914.2022493150675
ECC+AES-256,1000,2,217,0.02849999873433262,0.14139999984763563,0.10910000128205866,True,3914.2022493150675
ECC+AES-256,1000,2,218,0.028800001018680632,0.1554000045871362,0.10900000052060932,True,3914.2022493150675
ECC+AES-256,1000,2,219,0.0278999941656366,0.14139999984763563,0.10970000585075468,True,3914.2022493150675
ECC+AES-256,1000,2,220,0.028099995688535273,0.14359998749569058,0.10859999747481197,True,3914.2022493150675
ECC+AES-256,1000,2,221,0.028299997211433947,0.14089999604038894,0.10859999747481197,True,3914.2022493150675
ECC+AES-256,1000,2,222,0.0278999941656366,0.14170000213198364,0.10910000128205866,True,3914.2022493150675
ECC+AES-256,1000,2,223,0.027999994927085936,0.14180000289343297,0.10859999747481197,True,3914.2022493150675
ECC+AES-256,1000,2,224,0.02819999644998461,0.14239999291021377,0.10859999747481197,True,3914.2022493150675
ECC+AES-256,1000,2,225,0.027900008717551827,0.14119999832473695,0.10869999823626131,True,3914.2022493150675
ECC+AES-256,1000,2,226,0.027900008717551827,0.1416999875800684,0.10889999975915998,True,3914.2022493150675
ECC+AES-256,1000,2,227,0.028299997211433947,0.14960000407882035,0.10930000280495733,True,3914.2022493150675
ECC+AES-256,1000,2,228,0.028399997972883284,0.14210000517778099,0.3049000079045072,True,3914.2022493150675
ECC+AES-256,1000,2,229,0.037999998312443495,0.16490000416524708,0.11759999324567616,True,3914.2022493150675
ECC+AES-256,1000,2,230,0.030099996365606785,0.14700001338496804,0.11110000195913017,True,3914.2022493150675
ECC+AES-256,1000,2,231,0.028800001018680632,0.14289999671746045,0.10889999975915998,True,3914.2022493150675
ECC+AES-256,1000,2,232,0.02890000178012997,0.14600000577047467,0.109500004327856,True,3914.2022493150675
ECC+AES-256,1000,2,233,0.028399997972883284,0.15630001144018024,0.10900000052060932,True,3914.2022493150675
ECC+AES-256,1000,2,234,0.028000009479001164,0.14300001203082502,0.10889999975915998,True,3914.2022493150675
ECC+AES-256,1000,2,235,0.028800001018680632,0.1438000035705045,0.10989999282173812,True,3914.2022493150675
ECC+AES-256,1000,2,236,0.02849999873433262,0.1432999997632578,0.10930000280495733,True,3914.2022493150675
ECC+AES-256,1000,2,237,0.028000009479001164,0.14220000593923032,0.109500004327856,True,3914.2022493150675
ECC+AES-256,1000,2,238,0.027799993404187262,0.14109999756328762,0.1083999959519133,True,3914.2022493150675
ECC+AES-256,1000,2,239,0.027699992642737925,0.14059999375604093,0.10970000585075468,True,3914.2022493150675
ECC+AES-256,1000,2,240,0.027699992642737925,0.14119999832473695,0.10849999671336263,True,3914.2022493150675
ECC+AES-256,1000,2,241,0.0278999941656366,0.14080000983085483,0.10770000517368317,True,3914.2022493150675
ECC+AES-256,1000,2,242,0.03510000533424318,0.1593000051798299,0.11480000102892518,True,3914.2022493150675
ECC+AES-256,1000,2,243,0.030100010917522013,0.14760000340174884,0.11079999967478216,True,3914.2022493150675
ECC+AES-256,1000,2,244,0.028800001018680632,0.14289999671746045,0.10979999206028879,True,3914.2022493150675
ECC+AES-256,1000,2,245,0.02820001100189984,0.14150000060908496,0.10819999442901462,True,3914.2022493150675
ECC+AES-256,1000,2,246,0.02819999644998461,0.14139999984763563,0.10889999975915998,True,3914.2022493150675
ECC+AES-256,1000,2,247,0.028299997211433947,0.1419000036548823,0.1083999959519133,True,3914.2022493150675
ECC+AES-256,1000,2,248,0.029000002541579306,0.14319999900180846,0.109200002043508,True,3914.2022493150675
ECC+AES-256,1000,2,249,0.027999994927085936,0.14139999984763563,0.1083999959519133,True,3914.2022493150675
ECC+AES-256,1000,2,250,0.029100003303028643,0.14609999198000878,0.10960000508930534,True,3914.2022493150675
ECC+AES-256,1000,2,251,0.028300011763349175,0.14110001211520284,0.10810000821948051,True,3914.2022493150675
ECC+AES-256,1000,2,252,0.027600006433203816,0.14319999900180846,0.11000000813510269,True,3914.2022493150675
ECC+AES-256,1000,2,253,0.02849999873433262,0.14350000128615648,0.11039999662898481,True,3914.2022493150675
ECC+AES-256,1000,2,254,0.0281000102404505,0.14180000289343297,0.10849999671336263,True,3914.2022493150675
ECC+AES-256,1000,2,255,0.0337999954354018,0.148899998748675,0.1092999882530421,True,3914.2022493150675
ECC+AES-256,1000,2,256,0.029000002541579306,0.15579999308101833,0.10799999290611595,True,3914.2022493150675
ECC+AES-256,1000,2,257,0.028299997211433947,0.14090001059230417,0.10879999899771065,True,3914.2022493150675
ECC+AES-256,1000,2,258,0.0278999941656366,0.14230000670067966,0.10869999823626131,True,3914.2022493150675
ECC+AES-256,1000,2,259,0.028299997211433947,0.14279999595601112,0.10879999899771065,True,3914.2022493150675
ECC+AES-256,1000,2,260,0.028300011763349175,0.14260000898502767,0.109200002043508,True,3914.2022493150675
ECC+AES-256,1000,2,261,0.027999994927085936,0.14200000441633165,0.10800000745803118,True,3914.2022493150675
ECC+AES-256,1000,2,262,0.02820001100189984,0.14230000670067966,0.10900000052060932,True,3914.2022493150675
ECC+AES-256,1000,2,263,0.028399997972883284,0.14260000898502767,0.10900000052060932,True,3914.2022493150675
ECC+AES-256,1000,2,264,0.029000002541579306,0.14370000280905515,0.10879999899771065,True,3914.2022493150675
ECC+AES-256,1000,2,265,0.02849999873433262,0.1463999942643568,0.10930000280495733,True,3914.2022493150675
ECC+AES-256,1000,2,266,0.02819999644998461,0.1419000036548823,0.10859999747481197,True,3914.2022493150675
ECC+AES-256,1000,2,267,0.029000002541579306,0.1424999936716631,0.10849999671336263,True,3914.2022493150675
ECC+AES-256,1000,2,268,0.028000009479001164,0.1419000036548823,0.109200002043508,True,3914.2022493150675
ECC+AES-256,1000,2,269,0.02820001100189984,0.14050000754650682,0.10829999519046396,True,3914.2022493150675
ECC+AES-256,1000,2,270,0.028000009479001164,0.1407000090694055,0.10810000821948051,True,3914.2022493150675
ECC+AES-256,1000,2,271,0.0278999941656366,0.14009998994879425,0.10800000745803118,True,3914.2022493150675
ECC+AES-256,1000,2,272,0.10449999535921961,0.16320000577252358,0.11330000415910035,True,3914.2022493150675
ECC+AES-256,1000,2,273,0.04159999662078917,0.1635999942664057,0.11520000407472253,True,3914.2022493150675
ECC+AES-256,1000,2,274,0.03540000761859119,0.14740000187885016,0.10989999282173812,True,3914.2022493150675
ECC+AES-256,1000,2,275,0.05370000144466758,0.1863999932538718,0.12100000458303839,True,3914.2022493150675
ECC+AES-256,1000,2,276,0.04699999408330768,0.1807000080589205,0.12060000153724104,True,3914.2022493150675
ECC+AES-256,1000,2,277,0.0354999938281253,0.17719999596010894,0.1179000100819394,True,3914.2022493150675
ECC+AES-256,1000,2,278,0.029300004825927317,0.14560000272467732,0.11019999510608613,True,3914.2022493150675
ECC+AES-256,1000,2,279,0.028399997972883284,0.14210000517778099,0.10810000821948051,True,3914.2022493150675
ECC+AES-256,1000,2,280,0.028099995688535273,0.1402000052621588,0.1221999991685152,True,3914.2022493150675
ECC+AES-256,1000,2,281,0.029799994081258774,0.14479999663308263,0.11000000813510269,True,3914.2022493150675
ECC+AES-256,1000,2,282,0.02849999873433262,0.14220000593923032,0.109500004327856,True,3914.2022493150675
ECC+AES-256,1000,2,283,0.02849999873433262,0.1436000020476058,0.10900000052060932,True,3914.2022493150675
ECC+AES-256,1000,2,284,0.028299997211433947,0.14119999832473695,0.10949998977594078,True,3914.2022493150675
ECC+AES-256,1000,2,285,0.027999994927085936,0.14449999434873462,0.10849999671336263,True,3914.2022493150675
ECC+AES-256,1000,2,286,0.028599999495781958,0.14279999595601112,0.11050001194234937,True,3914.2022493150675
ECC+AES-256,1000,2,287,0.02849999873433262,0.14139999984763563,0.10799999290611595,True,3914.2022493150675
ECC+AES-256,1000,2,288,0.0281000102404505,0.14050000754650682,0.10840001050382853,True,3914.2022493150675
ECC+AES-256,1000,2,289,0.027900008717551827,0.1410000113537535,0.10789999214466661,True,3914.2022493150675
ECC+AES-256,1000,2,290,0.027799993404187262,0.1412999990861863,0.10819999442901462,True,3914.2022493150675
ECC+AES-256,1000,2,291,0.02819999644998461,0.14139999984763563,0.10869999823626131,True,3914.2022493150675
ECC+AES-256,1000,2,292,0.028399997972883284,0.14150000060908496,0.10900000052060932,True,3914.2022493150675
ECC+AES-256,1000,2,293,0.0278999941656366,0.1399000029778108,0.10830000974237919,True,3914.2022493150675
ECC+AES-256,1000,2,294,0.028299997211433947,0.1416000013705343,0.10810000821948051,True,3914.2022493150675
ECC+AES-256,1000,2,295,0.027900008717551827,0.14090001059230417,0.10770000517368317,True,3914.2022493150675
ECC+AES-256,1000,2,296,0.02920000406447798,0.1407999952789396,0.10849999671336263,True,3914.2022493150675
ECC+AES-256,1000,2,297,0.028099995688535273,0.14089999604038894,0.1083999959519133,True,3914.2022493150675
ECC+AES-256,1000,2,298,0.02819999644998461,0.14630000805482268,0.10830000974237919,True,3914.2022493150675
ECC+AES-256,1000,2,299,0.027699992642737925,0.14039999223314226,0.10900000052060932,True,3914.2022493150675
ECC+AES-256,1000,2,300,0.05230000533629209,0.2055000077234581,0.1230000052601099,True,3914.2022493150675
ECC+AES-256,1000,2,301,0.05190000229049474,0.18289999570697546,0.12149999383836985,True,3914.2022493150675
ECC+AES-256,1000,2,302,0.05079999391455203,0.18220000492874533,0.12060000153724104,True,3914.2022493150675
ECC+AES-256,1000,2,303,0.04639998951461166,0.18069999350700527,0.12080000306013972,True,3914.2022493150675
ECC+AES-256,1000,2,304,0.03340000694151968,0.15189999248832464,0.11339999036863446,True,3914.2022493150675
ECC+AES-256,1000,2,305,0.031200004741549492,0.14630000805482268,0.11170000652782619,True,3914.2022493150675
ECC+AES-256,1000,2,306,0.031100003980100155,0.1453000004403293,0.10939998901449144,True,3914.2022493150675
ECC+AES-256,1000,2,307,0.02950000634882599,0.14230000670067966,0.10989999282173812,True,3914.2022493150675
ECC+AES-256,1000,2,308,0.029600007110275328,0.14139999984763563,0.109200002043508,True,3914.2022493150675
ECC+AES-256,1000,2,309,0.029499991796910763,0.14059999375604093,0.10859999747481197,True,3914.2022493150675
ECC+AES-256,1000,2,310,0.029300004825927317,0.14110001211520284,0.10830000974237919,True,3914.2022493150675
ECC+AES-256,1000,2,311,0.029600007110275328,0.14209999062586576,0.10910000128205866,True,3914.2022493150675
ECC+AES-256,1000,2,312,0.029000002541579306,0.14170000213198364,0.1083999959519133,True,3914.2022493150675
ECC+AES-256,1000,2,313,0.02920000406447798,0.14319999900180846,0.10900000052060932,True,3914.2022493150675
ECC+AES-256,1000,2,314,0.04579999949783087,0.19069999689236283,0.12379999679978937,True,3914.2022493150675
ECC+AES-256,1000,2,315,0.03239999932702631,0.1551000023027882,0.11559999256860465,True,3914.2022493150675
ECC+AES-256,1000,2,316,0.03190001007169485,0.15400000847876072,0.11410001025069505,True,3914.2022493150675
ECC+AES-256,1000,2,317,0.04299999272916466,0.17379999917466193,0.11949999316129833,True,3914.2022493150675
ECC+AES-256,1000,2,318,0.03860000288113952,0.16739999409765005,0.11700000322889537,True,3914.2022493150675
ECC+AES-256,1000,2,319,0.030099996365606785,0.14479999663308263,0.11059999815188348,True,3914.2022493150675
ECC+AES-256,1000,2,320,0.028800001018680632,0.1436000020476058,0.11020000965800136,True,3914.2022493150675
ECC+AES-256,1000,2,321,0.02849999873433262,0.14200000441633165,0.10930000280495733,True,3914.2022493150675
ECC+AES-256,1000,2,322,0.02780000795610249,0.14060000830795616,0.10900000052060932,True,3914.2022493150675
ECC+AES-256,1000,2,323,0.027999994927085936,0.14289999671746045,0.10879999899771065,True,3914.2022493150675
ECC+AES-256,1000,2,324,0.028099995688535273,0.14209999062586576,0.10889999975915998,True,3914.2022493150675
ECC+AES-256,1000,2,325,0.0278999941656366,0.1407999952789396,0.1083999959519133,True,3914.2022493150675
ECC+AES-256,1000,2,326,0.027699992642737925,0.1402000052621588,0.10790000669658184,True,3914.2022493150675
ECC+AES-256,1000,2,327,0.028599999495781958,0.14139999984763563,0.10819999442901462,True,3914.2022493150675
ECC+AES-256,1000,2,328,0.031099989428184927,0.14659999578725547,0.10930000280495733,True,3914.2022493150675
ECC+AES-256,1000,2,329,0.029400005587376654,0.16029999824240804,0.11310000263620168,True,3914.2022493150675
ECC+AES-256,1000,2,330,0.028299997211433947,0.1466999965487048,0.10939998901449144,True,3914.2022493150675
ECC+AES-256,1000,2,331,0.02849999873433262,0.14289999671746045,0.10849999671336263,True,3914.2022493150675
ECC+AES-256,1000,2,332,0.027699992642737925,0.1404999929945916,0.10900000052060932,True,3914.2022493150675
ECC+AES-256,1000,2,333,0.0278999941656366,0.1416000013705343,0.10830000974237919,True,3914.2022493150675
ECC+AES-256,1000,2,334,0.028000009479001164,0.14080000983085483,0.1078000059351325,True,3914.2022493150675
ECC+AES-256,1000,2,335,0.0281000102404505,0.14030000602360815,0.10799999290611595,True,3914.2022493150675
ECC+AES-256,1000,2,336,0.0278999941656366,0.14069999451749027,0.10809999366756529,True,3914.2022493150675
ECC+AES-256,1000,2,337,0.028099995688535273,0.15339998935814947,0.11249999806750566,True,3914.2022493150675
ECC+AES-256,1000,2,338,0.027700007194653153,0.14119999832473695,0.1083999959519133,True,3914.2022493150675
ECC+AES-256,1000,2,339,0.027300004148855805,0.14139999984763563,0.10790000669658184,True,3914.2022493150675
ECC+AES-256,1000,2,340,0.02819999644998461,0.14139999984763563,0.10830000974237919,True,3914.2022493150675
ECC+AES-256,1000,2,341,0.028000009479001164,0.14010000450070947,0.10770000517368317,True,3914.2022493150675
ECC+AES-256,1000,2,342,0.02819999644998461,0.14109999756328762,0.10720000136643648,True,3914.2022493150675
ECC+AES-256,1000,2,343,0.028299997211433947,0.14080000983085483,0.10789999214466661,True,3914.2022493150675
ECC+AES-256,1000,2,344,0.027999994927085936,0.1412999990861863,0.10959999053739011,True,3914.2022493150675
ECC+AES-256,1000,2,345,0.02780000795610249,0.13939999917056412,0.10790000669658184,True,3914.2022493150675
ECC+AES-256,1000,2,346,0.027900008717551827,0.1525000116089359,0.11430001177359372,True,3914.2022493150675
ECC+AES-256,1000,2,347,0.027700007194653153,0.14009998994879425,0.10770000517368317,True,3914.2022493150675
ECC+AES-256,1000,2,348,0.027799993404187262,0.1396000006934628,0.10729998757597059,True,3914.2022493150675
ECC+AES-256,1000,2,349,0.028700000257231295,0.142700009746477,0.10880001354962587,True,3914.2022493150675
ECC+AES-256,1000,2,350,0.028700000257231295,0.142400007462129,0.10840001050382853,True,3914.2022493150675
ECC+AES-256,1000,2,351,0.02819999644998461,0.1412999990861863,0.10869999823626131,True,3914.2022493150675
ECC+AES-256,1000,2,352,0.027699992642737925,0.14250000822357833,0.10960000508930534,True,3914.2022493150675
ECC+AES-256,1000,2,353,0.0278999941656366,0.14109999756328762,0.10829999519046396,True,3914.2022493150675
ECC+AES-256,1000,2,354,0.0281000102404505,0.14139999984763563,0.1078000059351325,True,3914.2022493150675
ECC+AES-256,1000,2,355,0.028399997972883284,0.14210000517778099,0.10880001354962587,True,3914.2022493150675
ECC+AES-256,1000,2,356,0.028099995688535273,0.1416000013705343,0.10740000288933516,True,3914.2022493150675
ECC+AES-256,1000,2,357,0.027700007194653153,0.14109999756328762,0.10910000128205866,True,3914.2022493150675
ECC+AES-256,1000,2,358,0.0278999941656366,0.14059999375604093,0.109200002043508,True,3914.2022493150675
ECC+AES-256,1000,2,359,0.02849999873433262,0.14209999062586576,0.10790000669658184,True,3914.2022493150675
ECC+AES-256,1000,2,360,0.029699993319809437,0.14730000111740083,0.1117999927373603,True,3914.2022493150675
ECC+AES-256,1000,2,361,0.030099996365606785,0.145500001963228,0.11010000889655203,True,3914.2022493150675
ECC+AES-256,1000,2,362,0.02850001328624785,0.16009999671950936,0.10930000280495733,True,3914.2022493150675
ECC+AES-256,1000,2,363,0.0281000102404505,0.14620000729337335,0.10869999823626131,True,3914.2022493150675
ECC+AES-256,1000,2,364,0.0281000102404505,0.14170000213198364,0.10889999975915998,True,3914.2022493150675
ECC+AES-256,1000,2,365,0.028099995688535273,0.1407999952789396,0.10829999519046396,True,3914.2022493150675
ECC+AES-256,1000,2,366,0.02849999873433262,0.14150000060908496,0.10869999823626131,True,3914.2022493150675
ECC+AES-256,1000,2,367,0.02819999644998461,0.14200000441633165,0.10870001278817654,True,3914.2022493150675
ECC+AES-256,1000,2,368,0.028099995688535273,0.1416000013705343,0.10889999975915998,True,3914.2022493150675
ECC+AES-256,1000,2,369,0.028700000257231295,0.14180000289343297,0.10879999899771065,True,3914.2022493150675
ECC+AES-256,1000,2,370,0.02819999644998461,0.14099999680183828,0.10830000974237919,True,3914.2022493150675
ECC+AES-256,1000,2,371,0.028099995688535273,0.1424999936716631,0.10900000052060932,True,3914.2022493150675
ECC+AES-256,1000,2,372,0.027900008717551827,0.14149998605716974,0.10900000052060932,True,3914.2022493150675
ECC+AES-256,1000,2,373,0.02819999644998461,0.1416000013705343,0.10740000288933516,True,3914.2022493150675
ECC+AES-256,1000,2,374,0.027700007194653153,0.13949999993201345,0.10790000669658184,True,3914.2022493150675
ECC+AES-256,1000,2,375,0.028599999495781958,0.14170000213198364,0.10819999442901462,True,3914.2022493150675
ECC+AES-256,1000,2,376,0.027699992642737925,0.1412999990861863,0.10910000128205866,True,3914.2022493150675
ECC+AES-256,1000,2,377,0.028599999495781958,0.1407000090694055,0.10820000898092985,True,3914.2022493150675
ECC+AES-256,1000,2,378,0.028399997972883284,0.14059999375604093,0.10820000898092985,True,3914.2022493150675
ECC+AES-256,1000,2,379,0.027799993404187262,0.14229999214876443,0.10859999747481197,True,3914.2022493150675
ECC+AES-256,1000,2,380,0.02820001100189984,0.13970000145491213,0.10770000517368317,True,3914.2022493150675
ECC+AES-256,1000,2,381,0.027900008717551827,0.14170000213198364,0.10859999747481197,True,3914.2022493150675
ECC+AES-256,1000,2,382,0.0278999941656366,0.14170000213198364,0.10850001126527786,True,3914.2022493150675
ECC+AES-256,1000,2,383,0.0278999941656366,0.14189998910296708,0.10889999975915998,True,3914.2022493150675
ECC+AES-256,1000,2,384,0.02780000795610249,0.14139999984763563,0.10879999899771065,True,3914.2022493150675
ECC+AES-256,1000,2,385,0.028800001018680632,0.1412999990861863,0.10740000288933516,True,3914.2022493150675
ECC+AES-256,1000,2,386,0.027599991881288588,0.14040000678505749,0.1078000059351325,True,3914.2022493150675
ECC+AES-256,1000,2,387,0.027900008717551827,0.14369998825713992,0.10740000288933516,True,3914.2022493150675
ECC+AES-256,1000,2,388,0.028099995688535273,0.1416000013705343,0.10889999975915998,True,3914.2022493150675
ECC+AES-256,1000,2,389,0.027999994927085936,0.14080000983085483,0.10810000821948051,True,3914.2022493150675
ECC+AES-256,1000,2,390,0.027599991881288588,0.1453000004403293,0.10769999062176794,True,3914.2022493150675
ECC+AES-256,1000,2,391,0.028299997211433947,0.1412999990861863,0.10819999442901462,True,3914.2022493150675
ECC+AES-256,1000,2,392,0.027799993404187262,0.14150000060908496,0.10900000052060932,True,3914.2022493150675
ECC+AES-256,1000,2,393,0.0312999909510836,0.14629999350290745,0.11170000652782619,True,3914.2022493150675
ECC+AES-256,1000,2,394,0.03229999856557697,0.1508999994257465,0.11169999197591096,True,3914.2022493150675
ECC+AES-256,1000,2,395,0.029499991796910763,0.15589999384246767,0.10930000280495733,True,3914.2022493150675
ECC+AES-256,1000,2,396,0.028300011763349175,0.14230000670067966,0.10960000508930534,True,3914.2022493150675
ECC+AES-256,1000,2,397,0.028399997972883284,0.1419000036548823,0.10870001278817654,True,3914.2022493150675
ECC+AES-256,1000,2,398,0.028399997972883284,0.14069999451749027,0.10829999519046396,True,3914.2022493150675
ECC+AES-256,1000,2,399,0.02849999873433262,0.1419000036548823,0.1083999959519133,True,3914.2022493150675
ECC+AES-256,1000,2,400,0.02849999873433262,0.14150000060908496,0.10819999442901462,True,3914.2022493150675
ECC+AES-256,1000,2,401,0.02819999644998461,0.1396000006934628,0.10699999984353781,True,3914.2022493150675
ECC+AES-256,1000,2,402,0.028399997972883284,0.14000000373926014,0.10880001354962587,True,3914.2022493150675
ECC+AES-256,1000,2,403,0.027999994927085936,0.14099999680183828,0.10849999671336263,True,3914.2022493150675
ECC+AES-256,1000,2,404,0.02819999644998461,0.14000000373926014,0.10849999671336263,True,3914.2022493150675
ECC+AES-256,1000,2,405,0.027799993404187262,0.14009998994879425,0.10849999671336263,True,3914.2022493150675
ECC+AES-256,1000,2,406,0.02780000795610249,0.1412999990861863,0.11360000644344836,True,3914.2022493150675
ECC+AES-256,1000,2,407,0.027700007194653153,0.14089999604038894,0.10859999747481197,True,3914.2022493150675
ECC+AES-256,1000,2,408,0.02819999644998461,0.13980000221636146,0.1075999898603186,True,3914.2022493150675
ECC+AES-256,1000,2,409,0.027900008717551827,0.1396000006934628,0.10750000365078449,True,3914.2022493150675
ECC+AES-256,1000,2,410,0.027700007194653153,0.14089999604038894,0.10799999290611595,True,3914.2022493150675
ECC+AES-256,1000,2,411,0.027799993404187262,0.14150000060908496,0.10789999214466661,True,3914.2022493150675
ECC+AES-256,1000,2,412,0.027700007194653153,0.14050000754650682,0.10859999747481197,True,3914.2022493150675
ECC+AES-256,1000,2,413,0.027699992642737925,0.1404999929945916,0.10790000669658184,True,3914.2022493150675
ECC+AES-256,1000,2,414,0.028000009479001164,0.13939999917056412,0.10740000288933516,True,3914.2022493150675
ECC+AES-256,1000,2,415,0.027600006433203816,0.1399000029778108,0.109200002043508,True,3914.2022493150675
ECC+AES-256,1000,2,416,0.027700007194653153,0.14099999680183828,0.1083999959519133,True,3914.2022493150675
ECC+AES-256,1000,2,417,0.027699992642737925,0.1404999929945916,0.10720000136643648,True,3914.2022493150675
ECC+AES-256,1000,2,418,0.02820001100189984,0.13970000145491213,0.10750000365078449,True,3914.2022493150675
ECC+AES-256,1000,2,419,0.0278999941656366,0.14099999680183828,0.10789999214466661,True,3914.2022493150675
ECC+AES-256,1000,2,420,0.028000009479001164,0.1407000090694055,0.10900000052060932,True,3914.2022493150675
ECC+AES-256,1000,2,421,0.027799993404187262,0.1412999990861863,0.10809999366756529,True,3914.2022493150675
ECC+AES-256,1000,2,422,0.027799993404187262,0.14000000373926014,0.10750000365078449,True,3914.2022493150675
ECC+AES-256,1000,2,423,0.02819999644998461,0.14119999832473695,0.10879999899771065,True,3914.2022493150675
ECC+AES-256,1000,2,424,0.027799993404187262,0.14099999680183828,0.1083999959519133,True,3914.2022493150675
ECC+AES-256,1000,2,425,0.028000009479001164,0.1410000113537535,0.10840001050382853,True,3914.2022493150675
ECC+AES-256,1000,2,426,0.06679999933112413,0.15359999088104814,0.11569999333005399,True,3914.2022493150675
ECC+AES-256,1000,2,427,0.035899996873922646,0.16140000661835074,0.11079999967478216,True,3914.2022493150675
ECC+AES-256,1000,2,428,0.029799994081258774,0.14309999824035913,0.10980000661220402,True,3914.2022493150675
ECC+AES-256,1000,2,429,0.02819999644998461,0.14139999984763563,0.10829999519046396,True,3914.2022493150675
ECC+AES-256,1000,2,430,0.028099995688535273,0.13949999993201345,0.10849999671336263,True,3914.2022493150675
ECC+AES-256,1000,2,431,0.03029999788850546,0.14449999434873462,0.10960000508930534,True,3914.2022493150675
ECC+AES-256,1000,2,432,0.02890000178012997,0.14429999282583594,0.1100999943446368,True,3914.2022493150675
ECC+AES-256,1000,2,433,0.02929999027401209,0.14620000729337335,0.11010000889655203,True,3914.2022493150675
ECC+AES-256,1000,2,434,0.028599999495781958,0.1453000004403293,0.10789999214466661,True,3914.2022493150675
ECC+AES-256,1000,2,435,0.02780000795610249,0.1416000013705343,0.10930000280495733,True,3914.2022493150675
ECC+AES-256,1000,2,436,0.028099995688535273,0.1402000052621588,0.10859999747481197,True,3914.2022493150675
ECC+AES-256,1000,2,437,0.028800001018680632,0.1416000013705343,0.10809999366756529,True,3914.2022493150675
ECC+AES-256,1000,2,438,0.02819999644998461,0.14109999756328762,0.10879999899771065,True,3914.2022493150675
ECC+AES-256,1000,2,439,0.028300011763349175,0.14250000822357833,0.10910000128205866,True,3914.2022493150675
ECC+AES-256,1000,2,440,0.027600006433203816,0.14090001059230417,0.10760000441223383,True,3914.2022493150675
ECC+AES-256,1000,2,441,0.027999994927085936,0.15199999324977398,0.1100999943446368,True,3914.2022493150675
ECC+AES-256,1000,2,442,0.027699992642737925,0.1399000029778108,0.10789999214466661,True,3914.2022493150675
ECC+AES-256,1000,2,443,0.027999994927085936,0.14119999832473695,0.10900000052060932,True,3914.2022493150675
ECC+AES-256,1000,2,444,0.027399990358389914,0.14030000602360815,0.10750000365078449,True,3914.2022493150675
ECC+AES-256,1000,2,445,0.0278999941656366,0.1404999929945916,0.1078000059351325,True,3914.2022493150675
ECC+AES-256,1000,2,446,0.0278999941656366,0.13980000221636146,0.10889999975915998,True,3914.2022493150675
ECC+AES-256,1000,2,447,0.027700007194653153,0.14089999604038894,0.1083999959519133,True,3914.2022493150675
ECC+AES-256,1000,2,448,0.027799993404187262,0.14029999147169292,0.10849999671336263,True,3914.2022493150675
ECC+AES-256,1000,2,449,0.0278999941656366,0.14060000830795616,0.1078000059351325,True,3914.2022493150675
ECC+AES-256,1000,2,450,0.027699992642737925,0.14289999671746045,0.10740000288933516,True,3914.2022493150675
ECC+AES-256,1000,2,451,0.05990000499878079,0.14630000805482268,0.10999999358318746,True,3914.2022493150675
ECC+AES-256,1000,2,452,0.029000002541579306,0.14199998986441642,0.10879999899771065,True,3914.2022493150675
ECC+AES-256,1000,2,453,0.02819999644998461,0.14130001363810152,0.10830000974237919,True,3914.2022493150675
ECC+AES-256,1000,2,454,0.02849999873433262,0.1410000113537535,0.10830000974237919,True,3914.2022493150675
ECC+AES-256,1000,2,455,0.027799993404187262,0.16630000027362257,0.26059999072458595,True,3914.2022493150675
ECC+AES-256,1000,2,456,0.040400002035312355,0.15929999062791467,0.11539999104570597,True,3914.2022493150675
ECC+AES-256,1000,2,457,0.03090000245720148,0.1517000055173412,0.1109000004362315,True,3914.2022493150675
ECC+AES-256,1000,2,458,0.030199997127056122,0.14689999807160348,0.11069999891333282,True,3914.2022493150675
ECC+AES-256,1000,2,459,0.028800001018680632,0.14289999671746045,0.109500004327856,True,3914.2022493150675
ECC+AES-256,1000,2,460,0.028599999495781958,0.14109999756328762,0.10939998901449144,True,3914.2022493150675
ECC+AES-256,1000,2,461,0.028700000257231295,0.14119999832473695,0.10880001354962587,True,3914.2022493150675
ECC+AES-256,1000,2,462,0.028700000257231295,0.14189998910296708,0.10859999747481197,True,3914.2022493150675
ECC+AES-256,1000,2,463,0.02819999644998461,0.14170000213198364,0.10790000669658184,True,3914.2022493150675
ECC+AES-256,1000,2,464,0.02820001100189984,0.142700009746477,0.1086000120267272,True,3914.2022493150675
ECC+AES-256,1000,2,465,0.028299997211433947,0.14150000060908496,0.10830000974237919,True,3914.2022493150675
ECC+AES-256,1000,2,466,0.028099995688535273,0.14150000060908496,0.10910000128205866,True,3914.2022493150675
ECC+AES-256,1000,2,467,0.028299997211433947,0.14050000754650682,0.10770000517368317,True,3914.2022493150675
ECC+AES-256,1000,2,468,0.028099995688535273,0.14039999223314226,0.10789999214466661,True,3914.2022493150675
ECC+AES-256,1000,2,469,0.028700000257231295,0.14180000289343297,0.10849999671336263,True,3914.2022493150675
ECC+AES-256,1000,2,470,0.028599999495781958,0.14200000441633165,0.10829999519046396,True,3914.2022493150675
ECC+AES-256,1000,2,471,0.02820001100189984,0.1412999990861863,0.10849999671336263,True,3914.2022493150675
ECC+AES-256,1000,2,472,0.028099995688535273,0.14170000213198364,0.10970000585075468,True,3914.2022493150675
ECC+AES-256,1000,2,473,0.027900008717551827,0.14209999062586576,0.10859999747481197,True,3914.2022493150675
ECC+AES-256,1000,2,474,0.0278999941656366,0.14039999223314226,0.10760000441223383,True,3914.2022493150675
ECC+AES-256,1000,2,475,0.027600006433203816,0.1416000013705343,0.1078000059351325,True,3914.2022493150675
ECC+AES-256,1000,2,476,0.027699992642737925,0.14099999680183828,0.11139998969156295,True,3914.2022493150675
ECC+AES-256,1000,2,477,0.02819999644998461,0.14149998605716974,0.10840001050382853,True,3914.2022493150675
ECC+AES-256,1000,2,478,0.0278999941656366,0.14209999062586576,0.10800000745803118,True,3914.2022493150675
ECC+AES-256,1000,2,479,0.027900008717551827,0.1407999952789396,0.10819999442901462,True,3914.2022493150675
ECC+AES-256,1000,2,480,0.027799993404187262,0.1402000052621588,0.10809999366756529,True,3914.2022493150675
ECC+AES-256,1000,2,481,0.028099995688535273,0.14099999680183828,0.10799999290611595,True,3914.2022493150675
ECC+AES-256,1000,2,482,0.02780000795610249,0.14060000830795616,0.10829999519046396,True,3914.2022493150675
ECC+AES-256,1000,2,483,0.027700007194653153,0.14199998986441642,0.10829999519046396,True,3914.2022493150675
ECC+AES-256,1000,2,484,0.028399997972883284,0.1412999990861863,0.10770000517368317,True,3914.2022493150675
ECC+AES-256,1000,2,485,0.02780000795610249,0.14119999832473695,0.10830000974237919,True,3914.2022493150675
ECC+AES-256,1000,2,486,0.029100003303028643,0.15240001084748656,0.1075999898603186,True,3914.2022493150675
ECC+AES-256,1000,2,487,0.027600006433203816,0.13970000145491213,0.10820000898092985,True,3914.2022493150675
ECC+AES-256,1000,2,488,0.02749999111983925,0.14010000450070947,0.1086000120267272,True,3914.2022493150675
ECC+AES-256,1000,2,489,0.028099995688535273,0.14059999375604093,0.10889999975915998,True,3914.2022493150675
ECC+AES-256,1000,2,490,0.028599999495781958,0.14109999756328762,0.10900000052060932,True,3914.2022493150675
ECC+AES-256,1000,2,491,0.027600006433203816,0.1407000090694055,0.14420000661630183,True,3914.2022493150675
ECC+AES-256,1000,2,492,0.031400006264448166,0.14359998749569058,0.10859999747481197,True,3914.2022493150675
ECC+AES-256,1000,2,493,0.028700000257231295,0.14379998901858926,0.10930000280495733,True,3914.2022493150675
ECC+AES-256,1000,2,494,0.0278999941656366,0.14180000289343297,0.10879999899771065,True,3914.2022493150675
ECC+AES-256,1000,2,495,0.02819999644998461,0.14180000289343297,0.10889999975915998,True,3914.2022493150675
ECC+AES-256,1000,2,496,0.027999994927085936,0.1412999990861863,0.10900000052060932,True,3914.2022493150675
ECC+AES-256,1000,2,497,0.02819999644998461,0.14150000060908496,0.10879999899771065,True,3914.2022493150675
ECC+AES-256,1000,2,498,0.028399997972883284,0.14109999756328762,0.10900000052060932,True,3914.2022493150675
ECC+AES-256,1000,2,499,0.027599991881288588,0.14009998994879425,0.10720000136643648,True,3914.2022493150675
ECC+AES-256,1000,2,500,0.027700007194653153,0.13980000221636146,0.10869999823626131,True,3914.2022493150675
ECC+AES-256,1000,2,501,0.02749999111983925,0.1407999952789396,0.10869999823626131,True,3914.2022493150675
ECC+AES-256,1000,2,502,0.027699992642737925,0.14109999756328762,0.10770000517368317,True,3914.2022493150675
ECC+AES-256,1000,2,503,0.028599999495781958,0.14280001050792634,0.10909998673014343,True,3914.2022493150675
ECC+AES-256,1000,2,504,0.027799993404187262,0.15490000077988952,0.11289998656138778,True,3914.2022493150675
ECC+AES-256,1000,2,505,0.028099995688535273,0.145500001963228,0.10879999899771065,True,3914.2022493150675
ECC+AES-256,1000,2,506,0.028000009479001164,0.14040000678505749,0.10859999747481197,True,3914.2022493150675
ECC+AES-256,1000,2,507,0.027599991881288588,0.14170000213198364,0.11059999815188348,True,3914.2022493150675
ECC+AES-256,1000,2,508,0.027999994927085936,0.14089999604038894,0.1083999959519133,True,3914.2022493150675
ECC+AES-256,1000,2,509,0.02749999111983925,0.13970000145491213,0.10779999138321728,True,3914.2022493150675
ECC+AES-256,1000,2,510,0.027699992642737925,0.14010000450070947,0.10849999671336263,True,3914.2022493150675
ECC+AES-256,1000,2,511,0.027699992642737925,0.14109999756328762,0.10849999671336263,True,3914.2022493150675
ECC+AES-256,1000,2,512,0.027599991881288588,0.13970000145491213,0.15139998868107796,True,3914.2022493150675
ECC+AES-256,1000,2,513,0.029999995604157448,0.14540000120177865,0.10829999519046396,True,3914.2022493150675
ECC+AES-256,1000,2,514,0.027599991881288588,0.14080000983085483,0.10850001126527786,True,3914.2022493150675
ECC+AES-256,1000,2,515,0.027700007194653153,0.1412999990861863,0.10850001126527786,True,3914.2022493150675
ECC+AES-256,1000,2,516,0.027700007194653153,0.14089999604038894,0.10849999671336263,True,3914.2022493150675
ECC+AES-256,1000,2,517,0.027999994927085936,0.14069999451749027,0.10810000821948051,True,3914.2022493150675
ECC+AES-256,1000,2,518,0.02850001328624785,0.14200000441633165,0.10849999671336263,True,3914.2022493150675
ECC+AES-256,1000,2,519,0.027699992642737925,0.1402000052621588,0.10879999899771065,True,3914.2022493150675
ECC+AES-256,1000,2,520,0.02819999644998461,0.14069999451749027,0.10849999671336263,True,3914.2022493150675
ECC+AES-256,1000,2,521,0.027600006433203816,0.1412999990861863,0.10840001050382853,True,3914.2022493150675
ECC+AES-256,1000,2,522,0.028699985705316067,0.15110000094864517,0.1083999959519133,True,3914.2022493150675
ECC+AES-256,1000,2,523,0.0278999941656366,0.14029999147169292,0.10869999823626131,True,3914.2022493150675
ECC+AES-256,1000,2,524,0.027900008717551827,0.13899999612476677,0.10760000441223383,True,3914.2022493150675
ECC+AES-256,1000,2,525,0.0278999941656366,0.19330000213813037,0.11340000492054969,True,3914.2022493150675
ECC+AES-256,1000,2,526,0.037300007534213364,0.15870000061113387,0.11320000339765102,True,3914.2022493150675
ECC+AES-256,1000,2,527,0.03160000778734684,0.1449999981559813,0.10970000585075468,True,3914.2022493150675
ECC+AES-256,1000,2,528,0.030199997127056122,0.14350000128615648,0.109500004327856,True,3914.2022493150675
ECC+AES-256,1000,2,529,0.029000002541579306,0.14579998969566077,0.10859999747481197,True,3914.2022493150675
ECC+AES-256,1000,2,530,0.028599999495781958,0.14340000052470714,0.11079999967478216,True,3914.2022493150675
ECC+AES-256,1000,2,531,0.029000002541579306,0.1453000004403293,0.10900000052060932,True,3914.2022493150675
ECC+AES-256,1000,2,532,0.0278999941656366,0.1407999952789396,0.109200002043508,True,3914.2022493150675
ECC+AES-256,1000,2,533,0.0281000102404505,0.13919999764766544,0.10819999442901462,True,3914.2022493150675
ECC+AES-256,1000,2,534,0.027900008717551827,0.14039999223314226,0.10900000052060932,True,3914.2022493150675
ECC+AES-256,1000,2,535,0.028399997972883284,0.14350000128615648,0.10999999358318746,True,3914.2022493150675
ECC+AES-256,1000,2,536,0.028599999495781958,0.15469999925699085,0.1137000072048977,True,3914.2022493150675
ECC+AES-256,1000,2,537,0.0281000102404505,0.14099999680183828,0.1078000059351325,True,3914.2022493150675
ECC+AES-256,1000,2,538,0.02780000795610249,0.13949999993201345,0.10720000136643648,True,3914.2022493150675
ECC+AES-256,1000,2,539,0.028099995688535273,0.1421999913873151,0.10829999519046396,True,3914.2022493150675
ECC+AES-256,1000,2,540,0.0278999941656366,0.1424999936716631,0.109200002043508,True,3914.2022493150675
ECC+AES-256,1000,2,541,0.0278999941656366,0.1419000036548823,0.10889999975915998,True,3914.2022493150675
ECC+AES-256,1000,2,542,0.027700007194653153,0.14109999756328762,0.10809999366756529,True,3914.2022493150675
ECC+AES-256,1000,2,543,0.027999994927085936,0.14059999375604093,0.10820000898092985,True,3914.2022493150675
ECC+AES-256,1000,2,544,0.02780000795610249,0.1407000090694055,0.10900000052060932,True,3914.2022493150675
ECC+AES-256,1000,2,545,0.027999994927085936,0.1472000003559515,0.10849999671336263,True,3914.2022493150675
ECC+AES-256,1000,2,546,0.028000009479001164,0.14099999680183828,0.10869999823626131,True,3914.2022493150675
ECC+AES-256,1000,2,547,0.027799993404187262,0.14099999680183828,0.10849999671336263,True,3914.2022493150675
ECC+AES-256,1000,2,548,0.0278999941656366,0.14029999147169292,0.10790000669658184,True,3914.2022493150675
ECC+AES-256,1000,2,549,0.027999994927085936,0.1402000052621588,0.10869999823626131,True,3914.2022493150675
ECC+AES-256,1000,2,550,0.028800001018680632,0.14200000441633165,0.11049999739043415,True,3914.2022493150675
ECC+AES-256,1000,2,551,0.02780000795610249,0.14099999680183828,0.10940000356640667,True,3914.2022493150675
ECC+AES-256,1000,2,552,0.027699992642737925,0.14210000517778099,0.10850001126527786,True,3914.2022493150675
ECC+AES-256,1000,2,553,0.027599991881288588,0.1449999981559813,0.10889999975915998,True,3914.2022493150675
ECC+AES-256,1000,2,554,0.02780000795610249,0.15190000704023987,0.1100999943446368,True,3914.2022493150675
ECC+AES-256,1000,2,555,0.02749999111983925,0.1740000006975606,0.1171000039903447,True,3914.2022493150675
ECC+AES-256,1000,2,556,0.056199991377070546,0.20500000391621143,0.12120000610593706,True,3914.2022493150675
ECC+AES-256,1000,2,557,0.035599994589574635,0.15539999003522098,0.1112000027205795,True,3914.2022493150675
ECC+AES-256,1000,2,558,0.02890000178012997,0.14279999595601112,0.10829999519046396,True,3914.2022493150675
ECC+AES-256,1000,2,559,0.028299997211433947,0.14109999756328762,0.109500004327856,True,3914.2022493150675
ECC+AES-256,1000,2,560,0.028700000257231295,0.14259999443311244,0.10819999442901462,True,3914.2022493150675
ECC+AES-256,1000,2,561,0.02819999644998461,0.14090001059230417,0.1083999959519133,True,3914.2022493150675
ECC+AES-256,1000,2,562,0.028000009479001164,0.14080000983085483,0.10820000898092985,True,3914.2022493150675
ECC+AES-256,1000,2,563,0.0281000102404505,0.14119999832473695,0.10930000280495733,True,3914.2022493150675
ECC+AES-256,1000,2,564,0.027900008717551827,0.14319999900180846,0.1083999959519133,True,3914.2022493150675
ECC+AES-256,1000,2,565,0.027900008717551827,0.14139999984763563,0.10849999671336263,True,3914.2022493150675
ECC+AES-256,1000,2,566,0.027799993404187262,0.14069999451749027,0.10900000052060932,True,3914.2022493150675
ECC+AES-256,1000,2,567,0.027599991881288588,0.14069999451749027,0.1078000059351325,True,3914.2022493150675
ECC+AES-256,1000,2,568,0.027900008717551827,0.14050000754650682,0.10809999366756529,True,3914.2022493150675
ECC+AES-256,1000,2,569,0.028299997211433947,0.14620000729337335,0.10710000060498714,True,3914.2022493150675
ECC+AES-256,1000,2,570,0.0278999941656366,0.14030000602360815,0.10699999984353781,True,3914.2022493150675
ECC+AES-256,1000,2,571,0.02780000795610249,0.13910001143813133,0.1075999898603186,True,3914.2022493150675
ECC+AES-256,1000,2,572,0.0278999941656366,0.1419000036548823,0.10890001431107521,True,3914.2022493150675
ECC+AES-256,1000,2,573,0.027700007194653153,0.14120001287665218,0.10800000745803118,True,3914.2022493150675
ECC+AES-256,1000,2,574,0.02819999644998461,0.14119999832473695,0.10770000517368317,True,3914.2022493150675
ECC+AES-256,1000,2,575,0.027699992642737925,0.1396000006934628,0.10710000060498714,True,3914.2022493150675
ECC+AES-256,1000,2,576,0.027600006433203816,0.13949999993201345,0.10750000365078449,True,3914.2022493150675
ECC+AES-256,1000,2,577,0.027700007194653153,0.1421999913873151,0.1083999959519133,True,3914.2022493150675
ECC+AES-256,1000,2,578,0.027999994927085936,0.15379999240394682,0.11579999409150332,True,3914.2022493150675
ECC+AES-256,1000,2,579,0.027699992642737925,0.14010000450070947,0.10779999138321728,True,3914.2022493150675
ECC+AES-256,1000,2,580,0.02750000567175448,0.1416000013705343,0.10699999984353781,True,3914.2022493150675
ECC+AES-256,1000,2,581,0.0281000102404505,0.1407000090694055,0.10740000288933516,True,3914.2022493150675
ECC+AES-256,1000,2,582,0.027699992642737925,0.14139999984763563,0.10819999442901462,True,3914.2022493150675
ECC+AES-256,1000,2,583,0.027400004910305142,0.1421999913873151,0.10790000669658184,True,3914.2022493150675
ECC+AES-256,1000,2,584,0.02749999111983925,0.14059999375604093,0.10770000517368317,True,3914.2022493150675
ECC+AES-256,1000,2,585,0.02750000567175448,0.14319999900180846,0.10819999442901462,True,3914.2022493150675
ECC+AES-256,1000,2,586,0.027599991881288588,0.1407999952789396,0.10940000356640667,True,3914.2022493150675
ECC+AES-256,1000,2,587,0.11839999933727086,0.23240000882651657,0.1334000116912648,True,3914.2022493150675
ECC+AES-256,1000,2,588,0.04050000279676169,0.15209999401122332,0.11210000957362354,True,3914.2022493150675
ECC+AES-256,1000,2,589,0.03290000313427299,0.14370000280905515,0.10989999282173812,True,3914.2022493150675
ECC+AES-256,1000,2,590,0.028599999495781958,0.1436000020476058,0.10880001354962587,True,3914.2022493150675
ECC+AES-256,1000,2,591,0.028299997211433947,0.14149998605716974,0.10889999975915998,True,3914.2022493150675
ECC+AES-256,1000,2,592,0.027799993404187262,0.1419000036548823,0.10900000052060932,True,3914.2022493150675
ECC+AES-256,1000,2,593,0.027900008717551827,0.1416000013705343,0.10809999366756529,True,3914.2022493150675
ECC+AES-256,1000,2,594,0.028099995688535273,0.14039999223314226,0.10699999984353781,True,3914.2022493150675
ECC+AES-256,1000,2,595,0.028000009479001164,0.1396999869029969,0.10810000821948051,True,3914.2022493150675
ECC+AES-256,1000,2,596,0.027900008717551827,0.14220000593923032,0.109200002043508,True,3914.2022493150675
ECC+AES-256,1000,2,597,0.027900008717551827,0.1396000006934628,0.10830000974237919,True,3914.2022493150675
ECC+AES-256,1000,2,598,0.02780000795610249,0.13980000221636146,0.1078000059351325,True,3914.2022493150675
ECC+AES-256,1000,2,599,0.028399997972883284,0.14139999984763563,0.10879999899771065,True,3914.2022493150675
ECC+AES-256,1000,2,600,0.028399997972883284,0.14229999214876443,0.10889999975915998,True,3914.2022493150675
ECC+AES-256,1000,2,601,0.027699992642737925,0.14150000060908496,0.10849999671336263,True,3914.2022493150675
ECC+AES-256,1000,2,602,0.027700007194653153,0.14180000289343297,0.10879999899771065,True,3914.2022493150675
ECC+AES-256,1000,2,603,0.027900008717551827,0.15240001084748656,0.11079999967478216,True,3914.2022493150675
ECC+AES-256,1000,2,604,0.02819999644998461,0.14089999604038894,0.10910000128205866,True,3914.2022493150675
ECC+AES-256,1000,2,605,0.02819999644998461,0.14010000450070947,0.10760000441223383,True,3914.2022493150675
ECC+AES-256,1000,2,606,0.0281000102404505,0.1410000113537535,0.10889999975915998,True,3914.2022493150675
ECC+AES-256,1000,2,607,0.027900008717551827,0.14109999756328762,0.10799999290611595,True,3914.2022493150675
ECC+AES-256,1000,2,608,0.027600006433203816,0.14109999756328762,0.10790000669658184,True,3914.2022493150675
ECC+AES-256,1000,2,609,0.027900008717551827,0.14010000450070947,0.10819999442901462,True,3914.2022493150675
ECC+AES-256,1000,2,610,0.027600006433203816,0.1399000029778108,0.10799999290611595,True,3914.2022493150675
ECC+AES-256,1000,2,611,0.02749999111983925,0.13939999917056412,0.1083999959519133,True,3914.2022493150675
ECC+AES-256,1000,2,612,0.027400004910305142,0.14879999798722565,0.10869999823626131,True,3914.2022493150675
ECC+AES-256,1000,2,613,0.028599999495781958,0.14170000213198364,0.10889999975915998,True,3914.2022493150675
ECC+AES-256,1000,2,614,0.027699992642737925,0.14089999604038894,0.10859999747481197,True,3914.2022493150675
ECC+AES-256,1000,2,615,0.02749999111983925,0.13980000221636146,0.10719998681452125,True,3914.2022493150675
ECC+AES-256,1000,2,616,0.02749999111983925,0.13939999917056412,0.10819999442901462,True,3914.2022493150675
ECC+AES-256,1000,2,617,0.027600006433203816,0.14540000120177865,0.10790000669658184,True,3914.2022493150675
ECC+AES-256,1000,2,618,0.027999994927085936,0.14029999147169292,0.10830000974237919,True,3914.2022493150675
ECC+AES-256,1000,2,619,0.026699999580159783,0.13609998859465122,0.10410000686533749,True,3914.2022493150675
ECC+AES-256,1000,2,620,0.026699999580159783,0.17899999511428177,0.10940000356640667,True,3914.2022493150675
ECC+AES-256,1000,2,621,0.033200005418621004,0.1551999885123223,0.11219999578315765,True,3914.2022493150675
ECC+AES-256,1000,2,622,0.027400004910305142,0.13819999003317207,0.10570000449661165,True,3914.2022493150675
ECC+AES-256,1000,2,623,0.026900001103058457,0.13630000466946512,0.10459999612066895,True,3914.2022493150675
ECC+AES-256,1000,2,624,0.027599991881288588,0.13880000915378332,0.10560000373516232,True,3914.2022493150675
ECC+AES-256,1000,2,625,0.02720000338740647,0.13710001076105982,0.1053000014508143,True,3914.2022493150675
ECC+AES-256,1000,2,626,0.027600006433203816,0.13580000086221844,0.10399999155197293,True,3914.2022493150675
ECC+AES-256,1000,2,627,0.02720000338740647,0.1357000001007691,0.10459999612066895,True,3914.2022493150675
ECC+AES-256,1000,2,628,0.026699999580159783,0.13689999468624592,0.10479999764356762,True,3914.2022493150675
ECC+AES-256,1000,2,629,0.02720000338740647,0.13719999697059393,0.10540000221226364,True,3914.2022493150675
ECC+AES-256,1000,2,630,0.02750000567175448,0.14200000441633165,0.10509999992791563,True,3914.2022493150675
ECC+AES-256,1000,2,631,0.026900001103058457,0.13619998935610056,0.10430000838823617,True,3914.2022493150675
ECC+AES-256,1000,2,632,0.027600006433203816,0.13690000923816115,0.1053000014508143,True,3914.2022493150675
ECC+AES-256,1000,2,633,0.02720000338740647,0.13750001380685717,0.10509999992791563,True,3914.2022493150675
ECC+AES-256,1000,2,634,0.02720000338740647,0.13749999925494194,0.10549998842179775,True,3914.2022493150675
ECC+AES-256,1000,2,635,0.027300004148855805,0.13700000999961048,0.10520000068936497,True,3914.2022493150675
ECC+AES-256,1000,2,636,0.02710000262595713,0.1365999924018979,0.1049999991664663,True,3914.2022493150675
ECC+AES-256,1000,2,637,0.02750000567175448,0.1373999984934926,0.10579999070614576,True,3914.2022493150675
ECC+AES-256,1000,2,638,0.02720000338740647,0.13690000923816115,0.10489999840501696,True,3914.2022493150675
ECC+AES-256,1000,2,639,0.02720000338740647,0.1436000020476058,0.10479999764356762,True,3914.2022493150675
ECC+AES-256,1000,2,640,0.026699999580159783,0.1373999984934926,0.10590000601951033,True,3914.2022493150675
ECC+AES-256,1000,2,641,0.02689998655114323,0.1365000061923638,0.10479999764356762,True,3914.2022493150675
ECC+AES-256,1000,2,642,0.026900001103058457,0.1365000061923638,0.1066999975591898,True,3914.2022493150675
ECC+AES-256,1000,2,643,0.02710000262595713,0.13590000162366778,0.10540000221226364,True,3914.2022493150675
ECC+AES-256,1000,2,644,0.026699999580159783,0.13749999925494194,0.10410000686533749,True,3914.2022493150675
ECC+AES-256,1000,2,645,0.027399990358389914,0.13780000153928995,0.10449999535921961,True,3914.2022493150675
ECC+AES-256,1000,2,646,0.02680000034160912,0.1362000039080158,0.10600000678095967,True,3914.2022493150675
ECC+AES-256,1000,2,647,0.026900001103058457,0.13530001160688698,0.10410000686533749,True,3914.2022493150675
ECC+AES-256,1000,2,648,0.02750000567175448,0.14709999959450215,0.10900000052060932,True,3914.2022493150675
ECC+AES-256,1000,2,649,0.027300004148855805,0.14229999214876443,0.10789999214466661,True,3914.2022493150675
ECC+AES-256,1000,2,650,0.02780000795610249,0.13689999468624592,0.1049999991664663,True,3914.2022493150675
ECC+AES-256,1000,2,651,0.027299989596940577,0.13630000466946512,0.10469999688211828,True,3914.2022493150675
ECC+AES-256,1000,2,652,0.027099988074041903,0.13640000543091446,0.10739998833741993,True,3914.2022493150675
ECC+AES-256,1000,2,653,0.026900001103058457,0.13630000466946512,0.10540000221226364,True,3914.2022493150675
ECC+AES-256,1000,2,654,0.026900001103058457,0.13670000771526247,0.1041999930748716,True,3914.2022493150675
ECC+AES-256,1000,2,655,0.02689998655114323,0.19200000679120421,0.15210000856313854,True,3914.2022493150675
ECC+AES-256,1000,2,656,0.0354999938281253,0.14400000509340316,0.10729998757597059,True,3914.2022493150675
ECC+AES-256,1000,2,657,0.02780000795610249,0.14509999891743064,0.10550000297371298,True,3914.2022493150675
ECC+AES-256,1000,2,658,0.027600006433203816,0.13669999316334724,0.10509999992791563,True,3914.2022493150675
ECC+AES-256,1000,2,659,0.027400004910305142,0.13700000999961048,0.10409999231342226,True,3914.2022493150675
ECC+AES-256,1000,2,660,0.02720000338740647,0.13559999933931977,0.10509999992791563,True,3914.2022493150675
ECC+AES-256,1000,2,661,0.027400004910305142,0.1362999901175499,0.10450000991113484,True,3914.2022493150675
ECC+AES-256,1000,2,662,0.026699999580159783,0.1362000039080158,0.1049999991664663,True,3914.2022493150675
ECC+AES-256,1000,2,663,0.02680000034160912,0.13640000543091446,0.10550000297371298,True,3914.2022493150675
ECC+AES-256,1000,2,664,0.026399997295811772,0.1362999901175499,0.1044000091496855,True,3914.2022493150675
ECC+AES-256,1000,2,665,0.026699999580159783,0.1353999978164211,0.12460000289138407,True,3914.2022493150675
ECC+AES-256,1000,2,666,0.03090000245720148,0.15440001152455807,0.10750000365078449,True,3914.2022493150675
ECC+AES-256,1000,2,667,0.027400004910305142,0.13889999536331743,0.10520000068936497,True,3914.2022493150675
ECC+AES-256,1000,2,668,0.02720000338740647,0.13919999764766544,0.10640000982675701,True,3914.2022493150675
ECC+AES-256,1000,2,669,0.027600006433203816,0.13769998622592539,0.10710000060498714,True,3914.2022493150675
ECC+AES-256,1000,2,670,0.027300004148855805,0.1370999962091446,0.10620000830385834,True,3914.2022493150675
ECC+AES-256,1000,2,671,0.02689998655114323,0.13660000695381314,0.1053000014508143,True,3914.2022493150675
ECC+AES-256,1000,2,672,0.026900001103058457,0.13699999544769526,0.1044000091496855,True,3914.2022493150675
ECC+AES-256,1000,2,673,0.027000001864507794,0.13499999477062374,0.10470001143403351,True,3914.2022493150675
ECC+AES-256,1000,2,674,0.02720000338740647,0.13610000314656645,0.1049999991664663,True,3914.2022493150675
ECC+AES-256,1000,2,675,0.026999987312592566,0.14810000720899552,0.10879999899771065,True,3914.2022493150675
ECC+AES-256,1000,2,676,0.02780000795610249,0.13720001152250916,0.10470001143403351,True,3914.2022493150675
ECC+AES-256,1000,2,677,0.027699992642737925,0.13849999231752008,0.10489999840501696,True,3914.2022493150675
ECC+AES-256,1000,2,678,0.027400004910305142,0.13669999316334724,0.10479999764356762,True,3914.2022493150675
ECC+AES-256,1000,2,679,0.027000001864507794,0.13710001076105982,0.10450000991113484,True,3914.2022493150675
ECC+AES-256,1000,2,680,0.02680000034160912,0.13639999087899923,0.10469999688211828,True,3914.2022493150675
ECC+AES-256,1000,2,681,0.02780000795610249,0.13870000839233398,0.10699999984353781,True,3914.2022493150675
ECC+AES-256,1000,2,682,0.027399990358389914,0.13669999316334724,0.1053000014508143,True,3914.2022493150675
ECC+AES-256,1000,2,683,0.02710000262595713,0.13649999164044857,0.10450000991113484,True,3914.2022493150675
ECC+AES-256,1000,2,684,0.027000001864507794,0.14089999604038894,0.10460001067258418,True,3914.2022493150675
ECC+AES-256,1000,2,685,0.027000001864507794,0.1360000023851171,0.10459999612066895,True,3914.2022493150675
ECC+AES-256,1000,2,686,0.026900001103058457,0.13519999629352242,0.10380000458098948,True,3914.2022493150675
ECC+AES-256,1000,2,687,0.027000001864507794,0.13530001160688698,0.10380000458098948,True,3914.2022493150675
ECC+AES-256,1000,2,688,0.02750000567175448,0.13649999164044857,0.10509999992791563,True,3914.2022493150675
ECC+AES-256,1000,2,689,0.02720000338740647,0.1353999978164211,0.10449999535921961,True,3914.2022493150675
ECC+AES-256,1000,2,690,0.026699999580159783,0.17020000086631626,0.11189999349880964,True,3914.2022493150675
ECC+AES-256,1000,2,691,0.031200004741549492,0.14449999434873462,0.11109998740721494,True,3914.2022493150675
ECC+AES-256,1000,2,692,0.029800008633174002,0.14879999798722565,0.10640000982675701,True,3914.2022493150675
ECC+AES-256,1000,2,693,0.028700000257231295,0.14119999832473695,0.10689999908208847,True,3914.2022493150675
ECC+AES-256,1000,2,694,0.027600006433203816,0.13919999764766544,0.1058999914675951,True,3914.2022493150675
ECC+AES-256,1000,2,695,0.026599998818710446,0.13590000162366778,0.10429999383632094,True,3914.2022493150675
ECC+AES-256,1000,2,696,0.026900001103058457,0.1365999924018979,0.1053000014508143,True,3914.2022493150675
ECC+AES-256,1000,2,697,0.02719998883549124,0.13830000534653664,0.10439999459777027,True,3914.2022493150675
ECC+AES-256,1000,2,698,0.02710000262595713,0.13639999087899923,0.10489999840501696,True,3914.2022493150675
ECC+AES-256,1000,2,699,0.02720000338740647,0.14819999341852963,0.10509999992791563,True,3914.2022493150675
ECC+AES-256,1000,2,700,0.027400004910305142,0.1385000068694353,0.10569998994469643,True,3914.2022493150675
ECC+AES-256,1000,2,701,0.027299989596940577,0.13810000382363796,0.10559998918324709,True,3914.2022493150675
ECC+AES-256,1000,2,702,0.026900001103058457,0.13770000077784061,0.10550000297371298,True,3914.2022493150675
ECC+AES-256,1000,2,703,0.027300004148855805,0.13619998935610056,0.10400000610388815,True,3914.2022493150675
ECC+AES-256,1000,2,704,0.027300004148855805,0.13719999697059393,0.1053000014508143,True,3914.2022493150675
ECC+AES-256,1000,2,705,0.028000009479001164,0.13860000763088465,0.10590000601951033,True,3914.2022493150675
ECC+AES-256,1000,2,706,0.027699992642737925,0.13580000086221844,0.10449999535921961,True,3914.2022493150675
ECC+AES-256,1000,2,707,0.02680000034160912,0.1362000039080158,0.10439999459777027,True,3914.2022493150675
ECC+AES-256,1000,2,708,0.02749999111983925,0.13719999697059393,0.10520000068936497,True,3914.2022493150675
ECC+AES-256,1000,2,709,0.02710000262595713,0.1373000122839585,0.10470001143403351,True,3914.2022493150675
ECC+AES-256,1000,2,710,0.02720000338740647,0.13670000771526247,0.10399999155197293,True,3914.2022493150675
ECC+AES-256,1000,2,711,0.02719998883549124,0.13670000771526247,0.10479999764356762,True,3914.2022493150675
ECC+AES-256,1000,2,712,0.026900001103058457,0.13580000086221844,0.1049999991664663,True,3914.2022493150675
ECC+AES-256,1000,2,713,0.027399990358389914,0.13669999316334724,0.10410000686533749,True,3914.2022493150675
ECC+AES-256,1000,2,714,0.027400004910305142,0.13749999925494194,0.1041999930748716,True,3914.2022493150675
ECC+AES-256,1000,2,715,0.027000001864507794,0.1466000103391707,0.10350000229664147,True,3914.2022493150675
ECC+AES-256,1000,2,716,0.026900001103058457,0.1357000001007691,0.10469999688211828,True,3914.2022493150675
ECC+AES-256,1000,2,717,0.026900001103058457,0.13700000999961048,0.10520000068936497,True,3914.2022493150675
ECC+AES-256,1000,2,718,0.02689998655114323,0.13549999857787043,0.10520000068936497,True,3914.2022493150675
ECC+AES-256,1000,2,719,0.026699999580159783,0.1370999962091446,0.10550000297371298,True,3914.2022493150675
ECC+AES-256,1000,2,720,0.02680000034160912,0.13549999857787043,0.3240000078221783,True,3914.2022493150675
ECC+AES-256,1000,2,721,0.03999999898951501,0.16549999418202788,0.1145999995060265,True,3914.2022493150675
ECC+AES-256,1000,2,722,0.030000010156072676,0.14260000898502767,0.10819999442901462,True,3914.2022493150675
ECC+AES-256,1000,2,723,0.027900008717551827,0.13919999764766544,0.10560000373516232,True,3914.2022493150675
ECC+AES-256,1000,2,724,0.02720000338740647,0.13859999307896942,0.10469999688211828,True,3914.2022493150675
ECC+AES-256,1000,2,725,0.02749999111983925,0.13729999773204327,0.1049999991664663,True,3914.2022493150675
ECC+AES-256,1000,2,726,0.027000001864507794,0.13769998622592539,0.11000000813510269,True,3914.2022493150675
ECC+AES-256,1000,2,727,0.027399990358389914,0.13749999925494194,0.10479999764356762,True,3914.2022493150675
ECC+AES-256,1000,2,728,0.02749999111983925,0.13760000001639128,0.10509999992791563,True,3914.2022493150675
ECC+AES-256,1000,2,729,0.027399990358389914,0.14089999604038894,0.10550000297371298,True,3914.2022493150675
ECC+AES-256,1000,2,730,0.027400004910305142,0.13599998783320189,0.10479999764356762,True,3914.2022493150675
ECC+AES-256,1000,2,731,0.028099995688535273,0.14009998994879425,0.10580000525806099,True,3914.2022493150675
ECC+AES-256,1000,2,732,0.02750000567175448,0.15069999790284783,0.10579999070614576,True,3914.2022493150675
ECC+AES-256,1000,2,733,0.027599991881288588,0.13810000382363796,0.1053000014508143,True,3914.2022493150675
ECC+AES-256,1000,2,734,0.02720000338740647,0.13689999468624592,0.1049999991664663,True,3914.2022493150675
ECC+AES-256,1000,2,735,0.027299989596940577,0.13610000314656645,0.10509999992791563,True,3914.2022493150675
ECC+AES-256,1000,2,736,0.02710000262595713,0.13640000543091446,0.10520000068936497,True,3914.2022493150675
ECC+AES-256,1000,2,737,0.027300004148855805,0.13699999544769526,0.10550000297371298,True,3914.2022493150675
ECC+AES-256,1000,2,738,0.026699999580159783,0.14220000593923032,0.1044000091496855,True,3914.2022493150675
ECC+AES-256,1000,2,739,0.02710000262595713,0.13639999087899923,0.10540000221226364,True,3914.2022493150675
ECC+AES-256,1000,2,740,0.028000009479001164,0.13860000763088465,0.10489999840501696,True,3914.2022493150675
ECC+AES-256,1000,2,741,0.02710000262595713,0.14819999341852963,0.10770000517368317,True,3914.2022493150675
ECC+AES-256,1000,2,742,0.02710000262595713,0.13630000466946512,0.10469999688211828,True,3914.2022493150675
ECC+AES-256,1000,2,743,0.027000001864507794,0.1362999901175499,0.10439999459777027,True,3914.2022493150675
ECC+AES-256,1000,2,744,0.027000001864507794,0.13630000466946512,0.1053000014508143,True,3914.2022493150675
ECC+AES-256,1000,2,745,0.027699992642737925,0.1382999907946214,0.10550000297371298,True,3914.2022493150675
ECC+AES-256,1000,2,746,0.02710000262595713,0.13760000001639128,0.1053000014508143,True,3914.2022493150675
ECC+AES-256,1000,2,747,0.027000001864507794,0.1362000039080158,0.10479999764356762,True,3914.2022493150675
ECC+AES-256,1000,2,748,0.027000001864507794,0.13669999316334724,0.10460001067258418,True,3914.2022493150675
ECC+AES-256,1000,2,749,0.026900001103058457,0.13580000086221844,0.1044000091496855,True,3914.2022493150675
ECC+AES-256,1000,2,750,0.027300004148855805,0.1348000077996403,0.10429999383632094,True,3914.2022493150675
ECC+AES-256,1000,2,751,0.02710000262595713,0.1353999978164211,0.10489999840501696,True,3914.2022493150675
ECC+AES-256,1000,2,752,0.027400004910305142,0.13750001380685717,0.10600000678095967,True,3914.2022493150675
ECC+AES-256,1000,2,753,0.02710000262595713,0.13669999316334724,0.10550000297371298,True,3914.2022493150675
ECC+AES-256,1000,2,754,0.02720000338740647,0.13640000543091446,0.10459999612066895,True,3914.2022493150675
ECC+AES-256,1000,2,755,0.02680000034160912,0.17210000078193843,0.10869999823626131,True,3914.2022493150675
ECC+AES-256,1000,2,756,0.038699989090673625,0.15659999917261302,0.112900001113303,True,3914.2022493150675
ECC+AES-256,1000,2,757,0.034199998481199145,0.1514999894425273,0.1083999959519133,True,3914.2022493150675
ECC+AES-256,1000,2,758,0.0295999925583601,0.13899999612476677,0.10609999299049377,True,3914.2022493150675
ECC+AES-256,1000,2,759,0.029100003303028643,0.1399000029778108,0.10679999832063913,True,3914.2022493150675
ECC+AES-256,1000,2,760,0.029799994081258774,0.14420000661630183,0.11310000263620168,True,3914.2022493150675
ECC+AES-256,1000,2,761,0.030800001695752144,0.14459999511018395,0.10710000060498714,True,3914.2022493150675
ECC+AES-256,1000,2,762,0.02989999484270811,0.1399000029778108,0.1053000014508143,True,3914.2022493150675
ECC+AES-256,1000,2,763,0.02780000795610249,0.1365999924018979,0.10439999459777027,True,3914.2022493150675
ECC+AES-256,1000,2,764,0.028099995688535273,0.15249999705702066,0.11199999426025897,True,3914.2022493150675
ECC+AES-256,1000,2,765,0.03090000245720148,0.1390999968862161,0.10559998918324709,True,3914.2022493150675
ECC+AES-256,1000,2,766,0.02719998883549124,0.13500000932253897,0.10380000458098948,True,3914.2022493150675
ECC+AES-256,1000,2,767,0.026900001103058457,0.1345999917248264,0.10469999688211828,True,3914.2022493150675
ECC+AES-256,1000,2,768,0.027000001864507794,0.1368000084767118,0.10549998842179775,True,3914.2022493150675
ECC+AES-256,1000,2,769,0.026699999580159783,0.1353999978164211,0.14459999511018395,True,3914.2022493150675
ECC+AES-256,1000,2,770,0.03259998629800975,0.1449999981559813,0.10710000060498714,True,3914.2022493150675
ECC+AES-256,1000,2,771,0.027599991881288588,0.13699999544769526,0.10479999764356762,True,3914.2022493150675
ECC+AES-256,1000,2,772,0.027999994927085936,0.1373999984934926,0.10459999612066895,True,3914.2022493150675
ECC+AES-256,1000,2,773,0.02710000262595713,0.14910000027157366,0.10569998994469643,True,3914.2022493150675
ECC+AES-256,1000,2,774,0.02670001413207501,0.13660000695381314,0.10509999992791563,True,3914.2022493150675
ECC+AES-256,1000,2,775,0.02710000262595713,0.13619998935610056,0.10570000449661165,True,3914.2022493150675
ECC+AES-256,1000,2,776,0.027400004910305142,0.13639999087899923,0.10430000838823617,True,3914.2022493150675
ECC+AES-256,1000,2,777,0.027799993404187262,0.13729999773204327,0.10479999764356762,True,3914.2022493150675
ECC+AES-256,1000,2,778,0.027400004910305142,0.13689999468624592,0.1049999991664663,True,3914.2022493150675
ECC+AES-256,1000,2,779,0.027000001864507794,0.13520001084543765,0.10480001219548285,True,3914.2022493150675
ECC+AES-256,1000,2,780,0.02710000262595713,0.13729999773204327,0.10590000601951033,True,3914.2022493150675
ECC+AES-256,1000,2,781,0.027300004148855805,0.13710001076105982,0.10480001219548285,True,3914.2022493150675
ECC+AES-256,1000,2,782,0.02750000567175448,0.14850001025479287,0.1083999959519133,True,3914.2022493150675
ECC+AES-256,1000,2,783,0.02680000034160912,0.13549999857787043,0.10479999764356762,True,3914.2022493150675
ECC+AES-256,1000,2,784,0.026799985789693892,0.1357000001007691,0.10439999459777027,True,3914.2022493150675
ECC+AES-256,1000,2,785,0.026900001103058457,0.13530001160688698,0.10470001143403351,True,3914.2022493150675
ECC+AES-256,1000,2,786,0.026599998818710446,0.16840000171214342,0.10910000128205866,True,3914.2022493150675
ECC+AES-256,1000,2,787,0.027799993404187262,0.13869999384041876,0.10619999375194311,True,3914.2022493150675
ECC+AES-256,1000,2,788,0.027699992642737925,0.13970000145491213,0.10679999832063913,True,3914.2022493150675
ECC+AES-256,1000,2,789,0.026900001103058457,0.13719999697059393,0.10580000525806099,True,3914.2022493150675
ECC+AES-256,1000,2,790,0.027400004910305142,0.1365000061923638,0.10580000525806099,True,3914.2022493150675
ECC+AES-256,1000,2,791,0.027000001864507794,0.148899998748675,0.1049999991664663,True,3914.2022493150675
ECC+AES-256,1000,2,792,0.026900001103058457,0.13699999544769526,0.10479999764356762,True,3914.2022493150675
ECC+AES-256,1000,2,793,0.026699999580159783,0.13640000543091446,0.10449999535921961,True,3914.2022493150675
ECC+AES-256,1000,2,794,0.026900001103058457,0.1357000001007691,0.1049999991664663,True,3914.2022493150675
ECC+AES-256,1000,2,795,0.026900001103058457,0.13640000543091446,0.1049999991664663,True,3914.2022493150675
ECC+AES-256,1000,2,796,0.026699999580159783,0.13660000695381314,0.10460001067258418,True,3914.2022493150675
ECC+AES-256,1000,2,797,0.027000001864507794,0.1353999978164211,0.1044000091496855,True,3914.2022493150675
ECC+AES-256,1000,2,798,0.02710000262595713,0.13630000466946512,0.10509999992791563,True,3914.2022493150675
ECC+AES-256,1000,2,799,0.027300004148855805,0.13719999697059393,0.10479999764356762,True,3914.2022493150675
ECC+AES-256,1000,2,800,0.026900001103058457,0.14819999341852963,0.11170000652782619,True,3914.2022493150675
ECC+AES-256,1000,2,801,0.02680000034160912,0.13639999087899923,0.10470001143403351,True,3914.2022493150675
ECC+AES-256,1000,2,802,0.02720000338740647,0.13679999392479658,0.10520000068936497,True,3914.2022493150675
ECC+AES-256,1000,2,803,0.026699999580159783,0.13580000086221844,0.10429999383632094,True,3914.2022493150675
ECC+AES-256,1000,2,804,0.027299989596940577,0.13830000534653664,0.10459999612066895,True,3914.2022493150675
ECC+AES-256,1000,2,805,0.026900001103058457,0.1370999962091446,0.10469999688211828,True,3914.2022493150675
ECC+AES-256,1000,2,806,0.027000001864507794,0.13649999164044857,0.10540000221226364,True,3914.2022493150675
ECC+AES-256,1000,2,807,0.02710000262595713,0.1373999984934926,0.1049999991664663,True,3914.2022493150675
ECC+AES-256,1000,2,808,0.027000001864507794,0.14089999604038894,0.10540000221226364,True,3914.2022493150675
ECC+AES-256,1000,2,809,0.027399990358389914,0.14239999291021377,0.10450000991113484,True,3914.2022493150675
ECC+AES-256,1000,2,810,0.02719998883549124,0.1368000084767118,0.10460001067258418,True,3914.2022493150675
ECC+AES-256,1000,2,811,0.02689998655114323,0.13660000695381314,0.10479999764356762,True,3914.2022493150675
ECC+AES-256,1000,2,812,0.02680000034160912,0.1370999962091446,0.10520000068936497,True,3914.2022493150675
ECC+AES-256,1000,2,813,0.02680000034160912,0.13640000543091446,0.10479999764356762,True,3914.2022493150675
ECC+AES-256,1000,2,814,0.026900001103058457,0.13549999857787043,0.10439999459777027,True,3914.2022493150675
ECC+AES-256,1000,2,815,0.02720000338740647,0.13669999316334724,0.10430000838823617,True,3914.2022493150675
ECC+AES-256,1000,2,816,0.026900001103058457,0.13580000086221844,0.10460001067258418,True,3914.2022493150675
ECC+AES-256,1000,2,817,0.02680000034160912,0.13580000086221844,0.10469999688211828,True,3914.2022493150675
ECC+AES-256,1000,2,818,0.027000001864507794,0.1483999949414283,0.10969999129883945,True,3914.2022493150675
ECC+AES-256,1000,2,819,0.026599998818710446,0.1362000039080158,0.10490001295693219,True,3914.2022493150675
ECC+AES-256,1000,2,820,0.027000001864507794,0.13729999773204327,0.10550000297371298,True,3914.2022493150675
ECC+AES-256,1000,2,821,0.02720000338740647,0.13639999087899923,0.15490000077988952,True,3914.2022493150675
ECC+AES-256,1000,2,822,0.03220001235604286,0.14370000280905515,0.10900000052060932,True,3914.2022493150675
ECC+AES-256,1000,2,823,0.02849999873433262,0.14180000289343297,0.10619999375194311,True,3914.2022493150675
ECC+AES-256,1000,2,824,0.0278999941656366,0.14730000111740083,0.10649999603629112,True,3914.2022493150675
ECC+AES-256,1000,2,825,0.027699992642737925,0.1368000084767118,0.10560000373516232,True,3914.2022493150675
ECC+AES-256,1000,2,826,0.027599991881288588,0.14879999798722565,0.10600000678095967,True,3914.2022493150675
ECC+AES-256,1000,2,827,0.02710000262595713,0.1373999984934926,0.10560000373516232,True,3914.2022493150675
ECC+AES-256,1000,2,828,0.026799985789693892,0.13870000839233398,0.10630000906530768,True,3914.2022493150675
ECC+AES-256,1000,2,829,0.027400004910305142,0.13729999773204327,0.10490001295693219,True,3914.2022493150675
ECC+AES-256,1000,2,830,0.026699999580159783,0.13520001084543765,0.10479999764356762,True,3914.2022493150675
ECC+AES-256,1000,2,831,0.027000001864507794,0.1357000001007691,0.10379999002907425,True,3914.2022493150675
ECC+AES-256,1000,2,832,0.027300004148855805,0.1373999984934926,0.10550000297371298,True,3914.2022493150675
ECC+AES-256,1000,2,833,0.02720000338740647,0.13699999544769526,0.10439999459777027,True,3914.2022493150675
ECC+AES-256,1000,2,834,0.02720000338740647,0.13649999164044857,0.10370000381954014,True,3914.2022493150675
ECC+AES-256,1000,2,835,0.0281000102404505,0.13760000001639128,0.10410000686533749,True,3914.2022493150675
ECC+AES-256,1000,2,836,0.02720000338740647,0.1373999984934926,0.10479999764356762,True,3914.2022493150675
ECC+AES-256,1000,2,837,0.02680000034160912,0.13679999392479658,0.10459999612066895,True,3914.2022493150675
ECC+AES-256,1000,2,838,0.02720000338740647,0.13640000543091446,0.10509999992791563,True,3914.2022493150675
ECC+AES-256,1000,2,839,0.02720000338740647,0.13589998707175255,0.10460001067258418,True,3914.2022493150675
ECC+AES-256,1000,2,840,0.02720000338740647,0.14180000289343297,0.10540000221226364,True,3914.2022493150675
ECC+AES-256,1000,2,841,0.027300004148855805,0.13720001152250916,0.10509999992791563,True,3914.2022493150675
ECC+AES-256,1000,2,842,0.027000001864507794,0.13729999773204327,0.10549998842179775,True,3914.2022493150675
ECC+AES-256,1000,2,843,0.02710000262595713,0.13700000999961048,0.10520000068936497,True,3914.2022493150675
ECC+AES-256,1000,2,844,0.02719998883549124,0.14790000568609685,0.10500001371838152,True,3914.2022493150675
ECC+AES-256,1000,2,845,0.02720000338740647,0.1370999962091446,0.1053000014508143,True,3914.2022493150675
ECC+AES-256,1000,2,846,0.026900001103058457,0.13660000695381314,0.10509999992791563,True,3914.2022493150675
ECC+AES-256,1000,2,847,0.02680000034160912,0.13640000543091446,0.10560000373516232,True,3914.2022493150675
ECC+AES-256,1000,2,848,0.027400004910305142,0.13669999316334724,0.1053000014508143,True,3914.2022493150675
ECC+AES-256,1000,2,849,0.02719998883549124,0.13760000001639128,0.10540000221226364,True,3914.2022493150675
ECC+AES-256,1000,2,850,0.026599998818710446,0.13639999087899923,0.10550000297371298,True,3914.2022493150675
ECC+AES-256,1000,2,851,0.02720000338740647,0.13590000162366778,0.10460001067258418,True,3914.2022493150675
ECC+AES-256,1000,2,852,0.027599991881288588,0.13580000086221844,0.10649999603629112,True,3914.2022493150675
ECC+AES-256,1000,2,853,0.027000001864507794,0.13679999392479658,0.10520000068936497,True,3914.2022493150675
ECC+AES-256,1000,2,854,0.026900001103058457,0.13580000086221844,0.10439999459777027,True,3914.2022493150675
ECC+AES-256,1000,2,855,0.026699999580159783,0.13619998935610056,0.10420000762678683,True,3914.2022493150675
ECC+AES-256,1000,2,856,0.07059999916236848,0.21309999283403158,0.11979999544564635,True,3914.2022493150675
ECC+AES-256,1000,2,857,0.04290000651963055,0.17520000983495265,0.11900000390596688,True,3914.2022493150675
ECC+AES-256,1000,2,858,0.031200004741549492,0.14599999121855944,0.109200002043508,True,3914.2022493150675
ECC+AES-256,1000,2,859,0.028599999495781958,0.14199998986441642,0.10749998909886926,True,3914.2022493150675
ECC+AES-256,1000,2,860,0.028399997972883284,0.14040000678505749,0.10889999975915998,True,3914.2022493150675
ECC+AES-256,1000,2,861,0.027300004148855805,0.13819999003317207,0.1053000014508143,True,3914.2022493150675
ECC+AES-256,1000,2,862,0.027600006433203816,0.14039999223314226,0.10570000449661165,True,3914.2022493150675
ECC+AES-256,1000,2,863,0.02710000262595713,0.13919999764766544,0.10509999992791563,True,3914.2022493150675
ECC+AES-256,1000,2,864,0.02710000262595713,0.13810000382363796,0.10560000373516232,True,3914.2022493150675
ECC+AES-256,1000,2,865,0.02720000338740647,0.13800000306218863,0.10559998918324709,True,3914.2022493150675
ECC+AES-256,1000,2,866,0.02710000262595713,0.13660000695381314,0.10520000068936497,True,3914.2022493150675
ECC+AES-256,1000,2,867,0.028299997211433947,0.13860000763088465,0.10540000221226364,True,3914.2022493150675
ECC+AES-256,1000,2,868,0.02710000262595713,0.1379000023007393,0.10549998842179775,True,3914.2022493150675
ECC+AES-256,1000,2,869,0.02719998883549124,0.1379000023007393,0.10549998842179775,True,3914.2022493150675
ECC+AES-256,1000,2,870,0.02750000567175448,0.14910000027157366,0.1049999991664663,True,3914.2022493150675
ECC+AES-256,1000,2,871,0.027300004148855805,0.13690000923816115,0.10569998994469643,True,3914.2022493150675
ECC+AES-256,1000,2,872,0.02710000262595713,0.14010000450070947,0.10479999764356762,True,3914.2022493150675
ECC+AES-256,1000,2,873,0.02720000338740647,0.13599998783320189,0.1053000014508143,True,3914.2022493150675
ECC+AES-256,1000,2,874,0.02680000034160912,0.1362000039080158,0.10459999612066895,True,3914.2022493150675
ECC+AES-256,1000,2,875,0.02649999805726111,0.13479999324772507,0.10390000534243882,True,3914.2022493150675
ECC+AES-256,1000,2,876,0.02680000034160912,0.13609998859465122,0.10490001295693219,True,3914.2022493150675
ECC+AES-256,1000,2,877,0.02720000338740647,0.1379000023007393,0.10410000686533749,True,3914.2022493150675
ECC+AES-256,1000,2,878,0.02689998655114323,0.13610000314656645,0.10439999459777027,True,3914.2022493150675
ECC+AES-256,1000,2,879,0.02719998883549124,0.13670000771526247,0.10449999535921961,True,3914.2022493150675
ECC+AES-256,1000,2,880,0.02710000262595713,0.1472000003559515,0.10570000449661165,True,3914.2022493150675
ECC+AES-256,1000,2,881,0.02689998655114323,0.13610000314656645,0.10560000373516232,True,3914.2022493150675
ECC+AES-256,1000,2,882,0.032199997804127634,0.14479999663308263,0.10660001134965569,True,3914.2022493150675
ECC+AES-256,1000,2,883,0.027300004148855805,0.13669999316334724,0.10439999459777027,True,3914.2022493150675
ECC+AES-256,1000,2,884,0.027599991881288588,0.13630000466946512,0.10599999222904444,True,3914.2022493150675
ECC+AES-256,1000,2,885,0.02710000262595713,0.13749999925494194,0.1041999930748716,True,3914.2022493150675
ECC+AES-256,1000,2,886,0.027599991881288588,0.13749999925494194,0.10560000373516232,True,3914.2022493150675
ECC+AES-256,1000,2,887,0.02710000262595713,0.13670000771526247,0.10479999764356762,True,3914.2022493150675
ECC+AES-256,1000,2,888,0.026699999580159783,0.13590000162366778,0.10750000365078449,True,3914.2022493150675
ECC+AES-256,1000,2,889,0.02719998883549124,0.13640000543091446,0.10489999840501696,True,3914.2022493150675
ECC+AES-256,1000,2,890,0.02680000034160912,0.13529999705497175,0.10550000297371298,True,3914.2022493150675
ECC+AES-256,1000,2,891,0.026900001103058457,0.1360000023851171,0.1049999991664663,True,3914.2022493150675
ECC+AES-256,1000,2,892,0.037300007534213364,0.15920000441838056,0.11190000805072486,True,3914.2022493150675
ECC+AES-256,1000,2,893,0.029699993319809437,0.14259999443311244,0.10710000060498714,True,3914.2022493150675
ECC+AES-256,1000,2,894,0.02819999644998461,0.1390999968862161,0.10629999451339245,True,3914.2022493150675
ECC+AES-256,1000,2,895,0.027700007194653153,0.13760000001639128,0.10570000449661165,True,3914.2022493150675
ECC+AES-256,1000,2,896,0.027600006433203816,0.13839999155607074,0.10590000601951033,True,3914.2022493150675
ECC+AES-256,1000,2,897,0.02720000338740647,0.13779998698737472,0.10540000221226364,True,3914.2022493150675
ECC+AES-256,1000,2,898,0.02749999111983925,0.1483000087318942,0.11150000500492752,True,3914.2022493150675
ECC+AES-256,1000,2,899,0.027799993404187262,0.13830000534653664,0.10479999764356762,True,3914.2022493150675
ECC+AES-256,1000,2,900,0.02710000262595713,0.1357000001007691,0.10430000838823617,True,3914.2022493150675
ECC+AES-256,1000,2,901,0.02720000338740647,0.13590000162366778,0.10479999764356762,True,3914.2022493150675
ECC+AES-256,1000,2,902,0.027600006433203816,0.13670000771526247,0.1053000014508143,True,3914.2022493150675
ECC+AES-256,1000,2,903,0.027099988074041903,0.1382000045850873,0.10559998918324709,True,3914.2022493150675
ECC+AES-256,1000,2,904,0.027400004910305142,0.14229999214876443,0.1112000027205795,True,3914.2022493150675
ECC+AES-256,1000,2,905,0.027400004910305142,0.13649999164044857,0.10439999459777027,True,3914.2022493150675
ECC+AES-256,1000,2,906,0.02720000338740647,0.1365999924018979,0.10520000068936497,True,3914.2022493150675
ECC+AES-256,1000,2,907,0.02750000567175448,0.1404999929945916,0.10580000525806099,True,3914.2022493150675
ECC+AES-256,1000,2,908,0.02720000338740647,0.13640000543091446,0.1049999991664663,True,3914.2022493150675
ECC+AES-256,1000,2,909,0.027000001864507794,0.13780000153928995,0.10540000221226364,True,3914.2022493150675
ECC+AES-256,1000,2,910,0.02720000338740647,0.13610000314656645,0.10450000991113484,True,3914.2022493150675
ECC+AES-256,1000,2,911,0.027099988074041903,0.13640000543091446,0.10409999231342226,True,3914.2022493150675
ECC+AES-256,1000,2,912,0.02749999111983925,0.13800000306218863,0.10639999527484179,True,3914.2022493150675
ECC+AES-256,1000,2,913,0.027000001864507794,0.1362999901175499,0.10600000678095967,True,3914.2022493150675
ECC+AES-256,1000,2,914,0.027000001864507794,0.13649999164044857,0.1049999991664663,True,3914.2022493150675
ECC+AES-256,1000,2,915,0.02680000034160912,0.1373000122839585,0.10560000373516232,True,3914.2022493150675
ECC+AES-256,1000,2,916,0.026900001103058457,0.14790000568609685,0.10449999535921961,True,3914.2022493150675
ECC+AES-256,1000,2,917,0.027000001864507794,0.13690000923816115,0.10449999535921961,True,3914.2022493150675
ECC+AES-256,1000,2,918,0.026900001103058457,0.13679999392479658,0.1041999930748716,True,3914.2022493150675
ECC+AES-256,1000,2,919,0.02710000262595713,0.13590000162366778,0.10409999231342226,True,3914.2022493150675
ECC+AES-256,1000,2,920,0.02649999805726111,0.1362999901175499,0.1053000014508143,True,3914.2022493150675
ECC+AES-256,1000,2,921,0.02680000034160912,0.1348000077996403,0.1049999991664663,True,3914.2022493150675
ECC+AES-256,1000,2,922,0.027000001864507794,0.13590000162366778,0.10459999612066895,True,3914.2022493150675
ECC+AES-256,1000,2,923,0.026699999580159783,0.1360000023851171,0.10479999764356762,True,3914.2022493150675
ECC+AES-256,1000,2,924,0.026699999580159783,0.1360000023851171,0.10459999612066895,True,3914.2022493150675
ECC+AES-256,1000,2,925,0.02710000262595713,0.1353999978164211,0.10429999383632094,True,3914.2022493150675
ECC+AES-256,1000,2,926,0.02670001413207501,0.13519999629352242,0.10430000838823617,True,3914.2022493150675
ECC+AES-256,1000,2,927,0.02649999805726111,0.17160001152660698,0.11199999426025897,True,3914.2022493150675
ECC+AES-256,1000,2,928,0.02990000939462334,0.13970000145491213,0.10540000221226364,True,3914.2022493150675
ECC+AES-256,1000,2,929,0.027799993404187262,0.1360000023851171,0.10509999992791563,True,3914.2022493150675
ECC+AES-256,1000,2,930,0.027699992642737925,0.13800000306218863,0.1053000014508143,True,3914.2022493150675
ECC+AES-256,1000,2,931,0.0281000102404505,0.13770000077784061,0.10509999992791563,True,3914.2022493150675
ECC+AES-256,1000,2,932,0.02720000338740647,0.13689999468624592,0.10540000221226364,True,3914.2022493150675
ECC+AES-256,1000,2,933,0.02720000338740647,0.13809998927172273,0.10590000601951033,True,3914.2022493150675
ECC+AES-256,1000,2,934,0.02689998655114323,0.14170000213198364,0.10549998842179775,True,3914.2022493150675
ECC+AES-256,1000,2,935,0.026900001103058457,0.13529999705497175,0.10509999992791563,True,3914.2022493150675
ECC+AES-256,1000,2,936,0.027600006433203816,0.13609998859465122,0.10570000449661165,True,3914.2022493150675
ECC+AES-256,1000,2,937,0.026900001103058457,0.13580000086221844,0.10509999992791563,True,3914.2022493150675
ECC+AES-256,1000,2,938,0.02749999111983925,0.13649999164044857,0.10930000280495733,True,3914.2022493150675
ECC+AES-256,1000,2,939,0.026900001103058457,0.1357000001007691,0.10460001067258418,True,3914.2022493150675
ECC+AES-256,1000,2,940,0.02680000034160912,0.13529999705497175,0.1272000081371516,True,3914.2022493150675
ECC+AES-256,1000,2,941,0.028299997211433947,0.13929999840911478,0.10560000373516232,True,3914.2022493150675
ECC+AES-256,1000,2,942,0.02719998883549124,0.13640000543091446,0.10509999992791563,True,3914.2022493150675
ECC+AES-256,1000,2,943,0.02780000795610249,0.148899998748675,0.10580000525806099,True,3914.2022493150675
ECC+AES-256,1000,2,944,0.026900001103058457,0.13599998783320189,0.10489999840501696,True,3914.2022493150675
ECC+AES-256,1000,2,945,0.02710000262595713,0.13690000923816115,0.1049999991664663,True,3914.2022493150675
ECC+AES-256,1000,2,946,0.02719998883549124,0.13610000314656645,0.1049999991664663,True,3914.2022493150675
ECC+AES-256,1000,2,947,0.026900001103058457,0.135600013891235,0.10520000068936497,True,3914.2022493150675
ECC+AES-256,1000,2,948,0.02710000262595713,0.13530001160688698,0.10399999155197293,True,3914.2022493150675
ECC+AES-256,1000,2,949,0.027000001864507794,0.13590000162366778,0.10449999535921961,True,3914.2022493150675
ECC+AES-256,1000,2,950,0.02680000034160912,0.13590000162366778,0.10529998689889908,True,3914.2022493150675
ECC+AES-256,1000,2,951,0.02680000034160912,0.13590000162366778,0.10369998926762491,True,3914.2022493150675
ECC+AES-256,1000,2,952,0.02680000034160912,0.13719999697059393,0.10550000297371298,True,3914.2022493150675
ECC+AES-256,1000,2,953,0.026599998818710446,0.13630000466946512,0.1053000014508143,True,3914.2022493150675
ECC+AES-256,1000,2,954,0.026599998818710446,0.13540001236833632,0.10509999992791563,True,3914.2022493150675
ECC+AES-256,1000,2,955,0.02680000034160912,0.13520001084543765,0.10520000068936497,True,3914.2022493150675
ECC+AES-256,1000,2,956,0.026599998818710446,0.13590000162366778,0.10450000991113484,True,3914.2022493150675
ECC+AES-256,1000,2,957,0.02649999805726111,0.13549999857787043,0.10520000068936497,True,3914.2022493150675
ECC+AES-256,1000,2,958,0.02689998655114323,0.13590000162366778,0.1049999991664663,True,3914.2022493150675
ECC+AES-256,1000,2,959,0.03169999399688095,0.14799999189563096,0.10819999442901462,True,3914.2022493150675
ECC+AES-256,1000,2,960,0.02929999027401209,0.13949999993201345,0.10639999527484179,True,3914.2022493150675
ECC+AES-256,1000,2,961,0.02820001100189984,0.1399000029778108,0.10570000449661165,True,3914.2022493150675
ECC+AES-256,1000,2,962,0.02849999873433262,0.17949999892152846,0.11760000779759139,True,3914.2022493150675
ECC+AES-256,1000,2,963,0.035899996873922646,0.14959998952690512,0.10819999442901462,True,3914.2022493150675
ECC+AES-256,1000,2,964,0.030700000934302807,0.13949999993201345,0.10629999451339245,True,3914.2022493150675
ECC+AES-256,1000,2,965,0.029100003303028643,0.14230000670067966,0.10809999366756529,True,3914.2022493150675
ECC+AES-256,1000,2,966,0.029600007110275328,0.13899999612476677,0.10639999527484179,True,3914.2022493150675
ECC+AES-256,1000,2,967,0.028800001018680632,0.13690000923816115,0.1049999991664663,True,3914.2022493150675
ECC+AES-256,1000,2,968,0.028800001018680632,0.14319999900180846,0.10590000601951033,True,3914.2022493150675
ECC+AES-256,1000,2,969,0.028700000257231295,0.13760000001639128,0.1049999991664663,True,3914.2022493150675
ECC+AES-256,1000,2,970,0.028599999495781958,0.13699999544769526,0.10509999992791563,True,3914.2022493150675
ECC+AES-256,1000,2,971,0.02890000178012997,0.1360000023851171,0.10410000686533749,True,3914.2022493150675
ECC+AES-256,1000,2,972,0.028099995688535273,0.13529999705497175,0.10550000297371298,True,3914.2022493150675
ECC+AES-256,1000,2,973,0.028399997972883284,0.13780000153928995,0.10489999840501696,True,3914.2022493150675
ECC+AES-256,1000,2,974,0.028700000257231295,0.13939999917056412,0.1049999991664663,True,3914.2022493150675
ECC+AES-256,1000,2,975,0.028800001018680632,0.13870000839233398,0.10509999992791563,True,3914.2022493150675
ECC+AES-256,1000,2,976,0.027699992642737925,0.1362000039080158,0.10509999992791563,True,3914.2022493150675
ECC+AES-256,1000,2,977,0.02720000338740647,0.1438999897800386,0.10509999992791563,True,3914.2022493150675
ECC+AES-256,1000,2,978,0.02710000262595713,0.13519999629352242,0.10489999840501696,True,3914.2022493150675
ECC+AES-256,1000,2,979,0.02749999111983925,0.13640000543091446,0.10369998926762491,True,3914.2022493150675
ECC+AES-256,1000,2,980,0.027400004910305142,0.13580000086221844,0.10489999840501696,True,3914.2022493150675
ECC+AES-256,1000,2,981,0.02680000034160912,0.13670000771526247,0.10459999612066895,True,3914.2022493150675
ECC+AES-256,1000,2,982,0.027400004910305142,0.13580000086221844,0.10459999612066895,True,3914.2022493150675
ECC+AES-256,1000,2,983,0.027000001864507794,0.1362000039080158,0.10500001371838152,True,3914.2022493150675
ECC+AES-256,1000,2,984,0.027099988074041903,0.1362000039080158,0.1053000014508143,True,3914.2022493150675
ECC+AES-256,1000,2,985,0.02720000338740647,0.13639999087899923,0.10450000991113484,True,3914.2022493150675
ECC+AES-256,1000,2,986,0.027000001864507794,0.14769998961128294,0.10889999975915998,True,3914.2022493150675
ECC+AES-256,1000,2,987,0.027000001864507794,0.13519999629352242,0.10369998926762491,True,3914.2022493150675
ECC+AES-256,1000,2,988,0.027099988074041903,0.1362000039080158,0.10550000297371298,True,3914.2022493150675
ECC+AES-256,1000,2,989,0.027300004148855805,0.1365000061923638,0.10459999612066895,True,3914.2022493150675
ECC+AES-256,1000,2,990,0.027900008717551827,0.1360000023851171,0.10459999612066895,True,3914.2022493150675
ECC+AES-256,1000,2,991,0.027000001864507794,0.13479999324772507,0.10459999612066895,True,3914.2022493150675
ECC+AES-256,1000,2,992,0.02680000034160912,0.13500000932253897,0.1049999991664663,True,3914.2022493150675
ECC+AES-256,1000,2,993,0.027599991881288588,0.14010000450070947,0.1264000020455569,True,3914.2022493150675
ECC+AES-256,1000,2,994,0.031199990189634264,0.1412999990861863,0.10749998909886926,True,3914.2022493150675
ECC+AES-256,1000,2,995,0.02749999111983925,0.142400007462129,0.13099999341648072,True,3914.2022493150675
ECC+AES-256,1000,2,996,0.03780001134146005,0.15870000061113387,0.18730000010691583,True,3914.2022493150675
ECC+AES-256,1000,2,997,0.03239999932702631,0.14569998893421143,0.10710000060498714,True,3914.2022493150675
ECC+AES-256,1000,2,998,0.02920000406447798,0.14030000602360815,0.10799999290611595,True,3914.2022493150675
ECC+AES-256,1000,2,999,0.038300000596791506,0.16199999663513154,0.11280000035185367,True,3914.2022493150675
ECC+AES-256,1000,2,1000,0.030499999411404133,0.1446999958716333,0.10869999823626131,True,3914.2022493150675
