scheme,volume,repetition,transaction_id,key_gen_time,encryption_time,decryption_time,integrity_verified,throughput
ECC+ChaCha20,5000,1,1,7.472299999790266,1.327700010733679,0.18990000535268337,True,4328.949606797933
ECC+ChaCha20,5000,1,2,0.0914999982342124,0.19190000602975488,0.12290000449866056,True,4328.949606797933
ECC+ChaCha20,5000,1,3,0.046499990276061,0.1731000083964318,0.11819999781437218,True,4328.949606797933
ECC+ChaCha20,5000,1,4,0.03329999162815511,0.15779999375808984,0.11059999815188348,True,4328.949606797933
ECC+ChaCha20,5000,1,5,0.03060000017285347,0.13919999764766544,0.10720000136643648,True,4328.949606797933
ECC+ChaCha20,5000,1,6,0.030099996365606785,0.14400000509340316,0.10889999975915998,True,4328.949606797933
ECC+ChaCha20,5000,1,7,0.029799994081258774,0.1365999924018979,0.10629999451339245,True,4328.949606797933
ECC+ChaCha20,5000,1,8,0.03429999924264848,0.14519999967887998,0.1075999898603186,True,4328.949606797933
ECC+ChaCha20,5000,1,9,0.03029999788850546,0.1382000045850873,0.10750000365078449,True,4328.949606797933
ECC+ChaCha20,5000,1,10,0.029799994081258774,0.1373999984934926,0.10679999832063913,True,4328.949606797933
ECC+ChaCha20,5000,1,11,0.029300004825927317,0.13529999705497175,0.10560000373516232,True,4328.949606797933
ECC+ChaCha20,5000,1,12,0.02920000406447798,0.14180000289343297,0.10779999138321728,True,4328.949606797933
ECC+ChaCha20,5000,1,13,0.030099996365606785,0.13689999468624592,0.106100007542409,True,4328.949606797933
ECC+ChaCha20,5000,1,14,0.030099996365606785,0.13729999773204327,0.10750000365078449,True,4328.949606797933
ECC+ChaCha20,5000,1,15,0.029700007871724665,0.13689999468624592,0.10710000060498714,True,4328.949606797933
ECC+ChaCha20,5000,1,16,0.029600007110275328,0.1353999978164211,0.10659999679774046,True,4328.949606797933
ECC+ChaCha20,5000,1,17,0.02990000939462334,0.14730000111740083,0.10629999451339245,True,4328.949606797933
ECC+ChaCha20,5000,1,18,0.02929999027401209,0.13559999933931977,0.10559998918324709,True,4328.949606797933
ECC+ChaCha20,5000,1,19,0.029300004825927317,0.13549999857787043,0.1066999975591898,True,4328.949606797933
ECC+ChaCha20,5000,1,20,0.029600007110275328,0.1348000077996403,0.10629999451339245,True,4328.949606797933
ECC+ChaCha20,5000,1,21,0.02890000178012997,0.13439999020192772,0.10649999603629112,True,4328.949606797933
ECC+ChaCha20,5000,1,22,0.029300004825927317,0.1357000001007691,0.10629999451339245,True,4328.949606797933
ECC+ChaCha20,5000,1,23,0.029700007871724665,0.1345000055152923,0.10630000906530768,True,4328.949606797933
ECC+ChaCha20,5000,1,24,0.030000010156072676,0.1412999990861863,0.10729998757597059,True,4328.949606797933
ECC+ChaCha20,5000,1,25,0.029700007871724665,0.13559999933931977,0.10600000678095967,True,4328.949606797933
ECC+ChaCha20,5000,1,26,0.03700000524986535,0.15160000475589186,0.11150000500492752,True,4328.949606797933
ECC+ChaCha20,5000,1,27,0.03159999323543161,0.14170000213198364,0.10830000974237919,True,4328.949606797933
ECC+ChaCha20,5000,1,28,0.030399998649954796,0.1368000084767118,0.10699999984353781,True,4328.949606797933
ECC+ChaCha20,5000,1,29,0.030000010156072676,0.13729999773204327,0.10740000288933516,True,4328.949606797933
ECC+ChaCha20,5000,1,30,0.030499999411404133,0.1396000006934628,0.10710000060498714,True,4328.949606797933
ECC+ChaCha20,5000,1,31,0.02989999484270811,0.13610000314656645,0.10640000982675701,True,4328.949606797933
ECC+ChaCha20,5000,1,32,0.02990000939462334,0.13500000932253897,0.10600000678095967,True,4328.949606797933
ECC+ChaCha20,5000,1,33,0.029499991796910763,0.13499999477062374,0.10679999832063913,True,4328.949606797933
ECC+ChaCha20,5000,1,34,0.02920000406447798,0.13490000856108963,0.10560000373516232,True,4328.949606797933
ECC+ChaCha20,5000,1,35,0.02950000634882599,0.13550001312978566,0.10609999299049377,True,4328.949606797933
ECC+ChaCha20,5000,1,36,0.029400005587376654,0.13419998867902905,0.10579999070614576,True,4328.949606797933
ECC+ChaCha20,5000,1,37,0.02990000939462334,0.14600000577047467,0.10620000830385834,True,4328.949606797933
ECC+ChaCha20,5000,1,38,0.03020001167897135,0.13610000314656645,0.10520000068936497,True,4328.949606797933
ECC+ChaCha20,5000,1,39,0.030099996365606785,0.13559999933931977,0.10649999603629112,True,4328.949606797933
ECC+ChaCha20,5000,1,40,0.029799994081258774,0.13559999933931977,0.10600000678095967,True,4328.949606797933
ECC+ChaCha20,5000,1,41,0.02950000634882599,0.1362999901175499,0.10649999603629112,True,4328.949606797933
ECC+ChaCha20,5000,1,42,0.029300004825927317,0.13530001160688698,0.10599999222904444,True,4328.949606797933
ECC+ChaCha20,5000,1,43,0.029100003303028643,0.1348999940091744,0.10570000449661165,True,4328.949606797933
ECC+ChaCha20,5000,1,44,0.029999995604157448,0.14879999798722565,0.10849999671336263,True,4328.949606797933
ECC+ChaCha20,5000,1,45,0.02920000406447798,0.13399998715613037,0.10569998994469643,True,4328.949606797933
ECC+ChaCha20,5000,1,46,0.02929999027401209,0.13529999705497175,0.10629999451339245,True,4328.949606797933
ECC+ChaCha20,5000,1,47,0.03060000017285347,0.13669999316334724,0.106100007542409,True,4328.949606797933
ECC+ChaCha20,5000,1,48,0.0295999925583601,0.13679999392479658,0.1058999914675951,True,4328.949606797933
ECC+ChaCha20,5000,1,49,0.029400005587376654,0.13520001084543765,0.10699999984353781,True,4328.949606797933
ECC+ChaCha20,5000,1,50,0.02890000178012997,0.16929999401327223,0.1120000088121742,True,4328.949606797933
ECC+ChaCha20,5000,1,51,0.032199997804127634,0.15249999705702066,0.1281000004382804,True,4328.949606797933
ECC+ChaCha20,5000,1,52,0.0315000070258975,0.13729999773204327,0.10620000830385834,True,4328.949606797933
ECC+ChaCha20,5000,1,53,0.029799994081258774,0.13519999629352242,0.10639999527484179,True,4328.949606797933
ECC+ChaCha20,5000,1,54,0.031499992473982275,0.13770000077784061,0.10720000136643648,True,4328.949606797933
ECC+ChaCha20,5000,1,55,0.029999995604157448,0.1362000039080158,0.10659999679774046,True,4328.949606797933
ECC+ChaCha20,5000,1,56,0.029799994081258774,0.13549999857787043,0.10630000906530768,True,4328.949606797933
ECC+ChaCha20,5000,1,57,0.029799994081258774,0.14509999891743064,0.10630000906530768,True,4328.949606797933
ECC+ChaCha20,5000,1,58,0.02920000406447798,0.13640000543091446,0.10620000830385834,True,4328.949606797933
ECC+ChaCha20,5000,1,59,0.029700007871724665,0.1348000077996403,0.10560000373516232,True,4328.949606797933
ECC+ChaCha20,5000,1,60,0.02929999027401209,0.13460000627674162,0.10649999603629112,True,4328.949606797933
ECC+ChaCha20,5000,1,61,0.030099996365606785,0.1360000023851171,0.10750000365078449,True,4328.949606797933
ECC+ChaCha20,5000,1,62,0.029700007871724665,0.13719999697059393,0.106100007542409,True,4328.949606797933
ECC+ChaCha20,5000,1,63,0.029600007110275328,0.13529999705497175,0.10639999527484179,True,4328.949606797933
ECC+ChaCha20,5000,1,64,0.030000010156072676,0.149500003317371,0.10560000373516232,True,4328.949606797933
ECC+ChaCha20,5000,1,65,0.029999995604157448,0.13580000086221844,0.106100007542409,True,4328.949606797933
ECC+ChaCha20,5000,1,66,0.030099996365606785,0.13469999248627573,0.10550000297371298,True,4328.949606797933
ECC+ChaCha20,5000,1,67,0.02989999484270811,0.1357000001007691,0.10649999603629112,True,4328.949606797933
ECC+ChaCha20,5000,1,68,0.02929999027401209,0.1345000055152923,0.10550000297371298,True,4328.949606797933
ECC+ChaCha20,5000,1,69,0.029499991796910763,0.13499999477062374,0.10729998757597059,True,4328.949606797933
ECC+ChaCha20,5000,1,70,0.029799994081258774,0.13439999020192772,0.10550000297371298,True,4328.949606797933
ECC+ChaCha20,5000,1,71,0.02950000634882599,0.14770000416319817,0.11340000492054969,True,4328.949606797933
ECC+ChaCha20,5000,1,72,0.029499991796910763,0.13610000314656645,0.10649999603629112,True,4328.949606797933
ECC+ChaCha20,5000,1,73,0.029100003303028643,0.1314999972237274,0.10280001151841134,True,4328.949606797933
ECC+ChaCha20,5000,1,74,0.028099995688535273,0.13010000111535192,0.1024999946821481,True,4328.949606797933
ECC+ChaCha20,5000,1,75,0.0315000070258975,0.13769998622592539,0.10539998766034842,True,4328.949606797933
ECC+ChaCha20,5000,1,76,0.035299992305226624,0.1336999994236976,0.10400000610388815,True,4328.949606797933
ECC+ChaCha20,5000,1,77,0.030000010156072676,0.1326000055996701,0.10370000381954014,True,4328.949606797933
ECC+ChaCha20,5000,1,78,0.028299997211433947,0.1412999990861863,0.10310001380275935,True,4328.949606797933
ECC+ChaCha20,5000,1,79,0.028800001018680632,0.13190000026952475,0.10199999087490141,True,4328.949606797933
ECC+ChaCha20,5000,1,80,0.02920000406447798,0.1320000010309741,0.10320000001229346,True,4328.949606797933
ECC+ChaCha20,5000,1,81,0.029300004825927317,0.13100000796839595,0.10380000458098948,True,4328.949606797933
ECC+ChaCha20,5000,1,82,0.028700000257231295,0.1294999965466559,0.10219999239780009,True,4328.949606797933
ECC+ChaCha20,5000,1,83,0.028299997211433947,0.13079999189358205,0.10269999620504677,True,4328.949606797933
ECC+ChaCha20,5000,1,84,0.028299997211433947,0.13059999037068337,0.10269999620504677,True,4328.949606797933
ECC+ChaCha20,5000,1,85,0.028299997211433947,0.13000000035390258,0.10320000001229346,True,4328.949606797933
ECC+ChaCha20,5000,1,86,0.0278999941656366,0.12929999502375722,0.10239999392069876,True,4328.949606797933
ECC+ChaCha20,5000,1,87,0.028099995688535273,0.13100000796839595,0.10239999392069876,True,4328.949606797933
ECC+ChaCha20,5000,1,88,0.0278999941656366,0.1294999965466559,0.12119999155402184,True,4328.949606797933
ECC+ChaCha20,5000,1,89,0.03480000304989517,0.1438000035705045,0.10680001287255436,True,4328.949606797933
ECC+ChaCha20,5000,1,90,0.029600007110275328,0.13290000788401812,0.10370000381954014,True,4328.949606797933
ECC+ChaCha20,5000,1,91,0.028399997972883284,0.1314999972237274,0.10359998850617558,True,4328.949606797933
ECC+ChaCha20,5000,1,92,0.029400005587376654,0.1432999997632578,0.10689999908208847,True,4328.949606797933
ECC+ChaCha20,5000,1,93,0.0281000102404505,0.13070000568404794,0.10230000771116465,True,4328.949606797933
ECC+ChaCha20,5000,1,94,0.028399997972883284,0.1306000049225986,0.10299999848939478,True,4328.949606797933
ECC+ChaCha20,5000,1,95,0.028399997972883284,0.13439999020192772,0.10259999544359744,True,4328.949606797933
ECC+ChaCha20,5000,1,96,0.028099995688535273,0.13079999189358205,0.10269999620504677,True,4328.949606797933
ECC+ChaCha20,5000,1,97,0.029000002541579306,0.1314999972237274,0.10340000153519213,True,4328.949606797933
ECC+ChaCha20,5000,1,98,0.028700000257231295,0.1306000049225986,0.10240000847261399,True,4328.949606797933
ECC+ChaCha20,5000,1,99,0.0295999925583601,0.14370000280905515,0.10599999222904444,True,4328.949606797933
ECC+ChaCha20,5000,1,100,0.028299997211433947,0.1320000010309741,0.10299999848939478,True,4328.949606797933
ECC+ChaCha20,5000,1,101,0.0278999941656366,0.13080000644549727,0.1016000023810193,True,4328.949606797933
ECC+ChaCha20,5000,1,102,0.027700007194653153,0.13000000035390258,0.10189999011345208,True,4328.949606797933
ECC+ChaCha20,5000,1,103,0.027599991881288588,0.13139999646227807,0.1576999929966405,True,4328.949606797933
ECC+ChaCha20,5000,1,104,0.060999998822808266,0.19489999976940453,0.12480000441428274,True,4328.949606797933
ECC+ChaCha20,5000,1,105,0.04099999205209315,0.14459999511018395,0.10829999519046396,True,4328.949606797933
ECC+ChaCha20,5000,1,106,0.031499992473982275,0.13859999307896942,0.10689999908208847,True,4328.949606797933
ECC+ChaCha20,5000,1,107,0.030700000934302807,0.13949999993201345,0.10740000288933516,True,4328.949606797933
ECC+ChaCha20,5000,1,108,0.03090000245720148,0.13919999764766544,0.10590000601951033,True,4328.949606797933
ECC+ChaCha20,5000,1,109,0.029199989512562752,0.13390000094659626,0.1033000007737428,True,4328.949606797933
ECC+ChaCha20,5000,1,110,0.02929999027401209,0.1328999933321029,0.1041999930748716,True,4328.949606797933
ECC+ChaCha20,5000,1,111,0.028299997211433947,0.13939999917056412,0.10250000923406333,True,4328.949606797933
ECC+ChaCha20,5000,1,112,0.027900008717551827,0.13190000026952475,0.10350000229664147,True,4328.949606797933
ECC+ChaCha20,5000,1,113,0.028300011763349175,0.13240000407677144,0.10340000153519213,True,4328.949606797933
ECC+ChaCha20,5000,1,114,0.0278999941656366,0.1306999911321327,0.1033999869832769,True,4328.949606797933
ECC+ChaCha20,5000,1,115,0.028399997972883284,0.13300000864546746,0.10410000686533749,True,4328.949606797933
ECC+ChaCha20,5000,1,116,0.05149999924469739,0.1731999946059659,0.11409999569877982,True,4328.949606797933
ECC+ChaCha20,5000,1,117,0.042100000428035855,0.1711999939288944,0.11209999502170831,True,4328.949606797933
ECC+ChaCha20,5000,1,118,0.031200004741549492,0.14039999223314226,0.10719998681452125,True,4328.949606797933
ECC+ChaCha20,5000,1,119,0.029799994081258774,0.1357000001007691,0.1049999991664663,True,4328.949606797933
ECC+ChaCha20,5000,1,120,0.028800001018680632,0.1336999994236976,0.10450000991113484,True,4328.949606797933
ECC+ChaCha20,5000,1,121,0.028299997211433947,0.13410000246949494,0.10450000991113484,True,4328.949606797933
ECC+ChaCha20,5000,1,122,0.02920000406447798,0.13720001152250916,0.10730000212788582,True,4328.949606797933
ECC+ChaCha20,5000,1,123,0.02890000178012997,0.13549999857787043,0.10650001058820635,True,4328.949606797933
ECC+ChaCha20,5000,1,124,0.02929999027401209,0.15069999790284783,0.1103000104194507,True,4328.949606797933
ECC+ChaCha20,5000,1,125,0.02920000406447798,0.1365999924018979,0.10640000982675701,True,4328.949606797933
ECC+ChaCha20,5000,1,126,0.028399997972883284,0.13540001236833632,0.10599999222904444,True,4328.949606797933
ECC+ChaCha20,5000,1,127,0.028399997972883284,0.135600013891235,0.10679999832063913,True,4328.949606797933
ECC+ChaCha20,5000,1,128,0.050000002374872565,0.18950000230688602,0.11660000018309802,True,4328.949606797933
ECC+ChaCha20,5000,1,129,0.03510000533424318,0.14640000881627202,0.10619999375194311,True,4328.949606797933
ECC+ChaCha20,5000,1,130,0.028999987989664078,0.14400000509340316,0.11049999739043415,True,4328.949606797933
ECC+ChaCha20,5000,1,131,0.027999994927085936,0.1314999972237274,0.10309999925084412,True,4328.949606797933
ECC+ChaCha20,5000,1,132,0.027900008717551827,0.13300000864546746,0.10309999925084412,True,4328.949606797933
ECC+ChaCha20,5000,1,133,0.027699992642737925,0.13210000179242343,0.10320000001229346,True,4328.949606797933
ECC+ChaCha20,5000,1,134,0.027600006433203816,0.13830000534653664,0.10309999925084412,True,4328.949606797933
ECC+ChaCha20,5000,1,135,0.028299997211433947,0.13190000026952475,0.10299999848939478,True,4328.949606797933
ECC+ChaCha20,5000,1,136,0.027900008717551827,0.1320999872405082,0.10309999925084412,True,4328.949606797933
ECC+ChaCha20,5000,1,137,0.0278999941656366,0.14370000280905515,0.10930000280495733,True,4328.949606797933
ECC+ChaCha20,5000,1,138,0.027700007194653153,0.13130001025274396,0.10239999392069876,True,4328.949606797933
ECC+ChaCha20,5000,1,139,0.02890000178012997,0.1320000010309741,0.10320000001229346,True,4328.949606797933
ECC+ChaCha20,5000,1,140,0.028399997972883284,0.1331999956164509,0.10320000001229346,True,4328.949606797933
ECC+ChaCha20,5000,1,141,0.027599991881288588,0.13169999874662608,0.10340000153519213,True,4328.949606797933
ECC+ChaCha20,5000,1,142,0.028000009479001164,0.13229998876340687,0.10389999079052359,True,4328.949606797933
ECC+ChaCha20,5000,1,143,0.027999994927085936,0.13129999570082873,0.10279999696649611,True,4328.949606797933
ECC+ChaCha20,5000,1,144,0.0278999941656366,0.14239999291021377,0.10750000365078449,True,4328.949606797933
ECC+ChaCha20,5000,1,145,0.02780000795610249,0.1314999972237274,0.10320000001229346,True,4328.949606797933
ECC+ChaCha20,5000,1,146,0.02819999644998461,0.13190000026952475,0.10299999848939478,True,4328.949606797933
ECC+ChaCha20,5000,1,147,0.02819999644998461,0.13169999874662608,0.102700010756962,True,4328.949606797933
ECC+ChaCha20,5000,1,148,0.028599999495781958,0.13159999798517674,0.10399999155197293,True,4328.949606797933
ECC+ChaCha20,5000,1,149,0.027699992642737925,0.13109999417793006,0.1036000030580908,True,4328.949606797933
ECC+ChaCha20,5000,1,150,0.027700007194653153,0.1303000026382506,0.10259999544359744,True,4328.949606797933
ECC+ChaCha20,5000,1,151,0.029400005587376654,0.1328000071225688,0.10350000229664147,True,4328.949606797933
ECC+ChaCha20,5000,1,152,0.027700007194653153,0.13080000644549727,0.10580000525806099,True,4328.949606797933
ECC+ChaCha20,5000,1,153,0.027999994927085936,0.13079999189358205,0.10309999925084412,True,4328.949606797933
ECC+ChaCha20,5000,1,154,0.028099995688535273,0.15700000221841037,0.10849999671336263,True,4328.949606797933
ECC+ChaCha20,5000,1,155,0.032500000088475645,0.1360000023851171,0.10390000534243882,True,4328.949606797933
ECC+ChaCha20,5000,1,156,0.029400005587376654,0.13099999341648072,0.10370000381954014,True,4328.949606797933
ECC+ChaCha20,5000,1,157,0.029399991035461426,0.13129999570082873,0.10350000229664147,True,4328.949606797933
ECC+ChaCha20,5000,1,158,0.029100003303028643,0.1328000071225688,0.1036000030580908,True,4328.949606797933
ECC+ChaCha20,5000,1,159,0.028599999495781958,0.13139999646227807,0.1036000030580908,True,4328.949606797933
ECC+ChaCha20,5000,1,160,0.028399997972883284,0.13059999037068337,0.10279999696649611,True,4328.949606797933
ECC+ChaCha20,5000,1,161,0.028400012524798512,0.13240000407677144,0.10420000762678683,True,4328.949606797933
ECC+ChaCha20,5000,1,162,0.028299997211433947,0.13059999037068337,0.10299999848939478,True,4328.949606797933
ECC+ChaCha20,5000,1,163,0.028099995688535273,0.13100000796839595,0.10299999848939478,True,4328.949606797933
ECC+ChaCha20,5000,1,164,0.028399997972883284,0.1441999920643866,0.11049999739043415,True,4328.949606797933
ECC+ChaCha20,5000,1,165,0.0278999941656366,0.13159999798517674,0.10409999231342226,True,4328.949606797933
ECC+ChaCha20,5000,1,166,0.0278999941656366,0.1323000033153221,0.10380000458098948,True,4328.949606797933
ECC+ChaCha20,5000,1,167,0.028800001018680632,0.13190000026952475,0.10449999535921961,True,4328.949606797933
ECC+ChaCha20,5000,1,168,0.028800001018680632,0.1323000033153221,0.1019000046653673,True,4328.949606797933
ECC+ChaCha20,5000,1,169,0.02819999644998461,0.1323000033153221,0.10390000534243882,True,4328.949606797933
ECC+ChaCha20,5000,1,170,0.02780000795610249,0.13040000339969993,0.10320000001229346,True,4328.949606797933
ECC+ChaCha20,5000,1,171,0.027799993404187262,0.13529999705497175,0.10259999544359744,True,4328.949606797933
ECC+ChaCha20,5000,1,172,0.02819999644998461,0.15019999409560114,0.10430000838823617,True,4328.949606797933
ECC+ChaCha20,5000,1,173,0.029800008633174002,0.13199998647905886,0.10340000153519213,True,4328.949606797933
ECC+ChaCha20,5000,1,174,0.02849999873433262,0.1326000055996701,0.10390000534243882,True,4328.949606797933
ECC+ChaCha20,5000,1,175,0.02819999644998461,0.13279999257065356,0.10289999772794545,True,4328.949606797933
ECC+ChaCha20,5000,1,176,0.027399990358389914,0.13420000323094428,0.10320000001229346,True,4328.949606797933
ECC+ChaCha20,5000,1,177,0.028099995688535273,0.13329999637790024,0.10379999002907425,True,4328.949606797933
ECC+ChaCha20,5000,1,178,0.0278999941656366,0.13509999553207308,0.1033000007737428,True,4328.949606797933
ECC+ChaCha20,5000,1,179,0.02750000567175448,0.1320000010309741,0.10380000458098948,True,4328.949606797933
ECC+ChaCha20,5000,1,180,0.0278999941656366,0.13139999646227807,0.10230000771116465,True,4328.949606797933
ECC+ChaCha20,5000,1,181,0.027799993404187262,0.17780000052880496,0.10689999908208847,True,4328.949606797933
ECC+ChaCha20,5000,1,182,0.031100003980100155,0.13549999857787043,0.1049999991664663,True,4328.949606797933
ECC+ChaCha20,5000,1,183,0.02849999873433262,0.13240000407677144,0.10350000229664147,True,4328.949606797933
ECC+ChaCha20,5000,1,184,0.02849999873433262,0.1331000094069168,0.10380000458098948,True,4328.949606797933
ECC+ChaCha20,5000,1,185,0.028399997972883284,0.13549999857787043,0.10400000610388815,True,4328.949606797933
ECC+ChaCha20,5000,1,186,0.028399997972883284,0.13300000864546746,0.10340000153519213,True,4328.949606797933
ECC+ChaCha20,5000,1,187,0.027600006433203816,0.1331000094069168,0.10400000610388815,True,4328.949606797933
ECC+ChaCha20,5000,1,188,0.028000009479001164,0.13220000255387276,0.10320000001229346,True,4328.949606797933
ECC+ChaCha20,5000,1,189,0.028099995688535273,0.13220000255387276,0.10350000229664147,True,4328.949606797933
ECC+ChaCha20,5000,1,190,0.027999994927085936,0.1314999972237274,0.1033000007737428,True,4328.949606797933
ECC+ChaCha20,5000,1,191,0.027799993404187262,0.13220000255387276,0.10309999925084412,True,4328.949606797933
ECC+ChaCha20,5000,1,192,0.027600006433203816,0.14420000661630183,0.10889999975915998,True,4328.949606797933
ECC+ChaCha20,5000,1,193,0.02820001100189984,0.13320001016836613,0.10350000229664147,True,4328.949606797933
ECC+ChaCha20,5000,1,194,0.0278999941656366,0.13250000483822078,0.10350000229664147,True,4328.949606797933
ECC+ChaCha20,5000,1,195,0.02750000567175448,0.13089999265503138,0.10280001151841134,True,4328.949606797933
ECC+ChaCha20,5000,1,196,0.028700000257231295,0.13159999798517674,0.1033000007737428,True,4328.949606797933
ECC+ChaCha20,5000,1,197,0.028700000257231295,0.13179999950807542,0.10320000001229346,True,4328.949606797933
ECC+ChaCha20,5000,1,198,0.02849999873433262,0.13190000026952475,0.10289999772794545,True,4328.949606797933
ECC+ChaCha20,5000,1,199,0.02819999644998461,0.1441999920643866,0.10809999366756529,True,4328.949606797933
ECC+ChaCha20,5000,1,200,0.027300004148855805,0.13159999798517674,0.1033000007737428,True,4328.949606797933
ECC+ChaCha20,5000,1,201,0.028299997211433947,0.13210000179242343,0.10370000381954014,True,4328.949606797933
ECC+ChaCha20,5000,1,202,0.027600006433203816,0.13179999950807542,0.10279999696649611,True,4328.949606797933
ECC+ChaCha20,5000,1,203,0.027600006433203816,0.13110000872984529,0.10240000847261399,True,4328.949606797933
ECC+ChaCha20,5000,1,204,0.028099995688535273,0.13249999028630555,0.10320000001229346,True,4328.949606797933
ECC+ChaCha20,5000,1,205,0.027600006433203816,0.13420000323094428,0.10680001287255436,True,4328.949606797933
ECC+ChaCha20,5000,1,206,0.02849999873433262,0.14570000348612666,0.10770000517368317,True,4328.949606797933
ECC+ChaCha20,5000,1,207,0.02750000567175448,0.13179999950807542,0.10350000229664147,True,4328.949606797933
ECC+ChaCha20,5000,1,208,0.027599991881288588,0.13129999570082873,0.10299999848939478,True,4328.949606797933
ECC+ChaCha20,5000,1,209,0.02750000567175448,0.16309999045915902,0.10609999299049377,True,4328.949606797933
ECC+ChaCha20,5000,1,210,0.033200005418621004,0.13810000382363796,0.10389999079052359,True,4328.949606797933
ECC+ChaCha20,5000,1,211,0.029000002541579306,0.13109999417793006,0.10320000001229346,True,4328.949606797933
ECC+ChaCha20,5000,1,212,0.02849999873433262,0.13359999866224825,0.10280001151841134,True,4328.949606797933
ECC+ChaCha20,5000,1,213,0.02750000567175448,0.1429999974789098,0.10600000678095967,True,4328.949606797933
ECC+ChaCha20,5000,1,214,0.027300004148855805,0.13179999950807542,0.10279999696649611,True,4328.949606797933
ECC+ChaCha20,5000,1,215,0.027799993404187262,0.13220000255387276,0.10320000001229346,True,4328.949606797933
ECC+ChaCha20,5000,1,216,0.027399990358389914,0.13129999570082873,0.1033000007737428,True,4328.949606797933
ECC+ChaCha20,5000,1,217,0.027599991881288588,0.13109999417793006,0.10239999392069876,True,4328.949606797933
ECC+ChaCha20,5000,1,218,0.02680000034160912,0.13070000568404794,0.1024999946821481,True,4328.949606797933
ECC+ChaCha20,5000,1,219,0.027399990358389914,0.13499999477062374,0.10229999315924942,True,4328.949606797933
ECC+ChaCha20,5000,1,220,0.02719998883549124,0.14800000644754618,0.1066999975591898,True,4328.949606797933
ECC+ChaCha20,5000,1,221,0.028999987989664078,0.13729999773204327,0.10340000153519213,True,4328.949606797933
ECC+ChaCha20,5000,1,222,0.028399997972883284,0.13339999713934958,0.10659999679774046,True,4328.949606797933
ECC+ChaCha20,5000,1,223,0.02819999644998461,0.1323999895248562,0.10340000153519213,True,4328.949606797933
ECC+ChaCha20,5000,1,224,0.0281000102404505,0.1331000094069168,0.10410000686533749,True,4328.949606797933
ECC+ChaCha20,5000,1,225,0.028000009479001164,0.1317000132985413,0.10269999620504677,True,4328.949606797933
ECC+ChaCha20,5000,1,226,0.02819999644998461,0.13259999104775488,0.10350000229664147,True,4328.949606797933
ECC+ChaCha20,5000,1,227,0.02849999873433262,0.13210000179242343,0.10459999612066895,True,4328.949606797933
ECC+ChaCha20,5000,1,228,0.027699992642737925,0.142400007462129,0.10829999519046396,True,4328.949606797933
ECC+ChaCha20,5000,1,229,0.027400004910305142,0.13169999874662608,0.10299999848939478,True,4328.949606797933
ECC+ChaCha20,5000,1,230,0.027399990358389914,0.1306000049225986,0.10240000847261399,True,4328.949606797933
ECC+ChaCha20,5000,1,231,0.027600006433203816,0.13220000255387276,0.1036000030580908,True,4328.949606797933
ECC+ChaCha20,5000,1,232,0.027399990358389914,0.13070000568404794,0.1033000007737428,True,4328.949606797933
ECC+ChaCha20,5000,1,233,0.028299997211433947,0.1340000017080456,0.10370000381954014,True,4328.949606797933
ECC+ChaCha20,5000,1,234,0.02819999644998461,0.1326000055996701,0.102700010756962,True,4328.949606797933
ECC+ChaCha20,5000,1,235,0.027300004148855805,0.1320000010309741,0.10320000001229346,True,4328.949606797933
ECC+ChaCha20,5000,1,236,0.02720000338740647,0.13269999180920422,0.10320000001229346,True,4328.949606797933
ECC+ChaCha20,5000,1,237,0.02780000795610249,0.13220000255387276,0.11490000179037452,True,4328.949606797933
ECC+ChaCha20,5000,1,238,0.035599994589574635,0.1396000006934628,0.10600000678095967,True,4328.949606797933
ECC+ChaCha20,5000,1,239,0.028700000257231295,0.13329999637790024,0.10400000610388815,True,4328.949606797933
ECC+ChaCha20,5000,1,240,0.02890000178012997,0.1323000033153221,0.10400000610388815,True,4328.949606797933
ECC+ChaCha20,5000,1,241,0.029100003303028643,0.13339999713934958,0.10380000458098948,True,4328.949606797933
ECC+ChaCha20,5000,1,242,0.02950000634882599,0.13760000001639128,0.10399999155197293,True,4328.949606797933
ECC+ChaCha20,5000,1,243,0.02950000634882599,0.13219998800195754,0.10269999620504677,True,4328.949606797933
ECC+ChaCha20,5000,1,244,0.028299997211433947,0.13309999485500157,0.10320000001229346,True,4328.949606797933
ECC+ChaCha20,5000,1,245,0.028700000257231295,0.13190000026952475,0.10340000153519213,True,4328.949606797933
ECC+ChaCha20,5000,1,246,0.027999994927085936,0.13159999798517674,0.10340000153519213,True,4328.949606797933
ECC+ChaCha20,5000,1,247,0.02820001100189984,0.1323000033153221,0.10309999925084412,True,4328.949606797933
ECC+ChaCha20,5000,1,248,0.0278999941656366,0.13440000475384295,0.1036000030580908,True,4328.949606797933
ECC+ChaCha20,5000,1,249,0.028800001018680632,0.1331000094069168,0.10340000153519213,True,4328.949606797933
ECC+ChaCha20,5000,1,250,0.027999994927085936,0.13139999646227807,0.10260000999551266,True,4328.949606797933
ECC+ChaCha20,5000,1,251,0.027700007194653153,0.1326000055996701,0.10390000534243882,True,4328.949606797933
ECC+ChaCha20,5000,1,252,0.028700000257231295,0.1331999956164509,0.10369998926762491,True,4328.949606797933
ECC+ChaCha20,5000,1,253,0.02819999644998461,0.13139999646227807,0.10350000229664147,True,4328.949606797933
ECC+ChaCha20,5000,1,254,0.027799993404187262,0.13240000407677144,0.1033000007737428,True,4328.949606797933
ECC+ChaCha20,5000,1,255,0.02750000567175448,0.1309000072069466,0.10250000923406333,True,4328.949606797933
ECC+ChaCha20,5000,1,256,0.027300004148855805,0.13169999874662608,0.10289999772794545,True,4328.949606797933
ECC+ChaCha20,5000,1,257,0.027699992642737925,0.1326000055996701,0.10299999848939478,True,4328.949606797933
ECC+ChaCha20,5000,1,258,0.027599991881288588,0.1306999911321327,0.10609999299049377,True,4328.949606797933
ECC+ChaCha20,5000,1,259,0.027599991881288588,0.13089999265503138,0.10320000001229346,True,4328.949606797933
ECC+ChaCha20,5000,1,260,0.027399990358389914,0.13519999629352242,0.10299999848939478,True,4328.949606797933
ECC+ChaCha20,5000,1,261,0.027599991881288588,0.1320000010309741,0.10250000923406333,True,4328.949606797933
ECC+ChaCha20,5000,1,262,0.028099995688535273,0.145500001963228,0.1075999898603186,True,4328.949606797933
ECC+ChaCha20,5000,1,263,0.029799994081258774,0.13210000179242343,0.1033000007737428,True,4328.949606797933
ECC+ChaCha20,5000,1,264,0.028099995688535273,0.1362000039080158,0.10340000153519213,True,4328.949606797933
ECC+ChaCha20,5000,1,265,0.027300004148855805,0.13139999646227807,0.1436000020476058,True,4328.949606797933
ECC+ChaCha20,5000,1,266,0.04430000262800604,0.15999999595806003,0.10869999823626131,True,4328.949606797933
ECC+ChaCha20,5000,1,267,0.030800001695752144,0.13770000077784061,0.10560000373516232,True,4328.949606797933
ECC+ChaCha20,5000,1,268,0.03020001167897135,0.13670000771526247,0.10340000153519213,True,4328.949606797933
ECC+ChaCha20,5000,1,269,0.03090000245720148,0.13630000466946512,0.10469999688211828,True,4328.949606797933
ECC+ChaCha20,5000,1,270,0.03759999526664615,0.149200001033023,0.10699999984353781,True,4328.949606797933
ECC+ChaCha20,5000,1,271,0.02890000178012997,0.13529999705497175,0.10430000838823617,True,4328.949606797933
ECC+ChaCha20,5000,1,272,0.02849999873433262,0.13309999485500157,0.10459999612066895,True,4328.949606797933
ECC+ChaCha20,5000,1,273,0.02819999644998461,0.13300000864546746,0.10320000001229346,True,4328.949606797933
ECC+ChaCha20,5000,1,274,0.02780000795610249,0.1314000110141933,0.1033000007737428,True,4328.949606797933
ECC+ChaCha20,5000,1,275,0.027900008717551827,0.1331000094069168,0.10320000001229346,True,4328.949606797933
ECC+ChaCha20,5000,1,276,0.0281000102404505,0.13169999874662608,0.10369998926762491,True,4328.949606797933
ECC+ChaCha20,5000,1,277,0.027999994927085936,0.14209999062586576,0.10340000153519213,True,4328.949606797933
ECC+ChaCha20,5000,1,278,0.027600006433203816,0.13250000483822078,0.10450000991113484,True,4328.949606797933
ECC+ChaCha20,5000,1,279,0.027699992642737925,0.1328999933321029,0.10370000381954014,True,4328.949606797933
ECC+ChaCha20,5000,1,280,0.027399990358389914,0.13159999798517674,0.1033000007737428,True,4328.949606797933
ECC+ChaCha20,5000,1,281,0.027799993404187262,0.13139999646227807,0.10359998850617558,True,4328.949606797933
ECC+ChaCha20,5000,1,282,0.027699992642737925,0.1311999949393794,0.1033000007737428,True,4328.949606797933
ECC+ChaCha20,5000,1,283,0.027599991881288588,0.13169999874662608,0.10340000153519213,True,4328.949606797933
ECC+ChaCha20,5000,1,284,0.027699992642737925,0.13129999570082873,0.1033000007737428,True,4328.949606797933
ECC+ChaCha20,5000,1,285,0.027600006433203816,0.1311999949393794,0.10410000686533749,True,4328.949606797933
ECC+ChaCha20,5000,1,286,0.027799993404187262,0.1436000020476058,0.10819999442901462,True,4328.949606797933
ECC+ChaCha20,5000,1,287,0.027600006433203816,0.13109999417793006,0.10300001304131001,True,4328.949606797933
ECC+ChaCha20,5000,1,288,0.027600006433203816,0.13139999646227807,0.10400000610388815,True,4328.949606797933
ECC+ChaCha20,5000,1,289,0.027900008717551827,0.1323000033153221,0.1033000007737428,True,4328.949606797933
ECC+ChaCha20,5000,1,290,0.028099995688535273,0.13210000179242343,0.10390000534243882,True,4328.949606797933
ECC+ChaCha20,5000,1,291,0.027699992642737925,0.13050000416114926,0.10309999925084412,True,4328.949606797933
ECC+ChaCha20,5000,1,292,0.027699992642737925,0.13559999933931977,0.1036000030580908,True,4328.949606797933
ECC+ChaCha20,5000,1,293,0.02749999111983925,0.13050000416114926,0.10340000153519213,True,4328.949606797933
ECC+ChaCha20,5000,1,294,0.02750000567175448,0.13110000872984529,0.1036000030580908,True,4328.949606797933
ECC+ChaCha20,5000,1,295,0.02750000567175448,0.3284000122221187,0.14150000060908496,True,4328.949606797933
ECC+ChaCha20,5000,1,296,0.04679999256040901,0.1736999984132126,0.11589999485295266,True,4328.949606797933
ECC+ChaCha20,5000,1,297,0.03509999078232795,0.1382000045850873,0.10599999222904444,True,4328.949606797933
ECC+ChaCha20,5000,1,298,0.029300004825927317,0.13460000627674162,0.1049999991664663,True,4328.949606797933
ECC+ChaCha20,5000,1,299,0.028700000257231295,0.13420000323094428,0.10390000534243882,True,4328.949606797933
ECC+ChaCha20,5000,1,300,0.028099995688535273,0.13269999180920422,0.10379999002907425,True,4328.949606797933
ECC+ChaCha20,5000,1,301,0.02849999873433262,0.13380000018514693,0.1036000030580908,True,4328.949606797933
ECC+ChaCha20,5000,1,302,0.02849999873433262,0.14420000661630183,0.10580000525806099,True,4328.949606797933
ECC+ChaCha20,5000,1,303,0.028099995688535273,0.13359999866224825,0.10439999459777027,True,4328.949606797933
ECC+ChaCha20,5000,1,304,0.029400005587376654,0.1340000017080456,0.10489999840501696,True,4328.949606797933
ECC+ChaCha20,5000,1,305,0.0278999941656366,0.13339999713934958,0.10540000221226364,True,4328.949606797933
ECC+ChaCha20,5000,1,306,0.028399997972883284,0.13279999257065356,0.10659999679774046,True,4328.949606797933
ECC+ChaCha20,5000,1,307,0.02920000406447798,0.13339999713934958,0.10299999848939478,True,4328.949606797933
ECC+ChaCha20,5000,1,308,0.0278999941656366,0.13240000407677144,0.10380000458098948,True,4328.949606797933
ECC+ChaCha20,5000,1,309,0.02849999873433262,0.13210000179242343,0.10309999925084412,True,4328.949606797933
ECC+ChaCha20,5000,1,310,0.0278999941656366,0.13109999417793006,0.10350000229664147,True,4328.949606797933
ECC+ChaCha20,5000,1,311,0.02780000795610249,0.13089999265503138,0.10349998774472624,True,4328.949606797933
ECC+ChaCha20,5000,1,312,0.027600006433203816,0.13339999713934958,0.10420000762678683,True,4328.949606797933
ECC+ChaCha20,5000,1,313,0.027999994927085936,0.1336999994236976,0.10390000534243882,True,4328.949606797933
ECC+ChaCha20,5000,1,314,0.029400005587376654,0.1336999994236976,0.1041999930748716,True,4328.949606797933
ECC+ChaCha20,5000,1,315,0.028599999495781958,0.13169999874662608,0.11190000805072486,True,4328.949606797933
ECC+ChaCha20,5000,1,316,0.029100003303028643,0.1357000001007691,0.1066999975591898,True,4328.949606797933
ECC+ChaCha20,5000,1,317,0.028800001018680632,0.13330001092981547,0.10380000458098948,True,4328.949606797933
ECC+ChaCha20,5000,1,318,0.028700000257231295,0.13529999705497175,0.10460001067258418,True,4328.949606797933
ECC+ChaCha20,5000,1,319,0.028599999495781958,0.13259999104775488,0.10469999688211828,True,4328.949606797933
ECC+ChaCha20,5000,1,320,0.02780000795610249,0.13210000179242343,0.10349998774472624,True,4328.949606797933
ECC+ChaCha20,5000,1,321,0.02750000567175448,0.13559999933931977,0.10289999772794545,True,4328.949606797933
ECC+ChaCha20,5000,1,322,0.027699992642737925,0.1331999956164509,0.10380000458098948,True,4328.949606797933
ECC+ChaCha20,5000,1,323,0.02749999111983925,0.13210000179242343,0.11470000026747584,True,4328.949606797933
ECC+ChaCha20,5000,1,324,0.036600002204068005,0.16099998902063817,0.10750000365078449,True,4328.949606797933
ECC+ChaCha20,5000,1,325,0.02780000795610249,0.13269999180920422,0.1041999930748716,True,4328.949606797933
ECC+ChaCha20,5000,1,326,0.02750000567175448,0.13240000407677144,0.10480001219548285,True,4328.949606797933
ECC+ChaCha20,5000,1,327,0.027799993404187262,0.13169999874662608,0.10359998850617558,True,4328.949606797933
ECC+ChaCha20,5000,1,328,0.0278999941656366,0.13269999180920422,0.10489999840501696,True,4328.949606797933
ECC+ChaCha20,5000,1,329,0.030399998649954796,0.1357000001007691,0.1053000014508143,True,4328.949606797933
ECC+ChaCha20,5000,1,330,0.0278999941656366,0.13309999485500157,0.10420000762678683,True,4328.949606797933
ECC+ChaCha20,5000,1,331,0.028800001018680632,0.13349999790079892,0.1049999991664663,True,4328.949606797933
ECC+ChaCha20,5000,1,332,0.02890000178012997,0.13329999637790024,0.10410000686533749,True,4328.949606797933
ECC+ChaCha20,5000,1,333,0.028599999495781958,0.13420000323094428,0.10320000001229346,True,4328.949606797933
ECC+ChaCha20,5000,1,334,0.028599999495781958,0.13290000788401812,0.10469999688211828,True,4328.949606797933
ECC+ChaCha20,5000,1,335,0.027699992642737925,0.13220000255387276,0.10420000762678683,True,4328.949606797933
ECC+ChaCha20,5000,1,336,0.027700007194653153,0.1320000010309741,0.1033000007737428,True,4328.949606797933
ECC+ChaCha20,5000,1,337,0.02749999111983925,0.13079999189358205,0.10370000381954014,True,4328.949606797933
ECC+ChaCha20,5000,1,338,0.027799993404187262,0.13179999950807542,0.10239999392069876,True,4328.949606797933
ECC+ChaCha20,5000,1,339,0.027999994927085936,0.13220000255387276,0.1033000007737428,True,4328.949606797933
ECC+ChaCha20,5000,1,340,0.028099995688535273,0.13159999798517674,0.10299999848939478,True,4328.949606797933
ECC+ChaCha20,5000,1,341,0.0278999941656366,0.13169999874662608,0.10370000381954014,True,4328.949606797933
ECC+ChaCha20,5000,1,342,0.027599991881288588,0.13220000255387276,0.10320000001229346,True,4328.949606797933
ECC+ChaCha20,5000,1,343,0.027400004910305142,0.13129999570082873,0.10350000229664147,True,4328.949606797933
ECC+ChaCha20,5000,1,344,0.027900008717551827,0.13150001177564263,0.10289999772794545,True,4328.949606797933
ECC+ChaCha20,5000,1,345,0.027699992642737925,0.13139999646227807,0.10269999620504677,True,4328.949606797933
ECC+ChaCha20,5000,1,346,0.027699992642737925,0.13210000179242343,0.10200000542681664,True,4328.949606797933
ECC+ChaCha20,5000,1,347,0.027599991881288588,0.1314999972237274,0.10299999848939478,True,4328.949606797933
ECC+ChaCha20,5000,1,348,0.027300004148855805,0.13059999037068337,0.1036000030580908,True,4328.949606797933
ECC+ChaCha20,5000,1,349,0.027799993404187262,0.1306999911321327,0.10349998774472624,True,4328.949606797933
ECC+ChaCha20,5000,1,350,0.027400004910305142,0.13219998800195754,0.1041999930748716,True,4328.949606797933
ECC+ChaCha20,5000,1,351,0.027299989596940577,0.1863999932538718,0.11170000652782619,True,4328.949606797933
ECC+ChaCha20,5000,1,352,0.044200001866556704,0.15640001220162958,0.10979999206028879,True,4328.949606797933
ECC+ChaCha20,5000,1,353,0.03029999788850546,0.13339999713934958,0.12320000678300858,True,4328.949606797933
ECC+ChaCha20,5000,1,354,0.03189999551977962,0.13980000221636146,0.10580000525806099,True,4328.949606797933
ECC+ChaCha20,5000,1,355,0.028700000257231295,0.13410000246949494,0.10369998926762491,True,4328.949606797933
ECC+ChaCha20,5000,1,356,0.028300011763349175,0.14040000678505749,0.10410000686533749,True,4328.949606797933
ECC+ChaCha20,5000,1,357,0.028099995688535273,0.1323999895248562,0.10369998926762491,True,4328.949606797933
ECC+ChaCha20,5000,1,358,0.0278999941656366,0.13299999409355223,0.10350000229664147,True,4328.949606797933
ECC+ChaCha20,5000,1,359,0.028799986466765404,0.1360000023851171,0.10280001151841134,True,4328.949606797933
ECC+ChaCha20,5000,1,360,0.02750000567175448,0.13229998876340687,0.10289999772794545,True,4328.949606797933
ECC+ChaCha20,5000,1,361,0.028099995688535273,0.13240000407677144,0.1036000030580908,True,4328.949606797933
ECC+ChaCha20,5000,1,362,0.028400012524798512,0.1328000071225688,0.10380000458098948,True,4328.949606797933
ECC+ChaCha20,5000,1,363,0.02750000567175448,0.13159999798517674,0.10320000001229346,True,4328.949606797933
ECC+ChaCha20,5000,1,364,0.02819999644998461,0.13309999485500157,0.1041999930748716,True,4328.949606797933
ECC+ChaCha20,5000,1,365,0.02780000795610249,0.13359999866224825,0.10380000458098948,True,4328.949606797933
ECC+ChaCha20,5000,1,366,0.029000002541579306,0.14449999434873462,0.10600000678095967,True,4328.949606797933
ECC+ChaCha20,5000,1,367,0.027599991881288588,0.13139999646227807,0.10239999392069876,True,4328.949606797933
ECC+ChaCha20,5000,1,368,0.027599991881288588,0.1311999949393794,0.10659999679774046,True,4328.949606797933
ECC+ChaCha20,5000,1,369,0.027799993404187262,0.13179999950807542,0.10289999772794545,True,4328.949606797933
ECC+ChaCha20,5000,1,370,0.027799993404187262,0.1320000010309741,0.10380000458098948,True,4328.949606797933
ECC+ChaCha20,5000,1,371,0.02819999644998461,0.13210000179242343,0.10410000686533749,True,4328.949606797933
ECC+ChaCha20,5000,1,372,0.027400004910305142,0.13139999646227807,0.10349998774472624,True,4328.949606797933
ECC+ChaCha20,5000,1,373,0.028299997211433947,0.13169999874662608,0.10389999079052359,True,4328.949606797933
ECC+ChaCha20,5000,1,374,0.0281000102404505,0.13169999874662608,0.10320000001229346,True,4328.949606797933
ECC+ChaCha20,5000,1,375,0.0278999941656366,0.13259999104775488,0.10359998850617558,True,4328.949606797933
ECC+ChaCha20,5000,1,376,0.027900008717551827,0.13270000636111945,0.10309999925084412,True,4328.949606797933
ECC+ChaCha20,5000,1,377,0.028600014047697186,0.13169999874662608,0.10309999925084412,True,4328.949606797933
ECC+ChaCha20,5000,1,378,0.027300004148855805,0.1314000110141933,0.10299999848939478,True,4328.949606797933
ECC+ChaCha20,5000,1,379,0.027599991881288588,0.15180000627879053,0.10569998994469643,True,4328.949606797933
ECC+ChaCha20,5000,1,380,0.029400005587376654,0.13439999020192772,0.10370000381954014,True,4328.949606797933
ECC+ChaCha20,5000,1,381,0.02750000567175448,0.13240000407677144,0.1036000030580908,True,4328.949606797933
ECC+ChaCha20,5000,1,382,0.027799993404187262,0.13159999798517674,0.1033000007737428,True,4328.949606797933
ECC+ChaCha20,5000,1,383,0.02750000567175448,0.13109999417793006,0.10299999848939478,True,4328.949606797933
ECC+ChaCha20,5000,1,384,0.02780000795610249,0.1320000010309741,0.10320000001229346,True,4328.949606797933
ECC+ChaCha20,5000,1,385,0.027400004910305142,0.1311999949393794,0.10280001151841134,True,4328.949606797933
ECC+ChaCha20,5000,1,386,0.027600006433203816,0.13219998800195754,0.10370000381954014,True,4328.949606797933
ECC+ChaCha20,5000,1,387,0.027400004910305142,0.13079999189358205,0.1036000030580908,True,4328.949606797933
ECC+ChaCha20,5000,1,388,0.027799993404187262,0.14000000373926014,0.10299999848939478,True,4328.949606797933
ECC+ChaCha20,5000,1,389,0.027300004148855805,0.13259999104775488,0.10289999772794545,True,4328.949606797933
ECC+ChaCha20,5000,1,390,0.02849999873433262,0.1323000033153221,0.10309999925084412,True,4328.949606797933
ECC+ChaCha20,5000,1,391,0.02749999111983925,0.13099999341648072,0.10299999848939478,True,4328.949606797933
ECC+ChaCha20,5000,1,392,0.027999994927085936,0.13259999104775488,0.10399999155197293,True,4328.949606797933
ECC+ChaCha20,5000,1,393,0.02750000567175448,0.13059999037068337,0.10369998926762491,True,4328.949606797933
ECC+ChaCha20,5000,1,394,0.02719998883549124,0.1314999972237274,0.1036000030580908,True,4328.949606797933
ECC+ChaCha20,5000,1,395,0.027600006433203816,0.14220000593923032,0.10900000052060932,True,4328.949606797933
ECC+ChaCha20,5000,1,396,0.028099995688535273,0.1328999933321029,0.10340000153519213,True,4328.949606797933
ECC+ChaCha20,5000,1,397,0.0278999941656366,0.13229998876340687,0.10340000153519213,True,4328.949606797933
ECC+ChaCha20,5000,1,398,0.027399990358389914,0.13179999950807542,0.10210000618826598,True,4328.949606797933
ECC+ChaCha20,5000,1,399,0.027600006433203816,0.13250000483822078,0.10350000229664147,True,4328.949606797933
ECC+ChaCha20,5000,1,400,0.027300004148855805,0.13100000796839595,0.14980000560171902,True,4328.949606797933
ECC+ChaCha20,5000,1,401,0.030499999411404133,0.1348000077996403,0.10469999688211828,True,4328.949606797933
ECC+ChaCha20,5000,1,402,0.028999987989664078,0.14509999891743064,0.11000000813510269,True,4328.949606797933
ECC+ChaCha20,5000,1,403,0.027900008717551827,0.13300000864546746,0.10370000381954014,True,4328.949606797933
ECC+ChaCha20,5000,1,404,0.027999994927085936,0.13229998876340687,0.1041999930748716,True,4328.949606797933
ECC+ChaCha20,5000,1,405,0.0278999941656366,0.1314999972237274,0.10289999772794545,True,4328.949606797933
ECC+ChaCha20,5000,1,406,0.02849999873433262,0.1317000132985413,0.10309999925084412,True,4328.949606797933
ECC+ChaCha20,5000,1,407,0.028399997972883284,0.13130001025274396,0.10320000001229346,True,4328.949606797933
ECC+ChaCha20,5000,1,408,0.03850000211969018,0.17839999054558575,0.11170000652782619,True,4328.949606797933
ECC+ChaCha20,5000,1,409,0.03309999010525644,0.13810000382363796,0.1053000014508143,True,4328.949606797933
ECC+ChaCha20,5000,1,410,0.031100003980100155,0.13509999553207308,0.10420000762678683,True,4328.949606797933
ECC+ChaCha20,5000,1,411,0.02989999484270811,0.13299999409355223,0.10290001227986068,True,4328.949606797933
ECC+ChaCha20,5000,1,412,0.029799994081258774,0.13329999637790024,0.10390000534243882,True,4328.949606797933
ECC+ChaCha20,5000,1,413,0.029400005587376654,0.13210000179242343,0.10269999620504677,True,4328.949606797933
ECC+ChaCha20,5000,1,414,0.029000002541579306,0.13130001025274396,0.10289999772794545,True,4328.949606797933
ECC+ChaCha20,5000,1,415,0.02890000178012997,0.14350000128615648,0.10279999696649611,True,4328.949606797933
ECC+ChaCha20,5000,1,416,0.029600007110275328,0.15360000543296337,0.10489999840501696,True,4328.949606797933
ECC+ChaCha20,5000,1,417,0.030199997127056122,0.13390000094659626,0.10320000001229346,True,4328.949606797933
ECC+ChaCha20,5000,1,418,0.02890000178012997,0.1340000017080456,0.10459999612066895,True,4328.949606797933
ECC+ChaCha20,5000,1,419,0.028000009479001164,0.1309000072069466,0.10340000153519213,True,4328.949606797933
ECC+ChaCha20,5000,1,420,0.02780000795610249,0.1379000023007393,0.10409999231342226,True,4328.949606797933
ECC+ChaCha20,5000,1,421,0.027799993404187262,0.1326000055996701,0.10370000381954014,True,4328.949606797933
ECC+ChaCha20,5000,1,422,0.02749999111983925,0.13040000339969993,0.10320000001229346,True,4328.949606797933
ECC+ChaCha20,5000,1,423,0.028000009479001164,0.13250000483822078,0.10300001304131001,True,4328.949606797933
ECC+ChaCha20,5000,1,424,0.0278999941656366,0.1336999994236976,0.1036000030580908,True,4328.949606797933
ECC+ChaCha20,5000,1,425,0.027600006433203816,0.13130001025274396,0.10380000458098948,True,4328.949606797933
ECC+ChaCha20,5000,1,426,0.028099995688535273,0.13139999646227807,0.10299999848939478,True,4328.949606797933
ECC+ChaCha20,5000,1,427,0.028099995688535273,0.13210000179242343,0.10290001227986068,True,4328.949606797933
ECC+ChaCha20,5000,1,428,0.028299997211433947,0.13349999790079892,0.10289999772794545,True,4328.949606797933
ECC+ChaCha20,5000,1,429,0.028399997972883284,0.1323000033153221,0.10370000381954014,True,4328.949606797933
ECC+ChaCha20,5000,1,430,0.027699992642737925,0.13079999189358205,0.10219999239780009,True,4328.949606797933
ECC+ChaCha20,5000,1,431,0.027399990358389914,0.13159999798517674,0.102700010756962,True,4328.949606797933
ECC+ChaCha20,5000,1,432,0.027000001864507794,0.13040000339969993,0.10239999392069876,True,4328.949606797933
ECC+ChaCha20,5000,1,433,0.027400004910305142,0.13059999037068337,0.10320000001229346,True,4328.949606797933
ECC+ChaCha20,5000,1,434,0.02750000567175448,0.1303999888477847,0.3620999923441559,True,4328.949606797933
ECC+ChaCha20,5000,1,435,0.046600005589425564,0.17169999773614109,0.10959999053739011,True,4328.949606797933
ECC+ChaCha20,5000,1,436,0.033499993151053786,0.145800004247576,0.1024999946821481,True,4328.949606797933
ECC+ChaCha20,5000,1,437,0.028800001018680632,0.1311999949393794,0.102700010756962,True,4328.949606797933
ECC+ChaCha20,5000,1,438,0.028800001018680632,0.1297999988310039,0.10089999705087394,True,4328.949606797933
ECC+ChaCha20,5000,1,439,0.035500008380040526,0.14260000898502767,0.10429999383632094,True,4328.949606797933
ECC+ChaCha20,5000,1,440,0.03309999010525644,0.1387999946018681,0.1033000007737428,True,4328.949606797933
ECC+ChaCha20,5000,1,441,0.0281000102404505,0.13020000187680125,0.10189999011345208,True,4328.949606797933
ECC+ChaCha20,5000,1,442,0.028800001018680632,0.13179999950807542,0.10180000390391797,True,4328.949606797933
ECC+ChaCha20,5000,1,443,0.027799993404187262,0.1294999965466559,0.10070001007989049,True,4328.949606797933
ECC+ChaCha20,5000,1,444,0.027599991881288588,0.12830000196117908,0.10040000779554248,True,4328.949606797933
ECC+ChaCha20,5000,1,445,0.027400004910305142,0.12849998893216252,0.10029999248217791,True,4328.949606797933
ECC+ChaCha20,5000,1,446,0.027000001864507794,0.12799999967683107,0.10010000551119447,True,4328.949606797933
ECC+ChaCha20,5000,1,447,0.02720000338740647,0.1297999988310039,0.10140000085812062,True,4328.949606797933
ECC+ChaCha20,5000,1,448,0.027699992642737925,0.12850000348407775,0.10030000703409314,True,4328.949606797933
ECC+ChaCha20,5000,1,449,0.02780000795610249,0.13150001177564263,0.10340000153519213,True,4328.949606797933
ECC+ChaCha20,5000,1,450,0.027900008717551827,0.13210000179242343,0.10289999772794545,True,4328.949606797933
ECC+ChaCha20,5000,1,451,0.028700000257231295,0.13860000763088465,0.10350000229664147,True,4328.949606797933
ECC+ChaCha20,5000,1,452,0.027000001864507794,0.12719999358523637,0.09960000170394778,True,4328.949606797933
ECC+ChaCha20,5000,1,453,0.02710000262595713,0.1281000004382804,0.09960000170394778,True,4328.949606797933
ECC+ChaCha20,5000,1,454,0.027000001864507794,0.12759999663103372,0.09950000094249845,True,4328.949606797933
ECC+ChaCha20,5000,1,455,0.02749999111983925,0.12900000729132444,0.10000000474974513,True,4328.949606797933
ECC+ChaCha20,5000,1,456,0.027000001864507794,0.13479999324772507,0.09940000018104911,True,4328.949606797933
ECC+ChaCha20,5000,1,457,0.02680000034160912,0.1269999920623377,0.09989998943638057,True,4328.949606797933
ECC+ChaCha20,5000,1,458,0.027000001864507794,0.12700000661425292,0.0999000039882958,True,4328.949606797933
ECC+ChaCha20,5000,1,459,0.02720000338740647,0.12739999510813504,0.09970000246539712,True,4328.949606797933
ECC+ChaCha20,5000,1,460,0.027300004148855805,0.12799999967683107,0.10059999476652592,True,4328.949606797933
ECC+ChaCha20,5000,1,461,0.026900001103058457,0.1286000042455271,0.10040000779554248,True,4328.949606797933
ECC+ChaCha20,5000,1,462,0.03340000694151968,0.14119999832473695,0.10239999392069876,True,4328.949606797933
ECC+ChaCha20,5000,1,463,0.02780000795610249,0.12969999806955457,0.10080001084133983,True,4328.949606797933
ECC+ChaCha20,5000,1,464,0.02720000338740647,0.12799999967683107,0.10000000474974513,True,4328.949606797933
ECC+ChaCha20,5000,1,465,0.026599998818710446,0.12799999967683107,0.10040000779554248,True,4328.949606797933
ECC+ChaCha20,5000,1,466,0.026999987312592566,0.1281000004382804,0.10259999544359744,True,4328.949606797933
ECC+ChaCha20,5000,1,467,0.026500012609176338,0.12700000661425292,0.09970000246539712,True,4328.949606797933
ECC+ChaCha20,5000,1,468,0.026900001103058457,0.1264000020455569,0.10010000551119447,True,4328.949606797933
ECC+ChaCha20,5000,1,469,0.027000001864507794,0.12740000966005027,0.10010000551119447,True,4328.949606797933
ECC+ChaCha20,5000,1,470,0.02720000338740647,0.12799999967683107,0.10049999400507659,True,4328.949606797933
ECC+ChaCha20,5000,1,471,0.02749999111983925,0.1379000023007393,0.10009999095927924,True,4328.949606797933
ECC+ChaCha20,5000,1,472,0.02720000338740647,0.12880000576842576,0.1002000062726438,True,4328.949606797933
ECC+ChaCha20,5000,1,473,0.026599998818710446,0.12689999130088836,0.10219999239780009,True,4328.949606797933
ECC+ChaCha20,5000,1,474,0.02680000034160912,0.12660000356845558,0.09989998943638057,True,4328.949606797933
ECC+ChaCha20,5000,1,475,0.02749999111983925,0.12840000272262841,0.10010000551119447,True,4328.949606797933
ECC+ChaCha20,5000,1,476,0.02680000034160912,0.12760001118294895,0.1002000062726438,True,4328.949606797933
ECC+ChaCha20,5000,1,477,0.026699999580159783,0.12769999739248306,0.10040000779554248,True,4328.949606797933
ECC+ChaCha20,5000,1,478,0.027099988074041903,0.12710000737570226,0.1002000062726438,True,4328.949606797933
ECC+ChaCha20,5000,1,479,0.02719998883549124,0.1311999949393794,0.10009999095927924,True,4328.949606797933
ECC+ChaCha20,5000,1,480,0.027300004148855805,0.1280000142287463,0.10039999324362725,True,4328.949606797933
ECC+ChaCha20,5000,1,481,0.02680000034160912,0.1277999981539324,0.09970000246539712,True,4328.949606797933
ECC+ChaCha20,5000,1,482,0.02649999805726111,0.12840000272262841,0.10060000931844115,True,4328.949606797933
ECC+ChaCha20,5000,1,483,0.02680000034160912,0.13049998960923404,0.10029999248217791,True,4328.949606797933
ECC+ChaCha20,5000,1,484,0.026900001103058457,0.12689999130088836,0.10019999172072858,True,4328.949606797933
ECC+ChaCha20,5000,1,485,0.027000001864507794,0.12830000196117908,0.0999000039882958,True,4328.949606797933
ECC+ChaCha20,5000,1,486,0.02649999805726111,0.12680000509135425,0.09970000246539712,True,4328.949606797933
ECC+ChaCha20,5000,1,487,0.02710000262595713,0.13859999307896942,0.10450000991113484,True,4328.949606797933
ECC+ChaCha20,5000,1,488,0.02680000034160912,0.12650000280700624,0.09980000322684646,True,4328.949606797933
ECC+ChaCha20,5000,1,489,0.02680000034160912,0.12789999891538173,0.10019999172072858,True,4328.949606797933
ECC+ChaCha20,5000,1,490,0.026900001103058457,0.12630000128410757,0.10039999324362725,True,4328.949606797933
ECC+ChaCha20,5000,1,491,0.027300004148855805,0.12830000196117908,0.13020000187680125,True,4328.949606797933
ECC+ChaCha20,5000,1,492,0.0337999954354018,0.1396000006934628,0.10240000847261399,True,4328.949606797933
ECC+ChaCha20,5000,1,493,0.028599999495781958,0.13050000416114926,0.10049999400507659,True,4328.949606797933
ECC+ChaCha20,5000,1,494,0.027699992642737925,0.13420000323094428,0.10030000703409314,True,4328.949606797933
ECC+ChaCha20,5000,1,495,0.0278999941656366,0.1272999943466857,0.09929999941959977,True,4328.949606797933
ECC+ChaCha20,5000,1,496,0.027700007194653153,0.12840000272262841,0.10089999705087394,True,4328.949606797933
ECC+ChaCha20,5000,1,497,0.02710000262595713,0.12749999586958438,0.09969998791348189,True,4328.949606797933
ECC+ChaCha20,5000,1,498,0.028000009479001164,0.12710000737570226,0.1002000062726438,True,4328.949606797933
ECC+ChaCha20,5000,1,499,0.0278999941656366,0.12789999891538173,0.10040000779554248,True,4328.949606797933
ECC+ChaCha20,5000,1,500,0.02750000567175448,0.12680000509135425,0.09959998715203255,True,4328.949606797933
ECC+ChaCha20,5000,1,501,0.02749999111983925,0.1277999981539324,0.10059999476652592,True,4328.949606797933
ECC+ChaCha20,5000,1,502,0.028800001018680632,0.13870000839233398,0.10520000068936497,True,4328.949606797933
ECC+ChaCha20,5000,1,503,0.028000009479001164,0.12940001033712178,0.10069999552797526,True,4328.949606797933
ECC+ChaCha20,5000,1,504,0.027400004910305142,0.1272999943466857,0.09959998715203255,True,4328.949606797933
ECC+ChaCha20,5000,1,505,0.0278999941656366,0.1289000065298751,0.10040000779554248,True,4328.949606797933
ECC+ChaCha20,5000,1,506,0.02719998883549124,0.1277999981539324,0.10019999172072858,True,4328.949606797933
ECC+ChaCha20,5000,1,507,0.02720000338740647,0.1281000004382804,0.10150000161956996,True,4328.949606797933
ECC+ChaCha20,5000,1,508,0.02720000338740647,0.12730000889860094,0.09980000322684646,True,4328.949606797933
ECC+ChaCha20,5000,1,509,0.027599991881288588,0.12759999663103372,0.10069999552797526,True,4328.949606797933
ECC+ChaCha20,5000,1,510,0.027600006433203816,0.1399000029778108,0.10770000517368317,True,4328.949606797933
ECC+ChaCha20,5000,1,511,0.027400004910305142,0.12809998588636518,0.10000000474974513,True,4328.949606797933
ECC+ChaCha20,5000,1,512,0.02719998883549124,0.1264000020455569,0.09920001321006566,True,4328.949606797933
ECC+ChaCha20,5000,1,513,0.026900001103058457,0.12739999510813504,0.10029999248217791,True,4328.949606797933
ECC+ChaCha20,5000,1,514,0.02749999111983925,0.12929999502375722,0.10039999324362725,True,4328.949606797933
ECC+ChaCha20,5000,1,515,0.02710000262595713,0.1320000010309741,0.09989998943638057,True,4328.949606797933
ECC+ChaCha20,5000,1,516,0.027299989596940577,0.12660000356845558,0.09950000094249845,True,4328.949606797933
ECC+ChaCha20,5000,1,517,0.02720000338740647,0.12870000500697643,0.10000000474974513,True,4328.949606797933
ECC+ChaCha20,5000,1,518,0.027299989596940577,0.13760000001639128,0.1041999930748716,True,4328.949606797933
ECC+ChaCha20,5000,1,519,0.02720000338740647,0.12620000052265823,0.09950000094249845,True,4328.949606797933
ECC+ChaCha20,5000,1,520,0.027600006433203816,0.12709999282378703,0.10030000703409314,True,4328.949606797933
ECC+ChaCha20,5000,1,521,0.05200000305194408,0.17189999925903976,0.11130000348202884,True,4328.949606797933
ECC+ChaCha20,5000,1,522,0.038700003642588854,0.14849999570287764,0.10639999527484179,True,4328.949606797933
ECC+ChaCha20,5000,1,523,0.02889998722821474,0.1320000010309741,0.10200000542681664,True,4328.949606797933
ECC+ChaCha20,5000,1,524,0.027599991881288588,0.1294999965466559,0.1010000123642385,True,4328.949606797933
ECC+ChaCha20,5000,1,525,0.027300004148855805,0.13919999764766544,0.10560000373516232,True,4328.949606797933
ECC+ChaCha20,5000,1,526,0.027399990358389914,0.1289000065298751,0.10010000551119447,True,4328.949606797933
ECC+ChaCha20,5000,1,527,0.027300004148855805,0.12740000966005027,0.09950000094249845,True,4328.949606797933
ECC+ChaCha20,5000,1,528,0.02680000034160912,0.12739999510813504,0.10029999248217791,True,4328.949606797933
ECC+ChaCha20,5000,1,529,0.027000001864507794,0.12760001118294895,0.10049999400507659,True,4328.949606797933
ECC+ChaCha20,5000,1,530,0.02680000034160912,0.12759999663103372,0.10019999172072858,True,4328.949606797933
ECC+ChaCha20,5000,1,531,0.027000001864507794,0.1281000004382804,0.10050000855699182,True,4328.949606797933
ECC+ChaCha20,5000,1,532,0.026900001103058457,0.12749999586958438,0.10049999400507659,True,4328.949606797933
ECC+ChaCha20,5000,1,533,0.02680000034160912,0.1365000061923638,0.09960000170394778,True,4328.949606797933
ECC+ChaCha20,5000,1,534,0.02649999805726111,0.12709999282378703,0.11949999316129833,True,4328.949606797933
ECC+ChaCha20,5000,1,535,0.032199997804127634,0.13949999993201345,0.10429999383632094,True,4328.949606797933
ECC+ChaCha20,5000,1,536,0.02750000567175448,0.1297999988310039,0.10109999857377261,True,4328.949606797933
ECC+ChaCha20,5000,1,537,0.027300004148855805,0.1289000065298751,0.10050000855699182,True,4328.949606797933
ECC+ChaCha20,5000,1,538,0.02680000034160912,0.12740000966005027,0.09980000322684646,True,4328.949606797933
ECC+ChaCha20,5000,1,539,0.026699999580159783,0.12830000196117908,0.10070001007989049,True,4328.949606797933
ECC+ChaCha20,5000,1,540,0.02720000338740647,0.1286000042455271,0.09980000322684646,True,4328.949606797933
ECC+ChaCha20,5000,1,541,0.02710000262595713,0.13449999096337706,0.10089999705087394,True,4328.949606797933
ECC+ChaCha20,5000,1,542,0.02689998655114323,0.12830000196117908,0.10029999248217791,True,4328.949606797933
ECC+ChaCha20,5000,1,543,0.027700007194653153,0.12969999806955457,0.10060000931844115,True,4328.949606797933
ECC+ChaCha20,5000,1,544,0.027299989596940577,0.1286000042455271,0.09929999941959977,True,4328.949606797933
ECC+ChaCha20,5000,1,545,0.02680000034160912,0.12749999586958438,0.10059999476652592,True,4328.949606797933
ECC+ChaCha20,5000,1,546,0.027000001864507794,0.1272999943466857,0.10049999400507659,True,4328.949606797933
ECC+ChaCha20,5000,1,547,0.02680000034160912,0.13190000026952475,0.10070001007989049,True,4328.949606797933
ECC+ChaCha20,5000,1,548,0.02719998883549124,0.12830000196117908,0.10099999781232327,True,4328.949606797933
ECC+ChaCha20,5000,1,549,0.02720000338740647,0.13780000153928995,0.10039999324362725,True,4328.949606797933
ECC+ChaCha20,5000,1,550,0.057600002037361264,0.19120000069960952,0.11310000263620168,True,4328.949606797933
ECC+ChaCha20,5000,1,551,0.05339999916031957,0.15949999215081334,0.1100999943446368,True,4328.949606797933
ECC+ChaCha20,5000,1,552,0.030100010917522013,0.13490000856108963,0.10320000001229346,True,4328.949606797933
ECC+ChaCha20,5000,1,553,0.028700000257231295,0.1306999911321327,0.10150000161956996,True,4328.949606797933
ECC+ChaCha20,5000,1,554,0.0278999941656366,0.1286000042455271,0.10089999705087394,True,4328.949606797933
ECC+ChaCha20,5000,1,555,0.028600014047697186,0.1314999972237274,0.10099999781232327,True,4328.949606797933
ECC+ChaCha20,5000,1,556,0.027900008717551827,0.12969999806955457,0.10140000085812062,True,4328.949606797933
ECC+ChaCha20,5000,1,557,0.027999994927085936,0.12900000729132444,0.10099999781232327,True,4328.949606797933
ECC+ChaCha20,5000,1,558,0.0281000102404505,0.12900000729132444,0.10070001007989049,True,4328.949606797933
ECC+ChaCha20,5000,1,559,0.02720000338740647,0.13000000035390258,0.10109999857377261,True,4328.949606797933
ECC+ChaCha20,5000,1,560,0.027299989596940577,0.1286000042455271,0.10119999933522195,True,4328.949606797933
ECC+ChaCha20,5000,1,561,0.02710000262595713,0.12919999426230788,0.10119999933522195,True,4328.949606797933
ECC+ChaCha20,5000,1,562,0.027399990358389914,0.14000000373926014,0.10030000703409314,True,4328.949606797933
ECC+ChaCha20,5000,1,563,0.027000001864507794,0.1272000081371516,0.0999000039882958,True,4328.949606797933
ECC+ChaCha20,5000,1,564,0.026900001103058457,0.1283999881707132,0.10390000534243882,True,4328.949606797933
ECC+ChaCha20,5000,1,565,0.026699999580159783,0.12840000272262841,0.1002000062726438,True,4328.949606797933
ECC+ChaCha20,5000,1,566,0.02680000034160912,0.12840000272262841,0.10030000703409314,True,4328.949606797933
ECC+ChaCha20,5000,1,567,0.026699999580159783,0.12749999586958438,0.09980000322684646,True,4328.949606797933
ECC+ChaCha20,5000,1,568,0.027000001864507794,0.1277999981539324,0.10030000703409314,True,4328.949606797933
ECC+ChaCha20,5000,1,569,0.026900001103058457,0.1272999943466857,0.09960000170394778,True,4328.949606797933
ECC+ChaCha20,5000,1,570,0.027000001864507794,0.13100000796839595,0.10080001084133983,True,4328.949606797933
ECC+ChaCha20,5000,1,571,0.02710000262595713,0.1275000104214996,0.10010000551119447,True,4328.949606797933
ECC+ChaCha20,5000,1,572,0.026900001103058457,0.12789999891538173,0.10049999400507659,True,4328.949606797933
ECC+ChaCha20,5000,1,573,0.02720000338740647,0.12820000119972974,0.1002000062726438,True,4328.949606797933
ECC+ChaCha20,5000,1,574,0.027600006433203816,0.12769999739248306,0.10060000931844115,True,4328.949606797933
ECC+ChaCha20,5000,1,575,0.02649999805726111,0.12709999282378703,0.10019999172072858,True,4328.949606797933
ECC+ChaCha20,5000,1,576,0.02649999805726111,0.12799999967683107,0.09960000170394778,True,4328.949606797933
ECC+ChaCha20,5000,1,577,0.026399997295811772,0.12670000432990491,0.09980000322684646,True,4328.949606797933
ECC+ChaCha20,5000,1,578,0.03090000245720148,0.1449999981559813,0.10740000288933516,True,4328.949606797933
ECC+ChaCha20,5000,1,579,0.03580001066438854,0.1466000103391707,0.10939998901449144,True,4328.949606797933
ECC+ChaCha20,5000,1,580,0.02849999873433262,0.13099999341648072,0.12240000069141388,True,4328.949606797933
ECC+ChaCha20,5000,1,581,0.028700000257231295,0.13070000568404794,0.10180000390391797,True,4328.949606797933
ECC+ChaCha20,5000,1,582,0.027299989596940577,0.12909999350085855,0.10099999781232327,True,4328.949606797933
ECC+ChaCha20,5000,1,583,0.02710000262595713,0.12859998969361186,0.10089999705087394,True,4328.949606797933
ECC+ChaCha20,5000,1,584,0.02720000338740647,0.1281000004382804,0.10069999552797526,True,4328.949606797933
ECC+ChaCha20,5000,1,585,0.027300004148855805,0.13520001084543765,0.10099999781232327,True,4328.949606797933
ECC+ChaCha20,5000,1,586,0.027000001864507794,0.1286000042455271,0.10029999248217791,True,4328.949606797933
ECC+ChaCha20,5000,1,587,0.02819999644998461,0.1306000049225986,0.10210000618826598,True,4328.949606797933
ECC+ChaCha20,5000,1,588,0.02710000262595713,0.12969999806955457,0.1007999962894246,True,4328.949606797933
ECC+ChaCha20,5000,1,589,0.027299989596940577,0.12710000737570226,0.10109999857377261,True,4328.949606797933
ECC+ChaCha20,5000,1,590,0.027600006433203816,0.12870000500697643,0.10200000542681664,True,4328.949606797933
ECC+ChaCha20,5000,1,591,0.02680000034160912,0.12969999806955457,0.1002000062726438,True,4328.949606797933
ECC+ChaCha20,5000,1,592,0.027400004910305142,0.12820000119972974,0.10059999476652592,True,4328.949606797933
ECC+ChaCha20,5000,1,593,0.02720000338740647,0.13470000703819096,0.1002000062726438,True,4328.949606797933
ECC+ChaCha20,5000,1,594,0.027299989596940577,0.12789999891538173,0.09959998715203255,True,4328.949606797933
ECC+ChaCha20,5000,1,595,0.02649999805726111,0.12759999663103372,0.10059999476652592,True,4328.949606797933
ECC+ChaCha20,5000,1,596,0.027599991881288588,0.12789999891538173,0.09989998943638057,True,4328.949606797933
ECC+ChaCha20,5000,1,597,0.026599998818710446,0.12820000119972974,0.10069999552797526,True,4328.949606797933
ECC+ChaCha20,5000,1,598,0.026900001103058457,0.12700000661425292,0.09950000094249845,True,4328.949606797933
ECC+ChaCha20,5000,1,599,0.026900001103058457,0.12830000196117908,0.10000000474974513,True,4328.949606797933
ECC+ChaCha20,5000,1,600,0.02710000262595713,0.12790001346729696,0.1002000062726438,True,4328.949606797933
ECC+ChaCha20,5000,1,601,0.02680000034160912,0.13760000001639128,0.10439999459777027,True,4328.949606797933
ECC+ChaCha20,5000,1,602,0.026699999580159783,0.12759999663103372,0.10039999324362725,True,4328.949606797933
ECC+ChaCha20,5000,1,603,0.02680000034160912,0.12799999967683107,0.10029999248217791,True,4328.949606797933
ECC+ChaCha20,5000,1,604,0.026299996534362435,0.12659998901654035,0.09950000094249845,True,4328.949606797933
ECC+ChaCha20,5000,1,605,0.02649999805726111,0.12700000661425292,0.09960000170394778,True,4328.949606797933
ECC+ChaCha20,5000,1,606,0.026299996534362435,0.12710000737570226,0.10000000474974513,True,4328.949606797933
ECC+ChaCha20,5000,1,607,0.035899996873922646,0.13770000077784061,0.10289999772794545,True,4328.949606797933
ECC+ChaCha20,5000,1,608,0.028700000257231295,0.14010000450070947,0.10289999772794545,True,4328.949606797933
ECC+ChaCha20,5000,1,609,0.027999994927085936,0.12959999730810523,0.10049999400507659,True,4328.949606797933
ECC+ChaCha20,5000,1,610,0.027300004148855805,0.1286000042455271,0.10059999476652592,True,4328.949606797933
ECC+ChaCha20,5000,1,611,0.027300004148855805,0.13479999324772507,0.10219999239780009,True,4328.949606797933
ECC+ChaCha20,5000,1,612,0.027699992642737925,0.12909999350085855,0.1016000023810193,True,4328.949606797933
ECC+ChaCha20,5000,1,613,0.027099988074041903,0.12880000576842576,0.10030000703409314,True,4328.949606797933
ECC+ChaCha20,5000,1,614,0.026699999580159783,0.12789999891538173,0.10010000551119447,True,4328.949606797933
ECC+ChaCha20,5000,1,615,0.026699999580159783,0.12769999739248306,0.09979998867493123,True,4328.949606797933
ECC+ChaCha20,5000,1,616,0.027400004910305142,0.13890000991523266,0.10570000449661165,True,4328.949606797933
ECC+ChaCha20,5000,1,617,0.026699999580159783,0.12799999967683107,0.09980000322684646,True,4328.949606797933
ECC+ChaCha20,5000,1,618,0.027400004910305142,0.12850000348407775,0.10369998926762491,True,4328.949606797933
ECC+ChaCha20,5000,1,619,0.02680000034160912,0.12740000966005027,0.10010000551119447,True,4328.949606797933
ECC+ChaCha20,5000,1,620,0.026900001103058457,0.12670000432990491,0.0999000039882958,True,4328.949606797933
ECC+ChaCha20,5000,1,621,0.026300011086277664,0.12760001118294895,0.10030000703409314,True,4328.949606797933
ECC+ChaCha20,5000,1,622,0.02680000034160912,0.1275000104214996,0.09960000170394778,True,4328.949606797933
ECC+ChaCha20,5000,1,623,0.026799985789693892,0.12730000889860094,0.09980000322684646,True,4328.949606797933
ECC+ChaCha20,5000,1,624,0.026599998818710446,0.13849999231752008,0.09960000170394778,True,4328.949606797933
ECC+ChaCha20,5000,1,625,0.027000001864507794,0.1277999981539324,0.10069999552797526,True,4328.949606797933
ECC+ChaCha20,5000,1,626,0.027300004148855805,0.1275000104214996,0.09960000170394778,True,4328.949606797933
ECC+ChaCha20,5000,1,627,0.032500000088475645,0.13610000314656645,0.10140000085812062,True,4328.949606797933
ECC+ChaCha20,5000,1,628,0.027600006433203816,0.1286000042455271,0.10090001160278916,True,4328.949606797933
ECC+ChaCha20,5000,1,629,0.02710000262595713,0.12880000576842576,0.10010000551119447,True,4328.949606797933
ECC+ChaCha20,5000,1,630,0.026900001103058457,0.12769999739248306,0.09960000170394778,True,4328.949606797933
ECC+ChaCha20,5000,1,631,0.02749999111983925,0.12850000348407775,0.10070001007989049,True,4328.949606797933
ECC+ChaCha20,5000,1,632,0.027099988074041903,0.1368000084767118,0.10010000551119447,True,4328.949606797933
ECC+ChaCha20,5000,1,633,0.027000001864507794,0.1269999920623377,0.09989998943638057,True,4328.949606797933
ECC+ChaCha20,5000,1,634,0.026300011086277664,0.12740000966005027,0.09960000170394778,True,4328.949606797933
ECC+ChaCha20,5000,1,635,0.026399997295811772,0.1255999959539622,0.09970000246539712,True,4328.949606797933
ECC+ChaCha20,5000,1,636,0.02849999873433262,0.1336999994236976,0.1016000023810193,True,4328.949606797933
ECC+ChaCha20,5000,1,637,0.027699992642737925,0.1289999927394092,0.10039999324362725,True,4328.949606797933
ECC+ChaCha20,5000,1,638,0.02719998883549124,0.12650000280700624,0.0999000039882958,True,4328.949606797933
ECC+ChaCha20,5000,1,639,0.02680000034160912,0.1280000142287463,0.10059999476652592,True,4328.949606797933
ECC+ChaCha20,5000,1,640,0.027000001864507794,0.13719999697059393,0.0999999901978299,True,4328.949606797933
ECC+ChaCha20,5000,1,641,0.027000001864507794,0.12770001194439828,0.10040000779554248,True,4328.949606797933
ECC+ChaCha20,5000,1,642,0.026699999580159783,0.12799999967683107,0.09950000094249845,True,4328.949606797933
ECC+ChaCha20,5000,1,643,0.02710000262595713,0.1328999933321029,0.10560000373516232,True,4328.949606797933
ECC+ChaCha20,5000,1,644,0.027000001864507794,0.12830000196117908,0.09940000018104911,True,4328.949606797933
ECC+ChaCha20,5000,1,645,0.026599998818710446,0.12789999891538173,0.09959998715203255,True,4328.949606797933
ECC+ChaCha20,5000,1,646,0.02680000034160912,0.12769999739248306,0.10019999172072858,True,4328.949606797933
ECC+ChaCha20,5000,1,647,0.026599998818710446,0.1269999920623377,0.09940000018104911,True,4328.949606797933
ECC+ChaCha20,5000,1,648,0.026900001103058457,0.13290000788401812,0.09950000094249845,True,4328.949606797933
ECC+ChaCha20,5000,1,649,0.026699999580159783,0.12740000966005027,0.10000000474974513,True,4328.949606797933
ECC+ChaCha20,5000,1,650,0.02749999111983925,0.1289999927394092,0.0999000039882958,True,4328.949606797933
ECC+ChaCha20,5000,1,651,0.026699999580159783,0.12660000356845558,0.09950000094249845,True,4328.949606797933
ECC+ChaCha20,5000,1,652,0.026900001103058457,0.12820000119972974,0.09960000170394778,True,4328.949606797933
ECC+ChaCha20,5000,1,653,0.026400011847727,0.1272000081371516,0.10040000779554248,True,4328.949606797933
ECC+ChaCha20,5000,1,654,0.026900001103058457,0.1281000004382804,0.09980000322684646,True,4328.949606797933
ECC+ChaCha20,5000,1,655,0.027099988074041903,0.12919999426230788,0.10029999248217791,True,4328.949606797933
ECC+ChaCha20,5000,1,656,0.02680000034160912,0.13970000145491213,0.10370000381954014,True,4328.949606797933
ECC+ChaCha20,5000,1,657,0.02710000262595713,0.12830000196117908,0.10029999248217791,True,4328.949606797933
ECC+ChaCha20,5000,1,658,0.02720000338740647,0.1286000042455271,0.0999000039882958,True,4328.949606797933
ECC+ChaCha20,5000,1,659,0.026699999580159783,0.12760001118294895,0.10030000703409314,True,4328.949606797933
ECC+ChaCha20,5000,1,660,0.026900001103058457,0.1277999981539324,0.10109999857377261,True,4328.949606797933
ECC+ChaCha20,5000,1,661,0.026599998818710446,0.12820000119972974,0.09970000246539712,True,4328.949606797933
ECC+ChaCha20,5000,1,662,0.026900001103058457,0.12789999891538173,0.10029999248217791,True,4328.949606797933
ECC+ChaCha20,5000,1,663,0.02749999111983925,0.12700000661425292,0.1002000062726438,True,4328.949606797933
ECC+ChaCha20,5000,1,664,0.026399997295811772,0.13599998783320189,0.09960000170394778,True,4328.949606797933
ECC+ChaCha20,5000,1,665,0.026599998818710446,0.12659998901654035,0.09970000246539712,True,4328.949606797933
ECC+ChaCha20,5000,1,666,0.03789999755099416,0.15239999629557133,0.10869999823626131,True,4328.949606797933
ECC+ChaCha20,5000,1,667,0.05570000212173909,0.17410000145900995,0.10769999062176794,True,4328.949606797933
ECC+ChaCha20,5000,1,668,0.03189999551977962,0.13669999316334724,0.10320000001229346,True,4328.949606797933
ECC+ChaCha20,5000,1,669,0.034199998481199145,0.14139999984763563,0.10489999840501696,True,4328.949606797933
ECC+ChaCha20,5000,1,670,0.028700000257231295,0.13179999950807542,0.10110001312568784,True,4328.949606797933
ECC+ChaCha20,5000,1,671,0.028599999495781958,0.13040000339969993,0.10030000703409314,True,4328.949606797933
ECC+ChaCha20,5000,1,672,0.027999994927085936,0.1306000049225986,0.10220000694971532,True,4328.949606797933
ECC+ChaCha20,5000,1,673,0.027599991881288588,0.12989999959245324,0.10150000161956996,True,4328.949606797933
ECC+ChaCha20,5000,1,674,0.02749999111983925,0.12939999578520656,0.10029999248217791,True,4328.949606797933
ECC+ChaCha20,5000,1,675,0.02710000262595713,0.13179999950807542,0.10099999781232327,True,4328.949606797933
ECC+ChaCha20,5000,1,676,0.02710000262595713,0.12929999502375722,0.10099999781232327,True,4328.949606797933
ECC+ChaCha20,5000,1,677,0.02680000034160912,0.13420000323094428,0.10010000551119447,True,4328.949606797933
ECC+ChaCha20,5000,1,678,0.027400004910305142,0.12820000119972974,0.10089999705087394,True,4328.949606797933
ECC+ChaCha20,5000,1,679,0.027000001864507794,0.12830000196117908,0.10050000855699182,True,4328.949606797933
ECC+ChaCha20,5000,1,680,0.02680000034160912,0.1277999981539324,0.10000000474974513,True,4328.949606797933
ECC+ChaCha20,5000,1,681,0.02710000262595713,0.12820000119972974,0.1007999962894246,True,4328.949606797933
ECC+ChaCha20,5000,1,682,0.027400004910305142,0.12799999967683107,0.10260000999551266,True,4328.949606797933
ECC+ChaCha20,5000,1,683,0.026399997295811772,0.12700000661425292,0.10010000551119447,True,4328.949606797933
ECC+ChaCha20,5000,1,684,0.02720000338740647,0.12820000119972974,0.10029999248217791,True,4328.949606797933
ECC+ChaCha20,5000,1,685,0.02680000034160912,0.13819999003317207,0.10559998918324709,True,4328.949606797933
ECC+ChaCha20,5000,1,686,0.026699999580159783,0.12789999891538173,0.09929999941959977,True,4328.949606797933
ECC+ChaCha20,5000,1,687,0.026699999580159783,0.12820000119972974,0.0999000039882958,True,4328.949606797933
ECC+ChaCha20,5000,1,688,0.026699999580159783,0.12759999663103372,0.09970000246539712,True,4328.949606797933
ECC+ChaCha20,5000,1,689,0.026600013370625675,0.12799999967683107,0.1007999962894246,True,4328.949606797933
ECC+ChaCha20,5000,1,690,0.02649999805726111,0.12789999891538173,0.10390000534243882,True,4328.949606797933
ECC+ChaCha20,5000,1,691,0.026299996534362435,0.12789999891538173,0.10039999324362725,True,4328.949606797933
ECC+ChaCha20,5000,1,692,0.04739999712910503,0.1708999916445464,0.10879999899771065,True,4328.949606797933
ECC+ChaCha20,5000,1,693,0.03399999695830047,0.14800000644754618,0.10180000390391797,True,4328.949606797933
ECC+ChaCha20,5000,1,694,0.04919999628327787,0.2556999970693141,0.2170999941881746,True,4328.949606797933
ECC+ChaCha20,5000,1,695,0.048300003982149065,0.16369999502785504,0.11069999891333282,True,4328.949606797933
ECC+ChaCha20,5000,1,696,0.034199998481199145,0.145500001963228,0.12270000297576189,True,4328.949606797933
ECC+ChaCha20,5000,1,697,0.03159999323543161,0.13590000162366778,0.10380000458098948,True,4328.949606797933
ECC+ChaCha20,5000,1,698,0.04189999890513718,0.13380000018514693,0.10549998842179775,True,4328.949606797933
ECC+ChaCha20,5000,1,699,0.030399998649954796,0.13509999553207308,0.10439999459777027,True,4328.949606797933
ECC+ChaCha20,5000,1,700,0.02890000178012997,0.1340000017080456,0.10350000229664147,True,4328.949606797933
ECC+ChaCha20,5000,1,701,0.03029999788850546,0.13880000915378332,0.10289999772794545,True,4328.949606797933
ECC+ChaCha20,5000,1,702,0.028399997972883284,0.1292000088142231,0.10109999857377261,True,4328.949606797933
ECC+ChaCha20,5000,1,703,0.027599991881288588,0.12880000576842576,0.10029999248217791,True,4328.949606797933
ECC+ChaCha20,5000,1,704,0.02749999111983925,0.1396000006934628,0.09980000322684646,True,4328.949606797933
ECC+ChaCha20,5000,1,705,0.029199989512562752,0.13020000187680125,0.10089999705087394,True,4328.949606797933
ECC+ChaCha20,5000,1,706,0.027299989596940577,0.13349999790079892,0.10089999705087394,True,4328.949606797933
ECC+ChaCha20,5000,1,707,0.027799993404187262,0.1297999988310039,0.10089999705087394,True,4328.949606797933
ECC+ChaCha20,5000,1,708,0.02720000338740647,0.1281000004382804,0.09950000094249845,True,4328.949606797933
ECC+ChaCha20,5000,1,709,0.026600013370625675,0.12930000957567245,0.09960000170394778,True,4328.949606797933
ECC+ChaCha20,5000,1,710,0.027000001864507794,0.12769999739248306,0.09970000246539712,True,4328.949606797933
ECC+ChaCha20,5000,1,711,0.027400004910305142,0.1286999904550612,0.10059999476652592,True,4328.949606797933
ECC+ChaCha20,5000,1,712,0.026699999580159783,0.12770001194439828,0.10000000474974513,True,4328.949606797933
ECC+ChaCha20,5000,1,713,0.02680000034160912,0.1357000001007691,0.09919999865815043,True,4328.949606797933
ECC+ChaCha20,5000,1,714,0.0278999941656366,0.12959999730810523,0.10010000551119447,True,4328.949606797933
ECC+ChaCha20,5000,1,715,0.02680000034160912,0.12759999663103372,0.0999999901978299,True,4328.949606797933
ECC+ChaCha20,5000,1,716,0.026599998818710446,0.12739999510813504,0.1505999971413985,True,4328.949606797933
ECC+ChaCha20,5000,1,717,0.037999998312443495,0.14470001042354852,0.10469999688211828,True,4328.949606797933
ECC+ChaCha20,5000,1,718,0.03029999788850546,0.1345999917248264,0.10219999239780009,True,4328.949606797933
ECC+ChaCha20,5000,1,719,0.053499999921768904,0.17279999156016856,0.11160000576637685,True,4328.949606797933
ECC+ChaCha20,5000,1,720,0.032199997804127634,0.1475000026402995,0.10630000906530768,True,4328.949606797933
ECC+ChaCha20,5000,1,721,0.0391000066883862,0.1357000001007691,0.10109999857377261,True,4328.949606797933
ECC+ChaCha20,5000,1,722,0.04650000482797623,0.1812999980757013,0.11110000195913017,True,4328.949606797933
ECC+ChaCha20,5000,1,723,0.04239998816046864,0.16999999934341758,0.11029999586753547,True,4328.949606797933
ECC+ChaCha20,5000,1,724,0.04609998723026365,0.18010000349022448,0.11100000119768083,True,4328.949606797933
ECC+ChaCha20,5000,1,725,0.03290000313427299,0.1396999869029969,0.10209999163635075,True,4328.949606797933
ECC+ChaCha20,5000,1,726,0.028399997972883284,0.1306999911321327,0.10069999552797526,True,4328.949606797933
ECC+ChaCha20,5000,1,727,0.028099995688535273,0.13139999646227807,0.1007999962894246,True,4328.949606797933
ECC+ChaCha20,5000,1,728,0.02750000567175448,0.1289000065298751,0.10040000779554248,True,4328.949606797933
ECC+ChaCha20,5000,1,729,0.027600006433203816,0.13010000111535192,0.10099999781232327,True,4328.949606797933
ECC+ChaCha20,5000,1,730,0.02820001100189984,0.12969999806955457,0.10019999172072858,True,4328.949606797933
ECC+ChaCha20,5000,1,731,0.02750000567175448,0.12939999578520656,0.10070001007989049,True,4328.949606797933
ECC+ChaCha20,5000,1,732,0.0278999941656366,0.13080000644549727,0.10340000153519213,True,4328.949606797933
ECC+ChaCha20,5000,1,733,0.027700007194653153,0.13020000187680125,0.10029999248217791,True,4328.949606797933
ECC+ChaCha20,5000,1,734,0.037600009818561375,0.15320000238716602,0.10380000458098948,True,4328.949606797933
ECC+ChaCha20,5000,1,735,0.04410000110510737,0.13760000001639128,0.10340000153519213,True,4328.949606797933
ECC+ChaCha20,5000,1,736,0.029699993319809437,0.13139999646227807,0.10030000703409314,True,4328.949606797933
ECC+ChaCha20,5000,1,737,0.0408000050811097,0.14609999198000878,0.10640000982675701,True,4328.949606797933
ECC+ChaCha20,5000,1,738,0.028000009479001164,0.13540001236833632,0.10059999476652592,True,4328.949606797933
ECC+ChaCha20,5000,1,739,0.027799993404187262,0.1311999949393794,0.10109999857377261,True,4328.949606797933
ECC+ChaCha20,5000,1,740,0.027900008717551827,0.12959999730810523,0.10000000474974513,True,4328.949606797933
ECC+ChaCha20,5000,1,741,0.02749999111983925,0.13020000187680125,0.10150000161956996,True,4328.949606797933
ECC+ChaCha20,5000,1,742,0.027799993404187262,0.12939999578520656,0.10059999476652592,True,4328.949606797933
ECC+ChaCha20,5000,1,743,0.026999987312592566,0.12900000729132444,0.09960000170394778,True,4328.949606797933
ECC+ChaCha20,5000,1,744,0.03640000068116933,0.13000000035390258,0.10040000779554248,True,4328.949606797933
ECC+ChaCha20,5000,1,745,0.028000009479001164,0.1348000077996403,0.10040000779554248,True,4328.949606797933
ECC+ChaCha20,5000,1,746,0.027600006433203816,0.13020000187680125,0.10049999400507659,True,4328.949606797933
ECC+ChaCha20,5000,1,747,0.027300004148855805,0.12939999578520656,0.10030000703409314,True,4328.949606797933
ECC+ChaCha20,5000,1,748,0.10889999975915998,0.5661000031977892,0.2690999972401187,True,4328.949606797933
ECC+ChaCha20,5000,1,749,0.06590000702999532,0.17160001152660698,0.1154000055976212,True,4328.949606797933
ECC+ChaCha20,5000,1,750,0.03809999907389283,0.14560000272467732,0.10889999975915998,True,4328.949606797933
ECC+ChaCha20,5000,1,751,0.032899988582357764,0.15130000247154385,0.10699999984353781,True,4328.949606797933
ECC+ChaCha20,5000,1,752,0.03229999856557697,0.1416000013705343,0.10940000356640667,True,4328.949606797933
ECC+ChaCha20,5000,1,753,0.031100003980100155,0.14009998994879425,0.10820000898092985,True,4328.949606797933
ECC+ChaCha20,5000,1,754,0.032199997804127634,0.13420000323094428,0.10429999383632094,True,4328.949606797933
ECC+ChaCha20,5000,1,755,0.02819999644998461,0.13159999798517674,0.10420000762678683,True,4328.949606797933
ECC+ChaCha20,5000,1,756,0.027699992642737925,0.13169999874662608,0.1033000007737428,True,4328.949606797933
ECC+ChaCha20,5000,1,757,0.02819999644998461,0.13190000026952475,0.10309999925084412,True,4328.949606797933
ECC+ChaCha20,5000,1,758,0.02780000795610249,0.13240000407677144,0.10359998850617558,True,4328.949606797933
ECC+ChaCha20,5000,1,759,0.027900008717551827,0.14340000052470714,0.10749998909886926,True,4328.949606797933
ECC+ChaCha20,5000,1,760,0.029600007110275328,0.13610000314656645,0.1041999930748716,True,4328.949606797933
ECC+ChaCha20,5000,1,761,0.028299997211433947,0.13229998876340687,0.10350000229664147,True,4328.949606797933
ECC+ChaCha20,5000,1,762,0.030099996365606785,0.13419998867902905,0.10309999925084412,True,4328.949606797933
ECC+ChaCha20,5000,1,763,0.028000009479001164,0.1323000033153221,0.10389999079052359,True,4328.949606797933
ECC+ChaCha20,5000,1,764,0.027600006433203816,0.1311999949393794,0.10340000153519213,True,4328.949606797933
ECC+ChaCha20,5000,1,765,0.02750000567175448,0.1320000010309741,0.10400000610388815,True,4328.949606797933
ECC+ChaCha20,5000,1,766,0.027699992642737925,0.13139999646227807,0.10299999848939478,True,4328.949606797933
ECC+ChaCha20,5000,1,767,0.02849999873433262,0.13559999933931977,0.10480001219548285,True,4328.949606797933
ECC+ChaCha20,5000,1,768,0.02819999644998461,0.14430000737775117,0.11000000813510269,True,4328.949606797933
ECC+ChaCha20,5000,1,769,0.02780000795610249,0.13220000255387276,0.1036000030580908,True,4328.949606797933
ECC+ChaCha20,5000,1,770,0.027600006433203816,0.1373999984934926,0.1033000007737428,True,4328.949606797933
ECC+ChaCha20,5000,1,771,0.0278999941656366,0.13240000407677144,0.10380000458098948,True,4328.949606797933
ECC+ChaCha20,5000,1,772,0.027700007194653153,0.13159999798517674,0.10350000229664147,True,4328.949606797933
ECC+ChaCha20,5000,1,773,0.027600006433203816,0.13219998800195754,0.20389999554026872,True,4328.949606797933
ECC+ChaCha20,5000,1,774,0.03800001286435872,0.16419999883510172,0.11100000119768083,True,4328.949606797933
ECC+ChaCha20,5000,1,775,0.02929999027401209,0.14340000052470714,0.1083999959519133,True,4328.949606797933
ECC+ChaCha20,5000,1,776,0.028399997972883284,0.1429999974789098,0.10320000001229346,True,4328.949606797933
ECC+ChaCha20,5000,1,777,0.028700000257231295,0.13300000864546746,0.12840000272262841,True,4328.949606797933
ECC+ChaCha20,5000,1,778,0.044599990360438824,0.17220000154338777,0.12090000382158905,True,4328.949606797933
ECC+ChaCha20,5000,1,779,0.036600002204068005,0.16309999045915902,0.10720000136643648,True,4328.949606797933
ECC+ChaCha20,5000,1,780,0.029000002541579306,0.13339999713934958,0.1036000030580908,True,4328.949606797933
ECC+ChaCha20,5000,1,781,0.028000009479001164,0.1385000068694353,0.10370000381954014,True,4328.949606797933
ECC+ChaCha20,5000,1,782,0.02849999873433262,0.13380000018514693,0.10389999079052359,True,4328.949606797933
ECC+ChaCha20,5000,1,783,0.0278999941656366,0.13089999265503138,0.11139998969156295,True,4328.949606797933
ECC+ChaCha20,5000,1,784,0.02819999644998461,0.14279999595601112,0.10560000373516232,True,4328.949606797933
ECC+ChaCha20,5000,1,785,0.02780000795610249,0.13139999646227807,0.109200002043508,True,4328.949606797933
ECC+ChaCha20,5000,1,786,0.028000009479001164,0.13120000949129462,0.10279999696649611,True,4328.949606797933
ECC+ChaCha20,5000,1,787,0.0278999941656366,0.13159999798517674,0.10299999848939478,True,4328.949606797933
ECC+ChaCha20,5000,1,788,0.028300011763349175,0.1326000055996701,0.10390000534243882,True,4328.949606797933
ECC+ChaCha20,5000,1,789,0.027399990358389914,0.1309000072069466,0.10269999620504677,True,4328.949606797933
ECC+ChaCha20,5000,1,790,0.03239999932702631,0.1326000055996701,0.10300001304131001,True,4328.949606797933
ECC+ChaCha20,5000,1,791,0.027600006433203816,0.13120000949129462,0.10380000458098948,True,4328.949606797933
ECC+ChaCha20,5000,1,792,0.02750000567175448,0.14000000373926014,0.10409999231342226,True,4328.949606797933
ECC+ChaCha20,5000,1,793,0.0281000102404505,0.14350000128615648,0.10289999772794545,True,4328.949606797933
ECC+ChaCha20,5000,1,794,0.027799993404187262,0.13109999417793006,0.11199999426025897,True,4328.949606797933
ECC+ChaCha20,5000,1,795,0.027900008717551827,0.1303000026382506,0.1024999946821481,True,4328.949606797933
ECC+ChaCha20,5000,1,796,0.027700007194653153,0.13110000872984529,0.10279999696649611,True,4328.949606797933
ECC+ChaCha20,5000,1,797,0.0278999941656366,0.1314999972237274,0.1024999946821481,True,4328.949606797933
ECC+ChaCha20,5000,1,798,0.028399997972883284,0.13210000179242343,0.10299999848939478,True,4328.949606797933
ECC+ChaCha20,5000,1,799,0.028000009479001164,0.1331000094069168,0.10370000381954014,True,4328.949606797933
ECC+ChaCha20,5000,1,800,0.02749999111983925,0.13190000026952475,0.10299999848939478,True,4328.949606797933
ECC+ChaCha20,5000,1,801,0.02750000567175448,0.1387999946018681,0.10379999002907425,True,4328.949606797933
ECC+ChaCha20,5000,1,802,0.0278999941656366,0.14760000340174884,0.10340000153519213,True,4328.949606797933
ECC+ChaCha20,5000,1,803,0.027699992642737925,0.13839999155607074,0.10409999231342226,True,4328.949606797933
ECC+ChaCha20,5000,1,804,0.027300004148855805,0.13130001025274396,0.10629999451339245,True,4328.949606797933
ECC+ChaCha20,5000,1,805,0.02720000338740647,0.13099999341648072,0.11189999349880964,True,4328.949606797933
ECC+ChaCha20,5000,1,806,0.028099995688535273,0.13269999180920422,0.10350000229664147,True,4328.949606797933
ECC+ChaCha20,5000,1,807,0.027000001864507794,0.1306000049225986,0.10380000458098948,True,4328.949606797933
ECC+ChaCha20,5000,1,808,0.027600006433203816,0.1311999949393794,0.10220000694971532,True,4328.949606797933
ECC+ChaCha20,5000,1,809,0.04939999780617654,0.18829999316949397,0.12089998926967382,True,4328.949606797933
ECC+ChaCha20,5000,1,810,0.060300008044578135,0.20140000560786575,0.115999995614402,True,4328.949606797933
ECC+ChaCha20,5000,1,811,0.03530000685714185,0.14230000670067966,0.10770000517368317,True,4328.949606797933
ECC+ChaCha20,5000,1,812,0.03339999238960445,0.14439999358728528,0.10769999062176794,True,4328.949606797933
ECC+ChaCha20,5000,1,813,0.030199997127056122,0.1365999924018979,0.10760000441223383,True,4328.949606797933
ECC+ChaCha20,5000,1,814,0.030399998649954796,0.1379000023007393,0.10689999908208847,True,4328.949606797933
ECC+ChaCha20,5000,1,815,0.029999995604157448,0.13860000763088465,0.10730000212788582,True,4328.949606797933
ECC+ChaCha20,5000,1,816,0.02989999484270811,0.13729999773204327,0.10540000221226364,True,4328.949606797933
ECC+ChaCha20,5000,1,817,0.029399991035461426,0.14350000128615648,0.10390000534243882,True,4328.949606797933
ECC+ChaCha20,5000,1,818,0.027900008717551827,0.13169999874662608,0.10299999848939478,True,4328.949606797933
ECC+ChaCha20,5000,1,819,0.028099995688535273,0.13250000483822078,0.10380000458098948,True,4328.949606797933
ECC+ChaCha20,5000,1,820,0.029100003303028643,0.13309999485500157,0.1033000007737428,True,4328.949606797933
ECC+ChaCha20,5000,1,821,0.028000009479001164,0.13160001253709197,0.1036000030580908,True,4328.949606797933
ECC+ChaCha20,5000,1,822,0.027999994927085936,0.1328000071225688,0.10320000001229346,True,4328.949606797933
ECC+ChaCha20,5000,1,823,0.027700007194653153,0.13139999646227807,0.10370000381954014,True,4328.949606797933
ECC+ChaCha20,5000,1,824,0.027600006433203816,0.13110000872984529,0.10370000381954014,True,4328.949606797933
ECC+ChaCha20,5000,1,825,0.027699992642737925,0.13139999646227807,0.10309999925084412,True,4328.949606797933
ECC+ChaCha20,5000,1,826,0.02780000795610249,0.13199998647905886,0.10380000458098948,True,4328.949606797933
ECC+ChaCha20,5000,1,827,0.027999994927085936,0.13179999950807542,0.1033000007737428,True,4328.949606797933
ECC+ChaCha20,5000,1,828,0.028000009479001164,0.1309000072069466,0.10250000923406333,True,4328.949606797933
ECC+ChaCha20,5000,1,829,0.02780000795610249,0.13190000026952475,0.10370000381954014,True,4328.949606797933
ECC+ChaCha20,5000,1,830,0.02819999644998461,0.13259999104775488,0.10320000001229346,True,4328.949606797933
ECC+ChaCha20,5000,1,831,0.028399997972883284,0.13220000255387276,0.10309999925084412,True,4328.949606797933
ECC+ChaCha20,5000,1,832,0.027700007194653153,0.13139999646227807,0.10350000229664147,True,4328.949606797933
ECC+ChaCha20,5000,1,833,0.027799993404187262,0.13159999798517674,0.10359998850617558,True,4328.949606797933
ECC+ChaCha20,5000,1,834,0.02819999644998461,0.14239999291021377,0.1033000007737428,True,4328.949606797933
ECC+ChaCha20,5000,1,835,0.027699992642737925,0.13169999874662608,0.1036000030580908,True,4328.949606797933
ECC+ChaCha20,5000,1,836,0.027299989596940577,0.13050000416114926,0.10240000847261399,True,4328.949606797933
ECC+ChaCha20,5000,1,837,0.027400004910305142,0.13150001177564263,0.10259999544359744,True,4328.949606797933
ECC+ChaCha20,5000,1,838,0.027600006433203816,0.4030999989481643,0.12850000348407775,True,4328.949606797933
ECC+ChaCha20,5000,1,839,0.040099999750964344,0.16209999739658087,0.1112000027205795,True,4328.949606797933
ECC+ChaCha20,5000,1,840,0.03199999628122896,0.13760000001639128,0.10689999908208847,True,4328.949606797933
ECC+ChaCha20,5000,1,841,0.030399998649954796,0.14879999798722565,0.11280000035185367,True,4328.949606797933
ECC+ChaCha20,5000,1,842,0.030899987905286252,0.13719999697059393,0.10539998766034842,True,4328.949606797933
ECC+ChaCha20,5000,1,843,0.029400005587376654,0.13640000543091446,0.10420000762678683,True,4328.949606797933
ECC+ChaCha20,5000,1,844,0.029399991035461426,0.13179999950807542,0.10299999848939478,True,4328.949606797933
ECC+ChaCha20,5000,1,845,0.029400005587376654,0.13580000086221844,0.10479999764356762,True,4328.949606797933
ECC+ChaCha20,5000,1,846,0.02920000406447798,0.13499999477062374,0.10509999992791563,True,4328.949606797933
ECC+ChaCha20,5000,1,847,0.02929999027401209,0.1472000003559515,0.10770000517368317,True,4328.949606797933
ECC+ChaCha20,5000,1,848,0.028599999495781958,0.1357000001007691,0.10439999459777027,True,4328.949606797933
ECC+ChaCha20,5000,1,849,0.029100003303028643,0.13540001236833632,0.10320000001229346,True,4328.949606797933
ECC+ChaCha20,5000,1,850,0.14390000433195382,0.5893000052310526,0.3586999955587089,True,4328.949606797933
ECC+ChaCha20,5000,1,851,0.03309999010525644,0.14260000898502767,0.10699999984353781,True,4328.949606797933
ECC+ChaCha20,5000,1,852,0.030199997127056122,0.14740000187885016,0.11039999662898481,True,4328.949606797933
ECC+ChaCha20,5000,1,853,0.0467000063508749,0.1829000102588907,0.112900001113303,True,4328.949606797933
ECC+ChaCha20,5000,1,854,0.1272999943466857,0.46379999548662454,0.11399999493733048,True,4328.949606797933
ECC+ChaCha20,5000,1,855,0.031200004741549492,0.1407000090694055,0.10400000610388815,True,4328.949606797933
ECC+ChaCha20,5000,1,856,0.029799994081258774,0.13640000543091446,0.10400000610388815,True,4328.949606797933
ECC+ChaCha20,5000,1,857,0.029600007110275328,0.14260000898502767,0.10409999231342226,True,4328.949606797933
ECC+ChaCha20,5000,1,858,0.0354999938281253,0.16029999824240804,0.10710000060498714,True,4328.949606797933
ECC+ChaCha20,5000,1,859,0.030800001695752144,0.1908999984152615,0.11249999806750566,True,4328.949606797933
ECC+ChaCha20,5000,1,860,0.07049999840091914,0.20739999308716506,0.11449999874457717,True,4328.949606797933
ECC+ChaCha20,5000,1,861,0.04640000406652689,0.16769999638199806,0.12060000153724104,True,4328.949606797933
ECC+ChaCha20,5000,1,862,0.0425000034738332,0.1677000109339133,0.11039999662898481,True,4328.949606797933
ECC+ChaCha20,5000,1,863,0.03680000372696668,0.1466000103391707,0.109500004327856,True,4328.949606797933
ECC+ChaCha20,5000,1,864,0.03470000228844583,0.14289999671746045,0.10540000221226364,True,4328.949606797933
ECC+ChaCha20,5000,1,865,0.031199990189634264,0.16169999435078353,0.10679999832063913,True,4328.949606797933
ECC+ChaCha20,5000,1,866,0.034500000765547156,0.14369998825713992,0.1058999914675951,True,4328.949606797933
ECC+ChaCha20,5000,1,867,0.03309999010525644,0.13670000771526247,0.10599999222904444,True,4328.949606797933
ECC+ChaCha20,5000,1,868,0.030499999411404133,0.13970000145491213,0.10689999908208847,True,4328.949606797933
ECC+ChaCha20,5000,1,869,0.031200004741549492,0.13580000086221844,0.10509999992791563,True,4328.949606797933
ECC+ChaCha20,5000,1,870,0.030199997127056122,0.13520001084543765,0.10479999764356762,True,4328.949606797933
ECC+ChaCha20,5000,1,871,0.029699993319809437,0.13299999409355223,0.10380000458098948,True,4328.949606797933
ECC+ChaCha20,5000,1,872,0.029600007110275328,0.13380000018514693,0.10409999231342226,True,4328.949606797933
ECC+ChaCha20,5000,1,873,0.028700000257231295,0.13349999790079892,0.10350000229664147,True,4328.949606797933
ECC+ChaCha20,5000,1,874,0.02849999873433262,0.1399000029778108,0.10260000999551266,True,4328.949606797933
ECC+ChaCha20,5000,1,875,0.028599999495781958,0.13390000094659626,0.10350000229664147,True,4328.949606797933
ECC+ChaCha20,5000,1,876,0.02749999111983925,0.13129999570082873,0.10289999772794545,True,4328.949606797933
ECC+ChaCha20,5000,1,877,0.0278999941656366,0.13250000483822078,0.1044000091496855,True,4328.949606797933
ECC+ChaCha20,5000,1,878,0.02780000795610249,0.13190000026952475,0.1024999946821481,True,4328.949606797933
ECC+ChaCha20,5000,1,879,0.027700007194653153,0.13120000949129462,0.10269999620504677,True,4328.949606797933
ECC+ChaCha20,5000,1,880,0.027599991881288588,0.1424999936716631,0.10889999975915998,True,4328.949606797933
ECC+ChaCha20,5000,1,881,0.03609999839682132,0.14170000213198364,0.10489999840501696,True,4328.949606797933
ECC+ChaCha20,5000,1,882,0.029499991796910763,0.13309999485500157,0.1036000030580908,True,4328.949606797933
ECC+ChaCha20,5000,1,883,0.04850000550504774,0.17270000535063446,0.11389999417588115,True,4328.949606797933
ECC+ChaCha20,5000,1,884,0.034500000765547156,0.16239999968092889,0.10849999671336263,True,4328.949606797933
ECC+ChaCha20,5000,1,885,0.029000002541579306,0.13559999933931977,0.10489999840501696,True,4328.949606797933
ECC+ChaCha20,5000,1,886,0.029400005587376654,0.13360001321416348,0.10399999155197293,True,4328.949606797933
ECC+ChaCha20,5000,1,887,0.04560001252684742,0.13529999705497175,0.10309999925084412,True,4328.949606797933
ECC+ChaCha20,5000,1,888,0.029499991796910763,0.13349999790079892,0.10399999155197293,True,4328.949606797933
ECC+ChaCha20,5000,1,889,0.028099995688535273,0.13190000026952475,0.11810001160483807,True,4328.949606797933
ECC+ChaCha20,5000,1,890,0.03440000000409782,0.14650000957772136,0.1120000088121742,True,4328.949606797933
ECC+ChaCha20,5000,1,891,0.028299997211433947,0.1399000029778108,0.1154000055976212,True,4328.949606797933
ECC+ChaCha20,5000,1,892,0.028400012524798512,0.13890000991523266,0.10940000356640667,True,4328.949606797933
ECC+ChaCha20,5000,1,893,0.028099995688535273,0.13810000382363796,0.1049999991664663,True,4328.949606797933
ECC+ChaCha20,5000,1,894,0.028599999495781958,0.13339999713934958,0.10309999925084412,True,4328.949606797933
ECC+ChaCha20,5000,1,895,0.02890000178012997,0.13470000703819096,0.10420000762678683,True,4328.949606797933
ECC+ChaCha20,5000,1,896,0.028800001018680632,0.1466999965487048,0.1036000030580908,True,4328.949606797933
ECC+ChaCha20,5000,1,897,0.028599999495781958,0.13249999028630555,0.10399999155197293,True,4328.949606797933
ECC+ChaCha20,5000,1,898,0.0278999941656366,0.13889999536331743,0.10320000001229346,True,4328.949606797933
ECC+ChaCha20,5000,1,899,0.027799993404187262,0.13169999874662608,0.1033999869832769,True,4328.949606797933
ECC+ChaCha20,5000,1,900,0.0278999941656366,0.13229998876340687,0.10370000381954014,True,4328.949606797933
ECC+ChaCha20,5000,1,901,0.027799993404187262,0.13240000407677144,0.1036000030580908,True,4328.949606797933
ECC+ChaCha20,5000,1,902,0.027699992642737925,0.12989999959245324,0.1019000046653673,True,4328.949606797933
ECC+ChaCha20,5000,1,903,0.027599991881288588,0.17649999062996358,0.10689999908208847,True,4328.949606797933
ECC+ChaCha20,5000,1,904,0.04610000178217888,0.16570001025684178,0.11190000805072486,True,4328.949606797933
ECC+ChaCha20,5000,1,905,0.04189999890513718,0.15770000754855573,0.11039999662898481,True,4328.949606797933
ECC+ChaCha20,5000,1,906,0.033200005418621004,0.148899998748675,0.10750000365078449,True,4328.949606797933
ECC+ChaCha20,5000,1,907,0.02920000406447798,0.13470000703819096,0.10400000610388815,True,4328.949606797933
ECC+ChaCha20,5000,1,908,0.028599999495781958,0.13380000018514693,0.1044000091496855,True,4328.949606797933
ECC+ChaCha20,5000,1,909,0.028299997211433947,0.1441999920643866,0.10879999899771065,True,4328.949606797933
ECC+ChaCha20,5000,1,910,0.02819999644998461,0.13259999104775488,0.10439999459777027,True,4328.949606797933
ECC+ChaCha20,5000,1,911,0.028399997972883284,0.13129999570082873,0.10269999620504677,True,4328.949606797933
ECC+ChaCha20,5000,1,912,0.028299997211433947,0.13250000483822078,0.10340000153519213,True,4328.949606797933
ECC+ChaCha20,5000,1,913,0.02780000795610249,0.13159999798517674,0.10370000381954014,True,4328.949606797933
ECC+ChaCha20,5000,1,914,0.027699992642737925,0.13129999570082873,0.1033999869832769,True,4328.949606797933
ECC+ChaCha20,5000,1,915,0.02780000795610249,0.13190000026952475,0.10400000610388815,True,4328.949606797933
ECC+ChaCha20,5000,1,916,0.027599991881288588,0.13210000179242343,0.10340000153519213,True,4328.949606797933
ECC+ChaCha20,5000,1,917,0.027999994927085936,0.13259999104775488,0.1036000030580908,True,4328.949606797933
ECC+ChaCha20,5000,1,918,0.027399990358389914,0.1309000072069466,0.1033000007737428,True,4328.949606797933
ECC+ChaCha20,5000,1,919,0.02750000567175448,0.13049998960923404,0.10370000381954014,True,4328.949606797933
ECC+ChaCha20,5000,1,920,0.02749999111983925,0.13139999646227807,0.10380000458098948,True,4328.949606797933
ECC+ChaCha20,5000,1,921,0.027299989596940577,0.1314999972237274,0.1041999930748716,True,4328.949606797933
ECC+ChaCha20,5000,1,922,0.027599991881288588,0.1309000072069466,0.10230000771116465,True,4328.949606797933
ECC+ChaCha20,5000,1,923,0.028000009479001164,0.13179999950807542,0.1036000030580908,True,4328.949606797933
ECC+ChaCha20,5000,1,924,0.027699992642737925,0.1320000010309741,0.10309999925084412,True,4328.949606797933
ECC+ChaCha20,5000,1,925,0.027400004910305142,0.1317000132985413,0.10340000153519213,True,4328.949606797933
ECC+ChaCha20,5000,1,926,0.027700007194653153,0.13099999341648072,0.10320000001229346,True,4328.949606797933
ECC+ChaCha20,5000,1,927,0.02710000262595713,0.1303000026382506,0.10309999925084412,True,4328.949606797933
ECC+ChaCha20,5000,1,928,0.027400004910305142,0.17890000890474766,0.11159999121446162,True,4328.949606797933
ECC+ChaCha20,5000,1,929,0.028800001018680632,0.13220000255387276,0.10399999155197293,True,4328.949606797933
ECC+ChaCha20,5000,1,930,0.0278999941656366,0.13639999087899923,0.1041999930748716,True,4328.949606797933
ECC+ChaCha20,5000,1,931,0.02820001100189984,0.1412999990861863,0.19540000357665122,True,4328.949606797933
ECC+ChaCha20,5000,1,932,0.03980001201853156,0.14870001177769154,0.10900000052060932,True,4328.949606797933
ECC+ChaCha20,5000,1,933,0.03360000846441835,0.1404999929945916,0.10699999984353781,True,4328.949606797933
ECC+ChaCha20,5000,1,934,0.029600007110275328,0.14030000602360815,0.10509999992791563,True,4328.949606797933
ECC+ChaCha20,5000,1,935,0.02849999873433262,0.1353999978164211,0.10469999688211828,True,4328.949606797933
ECC+ChaCha20,5000,1,936,0.030099996365606785,0.13679999392479658,0.10479999764356762,True,4328.949606797933
ECC+ChaCha20,5000,1,937,0.028599999495781958,0.14379998901858926,0.10549998842179775,True,4328.949606797933
ECC+ChaCha20,5000,1,938,0.028599999495781958,0.13390000094659626,0.10469999688211828,True,4328.949606797933
ECC+ChaCha20,5000,1,939,0.027900008717551827,0.1334000116912648,0.10289999772794545,True,4328.949606797933
ECC+ChaCha20,5000,1,940,0.027699992642737925,0.13099999341648072,0.1033000007737428,True,4328.949606797933
ECC+ChaCha20,5000,1,941,0.027999994927085936,0.13349999790079892,0.1036000030580908,True,4328.949606797933
ECC+ChaCha20,5000,1,942,0.02750000567175448,0.13159999798517674,0.10259999544359744,True,4328.949606797933
ECC+ChaCha20,5000,1,943,0.027400004910305142,0.1314999972237274,0.1033000007737428,True,4328.949606797933
ECC+ChaCha20,5000,1,944,0.02750000567175448,0.13110000872984529,0.10269999620504677,True,4328.949606797933
ECC+ChaCha20,5000,1,945,0.027599991881288588,0.13190000026952475,0.102700010756962,True,4328.949606797933
ECC+ChaCha20,5000,1,946,0.027599991881288588,0.13139999646227807,0.10279999696649611,True,4328.949606797933
ECC+ChaCha20,5000,1,947,0.027699992642737925,0.13240000407677144,0.1024999946821481,True,4328.949606797933
ECC+ChaCha20,5000,1,948,0.02720000338740647,0.1314999972237274,0.1024999946821481,True,4328.949606797933
ECC+ChaCha20,5000,1,949,0.02750000567175448,0.1314999972237274,0.10279999696649611,True,4328.949606797933
ECC+ChaCha20,5000,1,950,0.031800009310245514,0.13290000788401812,0.10320000001229346,True,4328.949606797933
ECC+ChaCha20,5000,1,951,0.027900008717551827,0.13089999265503138,0.10289999772794545,True,4328.949606797933
ECC+ChaCha20,5000,1,952,0.027699992642737925,0.13210000179242343,0.10250000923406333,True,4328.949606797933
ECC+ChaCha20,5000,1,953,0.027300004148855805,0.1303999888477847,0.10289999772794545,True,4328.949606797933
ECC+ChaCha20,5000,1,954,0.028299997211433947,0.1323000033153221,0.10409999231342226,True,4328.949606797933
ECC+ChaCha20,5000,1,955,0.028099995688535273,0.13190000026952475,0.10370000381954014,True,4328.949606797933
ECC+ChaCha20,5000,1,956,0.027600006433203816,0.13169999874662608,0.10320000001229346,True,4328.949606797933
ECC+ChaCha20,5000,1,957,0.0278999941656366,0.13129999570082873,0.10299999848939478,True,4328.949606797933
ECC+ChaCha20,5000,1,958,0.02749999111983925,0.13179999950807542,0.10290001227986068,True,4328.949606797933
ECC+ChaCha20,5000,1,959,0.0315000070258975,0.13640000543091446,0.10350000229664147,True,4328.949606797933
ECC+ChaCha20,5000,1,960,0.02820001100189984,0.1320000010309741,0.10309999925084412,True,4328.949606797933
ECC+ChaCha20,5000,1,961,0.02780000795610249,0.1390999968862161,0.1036000030580908,True,4328.949606797933
ECC+ChaCha20,5000,1,962,0.027599991881288588,0.1320000010309741,0.10350000229664147,True,4328.949606797933
ECC+ChaCha20,5000,1,963,0.027599991881288588,0.13100000796839595,0.10289999772794545,True,4328.949606797933
ECC+ChaCha20,5000,1,964,0.027699992642737925,0.13220000255387276,0.1033000007737428,True,4328.949606797933
ECC+ChaCha20,5000,1,965,0.027799993404187262,0.14139999984763563,0.10280001151841134,True,4328.949606797933
ECC+ChaCha20,5000,1,966,0.027699992642737925,0.13179999950807542,0.10300001304131001,True,4328.949606797933
ECC+ChaCha20,5000,1,967,0.027400004910305142,0.13159999798517674,0.10299999848939478,True,4328.949606797933
ECC+ChaCha20,5000,1,968,0.028299997211433947,0.1357000001007691,0.10390000534243882,True,4328.949606797933
ECC+ChaCha20,5000,1,969,0.02849999873433262,0.13359999866224825,0.10400000610388815,True,4328.949606797933
ECC+ChaCha20,5000,1,970,0.027599991881288588,0.13250000483822078,0.10350000229664147,True,4328.949606797933
ECC+ChaCha20,5000,1,971,0.02750000567175448,0.13150001177564263,0.10239999392069876,True,4328.949606797933
ECC+ChaCha20,5000,1,972,0.027799993404187262,0.13169999874662608,0.1036000030580908,True,4328.949606797933
ECC+ChaCha20,5000,1,973,0.027399990358389914,0.13660000695381314,0.10320000001229346,True,4328.949606797933
ECC+ChaCha20,5000,1,974,0.02849999873433262,0.18689999706111848,0.1053000014508143,True,4328.949606797933
ECC+ChaCha20,5000,1,975,0.02929999027401209,0.13349999790079892,0.10369998926762491,True,4328.949606797933
ECC+ChaCha20,5000,1,976,0.0281000102404505,0.13290000788401812,0.10350000229664147,True,4328.949606797933
ECC+ChaCha20,5000,1,977,0.027700007194653153,0.13210000179242343,0.10410000686533749,True,4328.949606797933
ECC+ChaCha20,5000,1,978,0.027700007194653153,0.13210000179242343,0.10340000153519213,True,4328.949606797933
ECC+ChaCha20,5000,1,979,0.027600006433203816,0.13240000407677144,0.1033000007737428,True,4328.949606797933
ECC+ChaCha20,5000,1,980,0.027799993404187262,0.1407000090694055,0.10350000229664147,True,4328.949606797933
ECC+ChaCha20,5000,1,981,0.02749999111983925,0.13329999637790024,0.10309999925084412,True,4328.949606797933
ECC+ChaCha20,5000,1,982,0.027399990358389914,0.13099999341648072,0.10309999925084412,True,4328.949606797933
ECC+ChaCha20,5000,1,983,0.027600006433203816,0.1311999949393794,0.10280001151841134,True,4328.949606797933
ECC+ChaCha20,5000,1,984,0.027400004910305142,0.13249999028630555,0.10229999315924942,True,4328.949606797933
ECC+ChaCha20,5000,1,985,0.02720000338740647,0.1303999888477847,0.10239999392069876,True,4328.949606797933
ECC+ChaCha20,5000,1,986,0.02749999111983925,0.13109999417793006,0.10320000001229346,True,4328.949606797933
ECC+ChaCha20,5000,1,987,0.033800009987317026,0.15330000314861536,0.10850001126527786,True,4328.949606797933
ECC+ChaCha20,5000,1,988,0.030800001695752144,0.1385000068694353,0.10560000373516232,True,4328.949606797933
ECC+ChaCha20,5000,1,989,0.028700000257231295,0.13440000475384295,0.10370000381954014,True,4328.949606797933
ECC+ChaCha20,5000,1,990,0.029100003303028643,0.1343000039923936,0.10350000229664147,True,4328.949606797933
ECC+ChaCha20,5000,1,991,0.029000002541579306,0.13429998944047838,0.10540000221226364,True,4328.949606797933
ECC+ChaCha20,5000,1,992,0.027400004910305142,0.13370001397561282,0.1041999930748716,True,4328.949606797933
ECC+ChaCha20,5000,1,993,0.028099995688535273,0.14629999350290745,0.11050001194234937,True,4328.949606797933
ECC+ChaCha20,5000,1,994,0.02820001100189984,0.13120000949129462,0.10350000229664147,True,4328.949606797933
ECC+ChaCha20,5000,1,995,0.02820001100189984,0.13380000018514693,0.10409999231342226,True,4328.949606797933
ECC+ChaCha20,5000,1,996,0.027599991881288588,0.13179999950807542,0.10260000999551266,True,4328.949606797933
ECC+ChaCha20,5000,1,997,0.0278999941656366,0.13139999646227807,0.10320000001229346,True,4328.949606797933
ECC+ChaCha20,5000,1,998,0.02750000567175448,0.13190000026952475,0.10269999620504677,True,4328.949606797933
ECC+ChaCha20,5000,1,999,0.0281000102404505,0.13250000483822078,0.10509999992791563,True,4328.949606797933
ECC+ChaCha20,5000,1,1000,0.027600006433203816,0.13269999180920422,0.10320000001229346,True,4328.949606797933
ECC+ChaCha20,5000,1,1001,0.027399990358389914,0.13139999646227807,0.10369998926762491,True,4328.949606797933
ECC+ChaCha20,5000,1,1002,0.027400004910305142,0.13129999570082873,0.10350000229664147,True,4328.949606797933
ECC+ChaCha20,5000,1,1003,0.027299989596940577,0.1326000055996701,0.10320000001229346,True,4328.949606797933
ECC+ChaCha20,5000,1,1004,0.027900008717551827,0.1323000033153221,0.10299999848939478,True,4328.949606797933
ECC+ChaCha20,5000,1,1005,0.0281000102404505,0.13290000788401812,0.10250000923406333,True,4328.949606797933
ECC+ChaCha20,5000,1,1006,0.027300004148855805,0.1309000072069466,0.10299999848939478,True,4328.949606797933
ECC+ChaCha20,5000,1,1007,0.027700007194653153,0.142700009746477,0.10960000508930534,True,4328.949606797933
ECC+ChaCha20,5000,1,1008,0.027599991881288588,0.13089999265503138,0.10449999535921961,True,4328.949606797933
ECC+ChaCha20,5000,1,1009,0.02749999111983925,0.13169999874662608,0.1024999946821481,True,4328.949606797933
ECC+ChaCha20,5000,1,1010,0.02719998883549124,0.13100000796839595,0.10350000229664147,True,4328.949606797933
ECC+ChaCha20,5000,1,1011,0.027400004910305142,0.13229998876340687,0.10320000001229346,True,4328.949606797933
ECC+ChaCha20,5000,1,1012,0.027599991881288588,0.13139999646227807,0.10229999315924942,True,4328.949606797933
ECC+ChaCha20,5000,1,1013,0.027700007194653153,0.1311999949393794,0.13700000999961048,True,4328.949606797933
ECC+ChaCha20,5000,1,1014,0.0329999893438071,0.1576999929966405,0.10699999984353781,True,4328.949606797933
ECC+ChaCha20,5000,1,1015,0.028099995688535273,0.13249999028630555,0.10350000229664147,True,4328.949606797933
ECC+ChaCha20,5000,1,1016,0.028299997211433947,0.13179999950807542,0.10380000458098948,True,4328.949606797933
ECC+ChaCha20,5000,1,1017,0.02749999111983925,0.13000000035390258,0.10280001151841134,True,4328.949606797933
ECC+ChaCha20,5000,1,1018,0.027799993404187262,0.13220000255387276,0.10390000534243882,True,4328.949606797933
ECC+ChaCha20,5000,1,1019,0.027799993404187262,0.13249999028630555,0.10399999155197293,True,4328.949606797933
ECC+ChaCha20,5000,1,1020,0.027700007194653153,0.1311999949393794,0.10240000847261399,True,4328.949606797933
ECC+ChaCha20,5000,1,1021,0.027599991881288588,0.1320000010309741,0.10320000001229346,True,4328.949606797933
ECC+ChaCha20,5000,1,1022,0.027799993404187262,0.13059999037068337,0.10279999696649611,True,4328.949606797933
ECC+ChaCha20,5000,1,1023,0.028099995688535273,0.1320000010309741,0.10350000229664147,True,4328.949606797933
ECC+ChaCha20,5000,1,1024,0.027699992642737925,0.1323000033153221,0.10289999772794545,True,4328.949606797933
ECC+ChaCha20,5000,1,1025,0.02750000567175448,0.13619998935610056,0.10309999925084412,True,4328.949606797933
ECC+ChaCha20,5000,1,1026,0.027399990358389914,0.13139999646227807,0.10299999848939478,True,4328.949606797933
ECC+ChaCha20,5000,1,1027,0.02719998883549124,0.1297999988310039,0.10170000314246863,True,4328.949606797933
ECC+ChaCha20,5000,1,1028,0.027299989596940577,0.13040000339969993,0.10220000694971532,True,4328.949606797933
ECC+ChaCha20,5000,1,1029,0.02720000338740647,0.1303000026382506,0.10269999620504677,True,4328.949606797933
ECC+ChaCha20,5000,1,1030,0.027400004910305142,0.1303999888477847,0.10219999239780009,True,4328.949606797933
ECC+ChaCha20,5000,1,1031,0.0278999941656366,0.13099999341648072,0.10259999544359744,True,4328.949606797933
ECC+ChaCha20,5000,1,1032,0.027400004910305142,0.13120000949129462,0.10320000001229346,True,4328.949606797933
ECC+ChaCha20,5000,1,1033,0.027699992642737925,0.13129999570082873,0.1024999946821481,True,4328.949606797933
ECC+ChaCha20,5000,1,1034,0.027699992642737925,0.1311999949393794,0.10299999848939478,True,4328.949606797933
ECC+ChaCha20,5000,1,1035,0.02750000567175448,0.1306999911321327,0.10269999620504677,True,4328.949606797933
ECC+ChaCha20,5000,1,1036,0.027399990358389914,0.14340000052470714,0.10889999975915998,True,4328.949606797933
ECC+ChaCha20,5000,1,1037,0.02710000262595713,0.13120000949129462,0.10320000001229346,True,4328.949606797933
ECC+ChaCha20,5000,1,1038,0.027599991881288588,0.13109999417793006,0.10209999163635075,True,4328.949606797933
ECC+ChaCha20,5000,1,1039,0.02749999111983925,0.12989999959245324,0.10240000847261399,True,4328.949606797933
ECC+ChaCha20,5000,1,1040,0.027799993404187262,0.1320000010309741,0.10250000923406333,True,4328.949606797933
ECC+ChaCha20,5000,1,1041,0.02720000338740647,0.1297999988310039,0.1024999946821481,True,4328.949606797933
ECC+ChaCha20,5000,1,1042,0.04270000499673188,0.16209999739658087,0.11170000652782619,True,4328.949606797933
ECC+ChaCha20,5000,1,1043,0.031099989428184927,0.15439999697264284,0.10650001058820635,True,4328.949606797933
ECC+ChaCha20,5000,1,1044,0.02890000178012997,0.13410000246949494,0.10380000458098948,True,4328.949606797933
ECC+ChaCha20,5000,1,1045,0.028599999495781958,0.13250000483822078,0.10289999772794545,True,4328.949606797933
ECC+ChaCha20,5000,1,1046,0.02849999873433262,0.1331000094069168,0.10279999696649611,True,4328.949606797933
ECC+ChaCha20,5000,1,1047,0.02819999644998461,0.1320000010309741,0.102700010756962,True,4328.949606797933
ECC+ChaCha20,5000,1,1048,0.027999994927085936,0.1311999949393794,0.10350000229664147,True,4328.949606797933
ECC+ChaCha20,5000,1,1049,0.027699992642737925,0.13179999950807542,0.10279999696649611,True,4328.949606797933
ECC+ChaCha20,5000,1,1050,0.027799993404187262,0.13079999189358205,0.1033000007737428,True,4328.949606797933
ECC+ChaCha20,5000,1,1051,0.027799993404187262,0.13240000407677144,0.10320000001229346,True,4328.949606797933
ECC+ChaCha20,5000,1,1052,0.027900008717551827,0.13139999646227807,0.10269999620504677,True,4328.949606797933
ECC+ChaCha20,5000,1,1053,0.028399997972883284,0.13250000483822078,0.1036000030580908,True,4328.949606797933
ECC+ChaCha20,5000,1,1054,0.027600006433203816,0.13229998876340687,0.10309999925084412,True,4328.949606797933
ECC+ChaCha20,5000,1,1055,0.02780000795610249,0.1314999972237274,0.10269999620504677,True,4328.949606797933
ECC+ChaCha20,5000,1,1056,0.027399990358389914,0.13110000872984529,0.10289999772794545,True,4328.949606797933
ECC+ChaCha20,5000,1,1057,0.027799993404187262,0.14760000340174884,0.10960000508930534,True,4328.949606797933
ECC+ChaCha20,5000,1,1058,0.02720000338740647,0.13040000339969993,0.10289999772794545,True,4328.949606797933
ECC+ChaCha20,5000,1,1059,0.02750000567175448,0.13110000872984529,0.10220000694971532,True,4328.949606797933
ECC+ChaCha20,5000,1,1060,0.02849999873433262,0.13530001160688698,0.10520000068936497,True,4328.949606797933
ECC+ChaCha20,5000,1,1061,0.027700007194653153,0.1323999895248562,0.10289999772794545,True,4328.949606797933
ECC+ChaCha20,5000,1,1062,0.0281000102404505,0.1314000110141933,0.10350000229664147,True,4328.949606797933
ECC+ChaCha20,5000,1,1063,0.028399997972883284,0.15180000627879053,0.10459999612066895,True,4328.949606797933
ECC+ChaCha20,5000,1,1064,0.029800008633174002,0.1331999956164509,0.10370000381954014,True,4328.949606797933
ECC+ChaCha20,5000,1,1065,0.027799993404187262,0.13190000026952475,0.10390000534243882,True,4328.949606797933
ECC+ChaCha20,5000,1,1066,0.027400004910305142,0.13110000872984529,0.10289999772794545,True,4328.949606797933
ECC+ChaCha20,5000,1,1067,0.02720000338740647,0.13159999798517674,0.10280001151841134,True,4328.949606797933
ECC+ChaCha20,5000,1,1068,0.02749999111983925,0.13099999341648072,0.10219999239780009,True,4328.949606797933
ECC+ChaCha20,5000,1,1069,0.02710000262595713,0.15600000915583223,0.10900000052060932,True,4328.949606797933
ECC+ChaCha20,5000,1,1070,0.031400006264448166,0.1357999863103032,0.10599999222904444,True,4328.949606797933
ECC+ChaCha20,5000,1,1071,0.02849999873433262,0.14180000289343297,0.10600000678095967,True,4328.949606797933
ECC+ChaCha20,5000,1,1072,0.027900008717551827,0.13059999037068337,0.1024999946821481,True,4328.949606797933
ECC+ChaCha20,5000,1,1073,0.027999994927085936,0.13139999646227807,0.10320000001229346,True,4328.949606797933
ECC+ChaCha20,5000,1,1074,0.027999994927085936,0.13190000026952475,0.102700010756962,True,4328.949606797933
ECC+ChaCha20,5000,1,1075,0.027300004148855805,0.13129999570082873,0.10290001227986068,True,4328.949606797933
ECC+ChaCha20,5000,1,1076,0.027999994927085936,0.13169999874662608,0.10289999772794545,True,4328.949606797933
ECC+ChaCha20,5000,1,1077,0.027699992642737925,0.13159999798517674,0.10260000999551266,True,4328.949606797933
ECC+ChaCha20,5000,1,1078,0.027300004148855805,0.13040000339969993,0.10309999925084412,True,4328.949606797933
ECC+ChaCha20,5000,1,1079,0.02819999644998461,0.14099999680183828,0.10279999696649611,True,4328.949606797933
ECC+ChaCha20,5000,1,1080,0.027600006433203816,0.13169999874662608,0.10299999848939478,True,4328.949606797933
ECC+ChaCha20,5000,1,1081,0.027799993404187262,0.13139999646227807,0.10259999544359744,True,4328.949606797933
ECC+ChaCha20,5000,1,1082,0.02750000567175448,0.13050000416114926,0.10220000694971532,True,4328.949606797933
ECC+ChaCha20,5000,1,1083,0.027400004910305142,0.13089999265503138,0.10259999544359744,True,4328.949606797933
ECC+ChaCha20,5000,1,1084,0.027600006433203816,0.1303000026382506,0.10229999315924942,True,4328.949606797933
ECC+ChaCha20,5000,1,1085,0.02750000567175448,0.13020000187680125,0.10219999239780009,True,4328.949606797933
ECC+ChaCha20,5000,1,1086,0.02780000795610249,0.13010000111535192,0.10260000999551266,True,4328.949606797933
ECC+ChaCha20,5000,1,1087,0.027700007194653153,0.1314000110141933,0.1033000007737428,True,4328.949606797933
ECC+ChaCha20,5000,1,1088,0.027799993404187262,0.13210000179242343,0.10259999544359744,True,4328.949606797933
ECC+ChaCha20,5000,1,1089,0.02849999873433262,0.1326000055996701,0.10320000001229346,True,4328.949606797933
ECC+ChaCha20,5000,1,1090,0.028000009479001164,0.13050000416114926,0.10259999544359744,True,4328.949606797933
ECC+ChaCha20,5000,1,1091,0.02750000567175448,0.12709999282378703,0.10060000931844115,True,4328.949606797933
ECC+ChaCha20,5000,1,1092,0.02720000338740647,0.12759999663103372,0.1002000062726438,True,4328.949606797933
ECC+ChaCha20,5000,1,1093,0.02680000034160912,0.12820000119972974,0.09979998867493123,True,4328.949606797933
ECC+ChaCha20,5000,1,1094,0.027300004148855805,0.1336999994236976,0.10000000474974513,True,4328.949606797933
ECC+ChaCha20,5000,1,1095,0.027400004910305142,0.12880000576842576,0.10000000474974513,True,4328.949606797933
ECC+ChaCha20,5000,1,1096,0.02680000034160912,0.12639998749364167,0.0990999978967011,True,4328.949606797933
ECC+ChaCha20,5000,1,1097,0.026900001103058457,0.12719999358523637,0.09979998867493123,True,4328.949606797933
ECC+ChaCha20,5000,1,1098,0.08650000381749123,0.14319999900180846,0.10420000762678683,True,4328.949606797933
ECC+ChaCha20,5000,1,1099,0.032500000088475645,0.13530001160688698,0.10150000161956996,True,4328.949606797933
ECC+ChaCha20,5000,1,1100,0.02780000795610249,0.1281999866478145,0.10010000551119447,True,4328.949606797933
ECC+ChaCha20,5000,1,1101,0.028599999495781958,0.14019999071024358,0.10409999231342226,True,4328.949606797933
ECC+ChaCha20,5000,1,1102,0.0278999941656366,0.12799999967683107,0.09960000170394778,True,4328.949606797933
ECC+ChaCha20,5000,1,1103,0.02710000262595713,0.12759999663103372,0.0999999901978299,True,4328.949606797933
ECC+ChaCha20,5000,1,1104,0.02710000262595713,0.1277999981539324,0.1002000062726438,True,4328.949606797933
ECC+ChaCha20,5000,1,1105,0.02649999805726111,0.12650000280700624,0.0990999978967011,True,4328.949606797933
ECC+ChaCha20,5000,1,1106,0.027999994927085936,0.12929999502375722,0.10059999476652592,True,4328.949606797933
ECC+ChaCha20,5000,1,1107,0.026599998818710446,0.12700000661425292,0.09919999865815043,True,4328.949606797933
ECC+ChaCha20,5000,1,1108,0.02720000338740647,0.12789999891538173,0.10069999552797526,True,4328.949606797933
ECC+ChaCha20,5000,1,1109,0.027300004148855805,0.13609998859465122,0.09980000322684646,True,4328.949606797933
ECC+ChaCha20,5000,1,1110,0.026699999580159783,0.12789999891538173,0.09940000018104911,True,4328.949606797933
ECC+ChaCha20,5000,1,1111,0.026900001103058457,0.12760001118294895,0.09940000018104911,True,4328.949606797933
ECC+ChaCha20,5000,1,1112,0.026699999580159783,0.12689999130088836,0.10039999324362725,True,4328.949606797933
ECC+ChaCha20,5000,1,1113,0.026999987312592566,0.12749999586958438,0.09970000246539712,True,4328.949606797933
ECC+ChaCha20,5000,1,1114,0.02680000034160912,0.12710000737570226,0.10010000551119447,True,4328.949606797933
ECC+ChaCha20,5000,1,1115,0.026599998818710446,0.12719999358523637,0.09929999941959977,True,4328.949606797933
ECC+ChaCha20,5000,1,1116,0.026900001103058457,0.12710000737570226,0.09980000322684646,True,4328.949606797933
ECC+ChaCha20,5000,1,1117,0.0278999941656366,0.14000000373926014,0.10570000449661165,True,4328.949606797933
ECC+ChaCha20,5000,1,1118,0.026900001103058457,0.1277999981539324,0.09940000018104911,True,4328.949606797933
ECC+ChaCha20,5000,1,1119,0.026599998818710446,0.1277999981539324,0.09989998943638057,True,4328.949606797933
ECC+ChaCha20,5000,1,1120,0.026299996534362435,0.12759999663103372,0.09950000094249845,True,4328.949606797933
ECC+ChaCha20,5000,1,1121,0.026699999580159783,0.1303000026382506,0.09980000322684646,True,4328.949606797933
ECC+ChaCha20,5000,1,1122,0.026399997295811772,0.12679999053943902,0.09960000170394778,True,4328.949606797933
ECC+ChaCha20,5000,1,1123,0.026699999580159783,0.12710000737570226,0.10000000474974513,True,4328.949606797933
ECC+ChaCha20,5000,1,1124,0.02649999805726111,0.1272000081371516,0.10059999476652592,True,4328.949606797933
ECC+ChaCha20,5000,1,1125,0.02680000034160912,0.1336999994236976,0.09940000018104911,True,4328.949606797933
ECC+ChaCha20,5000,1,1126,0.02710000262595713,0.12759999663103372,0.1002000062726438,True,4328.949606797933
ECC+ChaCha20,5000,1,1127,0.027000001864507794,0.1269999920623377,0.10039999324362725,True,4328.949606797933
ECC+ChaCha20,5000,1,1128,0.039699996705166996,0.15550000534858555,0.10720000136643648,True,4328.949606797933
ECC+ChaCha20,5000,1,1129,0.029699993319809437,0.13279999257065356,0.1019000046653673,True,4328.949606797933
ECC+ChaCha20,5000,1,1130,0.02720000338740647,0.1289000065298751,0.10019999172072858,True,4328.949606797933
ECC+ChaCha20,5000,1,1131,0.027300004148855805,0.12919999426230788,0.10049999400507659,True,4328.949606797933
ECC+ChaCha20,5000,1,1132,0.02720000338740647,0.1314999972237274,0.1002000062726438,True,4328.949606797933
ECC+ChaCha20,5000,1,1133,0.02710000262595713,0.1272999943466857,0.0999000039882958,True,4328.949606797933
ECC+ChaCha20,5000,1,1134,0.02680000034160912,0.1272000081371516,0.09940000018104911,True,4328.949606797933
ECC+ChaCha20,5000,1,1135,0.027599991881288588,0.12759999663103372,0.1007999962894246,True,4328.949606797933
ECC+ChaCha20,5000,1,1136,0.026900001103058457,0.12739999510813504,0.10099999781232327,True,4328.949606797933
ECC+ChaCha20,5000,1,1137,0.027300004148855805,0.12760001118294895,0.09980000322684646,True,4328.949606797933
ECC+ChaCha20,5000,1,1138,0.027300004148855805,0.12769999739248306,0.10060000931844115,True,4328.949606797933
ECC+ChaCha20,5000,1,1139,0.026900001103058457,0.12820000119972974,0.10000000474974513,True,4328.949606797933
ECC+ChaCha20,5000,1,1140,0.02710000262595713,0.1311999949393794,0.09970000246539712,True,4328.949606797933
ECC+ChaCha20,5000,1,1141,0.027699992642737925,0.1289999927394092,0.10039999324362725,True,4328.949606797933
ECC+ChaCha20,5000,1,1142,0.027000001864507794,0.12700000661425292,0.09980000322684646,True,4328.949606797933
ECC+ChaCha20,5000,1,1143,0.026900001103058457,0.12900000729132444,0.10099999781232327,True,4328.949606797933
ECC+ChaCha20,5000,1,1144,0.027299989596940577,0.12700000661425292,0.10010000551119447,True,4328.949606797933
ECC+ChaCha20,5000,1,1145,0.027300004148855805,0.12799999967683107,0.10010000551119447,True,4328.949606797933
ECC+ChaCha20,5000,1,1146,0.02680000034160912,0.12769999739248306,0.09970000246539712,True,4328.949606797933
ECC+ChaCha20,5000,1,1147,0.02720000338740647,0.1277999981539324,0.10030000703409314,True,4328.949606797933
ECC+ChaCha20,5000,1,1148,0.02750000567175448,0.12719999358523637,0.10030000703409314,True,4328.949606797933
ECC+ChaCha20,5000,1,1149,0.02649999805726111,0.13129999570082873,0.09959998715203255,True,4328.949606797933
ECC+ChaCha20,5000,1,1150,0.026699999580159783,0.12710000737570226,0.0999000039882958,True,4328.949606797933
ECC+ChaCha20,5000,1,1151,0.026599998818710446,0.12660000356845558,0.0990999978967011,True,4328.949606797933
ECC+ChaCha20,5000,1,1152,0.026699999580159783,0.12960001186002046,0.10050000855699182,True,4328.949606797933
ECC+ChaCha20,5000,1,1153,0.027099988074041903,0.13349999790079892,0.09950000094249845,True,4328.949606797933
ECC+ChaCha20,5000,1,1154,0.02680000034160912,0.12719999358523637,0.09979998867493123,True,4328.949606797933
ECC+ChaCha20,5000,1,1155,0.027300004148855805,0.12870000500697643,0.10309999925084412,True,4328.949606797933
ECC+ChaCha20,5000,1,1156,0.028099995688535273,0.13179999950807542,0.10140000085812062,True,4328.949606797933
ECC+ChaCha20,5000,1,1157,0.02710000262595713,0.1399999891873449,0.10900000052060932,True,4328.949606797933
ECC+ChaCha20,5000,1,1158,0.027399990358389914,0.12840000272262841,0.10030000703409314,True,4328.949606797933
ECC+ChaCha20,5000,1,1159,0.03370000922586769,0.14180000289343297,0.10290001227986068,True,4328.949606797933
ECC+ChaCha20,5000,1,1160,0.02819999644998461,0.12959999730810523,0.10099999781232327,True,4328.949606797933
ECC+ChaCha20,5000,1,1161,0.0278999941656366,0.13449999096337706,0.10019999172072858,True,4328.949606797933
ECC+ChaCha20,5000,1,1162,0.02750000567175448,0.13220000255387276,0.10010000551119447,True,4328.949606797933
ECC+ChaCha20,5000,1,1163,0.027699992642737925,0.12989999959245324,0.10010000551119447,True,4328.949606797933
ECC+ChaCha20,5000,1,1164,0.026599998818710446,0.1277999981539324,0.09929999941959977,True,4328.949606797933
ECC+ChaCha20,5000,1,1165,0.02680000034160912,0.12900000729132444,0.10010000551119447,True,4328.949606797933
ECC+ChaCha20,5000,1,1166,0.027000001864507794,0.1272999943466857,0.09950000094249845,True,4328.949606797933
ECC+ChaCha20,5000,1,1167,0.027000001864507794,0.1277999981539324,0.10019999172072858,True,4328.949606797933
ECC+ChaCha20,5000,1,1168,0.02680000034160912,0.1277999981539324,0.10000000474974513,True,4328.949606797933
ECC+ChaCha20,5000,1,1169,0.02710000262595713,0.1277999981539324,0.10040000779554248,True,4328.949606797933
ECC+ChaCha20,5000,1,1170,0.02680000034160912,0.12769999739248306,0.0999000039882958,True,4328.949606797933
ECC+ChaCha20,5000,1,1171,0.027400004910305142,0.12830000196117908,0.10029999248217791,True,4328.949606797933
ECC+ChaCha20,5000,1,1172,0.03169999399688095,0.13889999536331743,0.1024999946821481,True,4328.949606797933
ECC+ChaCha20,5000,1,1173,0.02720000338740647,0.12980001338291913,0.10069999552797526,True,4328.949606797933
ECC+ChaCha20,5000,1,1174,0.027000001864507794,0.12799999967683107,0.09970000246539712,True,4328.949606797933
ECC+ChaCha20,5000,1,1175,0.027000001864507794,0.12820000119972974,0.09960000170394778,True,4328.949606797933
ECC+ChaCha20,5000,1,1176,0.02710000262595713,0.12859998969361186,0.10039999324362725,True,4328.949606797933
ECC+ChaCha20,5000,1,1177,0.027300004148855805,0.1277999981539324,0.10000000474974513,True,4328.949606797933
ECC+ChaCha20,5000,1,1178,0.02710000262595713,0.12759999663103372,0.10000000474974513,True,4328.949606797933
ECC+ChaCha20,5000,1,1179,0.02689998655114323,0.12710000737570226,0.09950000094249845,True,4328.949606797933
ECC+ChaCha20,5000,1,1180,0.027000001864507794,0.1277999981539324,0.09950000094249845,True,4328.949606797933
ECC+ChaCha20,5000,1,1181,0.02719998883549124,0.12820000119972974,0.0999999901978299,True,4328.949606797933
ECC+ChaCha20,5000,1,1182,0.02680000034160912,0.1272999943466857,0.099300013971515,True,4328.949606797933
ECC+ChaCha20,5000,1,1183,0.02719998883549124,0.12670000432990491,0.09970000246539712,True,4328.949606797933
ECC+ChaCha20,5000,1,1184,0.026699999580159783,0.12730000889860094,0.1002000062726438,True,4328.949606797933
ECC+ChaCha20,5000,1,1185,0.02680000034160912,0.14119999832473695,0.0990999978967011,True,4328.949606797933
ECC+ChaCha20,5000,1,1186,0.029800008633174002,0.12950001109857112,0.2212999970652163,True,4328.949606797933
ECC+ChaCha20,5000,1,1187,0.0526000076206401,0.21050000214017928,0.11330000415910035,True,4328.949606797933
ECC+ChaCha20,5000,1,1188,0.03770001058001071,0.14489999739453197,0.10459999612066895,True,4328.949606797933
ECC+ChaCha20,5000,1,1189,0.035599994589574635,0.14609999198000878,0.10660001134965569,True,4328.949606797933
ECC+ChaCha20,5000,1,1190,0.033899996196851134,0.13800000306218863,0.10479999764356762,True,4328.949606797933
ECC+ChaCha20,5000,1,1191,0.029499991796910763,0.1336999994236976,0.10299999848939478,True,4328.949606797933
ECC+ChaCha20,5000,1,1192,0.031099989428184927,0.1331999956164509,0.10199999087490141,True,4328.949606797933
ECC+ChaCha20,5000,1,1193,0.028399997972883284,0.13800000306218863,0.1010000123642385,True,4328.949606797933
ECC+ChaCha20,5000,1,1194,0.03060000017285347,0.13000000035390258,0.10109999857377261,True,4328.949606797933
ECC+ChaCha20,5000,1,1195,0.02719998883549124,0.12870000500697643,0.09960000170394778,True,4328.949606797933
ECC+ChaCha20,5000,1,1196,0.02710000262595713,0.12739999510813504,0.10040000779554248,True,4328.949606797933
ECC+ChaCha20,5000,1,1197,0.02720000338740647,0.13000000035390258,0.10040000779554248,True,4328.949606797933
ECC+ChaCha20,5000,1,1198,0.028399997972883284,0.13059999037068337,0.10059999476652592,True,4328.949606797933
ECC+ChaCha20,5000,1,1199,0.026699999580159783,0.1281999866478145,0.10000000474974513,True,4328.949606797933
ECC+ChaCha20,5000,1,1200,0.028299997211433947,0.13870000839233398,0.09970000246539712,True,4328.949606797933
ECC+ChaCha20,5000,1,1201,0.044500004150904715,0.16820000018924475,0.11199999426025897,True,4328.949606797933
ECC+ChaCha20,5000,1,1202,0.038300000596791506,0.15380000695586205,0.10900000052060932,True,4328.949606797933
ECC+ChaCha20,5000,1,1203,0.06570000550709665,0.20640000002458692,0.11640001321211457,True,4328.949606797933
ECC+ChaCha20,5000,1,1204,0.0416000111727044,0.18479999562259763,0.1145999995060265,True,4328.949606797933
ECC+ChaCha20,5000,1,1205,0.0312999909510836,0.1402000052621588,0.10619999375194311,True,4328.949606797933
ECC+ChaCha20,5000,1,1206,0.029399991035461426,0.13470000703819096,0.1049999991664663,True,4328.949606797933
ECC+ChaCha20,5000,1,1207,0.02849999873433262,0.14150000060908496,0.10250000923406333,True,4328.949606797933
ECC+ChaCha20,5000,1,1208,0.0278999941656366,0.13270000636111945,0.10400000610388815,True,4328.949606797933
ECC+ChaCha20,5000,1,1209,0.02849999873433262,0.152900000102818,0.10509999992791563,True,4328.949606797933
ECC+ChaCha20,5000,1,1210,0.029100003303028643,0.13320001016836613,0.10469999688211828,True,4328.949606797933
ECC+ChaCha20,5000,1,1211,0.029400005587376654,0.13439999020192772,0.10439999459777027,True,4328.949606797933
ECC+ChaCha20,5000,1,1212,0.028599999495781958,0.13249999028630555,0.10409999231342226,True,4328.949606797933
ECC+ChaCha20,5000,1,1213,0.02819999644998461,0.1314999972237274,0.10340000153519213,True,4328.949606797933
ECC+ChaCha20,5000,1,1214,0.02819999644998461,0.1385000068694353,0.10299999848939478,True,4328.949606797933
ECC+ChaCha20,5000,1,1215,0.027300004148855805,0.13110000872984529,0.10280001151841134,True,4328.949606797933
ECC+ChaCha20,5000,1,1216,0.028000009479001164,0.13710001076105982,0.10400000610388815,True,4328.949606797933
ECC+ChaCha20,5000,1,1217,0.027900008717551827,0.1320000010309741,0.10350000229664147,True,4328.949606797933
ECC+ChaCha20,5000,1,1218,0.027600006433203816,0.13190000026952475,0.10269999620504677,True,4328.949606797933
ECC+ChaCha20,5000,1,1219,0.028800001018680632,0.13180001405999064,0.1024999946821481,True,4328.949606797933
ECC+ChaCha20,5000,1,1220,0.027699992642737925,0.13079999189358205,0.10350000229664147,True,4328.949606797933
ECC+ChaCha20,5000,1,1221,0.028000009479001164,0.14210000517778099,0.10309999925084412,True,4328.949606797933
ECC+ChaCha20,5000,1,1222,0.029300004825927317,0.1340000017080456,0.10380000458098948,True,4328.949606797933
ECC+ChaCha20,5000,1,1223,0.02850001328624785,0.13210000179242343,0.10529998689889908,True,4328.949606797933
ECC+ChaCha20,5000,1,1224,0.030099996365606785,0.13329999637790024,0.10720000136643648,True,4328.949606797933
ECC+ChaCha20,5000,1,1225,0.030700000934302807,0.13420000323094428,0.1049999991664663,True,4328.949606797933
ECC+ChaCha20,5000,1,1226,0.031200004741549492,0.13819999003317207,0.10320000001229346,True,4328.949606797933
ECC+ChaCha20,5000,1,1227,0.028299997211433947,0.13000000035390258,0.10119999933522195,True,4328.949606797933
ECC+ChaCha20,5000,1,1228,0.028800001018680632,0.13649999164044857,0.09980000322684646,True,4328.949606797933
ECC+ChaCha20,5000,1,1229,0.02819999644998461,0.12840000272262841,0.10000000474974513,True,4328.949606797933
ECC+ChaCha20,5000,1,1230,0.027400004910305142,0.1277999981539324,0.10000000474974513,True,4328.949606797933
ECC+ChaCha20,5000,1,1231,0.028800001018680632,0.12829998740926385,0.09919999865815043,True,4328.949606797933
ECC+ChaCha20,5000,1,1232,0.028800001018680632,0.13040000339969993,0.10299999848939478,True,4328.949606797933
ECC+ChaCha20,5000,1,1233,0.028400012524798512,0.1320000010309741,0.106100007542409,True,4328.949606797933
ECC+ChaCha20,5000,1,1234,0.031400006264448166,0.13370001397561282,0.1033000007737428,True,4328.949606797933
ECC+ChaCha20,5000,1,1235,0.02780000795610249,0.13860000763088465,0.10630000906530768,True,4328.949606797933
ECC+ChaCha20,5000,1,1236,0.027700007194653153,0.19859999883919954,0.10540000221226364,True,4328.949606797933
ECC+ChaCha20,5000,1,1237,0.033899996196851134,0.13299999409355223,0.10150000161956996,True,4328.949606797933
ECC+ChaCha20,5000,1,1238,0.0281000102404505,0.14019999071024358,0.10550000297371298,True,4328.949606797933
ECC+ChaCha20,5000,1,1239,0.029000002541579306,0.13000000035390258,0.10099999781232327,True,4328.949606797933
ECC+ChaCha20,5000,1,1240,0.027300004148855805,0.12740000966005027,0.10069999552797526,True,4328.949606797933
ECC+ChaCha20,5000,1,1241,0.027699992642737925,0.1429999974789098,0.10230000771116465,True,4328.949606797933
ECC+ChaCha20,5000,1,1242,0.02780000795610249,0.12939999578520656,0.09960000170394778,True,4328.949606797933
ECC+ChaCha20,5000,1,1243,0.027000001864507794,0.1289999927394092,0.09960000170394778,True,4328.949606797933
ECC+ChaCha20,5000,1,1244,0.027300004148855805,0.12719999358523637,0.10029999248217791,True,4328.949606797933
ECC+ChaCha20,5000,1,1245,0.02750000567175448,0.12950001109857112,0.10059999476652592,True,4328.949606797933
ECC+ChaCha20,5000,1,1246,0.02720000338740647,0.12759999663103372,0.09970000246539712,True,4328.949606797933
ECC+ChaCha20,5000,1,1247,0.026699999580159783,0.1277999981539324,0.10089999705087394,True,4328.949606797933
ECC+ChaCha20,5000,1,1248,0.026699999580159783,0.13079999189358205,0.10039999324362725,True,4328.949606797933
ECC+ChaCha20,5000,1,1249,0.027300004148855805,0.13010000111535192,0.09970000246539712,True,4328.949606797933
ECC+ChaCha20,5000,1,1250,0.027299989596940577,0.12830000196117908,0.10010000551119447,True,4328.949606797933
ECC+ChaCha20,5000,1,1251,0.026699999580159783,0.1269000058528036,0.10010000551119447,True,4328.949606797933
ECC+ChaCha20,5000,1,1252,0.03619999915827066,0.12740000966005027,0.10000000474974513,True,4328.949606797933
ECC+ChaCha20,5000,1,1253,0.028399997972883284,0.13299999409355223,0.10049999400507659,True,4328.949606797933
ECC+ChaCha20,5000,1,1254,0.029400005587376654,0.13159999798517674,0.1016000023810193,True,4328.949606797933
ECC+ChaCha20,5000,1,1255,0.028799986466765404,0.13070000568404794,0.10210000618826598,True,4328.949606797933
ECC+ChaCha20,5000,1,1256,0.032199997804127634,0.14609999198000878,0.1075999898603186,True,4328.949606797933
ECC+ChaCha20,5000,1,1257,0.02849999873433262,0.12939999578520656,0.10130000009667128,True,4328.949606797933
ECC+ChaCha20,5000,1,1258,0.02780000795610249,0.12770001194439828,0.10050000855699182,True,4328.949606797933
ECC+ChaCha20,5000,1,1259,0.027000001864507794,0.12789999891538173,0.10070001007989049,True,4328.949606797933
ECC+ChaCha20,5000,1,1260,0.026999987312592566,0.12749999586958438,0.10109999857377261,True,4328.949606797933
ECC+ChaCha20,5000,1,1261,0.028800001018680632,0.1326000055996701,0.10320000001229346,True,4328.949606797933
ECC+ChaCha20,5000,1,1262,0.027699992642737925,0.13020000187680125,0.10130000009667128,True,4328.949606797933
ECC+ChaCha20,5000,1,1263,0.02929999027401209,0.13939999917056412,0.12369999603834003,True,4328.949606797933
ECC+ChaCha20,5000,1,1264,0.028800001018680632,0.13099999341648072,0.10070001007989049,True,4328.949606797933
ECC+ChaCha20,5000,1,1265,0.027299989596940577,0.1277999981539324,0.0999999901978299,True,4328.949606797933
ECC+ChaCha20,5000,1,1266,0.027700007194653153,0.12840000272262841,0.10089999705087394,True,4328.949606797933
ECC+ChaCha20,5000,1,1267,0.027299989596940577,0.12730000889860094,0.1007999962894246,True,4328.949606797933
ECC+ChaCha20,5000,1,1268,0.027299989596940577,0.12880000576842576,0.10030000703409314,True,4328.949606797933
ECC+ChaCha20,5000,1,1269,0.027299989596940577,0.1277999981539324,0.09969998791348189,True,4328.949606797933
ECC+ChaCha20,5000,1,1270,0.02710000262595713,0.1272999943466857,0.10000000474974513,True,4328.949606797933
ECC+ChaCha20,5000,1,1271,0.026699999580159783,0.1281000004382804,0.09940000018104911,True,4328.949606797933
ECC+ChaCha20,5000,1,1272,0.026999987312592566,0.12749999586958438,0.09929999941959977,True,4328.949606797933
ECC+ChaCha20,5000,1,1273,0.026699999580159783,0.12769999739248306,0.09979998867493123,True,4328.949606797933
ECC+ChaCha20,5000,1,1274,0.026599998818710446,0.12569999671541154,0.09980000322684646,True,4328.949606797933
ECC+ChaCha20,5000,1,1275,0.026900001103058457,0.1283999881707132,0.09929999941959977,True,4328.949606797933
ECC+ChaCha20,5000,1,1276,0.026699999580159783,0.13860000763088465,0.10299999848939478,True,4328.949606797933
ECC+ChaCha20,5000,1,1277,0.02890000178012997,0.1297999988310039,0.10030000703409314,True,4328.949606797933
ECC+ChaCha20,5000,1,1278,0.027699992642737925,0.1286999904550612,0.09970000246539712,True,4328.949606797933
ECC+ChaCha20,5000,1,1279,0.02750000567175448,0.12909999350085855,0.10040000779554248,True,4328.949606797933
ECC+ChaCha20,5000,1,1280,0.026599998818710446,0.13250000483822078,0.10030000703409314,True,4328.949606797933
ECC+ChaCha20,5000,1,1281,0.027299989596940577,0.12630000128410757,0.09940000018104911,True,4328.949606797933
ECC+ChaCha20,5000,1,1282,0.027700007194653153,0.15589999384246767,0.10380000458098948,True,4328.949606797933
ECC+ChaCha20,5000,1,1283,0.028299997211433947,0.12929999502375722,0.10050000855699182,True,4328.949606797933
ECC+ChaCha20,5000,1,1284,0.027600006433203816,0.12820000119972974,0.10059999476652592,True,4328.949606797933
ECC+ChaCha20,5000,1,1285,0.02750000567175448,0.12939999578520656,0.10010000551119447,True,4328.949606797933
ECC+ChaCha20,5000,1,1286,0.026900001103058457,0.12789999891538173,0.10040000779554248,True,4328.949606797933
ECC+ChaCha20,5000,1,1287,0.026600013370625675,0.12710000737570226,0.10040000779554248,True,4328.949606797933
ECC+ChaCha20,5000,1,1288,0.02680000034160912,0.12650000280700624,0.09950000094249845,True,4328.949606797933
ECC+ChaCha20,5000,1,1289,0.02710000262595713,0.1269000058528036,0.10040000779554248,True,4328.949606797933
ECC+ChaCha20,5000,1,1290,0.026399997295811772,0.12710000737570226,0.09969998791348189,True,4328.949606797933
ECC+ChaCha20,5000,1,1291,0.026599998818710446,0.12630000128410757,0.0999999901978299,True,4328.949606797933
ECC+ChaCha20,5000,1,1292,0.029800008633174002,0.14139999984763563,0.10180000390391797,True,4328.949606797933
ECC+ChaCha20,5000,1,1293,0.028000009479001164,0.12830000196117908,0.10019999172072858,True,4328.949606797933
ECC+ChaCha20,5000,1,1294,0.027000001864507794,0.12689999130088836,0.09929999941959977,True,4328.949606797933
ECC+ChaCha20,5000,1,1295,0.02689998655114323,0.12599999899975955,0.10059999476652592,True,4328.949606797933
ECC+ChaCha20,5000,1,1296,0.02680000034160912,0.12739999510813504,0.10239999392069876,True,4328.949606797933
ECC+ChaCha20,5000,1,1297,0.02649999805726111,0.12759999663103372,0.09950000094249845,True,4328.949606797933
ECC+ChaCha20,5000,1,1298,0.02819999644998461,0.12830000196117908,0.09940000018104911,True,4328.949606797933
ECC+ChaCha20,5000,1,1299,0.027599991881288588,0.1277999981539324,0.10049999400507659,True,4328.949606797933
ECC+ChaCha20,5000,1,1300,0.027300004148855805,0.13300000864546746,0.10000000474974513,True,4328.949606797933
ECC+ChaCha20,5000,1,1301,0.02680000034160912,0.1264000020455569,0.09929999941959977,True,4328.949606797933
ECC+ChaCha20,5000,1,1302,0.027000001864507794,0.12700000661425292,0.09940000018104911,True,4328.949606797933
ECC+ChaCha20,5000,1,1303,0.02710000262595713,0.12830000196117908,0.09959998715203255,True,4328.949606797933
ECC+ChaCha20,5000,1,1304,0.02749999111983925,0.12730000889860094,0.09919999865815043,True,4328.949606797933
ECC+ChaCha20,5000,1,1305,0.027000001864507794,0.12680000509135425,0.09979998867493123,True,4328.949606797933
ECC+ChaCha20,5000,1,1306,0.026600013370625675,0.12589999823831022,0.0990999978967011,True,4328.949606797933
ECC+ChaCha20,5000,1,1307,0.02710000262595713,0.1277999981539324,0.0999000039882958,True,4328.949606797933
ECC+ChaCha20,5000,1,1308,0.027300004148855805,0.13929999840911478,0.1066999975591898,True,4328.949606797933
ECC+ChaCha20,5000,1,1309,0.026900001103058457,0.12759999663103372,0.10029999248217791,True,4328.949606797933
ECC+ChaCha20,5000,1,1310,0.02720000338740647,0.12840000272262841,0.09950000094249845,True,4328.949606797933
ECC+ChaCha20,5000,1,1311,0.026900001103058457,0.12749999586958438,0.09959998715203255,True,4328.949606797933
ECC+ChaCha20,5000,1,1312,0.027299989596940577,0.13169999874662608,0.09979998867493123,True,4328.949606797933
ECC+ChaCha20,5000,1,1313,0.026799985789693892,0.12700000661425292,0.09929999941959977,True,4328.949606797933
ECC+ChaCha20,5000,1,1314,0.026699999580159783,0.12680000509135425,0.09919999865815043,True,4328.949606797933
ECC+ChaCha20,5000,1,1315,0.02749999111983925,0.12700000661425292,0.09960000170394778,True,4328.949606797933
ECC+ChaCha20,5000,1,1316,0.02750000567175448,0.13840000610798597,0.10089999705087394,True,4328.949606797933
ECC+ChaCha20,5000,1,1317,0.027699992642737925,0.1286000042455271,0.10060000931844115,True,4328.949606797933
ECC+ChaCha20,5000,1,1318,0.02749999111983925,0.12670000432990491,0.10030000703409314,True,4328.949606797933
ECC+ChaCha20,5000,1,1319,0.027000001864507794,0.12650000280700624,0.10089999705087394,True,4328.949606797933
ECC+ChaCha20,5000,1,1320,0.026300011086277664,0.12670000432990491,0.09929999941959977,True,4328.949606797933
ECC+ChaCha20,5000,1,1321,0.04199999966658652,0.15659999917261302,0.10829999519046396,True,4328.949606797933
ECC+ChaCha20,5000,1,1322,0.03500000457279384,0.1412999990861863,0.10429999383632094,True,4328.949606797933
ECC+ChaCha20,5000,1,1323,0.02819999644998461,0.13869999384041876,0.10130000009667128,True,4328.949606797933
ECC+ChaCha20,5000,1,1324,0.02710000262595713,0.12799999967683107,0.10029999248217791,True,4328.949606797933
ECC+ChaCha20,5000,1,1325,0.02680000034160912,0.12749999586958438,0.09950000094249845,True,4328.949606797933
ECC+ChaCha20,5000,1,1326,0.026600013370625675,0.12799999967683107,0.10019999172072858,True,4328.949606797933
ECC+ChaCha20,5000,1,1327,0.02680000034160912,0.12820000119972974,0.10000000474974513,True,4328.949606797933
ECC+ChaCha20,5000,1,1328,0.026699999580159783,0.1277999981539324,0.09980000322684646,True,4328.949606797933
ECC+ChaCha20,5000,1,1329,0.027000001864507794,0.12769999739248306,0.09919999865815043,True,4328.949606797933
ECC+ChaCha20,5000,1,1330,0.027000001864507794,0.1260999997612089,0.10009999095927924,True,4328.949606797933
ECC+ChaCha20,5000,1,1331,0.026900001103058457,0.13610000314656645,0.10000000474974513,True,4328.949606797933
ECC+ChaCha20,5000,1,1332,0.026699999580159783,0.12679999053943902,0.09950000094249845,True,4328.949606797933
ECC+ChaCha20,5000,1,1333,0.026599998818710446,0.1264000020455569,0.11940000695176423,True,4328.949606797933
ECC+ChaCha20,5000,1,1334,0.027799993404187262,0.12769999739248306,0.0999000039882958,True,4328.949606797933
ECC+ChaCha20,5000,1,1335,0.02720000338740647,0.1269999920623377,0.10009999095927924,True,4328.949606797933
ECC+ChaCha20,5000,1,1336,0.02689998655114323,0.1269000058528036,0.10010000551119447,True,4328.949606797933
ECC+ChaCha20,5000,1,1337,0.026299996534362435,0.12650000280700624,0.10049999400507659,True,4328.949606797933
ECC+ChaCha20,5000,1,1338,0.02710000262595713,0.12840000272262841,0.09989998943638057,True,4328.949606797933
ECC+ChaCha20,5000,1,1339,0.027099988074041903,0.13240000407677144,0.09929999941959977,True,4328.949606797933
ECC+ChaCha20,5000,1,1340,0.02680000034160912,0.12739999510813504,0.09970000246539712,True,4328.949606797933
ECC+ChaCha20,5000,1,1341,0.02680000034160912,0.12749999586958438,0.09929999941959977,True,4328.949606797933
ECC+ChaCha20,5000,1,1342,0.02680000034160912,0.12760001118294895,0.0999000039882958,True,4328.949606797933
ECC+ChaCha20,5000,1,1343,0.026699999580159783,0.1286000042455271,0.10040000779554248,True,4328.949606797933
ECC+ChaCha20,5000,1,1344,0.02649999805726111,0.1360000023851171,0.09859999408945441,True,4328.949606797933
ECC+ChaCha20,5000,1,1345,0.026599998818710446,0.12749999586958438,0.10030000703409314,True,4328.949606797933
ECC+ChaCha20,5000,1,1346,0.02649999805726111,0.12799999967683107,0.1002000062726438,True,4328.949606797933
ECC+ChaCha20,5000,1,1347,0.02710000262595713,0.12700000661425292,0.09960000170394778,True,4328.949606797933
ECC+ChaCha20,5000,1,1348,0.027999994927085936,0.13010000111535192,0.10050000855699182,True,4328.949606797933
ECC+ChaCha20,5000,1,1349,0.036299999919719994,0.14790000568609685,0.10540000221226364,True,4328.949606797933
ECC+ChaCha20,5000,1,1350,0.029000002541579306,0.13210000179242343,0.10179998935200274,True,4328.949606797933
ECC+ChaCha20,5000,1,1351,0.028399997972883284,0.12969999806955457,0.10080001084133983,True,4328.949606797933
ECC+ChaCha20,5000,1,1352,0.027900008717551827,0.14139999984763563,0.10509999992791563,True,4328.949606797933
ECC+ChaCha20,5000,1,1353,0.027999994927085936,0.12880000576842576,0.10040000779554248,True,4328.949606797933
ECC+ChaCha20,5000,1,1354,0.02750000567175448,0.1286999904550612,0.10099999781232327,True,4328.949606797933
ECC+ChaCha20,5000,1,1355,0.02750000567175448,0.12830000196117908,0.10039999324362725,True,4328.949606797933
ECC+ChaCha20,5000,1,1356,0.02710000262595713,0.1275000104214996,0.0999000039882958,True,4328.949606797933
ECC+ChaCha20,5000,1,1357,0.027099988074041903,0.12759999663103372,0.0999000039882958,True,4328.949606797933
ECC+ChaCha20,5000,1,1358,0.026699999580159783,0.12769999739248306,0.10010000551119447,True,4328.949606797933
ECC+ChaCha20,5000,1,1359,0.027300004148855805,0.1336999994236976,0.10029999248217791,True,4328.949606797933
ECC+ChaCha20,5000,1,1360,0.026900001103058457,0.12830000196117908,0.09960000170394778,True,4328.949606797933
ECC+ChaCha20,5000,1,1361,0.027000001864507794,0.12670000432990491,0.09959998715203255,True,4328.949606797933
ECC+ChaCha20,5000,1,1362,0.026599998818710446,0.12650000280700624,0.09919999865815043,True,4328.949606797933
ECC+ChaCha20,5000,1,1363,0.027000001864507794,0.12840000272262841,0.10060000931844115,True,4328.949606797933
ECC+ChaCha20,5000,1,1364,0.02680000034160912,0.12799999967683107,0.1002000062726438,True,4328.949606797933
ECC+ChaCha20,5000,1,1365,0.027299989596940577,0.1281000004382804,0.0999999901978299,True,4328.949606797933
ECC+ChaCha20,5000,1,1366,0.027000001864507794,0.1281000004382804,0.10019999172072858,True,4328.949606797933
ECC+ChaCha20,5000,1,1367,0.02710000262595713,0.13800000306218863,0.10550000297371298,True,4328.949606797933
ECC+ChaCha20,5000,1,1368,0.0295999925583601,0.13250000483822078,0.0999000039882958,True,4328.949606797933
ECC+ChaCha20,5000,1,1369,0.02710000262595713,0.1286000042455271,0.10039999324362725,True,4328.949606797933
ECC+ChaCha20,5000,1,1370,0.026900001103058457,0.12769999739248306,0.10039999324362725,True,4328.949606797933
ECC+ChaCha20,5000,1,1371,0.02680000034160912,0.1277999981539324,0.1007999962894246,True,4328.949606797933
ECC+ChaCha20,5000,1,1372,0.0278999941656366,0.12840000272262841,0.10040000779554248,True,4328.949606797933
ECC+ChaCha20,5000,1,1373,0.02680000034160912,0.12760001118294895,0.10010000551119447,True,4328.949606797933
ECC+ChaCha20,5000,1,1374,0.026900001103058457,0.13980000221636146,0.10039999324362725,True,4328.949606797933
ECC+ChaCha20,5000,1,1375,0.026399997295811772,0.12739999510813504,0.1311999949393794,True,4328.949606797933
ECC+ChaCha20,5000,1,1376,0.028399997972883284,0.13299999409355223,0.0999999901978299,True,4328.949606797933
ECC+ChaCha20,5000,1,1377,0.02720000338740647,0.1277999981539324,0.10070001007989049,True,4328.949606797933
ECC+ChaCha20,5000,1,1378,0.02680000034160912,0.12739999510813504,0.10030000703409314,True,4328.949606797933
ECC+ChaCha20,5000,1,1379,0.026599998818710446,0.12710000737570226,0.09880001016426831,True,4328.949606797933
ECC+ChaCha20,5000,1,1380,0.02720000338740647,0.12799999967683107,0.09950000094249845,True,4328.949606797933
ECC+ChaCha20,5000,1,1381,0.027099988074041903,0.13889999536331743,0.1016000023810193,True,4328.949606797933
ECC+ChaCha20,5000,1,1382,0.026900001103058457,0.12630000128410757,0.09919999865815043,True,4328.949606797933
ECC+ChaCha20,5000,1,1383,0.026599998818710446,0.12749999586958438,0.09940000018104911,True,4328.949606797933
ECC+ChaCha20,5000,1,1384,0.02670001413207501,0.12769999739248306,0.09980000322684646,True,4328.949606797933
ECC+ChaCha20,5000,1,1385,0.02649999805726111,0.12739999510813504,0.09940000018104911,True,4328.949606797933
ECC+ChaCha20,5000,1,1386,0.026599998818710446,0.12630000128410757,0.09929999941959977,True,4328.949606797933
ECC+ChaCha20,5000,1,1387,0.02680000034160912,0.12670000432990491,0.0990999978967011,True,4328.949606797933
ECC+ChaCha20,5000,1,1388,0.02680000034160912,0.12730000889860094,0.09980000322684646,True,4328.949606797933
ECC+ChaCha20,5000,1,1389,0.02680000034160912,0.1343000039923936,0.09919999865815043,True,4328.949606797933
ECC+ChaCha20,5000,1,1390,0.026599998818710446,0.1269999920623377,0.10009999095927924,True,4328.949606797933
ECC+ChaCha20,5000,1,1391,0.026500012609176338,0.1260999997612089,0.09899999713525176,True,4328.949606797933
ECC+ChaCha20,5000,1,1392,0.026500012609176338,0.12670000432990491,0.10010000551119447,True,4328.949606797933
ECC+ChaCha20,5000,1,1393,0.02680000034160912,0.12850000348407775,0.10140000085812062,True,4328.949606797933
ECC+ChaCha20,5000,1,1394,0.02720000338740647,0.12740000966005027,0.09950000094249845,True,4328.949606797933
ECC+ChaCha20,5000,1,1395,0.026699999580159783,0.12660000356845558,0.09960000170394778,True,4328.949606797933
ECC+ChaCha20,5000,1,1396,0.026299996534362435,0.12849998893216252,0.1007999962894246,True,4328.949606797933
ECC+ChaCha20,5000,1,1397,0.02750000567175448,0.13869999384041876,0.10480001219548285,True,4328.949606797933
ECC+ChaCha20,5000,1,1398,0.02680000034160912,0.1269000058528036,0.09979998867493123,True,4328.949606797933
ECC+ChaCha20,5000,1,1399,0.027000001864507794,0.12749999586958438,0.09989998943638057,True,4328.949606797933
ECC+ChaCha20,5000,1,1400,0.02649999805726111,0.12660000356845558,0.0990999978967011,True,4328.949606797933
ECC+ChaCha20,5000,1,1401,0.02720000338740647,0.1272999943466857,0.09980000322684646,True,4328.949606797933
ECC+ChaCha20,5000,1,1402,0.02680000034160912,0.12719999358523637,0.09950000094249845,True,4328.949606797933
ECC+ChaCha20,5000,1,1403,0.026599998818710446,0.12680000509135425,0.09929999941959977,True,4328.949606797933
ECC+ChaCha20,5000,1,1404,0.02680000034160912,0.1260999997612089,0.09960000170394778,True,4328.949606797933
ECC+ChaCha20,5000,1,1405,0.029199989512562752,0.1432999997632578,0.10140000085812062,True,4328.949606797933
ECC+ChaCha20,5000,1,1406,0.028800001018680632,0.1314999972237274,0.1002000062726438,True,4328.949606797933
ECC+ChaCha20,5000,1,1407,0.02720000338740647,0.12850000348407775,0.1002000062726438,True,4328.949606797933
ECC+ChaCha20,5000,1,1408,0.02710000262595713,0.13339999713934958,0.1002000062726438,True,4328.949606797933
ECC+ChaCha20,5000,1,1409,0.027000001864507794,0.12760001118294895,0.1002000062726438,True,4328.949606797933
ECC+ChaCha20,5000,1,1410,0.026900001103058457,0.1260999997612089,0.09980000322684646,True,4328.949606797933
ECC+ChaCha20,5000,1,1411,0.026900001103058457,0.12650000280700624,0.10010000551119447,True,4328.949606797933
ECC+ChaCha20,5000,1,1412,0.02720000338740647,0.12859998969361186,0.0999999901978299,True,4328.949606797933
ECC+ChaCha20,5000,1,1413,0.027000001864507794,0.12840000272262841,0.09989998943638057,True,4328.949606797933
ECC+ChaCha20,5000,1,1414,0.02720000338740647,0.12769999739248306,0.09980000322684646,True,4328.949606797933
ECC+ChaCha20,5000,1,1415,0.026900001103058457,0.12710000737570226,0.10030000703409314,True,4328.949606797933
ECC+ChaCha20,5000,1,1416,0.026599998818710446,0.12730000889860094,0.1002000062726438,True,4328.949606797933
ECC+ChaCha20,5000,1,1417,0.02649999805726111,0.12759999663103372,0.09970000246539712,True,4328.949606797933
ECC+ChaCha20,5000,1,1418,0.026599998818710446,0.12799999967683107,0.09940000018104911,True,4328.949606797933
ECC+ChaCha20,5000,1,1419,0.026900001103058457,0.12759999663103372,0.09960000170394778,True,4328.949606797933
ECC+ChaCha20,5000,1,1420,0.026299996534362435,0.12679999053943902,0.09889999637380242,True,4328.949606797933
ECC+ChaCha20,5000,1,1421,0.02680000034160912,0.12709999282378703,0.09969998791348189,True,4328.949606797933
ECC+ChaCha20,5000,1,1422,0.026599998818710446,0.12639998749364167,0.10010000551119447,True,4328.949606797933
ECC+ChaCha20,5000,1,1423,0.026599998818710446,0.12689999130088836,0.09919999865815043,True,4328.949606797933
ECC+ChaCha20,5000,1,1424,0.026900001103058457,0.13939999917056412,0.09960000170394778,True,4328.949606797933
ECC+ChaCha20,5000,1,1425,0.026599998818710446,0.12710000737570226,0.09970000246539712,True,4328.949606797933
ECC+ChaCha20,5000,1,1426,0.02649999805726111,0.12589999823831022,0.09919999865815043,True,4328.949606797933
ECC+ChaCha20,5000,1,1427,0.02680000034160912,0.12660000356845558,0.10000000474974513,True,4328.949606797933
ECC+ChaCha20,5000,1,1428,0.026699999580159783,0.12700000661425292,0.10000000474974513,True,4328.949606797933
ECC+ChaCha20,5000,1,1429,0.02680000034160912,0.12620000052265823,0.09940000018104911,True,4328.949606797933
ECC+ChaCha20,5000,1,1430,0.027400004910305142,0.1286999904550612,0.09979998867493123,True,4328.949606797933
ECC+ChaCha20,5000,1,1431,0.02750000567175448,0.1283999881707132,0.10049999400507659,True,4328.949606797933
ECC+ChaCha20,5000,1,1432,0.027299989596940577,0.12820000119972974,0.10000000474974513,True,4328.949606797933
ECC+ChaCha20,5000,1,1433,0.02720000338740647,0.1275000104214996,0.10030000703409314,True,4328.949606797933
ECC+ChaCha20,5000,1,1434,0.02710000262595713,0.1390999968862161,0.10279999696649611,True,4328.949606797933
ECC+ChaCha20,5000,1,1435,0.02680000034160912,0.1269999920623377,0.09940000018104911,True,4328.949606797933
ECC+ChaCha20,5000,1,1436,0.02680000034160912,0.12759999663103372,0.10010000551119447,True,4328.949606797933
ECC+ChaCha20,5000,1,1437,0.02680000034160912,0.1269000058528036,0.09980000322684646,True,4328.949606797933
ECC+ChaCha20,5000,1,1438,0.0261999957729131,0.1269000058528036,0.09940000018104911,True,4328.949606797933
ECC+ChaCha20,5000,1,1439,0.026399997295811772,0.12730000889860094,0.10030000703409314,True,4328.949606797933
ECC+ChaCha20,5000,1,1440,0.026900001103058457,0.13099999341648072,0.09949998639058322,True,4328.949606797933
ECC+ChaCha20,5000,1,1441,0.026600013370625675,0.12760001118294895,0.1002000062726438,True,4328.949606797933
ECC+ChaCha20,5000,1,1442,0.030700000934302807,0.1343000039923936,0.10049999400507659,True,4328.949606797933
ECC+ChaCha20,5000,1,1443,0.028700000257231295,0.13719999697059393,0.10110001312568784,True,4328.949606797933
ECC+ChaCha20,5000,1,1444,0.027600006433203816,0.1289000065298751,0.09970000246539712,True,4328.949606797933
ECC+ChaCha20,5000,1,1445,0.026900001103058457,0.12909999350085855,0.09979998867493123,True,4328.949606797933
ECC+ChaCha20,5000,1,1446,0.02719998883549124,0.1286000042455271,0.10059999476652592,True,4328.949606797933
ECC+ChaCha20,5000,1,1447,0.02680000034160912,0.12799999967683107,0.10070001007989049,True,4328.949606797933
ECC+ChaCha20,5000,1,1448,0.026600013370625675,0.12769999739248306,0.10039999324362725,True,4328.949606797933
ECC+ChaCha20,5000,1,1449,0.026600013370625675,0.1275000104214996,0.09940000018104911,True,4328.949606797933
ECC+ChaCha20,5000,1,1450,0.026699999580159783,0.12670000432990491,0.0999000039882958,True,4328.949606797933
ECC+ChaCha20,5000,1,1451,0.026699999580159783,0.13899999612476677,0.10370000381954014,True,4328.949606797933
ECC+ChaCha20,5000,1,1452,0.026599998818710446,0.12710000737570226,0.09929999941959977,True,4328.949606797933
ECC+ChaCha20,5000,1,1453,0.026699999580159783,0.12749999586958438,0.10000000474974513,True,4328.949606797933
ECC+ChaCha20,5000,1,1454,0.026699999580159783,0.12709999282378703,0.09960000170394778,True,4328.949606797933
ECC+ChaCha20,5000,1,1455,0.02710000262595713,0.12669998977798969,0.09980000322684646,True,4328.949606797933
ECC+ChaCha20,5000,1,1456,0.026400011847727,0.1275000104214996,0.10000000474974513,True,4328.949606797933
ECC+ChaCha20,5000,1,1457,0.026399997295811772,0.12759999663103372,0.10010000551119447,True,4328.949606797933
ECC+ChaCha20,5000,1,1458,0.02680000034160912,0.12710000737570226,0.0999000039882958,True,4328.949606797933
ECC+ChaCha20,5000,1,1459,0.027300004148855805,0.1370999962091446,0.09980000322684646,True,4328.949606797933
ECC+ChaCha20,5000,1,1460,0.02710000262595713,0.13000000035390258,0.1007999962894246,True,4328.949606797933
ECC+ChaCha20,5000,1,1461,0.027600006433203816,0.12739999510813504,0.10000000474974513,True,4328.949606797933
ECC+ChaCha20,5000,1,1462,0.026400011847727,0.12630000128410757,0.09940000018104911,True,4328.949606797933
ECC+ChaCha20,5000,1,1463,0.026599998818710446,0.1272000081371516,0.09950000094249845,True,4328.949606797933
ECC+ChaCha20,5000,1,1464,0.02720000338740647,0.1269999920623377,0.10109999857377261,True,4328.949606797933
ECC+ChaCha20,5000,1,1465,0.026699999580159783,0.12820000119972974,0.09919999865815043,True,4328.949606797933
ECC+ChaCha20,5000,1,1466,0.026699999580159783,0.12740000966005027,0.09899999713525176,True,4328.949606797933
ECC+ChaCha20,5000,1,1467,0.027000001864507794,0.1402000052621588,0.10310001380275935,True,4328.949606797933
ECC+ChaCha20,5000,1,1468,0.02680000034160912,0.12689999130088836,0.10059999476652592,True,4328.949606797933
ECC+ChaCha20,5000,1,1469,0.026599998818710446,0.1272999943466857,0.09960000170394778,True,4328.949606797933
ECC+ChaCha20,5000,1,1470,0.026599998818710446,0.12739999510813504,0.09880001016426831,True,4328.949606797933
ECC+ChaCha20,5000,1,1471,0.02680000034160912,0.13010000111535192,0.09980000322684646,True,4328.949606797933
ECC+ChaCha20,5000,1,1472,0.03190001007169485,0.139000010676682,0.10459999612066895,True,4328.949606797933
ECC+ChaCha20,5000,1,1473,0.0320999970426783,0.13410000246949494,0.10350000229664147,True,4328.949606797933
ECC+ChaCha20,5000,1,1474,0.027999994927085936,0.13380000018514693,0.1002000062726438,True,4328.949606797933
ECC+ChaCha20,5000,1,1475,0.028399997972883284,0.13049998960923404,0.0999999901978299,True,4328.949606797933
ECC+ChaCha20,5000,1,1476,0.028700000257231295,0.1297999988310039,0.09980000322684646,True,4328.949606797933
ECC+ChaCha20,5000,1,1477,0.026999987312592566,0.12850000348407775,0.1002000062726438,True,4328.949606797933
ECC+ChaCha20,5000,1,1478,0.027400004910305142,0.12820000119972974,0.10010000551119447,True,4328.949606797933
ECC+ChaCha20,5000,1,1479,0.02750000567175448,0.1286000042455271,0.10089999705087394,True,4328.949606797933
ECC+ChaCha20,5000,1,1480,0.02710000262595713,0.1277999981539324,0.09959998715203255,True,4328.949606797933
ECC+ChaCha20,5000,1,1481,0.026900001103058457,0.13179999950807542,0.0999000039882958,True,4328.949606797933
ECC+ChaCha20,5000,1,1482,0.02720000338740647,0.12759999663103372,0.0999999901978299,True,4328.949606797933
ECC+ChaCha20,5000,1,1483,0.02649999805726111,0.12870000500697643,0.10030000703409314,True,4328.949606797933
ECC+ChaCha20,5000,1,1484,0.026399997295811772,0.12679999053943902,0.09929999941959977,True,4328.949606797933
ECC+ChaCha20,5000,1,1485,0.02649999805726111,0.1269000058528036,0.10040000779554248,True,4328.949606797933
ECC+ChaCha20,5000,1,1486,0.02680000034160912,0.12789999891538173,0.10010000551119447,True,4328.949606797933
ECC+ChaCha20,5000,1,1487,0.026399997295811772,0.1269999920623377,0.09949998639058322,True,4328.949606797933
ECC+ChaCha20,5000,1,1488,0.02649999805726111,0.12820000119972974,0.09989998943638057,True,4328.949606797933
ECC+ChaCha20,5000,1,1489,0.027300004148855805,0.13929999840911478,0.09929999941959977,True,4328.949606797933
ECC+ChaCha20,5000,1,1490,0.026699999580159783,0.12679999053943902,0.10029999248217791,True,4328.949606797933
ECC+ChaCha20,5000,1,1491,0.026699999580159783,0.12820000119972974,0.09959998715203255,True,4328.949606797933
ECC+ChaCha20,5000,1,1492,0.027299989596940577,0.1272000081371516,0.0999000039882958,True,4328.949606797933
ECC+ChaCha20,5000,1,1493,0.02719998883549124,0.12710000737570226,0.1002000062726438,True,4328.949606797933
ECC+ChaCha20,5000,1,1494,0.026300011086277664,0.12700000661425292,0.0999000039882958,True,4328.949606797933
ECC+ChaCha20,5000,1,1495,0.02680000034160912,0.12710000737570226,0.09960000170394778,True,4328.949606797933
ECC+ChaCha20,5000,1,1496,0.02649999805726111,0.12680000509135425,0.10039999324362725,True,4328.949606797933
ECC+ChaCha20,5000,1,1497,0.02680000034160912,0.13270000636111945,0.09950000094249845,True,4328.949606797933
ECC+ChaCha20,5000,1,1498,0.026399997295811772,0.1260999997612089,0.09929999941959977,True,4328.949606797933
ECC+ChaCha20,5000,1,1499,0.026500012609176338,0.12740000966005027,0.09950000094249845,True,4328.949606797933
ECC+ChaCha20,5000,1,1500,0.030800001695752144,0.13729999773204327,0.10299999848939478,True,4328.949606797933
ECC+ChaCha20,5000,1,1501,0.027799993404187262,0.12969999806955457,0.10049999400507659,True,4328.949606797933
ECC+ChaCha20,5000,1,1502,0.02710000262595713,0.1286000042455271,0.10000000474974513,True,4328.949606797933
ECC+ChaCha20,5000,1,1503,0.026699999580159783,0.13070000568404794,0.09929999941959977,True,4328.949606797933
ECC+ChaCha20,5000,1,1504,0.02649999805726111,0.12740000966005027,0.10720000136643648,True,4328.949606797933
ECC+ChaCha20,5000,1,1505,0.026599998818710446,0.12650000280700624,0.09919999865815043,True,4328.949606797933
ECC+ChaCha20,5000,1,1506,0.027000001864507794,0.12749999586958438,0.10080001084133983,True,4328.949606797933
ECC+ChaCha20,5000,1,1507,0.02680000034160912,0.12769999739248306,0.0999000039882958,True,4328.949606797933
ECC+ChaCha20,5000,1,1508,0.026599998818710446,0.12620000052265823,0.09980000322684646,True,4328.949606797933
ECC+ChaCha20,5000,1,1509,0.026399997295811772,0.12739999510813504,0.1002000062726438,True,4328.949606797933
ECC+ChaCha20,5000,1,1510,0.02719998883549124,0.12710000737570226,0.0990999978967011,True,4328.949606797933
ECC+ChaCha20,5000,1,1511,0.027000001864507794,0.1277999981539324,0.10050000855699182,True,4328.949606797933
ECC+ChaCha20,5000,1,1512,0.026699999580159783,0.1264000020455569,0.09979998867493123,True,4328.949606797933
ECC+ChaCha20,5000,1,1513,0.02680000034160912,0.12669998977798969,0.0999999901978299,True,4328.949606797933
ECC+ChaCha20,5000,1,1514,0.026400011847727,0.12680000509135425,0.09959998715203255,True,4328.949606797933
ECC+ChaCha20,5000,1,1515,0.026599998818710446,0.1272999943466857,0.09959998715203255,True,4328.949606797933
ECC+ChaCha20,5000,1,1516,0.026399997295811772,0.12589999823831022,0.09880001016426831,True,4328.949606797933
ECC+ChaCha20,5000,1,1517,0.026400011847727,0.12710000737570226,0.10000000474974513,True,4328.949606797933
ECC+ChaCha20,5000,1,1518,0.02710000262595713,0.12739999510813504,0.0999999901978299,True,4328.949606797933
ECC+ChaCha20,5000,1,1519,0.027000001864507794,0.12670000432990491,0.09949998639058322,True,4328.949606797933
ECC+ChaCha20,5000,1,1520,0.02680000034160912,0.1390999968862161,0.1033000007737428,True,4328.949606797933
ECC+ChaCha20,5000,1,1521,0.026399997295811772,0.12660000356845558,0.09919999865815043,True,4328.949606797933
ECC+ChaCha20,5000,1,1522,0.026599998818710446,0.1269000058528036,0.09910001244861633,True,4328.949606797933
ECC+ChaCha20,5000,1,1523,0.026599998818710446,0.12709999282378703,0.09970000246539712,True,4328.949606797933
ECC+ChaCha20,5000,1,1524,0.026299996534362435,0.12599999899975955,0.0990999978967011,True,4328.949606797933
ECC+ChaCha20,5000,1,1525,0.02649999805726111,0.12669998977798969,0.0990999978967011,True,4328.949606797933
ECC+ChaCha20,5000,1,1526,0.026399997295811772,0.12600001355167478,0.09869999485090375,True,4328.949606797933
ECC+ChaCha20,5000,1,1527,0.03460000152699649,0.14260000898502767,0.10509999992791563,True,4328.949606797933
ECC+ChaCha20,5000,1,1528,0.02849999873433262,0.1351000100839883,0.10140000085812062,True,4328.949606797933
ECC+ChaCha20,5000,1,1529,0.027599991881288588,0.1277999981539324,0.09969998791348189,True,4328.949606797933
ECC+ChaCha20,5000,1,1530,0.028999987989664078,0.13080000644549727,0.10010000551119447,True,4328.949606797933
ECC+ChaCha20,5000,1,1531,0.05360000068321824,0.17549999756738544,0.11040001118090004,True,4328.949606797933
ECC+ChaCha20,5000,1,1532,0.04539999645203352,0.16129999130498618,0.10820000898092985,True,4328.949606797933
ECC+ChaCha20,5000,1,1533,0.036999990697950125,0.1598999951966107,0.10350000229664147,True,4328.949606797933
ECC+ChaCha20,5000,1,1534,0.02990000939462334,0.13270000636111945,0.10109999857377261,True,4328.949606797933
ECC+ChaCha20,5000,1,1535,0.027600006433203816,0.1348000077996403,0.10000000474974513,True,4328.949606797933
ECC+ChaCha20,5000,1,1536,0.027099988074041903,0.12789999891538173,0.10049999400507659,True,4328.949606797933
ECC+ChaCha20,5000,1,1537,0.027400004910305142,0.1269999920623377,0.10049999400507659,True,4328.949606797933
ECC+ChaCha20,5000,1,1538,0.027000001864507794,0.12709999282378703,0.09989998943638057,True,4328.949606797933
ECC+ChaCha20,5000,1,1539,0.027400004910305142,0.12789999891538173,0.10059999476652592,True,4328.949606797933
ECC+ChaCha20,5000,1,1540,0.026900001103058457,0.12700000661425292,0.09980000322684646,True,4328.949606797933
ECC+ChaCha20,5000,1,1541,0.027799993404187262,0.13800000306218863,0.10269999620504677,True,4328.949606797933
ECC+ChaCha20,5000,1,1542,0.026599998818710446,0.12700000661425292,0.09929999941959977,True,4328.949606797933
ECC+ChaCha20,5000,1,1543,0.02710000262595713,0.12900000729132444,0.09950000094249845,True,4328.949606797933
ECC+ChaCha20,5000,1,1544,0.02720000338740647,0.12959999730810523,0.09969998791348189,True,4328.949606797933
ECC+ChaCha20,5000,1,1545,0.026900001103058457,0.1281000004382804,0.1007999962894246,True,4328.949606797933
ECC+ChaCha20,5000,1,1546,0.027000001864507794,0.12680000509135425,0.09940000018104911,True,4328.949606797933
ECC+ChaCha20,5000,1,1547,0.02680000034160912,0.12719999358523637,0.09919999865815043,True,4328.949606797933
ECC+ChaCha20,5000,1,1548,0.027400004910305142,0.12789999891538173,0.09970000246539712,True,4328.949606797933
ECC+ChaCha20,5000,1,1549,0.02680000034160912,0.13380000018514693,0.10069999552797526,True,4328.949606797933
ECC+ChaCha20,5000,1,1550,0.026699999580159783,0.12740000966005027,0.10000000474974513,True,4328.949606797933
ECC+ChaCha20,5000,1,1551,0.02680000034160912,0.1269999920623377,0.10009999095927924,True,4328.949606797933
ECC+ChaCha20,5000,1,1552,0.027399990358389914,0.1277999981539324,0.09950000094249845,True,4328.949606797933
ECC+ChaCha20,5000,1,1553,0.02649999805726111,0.12700000661425292,0.09940000018104911,True,4328.949606797933
ECC+ChaCha20,5000,1,1554,0.02610000956337899,0.1269999920623377,0.0990999978967011,True,4328.949606797933
ECC+ChaCha20,5000,1,1555,0.026599998818710446,0.12710000737570226,0.0999000039882958,True,4328.949606797933
ECC+ChaCha20,5000,1,1556,0.025999994250014424,0.12650000280700624,0.09950000094249845,True,4328.949606797933
ECC+ChaCha20,5000,1,1557,0.030800001695752144,0.14399999054148793,0.10140000085812062,True,4328.949606797933
ECC+ChaCha20,5000,1,1558,0.027999994927085936,0.1286000042455271,0.10140000085812062,True,4328.949606797933
ECC+ChaCha20,5000,1,1559,0.02680000034160912,0.12709999282378703,0.10029999248217791,True,4328.949606797933
ECC+ChaCha20,5000,1,1560,0.02680000034160912,0.1269000058528036,0.0999000039882958,True,4328.949606797933
ECC+ChaCha20,5000,1,1561,0.02710000262595713,0.12719999358523637,0.10089999705087394,True,4328.949606797933
ECC+ChaCha20,5000,1,1562,0.027999994927085936,0.1277999981539324,0.10130000009667128,True,4328.949606797933
ECC+ChaCha20,5000,1,1563,0.02750000567175448,0.12799999967683107,0.10000000474974513,True,4328.949606797933
ECC+ChaCha20,5000,1,1564,0.026900001103058457,0.12710000737570226,0.09940000018104911,True,4328.949606797933
ECC+ChaCha20,5000,1,1565,0.027000001864507794,0.1404999929945916,0.10210000618826598,True,4328.949606797933
ECC+ChaCha20,5000,1,1566,0.02670001413207501,0.12700000661425292,0.09950000094249845,True,4328.949606797933
ECC+ChaCha20,5000,1,1567,0.026599998818710446,0.13169999874662608,0.10140000085812062,True,4328.949606797933
ECC+ChaCha20,5000,1,1568,0.02680000034160912,0.12739999510813504,0.1002000062726438,True,4328.949606797933
ECC+ChaCha20,5000,1,1569,0.026900001103058457,0.12710000737570226,0.09980000322684646,True,4328.949606797933
ECC+ChaCha20,5000,1,1570,0.026599998818710446,0.1264000020455569,0.09949998639058322,True,4328.949606797933
ECC+ChaCha20,5000,1,1571,0.027400004910305142,0.1277999981539324,0.10009999095927924,True,4328.949606797933
ECC+ChaCha20,5000,1,1572,0.02649999805726111,0.12679999053943902,0.10029999248217791,True,4328.949606797933
ECC+ChaCha20,5000,1,1573,0.026900001103058457,0.1340000017080456,0.09960000170394778,True,4328.949606797933
ECC+ChaCha20,5000,1,1574,0.02680000034160912,0.12710000737570226,0.09950000094249845,True,4328.949606797933
ECC+ChaCha20,5000,1,1575,0.026599998818710446,0.12660000356845558,0.09980000322684646,True,4328.949606797933
ECC+ChaCha20,5000,1,1576,0.026599998818710446,0.12670000432990491,0.0985000078799203,True,4328.949606797933
ECC+ChaCha20,5000,1,1577,0.026500012609176338,0.1272000081371516,0.09960000170394778,True,4328.949606797933
ECC+ChaCha20,5000,1,1578,0.027000001864507794,0.1277999981539324,0.09919999865815043,True,4328.949606797933
ECC+ChaCha20,5000,1,1579,0.02649999805726111,0.12749999586958438,0.09980000322684646,True,4328.949606797933
ECC+ChaCha20,5000,1,1580,0.02649999805726111,0.1272999943466857,0.09890001092571765,True,4328.949606797933
ECC+ChaCha20,5000,1,1581,0.02649999805726111,0.13109999417793006,0.09940000018104911,True,4328.949606797933
ECC+ChaCha20,5000,1,1582,0.026500012609176338,0.1264000020455569,0.09929999941959977,True,4328.949606797933
ECC+ChaCha20,5000,1,1583,0.02680000034160912,0.1272000081371516,0.10010000551119447,True,4328.949606797933
ECC+ChaCha20,5000,1,1584,0.026599998818710446,0.12599999899975955,0.09940000018104911,True,4328.949606797933
ECC+ChaCha20,5000,1,1585,0.026399997295811772,0.12700000661425292,0.09950000094249845,True,4328.949606797933
ECC+ChaCha20,5000,1,1586,0.027599991881288588,0.1294999965466559,0.15799999528098851,True,4328.949606797933
ECC+ChaCha20,5000,1,1587,0.03860000288113952,0.14150000060908496,0.10239999392069876,True,4328.949606797933
ECC+ChaCha20,5000,1,1588,0.028800001018680632,0.14029999147169292,0.10259999544359744,True,4328.949606797933
ECC+ChaCha20,5000,1,1589,0.027300004148855805,0.12670000432990491,0.09979998867493123,True,4328.949606797933
ECC+ChaCha20,5000,1,1590,0.02720000338740647,0.12679999053943902,0.09940000018104911,True,4328.949606797933
ECC+ChaCha20,5000,1,1591,0.027000001864507794,0.12689999130088836,0.09929999941959977,True,4328.949606797933
ECC+ChaCha20,5000,1,1592,0.027000001864507794,0.12709999282378703,0.10059999476652592,True,4328.949606797933
ECC+ChaCha20,5000,1,1593,0.02710000262595713,0.12650000280700624,0.09960000170394778,True,4328.949606797933
ECC+ChaCha20,5000,1,1594,0.027099988074041903,0.12630000128410757,0.09889999637380242,True,4328.949606797933
ECC+ChaCha20,5000,1,1595,0.026699999580159783,0.1264000020455569,0.10209999163635075,True,4328.949606797933
ECC+ChaCha20,5000,1,1596,0.027600006433203816,0.13949999993201345,0.10089999705087394,True,4328.949606797933
ECC+ChaCha20,5000,1,1597,0.028399997972883284,0.13020000187680125,0.1007999962894246,True,4328.949606797933
ECC+ChaCha20,5000,1,1598,0.027600006433203816,0.1289000065298751,0.10010000551119447,True,4328.949606797933
ECC+ChaCha20,5000,1,1599,0.029100003303028643,0.13460000627674162,0.0999000039882958,True,4328.949606797933
ECC+ChaCha20,5000,1,1600,0.027000001864507794,0.12709999282378703,0.0999000039882958,True,4328.949606797933
ECC+ChaCha20,5000,1,1601,0.02680000034160912,0.12719999358523637,0.09950000094249845,True,4328.949606797933
ECC+ChaCha20,5000,1,1602,0.026500012609176338,0.12769999739248306,0.10029999248217791,True,4328.949606797933
ECC+ChaCha20,5000,1,1603,0.027600006433203816,0.13050000416114926,0.10070001007989049,True,4328.949606797933
ECC+ChaCha20,5000,1,1604,0.027400004910305142,0.13699999544769526,0.09910001244861633,True,4328.949606797933
ECC+ChaCha20,5000,1,1605,0.02680000034160912,0.12709999282378703,0.09989998943638057,True,4328.949606797933
ECC+ChaCha20,5000,1,1606,0.026699999580159783,0.1264000020455569,0.0999999901978299,True,4328.949606797933
ECC+ChaCha20,5000,1,1607,0.02750000567175448,0.1281000004382804,0.09950000094249845,True,4328.949606797933
ECC+ChaCha20,5000,1,1608,0.026399997295811772,0.12700000661425292,0.10030000703409314,True,4328.949606797933
ECC+ChaCha20,5000,1,1609,0.026599998818710446,0.12670000432990491,0.09880001016426831,True,4328.949606797933
ECC+ChaCha20,5000,1,1610,0.027300004148855805,0.1272999943466857,0.09960000170394778,True,4328.949606797933
ECC+ChaCha20,5000,1,1611,0.026900001103058457,0.12590001279022545,0.09919999865815043,True,4328.949606797933
ECC+ChaCha20,5000,1,1612,0.027300004148855805,0.13449999096337706,0.09929999941959977,True,4328.949606797933
ECC+ChaCha20,5000,1,1613,0.026699999580159783,0.12730000889860094,0.10010000551119447,True,4328.949606797933
ECC+ChaCha20,5000,1,1614,0.026599998818710446,0.12660000356845558,0.10179998935200274,True,4328.949606797933
ECC+ChaCha20,5000,1,1615,0.02710000262595713,0.12620000052265823,0.10030000703409314,True,4328.949606797933
ECC+ChaCha20,5000,1,1616,0.03159999323543161,0.13760000001639128,0.10200000542681664,True,4328.949606797933
ECC+ChaCha20,5000,1,1617,0.027600006433203816,0.12859998969361186,0.1016000023810193,True,4328.949606797933
ECC+ChaCha20,5000,1,1618,0.02780000795610249,0.12889999197795987,0.11779999476857483,True,4328.949606797933
ECC+ChaCha20,5000,1,1619,0.03170000854879618,0.1353999978164211,0.10099999781232327,True,4328.949606797933
ECC+ChaCha20,5000,1,1620,0.027099988074041903,0.12820000119972974,0.10029999248217791,True,4328.949606797933
ECC+ChaCha20,5000,1,1621,0.027900008717551827,0.12840000272262841,0.10019999172072858,True,4328.949606797933
ECC+ChaCha20,5000,1,1622,0.027300004148855805,0.12859998969361186,0.0999999901978299,True,4328.949606797933
ECC+ChaCha20,5000,1,1623,0.027000001864507794,0.12820000119972974,0.10029999248217791,True,4328.949606797933
ECC+ChaCha20,5000,1,1624,0.027300004148855805,0.1286000042455271,0.10000000474974513,True,4328.949606797933
ECC+ChaCha20,5000,1,1625,0.02689998655114323,0.1264000020455569,0.10010000551119447,True,4328.949606797933
ECC+ChaCha20,5000,1,1626,0.02680000034160912,0.12799999967683107,0.09970000246539712,True,4328.949606797933
ECC+ChaCha20,5000,1,1627,0.027399990358389914,0.13980000221636146,0.10180000390391797,True,4328.949606797933
ECC+ChaCha20,5000,1,1628,0.026699999580159783,0.12759999663103372,0.0999000039882958,True,4328.949606797933
ECC+ChaCha20,5000,1,1629,0.027000001864507794,0.1286000042455271,0.10019999172072858,True,4328.949606797933
ECC+ChaCha20,5000,1,1630,0.026900001103058457,0.12850000348407775,0.10049999400507659,True,4328.949606797933
ECC+ChaCha20,5000,1,1631,0.026599998818710446,0.13109999417793006,0.09870000940281898,True,4328.949606797933
ECC+ChaCha20,5000,1,1632,0.02680000034160912,0.12799999967683107,0.09959998715203255,True,4328.949606797933
ECC+ChaCha20,5000,1,1633,0.026900001103058457,0.12799999967683107,0.09919999865815043,True,4328.949606797933
ECC+ChaCha20,5000,1,1634,0.027000001864507794,0.1272000081371516,0.09929999941959977,True,4328.949606797933
ECC+ChaCha20,5000,1,1635,0.026999987312592566,0.13309999485500157,0.09940000018104911,True,4328.949606797933
ECC+ChaCha20,5000,1,1636,0.026699999580159783,0.12749999586958438,0.09919999865815043,True,4328.949606797933
ECC+ChaCha20,5000,1,1637,0.02680000034160912,0.12680000509135425,0.09929999941959977,True,4328.949606797933
ECC+ChaCha20,5000,1,1638,0.026699999580159783,0.12769999739248306,0.0999999901978299,True,4328.949606797933
ECC+ChaCha20,5000,1,1639,0.02649999805726111,0.12759999663103372,0.10029999248217791,True,4328.949606797933
ECC+ChaCha20,5000,1,1640,0.026699999580159783,0.12710000737570226,0.10030000703409314,True,4328.949606797933
ECC+ChaCha20,5000,1,1641,0.02680000034160912,0.1277999981539324,0.099300013971515,True,4328.949606797933
ECC+ChaCha20,5000,1,1642,0.026900001103058457,0.12670000432990491,0.10009999095927924,True,4328.949606797933
ECC+ChaCha20,5000,1,1643,0.02710000262595713,0.13869999384041876,0.10629999451339245,True,4328.949606797933
ECC+ChaCha20,5000,1,1644,0.026500012609176338,0.12620000052265823,0.0999000039882958,True,4328.949606797933
ECC+ChaCha20,5000,1,1645,0.027799993404187262,0.1281000004382804,0.16150000737980008,True,4328.949606797933
ECC+ChaCha20,5000,1,1646,0.03330000618007034,0.13529999705497175,0.1007999962894246,True,4328.949606797933
ECC+ChaCha20,5000,1,1647,0.02849999873433262,0.12929999502375722,0.10180000390391797,True,4328.949606797933
ECC+ChaCha20,5000,1,1648,0.02720000338740647,0.12850000348407775,0.10059999476652592,True,4328.949606797933
ECC+ChaCha20,5000,1,1649,0.027000001864507794,0.12749999586958438,0.09980000322684646,True,4328.949606797933
ECC+ChaCha20,5000,1,1650,0.027399990358389914,0.1396000006934628,0.1002000062726438,True,4328.949606797933
ECC+ChaCha20,5000,1,1651,0.027300004148855805,0.12749999586958438,0.1002000062726438,True,4328.949606797933
ECC+ChaCha20,5000,1,1652,0.02689998655114323,0.12759999663103372,0.09950000094249845,True,4328.949606797933
ECC+ChaCha20,5000,1,1653,0.026699999580159783,0.12620000052265823,0.09979998867493123,True,4328.949606797933
ECC+ChaCha20,5000,1,1654,0.026699999580159783,0.12630000128410757,0.09970000246539712,True,4328.949606797933
ECC+ChaCha20,5000,1,1655,0.026699999580159783,0.12599999899975955,0.09970000246539712,True,4328.949606797933
ECC+ChaCha20,5000,1,1656,0.02649999805726111,0.12620000052265823,0.09959998715203255,True,4328.949606797933
ECC+ChaCha20,5000,1,1657,0.0261999957729131,0.1260999997612089,0.09960000170394778,True,4328.949606797933
ECC+ChaCha20,5000,1,1658,0.026699999580159783,0.13660000695381314,0.10010000551119447,True,4328.949606797933
ECC+ChaCha20,5000,1,1659,0.027699992642737925,0.13020000187680125,0.0999000039882958,True,4328.949606797933
ECC+ChaCha20,5000,1,1660,0.02680000034160912,0.12749999586958438,0.09950000094249845,True,4328.949606797933
ECC+ChaCha20,5000,1,1661,0.027099988074041903,0.12840000272262841,0.10030000703409314,True,4328.949606797933
ECC+ChaCha20,5000,1,1662,0.02720000338740647,0.12929999502375722,0.1002000062726438,True,4328.949606797933
ECC+ChaCha20,5000,1,1663,0.027799993404187262,0.12910000805277377,0.10010000551119447,True,4328.949606797933
ECC+ChaCha20,5000,1,1664,0.026699999580159783,0.12709999282378703,0.09949998639058322,True,4328.949606797933
ECC+ChaCha20,5000,1,1665,0.02680000034160912,0.12709999282378703,0.09980000322684646,True,4328.949606797933
ECC+ChaCha20,5000,1,1666,0.028000009479001164,0.13870000839233398,0.10649999603629112,True,4328.949606797933
ECC+ChaCha20,5000,1,1667,0.02710000262595713,0.1264000020455569,0.09950000094249845,True,4328.949606797933
ECC+ChaCha20,5000,1,1668,0.026999987312592566,0.12730000889860094,0.09970000246539712,True,4328.949606797933
ECC+ChaCha20,5000,1,1669,0.026900001103058457,0.12759999663103372,0.09940000018104911,True,4328.949606797933
ECC+ChaCha20,5000,1,1670,0.026399997295811772,0.12749999586958438,0.09980000322684646,True,4328.949606797933
ECC+ChaCha20,5000,1,1671,0.02720000338740647,0.12820000119972974,0.09969998791348189,True,4328.949606797933
ECC+ChaCha20,5000,1,1672,0.026599998818710446,0.12760001118294895,0.10030000703409314,True,4328.949606797933
ECC+ChaCha20,5000,1,1673,0.02720000338740647,0.1277999981539324,0.09980000322684646,True,4328.949606797933
ECC+ChaCha20,5000,1,1674,0.027699992642737925,0.1365999924018979,0.09929999941959977,True,4328.949606797933
ECC+ChaCha20,5000,1,1675,0.02609999501146376,0.1272000081371516,0.1306000049225986,True,4328.949606797933
ECC+ChaCha20,5000,1,1676,0.03329999162815511,0.13410000246949494,0.10040000779554248,True,4328.949606797933
ECC+ChaCha20,5000,1,1677,0.027399990358389914,0.1289999927394092,0.10069999552797526,True,4328.949606797933
ECC+ChaCha20,5000,1,1678,0.02689998655114323,0.12789999891538173,0.10009999095927924,True,4328.949606797933
ECC+ChaCha20,5000,1,1679,0.026900001103058457,0.12700000661425292,0.09970000246539712,True,4328.949606797933
ECC+ChaCha20,5000,1,1680,0.02720000338740647,0.12749999586958438,0.09899999713525176,True,4328.949606797933
ECC+ChaCha20,5000,1,1681,0.02680000034160912,0.12830000196117908,0.10000000474974513,True,4328.949606797933
ECC+ChaCha20,5000,1,1682,0.026900001103058457,0.13179999950807542,0.09979998867493123,True,4328.949606797933
ECC+ChaCha20,5000,1,1683,0.026699999580159783,0.12680000509135425,0.09950000094249845,True,4328.949606797933
ECC+ChaCha20,5000,1,1684,0.02649999805726111,0.12719999358523637,0.0990999978967011,True,4328.949606797933
ECC+ChaCha20,5000,1,1685,0.02710000262595713,0.13089999265503138,0.09929999941959977,True,4328.949606797933
ECC+ChaCha20,5000,1,1686,0.02710000262595713,0.12759999663103372,0.09980000322684646,True,4328.949606797933
ECC+ChaCha20,5000,1,1687,0.026699999580159783,0.12700000661425292,0.09970000246539712,True,4328.949606797933
ECC+ChaCha20,5000,1,1688,0.02719998883549124,0.12680000509135425,0.09950000094249845,True,4328.949606797933
ECC+ChaCha20,5000,1,1689,0.02680000034160912,0.12719999358523637,0.09940000018104911,True,4328.949606797933
ECC+ChaCha20,5000,1,1690,0.026599998818710446,0.1382999907946214,0.10089999705087394,True,4328.949606797933
ECC+ChaCha20,5000,1,1691,0.026900001103058457,0.1286999904550612,0.0999000039882958,True,4328.949606797933
ECC+ChaCha20,5000,1,1692,0.026900001103058457,0.1272999943466857,0.0999000039882958,True,4328.949606797933
ECC+ChaCha20,5000,1,1693,0.026900001103058457,0.12830000196117908,0.09960000170394778,True,4328.949606797933
ECC+ChaCha20,5000,1,1694,0.02680000034160912,0.1264000020455569,0.09929999941959977,True,4328.949606797933
ECC+ChaCha20,5000,1,1695,0.027600006433203816,0.13000000035390258,0.09929999941959977,True,4328.949606797933
ECC+ChaCha20,5000,1,1696,0.027000001864507794,0.12689999130088836,0.09919999865815043,True,4328.949606797933
ECC+ChaCha20,5000,1,1697,0.027300004148855805,0.12780001270584762,0.09929999941959977,True,4328.949606797933
ECC+ChaCha20,5000,1,1698,0.026900001103058457,0.13000000035390258,0.10010000551119447,True,4328.949606797933
ECC+ChaCha20,5000,1,1699,0.02649999805726111,0.1277999981539324,0.1002000062726438,True,4328.949606797933
ECC+ChaCha20,5000,1,1700,0.026599998818710446,0.12670000432990491,0.09970000246539712,True,4328.949606797933
ECC+ChaCha20,5000,1,1701,0.026900001103058457,0.12760001118294895,0.09940000018104911,True,4328.949606797933
ECC+ChaCha20,5000,1,1702,0.026599998818710446,0.1275000104214996,0.09970000246539712,True,4328.949606797933
ECC+ChaCha20,5000,1,1703,0.026699999580159783,0.12660000356845558,0.09950000094249845,True,4328.949606797933
ECC+ChaCha20,5000,1,1704,0.02610000956337899,0.12599999899975955,0.0999000039882958,True,4328.949606797933
ECC+ChaCha20,5000,1,1705,0.026299996534362435,0.12670000432990491,0.0990999978967011,True,4328.949606797933
ECC+ChaCha20,5000,1,1706,0.04820000322069973,0.23859999782871455,0.12399999832268804,True,4328.949606797933
ECC+ChaCha20,5000,1,1707,0.043499996536411345,0.16080000204965472,0.1100999943446368,True,4328.949606797933
ECC+ChaCha20,5000,1,1708,0.0312999909510836,0.14180000289343297,0.10259999544359744,True,4328.949606797933
ECC+ChaCha20,5000,1,1709,0.02849999873433262,0.12959999730810523,0.12149999383836985,True,4328.949606797933
ECC+ChaCha20,5000,1,1710,0.03260000084992498,0.13460000627674162,0.139000010676682,True,4328.949606797933
ECC+ChaCha20,5000,1,1711,0.033199990866705775,0.13509999553207308,0.13410000246949494,True,4328.949606797933
ECC+ChaCha20,5000,1,1712,0.029300004825927317,0.1289000065298751,0.10089999705087394,True,4328.949606797933
ECC+ChaCha20,5000,1,1713,0.06310000026132911,0.34810000215657055,0.11419999646022916,True,4328.949606797933
ECC+ChaCha20,5000,1,1714,0.03160000778734684,0.13640000543091446,0.10289999772794545,True,4328.949606797933
ECC+ChaCha20,5000,1,1715,0.02989999484270811,0.13529999705497175,0.10250000923406333,True,4328.949606797933
ECC+ChaCha20,5000,1,1716,0.02849999873433262,0.1328000071225688,0.10239999392069876,True,4328.949606797933
ECC+ChaCha20,5000,1,1717,0.027300004148855805,0.1289000065298751,0.10010000551119447,True,4328.949606797933
ECC+ChaCha20,5000,1,1718,0.027299989596940577,0.12900000729132444,0.10059999476652592,True,4328.949606797933
ECC+ChaCha20,5000,1,1719,0.027400004910305142,0.1272999943466857,0.09960000170394778,True,4328.949606797933
ECC+ChaCha20,5000,1,1720,0.02710000262595713,0.12909999350085855,0.10039999324362725,True,4328.949606797933
ECC+ChaCha20,5000,1,1721,0.02719998883549124,0.13519999629352242,0.09980000322684646,True,4328.949606797933
ECC+ChaCha20,5000,1,1722,0.028399997972883284,0.13150001177564263,0.10030000703409314,True,4328.949606797933
ECC+ChaCha20,5000,1,1723,0.02720000338740647,0.12850000348407775,0.10049999400507659,True,4328.949606797933
ECC+ChaCha20,5000,1,1724,0.026699999580159783,0.12769999739248306,0.10019999172072858,True,4328.949606797933
ECC+ChaCha20,5000,1,1725,0.02720000338740647,0.12679999053943902,0.09929999941959977,True,4328.949606797933
ECC+ChaCha20,5000,1,1726,0.02720000338740647,0.13529999705497175,0.10030000703409314,True,4328.949606797933
ECC+ChaCha20,5000,1,1727,0.02780000795610249,0.12889999197795987,0.09979998867493123,True,4328.949606797933
ECC+ChaCha20,5000,1,1728,0.02750000567175448,0.12889999197795987,0.10059999476652592,True,4328.949606797933
ECC+ChaCha20,5000,1,1729,0.02710000262595713,0.1275000104214996,0.09860000864136964,True,4328.949606797933
ECC+ChaCha20,5000,1,1730,0.02720000338740647,0.12870000500697643,0.10000000474974513,True,4328.949606797933
ECC+ChaCha20,5000,1,1731,0.027099988074041903,0.13660000695381314,0.09929999941959977,True,4328.949606797933
ECC+ChaCha20,5000,1,1732,0.02719998883549124,0.1272000081371516,0.09860000864136964,True,4328.949606797933
ECC+ChaCha20,5000,1,1733,0.02720000338740647,0.12829998740926385,0.10059999476652592,True,4328.949606797933
ECC+ChaCha20,5000,1,1734,0.026900001103058457,0.12660000356845558,0.10070001007989049,True,4328.949606797933
ECC+ChaCha20,5000,1,1735,0.03440000000409782,0.13979998766444623,0.10150000161956996,True,4328.949606797933
ECC+ChaCha20,5000,1,1736,0.027400004910305142,0.13010000111535192,0.10010000551119447,True,4328.949606797933
ECC+ChaCha20,5000,1,1737,0.02710000262595713,0.15449999773409218,0.10170000314246863,True,4328.949606797933
ECC+ChaCha20,5000,1,1738,0.028000009479001164,0.1277999981539324,0.09980000322684646,True,4328.949606797933
ECC+ChaCha20,5000,1,1739,0.02680000034160912,0.13499999477062374,0.10209999163635075,True,4328.949606797933
ECC+ChaCha20,5000,1,1740,0.027000001864507794,0.13700000999961048,0.10750000365078449,True,4328.949606797933
ECC+ChaCha20,5000,1,1741,0.026699999580159783,0.12689999130088836,0.13220000255387276,True,4328.949606797933
ECC+ChaCha20,5000,1,1742,0.029499991796910763,0.13169999874662608,0.10260000999551266,True,4328.949606797933
ECC+ChaCha20,5000,1,1743,0.02710000262595713,0.1281000004382804,0.10089999705087394,True,4328.949606797933
ECC+ChaCha20,5000,1,1744,0.028000009479001164,0.1286000042455271,0.10019999172072858,True,4328.949606797933
ECC+ChaCha20,5000,1,1745,0.02719998883549124,0.12700000661425292,0.1007999962894246,True,4328.949606797933
ECC+ChaCha20,5000,1,1746,0.027400004910305142,0.12759999663103372,0.10000000474974513,True,4328.949606797933
ECC+ChaCha20,5000,1,1747,0.02720000338740647,0.12850000348407775,0.10059999476652592,True,4328.949606797933
ECC+ChaCha20,5000,1,1748,0.027000001864507794,0.13020000187680125,0.0999000039882958,True,4328.949606797933
ECC+ChaCha20,5000,1,1749,0.027000001864507794,0.13749999925494194,0.10309999925084412,True,4328.949606797933
ECC+ChaCha20,5000,1,1750,0.026900001103058457,0.1353999978164211,0.10150000161956996,True,4328.949606797933
ECC+ChaCha20,5000,1,1751,0.026900001103058457,0.12740000966005027,0.1002000062726438,True,4328.949606797933
ECC+ChaCha20,5000,1,1752,0.026599998818710446,0.12709999282378703,0.1083999959519133,True,4328.949606797933
ECC+ChaCha20,5000,1,1753,0.02680000034160912,0.12710000737570226,0.0999000039882958,True,4328.949606797933
ECC+ChaCha20,5000,1,1754,0.026900001103058457,0.12719999358523637,0.09929999941959977,True,4328.949606797933
ECC+ChaCha20,5000,1,1755,0.027599991881288588,0.12889999197795987,0.10029999248217791,True,4328.949606797933
ECC+ChaCha20,5000,1,1756,0.026699999580159783,0.12709999282378703,0.09869999485090375,True,4328.949606797933
ECC+ChaCha20,5000,1,1757,0.02780000795610249,0.1297999988310039,0.10099999781232327,True,4328.949606797933
ECC+ChaCha20,5000,1,1758,0.027399990358389914,0.14289999671746045,0.09929999941959977,True,4328.949606797933
ECC+ChaCha20,5000,1,1759,0.026900001103058457,0.13500000932253897,0.10099999781232327,True,4328.949606797933
ECC+ChaCha20,5000,1,1760,0.02680000034160912,0.1281000004382804,0.10180000390391797,True,4328.949606797933
ECC+ChaCha20,5000,1,1761,0.027900008717551827,0.13410000246949494,0.10109999857377261,True,4328.949606797933
ECC+ChaCha20,5000,1,1762,0.027400004910305142,0.1281000004382804,0.10039999324362725,True,4328.949606797933
ECC+ChaCha20,5000,1,1763,0.026699999580159783,0.12830000196117908,0.1083999959519133,True,4328.949606797933
ECC+ChaCha20,5000,1,1764,0.026900001103058457,0.12749999586958438,0.10090001160278916,True,4328.949606797933
ECC+ChaCha20,5000,1,1765,0.02710000262595713,0.1281000004382804,0.09950000094249845,True,4328.949606797933
ECC+ChaCha20,5000,1,1766,0.0278999941656366,0.12910000805277377,0.1002000062726438,True,4328.949606797933
ECC+ChaCha20,5000,1,1767,0.02749999111983925,0.1357000001007691,0.10009999095927924,True,4328.949606797933
ECC+ChaCha20,5000,1,1768,0.02750000567175448,0.13040000339969993,0.1016000023810193,True,4328.949606797933
ECC+ChaCha20,5000,1,1769,0.02710000262595713,0.12929999502375722,0.10010000551119447,True,4328.949606797933
ECC+ChaCha20,5000,1,1770,0.027300004148855805,0.1336999994236976,0.10140000085812062,True,4328.949606797933
ECC+ChaCha20,5000,1,1771,0.027400004910305142,0.13100000796839595,0.10180000390391797,True,4328.949606797933
ECC+ChaCha20,5000,1,1772,0.04940001235809177,0.16039999900385737,0.10849999671336263,True,4328.949606797933
ECC+ChaCha20,5000,1,1773,0.03290000313427299,0.1328999933321029,0.10150000161956996,True,4328.949606797933
ECC+ChaCha20,5000,1,1774,0.02819999644998461,0.1281999866478145,0.10089999705087394,True,4328.949606797933
ECC+ChaCha20,5000,1,1775,0.027900008717551827,0.13920001219958067,0.10009999095927924,True,4328.949606797933
ECC+ChaCha20,5000,1,1776,0.02750000567175448,0.1275000104214996,0.11789999553002417,True,4328.949606797933
ECC+ChaCha20,5000,1,1777,0.0278999941656366,0.1289999927394092,0.10059999476652592,True,4328.949606797933
ECC+ChaCha20,5000,1,1778,0.02680000034160912,0.12789999891538173,0.09940000018104911,True,4328.949606797933
ECC+ChaCha20,5000,1,1779,0.02649999805726111,0.12789999891538173,0.10019999172072858,True,4328.949606797933
ECC+ChaCha20,5000,1,1780,0.026900001103058457,0.12789999891538173,0.0999000039882958,True,4328.949606797933
ECC+ChaCha20,5000,1,1781,0.026900001103058457,0.12700000661425292,0.10000000474974513,True,4328.949606797933
ECC+ChaCha20,5000,1,1782,0.02689998655114323,0.1281000004382804,0.10029999248217791,True,4328.949606797933
ECC+ChaCha20,5000,1,1783,0.026599998818710446,0.13800000306218863,0.10770000517368317,True,4328.949606797933
ECC+ChaCha20,5000,1,1784,0.02680000034160912,0.12679999053943902,0.09919999865815043,True,4328.949606797933
ECC+ChaCha20,5000,1,1785,0.02649999805726111,0.12799999967683107,0.09940000018104911,True,4328.949606797933
ECC+ChaCha20,5000,1,1786,0.02720000338740647,0.1272000081371516,0.10000000474974513,True,4328.949606797933
ECC+ChaCha20,5000,1,1787,0.027000001864507794,0.12630000128410757,0.0990999978967011,True,4328.949606797933
ECC+ChaCha20,5000,1,1788,0.026699999580159783,0.1277999981539324,0.09919999865815043,True,4328.949606797933
ECC+ChaCha20,5000,1,1789,0.02710000262595713,0.12759999663103372,0.0990999978967011,True,4328.949606797933
ECC+ChaCha20,5000,1,1790,0.02710000262595713,0.1336999994236976,0.10000000474974513,True,4328.949606797933
ECC+ChaCha20,5000,1,1791,0.027300004148855805,0.13770000077784061,0.10599999222904444,True,4328.949606797933
ECC+ChaCha20,5000,1,1792,0.02680000034160912,0.12669998977798969,0.09929999941959977,True,4328.949606797933
ECC+ChaCha20,5000,1,1793,0.028000009479001164,0.12780001270584762,0.0990999978967011,True,4328.949606797933
ECC+ChaCha20,5000,1,1794,0.02720000338740647,0.12820000119972974,0.10050000855699182,True,4328.949606797933
ECC+ChaCha20,5000,1,1795,0.02710000262595713,0.12769999739248306,0.10060000931844115,True,4328.949606797933
ECC+ChaCha20,5000,1,1796,0.027300004148855805,0.13160001253709197,0.10099999781232327,True,4328.949606797933
ECC+ChaCha20,5000,1,1797,0.030400013201870024,0.1343000039923936,0.10829999519046396,True,4328.949606797933
ECC+ChaCha20,5000,1,1798,0.0312999909510836,0.13339999713934958,0.10179998935200274,True,4328.949606797933
ECC+ChaCha20,5000,1,1799,0.027600006433203816,0.14069999451749027,0.10670001211110502,True,4328.949606797933
ECC+ChaCha20,5000,1,1800,0.03890000516548753,0.18319999799132347,0.12450000212993473,True,4328.949606797933
ECC+ChaCha20,5000,1,1801,0.03460000152699649,0.1441000058548525,0.10439999459777027,True,4328.949606797933
ECC+ChaCha20,5000,1,1802,0.0281000102404505,0.1664000010350719,0.11970000923611224,True,4328.949606797933
ECC+ChaCha20,5000,1,1803,0.030499999411404133,0.1336999994236976,0.10140000085812062,True,4328.949606797933
ECC+ChaCha20,5000,1,1804,0.030800001695752144,0.18479999562259763,0.16799999866634607,True,4328.949606797933
ECC+ChaCha20,5000,1,1805,0.06040000880602747,0.1545999984955415,0.109200002043508,True,4328.949606797933
ECC+ChaCha20,5000,1,1806,0.028599999495781958,0.13529999705497175,0.10150000161956996,True,4328.949606797933
ECC+ChaCha20,5000,1,1807,0.02710000262595713,0.12749999586958438,0.10009999095927924,True,4328.949606797933
ECC+ChaCha20,5000,1,1808,0.030499999411404133,0.13490000856108963,0.11530000483617187,True,4328.949606797933
ECC+ChaCha20,5000,1,1809,0.03819999983534217,0.1584999990882352,0.11680000170599669,True,4328.949606797933
ECC+ChaCha20,5000,1,1810,0.030700000934302807,0.13070000568404794,0.10050000855699182,True,4328.949606797933
ECC+ChaCha20,5000,1,1811,0.02680000034160912,0.12820000119972974,0.10029999248217791,True,4328.949606797933
ECC+ChaCha20,5000,1,1812,0.02780000795610249,0.12919999426230788,0.10080001084133983,True,4328.949606797933
ECC+ChaCha20,5000,1,1813,0.028000009479001164,0.13190000026952475,0.10039999324362725,True,4328.949606797933
ECC+ChaCha20,5000,1,1814,0.02680000034160912,0.12850000348407775,0.10060000931844115,True,4328.949606797933
ECC+ChaCha20,5000,1,1815,0.02750000567175448,0.12739999510813504,0.09919999865815043,True,4328.949606797933
ECC+ChaCha20,5000,1,1816,0.027099988074041903,0.12769999739248306,0.09980000322684646,True,4328.949606797933
ECC+ChaCha20,5000,1,1817,0.026900001103058457,0.17189999925903976,0.10370000381954014,True,4328.949606797933
ECC+ChaCha20,5000,1,1818,0.030199997127056122,0.13179999950807542,0.10080001084133983,True,4328.949606797933
ECC+ChaCha20,5000,1,1819,0.027900008717551827,0.12859998969361186,0.10059999476652592,True,4328.949606797933
ECC+ChaCha20,5000,1,1820,0.027299989596940577,0.12769999739248306,0.09859999408945441,True,4328.949606797933
ECC+ChaCha20,5000,1,1821,0.027000001864507794,0.12700000661425292,0.09950000094249845,True,4328.949606797933
ECC+ChaCha20,5000,1,1822,0.027999994927085936,0.1458999904571101,0.1033000007737428,True,4328.949606797933
ECC+ChaCha20,5000,1,1823,0.028399997972883284,0.1303000026382506,0.10069999552797526,True,4328.949606797933
ECC+ChaCha20,5000,1,1824,0.027299989596940577,0.12840000272262841,0.10370000381954014,True,4328.949606797933
ECC+ChaCha20,5000,1,1825,0.027900008717551827,0.12760001118294895,0.09960000170394778,True,4328.949606797933
ECC+ChaCha20,5000,1,1826,0.02720000338740647,0.12850000348407775,0.09980000322684646,True,4328.949606797933
ECC+ChaCha20,5000,1,1827,0.02719998883549124,0.12759999663103372,0.0999999901978299,True,4328.949606797933
ECC+ChaCha20,5000,1,1828,0.02710000262595713,0.12710000737570226,0.0990999978967011,True,4328.949606797933
ECC+ChaCha20,5000,1,1829,0.026699999580159783,0.12680000509135425,0.09950000094249845,True,4328.949606797933
ECC+ChaCha20,5000,1,1830,0.026599998818710446,0.12719999358523637,0.09929999941959977,True,4328.949606797933
ECC+ChaCha20,5000,1,1831,0.026900001103058457,0.12789999891538173,0.10140000085812062,True,4328.949606797933
ECC+ChaCha20,5000,1,1832,0.027400004910305142,0.12939999578520656,0.09989998943638057,True,4328.949606797933
ECC+ChaCha20,5000,1,1833,0.02920000406447798,0.13309999485500157,0.10060000931844115,True,4328.949606797933
ECC+ChaCha20,5000,1,1834,0.02780000795610249,0.12850000348407775,0.10010000551119447,True,4328.949606797933
ECC+ChaCha20,5000,1,1835,0.026900001103058457,0.1272999943466857,0.09950000094249845,True,4328.949606797933
ECC+ChaCha20,5000,1,1836,0.02850001328624785,0.12740000966005027,0.1007999962894246,True,4328.949606797933
ECC+ChaCha20,5000,1,1837,0.027999994927085936,0.12850000348407775,0.10030000703409314,True,4328.949606797933
ECC+ChaCha20,5000,1,1838,0.028300011763349175,0.1311999949393794,0.10099999781232327,True,4328.949606797933
ECC+ChaCha20,5000,1,1839,0.027400004910305142,0.1277999981539324,0.09980000322684646,True,4328.949606797933
ECC+ChaCha20,5000,1,1840,0.026599998818710446,0.12719999358523637,0.10009999095927924,True,4328.949606797933
ECC+ChaCha20,5000,1,1841,0.02680000034160912,0.13949999993201345,0.1016000023810193,True,4328.949606797933
ECC+ChaCha20,5000,1,1842,0.026699999580159783,0.1272999943466857,0.09940000018104911,True,4328.949606797933
ECC+ChaCha20,5000,1,1843,0.02720000338740647,0.12870000500697643,0.10000000474974513,True,4328.949606797933
ECC+ChaCha20,5000,1,1844,0.02649999805726111,0.1269999920623377,0.09960000170394778,True,4328.949606797933
ECC+ChaCha20,5000,1,1845,0.027000001864507794,0.1272999943466857,0.09960000170394778,True,4328.949606797933
ECC+ChaCha20,5000,1,1846,0.026900001103058457,0.12719999358523637,0.10019999172072858,True,4328.949606797933
ECC+ChaCha20,5000,1,1847,0.026699999580159783,0.12710000737570226,0.0999000039882958,True,4328.949606797933
ECC+ChaCha20,5000,1,1848,0.026900001103058457,0.12959999730810523,0.10140000085812062,True,4328.949606797933
ECC+ChaCha20,5000,1,1849,0.02400000812485814,0.12000001152046025,0.09859999408945441,True,4328.949606797933
ECC+ChaCha20,5000,1,1850,0.02239999594166875,0.11799999629147351,0.0973999995039776,True,4328.949606797933
ECC+ChaCha20,5000,1,1851,0.022599997464567423,0.1188000023830682,0.09810000483412296,True,4328.949606797933
ECC+ChaCha20,5000,1,1852,0.028299997211433947,0.13939999917056412,0.10279999696649611,True,4328.949606797933
ECC+ChaCha20,5000,1,1853,0.02750000567175448,0.12820000119972974,0.09950000094249845,True,4328.949606797933
ECC+ChaCha20,5000,1,1854,0.030800001695752144,0.14109999756328762,0.10289999772794545,True,4328.949606797933
ECC+ChaCha20,5000,1,1855,0.027600006433203816,0.12840000272262841,0.10119999933522195,True,4328.949606797933
ECC+ChaCha20,5000,1,1856,0.027300004148855805,0.12850000348407775,0.10170000314246863,True,4328.949606797933
ECC+ChaCha20,5000,1,1857,0.027999994927085936,0.12840000272262841,0.09970000246539712,True,4328.949606797933
ECC+ChaCha20,5000,1,1858,0.027400004910305142,0.12829998740926385,0.0999000039882958,True,4328.949606797933
ECC+ChaCha20,5000,1,1859,0.026599998818710446,0.1264000020455569,0.09929999941959977,True,4328.949606797933
ECC+ChaCha20,5000,1,1860,0.02680000034160912,0.12759999663103372,0.0999999901978299,True,4328.949606797933
ECC+ChaCha20,5000,1,1861,0.02649999805726111,0.12620000052265823,0.09979998867493123,True,4328.949606797933
ECC+ChaCha20,5000,1,1862,0.027300004148855805,0.1399000029778108,0.10069999552797526,True,4328.949606797933
ECC+ChaCha20,5000,1,1863,0.02710000262595713,0.12689999130088836,0.09950000094249845,True,4328.949606797933
ECC+ChaCha20,5000,1,1864,0.026299996534362435,0.12830000196117908,0.09970000246539712,True,4328.949606797933
ECC+ChaCha20,5000,1,1865,0.026399997295811772,0.12620000052265823,0.09950000094249845,True,4328.949606797933
ECC+ChaCha20,5000,1,1866,0.026599998818710446,0.12599999899975955,0.09989998943638057,True,4328.949606797933
ECC+ChaCha20,5000,1,1867,0.026699999580159783,0.12709999282378703,0.10019999172072858,True,4328.949606797933
ECC+ChaCha20,5000,1,1868,0.026699999580159783,0.1446999958716333,0.10039999324362725,True,4328.949606797933
ECC+ChaCha20,5000,1,1869,0.02720000338740647,0.12849998893216252,0.0999000039882958,True,4328.949606797933
ECC+ChaCha20,5000,1,1870,0.026599998818710446,0.1260999997612089,0.09919999865815043,True,4328.949606797933
ECC+ChaCha20,5000,1,1871,0.027000001864507794,0.12680000509135425,0.10030000703409314,True,4328.949606797933
ECC+ChaCha20,5000,1,1872,0.026999987312592566,0.12710000737570226,0.14139999984763563,True,4328.949606797933
ECC+ChaCha20,5000,1,1873,0.029000002541579306,0.12969999806955457,0.1007999962894246,True,4328.949606797933
ECC+ChaCha20,5000,1,1874,0.027599991881288588,0.12850000348407775,0.10060000931844115,True,4328.949606797933
ECC+ChaCha20,5000,1,1875,0.026599998818710446,0.1281999866478145,0.10000000474974513,True,4328.949606797933
ECC+ChaCha20,5000,1,1876,0.026699999580159783,0.12719999358523637,0.0999000039882958,True,4328.949606797933
ECC+ChaCha20,5000,1,1877,0.02710000262595713,0.12759999663103372,0.09959998715203255,True,4328.949606797933
ECC+ChaCha20,5000,1,1878,0.026900001103058457,0.12749999586958438,0.1036000030580908,True,4328.949606797933
ECC+ChaCha20,5000,1,1879,0.026699999580159783,0.12769999739248306,0.09989998943638057,True,4328.949606797933
ECC+ChaCha20,5000,1,1880,0.026900001103058457,0.12789999891538173,0.09929999941959977,True,4328.949606797933
ECC+ChaCha20,5000,1,1881,0.02710000262595713,0.12910000805277377,0.09970000246539712,True,4328.949606797933
ECC+ChaCha20,5000,1,1882,0.027299989596940577,0.13509999553207308,0.09960000170394778,True,4328.949606797933
ECC+ChaCha20,5000,1,1883,0.02689998655114323,0.12680000509135425,0.0990999978967011,True,4328.949606797933
ECC+ChaCha20,5000,1,1884,0.02680000034160912,0.12759999663103372,0.09950000094249845,True,4328.949606797933
ECC+ChaCha20,5000,1,1885,0.026399997295811772,0.12629998673219234,0.09950000094249845,True,4328.949606797933
ECC+ChaCha20,5000,1,1886,0.027400004910305142,0.13349999790079892,0.10340000153519213,True,4328.949606797933
ECC+ChaCha20,5000,1,1887,0.027299989596940577,0.12769999739248306,0.09929999941959977,True,4328.949606797933
ECC+ChaCha20,5000,1,1888,0.026900001103058457,0.12789999891538173,0.10059999476652592,True,4328.949606797933
ECC+ChaCha20,5000,1,1889,0.027000001864507794,0.12680000509135425,0.09929999941959977,True,4328.949606797933
ECC+ChaCha20,5000,1,1890,0.027099988074041903,0.12840000272262841,0.0999000039882958,True,4328.949606797933
ECC+ChaCha20,5000,1,1891,0.026599998818710446,0.12700000661425292,0.09910001244861633,True,4328.949606797933
ECC+ChaCha20,5000,1,1892,0.02680000034160912,0.1382000045850873,0.10390000534243882,True,4328.949606797933
ECC+ChaCha20,5000,1,1893,0.026599998818710446,0.12730000889860094,0.09960000170394778,True,4328.949606797933
ECC+ChaCha20,5000,1,1894,0.026599998818710446,0.12620000052265823,0.0990999978967011,True,4328.949606797933
ECC+ChaCha20,5000,1,1895,0.026699999580159783,0.12760001118294895,0.10039999324362725,True,4328.949606797933
ECC+ChaCha20,5000,1,1896,0.027300004148855805,0.1277999981539324,0.1002000062726438,True,4328.949606797933
ECC+ChaCha20,5000,1,1897,0.027300004148855805,0.1269000058528036,0.09970000246539712,True,4328.949606797933
ECC+ChaCha20,5000,1,1898,0.026599998818710446,0.1272999943466857,0.09970000246539712,True,4328.949606797933
ECC+ChaCha20,5000,1,1899,0.026900001103058457,0.1272999943466857,0.09940000018104911,True,4328.949606797933
ECC+ChaCha20,5000,1,1900,0.02670001413207501,0.1275000104214996,0.10010000551119447,True,4328.949606797933
ECC+ChaCha20,5000,1,1901,0.027400004910305142,0.12939999578520656,0.10309999925084412,True,4328.949606797933
ECC+ChaCha20,5000,1,1902,0.028299997211433947,0.14029999147169292,0.10460001067258418,True,4328.949606797933
ECC+ChaCha20,5000,1,1903,0.02680000034160912,0.1297999988310039,0.09940000018104911,True,4328.949606797933
ECC+ChaCha20,5000,1,1904,0.02649999805726111,0.12799999967683107,0.1007999962894246,True,4328.949606797933
ECC+ChaCha20,5000,1,1905,0.02680000034160912,0.12870000500697643,0.10010000551119447,True,4328.949606797933
ECC+ChaCha20,5000,1,1906,0.027299989596940577,0.12830000196117908,0.09949998639058322,True,4328.949606797933
ECC+ChaCha20,5000,1,1907,0.02680000034160912,0.12799999967683107,0.0999000039882958,True,4328.949606797933
ECC+ChaCha20,5000,1,1908,0.026799985789693892,0.1275000104214996,0.0999000039882958,True,4328.949606797933
ECC+ChaCha20,5000,1,1909,0.026399997295811772,0.1272999943466857,0.09960000170394778,True,4328.949606797933
ECC+ChaCha20,5000,1,1910,0.026400011847727,0.12620000052265823,0.0990999978967011,True,4328.949606797933
ECC+ChaCha20,5000,1,1911,0.029000002541579306,0.13240000407677144,0.10340000153519213,True,4328.949606797933
ECC+ChaCha20,5000,1,1912,0.029099988751113415,0.1286000042455271,0.1007999962894246,True,4328.949606797933
ECC+ChaCha20,5000,1,1913,0.02680000034160912,0.12730000889860094,0.09960000170394778,True,4328.949606797933
ECC+ChaCha20,5000,1,1914,0.02680000034160912,0.12820000119972974,0.10039999324362725,True,4328.949606797933
ECC+ChaCha20,5000,1,1915,0.027299989596940577,0.12820000119972974,0.10130000009667128,True,4328.949606797933
ECC+ChaCha20,5000,1,1916,0.026900001103058457,0.12670000432990491,0.09950000094249845,True,4328.949606797933
ECC+ChaCha20,5000,1,1917,0.02649999805726111,0.12659998901654035,0.09899999713525176,True,4328.949606797933
ECC+ChaCha20,5000,1,1918,0.026699999580159783,0.13809998927172273,0.0990999978967011,True,4328.949606797933
ECC+ChaCha20,5000,1,1919,0.02710000262595713,0.12739999510813504,0.09940000018104911,True,4328.949606797933
ECC+ChaCha20,5000,1,1920,0.026399997295811772,0.1272999943466857,0.09919999865815043,True,4328.949606797933
ECC+ChaCha20,5000,1,1921,0.027599991881288588,0.12769999739248306,0.09980000322684646,True,4328.949606797933
ECC+ChaCha20,5000,1,1922,0.026699999580159783,0.12740000966005027,0.09980000322684646,True,4328.949606797933
ECC+ChaCha20,5000,1,1923,0.02649999805726111,0.12759999663103372,0.09970000246539712,True,4328.949606797933
ECC+ChaCha20,5000,1,1924,0.02649999805726111,0.12710000737570226,0.09980000322684646,True,4328.949606797933
ECC+ChaCha20,5000,1,1925,0.027299989596940577,0.12759999663103372,0.10009999095927924,True,4328.949606797933
ECC+ChaCha20,5000,1,1926,0.026900001103058457,0.12719999358523637,0.09919999865815043,True,4328.949606797933
ECC+ChaCha20,5000,1,1927,0.026399997295811772,0.1264000020455569,0.09949998639058322,True,4328.949606797933
ECC+ChaCha20,5000,1,1928,0.026699999580159783,0.12719999358523637,0.09920001321006566,True,4328.949606797933
ECC+ChaCha20,5000,1,1929,0.02649999805726111,0.12749999586958438,0.09970000246539712,True,4328.949606797933
ECC+ChaCha20,5000,1,1930,0.026399997295811772,0.1272999943466857,0.09969998791348189,True,4328.949606797933
ECC+ChaCha20,5000,1,1931,0.026599998818710446,0.13640000543091446,0.10570000449661165,True,4328.949606797933
ECC+ChaCha20,5000,1,1932,0.026599998818710446,0.1269999920623377,0.09980000322684646,True,4328.949606797933
ECC+ChaCha20,5000,1,1933,0.026299996534362435,0.12669998977798969,0.09899999713525176,True,4328.949606797933
ECC+ChaCha20,5000,1,1934,0.026599998818710446,0.12789999891538173,0.0999999901978299,True,4328.949606797933
ECC+ChaCha20,5000,1,1935,0.026599998818710446,0.12799999967683107,0.09959998715203255,True,4328.949606797933
ECC+ChaCha20,5000,1,1936,0.02649999805726111,0.1272999943466857,0.09969998791348189,True,4328.949606797933
ECC+ChaCha20,5000,1,1937,0.026599998818710446,0.1272000081371516,0.09960000170394778,True,4328.949606797933
ECC+ChaCha20,5000,1,1938,0.02610000956337899,0.12680000509135425,0.0990999978967011,True,4328.949606797933
ECC+ChaCha20,5000,1,1939,0.025999994250014424,0.12659998901654035,0.09940000018104911,True,4328.949606797933
ECC+ChaCha20,5000,1,1940,0.02680000034160912,0.12670000432990491,0.09940000018104911,True,4328.949606797933
ECC+ChaCha20,5000,1,1941,0.02649999805726111,0.13780000153928995,0.10279999696649611,True,4328.949606797933
ECC+ChaCha20,5000,1,1942,0.026299996534362435,0.12789999891538173,0.10059999476652592,True,4328.949606797933
ECC+ChaCha20,5000,1,1943,0.027000001864507794,0.1432999997632578,0.1019000046653673,True,4328.949606797933
ECC+ChaCha20,5000,1,1944,0.02820001100189984,0.1272000081371516,0.09950000094249845,True,4328.949606797933
ECC+ChaCha20,5000,1,1945,0.026699999580159783,0.12789999891538173,0.10099999781232327,True,4328.949606797933
ECC+ChaCha20,5000,1,1946,0.027699992642737925,0.12739999510813504,0.09940000018104911,True,4328.949606797933
ECC+ChaCha20,5000,1,1947,0.026599998818710446,0.12650000280700624,0.0999000039882958,True,4328.949606797933
ECC+ChaCha20,5000,1,1948,0.026900001103058457,0.12709999282378703,0.09950000094249845,True,4328.949606797933
ECC+ChaCha20,5000,1,1949,0.026699999580159783,0.12769999739248306,0.10000000474974513,True,4328.949606797933
ECC+ChaCha20,5000,1,1950,0.026399997295811772,0.13390000094659626,0.1002000062726438,True,4328.949606797933
ECC+ChaCha20,5000,1,1951,0.03609999839682132,0.1545000122860074,0.10889999975915998,True,4328.949606797933
ECC+ChaCha20,5000,1,1952,0.02849999873433262,0.13040000339969993,0.10099999781232327,True,4328.949606797933
ECC+ChaCha20,5000,1,1953,0.027300004148855805,0.1280000142287463,0.10059999476652592,True,4328.949606797933
ECC+ChaCha20,5000,1,1954,0.02680000034160912,0.12680000509135425,0.09970000246539712,True,4328.949606797933
ECC+ChaCha20,5000,1,1955,0.02680000034160912,0.12700000661425292,0.10050000855699182,True,4328.949606797933
ECC+ChaCha20,5000,1,1956,0.027099988074041903,0.12880000576842576,0.10000000474974513,True,4328.949606797933
ECC+ChaCha20,5000,1,1957,0.02680000034160912,0.12749999586958438,0.10059999476652592,True,4328.949606797933
ECC+ChaCha20,5000,1,1958,0.026699999580159783,0.12719999358523637,0.09899999713525176,True,4328.949606797933
ECC+ChaCha20,5000,1,1959,0.02689998655114323,0.1281000004382804,0.10039999324362725,True,4328.949606797933
ECC+ChaCha20,5000,1,1960,0.026500012609176338,0.12759999663103372,0.09919999865815043,True,4328.949606797933
ECC+ChaCha20,5000,1,1961,0.02649999805726111,0.13100000796839595,0.09960000170394778,True,4328.949606797933
ECC+ChaCha20,5000,1,1962,0.02710000262595713,0.12749999586958438,0.10009999095927924,True,4328.949606797933
ECC+ChaCha20,5000,1,1963,0.026699999580159783,0.12739999510813504,0.0999999901978299,True,4328.949606797933
ECC+ChaCha20,5000,1,1964,0.02710000262595713,0.12709999282378703,0.09940000018104911,True,4328.949606797933
ECC+ChaCha20,5000,1,1965,0.02649999805726111,0.12759999663103372,0.10060000931844115,True,4328.949606797933
ECC+ChaCha20,5000,1,1966,0.02649999805726111,0.12669998977798969,0.0990999978967011,True,4328.949606797933
ECC+ChaCha20,5000,1,1967,0.026500012609176338,0.12660000356845558,0.10040000779554248,True,4328.949606797933
ECC+ChaCha20,5000,1,1968,0.026699999580159783,0.12659998901654035,0.09919999865815043,True,4328.949606797933
ECC+ChaCha20,5000,1,1969,0.02649999805726111,0.1264000020455569,0.09970000246539712,True,4328.949606797933
ECC+ChaCha20,5000,1,1970,0.026599998818710446,0.12680000509135425,0.10000000474974513,True,4328.949606797933
ECC+ChaCha20,5000,1,1971,0.026699999580159783,0.1379000023007393,0.10370000381954014,True,4328.949606797933
ECC+ChaCha20,5000,1,1972,0.02710000262595713,0.12650000280700624,0.09970000246539712,True,4328.949606797933
ECC+ChaCha20,5000,1,1973,0.027000001864507794,0.1277999981539324,0.10070001007989049,True,4328.949606797933
ECC+ChaCha20,5000,1,1974,0.02710000262595713,0.1272000081371516,0.09980000322684646,True,4328.949606797933
ECC+ChaCha20,5000,1,1975,0.026599998818710446,0.12639998749364167,0.10000000474974513,True,4328.949606797933
ECC+ChaCha20,5000,1,1976,0.026599998818710446,0.12680000509135425,0.09940000018104911,True,4328.949606797933
ECC+ChaCha20,5000,1,1977,0.026299996534362435,0.1269999920623377,0.10109999857377261,True,4328.949606797933
ECC+ChaCha20,5000,1,1978,0.027000001864507794,0.12830000196117908,0.10009999095927924,True,4328.949606797933
ECC+ChaCha20,5000,1,1979,0.027600006433203816,0.12909999350085855,0.09959998715203255,True,4328.949606797933
ECC+ChaCha20,5000,1,1980,0.026900001103058457,0.12759999663103372,0.09989998943638057,True,4328.949606797933
ECC+ChaCha20,5000,1,1981,0.026900001103058457,0.14009998994879425,0.10039999324362725,True,4328.949606797933
ECC+ChaCha20,5000,1,1982,0.02680000034160912,0.12739999510813504,0.10049999400507659,True,4328.949606797933
ECC+ChaCha20,5000,1,1983,0.026699999580159783,0.12749999586958438,0.09970000246539712,True,4328.949606797933
ECC+ChaCha20,5000,1,1984,0.027300004148855805,0.12759999663103372,0.09959998715203255,True,4328.949606797933
ECC+ChaCha20,5000,1,1985,0.026699999580159783,0.12700000661425292,0.1002000062726438,True,4328.949606797933
ECC+ChaCha20,5000,1,1986,0.026300011086277664,0.12560001050587744,0.0985000078799203,True,4328.949606797933
ECC+ChaCha20,5000,1,1987,0.026299996534362435,0.1260999997612089,0.09929999941959977,True,4328.949606797933
ECC+ChaCha20,5000,1,1988,0.026599998818710446,0.12650000280700624,0.09919999865815043,True,4328.949606797933
ECC+ChaCha20,5000,1,1989,0.026299996534362435,0.12589999823831022,0.0990999978967011,True,4328.949606797933
ECC+ChaCha20,5000,1,1990,0.028399997972883284,0.13059999037068337,0.10049999400507659,True,4328.949606797933
ECC+ChaCha20,5000,1,1991,0.028399997972883284,0.13139999646227807,0.10210000618826598,True,4328.949606797933
ECC+ChaCha20,5000,1,1992,0.027300004148855805,0.12820000119972974,0.09950000094249845,True,4328.949606797933
ECC+ChaCha20,5000,1,1993,0.02649999805726111,0.12769999739248306,0.10009999095927924,True,4328.949606797933
ECC+ChaCha20,5000,1,1994,0.02720000338740647,0.12679999053943902,0.0999999901978299,True,4328.949606797933
ECC+ChaCha20,5000,1,1995,0.026900001103058457,0.12799999967683107,0.10030000703409314,True,4328.949606797933
ECC+ChaCha20,5000,1,1996,0.027000001864507794,0.12710000737570226,0.10059999476652592,True,4328.949606797933
ECC+ChaCha20,5000,1,1997,0.026599998818710446,0.12660000356845558,0.09979998867493123,True,4328.949606797933
ECC+ChaCha20,5000,1,1998,0.026599998818710446,0.1269999920623377,0.09960000170394778,True,4328.949606797933
ECC+ChaCha20,5000,1,1999,0.026699999580159783,0.1281000004382804,0.10040000779554248,True,4328.949606797933
ECC+ChaCha20,5000,1,2000,0.02680000034160912,0.12749999586958438,0.09970000246539712,True,4328.949606797933
ECC+ChaCha20,5000,1,2001,0.026600013370625675,0.13800000306218863,0.0999999901978299,True,4328.949606797933
ECC+ChaCha20,5000,1,2002,0.026399997295811772,0.12789999891538173,0.1007999962894246,True,4328.949606797933
ECC+ChaCha20,5000,1,2003,0.02720000338740647,0.1277999981539324,0.10259999544359744,True,4328.949606797933
ECC+ChaCha20,5000,1,2004,0.026399997295811772,0.1272999943466857,0.10059999476652592,True,4328.949606797933
ECC+ChaCha20,5000,1,2005,0.02710000262595713,0.12850000348407775,0.1002000062726438,True,4328.949606797933
ECC+ChaCha20,5000,1,2006,0.02720000338740647,0.1264000020455569,0.09929999941959977,True,4328.949606797933
ECC+ChaCha20,5000,1,2007,0.026699999580159783,0.12660000356845558,0.0999999901978299,True,4328.949606797933
ECC+ChaCha20,5000,1,2008,0.02680000034160912,0.12650000280700624,0.09870000940281898,True,4328.949606797933
ECC+ChaCha20,5000,1,2009,0.026900001103058457,0.12709999282378703,0.09950000094249845,True,4328.949606797933
ECC+ChaCha20,5000,1,2010,0.027000001864507794,0.12719999358523637,0.0999000039882958,True,4328.949606797933
ECC+ChaCha20,5000,1,2011,0.026900001103058457,0.12759999663103372,0.09940000018104911,True,4328.949606797933
ECC+ChaCha20,5000,1,2012,0.026599998818710446,0.12709999282378703,0.10019999172072858,True,4328.949606797933
ECC+ChaCha20,5000,1,2013,0.026599998818710446,0.13020000187680125,0.1002000062726438,True,4328.949606797933
ECC+ChaCha20,5000,1,2014,0.026599998818710446,0.12799999967683107,0.09950000094249845,True,4328.949606797933
ECC+ChaCha20,5000,1,2015,0.027000001864507794,0.1272000081371516,0.09950000094249845,True,4328.949606797933
ECC+ChaCha20,5000,1,2016,0.026900001103058457,0.1277999981539324,0.09979998867493123,True,4328.949606797933
ECC+ChaCha20,5000,1,2017,0.02649999805726111,0.12680000509135425,0.09929999941959977,True,4328.949606797933
ECC+ChaCha20,5000,1,2018,0.027000001864507794,0.12830000196117908,0.1002000062726438,True,4328.949606797933
ECC+ChaCha20,5000,1,2019,0.026900001103058457,0.12770001194439828,0.09940000018104911,True,4328.949606797933
ECC+ChaCha20,5000,1,2020,0.02649999805726111,0.12689999130088836,0.09879999561235309,True,4328.949606797933
ECC+ChaCha20,5000,1,2021,0.02680000034160912,0.13929999840911478,0.10229999315924942,True,4328.949606797933
ECC+ChaCha20,5000,1,2022,0.026599998818710446,0.12730000889860094,0.09980000322684646,True,4328.949606797933
ECC+ChaCha20,5000,1,2023,0.02649999805726111,0.12709999282378703,0.10050000855699182,True,4328.949606797933
ECC+ChaCha20,5000,1,2024,0.0261999957729131,0.12689999130088836,0.09989998943638057,True,4328.949606797933
ECC+ChaCha20,5000,1,2025,0.026599998818710446,0.12599999899975955,0.1002000062726438,True,4328.949606797933
ECC+ChaCha20,5000,1,2026,0.026599998818710446,0.12689999130088836,0.09969998791348189,True,4328.949606797933
ECC+ChaCha20,5000,1,2027,0.02649999805726111,0.12630000128410757,0.09970000246539712,True,4328.949606797933
ECC+ChaCha20,5000,1,2028,0.026599998818710446,0.12680000509135425,0.09960000170394778,True,4328.949606797933
ECC+ChaCha20,5000,1,2029,0.026399997295811772,0.12549999519251287,0.09950000094249845,True,4328.949606797933
ECC+ChaCha20,5000,1,2030,0.029499991796910763,0.13580000086221844,0.1016000023810193,True,4328.949606797933
ECC+ChaCha20,5000,1,2031,0.028099995688535273,0.12879999121651053,0.10299999848939478,True,4328.949606797933
ECC+ChaCha20,5000,1,2032,0.02710000262595713,0.12840000272262841,0.1016000023810193,True,4328.949606797933
ECC+ChaCha20,5000,1,2033,0.027299989596940577,0.1272999943466857,0.10299999848939478,True,4328.949606797933
ECC+ChaCha20,5000,1,2034,0.02649999805726111,0.1275000104214996,0.09970000246539712,True,4328.949606797933
ECC+ChaCha20,5000,1,2035,0.026399997295811772,0.1272999943466857,0.09960000170394778,True,4328.949606797933
ECC+ChaCha20,5000,1,2036,0.026399997295811772,0.12650000280700624,0.0990999978967011,True,4328.949606797933
ECC+ChaCha20,5000,1,2037,0.026900001103058457,0.12969999806955457,0.10069999552797526,True,4328.949606797933
ECC+ChaCha20,5000,1,2038,0.026699999580159783,0.12650000280700624,0.09919999865815043,True,4328.949606797933
ECC+ChaCha20,5000,1,2039,0.026599998818710446,0.12670000432990491,0.1002000062726438,True,4328.949606797933
ECC+ChaCha20,5000,1,2040,0.026699999580159783,0.12850000348407775,0.09929999941959977,True,4328.949606797933
ECC+ChaCha20,5000,1,2041,0.02710000262595713,0.13939999917056412,0.10009999095927924,True,4328.949606797933
ECC+ChaCha20,5000,1,2042,0.026599998818710446,0.12650000280700624,0.10080001084133983,True,4328.949606797933
ECC+ChaCha20,5000,1,2043,0.026600013370625675,0.12789999891538173,0.10049999400507659,True,4328.949606797933
ECC+ChaCha20,5000,1,2044,0.026399997295811772,0.12769999739248306,0.09950000094249845,True,4328.949606797933
ECC+ChaCha20,5000,1,2045,0.026699999580159783,0.13729999773204327,0.10030000703409314,True,4328.949606797933
ECC+ChaCha20,5000,1,2046,0.02710000262595713,0.12849998893216252,0.0999999901978299,True,4328.949606797933
ECC+ChaCha20,5000,1,2047,0.026900001103058457,0.1277999981539324,0.09970000246539712,True,4328.949606797933
ECC+ChaCha20,5000,1,2048,0.026200010324828327,0.12680000509135425,0.09949998639058322,True,4328.949606797933
ECC+ChaCha20,5000,1,2049,0.026599998818710446,0.12739999510813504,0.09970000246539712,True,4328.949606797933
ECC+ChaCha20,5000,1,2050,0.026399997295811772,0.12650000280700624,0.0985000078799203,True,4328.949606797933
ECC+ChaCha20,5000,1,2051,0.02720000338740647,0.12680000509135425,0.10000000474974513,True,4328.949606797933
ECC+ChaCha20,5000,1,2052,0.02649999805726111,0.12709999282378703,0.09950000094249845,True,4328.949606797933
ECC+ChaCha20,5000,1,2053,0.02680000034160912,0.12749999586958438,0.09960000170394778,True,4328.949606797933
ECC+ChaCha20,5000,1,2054,0.026699999580159783,0.12650000280700624,0.09880001016426831,True,4328.949606797933
ECC+ChaCha20,5000,1,2055,0.026699999580159783,0.12799999967683107,0.10010000551119447,True,4328.949606797933
ECC+ChaCha20,5000,1,2056,0.026299996534362435,0.12739999510813504,0.09900001168716699,True,4328.949606797933
ECC+ChaCha20,5000,1,2057,0.02680000034160912,0.1272999943466857,0.09959998715203255,True,4328.949606797933
ECC+ChaCha20,5000,1,2058,0.026900001103058457,0.12760001118294895,0.0999000039882958,True,4328.949606797933
ECC+ChaCha20,5000,1,2059,0.026699999580159783,0.12650000280700624,0.0999000039882958,True,4328.949606797933
ECC+ChaCha20,5000,1,2060,0.02649999805726111,0.12670000432990491,0.09929999941959977,True,4328.949606797933
ECC+ChaCha20,5000,1,2061,0.026599998818710446,0.13830000534653664,0.10289999772794545,True,4328.949606797933
ECC+ChaCha20,5000,1,2062,0.026399997295811772,0.12700000661425292,0.09950000094249845,True,4328.949606797933
ECC+ChaCha20,5000,1,2063,0.026599998818710446,0.12700000661425292,0.09980000322684646,True,4328.949606797933
ECC+ChaCha20,5000,1,2064,0.026599998818710446,0.12669998977798969,0.09919999865815043,True,4328.949606797933
ECC+ChaCha20,5000,1,2065,0.02610000956337899,0.12700000661425292,0.10040000779554248,True,4328.949606797933
ECC+ChaCha20,5000,1,2066,0.026399997295811772,0.1260999997612089,0.09940000018104911,True,4328.949606797933
ECC+ChaCha20,5000,1,2067,0.026599998818710446,0.12790001346729696,0.0999000039882958,True,4328.949606797933
ECC+ChaCha20,5000,1,2068,0.026599998818710446,0.12709999282378703,0.09899999713525176,True,4328.949606797933
ECC+ChaCha20,5000,1,2069,0.026599998818710446,0.1260999997612089,0.09940000018104911,True,4328.949606797933
ECC+ChaCha20,5000,1,2070,0.05080000846646726,0.1779000012902543,0.11019999510608613,True,4328.949606797933
ECC+ChaCha20,5000,1,2071,0.035200006095692515,0.15070001245476305,0.10939998901449144,True,4328.949606797933
ECC+ChaCha20,5000,1,2072,0.028700000257231295,0.12940001033712178,0.10040000779554248,True,4328.949606797933
ECC+ChaCha20,5000,1,2073,0.02819999644998461,0.12870000500697643,0.09950000094249845,True,4328.949606797933
ECC+ChaCha20,5000,1,2074,0.02720000338740647,0.12759999663103372,0.09940000018104911,True,4328.949606797933
ECC+ChaCha20,5000,1,2075,0.02749999111983925,0.12799999967683107,0.10040000779554248,True,4328.949606797933
ECC+ChaCha20,5000,1,2076,0.026900001103058457,0.12769999739248306,0.09989998943638057,True,4328.949606797933
ECC+ChaCha20,5000,1,2077,0.027300004148855805,0.13229998876340687,0.10009999095927924,True,4328.949606797933
ECC+ChaCha20,5000,1,2078,0.02720000338740647,0.1281999866478145,0.10010000551119447,True,4328.949606797933
ECC+ChaCha20,5000,1,2079,0.027399990358389914,0.12870000500697643,0.10060000931844115,True,4328.949606797933
ECC+ChaCha20,5000,1,2080,0.027599991881288588,0.12700000661425292,0.1002000062726438,True,4328.949606797933
ECC+ChaCha20,5000,1,2081,0.027300004148855805,0.13110000872984529,0.09940000018104911,True,4328.949606797933
ECC+ChaCha20,5000,1,2082,0.027799993404187262,0.12909999350085855,0.09929999941959977,True,4328.949606797933
ECC+ChaCha20,5000,1,2083,0.027000001864507794,0.12739999510813504,0.09929999941959977,True,4328.949606797933
ECC+ChaCha20,5000,1,2084,0.02710000262595713,0.12700000661425292,0.09940000018104911,True,4328.949606797933
ECC+ChaCha20,5000,1,2085,0.02689998655114323,0.1255999959539622,0.09859999408945441,True,4328.949606797933
ECC+ChaCha20,5000,1,2086,0.027000001864507794,0.12710000737570226,0.09950000094249845,True,4328.949606797933
ECC+ChaCha20,5000,1,2087,0.026900001103058457,0.12680000509135425,0.1002000062726438,True,4328.949606797933
ECC+ChaCha20,5000,1,2088,0.026900001103058457,0.12709999282378703,0.09940000018104911,True,4328.949606797933
ECC+ChaCha20,5000,1,2089,0.026900001103058457,0.12799999967683107,0.09929999941959977,True,4328.949606797933
ECC+ChaCha20,5000,1,2090,0.026900001103058457,0.12870000500697643,0.0999000039882958,True,4328.949606797933
ECC+ChaCha20,5000,1,2091,0.02680000034160912,0.1382000045850873,0.10279999696649611,True,4328.949606797933
ECC+ChaCha20,5000,1,2092,0.02710000262595713,0.12820000119972974,0.10000000474974513,True,4328.949606797933
ECC+ChaCha20,5000,1,2093,0.02720000338740647,0.12660000356845558,0.09960000170394778,True,4328.949606797933
ECC+ChaCha20,5000,1,2094,0.026799985789693892,0.12730000889860094,0.09960000170394778,True,4328.949606797933
ECC+ChaCha20,5000,1,2095,0.026599998818710446,0.12700000661425292,0.09940000018104911,True,4328.949606797933
ECC+ChaCha20,5000,1,2096,0.026900001103058457,0.12730000889860094,0.09940000018104911,True,4328.949606797933
ECC+ChaCha20,5000,1,2097,0.02720000338740647,0.1272999943466857,0.09969998791348189,True,4328.949606797933
ECC+ChaCha20,5000,1,2098,0.02710000262595713,0.12749999586958438,0.09980000322684646,True,4328.949606797933
ECC+ChaCha20,5000,1,2099,0.02680000034160912,0.12730000889860094,0.0990999978967011,True,4328.949606797933
ECC+ChaCha20,5000,1,2100,0.026599998818710446,0.12739999510813504,0.09950000094249845,True,4328.949606797933
ECC+ChaCha20,5000,1,2101,0.02680000034160912,0.126499988255091,0.09889999637380242,True,4328.949606797933
ECC+ChaCha20,5000,1,2102,0.026599998818710446,0.12700000661425292,0.09870000940281898,True,4328.949606797933
ECC+ChaCha20,5000,1,2103,0.026900001103058457,0.12700000661425292,0.09960000170394778,True,4328.949606797933
ECC+ChaCha20,5000,1,2104,0.026699999580159783,0.12700000661425292,0.09970000246539712,True,4328.949606797933
ECC+ChaCha20,5000,1,2105,0.02680000034160912,0.12680000509135425,0.09960000170394778,True,4328.949606797933
ECC+ChaCha20,5000,1,2106,0.027300004148855805,0.12760001118294895,0.10000000474974513,True,4328.949606797933
ECC+ChaCha20,5000,1,2107,0.02680000034160912,0.126199985970743,0.09980000322684646,True,4328.949606797933
ECC+ChaCha20,5000,1,2108,0.026699999580159783,0.1272999943466857,0.09960000170394778,True,4328.949606797933
ECC+ChaCha20,5000,1,2109,0.11629999789875001,0.5464999994728714,0.6566000083694234,True,4328.949606797933
ECC+ChaCha20,5000,1,2110,0.0560000044060871,0.178700007381849,0.11189999349880964,True,4328.949606797933
ECC+ChaCha20,5000,1,2111,0.03449998621363193,0.1379000023007393,0.10489999840501696,True,4328.949606797933
ECC+ChaCha20,5000,1,2112,0.02750000567175448,0.1303999888477847,0.10170000314246863,True,4328.949606797933
ECC+ChaCha20,5000,1,2113,0.027299989596940577,0.12799999967683107,0.10080001084133983,True,4328.949606797933
ECC+ChaCha20,5000,1,2114,0.027300004148855805,0.12829998740926385,0.10089999705087394,True,4328.949606797933
ECC+ChaCha20,5000,1,2115,0.02710000262595713,0.12929999502375722,0.10090001160278916,True,4328.949606797933
ECC+ChaCha20,5000,1,2116,0.02890000178012997,0.13070000568404794,0.10170000314246863,True,4328.949606797933
ECC+ChaCha20,5000,1,2117,0.027299989596940577,0.12799999967683107,0.10010000551119447,True,4328.949606797933
ECC+ChaCha20,5000,1,2118,0.02680000034160912,0.1281000004382804,0.09980000322684646,True,4328.949606797933
ECC+ChaCha20,5000,1,2119,0.026900001103058457,0.12840000272262841,0.09980000322684646,True,4328.949606797933
ECC+ChaCha20,5000,1,2120,0.027399990358389914,0.13139999646227807,0.09970000246539712,True,4328.949606797933
ECC+ChaCha20,5000,1,2121,0.027000001864507794,0.12799999967683107,0.1033000007737428,True,4328.949606797933
ECC+ChaCha20,5000,1,2122,0.027300004148855805,0.1289999927394092,0.09929999941959977,True,4328.949606797933
ECC+ChaCha20,5000,1,2123,0.026599998818710446,0.12780001270584762,0.10000000474974513,True,4328.949606797933
ECC+ChaCha20,5000,1,2124,0.02720000338740647,0.1283999881707132,0.10089999705087394,True,4328.949606797933
ECC+ChaCha20,5000,1,2125,0.026900001103058457,0.12789999891538173,0.09979998867493123,True,4328.949606797933
ECC+ChaCha20,5000,1,2126,0.026599998818710446,0.12660000356845558,0.10000000474974513,True,4328.949606797933
ECC+ChaCha20,5000,1,2127,0.02720000338740647,0.12770001194439828,0.10049999400507659,True,4328.949606797933
ECC+ChaCha20,5000,1,2128,0.02710000262595713,0.12749999586958438,0.09979998867493123,True,4328.949606797933
ECC+ChaCha20,5000,1,2129,0.026599998818710446,0.12689999130088836,0.09970000246539712,True,4328.949606797933
ECC+ChaCha20,5000,1,2130,0.02720000338740647,0.13770000077784061,0.10000000474974513,True,4328.949606797933
ECC+ChaCha20,5000,1,2131,0.027000001864507794,0.12820000119972974,0.09979998867493123,True,4328.949606797933
ECC+ChaCha20,5000,1,2132,0.02680000034160912,0.12799999967683107,0.10030000703409314,True,4328.949606797933
ECC+ChaCha20,5000,1,2133,0.02720000338740647,0.12879999121651053,0.09960000170394778,True,4328.949606797933
ECC+ChaCha20,5000,1,2134,0.027700007194653153,0.12820000119972974,0.09960000170394778,True,4328.949606797933
ECC+ChaCha20,5000,1,2135,0.026699999580159783,0.12769999739248306,0.1010000123642385,True,4328.949606797933
ECC+ChaCha20,5000,1,2136,0.02649999805726111,0.1272000081371516,0.09880001016426831,True,4328.949606797933
ECC+ChaCha20,5000,1,2137,0.02720000338740647,0.1277999981539324,0.10010000551119447,True,4328.949606797933
ECC+ChaCha20,5000,1,2138,0.02649999805726111,0.12700000661425292,0.09970000246539712,True,4328.949606797933
ECC+ChaCha20,5000,1,2139,0.026399997295811772,0.12629998673219234,0.09929999941959977,True,4328.949606797933
ECC+ChaCha20,5000,1,2140,0.026900001103058457,0.13839999155607074,0.10609999299049377,True,4328.949606797933
ECC+ChaCha20,5000,1,2141,0.026599998818710446,0.13089999265503138,0.09889999637380242,True,4328.949606797933
ECC+ChaCha20,5000,1,2142,0.026699999580159783,0.12700000661425292,0.09970000246539712,True,4328.949606797933
ECC+ChaCha20,5000,1,2143,0.027599991881288588,0.12759999663103372,0.09980000322684646,True,4328.949606797933
ECC+ChaCha20,5000,1,2144,0.02750000567175448,0.1277999981539324,0.10000000474974513,True,4328.949606797933
ECC+ChaCha20,5000,1,2145,0.049300011596642435,0.17500000831205398,0.109200002043508,True,4328.949606797933
ECC+ChaCha20,5000,1,2146,0.03359999391250312,0.13980000221636146,0.10210000618826598,True,4328.949606797933
ECC+ChaCha20,5000,1,2147,0.027600006433203816,0.1289999927394092,0.10029999248217791,True,4328.949606797933
ECC+ChaCha20,5000,1,2148,0.026900001103058457,0.12749999586958438,0.10049999400507659,True,4328.949606797933
ECC+ChaCha20,5000,1,2149,0.027299989596940577,0.1281000004382804,0.09989998943638057,True,4328.949606797933
ECC+ChaCha20,5000,1,2150,0.02680000034160912,0.12759999663103372,0.10010000551119447,True,4328.949606797933
ECC+ChaCha20,5000,1,2151,0.026999987312592566,0.1264000020455569,0.09910001244861633,True,4328.949606797933
ECC+ChaCha20,5000,1,2152,0.026599998818710446,0.1269000058528036,0.09890001092571765,True,4328.949606797933
ECC+ChaCha20,5000,1,2153,0.026699999580159783,0.1272999943466857,0.0999999901978299,True,4328.949606797933
ECC+ChaCha20,5000,1,2154,0.026699999580159783,0.1269999920623377,0.09960000170394778,True,4328.949606797933
ECC+ChaCha20,5000,1,2155,0.026699999580159783,0.12769999739248306,0.0999999901978299,True,4328.949606797933
ECC+ChaCha20,5000,1,2156,0.02649999805726111,0.12749999586958438,0.09970000246539712,True,4328.949606797933
ECC+ChaCha20,5000,1,2157,0.026399997295811772,0.12639998749364167,0.09879999561235309,True,4328.949606797933
ECC+ChaCha20,5000,1,2158,0.026699999580159783,0.12579999747686088,0.09889999637380242,True,4328.949606797933
ECC+ChaCha20,5000,1,2159,0.026900001103058457,0.12799999967683107,0.09919999865815043,True,4328.949606797933
ECC+ChaCha20,5000,1,2160,0.026699999580159783,0.12680000509135425,0.09929999941959977,True,4328.949606797933
ECC+ChaCha20,5000,1,2161,0.02649999805726111,0.1272999943466857,0.09960000170394778,True,4328.949606797933
ECC+ChaCha20,5000,1,2162,0.026400011847727,0.12670000432990491,0.09940000018104911,True,4328.949606797933
ECC+ChaCha20,5000,1,2163,0.026599998818710446,0.12660000356845558,0.09929999941959977,True,4328.949606797933
ECC+ChaCha20,5000,1,2164,0.026699999580159783,0.12670000432990491,0.09919999865815043,True,4328.949606797933
ECC+ChaCha20,5000,1,2165,0.026699999580159783,0.12849998893216252,0.10019999172072858,True,4328.949606797933
ECC+ChaCha20,5000,1,2166,0.02680000034160912,0.12929999502375722,0.10290001227986068,True,4328.949606797933
ECC+ChaCha20,5000,1,2167,0.02710000262595713,0.12799999967683107,0.09940000018104911,True,4328.949606797933
ECC+ChaCha20,5000,1,2168,0.026599998818710446,0.12669998977798969,0.09919999865815043,True,4328.949606797933
ECC+ChaCha20,5000,1,2169,0.02680000034160912,0.12700000661425292,0.10039999324362725,True,4328.949606797933
ECC+ChaCha20,5000,1,2170,0.026900001103058457,0.12680000509135425,0.09950000094249845,True,4328.949606797933
ECC+ChaCha20,5000,1,2171,0.02680000034160912,0.12789999891538173,0.10010000551119447,True,4328.949606797933
ECC+ChaCha20,5000,1,2172,0.02710000262595713,0.12770001194439828,0.09970000246539712,True,4328.949606797933
ECC+ChaCha20,5000,1,2173,0.02680000034160912,0.1326000055996701,0.09869999485090375,True,4328.949606797933
ECC+ChaCha20,5000,1,2174,0.027400004910305142,0.12840000272262841,0.10019999172072858,True,4328.949606797933
ECC+ChaCha20,5000,1,2175,0.02680000034160912,0.12740000966005027,0.09950000094249845,True,4328.949606797933
ECC+ChaCha20,5000,1,2176,0.027600006433203816,0.1277999981539324,0.10049999400507659,True,4328.949606797933
ECC+ChaCha20,5000,1,2177,0.02750000567175448,0.12880000576842576,0.09959998715203255,True,4328.949606797933
ECC+ChaCha20,5000,1,2178,0.026900001103058457,0.12900000729132444,0.10030000703409314,True,4328.949606797933
ECC+ChaCha20,5000,1,2179,0.02680000034160912,0.12710000737570226,0.10000000474974513,True,4328.949606797933
ECC+ChaCha20,5000,1,2180,0.02689998655114323,0.1269000058528036,0.0990999978967011,True,4328.949606797933
ECC+ChaCha20,5000,1,2181,0.026200010324828327,0.12700000661425292,0.09980000322684646,True,4328.949606797933
ECC+ChaCha20,5000,1,2182,0.026699999580159783,0.1260999997612089,0.09919999865815043,True,4328.949606797933
ECC+ChaCha20,5000,1,2183,0.02649999805726111,0.12669998977798969,0.10000000474974513,True,4328.949606797933
ECC+ChaCha20,5000,1,2184,0.03270000161137432,0.1548000000184402,0.10619999375194311,True,4328.949606797933
ECC+ChaCha20,5000,1,2185,0.037600009818561375,0.1453000004403293,0.10509999992791563,True,4328.949606797933
ECC+ChaCha20,5000,1,2186,0.029999995604157448,0.13270000636111945,0.10170000314246863,True,4328.949606797933
ECC+ChaCha20,5000,1,2187,0.027999994927085936,0.13169999874662608,0.10220000694971532,True,4328.949606797933
ECC+ChaCha20,5000,1,2188,0.030099996365606785,0.14399999054148793,0.10790000669658184,True,4328.949606797933
ECC+ChaCha20,5000,1,2189,0.027400004910305142,0.12780001270584762,0.10049999400507659,True,4328.949606797933
ECC+ChaCha20,5000,1,2190,0.026900001103058457,0.12719999358523637,0.10000000474974513,True,4328.949606797933
ECC+ChaCha20,5000,1,2191,0.02680000034160912,0.1269999920623377,0.11589999485295266,True,4328.949606797933
ECC+ChaCha20,5000,1,2192,0.028700000257231295,0.1297999988310039,0.0990999978967011,True,4328.949606797933
ECC+ChaCha20,5000,1,2193,0.027000001864507794,0.12759999663103372,0.10019999172072858,True,4328.949606797933
ECC+ChaCha20,5000,1,2194,0.027000001864507794,0.1272999943466857,0.10010000551119447,True,4328.949606797933
ECC+ChaCha20,5000,1,2195,0.026900001103058457,0.1272000081371516,0.09980000322684646,True,4328.949606797933
ECC+ChaCha20,5000,1,2196,0.02680000034160912,0.12770001194439828,0.10000000474974513,True,4328.949606797933
ECC+ChaCha20,5000,1,2197,0.026900001103058457,0.12599999899975955,0.09959998715203255,True,4328.949606797933
ECC+ChaCha20,5000,1,2198,0.02680000034160912,0.12760001118294895,0.09960000170394778,True,4328.949606797933
ECC+ChaCha20,5000,1,2199,0.02680000034160912,0.12700000661425292,0.10030000703409314,True,4328.949606797933
ECC+ChaCha20,5000,1,2200,0.02680000034160912,0.1281000004382804,0.09970000246539712,True,4328.949606797933
ECC+ChaCha20,5000,1,2201,0.026900001103058457,0.12759999663103372,0.09949998639058322,True,4328.949606797933
ECC+ChaCha20,5000,1,2202,0.027000001864507794,0.1275000104214996,0.1002000062726438,True,4328.949606797933
ECC+ChaCha20,5000,1,2203,0.027000001864507794,0.12680000509135425,0.09950000094249845,True,4328.949606797933
ECC+ChaCha20,5000,1,2204,0.026900001103058457,0.12709999282378703,0.09979998867493123,True,4328.949606797933
ECC+ChaCha20,5000,1,2205,0.026900001103058457,0.12830000196117908,0.09970000246539712,True,4328.949606797933
ECC+ChaCha20,5000,1,2206,0.026999987312592566,0.12820000119972974,0.09919999865815043,True,4328.949606797933
ECC+ChaCha20,5000,1,2207,0.026900001103058457,0.12769999739248306,0.09980000322684646,True,4328.949606797933
ECC+ChaCha20,5000,1,2208,0.026699999580159783,0.13729999773204327,0.10489999840501696,True,4328.949606797933
ECC+ChaCha20,5000,1,2209,0.026900001103058457,0.12830000196117908,0.09929999941959977,True,4328.949606797933
ECC+ChaCha20,5000,1,2210,0.027300004148855805,0.1286000042455271,0.0999000039882958,True,4328.949606797933
ECC+ChaCha20,5000,1,2211,0.026900001103058457,0.12789999891538173,0.10000000474974513,True,4328.949606797933
ECC+ChaCha20,5000,1,2212,0.02710000262595713,0.1269000058528036,0.09950000094249845,True,4328.949606797933
ECC+ChaCha20,5000,1,2213,0.026900001103058457,0.12689999130088836,0.0990999978967011,True,4328.949606797933
ECC+ChaCha20,5000,1,2214,0.026900001103058457,0.1275000104214996,0.09950000094249845,True,4328.949606797933
ECC+ChaCha20,5000,1,2215,0.02680000034160912,0.12599999899975955,0.09919999865815043,True,4328.949606797933
ECC+ChaCha20,5000,1,2216,0.026599998818710446,0.12630000128410757,0.1002000062726438,True,4328.949606797933
ECC+ChaCha20,5000,1,2217,0.026699999580159783,0.12719999358523637,0.10029999248217791,True,4328.949606797933
ECC+ChaCha20,5000,1,2218,0.026900001103058457,0.12709999282378703,0.09980000322684646,True,4328.949606797933
ECC+ChaCha20,5000,1,2219,0.02720000338740647,0.12799999967683107,0.10000000474974513,True,4328.949606797933
ECC+ChaCha20,5000,1,2220,0.02680000034160912,0.12759999663103372,0.09969998791348189,True,4328.949606797933
ECC+ChaCha20,5000,1,2221,0.026400011847727,0.12730000889860094,0.1002000062726438,True,4328.949606797933
ECC+ChaCha20,5000,1,2222,0.026599998818710446,0.16989999858196825,0.10910000128205866,True,4328.949606797933
ECC+ChaCha20,5000,1,2223,0.031199990189634264,0.1331999956164509,0.10200000542681664,True,4328.949606797933
ECC+ChaCha20,5000,1,2224,0.02890000178012997,0.12989999959245324,0.1016000023810193,True,4328.949606797933
ECC+ChaCha20,5000,1,2225,0.027700007194653153,0.13160001253709197,0.10229999315924942,True,4328.949606797933
ECC+ChaCha20,5000,1,2226,0.029099988751113415,0.13000000035390258,0.10010000551119447,True,4328.949606797933
ECC+ChaCha20,5000,1,2227,0.02689998655114323,0.13670000771526247,0.10380000458098948,True,4328.949606797933
ECC+ChaCha20,5000,1,2228,0.026299996534362435,0.12589999823831022,0.09940000018104911,True,4328.949606797933
ECC+ChaCha20,5000,1,2229,0.026599998818710446,0.12749999586958438,0.1002000062726438,True,4328.949606797933
ECC+ChaCha20,5000,1,2230,0.026699999580159783,0.12759999663103372,0.09870000940281898,True,4328.949606797933
ECC+ChaCha20,5000,1,2231,0.026900001103058457,0.12829998740926385,0.10130000009667128,True,4328.949606797933
ECC+ChaCha20,5000,1,2232,0.02680000034160912,0.12799999967683107,0.10069999552797526,True,4328.949606797933
ECC+ChaCha20,5000,1,2233,0.026599998818710446,0.1281999866478145,0.10010000551119447,True,4328.949606797933
ECC+ChaCha20,5000,1,2234,0.02680000034160912,0.12700000661425292,0.09970000246539712,True,4328.949606797933
ECC+ChaCha20,5000,1,2235,0.026699999580159783,0.12680000509135425,0.09959998715203255,True,4328.949606797933
ECC+ChaCha20,5000,1,2236,0.026699999580159783,0.13190000026952475,0.10000000474974513,True,4328.949606797933
ECC+ChaCha20,5000,1,2237,0.02680000034160912,0.12820000119972974,0.0999000039882958,True,4328.949606797933
ECC+ChaCha20,5000,1,2238,0.027600006433203816,0.1277999981539324,0.1002000062726438,True,4328.949606797933
ECC+ChaCha20,5000,1,2239,0.026699999580159783,0.12629998673219234,0.09940000018104911,True,4328.949606797933
ECC+ChaCha20,5000,1,2240,0.02680000034160912,0.1269999920623377,0.09989998943638057,True,4328.949606797933
ECC+ChaCha20,5000,1,2241,0.026699999580159783,0.12759999663103372,0.09989998943638057,True,4328.949606797933
ECC+ChaCha20,5000,1,2242,0.026900001103058457,0.12730000889860094,0.0999000039882958,True,4328.949606797933
ECC+ChaCha20,5000,1,2243,0.026699999580159783,0.12709999282378703,0.09940000018104911,True,4328.949606797933
ECC+ChaCha20,5000,1,2244,0.026699999580159783,0.1264000020455569,0.0999000039882958,True,4328.949606797933
ECC+ChaCha20,5000,1,2245,0.026500012609176338,0.12650000280700624,0.0999999901978299,True,4328.949606797933
ECC+ChaCha20,5000,1,2246,0.026500012609176338,0.1272000081371516,0.09960000170394778,True,4328.949606797933
ECC+ChaCha20,5000,1,2247,0.026900001103058457,0.1373000122839585,0.10629999451339245,True,4328.949606797933
ECC+ChaCha20,5000,1,2248,0.026699999580159783,0.12739999510813504,0.09960000170394778,True,4328.949606797933
ECC+ChaCha20,5000,1,2249,0.027000001864507794,0.12739999510813504,0.09940000018104911,True,4328.949606797933
ECC+ChaCha20,5000,1,2250,0.02649999805726111,0.12660000356845558,0.09940000018104911,True,4328.949606797933
ECC+ChaCha20,5000,1,2251,0.026399997295811772,0.12670000432990491,0.09919999865815043,True,4328.949606797933
ECC+ChaCha20,5000,1,2252,0.02649999805726111,0.12660000356845558,0.09919999865815043,True,4328.949606797933
ECC+ChaCha20,5000,1,2253,0.026599998818710446,0.12620000052265823,0.1002000062726438,True,4328.949606797933
ECC+ChaCha20,5000,1,2254,0.026299996534362435,0.12569999671541154,0.09899999713525176,True,4328.949606797933
ECC+ChaCha20,5000,1,2255,0.026599998818710446,0.1260999997612089,0.09950000094249845,True,4328.949606797933
ECC+ChaCha20,5000,1,2256,0.026299996534362435,0.1260999997612089,0.09960000170394778,True,4328.949606797933
ECC+ChaCha20,5000,1,2257,0.026599998818710446,0.13669999316334724,0.1016000023810193,True,4328.949606797933
ECC+ChaCha20,5000,1,2258,0.026200010324828327,0.12599999899975955,0.09940000018104911,True,4328.949606797933
ECC+ChaCha20,5000,1,2259,0.026399997295811772,0.1260999997612089,0.10039999324362725,True,4328.949606797933
ECC+ChaCha20,5000,1,2260,0.026299996534362435,0.12620000052265823,0.10279999696649611,True,4328.949606797933
ECC+ChaCha20,5000,1,2261,0.027700007194653153,0.1807999942684546,0.10240000847261399,True,4328.949606797933
ECC+ChaCha20,5000,1,2262,0.031400006264448166,0.13229998876340687,0.10130000009667128,True,4328.949606797933
ECC+ChaCha20,5000,1,2263,0.027599991881288588,0.12739999510813504,0.1002000062726438,True,4328.949606797933
ECC+ChaCha20,5000,1,2264,0.027000001864507794,0.12719999358523637,0.10049999400507659,True,4328.949606797933
ECC+ChaCha20,5000,1,2265,0.027400004910305142,0.12820000119972974,0.10029999248217791,True,4328.949606797933
ECC+ChaCha20,5000,1,2266,0.026900001103058457,0.12739999510813504,0.10029999248217791,True,4328.949606797933
ECC+ChaCha20,5000,1,2267,0.027000001864507794,0.1340000017080456,0.09980000322684646,True,4328.949606797933
ECC+ChaCha20,5000,1,2268,0.026599998818710446,0.12960001186002046,0.10030000703409314,True,4328.949606797933
ECC+ChaCha20,5000,1,2269,0.027000001864507794,0.1281000004382804,0.09959998715203255,True,4328.949606797933
ECC+ChaCha20,5000,1,2270,0.02649999805726111,0.12669998977798969,0.10009999095927924,True,4328.949606797933
ECC+ChaCha20,5000,1,2271,0.027300004148855805,0.12789999891538173,0.10269999620504677,True,4328.949606797933
ECC+ChaCha20,5000,1,2272,0.02710000262595713,0.12730000889860094,0.10010000551119447,True,4328.949606797933
ECC+ChaCha20,5000,1,2273,0.02750000567175448,0.1281000004382804,0.10000000474974513,True,4328.949606797933
ECC+ChaCha20,5000,1,2274,0.027000001864507794,0.12830000196117908,0.10010000551119447,True,4328.949606797933
ECC+ChaCha20,5000,1,2275,0.026699999580159783,0.12849998893216252,0.1007999962894246,True,4328.949606797933
ECC+ChaCha20,5000,1,2276,0.027600006433203816,0.12769999739248306,0.10000000474974513,True,4328.949606797933
ECC+ChaCha20,5000,1,2277,0.027099988074041903,0.13939999917056412,0.09899999713525176,True,4328.949606797933
ECC+ChaCha20,5000,1,2278,0.02680000034160912,0.1277999981539324,0.09960000170394778,True,4328.949606797933
ECC+ChaCha20,5000,1,2279,0.02649999805726111,0.1269999920623377,0.0999999901978299,True,4328.949606797933
ECC+ChaCha20,5000,1,2280,0.02649999805726111,0.1269000058528036,0.09950000094249845,True,4328.949606797933
ECC+ChaCha20,5000,1,2281,0.026900001103058457,0.12579999747686088,0.10030000703409314,True,4328.949606797933
ECC+ChaCha20,5000,1,2282,0.027400004910305142,0.12639998749364167,0.09899999713525176,True,4328.949606797933
ECC+ChaCha20,5000,1,2283,0.026900001103058457,0.12760001118294895,0.09950000094249845,True,4328.949606797933
ECC+ChaCha20,5000,1,2284,0.026900001103058457,0.12630000128410757,0.0990999978967011,True,4328.949606797933
ECC+ChaCha20,5000,1,2285,0.026299996534362435,0.12660000356845558,0.09899999713525176,True,4328.949606797933
ECC+ChaCha20,5000,1,2286,0.026300011086277664,0.12530000822152942,0.10000000474974513,True,4328.949606797933
ECC+ChaCha20,5000,1,2287,0.02710000262595713,0.12660000356845558,0.09989998943638057,True,4328.949606797933
ECC+ChaCha20,5000,1,2288,0.027000001864507794,0.1260999997612089,0.09899999713525176,True,4328.949606797933
ECC+ChaCha20,5000,1,2289,0.026900001103058457,0.1277999981539324,0.10379999002907425,True,4328.949606797933
ECC+ChaCha20,5000,1,2290,0.02720000338740647,0.12840000272262841,0.10010000551119447,True,4328.949606797933
ECC+ChaCha20,5000,1,2291,0.027999994927085936,0.12799999967683107,0.10140000085812062,True,4328.949606797933
ECC+ChaCha20,5000,1,2292,0.02680000034160912,0.12709999282378703,0.10019999172072858,True,4328.949606797933
ECC+ChaCha20,5000,1,2293,0.02720000338740647,0.12669998977798969,0.10049999400507659,True,4328.949606797933
ECC+ChaCha20,5000,1,2294,0.026699999580159783,0.1275000104214996,0.09970000246539712,True,4328.949606797933
ECC+ChaCha20,5000,1,2295,0.027300004148855805,0.1281000004382804,0.10059999476652592,True,4328.949606797933
ECC+ChaCha20,5000,1,2296,0.02719998883549124,0.12799999967683107,0.10039999324362725,True,4328.949606797933
ECC+ChaCha20,5000,1,2297,0.027299989596940577,0.13840000610798597,0.10140000085812062,True,4328.949606797933
ECC+ChaCha20,5000,1,2298,0.02710000262595713,0.1277999981539324,0.09989998943638057,True,4328.949606797933
ECC+ChaCha20,5000,1,2299,0.026599998818710446,0.12689999130088836,0.09970000246539712,True,4328.949606797933
ECC+ChaCha20,5000,1,2300,0.02649999805726111,0.13169999874662608,0.09970000246539712,True,4328.949606797933
ECC+ChaCha20,5000,1,2301,0.0295999925583601,0.1306999911321327,0.10069999552797526,True,4328.949606797933
ECC+ChaCha20,5000,1,2302,0.028099995688535273,0.12879999121651053,0.09980000322684646,True,4328.949606797933
ECC+ChaCha20,5000,1,2303,0.027000001864507794,0.12799999967683107,0.1002000062726438,True,4328.949606797933
ECC+ChaCha20,5000,1,2304,0.02720000338740647,0.12820000119972974,0.10000000474974513,True,4328.949606797933
ECC+ChaCha20,5000,1,2305,0.02710000262595713,0.1281000004382804,0.09949998639058322,True,4328.949606797933
ECC+ChaCha20,5000,1,2306,0.02680000034160912,0.12700000661425292,0.10070001007989049,True,4328.949606797933
ECC+ChaCha20,5000,1,2307,0.027300004148855805,0.12680000509135425,0.0999000039882958,True,4328.949606797933
ECC+ChaCha20,5000,1,2308,0.026399997295811772,0.12679999053943902,0.0999999901978299,True,4328.949606797933
ECC+ChaCha20,5000,1,2309,0.026399997295811772,0.1264000020455569,0.10010000551119447,True,4328.949606797933
ECC+ChaCha20,5000,1,2310,0.026599998818710446,0.1281000004382804,0.09980000322684646,True,4328.949606797933
ECC+ChaCha20,5000,1,2311,0.026399997295811772,0.12650000280700624,0.09940000018104911,True,4328.949606797933
ECC+ChaCha20,5000,1,2312,0.026900001103058457,0.12820000119972974,0.0999000039882958,True,4328.949606797933
ECC+ChaCha20,5000,1,2313,0.02680000034160912,0.12730000889860094,0.10010000551119447,True,4328.949606797933
ECC+ChaCha20,5000,1,2314,0.026399997295811772,0.12719999358523637,0.0999000039882958,True,4328.949606797933
ECC+ChaCha20,5000,1,2315,0.026200010324828327,0.12670000432990491,0.09970000246539712,True,4328.949606797933
ECC+ChaCha20,5000,1,2316,0.02649999805726111,0.1264000020455569,0.09970000246539712,True,4328.949606797933
ECC+ChaCha20,5000,1,2317,0.026399997295811772,0.12620000052265823,0.10000000474974513,True,4328.949606797933
ECC+ChaCha20,5000,1,2318,0.027000001864507794,0.16190001042559743,0.10200000542681664,True,4328.949606797933
ECC+ChaCha20,5000,1,2319,0.029799994081258774,0.12880000576842576,0.09970000246539712,True,4328.949606797933
ECC+ChaCha20,5000,1,2320,0.026399997295811772,0.12689999130088836,0.09979998867493123,True,4328.949606797933
ECC+ChaCha20,5000,1,2321,0.02680000034160912,0.12679999053943902,0.0999999901978299,True,4328.949606797933
ECC+ChaCha20,5000,1,2322,0.026599998818710446,0.1283999881707132,0.09919999865815043,True,4328.949606797933
ECC+ChaCha20,5000,1,2323,0.026999987312592566,0.1277999981539324,0.10019999172072858,True,4328.949606797933
ECC+ChaCha20,5000,1,2324,0.02680000034160912,0.12789999891538173,0.10030000703409314,True,4328.949606797933
ECC+ChaCha20,5000,1,2325,0.02680000034160912,0.1272000081371516,0.1002000062726438,True,4328.949606797933
ECC+ChaCha20,5000,1,2326,0.02649999805726111,0.12789999891538173,0.1002000062726438,True,4328.949606797933
ECC+ChaCha20,5000,1,2327,0.027300004148855805,0.13830000534653664,0.09920001321006566,True,4328.949606797933
ECC+ChaCha20,5000,1,2328,0.027299989596940577,0.12700000661425292,0.09980000322684646,True,4328.949606797933
ECC+ChaCha20,5000,1,2329,0.026599998818710446,0.12740000966005027,0.10000000474974513,True,4328.949606797933
ECC+ChaCha20,5000,1,2330,0.02649999805726111,0.12670000432990491,0.10000000474974513,True,4328.949606797933
ECC+ChaCha20,5000,1,2331,0.026399997295811772,0.1269999920623377,0.09940000018104911,True,4328.949606797933
ECC+ChaCha20,5000,1,2332,0.026600013370625675,0.13050000416114926,0.0999000039882958,True,4328.949606797933
ECC+ChaCha20,5000,1,2333,0.027999994927085936,0.12820000119972974,0.10049999400507659,True,4328.949606797933
ECC+ChaCha20,5000,1,2334,0.027000001864507794,0.12789999891538173,0.10030000703409314,True,4328.949606797933
ECC+ChaCha20,5000,1,2335,0.026699999580159783,0.12660000356845558,0.09929999941959977,True,4328.949606797933
ECC+ChaCha20,5000,1,2336,0.02680000034160912,0.12670000432990491,0.10089999705087394,True,4328.949606797933
ECC+ChaCha20,5000,1,2337,0.027400004910305142,0.12669998977798969,0.10019999172072858,True,4328.949606797933
ECC+ChaCha20,5000,1,2338,0.02649999805726111,0.12539999443106353,0.09899999713525176,True,4328.949606797933
ECC+ChaCha20,5000,1,2339,0.02609999501146376,0.12599999899975955,0.09970000246539712,True,4328.949606797933
ECC+ChaCha20,5000,1,2340,0.026699999580159783,0.12539999443106353,0.09960000170394778,True,4328.949606797933
ECC+ChaCha20,5000,1,2341,0.027999994927085936,0.12959999730810523,0.10220000694971532,True,4328.949606797933
ECC+ChaCha20,5000,1,2342,0.027699992642737925,0.12929999502375722,0.09989998943638057,True,4328.949606797933
ECC+ChaCha20,5000,1,2343,0.02750000567175448,0.12770001194439828,0.10089999705087394,True,4328.949606797933
ECC+ChaCha20,5000,1,2344,0.02720000338740647,0.12650000280700624,0.09960000170394778,True,4328.949606797933
ECC+ChaCha20,5000,1,2345,0.026599998818710446,0.1264000020455569,0.09970000246539712,True,4328.949606797933
ECC+ChaCha20,5000,1,2346,0.026699999580159783,0.12590001279022545,0.09960000170394778,True,4328.949606797933
ECC+ChaCha20,5000,1,2347,0.02710000262595713,0.13729999773204327,0.10119999933522195,True,4328.949606797933
ECC+ChaCha20,5000,1,2348,0.026599998818710446,0.12630000128410757,0.0990999978967011,True,4328.949606797933
ECC+ChaCha20,5000,1,2349,0.026699999580159783,0.12700000661425292,0.09980000322684646,True,4328.949606797933
ECC+ChaCha20,5000,1,2350,0.02649999805726111,0.12650000280700624,0.10030000703409314,True,4328.949606797933
ECC+ChaCha20,5000,1,2351,0.027000001864507794,0.12739999510813504,0.10109999857377261,True,4328.949606797933
ECC+ChaCha20,5000,1,2352,0.026500012609176338,0.12670000432990491,0.10010000551119447,True,4328.949606797933
ECC+ChaCha20,5000,1,2353,0.026599998818710446,0.12709999282378703,0.09950000094249845,True,4328.949606797933
ECC+ChaCha20,5000,1,2354,0.02649999805726111,0.1269000058528036,0.10000000474974513,True,4328.949606797933
ECC+ChaCha20,5000,1,2355,0.026500012609176338,0.12650000280700624,0.09919999865815043,True,4328.949606797933
ECC+ChaCha20,5000,1,2356,0.026699999580159783,0.1269000058528036,0.09950000094249845,True,4328.949606797933
ECC+ChaCha20,5000,1,2357,0.026699999580159783,0.12670000432990491,0.09929999941959977,True,4328.949606797933
ECC+ChaCha20,5000,1,2358,0.026500012609176338,0.1269000058528036,0.0999000039882958,True,4328.949606797933
ECC+ChaCha20,5000,1,2359,0.02680000034160912,0.12700000661425292,0.10060000931844115,True,4328.949606797933
ECC+ChaCha20,5000,1,2360,0.026699999580159783,0.1260999997612089,0.10000000474974513,True,4328.949606797933
ECC+ChaCha20,5000,1,2361,0.027300004148855805,0.12680000509135425,0.09960000170394778,True,4328.949606797933
ECC+ChaCha20,5000,1,2362,0.02710000262595713,0.12630000128410757,0.09940000018104911,True,4328.949606797933
ECC+ChaCha20,5000,1,2363,0.026400011847727,0.1264000020455569,0.09940000018104911,True,4328.949606797933
ECC+ChaCha20,5000,1,2364,0.02649999805726111,0.1311999949393794,0.10000000474974513,True,4328.949606797933
ECC+ChaCha20,5000,1,2365,0.02710000262595713,0.12820000119972974,0.09980000322684646,True,4328.949606797933
ECC+ChaCha20,5000,1,2366,0.02719998883549124,0.15010000788606703,0.1036000030580908,True,4328.949606797933
ECC+ChaCha20,5000,1,2367,0.03029999788850546,0.14010000450070947,0.10639999527484179,True,4328.949606797933
ECC+ChaCha20,5000,1,2368,0.026900001103058457,0.12789999891538173,0.1002000062726438,True,4328.949606797933
ECC+ChaCha20,5000,1,2369,0.027000001864507794,0.1289000065298751,0.10010000551119447,True,4328.949606797933
ECC+ChaCha20,5000,1,2370,0.026699999580159783,0.12739999510813504,0.10009999095927924,True,4328.949606797933
ECC+ChaCha20,5000,1,2371,0.027000001864507794,0.1277999981539324,0.09979998867493123,True,4328.949606797933
ECC+ChaCha20,5000,1,2372,0.026699999580159783,0.12689999130088836,0.10009999095927924,True,4328.949606797933
ECC+ChaCha20,5000,1,2373,0.02680000034160912,0.1277999981539324,0.09929999941959977,True,4328.949606797933
ECC+ChaCha20,5000,1,2374,0.026399997295811772,0.12579999747686088,0.09950000094249845,True,4328.949606797933
ECC+ChaCha20,5000,1,2375,0.026699999580159783,0.12650000280700624,0.09899999713525176,True,4328.949606797933
ECC+ChaCha20,5000,1,2376,0.02680000034160912,0.12689999130088836,0.09979998867493123,True,4328.949606797933
ECC+ChaCha20,5000,1,2377,0.02680000034160912,0.12670000432990491,0.09899999713525176,True,4328.949606797933
ECC+ChaCha20,5000,1,2378,0.026400011847727,0.12650000280700624,0.09969998791348189,True,4328.949606797933
ECC+ChaCha20,5000,1,2379,0.02680000034160912,0.12710000737570226,0.10289999772794545,True,4328.949606797933
ECC+ChaCha20,5000,1,2380,0.026599998818710446,0.12740000966005027,0.09950000094249845,True,4328.949606797933
ECC+ChaCha20,5000,1,2381,0.028800001018680632,0.13139999646227807,0.10279999696649611,True,4328.949606797933
ECC+ChaCha20,5000,1,2382,0.045199994929134846,0.15350000467151403,0.10560000373516232,True,4328.949606797933
ECC+ChaCha20,5000,1,2383,0.028599999495781958,0.1303999888477847,0.1007999962894246,True,4328.949606797933
ECC+ChaCha20,5000,1,2384,0.028700000257231295,0.12959999730810523,0.10099999781232327,True,4328.949606797933
ECC+ChaCha20,5000,1,2385,0.02719998883549124,0.1289000065298751,0.10069999552797526,True,4328.949606797933
ECC+ChaCha20,5000,1,2386,0.027000001864507794,0.12749999586958438,0.09940000018104911,True,4328.949606797933
ECC+ChaCha20,5000,1,2387,0.02719998883549124,0.1277999981539324,0.10029999248217791,True,4328.949606797933
ECC+ChaCha20,5000,1,2388,0.02710000262595713,0.12679999053943902,0.09970000246539712,True,4328.949606797933
ECC+ChaCha20,5000,1,2389,0.027399990358389914,0.1277999981539324,0.1007999962894246,True,4328.949606797933
ECC+ChaCha20,5000,1,2390,0.026699999580159783,0.12820000119972974,0.09989998943638057,True,4328.949606797933
ECC+ChaCha20,5000,1,2391,0.02680000034160912,0.12849998893216252,0.10039999324362725,True,4328.949606797933
ECC+ChaCha20,5000,1,2392,0.027299989596940577,0.12759999663103372,0.10039999324362725,True,4328.949606797933
ECC+ChaCha20,5000,1,2393,0.026900001103058457,0.12759999663103372,0.10010000551119447,True,4328.949606797933
ECC+ChaCha20,5000,1,2394,0.02680000034160912,0.12820000119972974,0.09890001092571765,True,4328.949606797933
ECC+ChaCha20,5000,1,2395,0.026699999580159783,0.12900000729132444,0.1002000062726438,True,4328.949606797933
ECC+ChaCha20,5000,1,2396,0.0278999941656366,0.1379000023007393,0.09960000170394778,True,4328.949606797933
ECC+ChaCha20,5000,1,2397,0.027099988074041903,0.12880000576842576,0.10060000931844115,True,4328.949606797933
ECC+ChaCha20,5000,1,2398,0.026900001103058457,0.12830000196117908,0.0999000039882958,True,4328.949606797933
ECC+ChaCha20,5000,1,2399,0.02720000338740647,0.12850000348407775,0.10010000551119447,True,4328.949606797933
ECC+ChaCha20,5000,1,2400,0.02710000262595713,0.12769999739248306,0.09940000018104911,True,4328.949606797933
ECC+ChaCha20,5000,1,2401,0.026399997295811772,0.12700000661425292,0.1002000062726438,True,4328.949606797933
ECC+ChaCha20,5000,1,2402,0.026900001103058457,0.1281000004382804,0.09980000322684646,True,4328.949606797933
ECC+ChaCha20,5000,1,2403,0.02649999805726111,0.1269999920623377,0.09989998943638057,True,4328.949606797933
ECC+ChaCha20,5000,1,2404,0.027000001864507794,0.12780001270584762,0.10029999248217791,True,4328.949606797933
ECC+ChaCha20,5000,1,2405,0.026900001103058457,0.12669998977798969,0.09960000170394778,True,4328.949606797933
ECC+ChaCha20,5000,1,2406,0.026399997295811772,0.1269999920623377,0.09929999941959977,True,4328.949606797933
ECC+ChaCha20,5000,1,2407,0.026599998818710446,0.12660000356845558,0.09960000170394778,True,4328.949606797933
ECC+ChaCha20,5000,1,2408,0.02680000034160912,0.1281000004382804,0.09960000170394778,True,4328.949606797933
ECC+ChaCha20,5000,1,2409,0.02649999805726111,0.12710000737570226,0.0999000039882958,True,4328.949606797933
ECC+ChaCha20,5000,1,2410,0.02680000034160912,0.12789999891538173,0.10029999248217791,True,4328.949606797933
ECC+ChaCha20,5000,1,2411,0.026599998818710446,0.12739999510813504,0.10019999172072858,True,4328.949606797933
ECC+ChaCha20,5000,1,2412,0.02720000338740647,0.12759999663103372,0.0999000039882958,True,4328.949606797933
ECC+ChaCha20,5000,1,2413,0.026599998818710446,0.12759999663103372,0.09960000170394778,True,4328.949606797933
ECC+ChaCha20,5000,1,2414,0.026699999580159783,0.12689999130088836,0.0999000039882958,True,4328.949606797933
ECC+ChaCha20,5000,1,2415,0.026900001103058457,0.13219998800195754,0.09919999865815043,True,4328.949606797933
ECC+ChaCha20,5000,1,2416,0.026599998818710446,0.12570001126732677,0.0990999978967011,True,4328.949606797933
ECC+ChaCha20,5000,1,2417,0.02649999805726111,0.12569999671541154,0.19099999917671084,True,4328.949606797933
ECC+ChaCha20,5000,1,2418,0.04169999738223851,0.15440001152455807,0.17349999689031392,True,4328.949606797933
ECC+ChaCha20,5000,1,2419,0.032199997804127634,0.13549999857787043,0.1019000046653673,True,4328.949606797933
ECC+ChaCha20,5000,1,2420,0.027600006433203816,0.1402000052621588,0.09900001168716699,True,4328.949606797933
ECC+ChaCha20,5000,1,2421,0.027799993404187262,0.12589999823831022,0.09819999104365706,True,4328.949606797933
ECC+ChaCha20,5000,1,2422,0.02710000262595713,0.1255999959539622,0.09730001329444349,True,4328.949606797933
ECC+ChaCha20,5000,1,2423,0.026599998818710446,0.12479998986236751,0.09750000026542693,True,4328.949606797933
ECC+ChaCha20,5000,1,2424,0.03409999771974981,0.14269999519456178,0.0999000039882958,True,4328.949606797933
ECC+ChaCha20,5000,1,2425,0.02750000567175448,0.12510000669863075,0.09799998952075839,True,4328.949606797933
ECC+ChaCha20,5000,1,2426,0.026900001103058457,0.1238999975612387,0.09669999417383224,True,4328.949606797933
ECC+ChaCha20,5000,1,2427,0.026699999580159783,0.12419999984558672,0.09709999721962959,True,4328.949606797933
ECC+ChaCha20,5000,1,2428,0.02710000262595713,0.1264000020455569,0.09689999569673091,True,4328.949606797933
ECC+ChaCha20,5000,1,2429,0.02649999805726111,0.12450000212993473,0.0965999934123829,True,4328.949606797933
ECC+ChaCha20,5000,1,2430,0.0261999957729131,0.12340000830590725,0.09650000720284879,True,4328.949606797933
ECC+ChaCha20,5000,1,2431,0.026699999580159783,0.13329999637790024,0.10379999002907425,True,4328.949606797933
ECC+ChaCha20,5000,1,2432,0.026399997295811772,0.122799989185296,0.09610000415705144,True,4328.949606797933
ECC+ChaCha20,5000,1,2433,0.026000008801929653,0.12379999679978937,0.09719999798107892,True,4328.949606797933
ECC+ChaCha20,5000,1,2434,0.02680000034160912,0.12399999832268804,0.09670000872574747,True,4328.949606797933
ECC+ChaCha20,5000,1,2435,0.026000008801929653,0.12280000373721123,0.09679999493528157,True,4328.949606797933
ECC+ChaCha20,5000,1,2436,0.025999994250014424,0.12409999908413738,0.09619999036658555,True,4328.949606797933
ECC+ChaCha20,5000,1,2437,0.026200010324828327,0.12400001287460327,0.09670000872574747,True,4328.949606797933
ECC+ChaCha20,5000,1,2438,0.02540000423323363,0.12250000145286322,0.09600000339560211,True,4328.949606797933
ECC+ChaCha20,5000,1,2439,0.026400011847727,0.12330000754445791,0.09690001024864614,True,4328.949606797933
ECC+ChaCha20,5000,1,2440,0.026200010324828327,0.14180000289343297,0.09799998952075839,True,4328.949606797933
ECC+ChaCha20,5000,1,2441,0.026900001103058457,0.1331000094069168,0.09719999798107892,True,4328.949606797933
ECC+ChaCha20,5000,1,2442,0.02609999501146376,0.12399999832268804,0.09710001177154481,True,4328.949606797933
ECC+ChaCha20,5000,1,2443,0.026299996534362435,0.12440000136848539,0.10049999400507659,True,4328.949606797933
ECC+ChaCha20,5000,1,2444,0.026400011847727,0.12330000754445791,0.09640000644139946,True,4328.949606797933
ECC+ChaCha20,5000,1,2445,0.02610000956337899,0.12319999223109335,0.09689999569673091,True,4328.949606797933
ECC+ChaCha20,5000,1,2446,0.026500012609176338,0.12409999908413738,0.09709999721962959,True,4328.949606797933
ECC+ChaCha20,5000,1,2447,0.026200010324828327,0.12340000830590725,0.09590000263415277,True,4328.949606797933
ECC+ChaCha20,5000,1,2448,0.026299996534362435,0.12430000060703605,0.09670000872574747,True,4328.949606797933
ECC+ChaCha20,5000,1,2449,0.0261999957729131,0.12319999223109335,0.09629999112803489,True,4328.949606797933
ECC+ChaCha20,5000,1,2450,0.026399997295811772,0.12260000221431255,0.09650000720284879,True,4328.949606797933
ECC+ChaCha20,5000,1,2451,0.026399997295811772,0.13279999257065356,0.09950000094249845,True,4328.949606797933
ECC+ChaCha20,5000,1,2452,0.025899993488565087,0.1238999975612387,0.09700001101009548,True,4328.949606797933
ECC+ChaCha20,5000,1,2453,0.025899993488565087,0.1235999952768907,0.09629999112803489,True,4328.949606797933
ECC+ChaCha20,5000,1,2454,0.04739999712910503,0.17169999773614109,0.10619999375194311,True,4328.949606797933
ECC+ChaCha20,5000,1,2455,0.03659998765215278,0.14990000636316836,0.10570000449661165,True,4328.949606797933
ECC+ChaCha20,5000,1,2456,0.028700000257231295,0.13000000035390258,0.0999000039882958,True,4328.949606797933
ECC+ChaCha20,5000,1,2457,0.02649999805726111,0.12480000441428274,0.09809999028220773,True,4328.949606797933
ECC+ChaCha20,5000,1,2458,0.02649999805726111,0.12510000669863075,0.09780000254977494,True,4328.949606797933
ECC+ChaCha20,5000,1,2459,0.02609999501146376,0.12419999984558672,0.09710001177154481,True,4328.949606797933
ECC+ChaCha20,5000,1,2460,0.026900001103058457,0.13809998927172273,0.10239999392069876,True,4328.949606797933
ECC+ChaCha20,5000,1,2461,0.02649999805726111,0.12409999908413738,0.09750000026542693,True,4328.949606797933
ECC+ChaCha20,5000,1,2462,0.02580000727903098,0.12340000830590725,0.09710001177154481,True,4328.949606797933
ECC+ChaCha20,5000,1,2463,0.026299996534362435,0.1230000052601099,0.09719999798107892,True,4328.949606797933
ECC+ChaCha20,5000,1,2464,0.025699991965666413,0.12280000373721123,0.0968000094871968,True,4328.949606797933
ECC+ChaCha20,5000,1,2465,0.02610000956337899,0.12370001059025526,0.09689999569673091,True,4328.949606797933
ECC+ChaCha20,5000,1,2466,0.0261999957729131,0.12440000136848539,0.09770000178832561,True,4328.949606797933
ECC+ChaCha20,5000,1,2467,0.02570000651758164,0.12390001211315393,0.09689999569673091,True,4328.949606797933
ECC+ChaCha20,5000,1,2468,0.026399997295811772,0.1238000113517046,0.09699999645818025,True,4328.949606797933
ECC+ChaCha20,5000,1,2469,0.026200010324828327,0.12310000602155924,0.09760000102687627,True,4328.949606797933
ECC+ChaCha20,5000,1,2470,0.026399997295811772,0.12759999663103372,0.09650000720284879,True,4328.949606797933
ECC+ChaCha20,5000,1,2471,0.025900008040480316,0.12290000449866056,0.09640000644139946,True,4328.949606797933
ECC+ChaCha20,5000,1,2472,0.026399997295811772,0.12409999908413738,0.0965999934123829,True,4328.949606797933
ECC+ChaCha20,5000,1,2473,0.025999994250014424,0.12339999375399202,0.09639999188948423,True,4328.949606797933
ECC+ChaCha20,5000,1,2474,0.02610000956337899,0.1238999975612387,0.09689999569673091,True,4328.949606797933
ECC+ChaCha20,5000,1,2475,0.025599991204217076,0.12310000602155924,0.09690001024864614,True,4328.949606797933
ECC+ChaCha20,5000,1,2476,0.025900008040480316,0.1252000074600801,0.09729999874252826,True,4328.949606797933
ECC+ChaCha20,5000,1,2477,0.025999994250014424,0.12260000221431255,0.09679999493528157,True,4328.949606797933
ECC+ChaCha20,5000,1,2478,0.02649999805726111,0.1247000036528334,0.09719999798107892,True,4328.949606797933
ECC+ChaCha20,5000,1,2479,0.02609999501146376,0.1235999952768907,0.0965999934123829,True,4328.949606797933
ECC+ChaCha20,5000,1,2480,0.02609999501146376,0.12889999197795987,0.09750000026542693,True,4328.949606797933
ECC+ChaCha20,5000,1,2481,0.02579999272711575,0.12329999299254268,0.09669999417383224,True,4328.949606797933
ECC+ChaCha20,5000,1,2482,0.025999994250014424,0.12369999603834003,0.0965999934123829,True,4328.949606797933
ECC+ChaCha20,5000,1,2483,0.02570000651758164,0.12310000602155924,0.09679999493528157,True,4328.949606797933
ECC+ChaCha20,5000,1,2484,0.025899993488565087,0.12310000602155924,0.09660000796429813,True,4328.949606797933
ECC+ChaCha20,5000,1,2485,0.025900008040480316,0.12369999603834003,0.09689999569673091,True,4328.949606797933
ECC+ChaCha20,5000,1,2486,0.025900008040480316,0.12339999375399202,0.09650000720284879,True,4328.949606797933
ECC+ChaCha20,5000,1,2487,0.02610000956337899,0.12670000432990491,0.09669999417383224,True,4328.949606797933
ECC+ChaCha20,5000,1,2488,0.025999994250014424,0.1238999975612387,0.09770000178832561,True,4328.949606797933
ECC+ChaCha20,5000,1,2489,0.025599991204217076,0.12280000373721123,0.09629999112803489,True,4328.949606797933
ECC+ChaCha20,5000,1,2490,0.025899993488565087,0.13349999790079892,0.09660000796429813,True,4328.949606797933
ECC+ChaCha20,5000,1,2491,0.02570000651758164,0.12680000509135425,0.09709999721962959,True,4328.949606797933
ECC+ChaCha20,5000,1,2492,0.0295999925583601,0.1326000055996701,0.09869999485090375,True,4328.949606797933
ECC+ChaCha20,5000,1,2493,0.02780000795610249,0.12670000432990491,0.09780000254977494,True,4328.949606797933
ECC+ChaCha20,5000,1,2494,0.026699999580159783,0.12459998833946884,0.09780000254977494,True,4328.949606797933
ECC+ChaCha20,5000,1,2495,0.026399997295811772,0.12430000060703605,0.09770000178832561,True,4328.949606797933
ECC+ChaCha20,5000,1,2496,0.025999994250014424,0.12339999375399202,0.09650000720284879,True,4328.949606797933
ECC+ChaCha20,5000,1,2497,0.026500012609176338,0.12490000517573208,0.09830000635702163,True,4328.949606797933
ECC+ChaCha20,5000,1,2498,0.027700007194653153,0.12709999282378703,0.09790000331122428,True,4328.949606797933
ECC+ChaCha20,5000,1,2499,0.02689998655114323,0.12540000898297876,0.0973999995039776,True,4328.949606797933
ECC+ChaCha20,5000,1,2500,0.025900008040480316,0.12460000289138407,0.09709999721962959,True,4328.949606797933
ECC+ChaCha20,5000,1,2501,0.02580000727903098,0.12419999984558672,0.09689999569673091,True,4328.949606797933
ECC+ChaCha20,5000,1,2502,0.02580000727903098,0.12399999832268804,0.09750000026542693,True,4328.949606797933
ECC+ChaCha20,5000,1,2503,0.0261999957729131,0.12399999832268804,0.09789998875930905,True,4328.949606797933
ECC+ChaCha20,5000,1,2504,0.02610000956337899,0.1244999875780195,0.09689999569673091,True,4328.949606797933
ECC+ChaCha20,5000,1,2505,0.025900008040480316,0.12320000678300858,0.0968000094871968,True,4328.949606797933
ECC+ChaCha20,5000,1,2506,0.02610000956337899,0.1238000113517046,0.09650000720284879,True,4328.949606797933
ECC+ChaCha20,5000,1,2507,0.026200010324828327,0.12250000145286322,0.09639999188948423,True,4328.949606797933
ECC+ChaCha20,5000,1,2508,0.026000008801929653,0.12290000449866056,0.09650000720284879,True,4328.949606797933
ECC+ChaCha20,5000,1,2509,0.026300011086277664,0.13000000035390258,0.09750000026542693,True,4328.949606797933
ECC+ChaCha20,5000,1,2510,0.026699999580159783,0.12530000822152942,0.09750000026542693,True,4328.949606797933
ECC+ChaCha20,5000,1,2511,0.02609999501146376,0.1238999975612387,0.0965999934123829,True,4328.949606797933
ECC+ChaCha20,5000,1,2512,0.026299996534362435,0.12390001211315393,0.09830000635702163,True,4328.949606797933
ECC+ChaCha20,5000,1,2513,0.02720000338740647,0.12339999375399202,0.0965999934123829,True,4328.949606797933
ECC+ChaCha20,5000,1,2514,0.025900008040480316,0.12419999984558672,0.09669999417383224,True,4328.949606797933
ECC+ChaCha20,5000,1,2515,0.025500004994682968,0.1238999975612387,0.09670000872574747,True,4328.949606797933
ECC+ChaCha20,5000,1,2516,0.02609999501146376,0.12399999832268804,0.09690001024864614,True,4328.949606797933
ECC+ChaCha20,5000,1,2517,0.02580000727903098,0.12339999375399202,0.09679999493528157,True,4328.949606797933
ECC+ChaCha20,5000,1,2518,0.0261999957729131,0.12480000441428274,0.09650000720284879,True,4328.949606797933
ECC+ChaCha20,5000,1,2519,0.026399997295811772,0.13040000339969993,0.09689999569673091,True,4328.949606797933
ECC+ChaCha20,5000,1,2520,0.026300011086277664,0.12330000754445791,0.09720001253299415,True,4328.949606797933
ECC+ChaCha20,5000,1,2521,0.025999994250014424,0.12310000602155924,0.09709999721962959,True,4328.949606797933
ECC+ChaCha20,5000,1,2522,0.025900008040480316,0.12349999451544136,0.09630000567995012,True,4328.949606797933
ECC+ChaCha20,5000,1,2523,0.025999994250014424,0.12479998986236751,0.09750000026542693,True,4328.949606797933
ECC+ChaCha20,5000,1,2524,0.025900008040480316,0.12430000060703605,0.09729999874252826,True,4328.949606797933
ECC+ChaCha20,5000,1,2525,0.025600005756132305,0.1230000052601099,0.09619999036658555,True,4328.949606797933
ECC+ChaCha20,5000,1,2526,0.02570000651758164,0.12349999451544136,0.0965999934123829,True,4328.949606797933
ECC+ChaCha20,5000,1,2527,0.02579999272711575,0.12260000221431255,0.0968000094871968,True,4328.949606797933
ECC+ChaCha20,5000,1,2528,0.025699991965666413,0.12329999299254268,0.09669999417383224,True,4328.949606797933
ECC+ChaCha20,5000,1,2529,0.02570000651758164,0.1326000055996701,0.09870000940281898,True,4328.949606797933
ECC+ChaCha20,5000,1,2530,0.026000008801929653,0.2886000002035871,0.10709998605307192,True,4328.949606797933
ECC+ChaCha20,5000,1,2531,0.030800001695752144,0.1297999988310039,0.09929999941959977,True,4328.949606797933
ECC+ChaCha20,5000,1,2532,0.02680000034160912,0.12569999671541154,0.09769998723641038,True,4328.949606797933
ECC+ChaCha20,5000,1,2533,0.0261999957729131,0.12369999603834003,0.09770000178832561,True,4328.949606797933
ECC+ChaCha20,5000,1,2534,0.026299996534362435,0.12419999984558672,0.0973999995039776,True,4328.949606797933
ECC+ChaCha20,5000,1,2535,0.02579999272711575,0.12539999443106353,0.09669999417383224,True,4328.949606797933
ECC+ChaCha20,5000,1,2536,0.02680000034160912,0.12450000212993473,0.09700001101009548,True,4328.949606797933
ECC+ChaCha20,5000,1,2537,0.026300011086277664,0.12390001211315393,0.09699999645818025,True,4328.949606797933
ECC+ChaCha20,5000,1,2538,0.025699991965666413,0.12349999451544136,0.09590000263415277,True,4328.949606797933
ECC+ChaCha20,5000,1,2539,0.02579999272711575,0.1238999975612387,0.09709999721962959,True,4328.949606797933
ECC+ChaCha20,5000,1,2540,0.02609999501146376,0.12339999375399202,0.09679999493528157,True,4328.949606797933
ECC+ChaCha20,5000,1,2541,0.025999994250014424,0.1238999975612387,0.09700001101009548,True,4328.949606797933
ECC+ChaCha20,5000,1,2542,0.0261999957729131,0.12479998986236751,0.0965999934123829,True,4328.949606797933
ECC+ChaCha20,5000,1,2543,0.025900008040480316,0.12370001059025526,0.0965999934123829,True,4328.949606797933
ECC+ChaCha20,5000,1,2544,0.026300011086277664,0.12440000136848539,0.09719999798107892,True,4328.949606797933
ECC+ChaCha20,5000,1,2545,0.02609999501146376,0.12419999984558672,0.0968000094871968,True,4328.949606797933
ECC+ChaCha20,5000,1,2546,0.025599991204217076,0.12320000678300858,0.09729999874252826,True,4328.949606797933
ECC+ChaCha20,5000,1,2547,0.026399997295811772,0.12390001211315393,0.09770000178832561,True,4328.949606797933
ECC+ChaCha20,5000,1,2548,0.02610000956337899,0.13410000246949494,0.09819999104365706,True,4328.949606797933
ECC+ChaCha20,5000,1,2549,0.02649999805726111,0.12440000136848539,0.09750000026542693,True,4328.949606797933
ECC+ChaCha20,5000,1,2550,0.026699999580159783,0.12400001287460327,0.09670000872574747,True,4328.949606797933
ECC+ChaCha20,5000,1,2551,0.025999994250014424,0.12369999603834003,0.09689999569673091,True,4328.949606797933
ECC+ChaCha20,5000,1,2552,0.026200010324828327,0.12390001211315393,0.09709999721962959,True,4328.949606797933
ECC+ChaCha20,5000,1,2553,0.025999994250014424,0.12320000678300858,0.09679999493528157,True,4328.949606797933
ECC+ChaCha20,5000,1,2554,0.026000008801929653,0.12430000060703605,0.09950000094249845,True,4328.949606797933
ECC+ChaCha20,5000,1,2555,0.026599998818710446,0.12599999899975955,0.09609998960513622,True,4328.949606797933
ECC+ChaCha20,5000,1,2556,0.02610000956337899,0.12399999832268804,0.09669999417383224,True,4328.949606797933
ECC+ChaCha20,5000,1,2557,0.02579999272711575,0.12330000754445791,0.09689999569673091,True,4328.949606797933
ECC+ChaCha20,5000,1,2558,0.02609999501146376,0.1340000017080456,0.10200000542681664,True,4328.949606797933
ECC+ChaCha20,5000,1,2559,0.025899993488565087,0.1235999952768907,0.09639999188948423,True,4328.949606797933
ECC+ChaCha20,5000,1,2560,0.025399989681318402,0.12290000449866056,0.09610000415705144,True,4328.949606797933
ECC+ChaCha20,5000,1,2561,0.025599991204217076,0.12260000221431255,0.09750000026542693,True,4328.949606797933
ECC+ChaCha20,5000,1,2562,0.025900008040480316,0.12410001363605261,0.09679999493528157,True,4328.949606797933
ECC+ChaCha20,5000,1,2563,0.02570000651758164,0.12250000145286322,0.09689999569673091,True,4328.949606797933
ECC+ChaCha20,5000,1,2564,0.02579999272711575,0.16150000737980008,0.0999000039882958,True,4328.949606797933
ECC+ChaCha20,5000,1,2565,0.027299989596940577,0.12589999823831022,0.09809999028220773,True,4328.949606797933
ECC+ChaCha20,5000,1,2566,0.02570000651758164,0.12240000069141388,0.09799998952075839,True,4328.949606797933
ECC+ChaCha20,5000,1,2567,0.025900008040480316,0.12240000069141388,0.09649999265093356,True,4328.949606797933
ECC+ChaCha20,5000,1,2568,0.025999994250014424,0.13059999037068337,0.09669999417383224,True,4328.949606797933
ECC+ChaCha20,5000,1,2569,0.04959999932907522,0.12850000348407775,0.09719999798107892,True,4328.949606797933
ECC+ChaCha20,5000,1,2570,0.027699992642737925,0.12880000576842576,0.09940000018104911,True,4328.949606797933
ECC+ChaCha20,5000,1,2571,0.04749999789055437,0.15720000374130905,0.10299999848939478,True,4328.949606797933
ECC+ChaCha20,5000,1,2572,0.03819999983534217,0.13889999536331743,0.10040000779554248,True,4328.949606797933
ECC+ChaCha20,5000,1,2573,0.03169999399688095,0.13689999468624592,0.0982999918051064,True,4328.949606797933
ECC+ChaCha20,5000,1,2574,0.0278999941656366,0.1252999936696142,0.09760000102687627,True,4328.949606797933
ECC+ChaCha20,5000,1,2575,0.027399990358389914,0.12450000212993473,0.0973999995039776,True,4328.949606797933
ECC+ChaCha20,5000,1,2576,0.02720000338740647,0.12450000212993473,0.0968000094871968,True,4328.949606797933
ECC+ChaCha20,5000,1,2577,0.027399990358389914,0.1252999936696142,0.09719999798107892,True,4328.949606797933
ECC+ChaCha20,5000,1,2578,0.027000001864507794,0.12399999832268804,0.09670000872574747,True,4328.949606797933
ECC+ChaCha20,5000,1,2579,0.027000001864507794,0.12479998986236751,0.09689999569673091,True,4328.949606797933
ECC+ChaCha20,5000,1,2580,0.027000001864507794,0.12349999451544136,0.09689999569673091,True,4328.949606797933
ECC+ChaCha20,5000,1,2581,0.027700007194653153,0.12340000830590725,0.09700001101009548,True,4328.949606797933
ECC+ChaCha20,5000,1,2582,0.027000001864507794,0.12399999832268804,0.09699999645818025,True,4328.949606797933
ECC+ChaCha20,5000,1,2583,0.0281000102404505,0.12490000517573208,0.09690001024864614,True,4328.949606797933
ECC+ChaCha20,5000,1,2584,0.02750000567175448,0.12440000136848539,0.09700001101009548,True,4328.949606797933
ECC+ChaCha20,5000,1,2585,0.027700007194653153,0.13399998715613037,0.10069999552797526,True,4328.949606797933
ECC+ChaCha20,5000,1,2586,0.027600006433203816,0.12490000517573208,0.0968000094871968,True,4328.949606797933
ECC+ChaCha20,5000,1,2587,0.02750000567175448,0.12660000356845558,0.09679999493528157,True,4328.949606797933
ECC+ChaCha20,5000,1,2588,0.027299989596940577,0.1252000074600801,0.10099999781232327,True,4328.949606797933
ECC+ChaCha20,5000,1,2589,0.027599991881288588,0.12369999603834003,0.09729999874252826,True,4328.949606797933
ECC+ChaCha20,5000,1,2590,0.02680000034160912,0.12280000373721123,0.09649999265093356,True,4328.949606797933
ECC+ChaCha20,5000,1,2591,0.027399990358389914,0.12409999908413738,0.09669999417383224,True,4328.949606797933
ECC+ChaCha20,5000,1,2592,0.026900001103058457,0.12340000830590725,0.0968000094871968,True,4328.949606797933
ECC+ChaCha20,5000,1,2593,0.02720000338740647,0.1238999975612387,0.09660000796429813,True,4328.949606797933
ECC+ChaCha20,5000,1,2594,0.026900001103058457,0.12409999908413738,0.09660000796429813,True,4328.949606797933
ECC+ChaCha20,5000,1,2595,0.026999987312592566,0.12620000052265823,0.0965999934123829,True,4328.949606797933
ECC+ChaCha20,5000,1,2596,0.026699999580159783,0.122799989185296,0.09630000567995012,True,4328.949606797933
ECC+ChaCha20,5000,1,2597,0.027000001864507794,0.12379999679978937,0.09750000026542693,True,4328.949606797933
ECC+ChaCha20,5000,1,2598,0.0281000102404505,0.1250000059371814,0.09640000644139946,True,4328.949606797933
ECC+ChaCha20,5000,1,2599,0.028599999495781958,0.12450000212993473,0.09639999188948423,True,4328.949606797933
ECC+ChaCha20,5000,1,2600,0.028399997972883284,0.12390001211315393,0.09670000872574747,True,4328.949606797933
ECC+ChaCha20,5000,1,2601,0.029499991796910763,0.12379999679978937,0.09649999265093356,True,4328.949606797933
ECC+ChaCha20,5000,1,2602,0.02890000178012997,0.12310000602155924,0.0965999934123829,True,4328.949606797933
ECC+ChaCha20,5000,1,2603,0.028800001018680632,0.1235999952768907,0.09699999645818025,True,4328.949606797933
ECC+ChaCha20,5000,1,2604,0.0281000102404505,0.12370001059025526,0.09650000720284879,True,4328.949606797933
ECC+ChaCha20,5000,1,2605,0.02849999873433262,0.13000000035390258,0.09770000178832561,True,4328.949606797933
ECC+ChaCha20,5000,1,2606,0.02989999484270811,0.1306999911321327,0.10829999519046396,True,4328.949606797933
ECC+ChaCha20,5000,1,2607,0.029100003303028643,0.12659998901654035,0.09679999493528157,True,4328.949606797933
ECC+ChaCha20,5000,1,2608,0.029399991035461426,0.1247000036528334,0.09660000796429813,True,4328.949606797933
ECC+ChaCha20,5000,1,2609,0.030700000934302807,0.12969999806955457,0.09810000483412296,True,4328.949606797933
ECC+ChaCha20,5000,1,2610,0.028599999495781958,0.12569999671541154,0.09649999265093356,True,4328.949606797933
ECC+ChaCha20,5000,1,2611,0.028099995688535273,0.12579999747686088,0.09700001101009548,True,4328.949606797933
ECC+ChaCha20,5000,1,2612,0.027799993404187262,0.12349999451544136,0.09649999265093356,True,4328.949606797933
ECC+ChaCha20,5000,1,2613,0.027299989596940577,0.12360000982880592,0.09729999874252826,True,4328.949606797933
ECC+ChaCha20,5000,1,2614,0.0278999941656366,0.12399999832268804,0.09609998960513622,True,4328.949606797933
ECC+ChaCha20,5000,1,2615,0.027400004910305142,0.1351000100839883,0.10279999696649611,True,4328.949606797933
ECC+ChaCha20,5000,1,2616,0.028800001018680632,0.12430000060703605,0.09699999645818025,True,4328.949606797933
ECC+ChaCha20,5000,1,2617,0.027900008717551827,0.12330000754445791,0.09720001253299415,True,4328.949606797933
ECC+ChaCha20,5000,1,2618,0.027599991881288588,0.12460000289138407,0.09650000720284879,True,4328.949606797933
ECC+ChaCha20,5000,1,2619,0.029100003303028643,0.1277999981539324,0.09650000720284879,True,4328.949606797933
ECC+ChaCha20,5000,1,2620,0.028099995688535273,0.12489999062381685,0.09709999721962959,True,4328.949606797933
ECC+ChaCha20,5000,1,2621,0.028399997972883284,0.12369999603834003,0.09629999112803489,True,4328.949606797933
ECC+ChaCha20,5000,1,2622,0.028800001018680632,0.1244999875780195,0.09699999645818025,True,4328.949606797933
ECC+ChaCha20,5000,1,2623,0.028700000257231295,0.12419999984558672,0.09689999569673091,True,4328.949606797933
ECC+ChaCha20,5000,1,2624,0.028599999495781958,0.1247000036528334,0.09729999874252826,True,4328.949606797933
ECC+ChaCha20,5000,1,2625,0.02849999873433262,0.13509999553207308,0.10219999239780009,True,4328.949606797933
ECC+ChaCha20,5000,1,2626,0.027900008717551827,0.12430000060703605,0.09689999569673091,True,4328.949606797933
ECC+ChaCha20,5000,1,2627,0.028399997972883284,0.1255999959539622,0.09689999569673091,True,4328.949606797933
ECC+ChaCha20,5000,1,2628,0.027799993404187262,0.1238999975612387,0.0973999995039776,True,4328.949606797933
ECC+ChaCha20,5000,1,2629,0.02850001328624785,0.12560001050587744,0.09760000102687627,True,4328.949606797933
ECC+ChaCha20,5000,1,2630,0.02819999644998461,0.12440000136848539,0.09609998960513622,True,4328.949606797933
ECC+ChaCha20,5000,1,2631,0.028299997211433947,0.1247000036528334,0.09670000872574747,True,4328.949606797933
ECC+ChaCha20,5000,1,2632,0.02819999644998461,0.12499999138526618,0.09729999874252826,True,4328.949606797933
ECC+ChaCha20,5000,1,2633,0.027600006433203816,0.12460000289138407,0.09789998875930905,True,4328.949606797933
ECC+ChaCha20,5000,1,2634,0.027900008717551827,0.12419999984558672,0.09800000407267362,True,4328.949606797933
ECC+ChaCha20,5000,1,2635,0.02819999644998461,0.1348000077996403,0.10069999552797526,True,4328.949606797933
ECC+ChaCha20,5000,1,2636,0.027799993404187262,0.12480000441428274,0.0968000094871968,True,4328.949606797933
ECC+ChaCha20,5000,1,2637,0.027999994927085936,0.12419999984558672,0.09709999721962959,True,4328.949606797933
ECC+ChaCha20,5000,1,2638,0.0261999957729131,0.1230000052601099,0.09650000720284879,True,4328.949606797933
ECC+ChaCha20,5000,1,2639,0.026000008801929653,0.12340000830590725,0.09750000026542693,True,4328.949606797933
ECC+ChaCha20,5000,1,2640,0.025900008040480316,0.12409999908413738,0.09689999569673091,True,4328.949606797933
ECC+ChaCha20,5000,1,2641,0.025699991965666413,0.12280000373721123,0.09670000872574747,True,4328.949606797933
ECC+ChaCha20,5000,1,2642,0.025500004994682968,0.12289998994674534,0.0973999995039776,True,4328.949606797933
ECC+ChaCha20,5000,1,2643,0.02580000727903098,0.12360000982880592,0.09670000872574747,True,4328.949606797933
ECC+ChaCha20,5000,1,2644,0.0261999957729131,0.12430000060703605,0.09709999721962959,True,4328.949606797933
ECC+ChaCha20,5000,1,2645,0.027999994927085936,0.13679999392479658,0.10639999527484179,True,4328.949606797933
ECC+ChaCha20,5000,1,2646,0.026599998818710446,0.1252999936696142,0.09740001405589283,True,4328.949606797933
ECC+ChaCha20,5000,1,2647,0.027000001864507794,0.12539999443106353,0.0973999995039776,True,4328.949606797933
ECC+ChaCha20,5000,1,2648,0.025899993488565087,0.12430000060703605,0.09719999798107892,True,4328.949606797933
ECC+ChaCha20,5000,1,2649,0.025900008040480316,0.12350000906735659,0.09660000796429813,True,4328.949606797933
ECC+ChaCha20,5000,1,2650,0.0261999957729131,0.1235999952768907,0.0973999995039776,True,4328.949606797933
ECC+ChaCha20,5000,1,2651,0.025600005756132305,0.12590001279022545,0.09620000491850078,True,4328.949606797933
ECC+ChaCha20,5000,1,2652,0.025899993488565087,0.12280000373721123,0.09650000720284879,True,4328.949606797933
ECC+ChaCha20,5000,1,2653,0.025899993488565087,0.12409999908413738,0.09649999265093356,True,4328.949606797933
ECC+ChaCha20,5000,1,2654,0.02579999272711575,0.12290000449866056,0.09679999493528157,True,4328.949606797933
ECC+ChaCha20,5000,1,2655,0.025999994250014424,0.12660000356845558,0.09729999874252826,True,4328.949606797933
ECC+ChaCha20,5000,1,2656,0.025500004994682968,0.12260000221431255,0.09630000567995012,True,4328.949606797933
ECC+ChaCha20,5000,1,2657,0.02609999501146376,0.12430000060703605,0.09650000720284879,True,4328.949606797933
ECC+ChaCha20,5000,1,2658,0.025900008040480316,0.12430000060703605,0.09709999721962959,True,4328.949606797933
ECC+ChaCha20,5000,1,2659,0.02570000651758164,0.12240000069141388,0.09669999417383224,True,4328.949606797933
ECC+ChaCha20,5000,1,2660,0.02580000727903098,0.1238000113517046,0.09679999493528157,True,4328.949606797933
ECC+ChaCha20,5000,1,2661,0.02649999805726111,0.12409999908413738,0.09620000491850078,True,4328.949606797933
ECC+ChaCha20,5000,1,2662,0.025599991204217076,0.12409999908413738,0.09689999569673091,True,4328.949606797933
ECC+ChaCha20,5000,1,2663,0.025900008040480316,0.12400001287460327,0.09790000331122428,True,4328.949606797933
ECC+ChaCha20,5000,1,2664,0.025900008040480316,0.12239998613949865,0.09709999721962959,True,4328.949606797933
ECC+ChaCha20,5000,1,2665,0.025999994250014424,0.13380000018514693,0.09649999265093356,True,4328.949606797933
ECC+ChaCha20,5000,1,2666,0.026300011086277664,0.12270000297576189,0.09699999645818025,True,4328.949606797933
ECC+ChaCha20,5000,1,2667,0.02579999272711575,0.1235999952768907,0.09640000644139946,True,4328.949606797933
ECC+ChaCha20,5000,1,2668,0.026400011847727,0.1247000036528334,0.09759998647496104,True,4328.949606797933
ECC+ChaCha20,5000,1,2669,0.02609999501146376,0.1235999952768907,0.0965999934123829,True,4328.949606797933
ECC+ChaCha20,5000,1,2670,0.025900008040480316,0.1230000052601099,0.09669999417383224,True,4328.949606797933
ECC+ChaCha20,5000,1,2671,0.02570000651758164,0.12569999671541154,0.09810000483412296,True,4328.949606797933
ECC+ChaCha20,5000,1,2672,0.02609999501146376,0.12469998910091817,0.09679999493528157,True,4328.949606797933
ECC+ChaCha20,5000,1,2673,0.02570000651758164,0.12290000449866056,0.09669999417383224,True,4328.949606797933
ECC+ChaCha20,5000,1,2674,0.025999994250014424,0.12349999451544136,0.09790000331122428,True,4328.949606797933
ECC+ChaCha20,5000,1,2675,0.025999994250014424,0.13309999485500157,0.10009999095927924,True,4328.949606797933
ECC+ChaCha20,5000,1,2676,0.025699991965666413,0.12240000069141388,0.0973999995039776,True,4328.949606797933
ECC+ChaCha20,5000,1,2677,0.025900008040480316,0.12290000449866056,0.09629999112803489,True,4328.949606797933
ECC+ChaCha20,5000,1,2678,0.025899993488565087,0.12419999984558672,0.0965999934123829,True,4328.949606797933
ECC+ChaCha20,5000,1,2679,0.025699991965666413,0.12440000136848539,0.09619999036658555,True,4328.949606797933
ECC+ChaCha20,5000,1,2680,0.02579999272711575,0.1213000068673864,0.09640000644139946,True,4328.949606797933
ECC+ChaCha20,5000,1,2681,0.025899993488565087,0.12270000297576189,0.0968000094871968,True,4328.949606797933
ECC+ChaCha20,5000,1,2682,0.026000008801929653,0.12370001059025526,0.09660000796429813,True,4328.949606797933
ECC+ChaCha20,5000,1,2683,0.026400011847727,0.12650000280700624,0.09629999112803489,True,4328.949606797933
ECC+ChaCha20,5000,1,2684,0.028800001018680632,0.13129999570082873,0.09859999408945441,True,4328.949606797933
ECC+ChaCha20,5000,1,2685,0.02680000034160912,0.1348000077996403,0.10119999933522195,True,4328.949606797933
ECC+ChaCha20,5000,1,2686,0.026599998818710446,0.12460000289138407,0.09700001101009548,True,4328.949606797933
ECC+ChaCha20,5000,1,2687,0.026200010324828327,0.1382000045850873,0.09870000940281898,True,4328.949606797933
ECC+ChaCha20,5000,1,2688,0.027900008717551827,0.12730000889860094,0.09709999721962959,True,4328.949606797933
ECC+ChaCha20,5000,1,2689,0.026300011086277664,0.12450000212993473,0.09719999798107892,True,4328.949606797933
ECC+ChaCha20,5000,1,2690,0.0261999957729131,0.1238999975612387,0.09840000711847097,True,4328.949606797933
ECC+ChaCha20,5000,1,2691,0.026599998818710446,0.12419999984558672,0.09780000254977494,True,4328.949606797933
ECC+ChaCha20,5000,1,2692,0.025699991965666413,0.12320000678300858,0.09650000720284879,True,4328.949606797933
ECC+ChaCha20,5000,1,2693,0.02609999501146376,0.12309999146964401,0.09689999569673091,True,4328.949606797933
ECC+ChaCha20,5000,1,2694,0.02609999501146376,0.12399999832268804,0.09709999721962959,True,4328.949606797933
ECC+ChaCha20,5000,1,2695,0.026300011086277664,0.13359999866224825,0.09980000322684646,True,4328.949606797933
ECC+ChaCha20,5000,1,2696,0.026299996534362435,0.12309999146964401,0.09590000263415277,True,4328.949606797933
ECC+ChaCha20,5000,1,2697,0.0261999957729131,0.12399999832268804,0.0965999934123829,True,4328.949606797933
ECC+ChaCha20,5000,1,2698,0.026399997295811772,0.12319999223109335,0.09699999645818025,True,4328.949606797933
ECC+ChaCha20,5000,1,2699,0.025899993488565087,0.1235999952768907,0.09629999112803489,True,4328.949606797933
ECC+ChaCha20,5000,1,2700,0.02609999501146376,0.12469998910091817,0.09919999865815043,True,4328.949606797933
ECC+ChaCha20,5000,1,2701,0.02609999501146376,0.12319999223109335,0.0973999995039776,True,4328.949606797933
ECC+ChaCha20,5000,1,2702,0.026000008801929653,0.12330000754445791,0.09560000034980476,True,4328.949606797933
ECC+ChaCha20,5000,1,2703,0.026399997295811772,0.12250000145286322,0.09620000491850078,True,4328.949606797933
ECC+ChaCha20,5000,1,2704,0.026299996534362435,0.12399999832268804,0.0968000094871968,True,4328.949606797933
ECC+ChaCha20,5000,1,2705,0.026000008801929653,0.13349999790079892,0.10370000381954014,True,4328.949606797933
ECC+ChaCha20,5000,1,2706,0.02649999805726111,0.12439998681657016,0.0973999995039776,True,4328.949606797933
ECC+ChaCha20,5000,1,2707,0.026500012609176338,0.12540000898297876,0.0968000094871968,True,4328.949606797933
ECC+ChaCha20,5000,1,2708,0.02609999501146376,0.12349999451544136,0.09669999417383224,True,4328.949606797933
ECC+ChaCha20,5000,1,2709,0.025899993488565087,0.12260000221431255,0.09750000026542693,True,4328.949606797933
ECC+ChaCha20,5000,1,2710,0.025999994250014424,0.12289998994674534,0.09669999417383224,True,4328.949606797933
ECC+ChaCha20,5000,1,2711,0.026599998818710446,0.1238999975612387,0.09719999798107892,True,4328.949606797933
ECC+ChaCha20,5000,1,2712,0.02649999805726111,0.12450000212993473,0.09679999493528157,True,4328.949606797933
ECC+ChaCha20,5000,1,2713,0.025899993488565087,0.12280000373721123,0.09640000644139946,True,4328.949606797933
ECC+ChaCha20,5000,1,2714,0.02610000956337899,0.12510000669863075,0.09720001253299415,True,4328.949606797933
ECC+ChaCha20,5000,1,2715,0.026399997295811772,0.1399000029778108,0.09699999645818025,True,4328.949606797933
ECC+ChaCha20,5000,1,2716,0.0261999957729131,0.12309999146964401,0.09649999265093356,True,4328.949606797933
ECC+ChaCha20,5000,1,2717,0.026299996534362435,0.12399999832268804,0.09700001101009548,True,4328.949606797933
ECC+ChaCha20,5000,1,2718,0.02609999501146376,0.12399999832268804,0.09770000178832561,True,4328.949606797933
ECC+ChaCha20,5000,1,2719,0.02580000727903098,0.12199999764561653,0.09660000796429813,True,4328.949606797933
ECC+ChaCha20,5000,1,2720,0.025999994250014424,0.12299999070819467,0.09679999493528157,True,4328.949606797933
ECC+ChaCha20,5000,1,2721,0.02609999501146376,0.12319999223109335,0.0965999934123829,True,4328.949606797933
ECC+ChaCha20,5000,1,2722,0.026300011086277664,0.12310000602155924,0.09709999721962959,True,4328.949606797933
ECC+ChaCha20,5000,1,2723,0.030800001695752144,0.13210000179242343,0.09860000864136964,True,4328.949606797933
ECC+ChaCha20,5000,1,2724,0.026399997295811772,0.12539999443106353,0.09719999798107892,True,4328.949606797933
ECC+ChaCha20,5000,1,2725,0.02720000338740647,0.12659998901654035,0.09869999485090375,True,4328.949606797933
ECC+ChaCha20,5000,1,2726,0.0408000050811097,0.14910000027157366,0.10140000085812062,True,4328.949606797933
ECC+ChaCha20,5000,1,2727,0.031000003218650818,0.1289999927394092,0.09799998952075839,True,4328.949606797933
ECC+ChaCha20,5000,1,2728,0.026299996534362435,0.12499999138526618,0.09699999645818025,True,4328.949606797933
ECC+ChaCha20,5000,1,2729,0.025900008040480316,0.1252000074600801,0.09760000102687627,True,4328.949606797933
ECC+ChaCha20,5000,1,2730,0.02570000651758164,0.12379999679978937,0.09760000102687627,True,4328.949606797933
ECC+ChaCha20,5000,1,2731,0.025999994250014424,0.12450000212993473,0.09790000331122428,True,4328.949606797933
ECC+ChaCha20,5000,1,2732,0.025999994250014424,0.1345999917248264,0.10159998782910407,True,4328.949606797933
ECC+ChaCha20,5000,1,2733,0.026599998818710446,0.12499999138526618,0.09649999265093356,True,4328.949606797933
ECC+ChaCha20,5000,1,2734,0.026300011086277664,0.12330000754445791,0.09690001024864614,True,4328.949606797933
ECC+ChaCha20,5000,1,2735,0.026500012609176338,0.12450000212993473,0.09809999028220773,True,4328.949606797933
ECC+ChaCha20,5000,1,2736,0.02680000034160912,0.12589999823831022,0.09760000102687627,True,4328.949606797933
ECC+ChaCha20,5000,1,2737,0.02570000651758164,0.12309999146964401,0.09679999493528157,True,4328.949606797933
ECC+ChaCha20,5000,1,2738,0.02609999501146376,0.12569999671541154,0.09830000635702163,True,4328.949606797933
ECC+ChaCha20,5000,1,2739,0.02570000651758164,0.12369999603834003,0.0968000094871968,True,4328.949606797933
ECC+ChaCha20,5000,1,2740,0.025900008040480316,0.12419999984558672,0.0965999934123829,True,4328.949606797933
ECC+ChaCha20,5000,1,2741,0.0261999957729131,0.12419999984558672,0.09700001101009548,True,4328.949606797933
ECC+ChaCha20,5000,1,2742,0.02609999501146376,0.1328999933321029,0.09959998715203255,True,4328.949606797933
ECC+ChaCha20,5000,1,2743,0.02609999501146376,0.12489999062381685,0.09669999417383224,True,4328.949606797933
ECC+ChaCha20,5000,1,2744,0.026399997295811772,0.12310000602155924,0.09669999417383224,True,4328.949606797933
ECC+ChaCha20,5000,1,2745,0.02579999272711575,0.12399999832268804,0.09619999036658555,True,4328.949606797933
ECC+ChaCha20,5000,1,2746,0.02579999272711575,0.12349999451544136,0.09599998884368688,True,4328.949606797933
ECC+ChaCha20,5000,1,2747,0.025900008040480316,0.12369999603834003,0.09720001253299415,True,4328.949606797933
ECC+ChaCha20,5000,1,2748,0.026000008801929653,0.12310000602155924,0.09660000796429813,True,4328.949606797933
ECC+ChaCha20,5000,1,2749,0.025699991965666413,0.1230000052601099,0.09590000263415277,True,4328.949606797933
ECC+ChaCha20,5000,1,2750,0.02580000727903098,0.12240000069141388,0.09649999265093356,True,4328.949606797933
ECC+ChaCha20,5000,1,2751,0.02570000651758164,0.12340000830590725,0.0968000094871968,True,4328.949606797933
ECC+ChaCha20,5000,1,2752,0.025900008040480316,0.12280000373721123,0.09620000491850078,True,4328.949606797933
ECC+ChaCha20,5000,1,2753,0.025900008040480316,0.12309999146964401,0.09669999417383224,True,4328.949606797933
ECC+ChaCha20,5000,1,2754,0.025900008040480316,0.12439998681657016,0.09669999417383224,True,4328.949606797933
ECC+ChaCha20,5000,1,2755,0.025999994250014424,0.12329999299254268,0.09649999265093356,True,4328.949606797933
ECC+ChaCha20,5000,1,2756,0.026699999580159783,0.12319999223109335,0.09649999265093356,True,4328.949606797933
ECC+ChaCha20,5000,1,2757,0.02580000727903098,0.12320000678300858,0.0973999995039776,True,4328.949606797933
ECC+ChaCha20,5000,1,2758,0.026699999580159783,0.12369999603834003,0.09580000187270343,True,4328.949606797933
ECC+ChaCha20,5000,1,2759,0.026399997295811772,0.12299999070819467,0.09679999493528157,True,4328.949606797933
ECC+ChaCha20,5000,1,2760,0.05439999222289771,0.17220000154338777,0.10730000212788582,True,4328.949606797933
ECC+ChaCha20,5000,1,2761,0.03809999907389283,0.16260000120382756,0.10770000517368317,True,4328.949606797933
ECC+ChaCha20,5000,1,2762,0.03239999932702631,0.1331000094069168,0.10099999781232327,True,4328.949606797933
ECC+ChaCha20,5000,1,2763,0.03060000017285347,0.1331000094069168,0.09950000094249845,True,4328.949606797933
ECC+ChaCha20,5000,1,2764,0.029999995604157448,0.12830000196117908,0.09770000178832561,True,4328.949606797933
ECC+ChaCha20,5000,1,2765,0.027300004148855805,0.12620000052265823,0.09929999941959977,True,4328.949606797933
ECC+ChaCha20,5000,1,2766,0.02720000338740647,0.12700000661425292,0.09810000483412296,True,4328.949606797933
ECC+ChaCha20,5000,1,2767,0.027000001864507794,0.12429998605512083,0.0973999995039776,True,4328.949606797933
ECC+ChaCha20,5000,1,2768,0.026599998818710446,0.1255000097444281,0.09800000407267362,True,4328.949606797933
ECC+ChaCha20,5000,1,2769,0.02609999501146376,0.12430000060703605,0.09699999645818025,True,4328.949606797933
ECC+ChaCha20,5000,1,2770,0.027000001864507794,0.12440000136848539,0.09690001024864614,True,4328.949606797933
ECC+ChaCha20,5000,1,2771,0.025900008040480316,0.12430000060703605,0.09790000331122428,True,4328.949606797933
ECC+ChaCha20,5000,1,2772,0.026399997295811772,0.12369999603834003,0.09699999645818025,True,4328.949606797933
ECC+ChaCha20,5000,1,2773,0.026500012609176338,0.12370001059025526,0.09620000491850078,True,4328.949606797933
ECC+ChaCha20,5000,1,2774,0.025999994250014424,0.12450000212993473,0.09690001024864614,True,4328.949606797933
ECC+ChaCha20,5000,1,2775,0.025999994250014424,0.12460000289138407,0.09750000026542693,True,4328.949606797933
ECC+ChaCha20,5000,1,2776,0.025900008040480316,0.12399999832268804,0.09650000720284879,True,4328.949606797933
ECC+ChaCha20,5000,1,2777,0.026200010324828327,0.1252000074600801,0.09709999721962959,True,4328.949606797933
ECC+ChaCha20,5000,1,2778,0.026400011847727,0.12490000517573208,0.09670000872574747,True,4328.949606797933
ECC+ChaCha20,5000,1,2779,0.026299996534362435,0.13219998800195754,0.09709999721962959,True,4328.949606797933
ECC+ChaCha20,5000,1,2780,0.026000008801929653,0.12340000830590725,0.09720001253299415,True,4328.949606797933
ECC+ChaCha20,5000,1,2781,0.026299996534362435,0.12460000289138407,0.09650000720284879,True,4328.949606797933
ECC+ChaCha20,5000,1,2782,0.02610000956337899,0.12430000060703605,0.09750000026542693,True,4328.949606797933
ECC+ChaCha20,5000,1,2783,0.026299996534362435,0.12460000289138407,0.09719999798107892,True,4328.949606797933
ECC+ChaCha20,5000,1,2784,0.02580000727903098,0.12480000441428274,0.09679999493528157,True,4328.949606797933
ECC+ChaCha20,5000,1,2785,0.025899993488565087,0.12349999451544136,0.09669999417383224,True,4328.949606797933
ECC+ChaCha20,5000,1,2786,0.02649999805726111,0.12549999519251287,0.09750000026542693,True,4328.949606797933
ECC+ChaCha20,5000,1,2787,0.02610000956337899,0.12399999832268804,0.09620000491850078,True,4328.949606797933
ECC+ChaCha20,5000,1,2788,0.025900008040480316,0.1235999952768907,0.09640000644139946,True,4328.949606797933
ECC+ChaCha20,5000,1,2789,0.026200010324828327,0.1309000072069466,0.0968000094871968,True,4328.949606797933
ECC+ChaCha20,5000,1,2790,0.02570000651758164,0.12349999451544136,0.09689999569673091,True,4328.949606797933
ECC+ChaCha20,5000,1,2791,0.025699991965666413,0.1238999975612387,0.0965999934123829,True,4328.949606797933
ECC+ChaCha20,5000,1,2792,0.025999994250014424,0.12450000212993473,0.0968000094871968,True,4328.949606797933
ECC+ChaCha20,5000,1,2793,0.026200010324828327,0.12330000754445791,0.09660000796429813,True,4328.949606797933
ECC+ChaCha20,5000,1,2794,0.032199997804127634,0.1353999978164211,0.10050000855699182,True,4328.949606797933
ECC+ChaCha20,5000,1,2795,0.026599998818710446,0.1250000059371814,0.09780000254977494,True,4328.949606797933
ECC+ChaCha20,5000,1,2796,0.025999994250014424,0.1247000036528334,0.0985000078799203,True,4328.949606797933
ECC+ChaCha20,5000,1,2797,0.02579999272711575,0.1238999975612387,0.09679999493528157,True,4328.949606797933
ECC+ChaCha20,5000,1,2798,0.025999994250014424,0.12430000060703605,0.09689999569673091,True,4328.949606797933
ECC+ChaCha20,5000,1,2799,0.026500012609176338,0.12820000119972974,0.09699999645818025,True,4328.949606797933
ECC+ChaCha20,5000,1,2800,0.026200010324828327,0.12450000212993473,0.09649999265093356,True,4328.949606797933
ECC+ChaCha20,5000,1,2801,0.026599998818710446,0.12479998986236751,0.09699999645818025,True,4328.949606797933
ECC+ChaCha20,5000,1,2802,0.025699991965666413,0.12339999375399202,0.09699999645818025,True,4328.949606797933
ECC+ChaCha20,5000,1,2803,0.025600005756132305,0.12319999223109335,0.0965999934123829,True,4328.949606797933
ECC+ChaCha20,5000,1,2804,0.0261999957729131,0.12350000906735659,0.11490000179037452,True,4328.949606797933
ECC+ChaCha20,5000,1,2805,0.030400013201870024,0.1289000065298751,0.09810000483412296,True,4328.949606797933
ECC+ChaCha20,5000,1,2806,0.02649999805726111,0.12409999908413738,0.09740001405589283,True,4328.949606797933
ECC+ChaCha20,5000,1,2807,0.025599991204217076,0.12419999984558672,0.09660000796429813,True,4328.949606797933
ECC+ChaCha20,5000,1,2808,0.0261999957729131,0.1247000036528334,0.09699999645818025,True,4328.949606797933
ECC+ChaCha20,5000,1,2809,0.02609999501146376,0.13000000035390258,0.09689999569673091,True,4328.949606797933
ECC+ChaCha20,5000,1,2810,0.026400011847727,0.12399999832268804,0.09689999569673091,True,4328.949606797933
ECC+ChaCha20,5000,1,2811,0.026500012609176338,0.12360000982880592,0.09719999798107892,True,4328.949606797933
ECC+ChaCha20,5000,1,2812,0.025900008040480316,0.12399999832268804,0.09699999645818025,True,4328.949606797933
ECC+ChaCha20,5000,1,2813,0.02570000651758164,0.12360000982880592,0.09709999721962959,True,4328.949606797933
ECC+ChaCha20,5000,1,2814,0.025900008040480316,0.12330000754445791,0.09750000026542693,True,4328.949606797933
ECC+ChaCha20,5000,1,2815,0.026500012609176338,0.12409999908413738,0.09770000178832561,True,4328.949606797933
ECC+ChaCha20,5000,1,2816,0.02579999272711575,0.1238999975612387,0.09599998884368688,True,4328.949606797933
ECC+ChaCha20,5000,1,2817,0.02579999272711575,0.12430000060703605,0.09740001405589283,True,4328.949606797933
ECC+ChaCha20,5000,1,2818,0.02570000651758164,0.12379999679978937,0.09689999569673091,True,4328.949606797933
ECC+ChaCha20,5000,1,2819,0.02579999272711575,0.13059999037068337,0.09699999645818025,True,4328.949606797933
ECC+ChaCha20,5000,1,2820,0.025999994250014424,0.12419999984558672,0.09600000339560211,True,4328.949606797933
ECC+ChaCha20,5000,1,2821,0.025599991204217076,0.12329999299254268,0.0973999995039776,True,4328.949606797933
ECC+ChaCha20,5000,1,2822,0.025899993488565087,0.12369999603834003,0.09679999493528157,True,4328.949606797933
ECC+ChaCha20,5000,1,2823,0.02579999272711575,0.12309999146964401,0.0965999934123829,True,4328.949606797933
ECC+ChaCha20,5000,1,2824,0.02579999272711575,0.1235999952768907,0.09679999493528157,True,4328.949606797933
ECC+ChaCha20,5000,1,2825,0.02609999501146376,0.12399999832268804,0.09600000339560211,True,4328.949606797933
ECC+ChaCha20,5000,1,2826,0.026299996534362435,0.12340000830590725,0.09699999645818025,True,4328.949606797933
ECC+ChaCha20,5000,1,2827,0.025899993488565087,0.12280000373721123,0.09660000796429813,True,4328.949606797933
ECC+ChaCha20,5000,1,2828,0.02580000727903098,0.12349999451544136,0.09670000872574747,True,4328.949606797933
ECC+ChaCha20,5000,1,2829,0.02580000727903098,0.13359999866224825,0.09650000720284879,True,4328.949606797933
ECC+ChaCha20,5000,1,2830,0.02580000727903098,0.12320000678300858,0.09600000339560211,True,4328.949606797933
ECC+ChaCha20,5000,1,2831,0.02580000727903098,0.12259998766239733,0.09679999493528157,True,4328.949606797933
ECC+ChaCha20,5000,1,2832,0.0864000030560419,0.1328999933321029,0.09920001321006566,True,4328.949606797933
ECC+ChaCha20,5000,1,2833,0.027999994927085936,0.12849998893216252,0.09789998875930905,True,4328.949606797933
ECC+ChaCha20,5000,1,2834,0.026299996534362435,0.12409999908413738,0.09699999645818025,True,4328.949606797933
ECC+ChaCha20,5000,1,2835,0.026200010324828327,0.1238999975612387,0.09669999417383224,True,4328.949606797933
ECC+ChaCha20,5000,1,2836,0.026200010324828327,0.12379999679978937,0.09689999569673091,True,4328.949606797933
ECC+ChaCha20,5000,1,2837,0.0261999957729131,0.12329999299254268,0.09689999569673091,True,4328.949606797933
ECC+ChaCha20,5000,1,2838,0.026300011086277664,0.12409999908413738,0.10049999400507659,True,4328.949606797933
ECC+ChaCha20,5000,1,2839,0.026200010324828327,0.1292000088142231,0.09640000644139946,True,4328.949606797933
ECC+ChaCha20,5000,1,2840,0.02680000034160912,0.12480000441428274,0.10000000474974513,True,4328.949606797933
ECC+ChaCha20,5000,1,2841,0.0261999957729131,0.12379999679978937,0.09629999112803489,True,4328.949606797933
ECC+ChaCha20,5000,1,2842,0.02580000727903098,0.1235999952768907,0.09690001024864614,True,4328.949606797933
ECC+ChaCha20,5000,1,2843,0.02570000651758164,0.12350000906735659,0.09690001024864614,True,4328.949606797933
ECC+ChaCha20,5000,1,2844,0.025599991204217076,0.12280000373721123,0.09670000872574747,True,4328.949606797933
ECC+ChaCha20,5000,1,2845,0.025699991965666413,0.12280000373721123,0.09620000491850078,True,4328.949606797933
ECC+ChaCha20,5000,1,2846,0.025500004994682968,0.13839999155607074,0.09790000331122428,True,4328.949606797933
ECC+ChaCha20,5000,1,2847,0.02680000034160912,0.12479998986236751,0.09729999874252826,True,4328.949606797933
ECC+ChaCha20,5000,1,2848,0.02610000956337899,0.12370001059025526,0.09729999874252826,True,4328.949606797933
ECC+ChaCha20,5000,1,2849,0.0261999957729131,0.1345000055152923,0.10459999612066895,True,4328.949606797933
ECC+ChaCha20,5000,1,2850,0.026200010324828327,0.1250000059371814,0.09729999874252826,True,4328.949606797933
ECC+ChaCha20,5000,1,2851,0.025999994250014424,0.12329999299254268,0.09689999569673091,True,4328.949606797933
ECC+ChaCha20,5000,1,2852,0.0261999957729131,0.12329999299254268,0.09629999112803489,True,4328.949606797933
ECC+ChaCha20,5000,1,2853,0.02579999272711575,0.1238999975612387,0.09689999569673091,True,4328.949606797933
ECC+ChaCha20,5000,1,2854,0.02609999501146376,0.1235999952768907,0.09649999265093356,True,4328.949606797933
ECC+ChaCha20,5000,1,2855,0.026000008801929653,0.12320000678300858,0.09670000872574747,True,4328.949606797933
ECC+ChaCha20,5000,1,2856,0.025900008040480316,0.1238000113517046,0.09670000872574747,True,4328.949606797933
ECC+ChaCha20,5000,1,2857,0.025599991204217076,0.12260000221431255,0.09689999569673091,True,4328.949606797933
ECC+ChaCha20,5000,1,2858,0.02579999272711575,0.12349999451544136,0.09669999417383224,True,4328.949606797933
ECC+ChaCha20,5000,1,2859,0.025900008040480316,0.13010000111535192,0.10809999366756529,True,4328.949606797933
ECC+ChaCha20,5000,1,2860,0.025600005756132305,0.12400001287460327,0.09709999721962959,True,4328.949606797933
ECC+ChaCha20,5000,1,2861,0.02579999272711575,0.12299999070819467,0.09620000491850078,True,4328.949606797933
ECC+ChaCha20,5000,1,2862,0.02609999501146376,0.12399999832268804,0.09709999721962959,True,4328.949606797933
ECC+ChaCha20,5000,1,2863,0.02580000727903098,0.12350000906735659,0.0968000094871968,True,4328.949606797933
ECC+ChaCha20,5000,1,2864,0.02609999501146376,0.12260000221431255,0.09650000720284879,True,4328.949606797933
ECC+ChaCha20,5000,1,2865,0.025899993488565087,0.12270000297576189,0.0968000094871968,True,4328.949606797933
ECC+ChaCha20,5000,1,2866,0.025699991965666413,0.1221999991685152,0.09639999188948423,True,4328.949606797933
ECC+ChaCha20,5000,1,2867,0.02570000651758164,0.12250000145286322,0.09679999493528157,True,4328.949606797933
ECC+ChaCha20,5000,1,2868,0.02570000651758164,0.12310000602155924,0.09670000872574747,True,4328.949606797933
ECC+ChaCha20,5000,1,2869,0.026300011086277664,0.1328000071225688,0.10230000771116465,True,4328.949606797933
ECC+ChaCha20,5000,1,2870,0.026200010324828327,0.12310000602155924,0.0968000094871968,True,4328.949606797933
ECC+ChaCha20,5000,1,2871,0.026900001103058457,0.1255999959539622,0.09669999417383224,True,4328.949606797933
ECC+ChaCha20,5000,1,2872,0.026399997295811772,0.1238999975612387,0.09719999798107892,True,4328.949606797933
ECC+ChaCha20,5000,1,2873,0.02680000034160912,0.12539999443106353,0.0968000094871968,True,4328.949606797933
ECC+ChaCha20,5000,1,2874,0.026300011086277664,0.12430000060703605,0.09750000026542693,True,4328.949606797933
ECC+ChaCha20,5000,1,2875,0.02610000956337899,0.12530000822152942,0.0973999995039776,True,4328.949606797933
ECC+ChaCha20,5000,1,2876,0.02609999501146376,0.12430000060703605,0.09800000407267362,True,4328.949606797933
ECC+ChaCha20,5000,1,2877,0.025999994250014424,0.12360000982880592,0.09709999721962959,True,4328.949606797933
ECC+ChaCha20,5000,1,2878,0.02580000727903098,0.13339999713934958,0.10039999324362725,True,4328.949606797933
ECC+ChaCha20,5000,1,2879,0.02649999805726111,0.12510000669863075,0.09730001329444349,True,4328.949606797933
ECC+ChaCha20,5000,1,2880,0.02579999272711575,0.12229999992996454,0.09640000644139946,True,4328.949606797933
ECC+ChaCha20,5000,1,2881,0.02579999272711575,0.12270000297576189,0.09650000720284879,True,4328.949606797933
ECC+ChaCha20,5000,1,2882,0.02580000727903098,0.12310000602155924,0.0968000094871968,True,4328.949606797933
ECC+ChaCha20,5000,1,2883,0.02580000727903098,0.122799989185296,0.09669999417383224,True,4328.949606797933
ECC+ChaCha20,5000,1,2884,0.026300011086277664,0.12430000060703605,0.09699999645818025,True,4328.949606797933
ECC+ChaCha20,5000,1,2885,0.02579999272711575,0.12290000449866056,0.09689999569673091,True,4328.949606797933
ECC+ChaCha20,5000,1,2886,0.026200010324828327,0.12400001287460327,0.09719999798107892,True,4328.949606797933
ECC+ChaCha20,5000,1,2887,0.0261999957729131,0.12440000136848539,0.0973999995039776,True,4328.949606797933
ECC+ChaCha20,5000,1,2888,0.02609999501146376,0.1328000071225688,0.10180000390391797,True,4328.949606797933
ECC+ChaCha20,5000,1,2889,0.025999994250014424,0.12419999984558672,0.09610000415705144,True,4328.949606797933
ECC+ChaCha20,5000,1,2890,0.02570000651758164,0.122799989185296,0.09610000415705144,True,4328.949606797933
ECC+ChaCha20,5000,1,2891,0.0261999957729131,0.12450000212993473,0.09660000796429813,True,4328.949606797933
ECC+ChaCha20,5000,1,2892,0.026000008801929653,0.1244999875780195,0.09709999721962959,True,4328.949606797933
ECC+ChaCha20,5000,1,2893,0.026299996534362435,0.12399999832268804,0.09830000635702163,True,4328.949606797933
ECC+ChaCha20,5000,1,2894,0.02609999501146376,0.12349999451544136,0.09649999265093356,True,4328.949606797933
ECC+ChaCha20,5000,1,2895,0.025899993488565087,0.12430000060703605,0.09669999417383224,True,4328.949606797933
ECC+ChaCha20,5000,1,2896,0.025900008040480316,0.12340000830590725,0.09640000644139946,True,4328.949606797933
ECC+ChaCha20,5000,1,2897,0.02580000727903098,0.1238999975612387,0.09760000102687627,True,4328.949606797933
ECC+ChaCha20,5000,1,2898,0.025900008040480316,0.12689999130088836,0.09619999036658555,True,4328.949606797933
ECC+ChaCha20,5000,1,2899,0.025600005756132305,0.12330000754445791,0.09630000567995012,True,4328.949606797933
ECC+ChaCha20,5000,1,2900,0.02580000727903098,0.12419999984558672,0.09830000635702163,True,4328.949606797933
ECC+ChaCha20,5000,1,2901,0.025600005756132305,0.12320000678300858,0.09620000491850078,True,4328.949606797933
ECC+ChaCha20,5000,1,2902,0.02580000727903098,0.12319999223109335,0.0973999995039776,True,4328.949606797933
ECC+ChaCha20,5000,1,2903,0.02579999272711575,0.12310000602155924,0.09610000415705144,True,4328.949606797933
ECC+ChaCha20,5000,1,2904,0.02609999501146376,0.12369999603834003,0.09679999493528157,True,4328.949606797933
ECC+ChaCha20,5000,1,2905,0.025899993488565087,0.12260000221431255,0.09620000491850078,True,4328.949606797933
ECC+ChaCha20,5000,1,2906,0.025999994250014424,0.12369999603834003,0.09620000491850078,True,4328.949606797933
ECC+ChaCha20,5000,1,2907,0.025600005756132305,0.1213000068673864,0.09650000720284879,True,4328.949606797933
ECC+ChaCha20,5000,1,2908,0.0261999957729131,0.13329999637790024,0.09890001092571765,True,4328.949606797933
ECC+ChaCha20,5000,1,2909,0.027699992642737925,0.12700000661425292,0.09689999569673091,True,4328.949606797933
ECC+ChaCha20,5000,1,2910,0.026299996534362435,0.12419999984558672,0.09770000178832561,True,4328.949606797933
ECC+ChaCha20,5000,1,2911,0.0261999957729131,0.12369999603834003,0.09700001101009548,True,4328.949606797933
ECC+ChaCha20,5000,1,2912,0.025899993488565087,0.12290000449866056,0.09660000796429813,True,4328.949606797933
ECC+ChaCha20,5000,1,2913,0.025999994250014424,0.12319999223109335,0.09689999569673091,True,4328.949606797933
ECC+ChaCha20,5000,1,2914,0.026300011086277664,0.12510000669863075,0.09740001405589283,True,4328.949606797933
ECC+ChaCha20,5000,1,2915,0.02609999501146376,0.1244999875780195,0.09830000635702163,True,4328.949606797933
ECC+ChaCha20,5000,1,2916,0.02610000956337899,0.12330000754445791,0.09750000026542693,True,4328.949606797933
ECC+ChaCha20,5000,1,2917,0.02610000956337899,0.12409999908413738,0.09790000331122428,True,4328.949606797933
ECC+ChaCha20,5000,1,2918,0.02710000262595713,0.12789999891538173,0.09719999798107892,True,4328.949606797933
ECC+ChaCha20,5000,1,2919,0.02610000956337899,0.12270000297576189,0.09679999493528157,True,4328.949606797933
ECC+ChaCha20,5000,1,2920,0.025600005756132305,0.12310000602155924,0.09610000415705144,True,4328.949606797933
ECC+ChaCha20,5000,1,2921,0.02580000727903098,0.12240000069141388,0.09689999569673091,True,4328.949606797933
ECC+ChaCha20,5000,1,2922,0.025699991965666413,0.12399999832268804,0.0965999934123829,True,4328.949606797933
ECC+ChaCha20,5000,1,2923,0.026299996534362435,0.12379999679978937,0.09689999569673091,True,4328.949606797933
ECC+ChaCha20,5000,1,2924,0.026599998818710446,0.12450000212993473,0.09679999493528157,True,4328.949606797933
ECC+ChaCha20,5000,1,2925,0.02579999272711575,0.12369999603834003,0.09689999569673091,True,4328.949606797933
ECC+ChaCha20,5000,1,2926,0.025599991204217076,0.1235999952768907,0.09699999645818025,True,4328.949606797933
ECC+ChaCha20,5000,1,2927,0.02580000727903098,0.122799989185296,0.09649999265093356,True,4328.949606797933
ECC+ChaCha20,5000,1,2928,0.02549999044276774,0.14970000484026968,0.09830000635702163,True,4328.949606797933
ECC+ChaCha20,5000,1,2929,0.027399990358389914,0.12320000678300858,0.09660000796429813,True,4328.949606797933
ECC+ChaCha20,5000,1,2930,0.02610000956337899,0.12369999603834003,0.0968000094871968,True,4328.949606797933
ECC+ChaCha20,5000,1,2931,0.026000008801929653,0.12340000830590725,0.09600000339560211,True,4328.949606797933
ECC+ChaCha20,5000,1,2932,0.02580000727903098,0.12289998994674534,0.09600000339560211,True,4328.949606797933
ECC+ChaCha20,5000,1,2933,0.025900008040480316,0.12339999375399202,0.09649999265093356,True,4328.949606797933
ECC+ChaCha20,5000,1,2934,0.02570000651758164,0.1221999991685152,0.09630000567995012,True,4328.949606797933
ECC+ChaCha20,5000,1,2935,0.02570000651758164,0.12399999832268804,0.09780000254977494,True,4328.949606797933
ECC+ChaCha20,5000,1,2936,0.026399997295811772,0.12399999832268804,0.09669999417383224,True,4328.949606797933
ECC+ChaCha20,5000,1,2937,0.02610000956337899,0.12310000602155924,0.09650000720284879,True,4328.949606797933
ECC+ChaCha20,5000,1,2938,0.026399997295811772,0.1331000094069168,0.09830000635702163,True,4328.949606797933
ECC+ChaCha20,5000,1,2939,0.02580000727903098,0.12319999223109335,0.09709999721962959,True,4328.949606797933
ECC+ChaCha20,5000,1,2940,0.025999994250014424,0.12369999603834003,0.09729999874252826,True,4328.949606797933
ECC+ChaCha20,5000,1,2941,0.025999994250014424,0.12259998766239733,0.09600000339560211,True,4328.949606797933
ECC+ChaCha20,5000,1,2942,0.02580000727903098,0.12280000373721123,0.09639999188948423,True,4328.949606797933
ECC+ChaCha20,5000,1,2943,0.02580000727903098,0.12240000069141388,0.09580000187270343,True,4328.949606797933
ECC+ChaCha20,5000,1,2944,0.025600005756132305,0.12269998842384666,0.09649999265093356,True,4328.949606797933
ECC+ChaCha20,5000,1,2945,0.026000008801929653,0.12320000678300858,0.0965999934123829,True,4328.949606797933
ECC+ChaCha20,5000,1,2946,0.02580000727903098,0.12260000221431255,0.09640000644139946,True,4328.949606797933
ECC+ChaCha20,5000,1,2947,0.025899993488565087,0.12199999764561653,0.0965999934123829,True,4328.949606797933
ECC+ChaCha20,5000,1,2948,0.054100004490464926,0.17439998919144273,0.10770000517368317,True,4328.949606797933
ECC+ChaCha20,5000,1,2949,0.04449998959898949,0.1635000080568716,0.10729998757597059,True,4328.949606797933
ECC+ChaCha20,5000,1,2950,0.030499999411404133,0.1314999972237274,0.10050000855699182,True,4328.949606797933
ECC+ChaCha20,5000,1,2951,0.027000001864507794,0.12599999899975955,0.09889999637380242,True,4328.949606797933
ECC+ChaCha20,5000,1,2952,0.0261999957729131,0.12570001126732677,0.09840000711847097,True,4328.949606797933
ECC+ChaCha20,5000,1,2953,0.026000008801929653,0.12349999451544136,0.0973999995039776,True,4328.949606797933
ECC+ChaCha20,5000,1,2954,0.026299996534362435,0.12409999908413738,0.0973999995039776,True,4328.949606797933
ECC+ChaCha20,5000,1,2955,0.02610000956337899,0.12409999908413738,0.09689999569673091,True,4328.949606797933
ECC+ChaCha20,5000,1,2956,0.026299996534362435,0.12539999443106353,0.09760000102687627,True,4328.949606797933
ECC+ChaCha20,5000,1,2957,0.026400011847727,0.12450000212993473,0.09779998799785972,True,4328.949606797933
ECC+ChaCha20,5000,1,2958,0.026400011847727,0.13130001025274396,0.09719999798107892,True,4328.949606797933
ECC+ChaCha20,5000,1,2959,0.026599998818710446,0.12409999908413738,0.09729999874252826,True,4328.949606797933
ECC+ChaCha20,5000,1,2960,0.025999994250014424,0.12329999299254268,0.09679999493528157,True,4328.949606797933
ECC+ChaCha20,5000,1,2961,0.02610000956337899,0.12530000822152942,0.09810000483412296,True,4328.949606797933
ECC+ChaCha20,5000,1,2962,0.026000008801929653,0.12360000982880592,0.09669999417383224,True,4328.949606797933
ECC+ChaCha20,5000,1,2963,0.026000008801929653,0.12430000060703605,0.09790000331122428,True,4328.949606797933
ECC+ChaCha20,5000,1,2964,0.026300011086277664,0.12450000212993473,0.09750000026542693,True,4328.949606797933
ECC+ChaCha20,5000,1,2965,0.025999994250014424,0.12309999146964401,0.09679999493528157,True,4328.949606797933
ECC+ChaCha20,5000,1,2966,0.026699999580159783,0.1250000059371814,0.09760000102687627,True,4328.949606797933
ECC+ChaCha20,5000,1,2967,0.025999994250014424,0.12460000289138407,0.09660000796429813,True,4328.949606797933
ECC+ChaCha20,5000,1,2968,0.026699999580159783,0.13610000314656645,0.09729999874252826,True,4328.949606797933
ECC+ChaCha20,5000,1,2969,0.026300011086277664,0.12490000517573208,0.09800000407267362,True,4328.949606797933
ECC+ChaCha20,5000,1,2970,0.02579999272711575,0.1269000058528036,0.09689999569673091,True,4328.949606797933
ECC+ChaCha20,5000,1,2971,0.02579999272711575,0.12289998994674534,0.09719999798107892,True,4328.949606797933
ECC+ChaCha20,5000,1,2972,0.02580000727903098,0.12460000289138407,0.09709999721962959,True,4328.949606797933
ECC+ChaCha20,5000,1,2973,0.02579999272711575,0.12290000449866056,0.09650000720284879,True,4328.949606797933
ECC+ChaCha20,5000,1,2974,0.025900008040480316,0.12379999679978937,0.09709999721962959,True,4328.949606797933
ECC+ChaCha20,5000,1,2975,0.02579999272711575,0.12229999992996454,0.09729999874252826,True,4328.949606797933
ECC+ChaCha20,5000,1,2976,0.02610000956337899,0.1821999903768301,0.10430000838823617,True,4328.949606797933
ECC+ChaCha20,5000,1,2977,0.03440000000409782,0.1390999968862161,0.10009999095927924,True,4328.949606797933
ECC+ChaCha20,5000,1,2978,0.02750000567175448,0.1260999997612089,0.0982999918051064,True,4328.949606797933
ECC+ChaCha20,5000,1,2979,0.02720000338740647,0.12599999899975955,0.09780000254977494,True,4328.949606797933
ECC+ChaCha20,5000,1,2980,0.025999994250014424,0.12440000136848539,0.09699999645818025,True,4328.949606797933
ECC+ChaCha20,5000,1,2981,0.02610000956337899,0.12480000441428274,0.09729999874252826,True,4328.949606797933
ECC+ChaCha20,5000,1,2982,0.026299996534362435,0.12419999984558672,0.09709999721962959,True,4328.949606797933
ECC+ChaCha20,5000,1,2983,0.027300004148855805,0.12660000356845558,0.09869999485090375,True,4328.949606797933
ECC+ChaCha20,5000,1,2984,0.0261999957729131,0.12489999062381685,0.09780000254977494,True,4328.949606797933
ECC+ChaCha20,5000,1,2985,0.02720000338740647,0.12679999053943902,0.09839999256655574,True,4328.949606797933
ECC+ChaCha20,5000,1,2986,0.02689998655114323,0.12350000906735659,0.0973999995039776,True,4328.949606797933
ECC+ChaCha20,5000,1,2987,0.026200010324828327,0.12460000289138407,0.09699999645818025,True,4328.949606797933
ECC+ChaCha20,5000,1,2988,0.02570000651758164,0.1238999975612387,0.09719999798107892,True,4328.949606797933
ECC+ChaCha20,5000,1,2989,0.025999994250014424,0.12409999908413738,0.10520000068936497,True,4328.949606797933
ECC+ChaCha20,5000,1,2990,0.02609999501146376,0.12310000602155924,0.09719999798107892,True,4328.949606797933
ECC+ChaCha20,5000,1,2991,0.025599991204217076,0.12340000830590725,0.09709999721962959,True,4328.949606797933
ECC+ChaCha20,5000,1,2992,0.031100003980100155,0.12499999138526618,0.09750000026542693,True,4328.949606797933
ECC+ChaCha20,5000,1,2993,0.026200010324828327,0.12370001059025526,0.09719999798107892,True,4328.949606797933
ECC+ChaCha20,5000,1,2994,0.02580000727903098,0.12319999223109335,0.10479999764356762,True,4328.949606797933
ECC+ChaCha20,5000,1,2995,0.02580000727903098,0.12339999375399202,0.09729999874252826,True,4328.949606797933
ECC+ChaCha20,5000,1,2996,0.025899993488565087,0.13420000323094428,0.10240000847261399,True,4328.949606797933
ECC+ChaCha20,5000,1,2997,0.025899993488565087,0.12889999197795987,0.09770000178832561,True,4328.949606797933
ECC+ChaCha20,5000,1,2998,0.025899993488565087,0.12310000602155924,0.09630000567995012,True,4328.949606797933
ECC+ChaCha20,5000,1,2999,0.02610000956337899,0.12480000441428274,0.10469999688211828,True,4328.949606797933
ECC+ChaCha20,5000,1,3000,0.026599998818710446,0.12589999823831022,0.09690001024864614,True,4328.949606797933
ECC+ChaCha20,5000,1,3001,0.025900008040480316,0.12620000052265823,0.09820000559557229,True,4328.949606797933
ECC+ChaCha20,5000,1,3002,0.026200010324828327,0.12930000957567245,0.09690001024864614,True,4328.949606797933
ECC+ChaCha20,5000,1,3003,0.02579999272711575,0.1235999952768907,0.09709999721962959,True,4328.949606797933
ECC+ChaCha20,5000,1,3004,0.025600005756132305,0.12419999984558672,0.0965999934123829,True,4328.949606797933
ECC+ChaCha20,5000,1,3005,0.026399997295811772,0.12350000906735659,0.09750000026542693,True,4328.949606797933
ECC+ChaCha20,5000,1,3006,0.02579999272711575,0.12910000805277377,0.09689999569673091,True,4328.949606797933
ECC+ChaCha20,5000,1,3007,0.025699991965666413,0.12929999502375722,0.09760000102687627,True,4328.949606797933
ECC+ChaCha20,5000,1,3008,0.025899993488565087,0.12409999908413738,0.09759998647496104,True,4328.949606797933
ECC+ChaCha20,5000,1,3009,0.02580000727903098,0.1230000052601099,0.09699999645818025,True,4328.949606797933
ECC+ChaCha20,5000,1,3010,0.026399997295811772,0.12329999299254268,0.09619999036658555,True,4328.949606797933
ECC+ChaCha20,5000,1,3011,0.025599991204217076,0.12399999832268804,0.09699999645818025,True,4328.949606797933
ECC+ChaCha20,5000,1,3012,0.02579999272711575,0.13129999570082873,0.09779998799785972,True,4328.949606797933
ECC+ChaCha20,5000,1,3013,0.0261999957729131,0.12440000136848539,0.0973999995039776,True,4328.949606797933
ECC+ChaCha20,5000,1,3014,0.025900008040480316,0.12339999375399202,0.0968000094871968,True,4328.949606797933
ECC+ChaCha20,5000,1,3015,0.026399997295811772,0.12379999679978937,0.09669999417383224,True,4328.949606797933
ECC+ChaCha20,5000,1,3016,0.025900008040480316,0.13299999409355223,0.10210000618826598,True,4328.949606797933
ECC+ChaCha20,5000,1,3017,0.029799994081258774,0.1407999952789396,0.21690000721719116,True,4328.949606797933
ECC+ChaCha20,5000,1,3018,0.03800001286435872,0.1466999965487048,0.10279999696649611,True,4328.949606797933
ECC+ChaCha20,5000,1,3019,0.03029999788850546,0.12740000966005027,0.09770000178832561,True,4328.949606797933
ECC+ChaCha20,5000,1,3020,0.026900001103058457,0.12489999062381685,0.09770000178832561,True,4328.949606797933
ECC+ChaCha20,5000,1,3021,0.026200010324828327,0.12450000212993473,0.09750000026542693,True,4328.949606797933
ECC+ChaCha20,5000,1,3022,0.02580000727903098,0.12540000898297876,0.09770000178832561,True,4328.949606797933
ECC+ChaCha20,5000,1,3023,0.025600005756132305,0.12379999679978937,0.09679999493528157,True,4328.949606797933
ECC+ChaCha20,5000,1,3024,0.02610000956337899,0.12350000906735659,0.09830000635702163,True,4328.949606797933
ECC+ChaCha20,5000,1,3025,0.02649999805726111,0.13479999324772507,0.09750000026542693,True,4328.949606797933
ECC+ChaCha20,5000,1,3026,0.02580000727903098,0.12350000906735659,0.09670000872574747,True,4328.949606797933
ECC+ChaCha20,5000,1,3027,0.026000008801929653,0.12430000060703605,0.09750000026542693,True,4328.949606797933
ECC+ChaCha20,5000,1,3028,0.025999994250014424,0.12399999832268804,0.09709999721962959,True,4328.949606797933
ECC+ChaCha20,5000,1,3029,0.025999994250014424,0.1250000059371814,0.09729999874252826,True,4328.949606797933
ECC+ChaCha20,5000,1,3030,0.026900001103058457,0.12509999214671552,0.09719999798107892,True,4328.949606797933
ECC+ChaCha20,5000,1,3031,0.026300011086277664,0.12560001050587744,0.09780000254977494,True,4328.949606797933
ECC+ChaCha20,5000,1,3032,0.025899993488565087,0.12460000289138407,0.09699999645818025,True,4328.949606797933
ECC+ChaCha20,5000,1,3033,0.02579999272711575,0.12579999747686088,0.09620000491850078,True,4328.949606797933
ECC+ChaCha20,5000,1,3034,0.02579999272711575,0.12329999299254268,0.09760000102687627,True,4328.949606797933
ECC+ChaCha20,5000,1,3035,0.026299996534362435,0.13349999790079892,0.09980000322684646,True,4328.949606797933
ECC+ChaCha20,5000,1,3036,0.025899993488565087,0.12339999375399202,0.0965999934123829,True,4328.949606797933
ECC+ChaCha20,5000,1,3037,0.025699991965666413,0.12369999603834003,0.09620000491850078,True,4328.949606797933
ECC+ChaCha20,5000,1,3038,0.02609999501146376,0.12409999908413738,0.09679999493528157,True,4328.949606797933
ECC+ChaCha20,5000,1,3039,0.025999994250014424,0.12419999984558672,0.0973999995039776,True,4328.949606797933
ECC+ChaCha20,5000,1,3040,0.025600005756132305,0.12330000754445791,0.09630000567995012,True,4328.949606797933
ECC+ChaCha20,5000,1,3041,0.025699991965666413,0.12419999984558672,0.09699999645818025,True,4328.949606797933
ECC+ChaCha20,5000,1,3042,0.025900008040480316,0.12350000906735659,0.09650000720284879,True,4328.949606797933
ECC+ChaCha20,5000,1,3043,0.026299996534362435,0.12409999908413738,0.09640000644139946,True,4328.949606797933
ECC+ChaCha20,5000,1,3044,0.025999994250014424,0.12299999070819467,0.09669999417383224,True,4328.949606797933
ECC+ChaCha20,5000,1,3045,0.02580000727903098,0.12229999992996454,0.09620000491850078,True,4328.949606797933
ECC+ChaCha20,5000,1,3046,0.025500004994682968,0.12390001211315393,0.09699999645818025,True,4328.949606797933
ECC+ChaCha20,5000,1,3047,0.02570000651758164,0.1230000052601099,0.09710001177154481,True,4328.949606797933
ECC+ChaCha20,5000,1,3048,0.025600005756132305,0.12229999992996454,0.09640000644139946,True,4328.949606797933
ECC+ChaCha20,5000,1,3049,0.026000008801929653,0.15950000670272857,0.10239999392069876,True,4328.949606797933
ECC+ChaCha20,5000,1,3050,0.028399997972883284,0.12670000432990491,0.09769998723641038,True,4328.949606797933
ECC+ChaCha20,5000,1,3051,0.02609999501146376,0.12339999375399202,0.09709999721962959,True,4328.949606797933
ECC+ChaCha20,5000,1,3052,0.02570000651758164,0.12240000069141388,0.09620000491850078,True,4328.949606797933
ECC+ChaCha20,5000,1,3053,0.025600005756132305,0.12280000373721123,0.09649999265093356,True,4328.949606797933
ECC+ChaCha20,5000,1,3054,0.025600005756132305,0.1238000113517046,0.09719999798107892,True,4328.949606797933
ECC+ChaCha20,5000,1,3055,0.02610000956337899,0.13350001245271415,0.09640000644139946,True,4328.949606797933
ECC+ChaCha20,5000,1,3056,0.027300004148855805,0.12769999739248306,0.09849999332800508,True,4328.949606797933
ECC+ChaCha20,5000,1,3057,0.026399997295811772,0.17800000205170363,0.10119999933522195,True,4328.949606797933
ECC+ChaCha20,5000,1,3058,0.027400004910305142,0.1255000097444281,0.09780000254977494,True,4328.949606797933
ECC+ChaCha20,5000,1,3059,0.02609999501146376,0.1247000036528334,0.09770000178832561,True,4328.949606797933
ECC+ChaCha20,5000,1,3060,0.02610000956337899,0.12350000906735659,0.09650000720284879,True,4328.949606797933
ECC+ChaCha20,5000,1,3061,0.02609999501146376,0.12280000373721123,0.09660000796429813,True,4328.949606797933
ECC+ChaCha20,5000,1,3062,0.025899993488565087,0.122799989185296,0.09750000026542693,True,4328.949606797933
ECC+ChaCha20,5000,1,3063,0.026399997295811772,0.12489999062381685,0.09770000178832561,True,4328.949606797933
ECC+ChaCha20,5000,1,3064,0.02580000727903098,0.12339999375399202,0.09699999645818025,True,4328.949606797933
ECC+ChaCha20,5000,1,3065,0.0261999957729131,0.1348999940091744,0.09679999493528157,True,4328.949606797933
ECC+ChaCha20,5000,1,3066,0.025999994250014424,0.12330000754445791,0.09630000567995012,True,4328.949606797933
ECC+ChaCha20,5000,1,3067,0.026000008801929653,0.12369999603834003,0.09800000407267362,True,4328.949606797933
ECC+ChaCha20,5000,1,3068,0.025899993488565087,0.122799989185296,0.0973999995039776,True,4328.949606797933
ECC+ChaCha20,5000,1,3069,0.026599998818710446,0.12440000136848539,0.09719999798107892,True,4328.949606797933
ECC+ChaCha20,5000,1,3070,0.02649999805726111,0.12270000297576189,0.09689999569673091,True,4328.949606797933
ECC+ChaCha20,5000,1,3071,0.02609999501146376,0.12369999603834003,0.09709999721962959,True,4328.949606797933
ECC+ChaCha20,5000,1,3072,0.0261999957729131,0.12229999992996454,0.09639999188948423,True,4328.949606797933
ECC+ChaCha20,5000,1,3073,0.025899993488565087,0.12440000136848539,0.09700001101009548,True,4328.949606797933
ECC+ChaCha20,5000,1,3074,0.02610000956337899,0.12349999451544136,0.09700001101009548,True,4328.949606797933
ECC+ChaCha20,5000,1,3075,0.0261999957729131,0.1345999917248264,0.0999000039882958,True,4328.949606797933
ECC+ChaCha20,5000,1,3076,0.026200010324828327,0.12329999299254268,0.09669999417383224,True,4328.949606797933
ECC+ChaCha20,5000,1,3077,0.026300011086277664,0.1230000052601099,0.09689999569673091,True,4328.949606797933
ECC+ChaCha20,5000,1,3078,0.025999994250014424,0.12280000373721123,0.09630000567995012,True,4328.949606797933
ECC+ChaCha20,5000,1,3079,0.026000008801929653,0.1235999952768907,0.09679999493528157,True,4328.949606797933
ECC+ChaCha20,5000,1,3080,0.02579999272711575,0.12369999603834003,0.09690001024864614,True,4328.949606797933
ECC+ChaCha20,5000,1,3081,0.025900008040480316,0.12460000289138407,0.0973999995039776,True,4328.949606797933
ECC+ChaCha20,5000,1,3082,0.026399997295811772,0.12290000449866056,0.09630000567995012,True,4328.949606797933
ECC+ChaCha20,5000,1,3083,0.0261999957729131,0.1235999952768907,0.09699999645818025,True,4328.949606797933
ECC+ChaCha20,5000,1,3084,0.025900008040480316,0.1230000052601099,0.09679999493528157,True,4328.949606797933
ECC+ChaCha20,5000,1,3085,0.02609999501146376,0.12430000060703605,0.09729999874252826,True,4328.949606797933
ECC+ChaCha20,5000,1,3086,0.02579999272711575,0.12320000678300858,0.0968000094871968,True,4328.949606797933
ECC+ChaCha20,5000,1,3087,0.02570000651758164,0.1238000113517046,0.09729999874252826,True,4328.949606797933
ECC+ChaCha20,5000,1,3088,0.02580000727903098,0.12369999603834003,0.09670000872574747,True,4328.949606797933
ECC+ChaCha20,5000,1,3089,0.02609999501146376,0.12319999223109335,0.09639999188948423,True,4328.949606797933
ECC+ChaCha20,5000,1,3090,0.02579999272711575,0.1379000023007393,0.09710001177154481,True,4328.949606797933
ECC+ChaCha20,5000,1,3091,0.02680000034160912,0.12289998994674534,0.09630000567995012,True,4328.949606797933
ECC+ChaCha20,5000,1,3092,0.025999994250014424,0.12369999603834003,0.09649999265093356,True,4328.949606797933
ECC+ChaCha20,5000,1,3093,0.026599998818710446,0.12490000517573208,0.09690001024864614,True,4328.949606797933
ECC+ChaCha20,5000,1,3094,0.025999994250014424,0.12299999070819467,0.10229999315924942,True,4328.949606797933
ECC+ChaCha20,5000,1,3095,0.026500012609176338,0.17830000433605164,0.10049999400507659,True,4328.949606797933
ECC+ChaCha20,5000,1,3096,0.031799994758330286,0.12959999730810523,0.0985000078799203,True,4328.949606797933
ECC+ChaCha20,5000,1,3097,0.029699993319809437,0.13380000018514693,0.09799998952075839,True,4328.949606797933
ECC+ChaCha20,5000,1,3098,0.02649999805726111,0.12589999823831022,0.14489999739453197,True,4328.949606797933
ECC+ChaCha20,5000,1,3099,0.030000010156072676,0.12870000500697643,0.09780000254977494,True,4328.949606797933
ECC+ChaCha20,5000,1,3100,0.026599998818710446,0.12430000060703605,0.09800000407267362,True,4328.949606797933
ECC+ChaCha20,5000,1,3101,0.026000008801929653,0.12330000754445791,0.0973999995039776,True,4328.949606797933
ECC+ChaCha20,5000,1,3102,0.026399997295811772,0.12430000060703605,0.09790000331122428,True,4328.949606797933
ECC+ChaCha20,5000,1,3103,0.026399997295811772,0.12339999375399202,0.0965999934123829,True,4328.949606797933
ECC+ChaCha20,5000,1,3104,0.026399997295811772,0.1340000017080456,0.10320000001229346,True,4328.949606797933
ECC+ChaCha20,5000,1,3105,0.02579999272711575,0.12369999603834003,0.0965999934123829,True,4328.949606797933
ECC+ChaCha20,5000,1,3106,0.02570000651758164,0.12200001219753176,0.09649999265093356,True,4328.949606797933
ECC+ChaCha20,5000,1,3107,0.0261999957729131,0.12480000441428274,0.09810000483412296,True,4328.949606797933
ECC+ChaCha20,5000,1,3108,0.02580000727903098,0.12370001059025526,0.09650000720284879,True,4328.949606797933
ECC+ChaCha20,5000,1,3109,0.02609999501146376,0.12290000449866056,0.09709999721962959,True,4328.949606797933
ECC+ChaCha20,5000,1,3110,0.025699991965666413,0.1238999975612387,0.09639999188948423,True,4328.949606797933
ECC+ChaCha20,5000,1,3111,0.02609999501146376,0.1238999975612387,0.09799998952075839,True,4328.949606797933
ECC+ChaCha20,5000,1,3112,0.025999994250014424,0.1235999952768907,0.09669999417383224,True,4328.949606797933
ECC+ChaCha20,5000,1,3113,0.02610000956337899,0.12350000906735659,0.09719999798107892,True,4328.949606797933
ECC+ChaCha20,5000,1,3114,0.02610000956337899,0.12830000196117908,0.09669999417383224,True,4328.949606797933
ECC+ChaCha20,5000,1,3115,0.026200010324828327,0.12340000830590725,0.09710001177154481,True,4328.949606797933
ECC+ChaCha20,5000,1,3116,0.02609999501146376,0.12309999146964401,0.09639999188948423,True,4328.949606797933
ECC+ChaCha20,5000,1,3117,0.025899993488565087,0.12339999375399202,0.09629999112803489,True,4328.949606797933
ECC+ChaCha20,5000,1,3118,0.025600005756132305,0.12260000221431255,0.09699999645818025,True,4328.949606797933
ECC+ChaCha20,5000,1,3119,0.025899993488565087,0.12440000136848539,0.09699999645818025,True,4328.949606797933
ECC+ChaCha20,5000,1,3120,0.026300011086277664,0.12430000060703605,0.09649999265093356,True,4328.949606797933
ECC+ChaCha20,5000,1,3121,0.0261999957729131,0.12409999908413738,0.0968000094871968,True,4328.949606797933
ECC+ChaCha20,5000,1,3122,0.025900008040480316,0.12260000221431255,0.09669999417383224,True,4328.949606797933
ECC+ChaCha20,5000,1,3123,0.02570000651758164,0.12310000602155924,0.09710001177154481,True,4328.949606797933
ECC+ChaCha20,5000,1,3124,0.0261999957729131,0.13469999248627573,0.09660000796429813,True,4328.949606797933
ECC+ChaCha20,5000,1,3125,0.02580000727903098,0.12269998842384666,0.09620000491850078,True,4328.949606797933
ECC+ChaCha20,5000,1,3126,0.025500004994682968,0.12260000221431255,0.09750000026542693,True,4328.949606797933
ECC+ChaCha20,5000,1,3127,0.026299996534362435,0.12490000517573208,0.0973999995039776,True,4328.949606797933
ECC+ChaCha20,5000,1,3128,0.026399997295811772,0.12659998901654035,0.09950000094249845,True,4328.949606797933
ECC+ChaCha20,5000,1,3129,0.0261999957729131,0.13000000035390258,0.09810000483412296,True,4328.949606797933
ECC+ChaCha20,5000,1,3130,0.026400011847727,0.12370001059025526,0.09820000559557229,True,4328.949606797933
ECC+ChaCha20,5000,1,3131,0.025600005756132305,0.12340000830590725,0.09780000254977494,True,4328.949606797933
ECC+ChaCha20,5000,1,3132,0.025699991965666413,0.12299999070819467,0.09669999417383224,True,4328.949606797933
ECC+ChaCha20,5000,1,3133,0.02580000727903098,0.1238000113517046,0.09699999645818025,True,4328.949606797933
ECC+ChaCha20,5000,1,3134,0.047999987145885825,0.17129999469034374,0.10740000288933516,True,4328.949606797933
ECC+ChaCha20,5000,1,3135,0.04260000423528254,0.15659999917261302,0.10540000221226364,True,4328.949606797933
ECC+ChaCha20,5000,1,3136,0.04290000651963055,0.15920000441838056,0.10580000525806099,True,4328.949606797933
ECC+ChaCha20,5000,1,3137,0.04069998976774514,0.15589999384246767,0.10649999603629112,True,4328.949606797933
ECC+ChaCha20,5000,1,3138,0.029399991035461426,0.13020000187680125,0.09879999561235309,True,4328.949606797933
ECC+ChaCha20,5000,1,3139,0.027299989596940577,0.12510000669863075,0.09760000102687627,True,4328.949606797933
ECC+ChaCha20,5000,1,3140,0.02680000034160912,0.12320000678300858,0.09650000720284879,True,4328.949606797933
ECC+ChaCha20,5000,1,3141,0.026599998818710446,0.1221999991685152,0.09639999188948423,True,4328.949606797933
ECC+ChaCha20,5000,1,3142,0.026900001103058457,0.12310000602155924,0.09689999569673091,True,4328.949606797933
ECC+ChaCha20,5000,1,3143,0.027099988074041903,0.12280000373721123,0.09610000415705144,True,4328.949606797933
ECC+ChaCha20,5000,1,3144,0.026900001103058457,0.12260000221431255,0.09549999958835542,True,4328.949606797933
ECC+ChaCha20,5000,1,3145,0.026399997295811772,0.12229999992996454,0.09590000263415277,True,4328.949606797933
ECC+ChaCha20,5000,1,3146,0.02710000262595713,0.12440000136848539,0.09690001024864614,True,4328.949606797933
ECC+ChaCha20,5000,1,3147,0.026900001103058457,0.1235999952768907,0.0965999934123829,True,4328.949606797933
ECC+ChaCha20,5000,1,3148,0.02710000262595713,0.1238999975612387,0.09679999493528157,True,4328.949606797933
ECC+ChaCha20,5000,1,3149,0.026999987312592566,0.12399999832268804,0.09689999569673091,True,4328.949606797933
ECC+ChaCha20,5000,1,3150,0.026599998818710446,0.12290000449866056,0.09650000720284879,True,4328.949606797933
ECC+ChaCha20,5000,1,3151,0.026900001103058457,0.12329999299254268,0.09669999417383224,True,4328.949606797933
ECC+ChaCha20,5000,1,3152,0.026699999580159783,0.12270000297576189,0.09919999865815043,True,4328.949606797933
ECC+ChaCha20,5000,1,3153,0.02689998655114323,0.12250000145286322,0.09669999417383224,True,4328.949606797933
ECC+ChaCha20,5000,1,3154,0.02649999805726111,0.12240000069141388,0.09650000720284879,True,4328.949606797933
ECC+ChaCha20,5000,1,3155,0.026699999580159783,0.1230000052601099,0.09649999265093356,True,4328.949606797933
ECC+ChaCha20,5000,1,3156,0.026699999580159783,0.12280000373721123,0.09650000720284879,True,4328.949606797933
ECC+ChaCha20,5000,1,3157,0.027300004148855805,0.12419999984558672,0.09690001024864614,True,4328.949606797933
ECC+ChaCha20,5000,1,3158,0.027000001864507794,0.1238000113517046,0.09590000263415277,True,4328.949606797933
ECC+ChaCha20,5000,1,3159,0.026699999580159783,0.12309999146964401,0.09679999493528157,True,4328.949606797933
ECC+ChaCha20,5000,1,3160,0.026699999580159783,0.12159999459981918,0.09639999188948423,True,4328.949606797933
ECC+ChaCha20,5000,1,3161,0.026299996534362435,0.12450000212993473,0.09560000034980476,True,4328.949606797933
ECC+ChaCha20,5000,1,3162,0.026599998818710446,0.12369999603834003,0.09629999112803489,True,4328.949606797933
ECC+ChaCha20,5000,1,3163,0.026699999580159783,0.12250000145286322,0.09640000644139946,True,4328.949606797933
ECC+ChaCha20,5000,1,3164,0.02680000034160912,0.12339999375399202,0.09629999112803489,True,4328.949606797933
ECC+ChaCha20,5000,1,3165,0.02649999805726111,0.12290000449866056,0.09549999958835542,True,4328.949606797933
ECC+ChaCha20,5000,1,3166,0.02710000262595713,0.122799989185296,0.09580000187270343,True,4328.949606797933
ECC+ChaCha20,5000,1,3167,0.026200010324828327,0.12190001143608242,0.09650000720284879,True,4328.949606797933
ECC+ChaCha20,5000,1,3168,0.0261999957729131,0.12199999764561653,0.09619999036658555,True,4328.949606797933
ECC+ChaCha20,5000,1,3169,0.026399997295811772,0.1235999952768907,0.09630000567995012,True,4328.949606797933
ECC+ChaCha20,5000,1,3170,0.02649999805726111,0.12250000145286322,0.09630000567995012,True,4328.949606797933
ECC+ChaCha20,5000,1,3171,0.03399999695830047,0.1581999968038872,0.1036000030580908,True,4328.949606797933
ECC+ChaCha20,5000,1,3172,0.027600006433203816,0.1252999936696142,0.10010000551119447,True,4328.949606797933
ECC+ChaCha20,5000,1,3173,0.02719998883549124,0.12419999984558672,0.09689999569673091,True,4328.949606797933
ECC+ChaCha20,5000,1,3174,0.026600013370625675,0.12290000449866056,0.09789998875930905,True,4328.949606797933
ECC+ChaCha20,5000,1,3175,0.025999994250014424,0.12250000145286322,0.09709999721962959,True,4328.949606797933
ECC+ChaCha20,5000,1,3176,0.025500004994682968,0.12460000289138407,0.09679999493528157,True,4328.949606797933
ECC+ChaCha20,5000,1,3177,0.025999994250014424,0.12209999840706587,0.09630000567995012,True,4328.949606797933
ECC+ChaCha20,5000,1,3178,0.025900008040480316,0.1238999975612387,0.09640000644139946,True,4328.949606797933
ECC+ChaCha20,5000,1,3179,0.025899993488565087,0.12270000297576189,0.09630000567995012,True,4328.949606797933
ECC+ChaCha20,5000,1,3180,0.02609999501146376,0.1235999952768907,0.09689999569673091,True,4328.949606797933
ECC+ChaCha20,5000,1,3181,0.0261999957729131,0.13259999104775488,0.10239999392069876,True,4328.949606797933
ECC+ChaCha20,5000,1,3182,0.026300011086277664,0.12419999984558672,0.09750000026542693,True,4328.949606797933
ECC+ChaCha20,5000,1,3183,0.025600005756132305,0.12280000373721123,0.09630000567995012,True,4328.949606797933
ECC+ChaCha20,5000,1,3184,0.026200010324828327,0.12370001059025526,0.09590000263415277,True,4328.949606797933
ECC+ChaCha20,5000,1,3185,0.02649999805726111,0.12319999223109335,0.09689999569673091,True,4328.949606797933
ECC+ChaCha20,5000,1,3186,0.025999994250014424,0.12480000441428274,0.09699999645818025,True,4328.949606797933
ECC+ChaCha20,5000,1,3187,0.0261999957729131,0.1235999952768907,0.09679999493528157,True,4328.949606797933
ECC+ChaCha20,5000,1,3188,0.025900008040480316,0.122799989185296,0.09640000644139946,True,4328.949606797933
ECC+ChaCha20,5000,1,3189,0.0261999957729131,0.12399999832268804,0.0965999934123829,True,4328.949606797933
ECC+ChaCha20,5000,1,3190,0.026699999580159783,0.12379999679978937,0.09729999874252826,True,4328.949606797933
ECC+ChaCha20,5000,1,3191,0.0261999957729131,0.13089999265503138,0.09639999188948423,True,4328.949606797933
ECC+ChaCha20,5000,1,3192,0.025699991965666413,0.12340000830590725,0.09689999569673091,True,4328.949606797933
ECC+ChaCha20,5000,1,3193,0.025900008040480316,0.12679999053943902,0.09639999188948423,True,4328.949606797933
ECC+ChaCha20,5000,1,3194,0.02649999805726111,0.12460000289138407,0.09719999798107892,True,4328.949606797933
ECC+ChaCha20,5000,1,3195,0.026399997295811772,0.12349999451544136,0.09649999265093356,True,4328.949606797933
ECC+ChaCha20,5000,1,3196,0.02609999501146376,0.12369999603834003,0.09729999874252826,True,4328.949606797933
ECC+ChaCha20,5000,1,3197,0.026399997295811772,0.12379999679978937,0.0973999995039776,True,4328.949606797933
ECC+ChaCha20,5000,1,3198,0.026300011086277664,0.12280000373721123,0.0965999934123829,True,4328.949606797933
ECC+ChaCha20,5000,1,3199,0.02609999501146376,0.12319999223109335,0.09679999493528157,True,4328.949606797933
ECC+ChaCha20,5000,1,3200,0.026400011847727,0.12360000982880592,0.09660000796429813,True,4328.949606797933
ECC+ChaCha20,5000,1,3201,0.02720000338740647,0.13470000703819096,0.09769998723641038,True,4328.949606797933
ECC+ChaCha20,5000,1,3202,0.026299996534362435,0.12379999679978937,0.09600000339560211,True,4328.949606797933
ECC+ChaCha20,5000,1,3203,0.026699999580159783,0.12179999612271786,0.09669999417383224,True,4328.949606797933
ECC+ChaCha20,5000,1,3204,0.025999994250014424,0.1235999952768907,0.0973999995039776,True,4328.949606797933
ECC+ChaCha20,5000,1,3205,0.025999994250014424,0.122799989185296,0.09679999493528157,True,4328.949606797933
ECC+ChaCha20,5000,1,3206,0.02549999044276774,0.12229999992996454,0.09709999721962959,True,4328.949606797933
ECC+ChaCha20,5000,1,3207,0.026299996534362435,0.12280000373721123,0.09650000720284879,True,4328.949606797933
ECC+ChaCha20,5000,1,3208,0.025300003471784294,0.12260000221431255,0.09610000415705144,True,4328.949606797933
ECC+ChaCha20,5000,1,3209,0.025899993488565087,0.1221999991685152,0.09629999112803489,True,4328.949606797933
ECC+ChaCha20,5000,1,3210,0.03860000288113952,0.14849999570287764,0.10410000686533749,True,4328.949606797933
ECC+ChaCha20,5000,1,3211,0.02819999644998461,0.14030000602360815,0.09879999561235309,True,4328.949606797933
ECC+ChaCha20,5000,1,3212,0.026900001103058457,0.12419999984558672,0.09720001253299415,True,4328.949606797933
ECC+ChaCha20,5000,1,3213,0.026900001103058457,0.12480000441428274,0.09720001253299415,True,4328.949606797933
ECC+ChaCha20,5000,1,3214,0.02680000034160912,0.12390001211315393,0.09709999721962959,True,4328.949606797933
ECC+ChaCha20,5000,1,3215,0.027300004148855805,0.12670000432990491,0.09720001253299415,True,4328.949606797933
ECC+ChaCha20,5000,1,3216,0.02680000034160912,0.12450000212993473,0.09670000872574747,True,4328.949606797933
ECC+ChaCha20,5000,1,3217,0.0261999957729131,0.12379999679978937,0.09700001101009548,True,4328.949606797933
ECC+ChaCha20,5000,1,3218,0.026400011847727,0.12480000441428274,0.0968000094871968,True,4328.949606797933
ECC+ChaCha20,5000,1,3219,0.025900008040480316,0.12399999832268804,0.09780000254977494,True,4328.949606797933
ECC+ChaCha20,5000,1,3220,0.02649999805726111,0.12579999747686088,0.09750000026542693,True,4328.949606797933
ECC+ChaCha20,5000,1,3221,0.026500012609176338,0.12310000602155924,0.09700001101009548,True,4328.949606797933
ECC+ChaCha20,5000,1,3222,0.026400011847727,0.12510000669863075,0.09710001177154481,True,4328.949606797933
ECC+ChaCha20,5000,1,3223,0.026299996534362435,0.12430000060703605,0.09770000178832561,True,4328.949606797933
ECC+ChaCha20,5000,1,3224,0.0261999957729131,0.12450000212993473,0.09719999798107892,True,4328.949606797933
ECC+ChaCha20,5000,1,3225,0.026399997295811772,0.12670000432990491,0.0968000094871968,True,4328.949606797933
ECC+ChaCha20,5000,1,3226,0.026399997295811772,0.12490000517573208,0.09760000102687627,True,4328.949606797933
ECC+ChaCha20,5000,1,3227,0.026900001103058457,0.12589999823831022,0.09729999874252826,True,4328.949606797933
ECC+ChaCha20,5000,1,3228,0.025999994250014424,0.12399999832268804,0.09689999569673091,True,4328.949606797933
ECC+ChaCha20,5000,1,3229,0.02570000651758164,0.12409999908413738,0.09729999874252826,True,4328.949606797933
ECC+ChaCha20,5000,1,3230,0.026399997295811772,0.13339999713934958,0.10229999315924942,True,4328.949606797933
ECC+ChaCha20,5000,1,3231,0.025999994250014424,0.12409999908413738,0.09780000254977494,True,4328.949606797933
ECC+ChaCha20,5000,1,3232,0.025699991965666413,0.12350000906735659,0.09760000102687627,True,4328.949606797933
ECC+ChaCha20,5000,1,3233,0.02570000651758164,0.12440000136848539,0.09649999265093356,True,4328.949606797933
ECC+ChaCha20,5000,1,3234,0.025999994250014424,0.12250000145286322,0.09719999798107892,True,4328.949606797933
ECC+ChaCha20,5000,1,3235,0.02570000651758164,0.12360000982880592,0.09700001101009548,True,4328.949606797933
ECC+ChaCha20,5000,1,3236,0.025599991204217076,0.12290000449866056,0.09670000872574747,True,4328.949606797933
ECC+ChaCha20,5000,1,3237,0.02579999272711575,0.12399999832268804,0.09709999721962959,True,4328.949606797933
ECC+ChaCha20,5000,1,3238,0.02580000727903098,0.1235999952768907,0.09660000796429813,True,4328.949606797933
ECC+ChaCha20,5000,1,3239,0.025699991965666413,0.12270000297576189,0.09630000567995012,True,4328.949606797933
ECC+ChaCha20,5000,1,3240,0.026299996534362435,0.12989999959245324,0.09629999112803489,True,4328.949606797933
ECC+ChaCha20,5000,1,3241,0.025999994250014424,0.12399999832268804,0.09699999645818025,True,4328.949606797933
ECC+ChaCha20,5000,1,3242,0.025600005756132305,0.12259998766239733,0.09669999417383224,True,4328.949606797933
ECC+ChaCha20,5000,1,3243,0.025699991965666413,0.12290000449866056,0.0968000094871968,True,4328.949606797933
ECC+ChaCha20,5000,1,3244,0.025699991965666413,0.12229999992996454,0.09620000491850078,True,4328.949606797933
ECC+ChaCha20,5000,1,3245,0.025500004994682968,0.12349999451544136,0.0965999934123829,True,4328.949606797933
ECC+ChaCha20,5000,1,3246,0.025600005756132305,0.12339999375399202,0.09669999417383224,True,4328.949606797933
ECC+ChaCha20,5000,1,3247,0.02579999272711575,0.12179999612271786,0.09669999417383224,True,4328.949606797933
ECC+ChaCha20,5000,1,3248,0.031199990189634264,0.13840000610798597,0.10189999011345208,True,4328.949606797933
ECC+ChaCha20,5000,1,3249,0.030199997127056122,0.13469999248627573,0.10149998706765473,True,4328.949606797933
ECC+ChaCha20,5000,1,3250,0.028099995688535273,0.13309999485500157,0.0990999978967011,True,4328.949606797933
ECC+ChaCha20,5000,1,3251,0.030099996365606785,0.12989999959245324,0.1007999962894246,True,4328.949606797933
ECC+ChaCha20,5000,1,3252,0.02819999644998461,0.13010000111535192,0.10089999705087394,True,4328.949606797933
ECC+ChaCha20,5000,1,3253,0.03060000017285347,0.1323000033153221,0.09889999637380242,True,4328.949606797933
ECC+ChaCha20,5000,1,3254,0.02780000795610249,0.12660000356845558,0.09700001101009548,True,4328.949606797933
ECC+ChaCha20,5000,1,3255,0.025999994250014424,0.12319999223109335,0.09679999493528157,True,4328.949606797933
ECC+ChaCha20,5000,1,3256,0.02610000956337899,0.12660000356845558,0.0965999934123829,True,4328.949606797933
ECC+ChaCha20,5000,1,3257,0.026299996534362435,0.12440000136848539,0.09640000644139946,True,4328.949606797933
ECC+ChaCha20,5000,1,3258,0.025699991965666413,0.12399999832268804,0.0968000094871968,True,4328.949606797933
ECC+ChaCha20,5000,1,3259,0.025899993488565087,0.13270000636111945,0.09810000483412296,True,4328.949606797933
ECC+ChaCha20,5000,1,3260,0.02549999044276774,0.12290000449866056,0.09650000720284879,True,4328.949606797933
ECC+ChaCha20,5000,1,3261,0.026200010324828327,0.12439998681657016,0.09649999265093356,True,4328.949606797933
ECC+ChaCha20,5000,1,3262,0.025899993488565087,0.12370001059025526,0.09699999645818025,True,4328.949606797933
ECC+ChaCha20,5000,1,3263,0.02580000727903098,0.12249998690094799,0.09610000415705144,True,4328.949606797933
ECC+ChaCha20,5000,1,3264,0.02609999501146376,0.12409999908413738,0.09660000796429813,True,4328.949606797933
ECC+ChaCha20,5000,1,3265,0.026299996534362435,0.12460000289138407,0.09690001024864614,True,4328.949606797933
ECC+ChaCha20,5000,1,3266,0.02570000651758164,0.12329999299254268,0.09719999798107892,True,4328.949606797933
ECC+ChaCha20,5000,1,3267,0.02570000651758164,0.12289998994674534,0.09649999265093356,True,4328.949606797933
ECC+ChaCha20,5000,1,3268,0.02580000727903098,0.12390001211315393,0.09660000796429813,True,4328.949606797933
ECC+ChaCha20,5000,1,3269,0.0261999957729131,0.12269998842384666,0.09620000491850078,True,4328.949606797933
ECC+ChaCha20,5000,1,3270,0.025600005756132305,0.1230000052601099,0.0965999934123829,True,4328.949606797933
ECC+ChaCha20,5000,1,3271,0.02570000651758164,0.12319999223109335,0.09689999569673091,True,4328.949606797933
ECC+ChaCha20,5000,1,3272,0.02580000727903098,0.12399999832268804,0.09600000339560211,True,4328.949606797933
ECC+ChaCha20,5000,1,3273,0.02570000651758164,0.12299999070819467,0.09620000491850078,True,4328.949606797933
ECC+ChaCha20,5000,1,3274,0.02609999501146376,0.1238999975612387,0.09689999569673091,True,4328.949606797933
ECC+ChaCha20,5000,1,3275,0.026300011086277664,0.12250000145286322,0.09669999417383224,True,4328.949606797933
ECC+ChaCha20,5000,1,3276,0.02579999272711575,0.12309999146964401,0.09640000644139946,True,4328.949606797933
ECC+ChaCha20,5000,1,3277,0.02580000727903098,0.12280000373721123,0.09670000872574747,True,4328.949606797933
ECC+ChaCha20,5000,1,3278,0.026399997295811772,0.1244999875780195,0.09669999417383224,True,4328.949606797933
ECC+ChaCha20,5000,1,3279,0.02609999501146376,0.13329999637790024,0.09729999874252826,True,4328.949606797933
ECC+ChaCha20,5000,1,3280,0.02579999272711575,0.12330000754445791,0.09719999798107892,True,4328.949606797933
ECC+ChaCha20,5000,1,3281,0.02580000727903098,0.12339999375399202,0.0965999934123829,True,4328.949606797933
ECC+ChaCha20,5000,1,3282,0.025699991965666413,0.1235999952768907,0.09729999874252826,True,4328.949606797933
ECC+ChaCha20,5000,1,3283,0.02580000727903098,0.12239998613949865,0.09679999493528157,True,4328.949606797933
ECC+ChaCha20,5000,1,3284,0.025999994250014424,0.12269998842384666,0.09679999493528157,True,4328.949606797933
ECC+ChaCha20,5000,1,3285,0.027300004148855805,0.12530000822152942,0.09790000331122428,True,4328.949606797933
ECC+ChaCha20,5000,1,3286,0.036900004488416016,0.1416000013705343,0.10040000779554248,True,4328.949606797933
ECC+ChaCha20,5000,1,3287,0.027999994927085936,0.12679999053943902,0.09779998799785972,True,4328.949606797933
ECC+ChaCha20,5000,1,3288,0.02680000034160912,0.13040000339969993,0.09760000102687627,True,4328.949606797933
ECC+ChaCha20,5000,1,3289,0.026699999580159783,0.12379999679978937,0.0968000094871968,True,4328.949606797933
ECC+ChaCha20,5000,1,3290,0.026200010324828327,0.12320000678300858,0.09610000415705144,True,4328.949606797933
ECC+ChaCha20,5000,1,3291,0.025899993488565087,0.12399999832268804,0.09690001024864614,True,4328.949606797933
ECC+ChaCha20,5000,1,3292,0.02680000034160912,0.12560001050587744,0.09750000026542693,True,4328.949606797933
ECC+ChaCha20,5000,1,3293,0.026300011086277664,0.1252000074600801,0.09770000178832561,True,4328.949606797933
ECC+ChaCha20,5000,1,3294,0.026300011086277664,0.1238999975612387,0.09760000102687627,True,4328.949606797933
ECC+ChaCha20,5000,1,3295,0.03409999771974981,0.13349999790079892,0.09870000940281898,True,4328.949606797933
ECC+ChaCha20,5000,1,3296,0.027400004910305142,0.1264000020455569,0.09779998799785972,True,4328.949606797933
ECC+ChaCha20,5000,1,3297,0.027399990358389914,0.12419999984558672,0.0982999918051064,True,4328.949606797933
ECC+ChaCha20,5000,1,3298,0.026299996534362435,0.12349999451544136,0.09719999798107892,True,4328.949606797933
ECC+ChaCha20,5000,1,3299,0.026399997295811772,0.12460000289138407,0.0973999995039776,True,4328.949606797933
ECC+ChaCha20,5000,1,3300,0.026200010324828327,0.12440000136848539,0.09699999645818025,True,4328.949606797933
ECC+ChaCha20,5000,1,3301,0.026600013370625675,0.12430000060703605,0.09689999569673091,True,4328.949606797933
ECC+ChaCha20,5000,1,3302,0.02649999805726111,0.12409999908413738,0.09679999493528157,True,4328.949606797933
ECC+ChaCha20,5000,1,3303,0.025900008040480316,0.1238999975612387,0.09610000415705144,True,4328.949606797933
ECC+ChaCha20,5000,1,3304,0.025899993488565087,0.12430000060703605,0.09610000415705144,True,4328.949606797933
ECC+ChaCha20,5000,1,3305,0.025599991204217076,0.12320000678300858,0.09600000339560211,True,4328.949606797933
ECC+ChaCha20,5000,1,3306,0.02609999501146376,0.12430000060703605,0.09660000796429813,True,4328.949606797933
ECC+ChaCha20,5000,1,3307,0.02610000956337899,0.1343000039923936,0.10110001312568784,True,4328.949606797933
ECC+ChaCha20,5000,1,3308,0.0261999957729131,0.12409999908413738,0.09599998884368688,True,4328.949606797933
ECC+ChaCha20,5000,1,3309,0.025899993488565087,0.12460000289138407,0.09689999569673091,True,4328.949606797933
ECC+ChaCha20,5000,1,3310,0.02570000651758164,0.12440000136848539,0.09679999493528157,True,4328.949606797933
ECC+ChaCha20,5000,1,3311,0.027400004910305142,0.1252000074600801,0.09689999569673091,True,4328.949606797933
ECC+ChaCha20,5000,1,3312,0.026200010324828327,0.1260999997612089,0.09780000254977494,True,4328.949606797933
ECC+ChaCha20,5000,1,3313,0.02580000727903098,0.12399999832268804,0.09780000254977494,True,4328.949606797933
ECC+ChaCha20,5000,1,3314,0.025999994250014424,0.12440000136848539,0.09729999874252826,True,4328.949606797933
ECC+ChaCha20,5000,1,3315,0.026699999580159783,0.12419999984558672,0.09700001101009548,True,4328.949606797933
ECC+ChaCha20,5000,1,3316,0.026699999580159783,0.12379999679978937,0.09779998799785972,True,4328.949606797933
ECC+ChaCha20,5000,1,3317,0.027000001864507794,0.13410000246949494,0.10000000474974513,True,4328.949606797933
ECC+ChaCha20,5000,1,3318,0.02610000956337899,0.122799989185296,0.0973999995039776,True,4328.949606797933
ECC+ChaCha20,5000,1,3319,0.02570000651758164,0.1235999952768907,0.09719999798107892,True,4328.949606797933
ECC+ChaCha20,5000,1,3320,0.026000008801929653,0.12689999130088836,0.09719999798107892,True,4328.949606797933
ECC+ChaCha20,5000,1,3321,0.026699999580159783,0.12379999679978937,0.09709999721962959,True,4328.949606797933
ECC+ChaCha20,5000,1,3322,0.026299996534362435,0.12310000602155924,0.09610000415705144,True,4328.949606797933
ECC+ChaCha20,5000,1,3323,0.025699991965666413,0.12440000136848539,0.09780000254977494,True,4328.949606797933
ECC+ChaCha20,5000,1,3324,0.03779999678954482,0.1483999949414283,0.10089999705087394,True,4328.949606797933
ECC+ChaCha20,5000,1,3325,0.028599999495781958,0.12850000348407775,0.09750000026542693,True,4328.949606797933
ECC+ChaCha20,5000,1,3326,0.026599998818710446,0.1340000017080456,0.102700010756962,True,4328.949606797933
ECC+ChaCha20,5000,1,3327,0.025899993488565087,0.12329999299254268,0.0965999934123829,True,4328.949606797933
ECC+ChaCha20,5000,1,3328,0.02609999501146376,0.12369999603834003,0.09709999721962959,True,4328.949606797933
ECC+ChaCha20,5000,1,3329,0.025999994250014424,0.12280000373721123,0.09590000263415277,True,4328.949606797933
ECC+ChaCha20,5000,1,3330,0.025999994250014424,0.12339999375399202,0.09709999721962959,True,4328.949606797933
ECC+ChaCha20,5000,1,3331,0.025699991965666413,0.15439999697264284,0.10029999248217791,True,4328.949606797933
ECC+ChaCha20,5000,1,3332,0.027600006433203816,0.12450000212993473,0.09709999721962959,True,4328.949606797933
ECC+ChaCha20,5000,1,3333,0.02649999805726111,0.12419999984558672,0.09750000026542693,True,4328.949606797933
ECC+ChaCha20,5000,1,3334,0.025999994250014424,0.12409999908413738,0.0968000094871968,True,4328.949606797933
ECC+ChaCha20,5000,1,3335,0.02580000727903098,0.12340000830590725,0.09690001024864614,True,4328.949606797933
ECC+ChaCha20,5000,1,3336,0.025899993488565087,0.12620000052265823,0.09619999036658555,True,4328.949606797933
ECC+ChaCha20,5000,1,3337,0.026000008801929653,0.12399999832268804,0.09709999721962959,True,4328.949606797933
ECC+ChaCha20,5000,1,3338,0.026399997295811772,0.12309999146964401,0.0965999934123829,True,4328.949606797933
ECC+ChaCha20,5000,1,3339,0.025600005756132305,0.12419999984558672,0.09679999493528157,True,4328.949606797933
ECC+ChaCha20,5000,1,3340,0.02580000727903098,0.1238999975612387,0.09620000491850078,True,4328.949606797933
ECC+ChaCha20,5000,1,3341,0.025500004994682968,0.12329999299254268,0.09699999645818025,True,4328.949606797933
ECC+ChaCha20,5000,1,3342,0.02570000651758164,0.1221999991685152,0.09600000339560211,True,4328.949606797933
ECC+ChaCha20,5000,1,3343,0.025599991204217076,0.12399999832268804,0.09649999265093356,True,4328.949606797933
ECC+ChaCha20,5000,1,3344,0.025999994250014424,0.12379999679978937,0.0973999995039776,True,4328.949606797933
ECC+ChaCha20,5000,1,3345,0.025500004994682968,0.12250000145286322,0.09600000339560211,True,4328.949606797933
ECC+ChaCha20,5000,1,3346,0.02580000727903098,0.1326000055996701,0.09629999112803489,True,4328.949606797933
ECC+ChaCha20,5000,1,3347,0.025999994250014424,0.12369999603834003,0.09719999798107892,True,4328.949606797933
ECC+ChaCha20,5000,1,3348,0.02649999805726111,0.12379999679978937,0.09670000872574747,True,4328.949606797933
ECC+ChaCha20,5000,1,3349,0.0261999957729131,0.1238999975612387,0.09729999874252826,True,4328.949606797933
ECC+ChaCha20,5000,1,3350,0.02570000651758164,0.12260000221431255,0.09610000415705144,True,4328.949606797933
ECC+ChaCha20,5000,1,3351,0.025600005756132305,0.12280000373721123,0.09639999188948423,True,4328.949606797933
ECC+ChaCha20,5000,1,3352,0.02609999501146376,0.12820000119972974,0.09640000644139946,True,4328.949606797933
ECC+ChaCha20,5000,1,3353,0.025600005756132305,0.12280000373721123,0.09650000720284879,True,4328.949606797933
ECC+ChaCha20,5000,1,3354,0.025899993488565087,0.12369999603834003,0.09639999188948423,True,4328.949606797933
ECC+ChaCha20,5000,1,3355,0.0261999957729131,0.12399999832268804,0.09729999874252826,True,4328.949606797933
ECC+ChaCha20,5000,1,3356,0.026399997295811772,0.13329999637790024,0.09810000483412296,True,4328.949606797933
ECC+ChaCha20,5000,1,3357,0.025600005756132305,0.12339999375399202,0.0965999934123829,True,4328.949606797933
ECC+ChaCha20,5000,1,3358,0.025300003471784294,0.12169999536126852,0.09589998808223754,True,4328.949606797933
ECC+ChaCha20,5000,1,3359,0.025500004994682968,0.12329999299254268,0.09639999188948423,True,4328.949606797933
ECC+ChaCha20,5000,1,3360,0.025899993488565087,0.12379999679978937,0.0965999934123829,True,4328.949606797933
ECC+ChaCha20,5000,1,3361,0.025899993488565087,0.12399999832268804,0.09689999569673091,True,4328.949606797933
ECC+ChaCha20,5000,1,3362,0.08199999865610152,0.19439999596215785,0.11430001177359372,True,4328.949606797933
ECC+ChaCha20,5000,1,3363,0.036299999919719994,0.14150000060908496,0.10309999925084412,True,4328.949606797933
ECC+ChaCha20,5000,1,3364,0.03290000313427299,0.15269999857991934,0.0982999918051064,True,4328.949606797933
ECC+ChaCha20,5000,1,3365,0.02680000034160912,0.12430000060703605,0.0973999995039776,True,4328.949606797933
ECC+ChaCha20,5000,1,3366,0.02649999805726111,0.12399999832268804,0.09790000331122428,True,4328.949606797933
ECC+ChaCha20,5000,1,3367,0.026300011086277664,0.12350000906735659,0.09780000254977494,True,4328.949606797933
ECC+ChaCha20,5000,1,3368,0.0278999941656366,0.12480000441428274,0.09840000711847097,True,4328.949606797933
ECC+ChaCha20,5000,1,3369,0.02720000338740647,0.12599999899975955,0.09780000254977494,True,4328.949606797933
ECC+ChaCha20,5000,1,3370,0.0281000102404505,0.12440000136848539,0.09729999874252826,True,4328.949606797933
ECC+ChaCha20,5000,1,3371,0.02750000567175448,0.12479998986236751,0.09750000026542693,True,4328.949606797933
ECC+ChaCha20,5000,1,3372,0.026699999580159783,0.1320000010309741,0.09780000254977494,True,4328.949606797933
ECC+ChaCha20,5000,1,3373,0.027300004148855805,0.12499999138526618,0.1033000007737428,True,4328.949606797933
ECC+ChaCha20,5000,1,3374,0.026900001103058457,0.12490000517573208,0.09770000178832561,True,4328.949606797933
ECC+ChaCha20,5000,1,3375,0.027400004910305142,0.12540000898297876,0.09780000254977494,True,4328.949606797933
ECC+ChaCha20,5000,1,3376,0.02750000567175448,0.1238000113517046,0.09679999493528157,True,4328.949606797933
ECC+ChaCha20,5000,1,3377,0.02680000034160912,0.12509999214671552,0.09819999104365706,True,4328.949606797933
ECC+ChaCha20,5000,1,3378,0.02649999805726111,0.12499999138526618,0.09760000102687627,True,4328.949606797933
ECC+ChaCha20,5000,1,3379,0.02710000262595713,0.12530000822152942,0.09790000331122428,True,4328.949606797933
ECC+ChaCha20,5000,1,3380,0.026300011086277664,0.13349999790079892,0.09750000026542693,True,4328.949606797933
ECC+ChaCha20,5000,1,3381,0.026600013370625675,0.12399999832268804,0.0973999995039776,True,4328.949606797933
ECC+ChaCha20,5000,1,3382,0.026699999580159783,0.12450000212993473,0.09790000331122428,True,4328.949606797933
ECC+ChaCha20,5000,1,3383,0.026200010324828327,0.12410001363605261,0.09869999485090375,True,4328.949606797933
ECC+ChaCha20,5000,1,3384,0.025999994250014424,0.12759999663103372,0.09699999645818025,True,4328.949606797933
ECC+ChaCha20,5000,1,3385,0.026500012609176338,0.12430000060703605,0.10119999933522195,True,4328.949606797933
ECC+ChaCha20,5000,1,3386,0.027000001864507794,0.12360000982880592,0.09729999874252826,True,4328.949606797933
ECC+ChaCha20,5000,1,3387,0.026299996534362435,0.12379999679978937,0.09670000872574747,True,4328.949606797933
ECC+ChaCha20,5000,1,3388,0.026000008801929653,0.13320001016836613,0.10320000001229346,True,4328.949606797933
ECC+ChaCha20,5000,1,3389,0.025299988919869065,0.12240000069141388,0.0965999934123829,True,4328.949606797933
ECC+ChaCha20,5000,1,3390,0.02609999501146376,0.12379999679978937,0.09649999265093356,True,4328.949606797933
ECC+ChaCha20,5000,1,3391,0.026399997295811772,0.1252999936696142,0.09699999645818025,True,4328.949606797933
ECC+ChaCha20,5000,1,3392,0.04359999729786068,0.14590000500902534,0.1016000023810193,True,4328.949606797933
ECC+ChaCha20,5000,1,3393,0.028399997972883284,0.12680000509135425,0.09799998952075839,True,4328.949606797933
ECC+ChaCha20,5000,1,3394,0.02680000034160912,0.12440000136848539,0.09799998952075839,True,4328.949606797933
ECC+ChaCha20,5000,1,3395,0.026699999580159783,0.1238999975612387,0.09649999265093356,True,4328.949606797933
ECC+ChaCha20,5000,1,3396,0.025999994250014424,0.12309999146964401,0.09649999265093356,True,4328.949606797933
ECC+ChaCha20,5000,1,3397,0.02579999272711575,0.12450000212993473,0.09669999417383224,True,4328.949606797933
ECC+ChaCha20,5000,1,3398,0.025900008040480316,0.12270000297576189,0.09719999798107892,True,4328.949606797933
ECC+ChaCha20,5000,1,3399,0.025599991204217076,0.12290000449866056,0.09630000567995012,True,4328.949606797933
ECC+ChaCha20,5000,1,3400,0.025599991204217076,0.12280000373721123,0.09650000720284879,True,4328.949606797933
ECC+ChaCha20,5000,1,3401,0.025699991965666413,0.12430000060703605,0.09629999112803489,True,4328.949606797933
ECC+ChaCha20,5000,1,3402,0.025600005756132305,0.12199999764561653,0.09640000644139946,True,4328.949606797933
ECC+ChaCha20,5000,1,3403,0.02540000423323363,0.12270000297576189,0.09689999569673091,True,4328.949606797933
ECC+ChaCha20,5000,1,3404,0.02540000423323363,0.12250000145286322,0.09610000415705144,True,4328.949606797933
ECC+ChaCha20,5000,1,3405,0.025899993488565087,0.12329999299254268,0.09640000644139946,True,4328.949606797933
ECC+ChaCha20,5000,1,3406,0.02580000727903098,0.1230000052601099,0.09669999417383224,True,4328.949606797933
ECC+ChaCha20,5000,1,3407,0.026200010324828327,0.12530000822152942,0.09719999798107892,True,4328.949606797933
ECC+ChaCha20,5000,1,3408,0.025999994250014424,0.16209999739658087,0.09830000635702163,True,4328.949606797933
ECC+ChaCha20,5000,1,3409,0.027299989596940577,0.12519999290816486,0.09750000026542693,True,4328.949606797933
ECC+ChaCha20,5000,1,3410,0.026299996534362435,0.12360000982880592,0.09640000644139946,True,4328.949606797933
ECC+ChaCha20,5000,1,3411,0.025900008040480316,0.12439998681657016,0.09719999798107892,True,4328.949606797933
ECC+ChaCha20,5000,1,3412,0.026699999580159783,0.1238999975612387,0.09649999265093356,True,4328.949606797933
ECC+ChaCha20,5000,1,3413,0.026300011086277664,0.12350000906735659,0.09760000102687627,True,4328.949606797933
ECC+ChaCha20,5000,1,3414,0.025900008040480316,0.1230000052601099,0.09660000796429813,True,4328.949606797933
ECC+ChaCha20,5000,1,3415,0.02609999501146376,0.13000000035390258,0.09640000644139946,True,4328.949606797933
ECC+ChaCha20,5000,1,3416,0.025599991204217076,0.1247000036528334,0.09600000339560211,True,4328.949606797933
ECC+ChaCha20,5000,1,3417,0.02580000727903098,0.12360000982880592,0.09670000872574747,True,4328.949606797933
ECC+ChaCha20,5000,1,3418,0.02609999501146376,0.12409999908413738,0.0965999934123829,True,4328.949606797933
ECC+ChaCha20,5000,1,3419,0.025999994250014424,0.12360000982880592,0.0973999995039776,True,4328.949606797933
ECC+ChaCha20,5000,1,3420,0.02680000034160912,0.12369999603834003,0.09830000635702163,True,4328.949606797933
ECC+ChaCha20,5000,1,3421,0.02649999805726111,0.12369999603834003,0.09840000711847097,True,4328.949606797933
ECC+ChaCha20,5000,1,3422,0.026699999580159783,0.1238999975612387,0.09649999265093356,True,4328.949606797933
ECC+ChaCha20,5000,1,3423,0.025600005756132305,0.12250000145286322,0.09670000872574747,True,4328.949606797933
ECC+ChaCha20,5000,1,3424,0.026000008801929653,0.12310000602155924,0.09639999188948423,True,4328.949606797933
ECC+ChaCha20,5000,1,3425,0.025999994250014424,0.13460000627674162,0.0973999995039776,True,4328.949606797933
ECC+ChaCha20,5000,1,3426,0.025300003471784294,0.12200001219753176,0.09660000796429813,True,4328.949606797933
ECC+ChaCha20,5000,1,3427,0.02580000727903098,0.1218999968841672,0.09580000187270343,True,4328.949606797933
ECC+ChaCha20,5000,1,3428,0.02579999272711575,0.12330000754445791,0.09660000796429813,True,4328.949606797933
ECC+ChaCha20,5000,1,3429,0.027700007194653153,0.12669998977798969,0.09750000026542693,True,4328.949606797933
ECC+ChaCha20,5000,1,3430,0.027799993404187262,0.12479998986236751,0.09770000178832561,True,4328.949606797933
ECC+ChaCha20,5000,1,3431,0.026300011086277664,0.12399999832268804,0.09679999493528157,True,4328.949606797933
ECC+ChaCha20,5000,1,3432,0.025599991204217076,0.12329999299254268,0.0965999934123829,True,4328.949606797933
ECC+ChaCha20,5000,1,3433,0.02609999501146376,0.12450000212993473,0.09750000026542693,True,4328.949606797933
ECC+ChaCha20,5000,1,3434,0.026299996534362435,0.12379999679978937,0.09639999188948423,True,4328.949606797933
ECC+ChaCha20,5000,1,3435,0.02580000727903098,0.13210000179242343,0.09639999188948423,True,4328.949606797933
ECC+ChaCha20,5000,1,3436,0.025699991965666413,0.1221999991685152,0.0965999934123829,True,4328.949606797933
ECC+ChaCha20,5000,1,3437,0.025999994250014424,0.12379999679978937,0.09669999417383224,True,4328.949606797933
ECC+ChaCha20,5000,1,3438,0.025699991965666413,0.12290000449866056,0.09610000415705144,True,4328.949606797933
ECC+ChaCha20,5000,1,3439,0.025500004994682968,0.12349999451544136,0.09760000102687627,True,4328.949606797933
ECC+ChaCha20,5000,1,3440,0.02649999805726111,0.12430000060703605,0.0968000094871968,True,4328.949606797933
ECC+ChaCha20,5000,1,3441,0.025900008040480316,0.1247000036528334,0.09729999874252826,True,4328.949606797933
ECC+ChaCha20,5000,1,3442,0.026699999580159783,0.12499999138526618,0.09689999569673091,True,4328.949606797933
ECC+ChaCha20,5000,1,3443,0.0261999957729131,0.12339999375399202,0.09669999417383224,True,4328.949606797933
ECC+ChaCha20,5000,1,3444,0.026599998818710446,0.12349999451544136,0.09669999417383224,True,4328.949606797933
ECC+ChaCha20,5000,1,3445,0.02610000956337899,0.1334000116912648,0.09620000491850078,True,4328.949606797933
ECC+ChaCha20,5000,1,3446,0.0261999957729131,0.12260000221431255,0.09660000796429813,True,4328.949606797933
ECC+ChaCha20,5000,1,3447,0.026200010324828327,0.12269998842384666,0.09639999188948423,True,4328.949606797933
ECC+ChaCha20,5000,1,3448,0.025699991965666413,0.12630000128410757,0.09669999417383224,True,4328.949606797933
ECC+ChaCha20,5000,1,3449,0.025899993488565087,0.12289998994674534,0.09640000644139946,True,4328.949606797933
ECC+ChaCha20,5000,1,3450,0.026000008801929653,0.12339999375399202,0.09660000796429813,True,4328.949606797933
ECC+ChaCha20,5000,1,3451,0.026399997295811772,0.1235999952768907,0.09799998952075839,True,4328.949606797933
ECC+ChaCha20,5000,1,3452,0.02609999501146376,0.1230000052601099,0.09580000187270343,True,4328.949606797933
ECC+ChaCha20,5000,1,3453,0.026000008801929653,0.12269998842384666,0.09639999188948423,True,4328.949606797933
ECC+ChaCha20,5000,1,3454,0.02570000651758164,0.12339999375399202,0.09599998884368688,True,4328.949606797933
ECC+ChaCha20,5000,1,3455,0.02580000727903098,0.1320000010309741,0.10410000686533749,True,4328.949606797933
ECC+ChaCha20,5000,1,3456,0.026200010324828327,0.12360000982880592,0.09709999721962959,True,4328.949606797933
ECC+ChaCha20,5000,1,3457,0.026299996534362435,0.12630000128410757,0.09760000102687627,True,4328.949606797933
ECC+ChaCha20,5000,1,3458,0.02649999805726111,0.12450000212993473,0.09950000094249845,True,4328.949606797933
ECC+ChaCha20,5000,1,3459,0.026699999580159783,0.1255999959539622,0.09800000407267362,True,4328.949606797933
ECC+ChaCha20,5000,1,3460,0.02710000262595713,0.12570001126732677,0.09760000102687627,True,4328.949606797933
ECC+ChaCha20,5000,1,3461,0.02749999111983925,0.12430000060703605,0.09650000720284879,True,4328.949606797933
ECC+ChaCha20,5000,1,3462,0.025999994250014424,0.12479998986236751,0.09669999417383224,True,4328.949606797933
ECC+ChaCha20,5000,1,3463,0.02540000423323363,0.12290000449866056,0.09660000796429813,True,4328.949606797933
ECC+ChaCha20,5000,1,3464,0.02580000727903098,0.1238999975612387,0.09699999645818025,True,4328.949606797933
ECC+ChaCha20,5000,1,3465,0.02580000727903098,0.12730000889860094,0.0968000094871968,True,4328.949606797933
ECC+ChaCha20,5000,1,3466,0.025699991965666413,0.12250000145286322,0.09750000026542693,True,4328.949606797933
ECC+ChaCha20,5000,1,3467,0.02609999501146376,0.12369999603834003,0.09590000263415277,True,4328.949606797933
ECC+ChaCha20,5000,1,3468,0.050700007705017924,0.17179999849759042,0.115999995614402,True,4328.949606797933
ECC+ChaCha20,5000,1,3469,0.05609999061562121,0.17499999376013875,0.1083999959519133,True,4328.949606797933
ECC+ChaCha20,5000,1,3470,0.0371999922208488,0.145800004247576,0.10069999552797526,True,4328.949606797933
ECC+ChaCha20,5000,1,3471,0.0278999941656366,0.12719999358523637,0.0982999918051064,True,4328.949606797933
ECC+ChaCha20,5000,1,3472,0.02649999805726111,0.12490000517573208,0.09750000026542693,True,4328.949606797933
ECC+ChaCha20,5000,1,3473,0.026599998818710446,0.13439999020192772,0.10150000161956996,True,4328.949606797933
ECC+ChaCha20,5000,1,3474,0.026299996534362435,0.12419999984558672,0.09660000796429813,True,4328.949606797933
ECC+ChaCha20,5000,1,3475,0.026299996534362435,0.12489999062381685,0.09709999721962959,True,4328.949606797933
ECC+ChaCha20,5000,1,3476,0.02710000262595713,0.1264000020455569,0.09760000102687627,True,4328.949606797933
ECC+ChaCha20,5000,1,3477,0.026299996534362435,0.1247000036528334,0.0973999995039776,True,4328.949606797933
ECC+ChaCha20,5000,1,3478,0.026400011847727,0.12350000906735659,0.09670000872574747,True,4328.949606797933
ECC+ChaCha20,5000,1,3479,0.026299996534362435,0.12419999984558672,0.0973999995039776,True,4328.949606797933
ECC+ChaCha20,5000,1,3480,0.026299996534362435,0.12700000661425292,0.09669999417383224,True,4328.949606797933
ECC+ChaCha20,5000,1,3481,0.026699999580159783,0.12479998986236751,0.09729999874252826,True,4328.949606797933
ECC+ChaCha20,5000,1,3482,0.026299996534362435,0.12369999603834003,0.09729999874252826,True,4328.949606797933
ECC+ChaCha20,5000,1,3483,0.0261999957729131,0.12349999451544136,0.09709999721962959,True,4328.949606797933
ECC+ChaCha20,5000,1,3484,0.026200010324828327,0.12419999984558672,0.09699999645818025,True,4328.949606797933
ECC+ChaCha20,5000,1,3485,0.026000008801929653,0.12249998690094799,0.09649999265093356,True,4328.949606797933
ECC+ChaCha20,5000,1,3486,0.0261999957729131,0.12250000145286322,0.09670000872574747,True,4328.949606797933
ECC+ChaCha20,5000,1,3487,0.025699991965666413,0.12350000906735659,0.0957000011112541,True,4328.949606797933
ECC+ChaCha20,5000,1,3488,0.025999994250014424,0.12339999375399202,0.09719999798107892,True,4328.949606797933
ECC+ChaCha20,5000,1,3489,0.025999994250014424,0.12319999223109335,0.09590000263415277,True,4328.949606797933
ECC+ChaCha20,5000,1,3490,0.025999994250014424,0.12319999223109335,0.09679999493528157,True,4328.949606797933
ECC+ChaCha20,5000,1,3491,0.025599991204217076,0.12290000449866056,0.09640000644139946,True,4328.949606797933
ECC+ChaCha20,5000,1,3492,0.026000008801929653,0.12340000830590725,0.09670000872574747,True,4328.949606797933
ECC+ChaCha20,5000,1,3493,0.026000008801929653,0.12309999146964401,0.09689999569673091,True,4328.949606797933
ECC+ChaCha20,5000,1,3494,0.025999994250014424,0.13299999409355223,0.10520000068936497,True,4328.949606797933
ECC+ChaCha20,5000,1,3495,0.02609999501146376,0.1238999975612387,0.09690001024864614,True,4328.949606797933
ECC+ChaCha20,5000,1,3496,0.025900008040480316,0.12309999146964401,0.09639999188948423,True,4328.949606797933
ECC+ChaCha20,5000,1,3497,0.02609999501146376,0.12319999223109335,0.09760000102687627,True,4328.949606797933
ECC+ChaCha20,5000,1,3498,0.026299996534362435,0.1235999952768907,0.0965999934123829,True,4328.949606797933
ECC+ChaCha20,5000,1,3499,0.02680000034160912,0.12510000669863075,0.09730001329444349,True,4328.949606797933
ECC+ChaCha20,5000,1,3500,0.02609999501146376,0.12240000069141388,0.09830000635702163,True,4328.949606797933
ECC+ChaCha20,5000,1,3501,0.025699991965666413,0.1213000068673864,0.09620000491850078,True,4328.949606797933
ECC+ChaCha20,5000,1,3502,0.02610000956337899,0.12310000602155924,0.09669999417383224,True,4328.949606797933
ECC+ChaCha20,5000,1,3503,0.026000008801929653,0.12240000069141388,0.09669999417383224,True,4328.949606797933
ECC+ChaCha20,5000,1,3504,0.02609999501146376,0.12280000373721123,0.09600000339560211,True,4328.949606797933
ECC+ChaCha20,5000,1,3505,0.02609999501146376,0.1238999975612387,0.09649999265093356,True,4328.949606797933
ECC+ChaCha20,5000,1,3506,0.025600005756132305,0.20260000019334257,0.0990999978967011,True,4328.949606797933
ECC+ChaCha20,5000,1,3507,0.029699993319809437,0.12739999510813504,0.09830000635702163,True,4328.949606797933
ECC+ChaCha20,5000,1,3508,0.026599998818710446,0.12599999899975955,0.09699999645818025,True,4328.949606797933
ECC+ChaCha20,5000,1,3509,0.026599998818710446,0.12479998986236751,0.09949998639058322,True,4328.949606797933
ECC+ChaCha20,5000,1,3510,0.0281000102404505,0.1264000020455569,0.09950000094249845,True,4328.949606797933
ECC+ChaCha20,5000,1,3511,0.026599998818710446,0.126499988255091,0.0965999934123829,True,4328.949606797933
ECC+ChaCha20,5000,1,3512,0.026699999580159783,0.12379999679978937,0.09719999798107892,True,4328.949606797933
ECC+ChaCha20,5000,1,3513,0.0261999957729131,0.12369999603834003,0.09660000796429813,True,4328.949606797933
ECC+ChaCha20,5000,1,3514,0.026500012609176338,0.13380000018514693,0.09679999493528157,True,4328.949606797933
ECC+ChaCha20,5000,1,3515,0.02649999805726111,0.12260000221431255,0.0965999934123829,True,4328.949606797933
ECC+ChaCha20,5000,1,3516,0.02579999272711575,0.12250000145286322,0.09620000491850078,True,4328.949606797933
ECC+ChaCha20,5000,1,3517,0.02609999501146376,0.12339999375399202,0.09639999188948423,True,4328.949606797933
ECC+ChaCha20,5000,1,3518,0.026000008801929653,0.12370001059025526,0.09610000415705144,True,4328.949606797933
ECC+ChaCha20,5000,1,3519,0.025999994250014424,0.12460000289138407,0.09630000567995012,True,4328.949606797933
ECC+ChaCha20,5000,1,3520,0.025900008040480316,0.12309999146964401,0.09590000263415277,True,4328.949606797933
ECC+ChaCha20,5000,1,3521,0.025500004994682968,0.12370001059025526,0.09640000644139946,True,4328.949606797933
ECC+ChaCha20,5000,1,3522,0.02609999501146376,0.12399999832268804,0.09679999493528157,True,4328.949606797933
ECC+ChaCha20,5000,1,3523,0.02570000651758164,0.12209999840706587,0.09630000567995012,True,4328.949606797933
ECC+ChaCha20,5000,1,3524,0.02609999501146376,0.12440000136848539,0.09690001024864614,True,4328.949606797933
ECC+ChaCha20,5000,1,3525,0.02610000956337899,0.1331000094069168,0.10220000694971532,True,4328.949606797933
ECC+ChaCha20,5000,1,3526,0.02570000651758164,0.12270000297576189,0.09669999417383224,True,4328.949606797933
ECC+ChaCha20,5000,1,3527,0.02549999044276774,0.12240000069141388,0.09589998808223754,True,4328.949606797933
ECC+ChaCha20,5000,1,3528,0.025899993488565087,0.1218999968841672,0.09609998960513622,True,4328.949606797933
ECC+ChaCha20,5000,1,3529,0.025900008040480316,0.122799989185296,0.09619999036658555,True,4328.949606797933
ECC+ChaCha20,5000,1,3530,0.0261999957729131,0.1230000052601099,0.09640000644139946,True,4328.949606797933
ECC+ChaCha20,5000,1,3531,0.02570000651758164,0.12240000069141388,0.09709999721962959,True,4328.949606797933
ECC+ChaCha20,5000,1,3532,0.02570000651758164,0.12229999992996454,0.09630000567995012,True,4328.949606797933
ECC+ChaCha20,5000,1,3533,0.025699991965666413,0.1221999991685152,0.09669999417383224,True,4328.949606797933
ECC+ChaCha20,5000,1,3534,0.025699991965666413,0.12310000602155924,0.10299999848939478,True,4328.949606797933
ECC+ChaCha20,5000,1,3535,0.0295999925583601,0.13509999553207308,0.10370000381954014,True,4328.949606797933
ECC+ChaCha20,5000,1,3536,0.0261999957729131,0.12329999299254268,0.09639999188948423,True,4328.949606797933
ECC+ChaCha20,5000,1,3537,0.025900008040480316,0.12280000373721123,0.09650000720284879,True,4328.949606797933
ECC+ChaCha20,5000,1,3538,0.02649999805726111,0.12379999679978937,0.09639999188948423,True,4328.949606797933
ECC+ChaCha20,5000,1,3539,0.026399997295811772,0.12379999679978937,0.09679999493528157,True,4328.949606797933
ECC+ChaCha20,5000,1,3540,0.0261999957729131,0.12489999062381685,0.09649999265093356,True,4328.949606797933
ECC+ChaCha20,5000,1,3541,0.026400011847727,0.12290000449866056,0.09690001024864614,True,4328.949606797933
ECC+ChaCha20,5000,1,3542,0.025899993488565087,0.12290000449866056,0.09630000567995012,True,4328.949606797933
ECC+ChaCha20,5000,1,3543,0.02609999501146376,0.12549999519251287,0.09589998808223754,True,4328.949606797933
ECC+ChaCha20,5000,1,3544,0.026699999580159783,0.12320000678300858,0.09630000567995012,True,4328.949606797933
ECC+ChaCha20,5000,1,3545,0.02609999501146376,0.12309999146964401,0.0965999934123829,True,4328.949606797933
ECC+ChaCha20,5000,1,3546,0.02610000956337899,0.12280000373721123,0.0957000011112541,True,4328.949606797933
ECC+ChaCha20,5000,1,3547,0.0658999924780801,0.12969999806955457,0.09690001024864614,True,4328.949606797933
ECC+ChaCha20,5000,1,3548,0.026699999580159783,0.12399999832268804,0.09669999417383224,True,4328.949606797933
ECC+ChaCha20,5000,1,3549,0.02610000956337899,0.12360000982880592,0.09590000263415277,True,4328.949606797933
ECC+ChaCha20,5000,1,3550,0.026200010324828327,0.12329999299254268,0.09669999417383224,True,4328.949606797933
ECC+ChaCha20,5000,1,3551,0.026599998818710446,0.1260999997612089,0.09760000102687627,True,4328.949606797933
ECC+ChaCha20,5000,1,3552,0.02680000034160912,0.12379999679978937,0.09669999417383224,True,4328.949606797933
ECC+ChaCha20,5000,1,3553,0.0261999957729131,0.12309999146964401,0.09649999265093356,True,4328.949606797933
ECC+ChaCha20,5000,1,3554,0.02579999272711575,0.12270000297576189,0.0968000094871968,True,4328.949606797933
ECC+ChaCha20,5000,1,3555,0.026399997295811772,0.1331999956164509,0.10379999002907425,True,4328.949606797933
ECC+ChaCha20,5000,1,3556,0.025599991204217076,0.12159999459981918,0.09639999188948423,True,4328.949606797933
ECC+ChaCha20,5000,1,3557,0.025500004994682968,0.12229999992996454,0.09710001177154481,True,4328.949606797933
ECC+ChaCha20,5000,1,3558,0.02570000651758164,0.12349999451544136,0.09630000567995012,True,4328.949606797933
ECC+ChaCha20,5000,1,3559,0.02579999272711575,0.12270000297576189,0.09660000796429813,True,4328.949606797933
ECC+ChaCha20,5000,1,3560,0.025899993488565087,0.12320000678300858,0.09790000331122428,True,4328.949606797933
ECC+ChaCha20,5000,1,3561,0.02680000034160912,0.1235999952768907,0.09729999874252826,True,4328.949606797933
ECC+ChaCha20,5000,1,3562,0.026299996534362435,0.12349999451544136,0.0965999934123829,True,4328.949606797933
ECC+ChaCha20,5000,1,3563,0.02610000956337899,0.12310000602155924,0.0968000094871968,True,4328.949606797933
ECC+ChaCha20,5000,1,3564,0.025999994250014424,0.12250000145286322,0.09660000796429813,True,4328.949606797933
ECC+ChaCha20,5000,1,3565,0.02609999501146376,0.1218999968841672,0.09689999569673091,True,4328.949606797933
ECC+ChaCha20,5000,1,3566,0.02610000956337899,0.12270000297576189,0.09960000170394778,True,4328.949606797933
ECC+ChaCha20,5000,1,3567,0.025600005756132305,0.12240000069141388,0.09770000178832561,True,4328.949606797933
ECC+ChaCha20,5000,1,3568,0.02579999272711575,0.12250000145286322,0.09580000187270343,True,4328.949606797933
ECC+ChaCha20,5000,1,3569,0.025600005756132305,0.12269998842384666,0.09649999265093356,True,4328.949606797933
ECC+ChaCha20,5000,1,3570,0.025500004994682968,0.12260000221431255,0.09650000720284879,True,4328.949606797933
ECC+ChaCha20,5000,1,3571,0.04230000195093453,0.1294999965466559,0.09780000254977494,True,4328.949606797933
ECC+ChaCha20,5000,1,3572,0.028000009479001164,0.1252000074600801,0.09840000711847097,True,4328.949606797933
ECC+ChaCha20,5000,1,3573,0.02649999805726111,0.12590001279022545,0.09719999798107892,True,4328.949606797933
ECC+ChaCha20,5000,1,3574,0.026200010324828327,0.12510000669863075,0.09650000720284879,True,4328.949606797933
ECC+ChaCha20,5000,1,3575,0.026599998818710446,0.12749999586958438,0.0973999995039776,True,4328.949606797933
ECC+ChaCha20,5000,1,3576,0.026399997295811772,0.12330000754445791,0.09640000644139946,True,4328.949606797933
ECC+ChaCha20,5000,1,3577,0.02609999501146376,0.12339999375399202,0.0965999934123829,True,4328.949606797933
ECC+ChaCha20,5000,1,3578,0.02610000956337899,0.12390001211315393,0.09689999569673091,True,4328.949606797933
ECC+ChaCha20,5000,1,3579,0.026000008801929653,0.12349999451544136,0.09650000720284879,True,4328.949606797933
ECC+ChaCha20,5000,1,3580,0.025899993488565087,0.12309999146964401,0.09679999493528157,True,4328.949606797933
ECC+ChaCha20,5000,1,3581,0.025899993488565087,0.12349999451544136,0.09669999417383224,True,4328.949606797933
ECC+ChaCha20,5000,1,3582,0.025600005756132305,0.12309999146964401,0.09669999417383224,True,4328.949606797933
ECC+ChaCha20,5000,1,3583,0.025600005756132305,0.1235999952768907,0.09710001177154481,True,4328.949606797933
ECC+ChaCha20,5000,1,3584,0.02609999501146376,0.12379999679978937,0.0965999934123829,True,4328.949606797933
ECC+ChaCha20,5000,1,3585,0.026399997295811772,0.1238999975612387,0.09660000796429813,True,4328.949606797933
ECC+ChaCha20,5000,1,3586,0.0261999957729131,0.13300000864546746,0.1002000062726438,True,4328.949606797933
ECC+ChaCha20,5000,1,3587,0.02609999501146376,0.12350000906735659,0.09709999721962959,True,4328.949606797933
ECC+ChaCha20,5000,1,3588,0.026699999580159783,0.15490000077988952,0.10449999535921961,True,4328.949606797933
ECC+ChaCha20,5000,1,3589,0.03029999788850546,0.1320000010309741,0.10029999248217791,True,4328.949606797933
ECC+ChaCha20,5000,1,3590,0.0278999941656366,0.12579999747686088,0.09689999569673091,True,4328.949606797933
ECC+ChaCha20,5000,1,3591,0.026900001103058457,0.12419999984558672,0.09860000864136964,True,4328.949606797933
ECC+ChaCha20,5000,1,3592,0.0278999941656366,0.12509999214671552,0.09819999104365706,True,4328.949606797933
ECC+ChaCha20,5000,1,3593,0.026900001103058457,0.12460000289138407,0.09709999721962959,True,4328.949606797933
ECC+ChaCha20,5000,1,3594,0.02720000338740647,0.12489999062381685,0.09810000483412296,True,4328.949606797933
ECC+ChaCha20,5000,1,3595,0.02680000034160912,0.1252000074600801,0.09719999798107892,True,4328.949606797933
ECC+ChaCha20,5000,1,3596,0.02649999805726111,0.1345000055152923,0.1007999962894246,True,4328.949606797933
ECC+ChaCha20,5000,1,3597,0.026399997295811772,0.1281000004382804,0.09750000026542693,True,4328.949606797933
ECC+ChaCha20,5000,1,3598,0.026599998818710446,0.1247000036528334,0.0968000094871968,True,4328.949606797933
ECC+ChaCha20,5000,1,3599,0.02570000651758164,0.12260000221431255,0.09760000102687627,True,4328.949606797933
ECC+ChaCha20,5000,1,3600,0.025900008040480316,0.12299999070819467,0.09709999721962959,True,4328.949606797933
ECC+ChaCha20,5000,1,3601,0.025899993488565087,0.12339999375399202,0.09639999188948423,True,4328.949606797933
ECC+ChaCha20,5000,1,3602,0.025899993488565087,0.12440000136848539,0.09670000872574747,True,4328.949606797933
ECC+ChaCha20,5000,1,3603,0.0278999941656366,0.1260999997612089,0.09750000026542693,True,4328.949606797933
ECC+ChaCha20,5000,1,3604,0.02720000338740647,0.12519999290816486,0.09729999874252826,True,4328.949606797933
ECC+ChaCha20,5000,1,3605,0.0261999957729131,0.12440000136848539,0.09609998960513622,True,4328.949606797933
ECC+ChaCha20,5000,1,3606,0.026399997295811772,0.12409999908413738,0.09639999188948423,True,4328.949606797933
ECC+ChaCha20,5000,1,3607,0.02609999501146376,0.12719999358523637,0.0965999934123829,True,4328.949606797933
ECC+ChaCha20,5000,1,3608,0.025900008040480316,0.12320000678300858,0.09700001101009548,True,4328.949606797933
ECC+ChaCha20,5000,1,3609,0.02649999805726111,0.12419999984558672,0.09660000796429813,True,4328.949606797933
ECC+ChaCha20,5000,1,3610,0.026399997295811772,0.12349999451544136,0.09689999569673091,True,4328.949606797933
ECC+ChaCha20,5000,1,3611,0.025899993488565087,0.12240000069141388,0.09619999036658555,True,4328.949606797933
ECC+ChaCha20,5000,1,3612,0.026399997295811772,0.12419999984558672,0.09600000339560211,True,4328.949606797933
ECC+ChaCha20,5000,1,3613,0.02610000956337899,0.1230000052601099,0.09629999112803489,True,4328.949606797933
ECC+ChaCha20,5000,1,3614,0.02610000956337899,0.12360000982880592,0.09660000796429813,True,4328.949606797933
ECC+ChaCha20,5000,1,3615,0.0261999957729131,0.12350000906735659,0.09650000720284879,True,4328.949606797933
ECC+ChaCha20,5000,1,3616,0.025899993488565087,0.1238999975612387,0.0965999934123829,True,4328.949606797933
ECC+ChaCha20,5000,1,3617,0.02579999272711575,0.1331999956164509,0.10229999315924942,True,4328.949606797933
ECC+ChaCha20,5000,1,3618,0.02579999272711575,0.12290000449866056,0.09630000567995012,True,4328.949606797933
ECC+ChaCha20,5000,1,3619,0.026399997295811772,0.12370001059025526,0.09660000796429813,True,4328.949606797933
ECC+ChaCha20,5000,1,3620,0.025900008040480316,0.12260000221431255,0.09590000263415277,True,4328.949606797933
ECC+ChaCha20,5000,1,3621,0.025899993488565087,0.1230000052601099,0.09719999798107892,True,4328.949606797933
ECC+ChaCha20,5000,1,3622,0.02580000727903098,0.12260000221431255,0.09639999188948423,True,4328.949606797933
ECC+ChaCha20,5000,1,3623,0.025900008040480316,0.12350000906735659,0.09670000872574747,True,4328.949606797933
ECC+ChaCha20,5000,1,3624,0.02570000651758164,0.12240000069141388,0.09580000187270343,True,4328.949606797933
ECC+ChaCha20,5000,1,3625,0.0261999957729131,0.1230000052601099,0.09700001101009548,True,4328.949606797933
ECC+ChaCha20,5000,1,3626,0.025600005756132305,0.12229999992996454,0.09640000644139946,True,4328.949606797933
ECC+ChaCha20,5000,1,3627,0.026000008801929653,0.12320000678300858,0.09689999569673091,True,4328.949606797933
ECC+ChaCha20,5000,1,3628,0.025500004994682968,0.12169999536126852,0.09660000796429813,True,4328.949606797933
ECC+ChaCha20,5000,1,3629,0.025899993488565087,0.18650000856723636,0.1117999927373603,True,4328.949606797933
ECC+ChaCha20,5000,1,3630,0.04460000491235405,0.1478000049246475,0.10080001084133983,True,4328.949606797933
ECC+ChaCha20,5000,1,3631,0.03340000694151968,0.1382000045850873,0.10000000474974513,True,4328.949606797933
ECC+ChaCha20,5000,1,3632,0.03090000245720148,0.13390000094659626,0.09919999865815043,True,4328.949606797933
ECC+ChaCha20,5000,1,3633,0.026900001103058457,0.12509999214671552,0.09760000102687627,True,4328.949606797933
ECC+ChaCha20,5000,1,3634,0.026699999580159783,0.12539999443106353,0.09699999645818025,True,4328.949606797933
ECC+ChaCha20,5000,1,3635,0.027000001864507794,0.12540000898297876,0.09750000026542693,True,4328.949606797933
ECC+ChaCha20,5000,1,3636,0.027000001864507794,0.13449999096337706,0.09819999104365706,True,4328.949606797933
ECC+ChaCha20,5000,1,3637,0.02710000262595713,0.12399999832268804,0.09849999332800508,True,4328.949606797933
ECC+ChaCha20,5000,1,3638,0.02649999805726111,0.12360000982880592,0.09679999493528157,True,4328.949606797933
ECC+ChaCha20,5000,1,3639,0.025900008040480316,0.12830000196117908,0.09629999112803489,True,4328.949606797933
ECC+ChaCha20,5000,1,3640,0.025899993488565087,0.12369999603834003,0.09679999493528157,True,4328.949606797933
ECC+ChaCha20,5000,1,3641,0.025999994250014424,0.12269998842384666,0.09649999265093356,True,4328.949606797933
ECC+ChaCha20,5000,1,3642,0.02680000034160912,0.1230000052601099,0.09610000415705144,True,4328.949606797933
ECC+ChaCha20,5000,1,3643,0.026000008801929653,0.12419999984558672,0.09709999721962959,True,4328.949606797933
ECC+ChaCha20,5000,1,3644,0.02610000956337899,0.12419999984558672,0.09549999958835542,True,4328.949606797933
ECC+ChaCha20,5000,1,3645,0.026500012609176338,0.12340000830590725,0.09650000720284879,True,4328.949606797933
ECC+ChaCha20,5000,1,3646,0.026399997295811772,0.12430000060703605,0.09630000567995012,True,4328.949606797933
ECC+ChaCha20,5000,1,3647,0.0261999957729131,0.12419999984558672,0.09629999112803489,True,4328.949606797933
ECC+ChaCha20,5000,1,3648,0.026400011847727,0.12399999832268804,0.09660000796429813,True,4328.949606797933
ECC+ChaCha20,5000,1,3649,0.02579999272711575,0.12379999679978937,0.09620000491850078,True,4328.949606797933
ECC+ChaCha20,5000,1,3650,0.0261999957729131,0.12240000069141388,0.0968000094871968,True,4328.949606797933
ECC+ChaCha20,5000,1,3651,0.025899993488565087,0.12250000145286322,0.0965999934123829,True,4328.949606797933
ECC+ChaCha20,5000,1,3652,0.025999994250014424,0.12270000297576189,0.09950000094249845,True,4328.949606797933
ECC+ChaCha20,5000,1,3653,0.02609999501146376,0.1221999991685152,0.0957999873207882,True,4328.949606797933
ECC+ChaCha20,5000,1,3654,0.026000008801929653,0.12299999070819467,0.09619999036658555,True,4328.949606797933
ECC+ChaCha20,5000,1,3655,0.026399997295811772,0.12339999375399202,0.09620000491850078,True,4328.949606797933
ECC+ChaCha20,5000,1,3656,0.02609999501146376,0.1218999968841672,0.09639999188948423,True,4328.949606797933
ECC+ChaCha20,5000,1,3657,0.02580000727903098,0.12269998842384666,0.09679999493528157,True,4328.949606797933
ECC+ChaCha20,5000,1,3658,0.0261999957729131,0.12369999603834003,0.09589998808223754,True,4328.949606797933
ECC+ChaCha20,5000,1,3659,0.025600005756132305,0.12220001372043043,0.09620000491850078,True,4328.949606797933
ECC+ChaCha20,5000,1,3660,0.025699991965666413,0.12129999231547117,0.09629999112803489,True,4328.949606797933
ECC+ChaCha20,5000,1,3661,0.02580000727903098,0.12270000297576189,0.09689999569673091,True,4328.949606797933
ECC+ChaCha20,5000,1,3662,0.025699991965666413,0.1230000052601099,0.09620000491850078,True,4328.949606797933
ECC+ChaCha20,5000,1,3663,0.025500004994682968,0.12240000069141388,0.09620000491850078,True,4328.949606797933
ECC+ChaCha20,5000,1,3664,0.025699991965666413,0.12140000762883574,0.11940000695176423,True,4328.949606797933
ECC+ChaCha20,5000,1,3665,0.030399998649954796,0.12840000272262841,0.09899999713525176,True,4328.949606797933
ECC+ChaCha20,5000,1,3666,0.027300004148855805,0.12450000212993473,0.0973999995039776,True,4328.949606797933
ECC+ChaCha20,5000,1,3667,0.026300011086277664,0.12370001059025526,0.09790000331122428,True,4328.949606797933
ECC+ChaCha20,5000,1,3668,0.025999994250014424,0.12340000830590725,0.09610000415705144,True,4328.949606797933
ECC+ChaCha20,5000,1,3669,0.02819999644998461,0.12849998893216252,0.09810000483412296,True,4328.949606797933
ECC+ChaCha20,5000,1,3670,0.026299996534362435,0.12330000754445791,0.09660000796429813,True,4328.949606797933
ECC+ChaCha20,5000,1,3671,0.026299996534362435,0.12719999358523637,0.09679999493528157,True,4328.949606797933
ECC+ChaCha20,5000,1,3672,0.02609999501146376,0.12310000602155924,0.09630000567995012,True,4328.949606797933
ECC+ChaCha20,5000,1,3673,0.025999994250014424,0.12349999451544136,0.09719999798107892,True,4328.949606797933
ECC+ChaCha20,5000,1,3674,0.025999994250014424,0.12450000212993473,0.09699999645818025,True,4328.949606797933
ECC+ChaCha20,5000,1,3675,0.025999994250014424,0.1235999952768907,0.09669999417383224,True,4328.949606797933
ECC+ChaCha20,5000,1,3676,0.025600005756132305,0.1218999968841672,0.09549999958835542,True,4328.949606797933
ECC+ChaCha20,5000,1,3677,0.025600005756132305,0.12340000830590725,0.09650000720284879,True,4328.949606797933
ECC+ChaCha20,5000,1,3678,0.02579999272711575,0.12369999603834003,0.09649999265093356,True,4328.949606797933
ECC+ChaCha20,5000,1,3679,0.025599991204217076,0.12409999908413738,0.09709999721962959,True,4328.949606797933
ECC+ChaCha20,5000,1,3680,0.02579999272711575,0.12260000221431255,0.09670000872574747,True,4328.949606797933
ECC+ChaCha20,5000,1,3681,0.025899993488565087,0.1221999991685152,0.09589998808223754,True,4328.949606797933
ECC+ChaCha20,5000,1,3682,0.025699991965666413,0.12229999992996454,0.09709999721962959,True,4328.949606797933
ECC+ChaCha20,5000,1,3683,0.025999994250014424,0.1269000058528036,0.0973999995039776,True,4328.949606797933
ECC+ChaCha20,5000,1,3684,0.025699991965666413,0.12309999146964401,0.09590000263415277,True,4328.949606797933
ECC+ChaCha20,5000,1,3685,0.02540000423323363,0.12229999992996454,0.09650000720284879,True,4328.949606797933
ECC+ChaCha20,5000,1,3686,0.02579999272711575,0.12440000136848539,0.09699999645818025,True,4328.949606797933
ECC+ChaCha20,5000,1,3687,0.025599991204217076,0.12490000517573208,0.09660000796429813,True,4328.949606797933
ECC+ChaCha20,5000,1,3688,0.026300011086277664,0.12399999832268804,0.09679999493528157,True,4328.949606797933
ECC+ChaCha20,5000,1,3689,0.025899993488565087,0.1238999975612387,0.09679999493528157,True,4328.949606797933
ECC+ChaCha20,5000,1,3690,0.02580000727903098,0.12370001059025526,0.09679999493528157,True,4328.949606797933
ECC+ChaCha20,5000,1,3691,0.025900008040480316,0.12229999992996454,0.09660000796429813,True,4328.949606797933
ECC+ChaCha20,5000,1,3692,0.02570000651758164,0.1238999975612387,0.09650000720284879,True,4328.949606797933
ECC+ChaCha20,5000,1,3693,0.02570000651758164,0.12259998766239733,0.09640000644139946,True,4328.949606797933
ECC+ChaCha20,5000,1,3694,0.0261999957729131,0.12329999299254268,0.09609998960513622,True,4328.949606797933
ECC+ChaCha20,5000,1,3695,0.025500004994682968,0.12269998842384666,0.09760000102687627,True,4328.949606797933
ECC+ChaCha20,5000,1,3696,0.026000008801929653,0.12349999451544136,0.09689999569673091,True,4328.949606797933
ECC+ChaCha20,5000,1,3697,0.02570000651758164,0.12390001211315393,0.09780000254977494,True,4328.949606797933
ECC+ChaCha20,5000,1,3698,0.025899993488565087,0.1235999952768907,0.09669999417383224,True,4328.949606797933
ECC+ChaCha20,5000,1,3699,0.02609999501146376,0.12379999679978937,0.09699999645818025,True,4328.949606797933
ECC+ChaCha20,5000,1,3700,0.026299996534362435,0.12399999832268804,0.09690001024864614,True,4328.949606797933
ECC+ChaCha20,5000,1,3701,0.02609999501146376,0.12480000441428274,0.0973999995039776,True,4328.949606797933
ECC+ChaCha20,5000,1,3702,0.025300003471784294,0.12349999451544136,0.09670000872574747,True,4328.949606797933
ECC+ChaCha20,5000,1,3703,0.02549999044276774,0.1260999997612089,0.0965999934123829,True,4328.949606797933
ECC+ChaCha20,5000,1,3704,0.02580000727903098,0.1230000052601099,0.09710001177154481,True,4328.949606797933
ECC+ChaCha20,5000,1,3705,0.0261999957729131,0.12419999984558672,0.09610000415705144,True,4328.949606797933
ECC+ChaCha20,5000,1,3706,0.025500004994682968,0.122799989185296,0.09590000263415277,True,4328.949606797933
ECC+ChaCha20,5000,1,3707,0.02580000727903098,0.12290000449866056,0.09679999493528157,True,4328.949606797933
ECC+ChaCha20,5000,1,3708,0.025600005756132305,0.12159999459981918,0.09609998960513622,True,4328.949606797933
ECC+ChaCha20,5000,1,3709,0.025600005756132305,0.12240000069141388,0.09649999265093356,True,4328.949606797933
ECC+ChaCha20,5000,1,3710,0.025500004994682968,0.18400000408291817,0.09940000018104911,True,4328.949606797933
ECC+ChaCha20,5000,1,3711,0.028300011763349175,0.12940001033712178,0.09849999332800508,True,4328.949606797933
ECC+ChaCha20,5000,1,3712,0.027300004148855805,0.12569999671541154,0.09699999645818025,True,4328.949606797933
ECC+ChaCha20,5000,1,3713,0.026599998818710446,0.1247000036528334,0.09699999645818025,True,4328.949606797933
ECC+ChaCha20,5000,1,3714,0.026299996534362435,0.12419999984558672,0.09689999569673091,True,4328.949606797933
ECC+ChaCha20,5000,1,3715,0.02540000423323363,0.12329999299254268,0.09679999493528157,True,4328.949606797933
ECC+ChaCha20,5000,1,3716,0.02609999501146376,0.12369999603834003,0.0973999995039776,True,4328.949606797933
ECC+ChaCha20,5000,1,3717,0.02570000651758164,0.13309999485500157,0.0985000078799203,True,4328.949606797933
ECC+ChaCha20,5000,1,3718,0.025600005756132305,0.12260000221431255,0.09669999417383224,True,4328.949606797933
ECC+ChaCha20,5000,1,3719,0.02570000651758164,0.12450000212993473,0.09709999721962959,True,4328.949606797933
ECC+ChaCha20,5000,1,3720,0.02609999501146376,0.12369999603834003,0.09669999417383224,True,4328.949606797933
ECC+ChaCha20,5000,1,3721,0.02580000727903098,0.12289998994674534,0.09639999188948423,True,4328.949606797933
ECC+ChaCha20,5000,1,3722,0.026000008801929653,0.12430000060703605,0.09669999417383224,True,4328.949606797933
ECC+ChaCha20,5000,1,3723,0.025600005756132305,0.1230000052601099,0.09610000415705144,True,4328.949606797933
ECC+ChaCha20,5000,1,3724,0.025600005756132305,0.122799989185296,0.09869999485090375,True,4328.949606797933
ECC+ChaCha20,5000,1,3725,0.027000001864507794,0.12350000906735659,0.09820000559557229,True,4328.949606797933
ECC+ChaCha20,5000,1,3726,0.026799985789693892,0.12379999679978937,0.09709999721962959,True,4328.949606797933
ECC+ChaCha20,5000,1,3727,0.02580000727903098,0.12430000060703605,0.09660000796429813,True,4328.949606797933
ECC+ChaCha20,5000,1,3728,0.025599991204217076,0.1230000052601099,0.09660000796429813,True,4328.949606797933
ECC+ChaCha20,5000,1,3729,0.02570000651758164,0.12409999908413738,0.09700001101009548,True,4328.949606797933
ECC+ChaCha20,5000,1,3730,0.026299996534362435,0.12400001287460327,0.09670000872574747,True,4328.949606797933
ECC+ChaCha20,5000,1,3731,0.0261999957729131,0.12409999908413738,0.09719999798107892,True,4328.949606797933
ECC+ChaCha20,5000,1,3732,0.025500004994682968,0.12409999908413738,0.09660000796429813,True,4328.949606797933
ECC+ChaCha20,5000,1,3733,0.026399997295811772,0.12419999984558672,0.09699999645818025,True,4328.949606797933
ECC+ChaCha20,5000,1,3734,0.026000008801929653,0.12379999679978937,0.09729999874252826,True,4328.949606797933
ECC+ChaCha20,5000,1,3735,0.02649999805726111,0.13559999933931977,0.09620000491850078,True,4328.949606797933
ECC+ChaCha20,5000,1,3736,0.026399997295811772,0.12289998994674534,0.09600000339560211,True,4328.949606797933
ECC+ChaCha20,5000,1,3737,0.025900008040480316,0.12369999603834003,0.0968000094871968,True,4328.949606797933
ECC+ChaCha20,5000,1,3738,0.025500004994682968,0.12309999146964401,0.09669999417383224,True,4328.949606797933
ECC+ChaCha20,5000,1,3739,0.025500004994682968,0.12229999992996454,0.09619999036658555,True,4328.949606797933
ECC+ChaCha20,5000,1,3740,0.025500004994682968,0.12379999679978937,0.09669999417383224,True,4328.949606797933
ECC+ChaCha20,5000,1,3741,0.025500004994682968,0.12269998842384666,0.09649999265093356,True,4328.949606797933
ECC+ChaCha20,5000,1,3742,0.0261999957729131,0.12289998994674534,0.0965999934123829,True,4328.949606797933
ECC+ChaCha20,5000,1,3743,0.025500004994682968,0.12319999223109335,0.09689999569673091,True,4328.949606797933
ECC+ChaCha20,5000,1,3744,0.025699991965666413,0.12329999299254268,0.09709999721962959,True,4328.949606797933
ECC+ChaCha20,5000,1,3745,0.025699991965666413,0.12209999840706587,0.09589998808223754,True,4328.949606797933
ECC+ChaCha20,5000,1,3746,0.026599998818710446,0.12450000212993473,0.0965999934123829,True,4328.949606797933
ECC+ChaCha20,5000,1,3747,0.025899993488565087,0.12320000678300858,0.0968000094871968,True,4328.949606797933
ECC+ChaCha20,5000,1,3748,0.026000008801929653,0.1289999927394092,0.0957000011112541,True,4328.949606797933
ECC+ChaCha20,5000,1,3749,0.02549999044276774,0.12179999612271786,0.09689999569673091,True,4328.949606797933
ECC+ChaCha20,5000,1,3750,0.025500004994682968,0.12299999070819467,0.0973999995039776,True,4328.949606797933
ECC+ChaCha20,5000,1,3751,0.04610000178217888,0.1281000004382804,0.09699999645818025,True,4328.949606797933
ECC+ChaCha20,5000,1,3752,0.026599998818710446,0.12519999290816486,0.0968000094871968,True,4328.949606797933
ECC+ChaCha20,5000,1,3753,0.026900001103058457,0.12489999062381685,0.09709999721962959,True,4328.949606797933
ECC+ChaCha20,5000,1,3754,0.026000008801929653,0.12290000449866056,0.09609998960513622,True,4328.949606797933
ECC+ChaCha20,5000,1,3755,0.025600005756132305,0.12269998842384666,0.09649999265093356,True,4328.949606797933
ECC+ChaCha20,5000,1,3756,0.02580000727903098,0.12360000982880592,0.09719999798107892,True,4328.949606797933
ECC+ChaCha20,5000,1,3757,0.02579999272711575,0.12260000221431255,0.09670000872574747,True,4328.949606797933
ECC+ChaCha20,5000,1,3758,0.02609999501146376,0.13309999485500157,0.1049999991664663,True,4328.949606797933
ECC+ChaCha20,5000,1,3759,0.026699999580159783,0.12330000754445791,0.0968000094871968,True,4328.949606797933
ECC+ChaCha20,5000,1,3760,0.026500012609176338,0.12280000373721123,0.09709999721962959,True,4328.949606797933
ECC+ChaCha20,5000,1,3761,0.02580000727903098,0.12379999679978937,0.09700001101009548,True,4328.949606797933
ECC+ChaCha20,5000,1,3762,0.025699991965666413,0.12310000602155924,0.09620000491850078,True,4328.949606797933
ECC+ChaCha20,5000,1,3763,0.026000008801929653,0.12330000754445791,0.0973999995039776,True,4328.949606797933
ECC+ChaCha20,5000,1,3764,0.025899993488565087,0.12350000906735659,0.09610000415705144,True,4328.949606797933
ECC+ChaCha20,5000,1,3765,0.025899993488565087,0.12360000982880592,0.09719999798107892,True,4328.949606797933
ECC+ChaCha20,5000,1,3766,0.025900008040480316,0.12440000136848539,0.09689999569673091,True,4328.949606797933
ECC+ChaCha20,5000,1,3767,0.025999994250014424,0.1235999952768907,0.09669999417383224,True,4328.949606797933
ECC+ChaCha20,5000,1,3768,0.026299996534362435,0.12349999451544136,0.09640000644139946,True,4328.949606797933
ECC+ChaCha20,5000,1,3769,0.02609999501146376,0.12419999984558672,0.09610000415705144,True,4328.949606797933
ECC+ChaCha20,5000,1,3770,0.026299996534362435,0.12329999299254268,0.09609998960513622,True,4328.949606797933
ECC+ChaCha20,5000,1,3771,0.025999994250014424,0.12379999679978937,0.09720001253299415,True,4328.949606797933
ECC+ChaCha20,5000,1,3772,0.02580000727903098,0.12249998690094799,0.09640000644139946,True,4328.949606797933
ECC+ChaCha20,5000,1,3773,0.02570000651758164,0.12329999299254268,0.09669999417383224,True,4328.949606797933
ECC+ChaCha20,5000,1,3774,0.0261999957729131,0.12329999299254268,0.09719999798107892,True,4328.949606797933
ECC+ChaCha20,5000,1,3775,0.02580000727903098,0.1238999975612387,0.09640000644139946,True,4328.949606797933
ECC+ChaCha20,5000,1,3776,0.025999994250014424,0.12289998994674534,0.09640000644139946,True,4328.949606797933
ECC+ChaCha20,5000,1,3777,0.026299996534362435,0.12280000373721123,0.10069999552797526,True,4328.949606797933
ECC+ChaCha20,5000,1,3778,0.025899993488565087,0.12270000297576189,0.09650000720284879,True,4328.949606797933
ECC+ChaCha20,5000,1,3779,0.02579999272711575,0.12319999223109335,0.09600000339560211,True,4328.949606797933
ECC+ChaCha20,5000,1,3780,0.02580000727903098,0.12329999299254268,0.0973999995039776,True,4328.949606797933
ECC+ChaCha20,5000,1,3781,0.025699991965666413,0.12280000373721123,0.09669999417383224,True,4328.949606797933
ECC+ChaCha20,5000,1,3782,0.02609999501146376,0.1235999952768907,0.0957999873207882,True,4328.949606797933
ECC+ChaCha20,5000,1,3783,0.02609999501146376,0.1235999952768907,0.09679999493528157,True,4328.949606797933
ECC+ChaCha20,5000,1,3784,0.025999994250014424,0.12379999679978937,0.09729999874252826,True,4328.949606797933
ECC+ChaCha20,5000,1,3785,0.026200010324828327,0.1238000113517046,0.09699999645818025,True,4328.949606797933
ECC+ChaCha20,5000,1,3786,0.025900008040480316,0.12370001059025526,0.09770000178832561,True,4328.949606797933
ECC+ChaCha20,5000,1,3787,0.026399997295811772,0.1235999952768907,0.09639999188948423,True,4328.949606797933
ECC+ChaCha20,5000,1,3788,0.02579999272711575,0.12329999299254268,0.09689999569673091,True,4328.949606797933
ECC+ChaCha20,5000,1,3789,0.026599998818710446,0.1348999940091744,0.0999000039882958,True,4328.949606797933
ECC+ChaCha20,5000,1,3790,0.025600005756132305,0.12339999375399202,0.09690001024864614,True,4328.949606797933
ECC+ChaCha20,5000,1,3791,0.02580000727903098,0.12360000982880592,0.09689999569673091,True,4328.949606797933
ECC+ChaCha20,5000,1,3792,0.03060000017285347,0.1365999924018979,0.10379999002907425,True,4328.949606797933
ECC+ChaCha20,5000,1,3793,0.02920000406447798,0.13029998808633536,0.10119999933522195,True,4328.949606797933
ECC+ChaCha20,5000,1,3794,0.028099995688535273,0.1244999875780195,0.09770000178832561,True,4328.949606797933
ECC+ChaCha20,5000,1,3795,0.027300004148855805,0.12479998986236751,0.12009999772999436,True,4328.949606797933
ECC+ChaCha20,5000,1,3796,0.02750000567175448,0.1255000097444281,0.0973999995039776,True,4328.949606797933
ECC+ChaCha20,5000,1,3797,0.02649999805726111,0.1238999975612387,0.09719999798107892,True,4328.949606797933
ECC+ChaCha20,5000,1,3798,0.02649999805726111,0.12349999451544136,0.09650000720284879,True,4328.949606797933
ECC+ChaCha20,5000,1,3799,0.02570000651758164,0.13259999104775488,0.09650000720284879,True,4328.949606797933
ECC+ChaCha20,5000,1,3800,0.02580000727903098,0.12409999908413738,0.09679999493528157,True,4328.949606797933
ECC+ChaCha20,5000,1,3801,0.02549999044276774,0.12340000830590725,0.09679999493528157,True,4328.949606797933
ECC+ChaCha20,5000,1,3802,0.025899993488565087,0.12419999984558672,0.09709999721962959,True,4328.949606797933
ECC+ChaCha20,5000,1,3803,0.025900008040480316,0.12350000906735659,0.09620000491850078,True,4328.949606797933
ECC+ChaCha20,5000,1,3804,0.025699991965666413,0.12280000373721123,0.09660000796429813,True,4328.949606797933
ECC+ChaCha20,5000,1,3805,0.02579999272711575,0.12430000060703605,0.09679999493528157,True,4328.949606797933
ECC+ChaCha20,5000,1,3806,0.026300011086277664,0.12460000289138407,0.09689999569673091,True,4328.949606797933
ECC+ChaCha20,5000,1,3807,0.026399997295811772,0.12369999603834003,0.0968000094871968,True,4328.949606797933
ECC+ChaCha20,5000,1,3808,0.02610000956337899,0.12310000602155924,0.09619999036658555,True,4328.949606797933
ECC+ChaCha20,5000,1,3809,0.026000008801929653,0.12310000602155924,0.0974999857135117,True,4328.949606797933
ECC+ChaCha20,5000,1,3810,0.026000008801929653,0.12299999070819467,0.09629999112803489,True,4328.949606797933
ECC+ChaCha20,5000,1,3811,0.0261999957729131,0.12409999908413738,0.09670000872574747,True,4328.949606797933
ECC+ChaCha20,5000,1,3812,0.02609999501146376,0.12339999375399202,0.09729999874252826,True,4328.949606797933
ECC+ChaCha20,5000,1,3813,0.025900008040480316,0.12310000602155924,0.09709999721962959,True,4328.949606797933
ECC+ChaCha20,5000,1,3814,0.02580000727903098,0.12229999992996454,0.09630000567995012,True,4328.949606797933
ECC+ChaCha20,5000,1,3815,0.025699991965666413,0.12409999908413738,0.0973999995039776,True,4328.949606797933
ECC+ChaCha20,5000,1,3816,0.026399997295811772,0.12320000678300858,0.0973999995039776,True,4328.949606797933
ECC+ChaCha20,5000,1,3817,0.025899993488565087,0.12299999070819467,0.09669999417383224,True,4328.949606797933
ECC+ChaCha20,5000,1,3818,0.02580000727903098,0.12319999223109335,0.09599998884368688,True,4328.949606797933
ECC+ChaCha20,5000,1,3819,0.02580000727903098,0.12200001219753176,0.09650000720284879,True,4328.949606797933
ECC+ChaCha20,5000,1,3820,0.026000008801929653,0.12740000966005027,0.09590000263415277,True,4328.949606797933
ECC+ChaCha20,5000,1,3821,0.025500004994682968,0.12340000830590725,0.09710001177154481,True,4328.949606797933
ECC+ChaCha20,5000,1,3822,0.0261999957729131,0.12280000373721123,0.09709999721962959,True,4328.949606797933
ECC+ChaCha20,5000,1,3823,0.02609999501146376,0.12450000212993473,0.09690001024864614,True,4328.949606797933
ECC+ChaCha20,5000,1,3824,0.025900008040480316,0.1230000052601099,0.09599998884368688,True,4328.949606797933
ECC+ChaCha20,5000,1,3825,0.02580000727903098,0.12260000221431255,0.09649999265093356,True,4328.949606797933
ECC+ChaCha20,5000,1,3826,0.02570000651758164,0.122799989185296,0.09610000415705144,True,4328.949606797933
ECC+ChaCha20,5000,1,3827,0.025899993488565087,0.12409999908413738,0.09649999265093356,True,4328.949606797933
ECC+ChaCha20,5000,1,3828,0.02549999044276774,0.12310000602155924,0.09670000872574747,True,4328.949606797933
ECC+ChaCha20,5000,1,3829,0.02610000956337899,0.12410001363605261,0.09699999645818025,True,4328.949606797933
ECC+ChaCha20,5000,1,3830,0.025699991965666413,0.12290000449866056,0.11410001025069505,True,4328.949606797933
ECC+ChaCha20,5000,1,3831,0.026699999580159783,0.13449999096337706,0.09760000102687627,True,4328.949606797933
ECC+ChaCha20,5000,1,3832,0.02580000727903098,0.12369999603834003,0.09679999493528157,True,4328.949606797933
ECC+ChaCha20,5000,1,3833,0.02749999111983925,0.12830000196117908,0.09790000331122428,True,4328.949606797933
ECC+ChaCha20,5000,1,3834,0.02849999873433262,0.1311999949393794,0.0990999978967011,True,4328.949606797933
ECC+ChaCha20,5000,1,3835,0.027999994927085936,0.12840000272262841,0.1053000014508143,True,4328.949606797933
ECC+ChaCha20,5000,1,3836,0.02849999873433262,0.1258000120287761,0.09709999721962959,True,4328.949606797933
ECC+ChaCha20,5000,1,3837,0.026999987312592566,0.12630000128410757,0.09759998647496104,True,4328.949606797933
ECC+ChaCha20,5000,1,3838,0.026200010324828327,0.1247000036528334,0.09919999865815043,True,4328.949606797933
ECC+ChaCha20,5000,1,3839,0.02579999272711575,0.12369999603834003,0.09609998960513622,True,4328.949606797933
ECC+ChaCha20,5000,1,3840,0.025999994250014424,0.12350000906735659,0.09709999721962959,True,4328.949606797933
ECC+ChaCha20,5000,1,3841,0.02610000956337899,0.13359999866224825,0.10179998935200274,True,4328.949606797933
ECC+ChaCha20,5000,1,3842,0.026399997295811772,0.12339999375399202,0.09679999493528157,True,4328.949606797933
ECC+ChaCha20,5000,1,3843,0.0261999957729131,0.1235999952768907,0.09699999645818025,True,4328.949606797933
ECC+ChaCha20,5000,1,3844,0.025999994250014424,0.1235999952768907,0.09600000339560211,True,4328.949606797933
ECC+ChaCha20,5000,1,3845,0.02570000651758164,0.12260000221431255,0.09619999036658555,True,4328.949606797933
ECC+ChaCha20,5000,1,3846,0.025899993488565087,0.12280000373721123,0.09700001101009548,True,4328.949606797933
ECC+ChaCha20,5000,1,3847,0.026000008801929653,0.12379999679978937,0.09660000796429813,True,4328.949606797933
ECC+ChaCha20,5000,1,3848,0.025999994250014424,0.12290000449866056,0.09640000644139946,True,4328.949606797933
ECC+ChaCha20,5000,1,3849,0.02579999272711575,0.12319999223109335,0.09630000567995012,True,4328.949606797933
ECC+ChaCha20,5000,1,3850,0.026599998818710446,0.12479998986236751,0.09669999417383224,True,4328.949606797933
ECC+ChaCha20,5000,1,3851,0.02609999501146376,0.12419999984558672,0.09689999569673091,True,4328.949606797933
ECC+ChaCha20,5000,1,3852,0.02609999501146376,0.12309999146964401,0.09699999645818025,True,4328.949606797933
ECC+ChaCha20,5000,1,3853,0.02580000727903098,0.12369999603834003,0.09670000872574747,True,4328.949606797933
ECC+ChaCha20,5000,1,3854,0.025900008040480316,0.12320000678300858,0.09670000872574747,True,4328.949606797933
ECC+ChaCha20,5000,1,3855,0.02580000727903098,0.12240000069141388,0.09620000491850078,True,4328.949606797933
ECC+ChaCha20,5000,1,3856,0.025999994250014424,0.12340000830590725,0.09709999721962959,True,4328.949606797933
ECC+ChaCha20,5000,1,3857,0.025900008040480316,0.1230000052601099,0.09620000491850078,True,4328.949606797933
ECC+ChaCha20,5000,1,3858,0.02579999272711575,0.12379999679978937,0.0965999934123829,True,4328.949606797933
ECC+ChaCha20,5000,1,3859,0.025699991965666413,0.12270000297576189,0.09630000567995012,True,4328.949606797933
ECC+ChaCha20,5000,1,3860,0.025600005756132305,0.12299999070819467,0.09629999112803489,True,4328.949606797933
ECC+ChaCha20,5000,1,3861,0.025999994250014424,0.1238999975612387,0.09649999265093356,True,4328.949606797933
ECC+ChaCha20,5000,1,3862,0.026000008801929653,0.12859998969361186,0.09599998884368688,True,4328.949606797933
ECC+ChaCha20,5000,1,3863,0.02580000727903098,0.12329999299254268,0.09619999036658555,True,4328.949606797933
ECC+ChaCha20,5000,1,3864,0.025900008040480316,0.12310000602155924,0.09670000872574747,True,4328.949606797933
ECC+ChaCha20,5000,1,3865,0.025999994250014424,0.12299999070819467,0.09640000644139946,True,4328.949606797933
ECC+ChaCha20,5000,1,3866,0.025599991204217076,0.12240000069141388,0.09669999417383224,True,4328.949606797933
ECC+ChaCha20,5000,1,3867,0.02579999272711575,0.12289998994674534,0.0965999934123829,True,4328.949606797933
ECC+ChaCha20,5000,1,3868,0.025999994250014424,0.12310000602155924,0.09689999569673091,True,4328.949606797933
ECC+ChaCha20,5000,1,3869,0.026299996534362435,0.12250000145286322,0.09620000491850078,True,4328.949606797933
ECC+ChaCha20,5000,1,3870,0.02570000651758164,0.12310000602155924,0.09640000644139946,True,4328.949606797933
ECC+ChaCha20,5000,1,3871,0.02579999272711575,0.12339999375399202,0.09649999265093356,True,4328.949606797933
ECC+ChaCha20,5000,1,3872,0.025899993488565087,0.12280000373721123,0.09729999874252826,True,4328.949606797933
ECC+ChaCha20,5000,1,3873,0.02579999272711575,0.1331999956164509,0.1007999962894246,True,4328.949606797933
ECC+ChaCha20,5000,1,3874,0.06160000339150429,0.13000000035390258,0.09820000559557229,True,4328.949606797933
ECC+ChaCha20,5000,1,3875,0.02720000338740647,0.12630000128410757,0.0973999995039776,True,4328.949606797933
ECC+ChaCha20,5000,1,3876,0.026000008801929653,0.12379999679978937,0.09690001024864614,True,4328.949606797933
ECC+ChaCha20,5000,1,3877,0.025899993488565087,0.12349999451544136,0.09669999417383224,True,4328.949606797933
ECC+ChaCha20,5000,1,3878,0.02610000956337899,0.12350000906735659,0.09800000407267362,True,4328.949606797933
ECC+ChaCha20,5000,1,3879,0.025999994250014424,0.12469998910091817,0.09669999417383224,True,4328.949606797933
ECC+ChaCha20,5000,1,3880,0.026300011086277664,0.12310000602155924,0.09690001024864614,True,4328.949606797933
ECC+ChaCha20,5000,1,3881,0.025699991965666413,0.1230000052601099,0.09660000796429813,True,4328.949606797933
ECC+ChaCha20,5000,1,3882,0.025699991965666413,0.12399999832268804,0.09689999569673091,True,4328.949606797933
ECC+ChaCha20,5000,1,3883,0.02580000727903098,0.1238999975612387,0.0968000094871968,True,4328.949606797933
ECC+ChaCha20,5000,1,3884,0.02579999272711575,0.12339999375399202,0.09669999417383224,True,4328.949606797933
ECC+ChaCha20,5000,1,3885,0.025600005756132305,0.1238999975612387,0.09689999569673091,True,4328.949606797933
ECC+ChaCha20,5000,1,3886,0.02610000956337899,0.1230000052601099,0.09669999417383224,True,4328.949606797933
ECC+ChaCha20,5000,1,3887,0.025699991965666413,0.1230000052601099,0.09580000187270343,True,4328.949606797933
ECC+ChaCha20,5000,1,3888,0.025999994250014424,0.12409999908413738,0.0965999934123829,True,4328.949606797933
ECC+ChaCha20,5000,1,3889,0.0261999957729131,0.12369999603834003,0.09640000644139946,True,4328.949606797933
ECC+ChaCha20,5000,1,3890,0.02549999044276774,0.12330000754445791,0.09640000644139946,True,4328.949606797933
ECC+ChaCha20,5000,1,3891,0.02609999501146376,0.1235999952768907,0.09679999493528157,True,4328.949606797933
ECC+ChaCha20,5000,1,3892,0.02609999501146376,0.1247000036528334,0.09710001177154481,True,4328.949606797933
ECC+ChaCha20,5000,1,3893,0.025699991965666413,0.12430000060703605,0.09750000026542693,True,4328.949606797933
ECC+ChaCha20,5000,1,3894,0.025599991204217076,0.1348000077996403,0.09719999798107892,True,4328.949606797933
ECC+ChaCha20,5000,1,3895,0.025699991965666413,0.1235999952768907,0.09689999569673091,True,4328.949606797933
ECC+ChaCha20,5000,1,3896,0.025899993488565087,0.12330000754445791,0.09669999417383224,True,4328.949606797933
ECC+ChaCha20,5000,1,3897,0.025999994250014424,0.12339999375399202,0.09729999874252826,True,4328.949606797933
ECC+ChaCha20,5000,1,3898,0.025599991204217076,0.12270000297576189,0.0968000094871968,True,4328.949606797933
ECC+ChaCha20,5000,1,3899,0.02570000651758164,0.1230000052601099,0.09649999265093356,True,4328.949606797933
ECC+ChaCha20,5000,1,3900,0.02580000727903098,0.12360000982880592,0.09669999417383224,True,4328.949606797933
ECC+ChaCha20,5000,1,3901,0.025300003471784294,0.12360000982880592,0.09640000644139946,True,4328.949606797933
ECC+ChaCha20,5000,1,3902,0.026399997295811772,0.12419999984558672,0.09630000567995012,True,4328.949606797933
ECC+ChaCha20,5000,1,3903,0.025999994250014424,0.1235999952768907,0.09679999493528157,True,4328.949606797933
ECC+ChaCha20,5000,1,3904,0.02570000651758164,0.12369999603834003,0.09810000483412296,True,4328.949606797933
ECC+ChaCha20,5000,1,3905,0.026699999580159783,0.13380000018514693,0.1036000030580908,True,4328.949606797933
ECC+ChaCha20,5000,1,3906,0.026299996534362435,0.12549999519251287,0.09699999645818025,True,4328.949606797933
ECC+ChaCha20,5000,1,3907,0.025900008040480316,0.12209999840706587,0.09549999958835542,True,4328.949606797933
ECC+ChaCha20,5000,1,3908,0.025899993488565087,0.1255000097444281,0.09699999645818025,True,4328.949606797933
ECC+ChaCha20,5000,1,3909,0.025899993488565087,0.12260000221431255,0.09650000720284879,True,4328.949606797933
ECC+ChaCha20,5000,1,3910,0.02610000956337899,0.12289998994674534,0.09729999874252826,True,4328.949606797933
ECC+ChaCha20,5000,1,3911,0.02579999272711575,0.1235999952768907,0.09629999112803489,True,4328.949606797933
ECC+ChaCha20,5000,1,3912,0.026000008801929653,0.1235999952768907,0.09700001101009548,True,4328.949606797933
ECC+ChaCha20,5000,1,3913,0.025599991204217076,0.12260000221431255,0.09670000872574747,True,4328.949606797933
ECC+ChaCha20,5000,1,3914,0.025999994250014424,0.1235999952768907,0.09669999417383224,True,4328.949606797933
ECC+ChaCha20,5000,1,3915,0.05360000068321824,0.12850000348407775,0.09950000094249845,True,4328.949606797933
ECC+ChaCha20,5000,1,3916,0.02680000034160912,0.12440000136848539,0.09770000178832561,True,4328.949606797933
ECC+ChaCha20,5000,1,3917,0.02649999805726111,0.12539999443106353,0.09699999645818025,True,4328.949606797933
ECC+ChaCha20,5000,1,3918,0.025699991965666413,0.12329999299254268,0.09679999493528157,True,4328.949606797933
ECC+ChaCha20,5000,1,3919,0.025300003471784294,0.12340000830590725,0.09690001024864614,True,4328.949606797933
ECC+ChaCha20,5000,1,3920,0.02649999805726111,0.12540000898297876,0.0968000094871968,True,4328.949606797933
ECC+ChaCha20,5000,1,3921,0.02570000651758164,0.12370001059025526,0.09660000796429813,True,4328.949606797933
ECC+ChaCha20,5000,1,3922,0.025500004994682968,0.12340000830590725,0.09670000872574747,True,4328.949606797933
ECC+ChaCha20,5000,1,3923,0.025899993488565087,0.12310000602155924,0.09620000491850078,True,4328.949606797933
ECC+ChaCha20,5000,1,3924,0.025899993488565087,0.12309999146964401,0.09669999417383224,True,4328.949606797933
ECC+ChaCha20,5000,1,3925,0.025899993488565087,0.12310000602155924,0.09620000491850078,True,4328.949606797933
ECC+ChaCha20,5000,1,3926,0.025899993488565087,0.12240000069141388,0.09649999265093356,True,4328.949606797933
ECC+ChaCha20,5000,1,3927,0.02579999272711575,0.1238999975612387,0.11379999341443181,True,4328.949606797933
ECC+ChaCha20,5000,1,3928,0.028599999495781958,0.12440000136848539,0.09699999645818025,True,4328.949606797933
ECC+ChaCha20,5000,1,3929,0.026299996534362435,0.12379999679978937,0.0968000094871968,True,4328.949606797933
ECC+ChaCha20,5000,1,3930,0.026299996534362435,0.12310000602155924,0.09630000567995012,True,4328.949606797933
ECC+ChaCha20,5000,1,3931,0.026000008801929653,0.12399999832268804,0.09640000644139946,True,4328.949606797933
ECC+ChaCha20,5000,1,3932,0.026500012609176338,0.12280000373721123,0.09580000187270343,True,4328.949606797933
ECC+ChaCha20,5000,1,3933,0.026299996534362435,0.1238999975612387,0.09630000567995012,True,4328.949606797933
ECC+ChaCha20,5000,1,3934,0.025699991965666413,0.12379999679978937,0.09649999265093356,True,4328.949606797933
ECC+ChaCha20,5000,1,3935,0.026299996534362435,0.13380000018514693,0.10280001151841134,True,4328.949606797933
ECC+ChaCha20,5000,1,3936,0.026000008801929653,0.1250000059371814,0.09630000567995012,True,4328.949606797933
ECC+ChaCha20,5000,1,3937,0.026399997295811772,0.12349999451544136,0.09629999112803489,True,4328.949606797933
ECC+ChaCha20,5000,1,3938,0.025999994250014424,0.12319999223109335,0.09649999265093356,True,4328.949606797933
ECC+ChaCha20,5000,1,3939,0.025899993488565087,0.12349999451544136,0.09610000415705144,True,4328.949606797933
ECC+ChaCha20,5000,1,3940,0.025599991204217076,0.12260000221431255,0.09630000567995012,True,4328.949606797933
ECC+ChaCha20,5000,1,3941,0.025900008040480316,0.1235999952768907,0.09670000872574747,True,4328.949606797933
ECC+ChaCha20,5000,1,3942,0.025500004994682968,0.12350000906735659,0.09620000491850078,True,4328.949606797933
ECC+ChaCha20,5000,1,3943,0.02610000956337899,0.12369999603834003,0.09670000872574747,True,4328.949606797933
ECC+ChaCha20,5000,1,3944,0.025699991965666413,0.12270000297576189,0.09670000872574747,True,4328.949606797933
ECC+ChaCha20,5000,1,3945,0.02689998655114323,0.12510000669863075,0.09700001101009548,True,4328.949606797933
ECC+ChaCha20,5000,1,3946,0.02579999272711575,0.12419999984558672,0.09610000415705144,True,4328.949606797933
ECC+ChaCha20,5000,1,3947,0.025699991965666413,0.12330000754445791,0.09650000720284879,True,4328.949606797933
ECC+ChaCha20,5000,1,3948,0.02549999044276774,0.12209999840706587,0.09539999882690609,True,4328.949606797933
ECC+ChaCha20,5000,1,3949,0.026399997295811772,0.12480000441428274,0.09689999569673091,True,4328.949606797933
ECC+ChaCha20,5000,1,3950,0.02570000651758164,0.12330000754445791,0.09710001177154481,True,4328.949606797933
ECC+ChaCha20,5000,1,3951,0.026000008801929653,0.122799989185296,0.0965999934123829,True,4328.949606797933
ECC+ChaCha20,5000,1,3952,0.026200010324828327,0.1238000113517046,0.09669999417383224,True,4328.949606797933
ECC+ChaCha20,5000,1,3953,0.025900008040480316,0.12360000982880592,0.09660000796429813,True,4328.949606797933
ECC+ChaCha20,5000,1,3954,0.02580000727903098,0.12370001059025526,0.09719999798107892,True,4328.949606797933
ECC+ChaCha20,5000,1,3955,0.028700000257231295,0.12339999375399202,0.09690001024864614,True,4328.949606797933
ECC+ChaCha20,5000,1,3956,0.06280001252889633,0.13830000534653664,0.09900001168716699,True,4328.949606797933
ECC+ChaCha20,5000,1,3957,0.02710000262595713,0.1260999997612089,0.09770000178832561,True,4328.949606797933
ECC+ChaCha20,5000,1,3958,0.02649999805726111,0.12440000136848539,0.09870000940281898,True,4328.949606797933
ECC+ChaCha20,5000,1,3959,0.025999994250014424,0.12450000212993473,0.09649999265093356,True,4328.949606797933
ECC+ChaCha20,5000,1,3960,0.02580000727903098,0.12360000982880592,0.09750000026542693,True,4328.949606797933
ECC+ChaCha20,5000,1,3961,0.025899993488565087,0.12379999679978937,0.09649999265093356,True,4328.949606797933
ECC+ChaCha20,5000,1,3962,0.02580000727903098,0.12329999299254268,0.09619999036658555,True,4328.949606797933
ECC+ChaCha20,5000,1,3963,0.025699991965666413,0.12229999992996454,0.09649999265093356,True,4328.949606797933
ECC+ChaCha20,5000,1,3964,0.025900008040480316,0.12350000906735659,0.09620000491850078,True,4328.949606797933
ECC+ChaCha20,5000,1,3965,0.02570000651758164,0.12379999679978937,0.09590000263415277,True,4328.949606797933
ECC+ChaCha20,5000,1,3966,0.02580000727903098,0.13330001092981547,0.10430000838823617,True,4328.949606797933
ECC+ChaCha20,5000,1,3967,0.025500004994682968,0.12430000060703605,0.09660000796429813,True,4328.949606797933
ECC+ChaCha20,5000,1,3968,0.025599991204217076,0.12419999984558672,0.0973999995039776,True,4328.949606797933
ECC+ChaCha20,5000,1,3969,0.025699991965666413,0.1238999975612387,0.09609998960513622,True,4328.949606797933
ECC+ChaCha20,5000,1,3970,0.026200010324828327,0.1238000113517046,0.09699999645818025,True,4328.949606797933
ECC+ChaCha20,5000,1,3971,0.02580000727903098,0.12440000136848539,0.09669999417383224,True,4328.949606797933
ECC+ChaCha20,5000,1,3972,0.02610000956337899,0.12499999138526618,0.09690001024864614,True,4328.949606797933
ECC+ChaCha20,5000,1,3973,0.02579999272711575,0.12310000602155924,0.09600000339560211,True,4328.949606797933
ECC+ChaCha20,5000,1,3974,0.025599991204217076,0.12290000449866056,0.09699999645818025,True,4328.949606797933
ECC+ChaCha20,5000,1,3975,0.02580000727903098,0.12250000145286322,0.0965999934123829,True,4328.949606797933
ECC+ChaCha20,5000,1,3976,0.025599991204217076,0.12320000678300858,0.0965999934123829,True,4328.949606797933
ECC+ChaCha20,5000,1,3977,0.025899993488565087,0.12240000069141388,0.09670000872574747,True,4328.949606797933
ECC+ChaCha20,5000,1,3978,0.025699991965666413,0.12399999832268804,0.09639999188948423,True,4328.949606797933
ECC+ChaCha20,5000,1,3979,0.025899993488565087,0.12309999146964401,0.09610000415705144,True,4328.949606797933
ECC+ChaCha20,5000,1,3980,0.025500004994682968,0.12340000830590725,0.0968000094871968,True,4328.949606797933
ECC+ChaCha20,5000,1,3981,0.025599991204217076,0.12339999375399202,0.0965999934123829,True,4328.949606797933
ECC+ChaCha20,5000,1,3982,0.02610000956337899,0.12280000373721123,0.09679999493528157,True,4328.949606797933
ECC+ChaCha20,5000,1,3983,0.02540000423323363,0.12299999070819467,0.09589998808223754,True,4328.949606797933
ECC+ChaCha20,5000,1,3984,0.026300011086277664,0.12330000754445791,0.09610000415705144,True,4328.949606797933
ECC+ChaCha20,5000,1,3985,0.02570000651758164,0.12370001059025526,0.0968000094871968,True,4328.949606797933
ECC+ChaCha20,5000,1,3986,0.025500004994682968,0.12299999070819467,0.09669999417383224,True,4328.949606797933
ECC+ChaCha20,5000,1,3987,0.02570000651758164,0.13279999257065356,0.09679999493528157,True,4328.949606797933
ECC+ChaCha20,5000,1,3988,0.02570000651758164,0.12339999375399202,0.09669999417383224,True,4328.949606797933
ECC+ChaCha20,5000,1,3989,0.02570000651758164,0.12240000069141388,0.0965999934123829,True,4328.949606797933
ECC+ChaCha20,5000,1,3990,0.025999994250014424,0.12660000356845558,0.09580000187270343,True,4328.949606797933
ECC+ChaCha20,5000,1,3991,0.02610000956337899,0.12260000221431255,0.09619999036658555,True,4328.949606797933
ECC+ChaCha20,5000,1,3992,0.02570000651758164,0.12229999992996454,0.09640000644139946,True,4328.949606797933
ECC+ChaCha20,5000,1,3993,0.02540000423323363,0.12179999612271786,0.09639999188948423,True,4328.949606797933
ECC+ChaCha20,5000,1,3994,0.025600005756132305,0.12430000060703605,0.09669999417383224,True,4328.949606797933
ECC+ChaCha20,5000,1,3995,0.025300003471784294,0.12179999612271786,0.0965999934123829,True,4328.949606797933
ECC+ChaCha20,5000,1,3996,0.02579999272711575,0.12430000060703605,0.09660000796429813,True,4328.949606797933
ECC+ChaCha20,5000,1,3997,0.02579999272711575,0.14350000128615648,0.09670000872574747,True,4328.949606797933
ECC+ChaCha20,5000,1,3998,0.0261999957729131,0.1336999994236976,0.10259999544359744,True,4328.949606797933
ECC+ChaCha20,5000,1,3999,0.026300011086277664,0.12480000441428274,0.09679999493528157,True,4328.949606797933
ECC+ChaCha20,5000,1,4000,0.026399997295811772,0.1247000036528334,0.09750000026542693,True,4328.949606797933
ECC+ChaCha20,5000,1,4001,0.026599998818710446,0.12510000669863075,0.09670000872574747,True,4328.949606797933
ECC+ChaCha20,5000,1,4002,0.02609999501146376,0.12369999603834003,0.09679999493528157,True,4328.949606797933
ECC+ChaCha20,5000,1,4003,0.02579999272711575,0.12440000136848539,0.09629999112803489,True,4328.949606797933
ECC+ChaCha20,5000,1,4004,0.02570000651758164,0.12339999375399202,0.09639999188948423,True,4328.949606797933
ECC+ChaCha20,5000,1,4005,0.026200010324828327,0.12599999899975955,0.09719999798107892,True,4328.949606797933
ECC+ChaCha20,5000,1,4006,0.02610000956337899,0.12419999984558672,0.09630000567995012,True,4328.949606797933
ECC+ChaCha20,5000,1,4007,0.02649999805726111,0.12450000212993473,0.09719999798107892,True,4328.949606797933
ECC+ChaCha20,5000,1,4008,0.026399997295811772,0.13410000246949494,0.10210000618826598,True,4328.949606797933
ECC+ChaCha20,5000,1,4009,0.02609999501146376,0.12399999832268804,0.09760000102687627,True,4328.949606797933
ECC+ChaCha20,5000,1,4010,0.025899993488565087,0.1247000036528334,0.09650000720284879,True,4328.949606797933
ECC+ChaCha20,5000,1,4011,0.02610000956337899,0.1238999975612387,0.09640000644139946,True,4328.949606797933
ECC+ChaCha20,5000,1,4012,0.02610000956337899,0.12310000602155924,0.09650000720284879,True,4328.949606797933
ECC+ChaCha20,5000,1,4013,0.02580000727903098,0.12310000602155924,0.09610000415705144,True,4328.949606797933
ECC+ChaCha20,5000,1,4014,0.02609999501146376,0.12379999679978937,0.09580000187270343,True,4328.949606797933
ECC+ChaCha20,5000,1,4015,0.025500004994682968,0.12310000602155924,0.09690001024864614,True,4328.949606797933
ECC+ChaCha20,5000,1,4016,0.0261999957729131,0.12509999214671552,0.09699999645818025,True,4328.949606797933
ECC+ChaCha20,5000,1,4017,0.025899993488565087,0.1238999975612387,0.09699999645818025,True,4328.949606797933
ECC+ChaCha20,5000,1,4018,0.02649999805726111,0.1323000033153221,0.10439999459777027,True,4328.949606797933
ECC+ChaCha20,5000,1,4019,0.025699991965666413,0.12369999603834003,0.09719999798107892,True,4328.949606797933
ECC+ChaCha20,5000,1,4020,0.025600005756132305,0.12350000906735659,0.09689999569673091,True,4328.949606797933
ECC+ChaCha20,5000,1,4021,0.025900008040480316,0.12620000052265823,0.09679999493528157,True,4328.949606797933
ECC+ChaCha20,5000,1,4022,0.025999994250014424,0.12339999375399202,0.09649999265093356,True,4328.949606797933
ECC+ChaCha20,5000,1,4023,0.02610000956337899,0.1238999975612387,0.09649999265093356,True,4328.949606797933
ECC+ChaCha20,5000,1,4024,0.02580000727903098,0.12310000602155924,0.09719999798107892,True,4328.949606797933
ECC+ChaCha20,5000,1,4025,0.025999994250014424,0.12440000136848539,0.09610000415705144,True,4328.949606797933
ECC+ChaCha20,5000,1,4026,0.025600005756132305,0.12360000982880592,0.09690001024864614,True,4328.949606797933
ECC+ChaCha20,5000,1,4027,0.02549999044276774,0.12240000069141388,0.09669999417383224,True,4328.949606797933
ECC+ChaCha20,5000,1,4028,0.02570000651758164,0.12349999451544136,0.0965999934123829,True,4328.949606797933
ECC+ChaCha20,5000,1,4029,0.02580000727903098,0.12250000145286322,0.09650000720284879,True,4328.949606797933
ECC+ChaCha20,5000,1,4030,0.02580000727903098,0.12329999299254268,0.09699999645818025,True,4328.949606797933
ECC+ChaCha20,5000,1,4031,0.026200010324828327,0.12399999832268804,0.09600000339560211,True,4328.949606797933
ECC+ChaCha20,5000,1,4032,0.02609999501146376,0.12369999603834003,0.09690001024864614,True,4328.949606797933
ECC+ChaCha20,5000,1,4033,0.026299996534362435,0.12430000060703605,0.09630000567995012,True,4328.949606797933
ECC+ChaCha20,5000,1,4034,0.02579999272711575,0.12309999146964401,0.10119999933522195,True,4328.949606797933
ECC+ChaCha20,5000,1,4035,0.025600005756132305,0.12240000069141388,0.09669999417383224,True,4328.949606797933
ECC+ChaCha20,5000,1,4036,0.025500004994682968,0.12250000145286322,0.0968000094871968,True,4328.949606797933
ECC+ChaCha20,5000,1,4037,0.025900008040480316,0.122799989185296,0.09620000491850078,True,4328.949606797933
ECC+ChaCha20,5000,1,4038,0.058299992815591395,0.1294999965466559,0.09760000102687627,True,4328.949606797933
ECC+ChaCha20,5000,1,4039,0.02749999111983925,0.13499999477062374,0.09699999645818025,True,4328.949606797933
ECC+ChaCha20,5000,1,4040,0.026599998818710446,0.12390001211315393,0.0965999934123829,True,4328.949606797933
ECC+ChaCha20,5000,1,4041,0.02580000727903098,0.122799989185296,0.09610000415705144,True,4328.949606797933
ECC+ChaCha20,5000,1,4042,0.025600005756132305,0.12390001211315393,0.09590000263415277,True,4328.949606797933
ECC+ChaCha20,5000,1,4043,0.026299996534362435,0.12369999603834003,0.09640000644139946,True,4328.949606797933
ECC+ChaCha20,5000,1,4044,0.025600005756132305,0.12280000373721123,0.09729999874252826,True,4328.949606797933
ECC+ChaCha20,5000,1,4045,0.02649999805726111,0.12379999679978937,0.0965999934123829,True,4328.949606797933
ECC+ChaCha20,5000,1,4046,0.025599991204217076,0.1247000036528334,0.09699999645818025,True,4328.949606797933
ECC+ChaCha20,5000,1,4047,0.025999994250014424,0.12440000136848539,0.09729999874252826,True,4328.949606797933
ECC+ChaCha20,5000,1,4048,0.02609999501146376,0.12409999908413738,0.09660000796429813,True,4328.949606797933
ECC+ChaCha20,5000,1,4049,0.025899993488565087,0.12399999832268804,0.09650000720284879,True,4328.949606797933
ECC+ChaCha20,5000,1,4050,0.026399997295811772,0.12330000754445791,0.09690001024864614,True,4328.949606797933
ECC+ChaCha20,5000,1,4051,0.0261999957729131,0.12360000982880592,0.09699999645818025,True,4328.949606797933
ECC+ChaCha20,5000,1,4052,0.0261999957729131,0.12479998986236751,0.0973999995039776,True,4328.949606797933
ECC+ChaCha20,5000,1,4053,0.026399997295811772,0.12670000432990491,0.09650000720284879,True,4328.949606797933
ECC+ChaCha20,5000,1,4054,0.026000008801929653,0.12450000212993473,0.09689999569673091,True,4328.949606797933
ECC+ChaCha20,5000,1,4055,0.02609999501146376,0.12440000136848539,0.0974999857135117,True,4328.949606797933
ECC+ChaCha20,5000,1,4056,0.02570000651758164,0.12299999070819467,0.09620000491850078,True,4328.949606797933
ECC+ChaCha20,5000,1,4057,0.025699991965666413,0.12329999299254268,0.09750000026542693,True,4328.949606797933
ECC+ChaCha20,5000,1,4058,0.026900001103058457,0.12450000212993473,0.09729999874252826,True,4328.949606797933
ECC+ChaCha20,5000,1,4059,0.02540000423323363,0.145500001963228,0.09719999798107892,True,4328.949606797933
ECC+ChaCha20,5000,1,4060,0.027399990358389914,0.1247000036528334,0.09670000872574747,True,4328.949606797933
ECC+ChaCha20,5000,1,4061,0.02579999272711575,0.12260000221431255,0.0968000094871968,True,4328.949606797933
ECC+ChaCha20,5000,1,4062,0.025900008040480316,0.12270000297576189,0.09649999265093356,True,4328.949606797933
ECC+ChaCha20,5000,1,4063,0.026299996534362435,0.12369999603834003,0.09599998884368688,True,4328.949606797933
ECC+ChaCha20,5000,1,4064,0.02610000956337899,0.12289998994674534,0.09649999265093356,True,4328.949606797933
ECC+ChaCha20,5000,1,4065,0.025999994250014424,0.12320000678300858,0.09590000263415277,True,4328.949606797933
ECC+ChaCha20,5000,1,4066,0.025500004994682968,0.12280000373721123,0.09639999188948423,True,4328.949606797933
ECC+ChaCha20,5000,1,4067,0.026000008801929653,0.12290000449866056,0.09629999112803489,True,4328.949606797933
ECC+ChaCha20,5000,1,4068,0.025899993488565087,0.12309999146964401,0.09709999721962959,True,4328.949606797933
ECC+ChaCha20,5000,1,4069,0.02579999272711575,0.12320000678300858,0.09719999798107892,True,4328.949606797933
ECC+ChaCha20,5000,1,4070,0.025600005756132305,0.12330000754445791,0.09610000415705144,True,4328.949606797933
ECC+ChaCha20,5000,1,4071,0.026200010324828327,0.12480000441428274,0.09719999798107892,True,4328.949606797933
ECC+ChaCha20,5000,1,4072,0.026300011086277664,0.12320000678300858,0.09630000567995012,True,4328.949606797933
ECC+ChaCha20,5000,1,4073,0.026399997295811772,0.12350000906735659,0.09699999645818025,True,4328.949606797933
ECC+ChaCha20,5000,1,4074,0.025900008040480316,0.1238000113517046,0.09689999569673091,True,4328.949606797933
ECC+ChaCha20,5000,1,4075,0.02609999501146376,0.1238999975612387,0.09670000872574747,True,4328.949606797933
ECC+ChaCha20,5000,1,4076,0.02580000727903098,0.12270000297576189,0.09629999112803489,True,4328.949606797933
ECC+ChaCha20,5000,1,4077,0.02580000727903098,0.12280000373721123,0.09669999417383224,True,4328.949606797933
ECC+ChaCha20,5000,1,4078,0.02580000727903098,0.12280000373721123,0.0965999934123829,True,4328.949606797933
ECC+ChaCha20,5000,1,4079,0.04100000660400838,0.1289000065298751,0.0985000078799203,True,4328.949606797933
ECC+ChaCha20,5000,1,4080,0.026699999580159783,0.13529999705497175,0.10579999070614576,True,4328.949606797933
ECC+ChaCha20,5000,1,4081,0.02579999272711575,0.12330000754445791,0.0965999934123829,True,4328.949606797933
ECC+ChaCha20,5000,1,4082,0.025899993488565087,0.12409999908413738,0.09619999036658555,True,4328.949606797933
ECC+ChaCha20,5000,1,4083,0.025900008040480316,0.12450000212993473,0.09770000178832561,True,4328.949606797933
ECC+ChaCha20,5000,1,4084,0.026399997295811772,0.12650000280700624,0.09640000644139946,True,4328.949606797933
ECC+ChaCha20,5000,1,4085,0.02710000262595713,0.12709999282378703,0.09750000026542693,True,4328.949606797933
ECC+ChaCha20,5000,1,4086,0.025899993488565087,0.12270000297576189,0.09610000415705144,True,4328.949606797933
ECC+ChaCha20,5000,1,4087,0.025699991965666413,0.12349999451544136,0.09649999265093356,True,4328.949606797933
ECC+ChaCha20,5000,1,4088,0.02580000727903098,0.12410001363605261,0.09679999493528157,True,4328.949606797933
ECC+ChaCha20,5000,1,4089,0.02540000423323363,0.12269998842384666,0.09620000491850078,True,4328.949606797933
ECC+ChaCha20,5000,1,4090,0.025500004994682968,0.12409999908413738,0.09670000872574747,True,4328.949606797933
ECC+ChaCha20,5000,1,4091,0.025699991965666413,0.15239999629557133,0.10230000771116465,True,4328.949606797933
ECC+ChaCha20,5000,1,4092,0.0278999941656366,0.12769999739248306,0.09750000026542693,True,4328.949606797933
ECC+ChaCha20,5000,1,4093,0.0261999957729131,0.12539999443106353,0.09720001253299415,True,4328.949606797933
ECC+ChaCha20,5000,1,4094,0.02609999501146376,0.12440000136848539,0.09699999645818025,True,4328.949606797933
ECC+ChaCha20,5000,1,4095,0.0261999957729131,0.12450000212993473,0.09700001101009548,True,4328.949606797933
ECC+ChaCha20,5000,1,4096,0.0261999957729131,0.12510000669863075,0.09640000644139946,True,4328.949606797933
ECC+ChaCha20,5000,1,4097,0.025899993488565087,0.12460000289138407,0.09660000796429813,True,4328.949606797933
ECC+ChaCha20,5000,1,4098,0.02609999501146376,0.12289998994674534,0.09679999493528157,True,4328.949606797933
ECC+ChaCha20,5000,1,4099,0.02579999272711575,0.12339999375399202,0.09679999493528157,True,4328.949606797933
ECC+ChaCha20,5000,1,4100,0.025900008040480316,0.12339999375399202,0.09610000415705144,True,4328.949606797933
ECC+ChaCha20,5000,1,4101,0.025600005756132305,0.12299999070819467,0.09699999645818025,True,4328.949606797933
ECC+ChaCha20,5000,1,4102,0.02579999272711575,0.12330000754445791,0.09600000339560211,True,4328.949606797933
ECC+ChaCha20,5000,1,4103,0.025599991204217076,0.12330000754445791,0.09760000102687627,True,4328.949606797933
ECC+ChaCha20,5000,1,4104,0.02580000727903098,0.12399999832268804,0.09699999645818025,True,4328.949606797933
ECC+ChaCha20,5000,1,4105,0.02570000651758164,0.12299999070819467,0.09669999417383224,True,4328.949606797933
ECC+ChaCha20,5000,1,4106,0.025600005756132305,0.12409999908413738,0.09600000339560211,True,4328.949606797933
ECC+ChaCha20,5000,1,4107,0.02579999272711575,0.12369999603834003,0.09689999569673091,True,4328.949606797933
ECC+ChaCha20,5000,1,4108,0.02579999272711575,0.12379999679978937,0.09689999569673091,True,4328.949606797933
ECC+ChaCha20,5000,1,4109,0.02610000956337899,0.12370001059025526,0.09709999721962959,True,4328.949606797933
ECC+ChaCha20,5000,1,4110,0.026399997295811772,0.12430000060703605,0.09709999721962959,True,4328.949606797933
ECC+ChaCha20,5000,1,4111,0.026599998818710446,0.1244999875780195,0.09760000102687627,True,4328.949606797933
ECC+ChaCha20,5000,1,4112,0.025999994250014424,0.12339999375399202,0.0965999934123829,True,4328.949606797933
ECC+ChaCha20,5000,1,4113,0.026299996534362435,0.12429998605512083,0.09709999721962959,True,4328.949606797933
ECC+ChaCha20,5000,1,4114,0.025999994250014424,0.1230000052601099,0.09620000491850078,True,4328.949606797933
ECC+ChaCha20,5000,1,4115,0.025500004994682968,0.12240000069141388,0.09669999417383224,True,4328.949606797933
ECC+ChaCha20,5000,1,4116,0.0261999957729131,0.12399999832268804,0.09669999417383224,True,4328.949606797933
ECC+ChaCha20,5000,1,4117,0.02580000727903098,0.12599999899975955,0.09590000263415277,True,4328.949606797933
ECC+ChaCha20,5000,1,4118,0.025999994250014424,0.12339999375399202,0.09689999569673091,True,4328.949606797933
ECC+ChaCha20,5000,1,4119,0.025899993488565087,0.12260000221431255,0.0957999873207882,True,4328.949606797933
ECC+ChaCha20,5000,1,4120,0.025699991965666413,0.16239999968092889,0.09860000864136964,True,4328.949606797933
ECC+ChaCha20,5000,1,4121,0.02890000178012997,0.12969999806955457,0.09819999104365706,True,4328.949606797933
ECC+ChaCha20,5000,1,4122,0.0261999957729131,0.12379999679978937,0.09669999417383224,True,4328.949606797933
ECC+ChaCha20,5000,1,4123,0.0261999957729131,0.12480000441428274,0.09699999645818025,True,4328.949606797933
ECC+ChaCha20,5000,1,4124,0.025999994250014424,0.12369999603834003,0.09599998884368688,True,4328.949606797933
ECC+ChaCha20,5000,1,4125,0.025999994250014424,0.12320000678300858,0.09689999569673091,True,4328.949606797933
ECC+ChaCha20,5000,1,4126,0.02580000727903098,0.12330000754445791,0.09660000796429813,True,4328.949606797933
ECC+ChaCha20,5000,1,4127,0.02570000651758164,0.12329999299254268,0.09649999265093356,True,4328.949606797933
ECC+ChaCha20,5000,1,4128,0.026000008801929653,0.12430000060703605,0.09630000567995012,True,4328.949606797933
ECC+ChaCha20,5000,1,4129,0.026300011086277664,0.12360000982880592,0.09640000644139946,True,4328.949606797933
ECC+ChaCha20,5000,1,4130,0.02580000727903098,0.1238999975612387,0.09600000339560211,True,4328.949606797933
ECC+ChaCha20,5000,1,4131,0.02570000651758164,0.12320000678300858,0.09700001101009548,True,4328.949606797933
ECC+ChaCha20,5000,1,4132,0.02680000034160912,0.12310000602155924,0.09669999417383224,True,4328.949606797933
ECC+ChaCha20,5000,1,4133,0.026000008801929653,0.12299999070819467,0.09619999036658555,True,4328.949606797933
ECC+ChaCha20,5000,1,4134,0.025699991965666413,0.1235999952768907,0.09669999417383224,True,4328.949606797933
ECC+ChaCha20,5000,1,4135,0.025899993488565087,0.1230000052601099,0.0957000011112541,True,4328.949606797933
ECC+ChaCha20,5000,1,4136,0.026299996534362435,0.12269998842384666,0.0965999934123829,True,4328.949606797933
ECC+ChaCha20,5000,1,4137,0.026299996534362435,0.12440000136848539,0.09729999874252826,True,4328.949606797933
ECC+ChaCha20,5000,1,4138,0.026299996534362435,0.12409999908413738,0.09669999417383224,True,4328.949606797933
ECC+ChaCha20,5000,1,4139,0.02580000727903098,0.12260000221431255,0.09629999112803489,True,4328.949606797933
ECC+ChaCha20,5000,1,4140,0.025600005756132305,0.12290000449866056,0.09609998960513622,True,4328.949606797933
ECC+ChaCha20,5000,1,4141,0.025699991965666413,0.12330000754445791,0.09689999569673091,True,4328.949606797933
ECC+ChaCha20,5000,1,4142,0.0261999957729131,0.13499999477062374,0.09819999104365706,True,4328.949606797933
ECC+ChaCha20,5000,1,4143,0.02609999501146376,0.12499999138526618,0.09669999417383224,True,4328.949606797933
ECC+ChaCha20,5000,1,4144,0.02580000727903098,0.12349999451544136,0.09660000796429813,True,4328.949606797933
ECC+ChaCha20,5000,1,4145,0.025699991965666413,0.1230000052601099,0.0968000094871968,True,4328.949606797933
ECC+ChaCha20,5000,1,4146,0.02580000727903098,0.12319999223109335,0.09599998884368688,True,4328.949606797933
ECC+ChaCha20,5000,1,4147,0.02570000651758164,0.12270000297576189,0.09589998808223754,True,4328.949606797933
ECC+ChaCha20,5000,1,4148,0.025599991204217076,0.12349999451544136,0.09679999493528157,True,4328.949606797933
ECC+ChaCha20,5000,1,4149,0.02609999501146376,0.12719999358523637,0.09649999265093356,True,4328.949606797933
ECC+ChaCha20,5000,1,4150,0.026000008801929653,0.12340000830590725,0.09640000644139946,True,4328.949606797933
ECC+ChaCha20,5000,1,4151,0.02570000651758164,0.12350000906735659,0.09670000872574747,True,4328.949606797933
ECC+ChaCha20,5000,1,4152,0.025600005756132305,0.12309999146964401,0.09689999569673091,True,4328.949606797933
ECC+ChaCha20,5000,1,4153,0.026000008801929653,0.12759999663103372,0.09690001024864614,True,4328.949606797933
ECC+ChaCha20,5000,1,4154,0.02610000956337899,0.12509999214671552,0.09709999721962959,True,4328.949606797933
ECC+ChaCha20,5000,1,4155,0.025899993488565087,0.12329999299254268,0.09729999874252826,True,4328.949606797933
ECC+ChaCha20,5000,1,4156,0.026000008801929653,0.12240000069141388,0.09699999645818025,True,4328.949606797933
ECC+ChaCha20,5000,1,4157,0.025699991965666413,0.12209999840706587,0.09690001024864614,True,4328.949606797933
ECC+ChaCha20,5000,1,4158,0.02570000651758164,0.12250000145286322,0.09590000263415277,True,4328.949606797933
ECC+ChaCha20,5000,1,4159,0.02579999272711575,0.12409999908413738,0.09590000263415277,True,4328.949606797933
ECC+ChaCha20,5000,1,4160,0.02570000651758164,0.12290000449866056,0.0957000011112541,True,4328.949606797933
ECC+ChaCha20,5000,1,4161,0.060999998822808266,0.1277999981539324,0.09729999874252826,True,4328.949606797933
ECC+ChaCha20,5000,1,4162,0.02710000262595713,0.12700000661425292,0.09750000026542693,True,4328.949606797933
ECC+ChaCha20,5000,1,4163,0.02750000567175448,0.13689999468624592,0.10050000855699182,True,4328.949606797933
ECC+ChaCha20,5000,1,4164,0.026200010324828327,0.12440000136848539,0.09719999798107892,True,4328.949606797933
ECC+ChaCha20,5000,1,4165,0.02570000651758164,0.12370001059025526,0.09640000644139946,True,4328.949606797933
ECC+ChaCha20,5000,1,4166,0.02580000727903098,0.12459998833946884,0.09790000331122428,True,4328.949606797933
ECC+ChaCha20,5000,1,4167,0.025899993488565087,0.1230000052601099,0.09620000491850078,True,4328.949606797933
ECC+ChaCha20,5000,1,4168,0.02649999805726111,0.12409999908413738,0.09729999874252826,True,4328.949606797933
ECC+ChaCha20,5000,1,4169,0.026599998818710446,0.12430000060703605,0.09669999417383224,True,4328.949606797933
ECC+ChaCha20,5000,1,4170,0.0261999957729131,0.12469998910091817,0.09719999798107892,True,4328.949606797933
ECC+ChaCha20,5000,1,4171,0.025999994250014424,0.12430000060703605,0.09800000407267362,True,4328.949606797933
ECC+ChaCha20,5000,1,4172,0.02609999501146376,0.1238999975612387,0.09719999798107892,True,4328.949606797933
ECC+ChaCha20,5000,1,4173,0.026599998818710446,0.1238000113517046,0.09600000339560211,True,4328.949606797933
ECC+ChaCha20,5000,1,4174,0.0261999957729131,0.12379999679978937,0.09670000872574747,True,4328.949606797933
ECC+ChaCha20,5000,1,4175,0.025600005756132305,0.12280000373721123,0.0965999934123829,True,4328.949606797933
ECC+ChaCha20,5000,1,4176,0.025999994250014424,0.12310000602155924,0.09620000491850078,True,4328.949606797933
ECC+ChaCha20,5000,1,4177,0.026299996534362435,0.12289998994674534,0.09649999265093356,True,4328.949606797933
ECC+ChaCha20,5000,1,4178,0.025900008040480316,0.12250000145286322,0.09620000491850078,True,4328.949606797933
ECC+ChaCha20,5000,1,4179,0.0261999957729131,0.12310000602155924,0.09590000263415277,True,4328.949606797933
ECC+ChaCha20,5000,1,4180,0.02580000727903098,0.12399999832268804,0.09669999417383224,True,4328.949606797933
ECC+ChaCha20,5000,1,4181,0.025699991965666413,0.1250000059371814,0.09600000339560211,True,4328.949606797933
ECC+ChaCha20,5000,1,4182,0.02570000651758164,0.12340000830590725,0.09640000644139946,True,4328.949606797933
ECC+ChaCha20,5000,1,4183,0.025999994250014424,0.12399999832268804,0.09670000872574747,True,4328.949606797933
ECC+ChaCha20,5000,1,4184,0.02549999044276774,0.12280000373721123,0.09710001177154481,True,4328.949606797933
ECC+ChaCha20,5000,1,4185,0.02549999044276774,0.12270000297576189,0.09650000720284879,True,4328.949606797933
ECC+ChaCha20,5000,1,4186,0.025600005756132305,0.12340000830590725,0.09640000644139946,True,4328.949606797933
ECC+ChaCha20,5000,1,4187,0.025500004994682968,0.12229999992996454,0.0968000094871968,True,4328.949606797933
ECC+ChaCha20,5000,1,4188,0.02540000423323363,0.12289998994674534,0.09649999265093356,True,4328.949606797933
ECC+ChaCha20,5000,1,4189,0.025399989681318402,0.12319999223109335,0.09699999645818025,True,4328.949606797933
ECC+ChaCha20,5000,1,4190,0.026000008801929653,0.12320000678300858,0.09650000720284879,True,4328.949606797933
ECC+ChaCha20,5000,1,4191,0.02579999272711575,0.12320000678300858,0.13240000407677144,True,4328.949606797933
ECC+ChaCha20,5000,1,4192,0.0278999941656366,0.12660000356845558,0.0973999995039776,True,4328.949606797933
ECC+ChaCha20,5000,1,4193,0.026599998818710446,0.12430000060703605,0.09699999645818025,True,4328.949606797933
ECC+ChaCha20,5000,1,4194,0.026599998818710446,0.1238000113517046,0.09650000720284879,True,4328.949606797933
ECC+ChaCha20,5000,1,4195,0.026699999580159783,0.12350000906735659,0.09750000026542693,True,4328.949606797933
ECC+ChaCha20,5000,1,4196,0.026399997295811772,0.12350000906735659,0.09660000796429813,True,4328.949606797933
ECC+ChaCha20,5000,1,4197,0.025999994250014424,0.12340000830590725,0.09610000415705144,True,4328.949606797933
ECC+ChaCha20,5000,1,4198,0.026000008801929653,0.12240000069141388,0.09590000263415277,True,4328.949606797933
ECC+ChaCha20,5000,1,4199,0.02610000956337899,0.12240000069141388,0.09919999865815043,True,4328.949606797933
ECC+ChaCha20,5000,1,4200,0.02610000956337899,0.12349999451544136,0.09770000178832561,True,4328.949606797933
ECC+ChaCha20,5000,1,4201,0.025999994250014424,0.12360000982880592,0.09650000720284879,True,4328.949606797933
ECC+ChaCha20,5000,1,4202,0.028399997972883284,0.17329999536741525,0.14260000898502767,True,4328.949606797933
ECC+ChaCha20,5000,1,4203,0.027700007194653153,0.13769998622592539,0.10439999459777027,True,4328.949606797933
ECC+ChaCha20,5000,1,4204,0.026600013370625675,0.12340000830590725,0.09790000331122428,True,4328.949606797933
ECC+ChaCha20,5000,1,4205,0.026400011847727,0.12460000289138407,0.09679999493528157,True,4328.949606797933
ECC+ChaCha20,5000,1,4206,0.026799985789693892,0.12419999984558672,0.09669999417383224,True,4328.949606797933
ECC+ChaCha20,5000,1,4207,0.0261999957729131,0.12309999146964401,0.09580000187270343,True,4328.949606797933
ECC+ChaCha20,5000,1,4208,0.026299996534362435,0.1238999975612387,0.09670000872574747,True,4328.949606797933
ECC+ChaCha20,5000,1,4209,0.0261999957729131,0.12319999223109335,0.09619999036658555,True,4328.949606797933
ECC+ChaCha20,5000,1,4210,0.02680000034160912,0.12320000678300858,0.09670000872574747,True,4328.949606797933
ECC+ChaCha20,5000,1,4211,0.02609999501146376,0.12299999070819467,0.09689999569673091,True,4328.949606797933
ECC+ChaCha20,5000,1,4212,0.026699999580159783,0.12379999679978937,0.09679999493528157,True,4328.949606797933
ECC+ChaCha20,5000,1,4213,0.027999994927085936,0.14069999451749027,0.1041999930748716,True,4328.949606797933
ECC+ChaCha20,5000,1,4214,0.027400004910305142,0.12479998986236751,0.09669999417383224,True,4328.949606797933
ECC+ChaCha20,5000,1,4215,0.026299996534362435,0.12369999603834003,0.09619999036658555,True,4328.949606797933
ECC+ChaCha20,5000,1,4216,0.026299996534362435,0.1235999952768907,0.09660000796429813,True,4328.949606797933
ECC+ChaCha20,5000,1,4217,0.026900001103058457,0.12430000060703605,0.0965999934123829,True,4328.949606797933
ECC+ChaCha20,5000,1,4218,0.02610000956337899,0.12290000449866056,0.09709999721962959,True,4328.949606797933
ECC+ChaCha20,5000,1,4219,0.026300011086277664,0.12340000830590725,0.09710001177154481,True,4328.949606797933
ECC+ChaCha20,5000,1,4220,0.026000008801929653,0.12339999375399202,0.09639999188948423,True,4328.949606797933
ECC+ChaCha20,5000,1,4221,0.02610000956337899,0.1238000113517046,0.09679999493528157,True,4328.949606797933
ECC+ChaCha20,5000,1,4222,0.025999994250014424,0.12299999070819467,0.09679999493528157,True,4328.949606797933
ECC+ChaCha20,5000,1,4223,0.026400011847727,0.13390000094659626,0.10389999079052359,True,4328.949606797933
ECC+ChaCha20,5000,1,4224,0.02580000727903098,0.12339999375399202,0.09679999493528157,True,4328.949606797933
ECC+ChaCha20,5000,1,4225,0.02570000651758164,0.12489999062381685,0.0973999995039776,True,4328.949606797933
ECC+ChaCha20,5000,1,4226,0.026399997295811772,0.12490000517573208,0.09719999798107892,True,4328.949606797933
ECC+ChaCha20,5000,1,4227,0.0261999957729131,0.12290000449866056,0.09660000796429813,True,4328.949606797933
ECC+ChaCha20,5000,1,4228,0.02580000727903098,0.122799989185296,0.09620000491850078,True,4328.949606797933
ECC+ChaCha20,5000,1,4229,0.026300011086277664,0.12340000830590725,0.09690001024864614,True,4328.949606797933
ECC+ChaCha20,5000,1,4230,0.025600005756132305,0.12249998690094799,0.09620000491850078,True,4328.949606797933
ECC+ChaCha20,5000,1,4231,0.025899993488565087,0.12310000602155924,0.09630000567995012,True,4328.949606797933
ECC+ChaCha20,5000,1,4232,0.025699991965666413,0.12250000145286322,0.09599998884368688,True,4328.949606797933
ECC+ChaCha20,5000,1,4233,0.02579999272711575,0.12270000297576189,0.09609998960513622,True,4328.949606797933
ECC+ChaCha20,5000,1,4234,0.026299996534362435,0.13129999570082873,0.09639999188948423,True,4328.949606797933
ECC+ChaCha20,5000,1,4235,0.026299996534362435,0.1238000113517046,0.09610000415705144,True,4328.949606797933
ECC+ChaCha20,5000,1,4236,0.025599991204217076,0.12329999299254268,0.1142999972216785,True,4328.949606797933
ECC+ChaCha20,5000,1,4237,0.027300004148855805,0.12480000441428274,0.09729999874252826,True,4328.949606797933
ECC+ChaCha20,5000,1,4238,0.026399997295811772,0.12519999290816486,0.09750000026542693,True,4328.949606797933
ECC+ChaCha20,5000,1,4239,0.02609999501146376,0.12339999375399202,0.09699999645818025,True,4328.949606797933
ECC+ChaCha20,5000,1,4240,0.0261999957729131,0.12329999299254268,0.09669999417383224,True,4328.949606797933
ECC+ChaCha20,5000,1,4241,0.026000008801929653,0.12320000678300858,0.09720001253299415,True,4328.949606797933
ECC+ChaCha20,5000,1,4242,0.02610000956337899,0.14640000881627202,0.09750000026542693,True,4328.949606797933
ECC+ChaCha20,5000,1,4243,0.028599999495781958,0.12669998977798969,0.09810000483412296,True,4328.949606797933
ECC+ChaCha20,5000,1,4244,0.02710000262595713,0.1362000039080158,0.10459999612066895,True,4328.949606797933
ECC+ChaCha20,5000,1,4245,0.025999994250014424,0.12630000128410757,0.09640000644139946,True,4328.949606797933
ECC+ChaCha20,5000,1,4246,0.025899993488565087,0.12480000441428274,0.09770000178832561,True,4328.949606797933
ECC+ChaCha20,5000,1,4247,0.027600006433203816,0.12519999290816486,0.09760000102687627,True,4328.949606797933
ECC+ChaCha20,5000,1,4248,0.026300011086277664,0.12419999984558672,0.0973999995039776,True,4328.949606797933
ECC+ChaCha20,5000,1,4249,0.02720000338740647,0.1247000036528334,0.0973999995039776,True,4328.949606797933
ECC+ChaCha20,5000,1,4250,0.025999994250014424,0.12290000449866056,0.09870000940281898,True,4328.949606797933
ECC+ChaCha20,5000,1,4251,0.026600013370625675,0.12330000754445791,0.09700001101009548,True,4328.949606797933
ECC+ChaCha20,5000,1,4252,0.02579999272711575,0.12299999070819467,0.09590000263415277,True,4328.949606797933
ECC+ChaCha20,5000,1,4253,0.026399997295811772,0.12480000441428274,0.09679999493528157,True,4328.949606797933
ECC+ChaCha20,5000,1,4254,0.02609999501146376,0.13220000255387276,0.09699999645818025,True,4328.949606797933
ECC+ChaCha20,5000,1,4255,0.02680000034160912,0.12360000982880592,0.09729999874252826,True,4328.949606797933
ECC+ChaCha20,5000,1,4256,0.025900008040480316,0.12319999223109335,0.0965999934123829,True,4328.949606797933
ECC+ChaCha20,5000,1,4257,0.026000008801929653,0.1238000113517046,0.09709999721962959,True,4328.949606797933
ECC+ChaCha20,5000,1,4258,0.02580000727903098,0.12309999146964401,0.09679999493528157,True,4328.949606797933
ECC+ChaCha20,5000,1,4259,0.02540000423323363,0.12370001059025526,0.09689999569673091,True,4328.949606797933
ECC+ChaCha20,5000,1,4260,0.026299996534362435,0.12309999146964401,0.09649999265093356,True,4328.949606797933
ECC+ChaCha20,5000,1,4261,0.02649999805726111,0.1235999952768907,0.0965999934123829,True,4328.949606797933
ECC+ChaCha20,5000,1,4262,0.025899993488565087,0.12270000297576189,0.09640000644139946,True,4328.949606797933
ECC+ChaCha20,5000,1,4263,0.02609999501146376,0.12369999603834003,0.0973999995039776,True,4328.949606797933
ECC+ChaCha20,5000,1,4264,0.026900001103058457,0.13390000094659626,0.10220000694971532,True,4328.949606797933
ECC+ChaCha20,5000,1,4265,0.026699999580159783,0.1238999975612387,0.09640000644139946,True,4328.949606797933
ECC+ChaCha20,5000,1,4266,0.02649999805726111,0.1250000059371814,0.09790000331122428,True,4328.949606797933
ECC+ChaCha20,5000,1,4267,0.02609999501146376,0.12340000830590725,0.09800000407267362,True,4328.949606797933
ECC+ChaCha20,5000,1,4268,0.02549999044276774,0.12330000754445791,0.09590000263415277,True,4328.949606797933
ECC+ChaCha20,5000,1,4269,0.02579999272711575,0.12209999840706587,0.09600000339560211,True,4328.949606797933
ECC+ChaCha20,5000,1,4270,0.0261999957729131,0.12519999290816486,0.09699999645818025,True,4328.949606797933
ECC+ChaCha20,5000,1,4271,0.025600005756132305,0.12329999299254268,0.09689999569673091,True,4328.949606797933
ECC+ChaCha20,5000,1,4272,0.02570000651758164,0.12290000449866056,0.09639999188948423,True,4328.949606797933
ECC+ChaCha20,5000,1,4273,0.025999994250014424,0.12430000060703605,0.09770000178832561,True,4328.949606797933
ECC+ChaCha20,5000,1,4274,0.02609999501146376,0.13380000018514693,0.10359998850617558,True,4328.949606797933
ECC+ChaCha20,5000,1,4275,0.025600005756132305,0.12339999375399202,0.09649999265093356,True,4328.949606797933
ECC+ChaCha20,5000,1,4276,0.02540000423323363,0.12539999443106353,0.09719999798107892,True,4328.949606797933
ECC+ChaCha20,5000,1,4277,0.02609999501146376,0.12309999146964401,0.09610000415705144,True,4328.949606797933
ECC+ChaCha20,5000,1,4278,0.025699991965666413,0.12329999299254268,0.09719999798107892,True,4328.949606797933
ECC+ChaCha20,5000,1,4279,0.025600005756132305,0.12280000373721123,0.09779998799785972,True,4328.949606797933
ECC+ChaCha20,5000,1,4280,0.02570000651758164,0.12229999992996454,0.09610000415705144,True,4328.949606797933
ECC+ChaCha20,5000,1,4281,0.025599991204217076,0.18570000247564167,0.6945000059204176,True,4328.949606797933
ECC+ChaCha20,5000,1,4282,0.0661999947624281,0.18119999731425196,0.10999999358318746,True,4328.949606797933
ECC+ChaCha20,5000,1,4283,0.04100000660400838,0.12880000576842576,0.09870000940281898,True,4328.949606797933
ECC+ChaCha20,5000,1,4284,0.026999987312592566,0.12660000356845558,0.09780000254977494,True,4328.949606797933
ECC+ChaCha20,5000,1,4285,0.02680000034160912,0.12589999823831022,0.09810000483412296,True,4328.949606797933
ECC+ChaCha20,5000,1,4286,0.02680000034160912,0.12379999679978937,0.09729999874252826,True,4328.949606797933
ECC+ChaCha20,5000,1,4287,0.026000008801929653,0.12480000441428274,0.09750000026542693,True,4328.949606797933
ECC+ChaCha20,5000,1,4288,0.0261999957729131,0.12319999223109335,0.09760000102687627,True,4328.949606797933
ECC+ChaCha20,5000,1,4289,0.02609999501146376,0.12319999223109335,0.0965999934123829,True,4328.949606797933
ECC+ChaCha20,5000,1,4290,0.026599998818710446,0.12409999908413738,0.09660000796429813,True,4328.949606797933
ECC+ChaCha20,5000,1,4291,0.0261999957729131,0.12319999223109335,0.09679999493528157,True,4328.949606797933
ECC+ChaCha20,5000,1,4292,0.026300011086277664,0.12880000576842576,0.0965999934123829,True,4328.949606797933
ECC+ChaCha20,5000,1,4293,0.026200010324828327,0.12339999375399202,0.09700001101009548,True,4328.949606797933
ECC+ChaCha20,5000,1,4294,0.02649999805726111,0.12519999290816486,0.09669999417383224,True,4328.949606797933
ECC+ChaCha20,5000,1,4295,0.025999994250014424,0.12270000297576189,0.09600000339560211,True,4328.949606797933
ECC+ChaCha20,5000,1,4296,0.025599991204217076,0.12229999992996454,0.09639999188948423,True,4328.949606797933
ECC+ChaCha20,5000,1,4297,0.02609999501146376,0.12349999451544136,0.09669999417383224,True,4328.949606797933
ECC+ChaCha20,5000,1,4298,0.02580000727903098,0.12360000982880592,0.0965999934123829,True,4328.949606797933
ECC+ChaCha20,5000,1,4299,0.025899993488565087,0.12319999223109335,0.09719999798107892,True,4328.949606797933
ECC+ChaCha20,5000,1,4300,0.02580000727903098,0.12260000221431255,0.09580000187270343,True,4328.949606797933
ECC+ChaCha20,5000,1,4301,0.026599998818710446,0.1252999936696142,0.09750000026542693,True,4328.949606797933
ECC+ChaCha20,5000,1,4302,0.026399997295811772,0.13390000094659626,0.0999000039882958,True,4328.949606797933
ECC+ChaCha20,5000,1,4303,0.025500004994682968,0.122799989185296,0.09719999798107892,True,4328.949606797933
ECC+ChaCha20,5000,1,4304,0.02570000651758164,0.12290000449866056,0.09669999417383224,True,4328.949606797933
ECC+ChaCha20,5000,1,4305,0.026399997295811772,0.12450000212993473,0.09740001405589283,True,4328.949606797933
ECC+ChaCha20,5000,1,4306,0.025900008040480316,0.12229999992996454,0.09639999188948423,True,4328.949606797933
ECC+ChaCha20,5000,1,4307,0.026000008801929653,0.12400001287460327,0.09669999417383224,True,4328.949606797933
ECC+ChaCha20,5000,1,4308,0.02579999272711575,0.1255999959539622,0.09719999798107892,True,4328.949606797933
ECC+ChaCha20,5000,1,4309,0.026299996534362435,0.12329999299254268,0.09619999036658555,True,4328.949606797933
ECC+ChaCha20,5000,1,4310,0.028599999495781958,0.12789999891538173,0.19350000366102904,True,4328.949606797933
ECC+ChaCha20,5000,1,4311,0.03029999788850546,0.1368000084767118,0.10150000161956996,True,4328.949606797933
ECC+ChaCha20,5000,1,4312,0.026399997295811772,0.12430000060703605,0.09780000254977494,True,4328.949606797933
ECC+ChaCha20,5000,1,4313,0.026699999580159783,0.12460000289138407,0.09730001329444349,True,4328.949606797933
ECC+ChaCha20,5000,1,4314,0.0261999957729131,0.12329999299254268,0.09709999721962959,True,4328.949606797933
ECC+ChaCha20,5000,1,4315,0.026299996534362435,0.12240000069141388,0.11520000407472253,True,4328.949606797933
ECC+ChaCha20,5000,1,4316,0.029799994081258774,0.13020000187680125,0.09870000940281898,True,4328.949606797933
ECC+ChaCha20,5000,1,4317,0.02680000034160912,0.12480000441428274,0.0973999995039776,True,4328.949606797933
ECC+ChaCha20,5000,1,4318,0.026600013370625675,0.1635000080568716,0.09960000170394778,True,4328.949606797933
ECC+ChaCha20,5000,1,4319,0.027999994927085936,0.12579999747686088,0.09770000178832561,True,4328.949606797933
ECC+ChaCha20,5000,1,4320,0.026000008801929653,0.1235999952768907,0.10550000297371298,True,4328.949606797933
ECC+ChaCha20,5000,1,4321,0.02680000034160912,0.13390000094659626,0.09820000559557229,True,4328.949606797933
ECC+ChaCha20,5000,1,4322,0.025699991965666413,0.12250000145286322,0.09610000415705144,True,4328.949606797933
ECC+ChaCha20,5000,1,4323,0.02610000956337899,0.12650000280700624,0.09640000644139946,True,4328.949606797933
ECC+ChaCha20,5000,1,4324,0.02580000727903098,0.12339999375399202,0.09599998884368688,True,4328.949606797933
ECC+ChaCha20,5000,1,4325,0.02510000194888562,0.12150000839028507,0.10289999772794545,True,4328.949606797933
ECC+ChaCha20,5000,1,4326,0.02609999501146376,0.12409999908413738,0.09679999493528157,True,4328.949606797933
ECC+ChaCha20,5000,1,4327,0.025600005756132305,0.12310000602155924,0.09769998723641038,True,4328.949606797933
ECC+ChaCha20,5000,1,4328,0.031200004741549492,0.1255000097444281,0.09650000720284879,True,4328.949606797933
ECC+ChaCha20,5000,1,4329,0.02570000651758164,0.12270000297576189,0.09649999265093356,True,4328.949606797933
ECC+ChaCha20,5000,1,4330,0.02580000727903098,0.12519999290816486,0.10599999222904444,True,4328.949606797933
ECC+ChaCha20,5000,1,4331,0.02649999805726111,0.13440000475384295,0.10120001388713717,True,4328.949606797933
ECC+ChaCha20,5000,1,4332,0.02579999272711575,0.12329999299254268,0.09649999265093356,True,4328.949606797933
ECC+ChaCha20,5000,1,4333,0.027000001864507794,0.12539999443106353,0.09819999104365706,True,4328.949606797933
ECC+ChaCha20,5000,1,4334,0.025999994250014424,0.12320000678300858,0.0973999995039776,True,4328.949606797933
ECC+ChaCha20,5000,1,4335,0.02580000727903098,0.12369999603834003,0.106100007542409,True,4328.949606797933
ECC+ChaCha20,5000,1,4336,0.026300011086277664,0.12360000982880592,0.09699999645818025,True,4328.949606797933
ECC+ChaCha20,5000,1,4337,0.02579999272711575,0.12340000830590725,0.09699999645818025,True,4328.949606797933
ECC+ChaCha20,5000,1,4338,0.030800001695752144,0.12560001050587744,0.09750000026542693,True,4328.949606797933
ECC+ChaCha20,5000,1,4339,0.026399997295811772,0.12409999908413738,0.09760000102687627,True,4328.949606797933
ECC+ChaCha20,5000,1,4340,0.02609999501146376,0.12939999578520656,0.10540000221226364,True,4328.949606797933
ECC+ChaCha20,5000,1,4341,0.02689998655114323,0.13410000246949494,0.10350000229664147,True,4328.949606797933
ECC+ChaCha20,5000,1,4342,0.025999994250014424,0.12310000602155924,0.09899999713525176,True,4328.949606797933
ECC+ChaCha20,5000,1,4343,0.02680000034160912,0.12549999519251287,0.09679999493528157,True,4328.949606797933
ECC+ChaCha20,5000,1,4344,0.02649999805726111,0.1247000036528334,0.09690001024864614,True,4328.949606797933
ECC+ChaCha20,5000,1,4345,0.02579999272711575,0.12339999375399202,0.10550000297371298,True,4328.949606797933
ECC+ChaCha20,5000,1,4346,0.025999994250014424,0.12310000602155924,0.09689999569673091,True,4328.949606797933
ECC+ChaCha20,5000,1,4347,0.02609999501146376,0.12369999603834003,0.09699999645818025,True,4328.949606797933
ECC+ChaCha20,5000,1,4348,0.030700000934302807,0.12530000822152942,0.09729999874252826,True,4328.949606797933
ECC+ChaCha20,5000,1,4349,0.02570000651758164,0.12289998994674534,0.0965999934123829,True,4328.949606797933
ECC+ChaCha20,5000,1,4350,0.02649999805726111,0.12310000602155924,0.16830000095069408,True,4328.949606797933
ECC+ChaCha20,5000,1,4351,0.04270000499673188,0.17100000695791095,0.1041999930748716,True,4328.949606797933
ECC+ChaCha20,5000,1,4352,0.03229999856557697,0.13010000111535192,0.0990999978967011,True,4328.949606797933
ECC+ChaCha20,5000,1,4353,0.027700007194653153,0.12479998986236751,0.09709999721962959,True,4328.949606797933
ECC+ChaCha20,5000,1,4354,0.02649999805726111,0.12509999214671552,0.09669999417383224,True,4328.949606797933
ECC+ChaCha20,5000,1,4355,0.025900008040480316,0.12369999603834003,0.09690001024864614,True,4328.949606797933
ECC+ChaCha20,5000,1,4356,0.025899993488565087,0.12450000212993473,0.09770000178832561,True,4328.949606797933
ECC+ChaCha20,5000,1,4357,0.026400011847727,0.12340000830590725,0.0968000094871968,True,4328.949606797933
ECC+ChaCha20,5000,1,4358,0.026299996534362435,0.12399999832268804,0.09699999645818025,True,4328.949606797933
ECC+ChaCha20,5000,1,4359,0.02570000651758164,0.122799989185296,0.09689999569673091,True,4328.949606797933
ECC+ChaCha20,5000,1,4360,0.02580000727903098,0.12430000060703605,0.09709999721962959,True,4328.949606797933
ECC+ChaCha20,5000,1,4361,0.02609999501146376,0.1340000017080456,0.0990999978967011,True,4328.949606797933
ECC+ChaCha20,5000,1,4362,0.026000008801929653,0.12489999062381685,0.09719999798107892,True,4328.949606797933
ECC+ChaCha20,5000,1,4363,0.02570000651758164,0.12270000297576189,0.0957000011112541,True,4328.949606797933
ECC+ChaCha20,5000,1,4364,0.025699991965666413,0.12280000373721123,0.09660000796429813,True,4328.949606797933
ECC+ChaCha20,5000,1,4365,0.026399997295811772,0.12430000060703605,0.09699999645818025,True,4328.949606797933
ECC+ChaCha20,5000,1,4366,0.02610000956337899,0.1238999975612387,0.09719999798107892,True,4328.949606797933
ECC+ChaCha20,5000,1,4367,0.02579999272711575,0.1235999952768907,0.09719999798107892,True,4328.949606797933
ECC+ChaCha20,5000,1,4368,0.026000008801929653,0.12350000906735659,0.09670000872574747,True,4328.949606797933
ECC+ChaCha20,5000,1,4369,0.026200010324828327,0.12400001287460327,0.09719999798107892,True,4328.949606797933
ECC+ChaCha20,5000,1,4370,0.026699999580159783,0.12419999984558672,0.09760000102687627,True,4328.949606797933
ECC+ChaCha20,5000,1,4371,0.0261999957729131,0.13240000407677144,0.10250000923406333,True,4328.949606797933
ECC+ChaCha20,5000,1,4372,0.02579999272711575,0.12660000356845558,0.0973999995039776,True,4328.949606797933
ECC+ChaCha20,5000,1,4373,0.025999994250014424,0.12329999299254268,0.09689999569673091,True,4328.949606797933
ECC+ChaCha20,5000,1,4374,0.025899993488565087,0.12310000602155924,0.0968000094871968,True,4328.949606797933
ECC+ChaCha20,5000,1,4375,0.0261999957729131,0.12369999603834003,0.0973999995039776,True,4328.949606797933
ECC+ChaCha20,5000,1,4376,0.02609999501146376,0.12369999603834003,0.09609998960513622,True,4328.949606797933
ECC+ChaCha20,5000,1,4377,0.025899993488565087,0.12280000373721123,0.09719999798107892,True,4328.949606797933
ECC+ChaCha20,5000,1,4378,0.02540000423323363,0.12250000145286322,0.09640000644139946,True,4328.949606797933
ECC+ChaCha20,5000,1,4379,0.025899993488565087,0.12270000297576189,0.09790000331122428,True,4328.949606797933
ECC+ChaCha20,5000,1,4380,0.025699991965666413,0.1235999952768907,0.09649999265093356,True,4328.949606797933
ECC+ChaCha20,5000,1,4381,0.0261999957729131,0.12910000805277377,0.09689999569673091,True,4328.949606797933
ECC+ChaCha20,5000,1,4382,0.025899993488565087,0.12289998994674534,0.09610000415705144,True,4328.949606797933
ECC+ChaCha20,5000,1,4383,0.025500004994682968,0.1238000113517046,0.09610000415705144,True,4328.949606797933
ECC+ChaCha20,5000,1,4384,0.025500004994682968,0.12299999070819467,0.09679999493528157,True,4328.949606797933
ECC+ChaCha20,5000,1,4385,0.0261999957729131,0.12280000373721123,0.09700001101009548,True,4328.949606797933
ECC+ChaCha20,5000,1,4386,0.025699991965666413,0.12270000297576189,0.09690001024864614,True,4328.949606797933
ECC+ChaCha20,5000,1,4387,0.02570000651758164,0.1221999991685152,0.0968000094871968,True,4328.949606797933
ECC+ChaCha20,5000,1,4388,0.02540000423323363,0.12209999840706587,0.09619999036658555,True,4328.949606797933
ECC+ChaCha20,5000,1,4389,0.02819999644998461,0.12739999510813504,0.0973999995039776,True,4328.949606797933
ECC+ChaCha20,5000,1,4390,0.026599998818710446,0.1255999959539622,0.09729999874252826,True,4328.949606797933
ECC+ChaCha20,5000,1,4391,0.07660000119358301,0.13700000999961048,0.09780000254977494,True,4328.949606797933
ECC+ChaCha20,5000,1,4392,0.026299996534362435,0.12549999519251287,0.09770000178832561,True,4328.949606797933
ECC+ChaCha20,5000,1,4393,0.02580000727903098,0.12409999908413738,0.09699999645818025,True,4328.949606797933
ECC+ChaCha20,5000,1,4394,0.02609999501146376,0.1238999975612387,0.09649999265093356,True,4328.949606797933
ECC+ChaCha20,5000,1,4395,0.02570000651758164,0.12339999375399202,0.09709999721962959,True,4328.949606797933
ECC+ChaCha20,5000,1,4396,0.02580000727903098,0.12460000289138407,0.09669999417383224,True,4328.949606797933
ECC+ChaCha20,5000,1,4397,0.026699999580159783,0.12540000898297876,0.09770000178832561,True,4328.949606797933
ECC+ChaCha20,5000,1,4398,0.026300011086277664,0.12370001059025526,0.09709999721962959,True,4328.949606797933
ECC+ChaCha20,5000,1,4399,0.025899993488565087,0.12290000449866056,0.09690001024864614,True,4328.949606797933
ECC+ChaCha20,5000,1,4400,0.02580000727903098,0.12329999299254268,0.09699999645818025,True,4328.949606797933
ECC+ChaCha20,5000,1,4401,0.026200010324828327,0.13449999096337706,0.09679999493528157,True,4328.949606797933
ECC+ChaCha20,5000,1,4402,0.025600005756132305,0.1235999952768907,0.09699999645818025,True,4328.949606797933
ECC+ChaCha20,5000,1,4403,0.025899993488565087,0.12299999070819467,0.09719999798107892,True,4328.949606797933
ECC+ChaCha20,5000,1,4404,0.02579999272711575,0.1272999943466857,0.09650000720284879,True,4328.949606797933
ECC+ChaCha20,5000,1,4405,0.026000008801929653,0.12440000136848539,0.09709999721962959,True,4328.949606797933
ECC+ChaCha20,5000,1,4406,0.025699991965666413,0.12270000297576189,0.09650000720284879,True,4328.949606797933
ECC+ChaCha20,5000,1,4407,0.02540000423323363,0.12260000221431255,0.09649999265093356,True,4328.949606797933
ECC+ChaCha20,5000,1,4408,0.026000008801929653,0.12360000982880592,0.09709999721962959,True,4328.949606797933
ECC+ChaCha20,5000,1,4409,0.025899993488565087,0.12409999908413738,0.09660000796429813,True,4328.949606797933
ECC+ChaCha20,5000,1,4410,0.025600005756132305,0.12250000145286322,0.09639999188948423,True,4328.949606797933
ECC+ChaCha20,5000,1,4411,0.02570000651758164,0.12319999223109335,0.09729999874252826,True,4328.949606797933
ECC+ChaCha20,5000,1,4412,0.025699991965666413,0.12280000373721123,0.09630000567995012,True,4328.949606797933
ECC+ChaCha20,5000,1,4413,0.02570000651758164,0.12289998994674534,0.0965999934123829,True,4328.949606797933
ECC+ChaCha20,5000,1,4414,0.025899993488565087,0.1230000052601099,0.09640000644139946,True,4328.949606797933
ECC+ChaCha20,5000,1,4415,0.02579999272711575,0.12379999679978937,0.09639999188948423,True,4328.949606797933
ECC+ChaCha20,5000,1,4416,0.026000008801929653,0.122799989185296,0.09560000034980476,True,4328.949606797933
ECC+ChaCha20,5000,1,4417,0.025699991965666413,0.12339999375399202,0.09649999265093356,True,4328.949606797933
ECC+ChaCha20,5000,1,4418,0.02580000727903098,0.1238000113517046,0.09699999645818025,True,4328.949606797933
ECC+ChaCha20,5000,1,4419,0.025599991204217076,0.12280000373721123,0.09630000567995012,True,4328.949606797933
ECC+ChaCha20,5000,1,4420,0.025899993488565087,0.12349999451544136,0.09679999493528157,True,4328.949606797933
ECC+ChaCha20,5000,1,4421,0.0278999941656366,0.1357000001007691,0.10039999324362725,True,4328.949606797933
ECC+ChaCha20,5000,1,4422,0.02680000034160912,0.12480000441428274,0.09780000254977494,True,4328.949606797933
ECC+ChaCha20,5000,1,4423,0.026200010324828327,0.12480000441428274,0.09699999645818025,True,4328.949606797933
ECC+ChaCha20,5000,1,4424,0.025599991204217076,0.12350000906735659,0.09709999721962959,True,4328.949606797933
ECC+ChaCha20,5000,1,4425,0.02609999501146376,0.12209999840706587,0.09669999417383224,True,4328.949606797933
ECC+ChaCha20,5000,1,4426,0.025300003471784294,0.12319999223109335,0.0965999934123829,True,4328.949606797933
ECC+ChaCha20,5000,1,4427,0.02540000423323363,0.12240000069141388,0.09639999188948423,True,4328.949606797933
ECC+ChaCha20,5000,1,4428,0.028399997972883284,0.13020000187680125,0.09820000559557229,True,4328.949606797933
ECC+ChaCha20,5000,1,4429,0.02710000262595713,0.12789999891538173,0.09830000635702163,True,4328.949606797933
ECC+ChaCha20,5000,1,4430,0.026299996534362435,0.12480000441428274,0.09760000102687627,True,4328.949606797933
ECC+ChaCha20,5000,1,4431,0.026299996534362435,0.13349999790079892,0.10309999925084412,True,4328.949606797933
ECC+ChaCha20,5000,1,4432,0.026500012609176338,0.12330000754445791,0.09630000567995012,True,4328.949606797933
ECC+ChaCha20,5000,1,4433,0.030700000934302807,0.13109999417793006,0.09899999713525176,True,4328.949606797933
ECC+ChaCha20,5000,1,4434,0.02680000034160912,0.1252999936696142,0.09760000102687627,True,4328.949606797933
ECC+ChaCha20,5000,1,4435,0.026200010324828327,0.12490000517573208,0.09719999798107892,True,4328.949606797933
ECC+ChaCha20,5000,1,4436,0.02580000727903098,0.1264000020455569,0.09719999798107892,True,4328.949606797933
ECC+ChaCha20,5000,1,4437,0.02579999272711575,0.12319999223109335,0.09709999721962959,True,4328.949606797933
ECC+ChaCha20,5000,1,4438,0.02540000423323363,0.12240000069141388,0.09719999798107892,True,4328.949606797933
ECC+ChaCha20,5000,1,4439,0.02570000651758164,0.12240000069141388,0.09639999188948423,True,4328.949606797933
ECC+ChaCha20,5000,1,4440,0.02680000034160912,0.1244999875780195,0.09760000102687627,True,4328.949606797933
ECC+ChaCha20,5000,1,4441,0.026299996534362435,0.1348999940091744,0.0973999995039776,True,4328.949606797933
ECC+ChaCha20,5000,1,4442,0.02549999044276774,0.12339999375399202,0.09689999569673091,True,4328.949606797933
ECC+ChaCha20,5000,1,4443,0.026599998818710446,0.12440000136848539,0.09729999874252826,True,4328.949606797933
ECC+ChaCha20,5000,1,4444,0.025899993488565087,0.12329999299254268,0.09620000491850078,True,4328.949606797933
ECC+ChaCha20,5000,1,4445,0.02580000727903098,0.12250000145286322,0.09689999569673091,True,4328.949606797933
ECC+ChaCha20,5000,1,4446,0.025600005756132305,0.12319999223109335,0.09629999112803489,True,4328.949606797933
ECC+ChaCha20,5000,1,4447,0.026000008801929653,0.12450000212993473,0.09760000102687627,True,4328.949606797933
ECC+ChaCha20,5000,1,4448,0.025899993488565087,0.12789999891538173,0.09679999493528157,True,4328.949606797933
ECC+ChaCha20,5000,1,4449,0.02609999501146376,0.1238999975612387,0.09689999569673091,True,4328.949606797933
ECC+ChaCha20,5000,1,4450,0.026000008801929653,0.12320000678300858,0.09700001101009548,True,4328.949606797933
ECC+ChaCha20,5000,1,4451,0.025999994250014424,0.13299999409355223,0.10449999535921961,True,4328.949606797933
ECC+ChaCha20,5000,1,4452,0.025900008040480316,0.12350000906735659,0.09630000567995012,True,4328.949606797933
ECC+ChaCha20,5000,1,4453,0.025900008040480316,0.12379999679978937,0.09660000796429813,True,4328.949606797933
ECC+ChaCha20,5000,1,4454,0.025699991965666413,0.12319999223109335,0.09649999265093356,True,4328.949606797933
ECC+ChaCha20,5000,1,4455,0.025699991965666413,0.12339999375399202,0.09699999645818025,True,4328.949606797933
ECC+ChaCha20,5000,1,4456,0.02580000727903098,0.1235999952768907,0.09690001024864614,True,4328.949606797933
ECC+ChaCha20,5000,1,4457,0.025699991965666413,0.12349999451544136,0.09709999721962959,True,4328.949606797933
ECC+ChaCha20,5000,1,4458,0.025599991204217076,0.12369999603834003,0.09630000567995012,True,4328.949606797933
ECC+ChaCha20,5000,1,4459,0.025500004994682968,0.12299999070819467,0.09689999569673091,True,4328.949606797933
ECC+ChaCha20,5000,1,4460,0.026299996534362435,0.1238999975612387,0.09639999188948423,True,4328.949606797933
ECC+ChaCha20,5000,1,4461,0.026299996534362435,0.13139999646227807,0.09679999493528157,True,4328.949606797933
ECC+ChaCha20,5000,1,4462,0.025600005756132305,0.12460000289138407,0.09699999645818025,True,4328.949606797933
ECC+ChaCha20,5000,1,4463,0.02649999805726111,0.12490000517573208,0.0973999995039776,True,4328.949606797933
ECC+ChaCha20,5000,1,4464,0.02609999501146376,0.12490000517573208,0.09650000720284879,True,4328.949606797933
ECC+ChaCha20,5000,1,4465,0.025699991965666413,0.12349999451544136,0.09679999493528157,True,4328.949606797933
ECC+ChaCha20,5000,1,4466,0.02580000727903098,0.12329999299254268,0.09699999645818025,True,4328.949606797933
ECC+ChaCha20,5000,1,4467,0.028599999495781958,0.13129999570082873,0.11180000728927553,True,4328.949606797933
ECC+ChaCha20,5000,1,4468,0.036699988413602114,0.14630000805482268,0.09940000018104911,True,4328.949606797933
ECC+ChaCha20,5000,1,4469,0.0278999941656366,0.12840000272262841,0.09780000254977494,True,4328.949606797933
ECC+ChaCha20,5000,1,4470,0.027000001864507794,0.1258000120287761,0.09770000178832561,True,4328.949606797933
ECC+ChaCha20,5000,1,4471,0.02649999805726111,0.12430000060703605,0.09729999874252826,True,4328.949606797933
ECC+ChaCha20,5000,1,4472,0.02580000727903098,0.12350000906735659,0.09929999941959977,True,4328.949606797933
ECC+ChaCha20,5000,1,4473,0.02609999501146376,0.12369999603834003,0.09719999798107892,True,4328.949606797933
ECC+ChaCha20,5000,1,4474,0.026399997295811772,0.12379999679978937,0.09720001253299415,True,4328.949606797933
ECC+ChaCha20,5000,1,4475,0.025900008040480316,0.1238000113517046,0.09679999493528157,True,4328.949606797933
ECC+ChaCha20,5000,1,4476,0.026299996534362435,0.12340000830590725,0.09630000567995012,True,4328.949606797933
ECC+ChaCha20,5000,1,4477,0.02570000651758164,0.12370001059025526,0.09630000567995012,True,4328.949606797933
ECC+ChaCha20,5000,1,4478,0.02580000727903098,0.12309999146964401,0.09649999265093356,True,4328.949606797933
ECC+ChaCha20,5000,1,4479,0.025900008040480316,0.13349999790079892,0.09970000246539712,True,4328.949606797933
ECC+ChaCha20,5000,1,4480,0.025999994250014424,0.12319999223109335,0.09650000720284879,True,4328.949606797933
ECC+ChaCha20,5000,1,4481,0.026200010324828327,0.12440000136848539,0.09639999188948423,True,4328.949606797933
ECC+ChaCha20,5000,1,4482,0.02609999501146376,0.12419999984558672,0.0985000078799203,True,4328.949606797933
ECC+ChaCha20,5000,1,4483,0.026299996534362435,0.1238999975612387,0.09640000644139946,True,4328.949606797933
ECC+ChaCha20,5000,1,4484,0.026200010324828327,0.12430000060703605,0.09699999645818025,True,4328.949606797933
ECC+ChaCha20,5000,1,4485,0.025999994250014424,0.12339999375399202,0.09669999417383224,True,4328.949606797933
ECC+ChaCha20,5000,1,4486,0.02579999272711575,0.12360000982880592,0.09709999721962959,True,4328.949606797933
ECC+ChaCha20,5000,1,4487,0.02580000727903098,0.12270000297576189,0.09639999188948423,True,4328.949606797933
ECC+ChaCha20,5000,1,4488,0.025899993488565087,0.12369999603834003,0.09679999493528157,True,4328.949606797933
ECC+ChaCha20,5000,1,4489,0.025699991965666413,0.1323000033153221,0.1036000030580908,True,4328.949606797933
ECC+ChaCha20,5000,1,4490,0.025900008040480316,0.12409999908413738,0.09679999493528157,True,4328.949606797933
ECC+ChaCha20,5000,1,4491,0.025600005756132305,0.12360000982880592,0.09710001177154481,True,4328.949606797933
ECC+ChaCha20,5000,1,4492,0.02610000956337899,0.12379999679978937,0.09729999874252826,True,4328.949606797933
ECC+ChaCha20,5000,1,4493,0.026399997295811772,0.12480000441428274,0.09800000407267362,True,4328.949606797933
ECC+ChaCha20,5000,1,4494,0.02570000651758164,0.12390001211315393,0.09709999721962959,True,4328.949606797933
ECC+ChaCha20,5000,1,4495,0.025900008040480316,0.12390001211315393,0.09770000178832561,True,4328.949606797933
ECC+ChaCha20,5000,1,4496,0.025999994250014424,0.1247000036528334,0.09699999645818025,True,4328.949606797933
ECC+ChaCha20,5000,1,4497,0.02570000651758164,0.12350000906735659,0.09660000796429813,True,4328.949606797933
ECC+ChaCha20,5000,1,4498,0.02609999501146376,0.12430000060703605,0.09670000872574747,True,4328.949606797933
ECC+ChaCha20,5000,1,4499,0.025999994250014424,0.12859998969361186,0.09689999569673091,True,4328.949606797933
ECC+ChaCha20,5000,1,4500,0.02609999501146376,0.12599999899975955,0.09650000720284879,True,4328.949606797933
ECC+ChaCha20,5000,1,4501,0.02579999272711575,0.12260000221431255,0.09670000872574747,True,4328.949606797933
ECC+ChaCha20,5000,1,4502,0.025500004994682968,0.12160000915173441,0.09650000720284879,True,4328.949606797933
ECC+ChaCha20,5000,1,4503,0.025999994250014424,0.12209999840706587,0.09640000644139946,True,4328.949606797933
ECC+ChaCha20,5000,1,4504,0.04099999205209315,0.12579999747686088,0.0965999934123829,True,4328.949606797933
ECC+ChaCha20,5000,1,4505,0.02609999501146376,0.12479998986236751,0.09649999265093356,True,4328.949606797933
ECC+ChaCha20,5000,1,4506,0.025999994250014424,0.12349999451544136,0.09709999721962959,True,4328.949606797933
ECC+ChaCha20,5000,1,4507,0.027299989596940577,0.12579999747686088,0.09809999028220773,True,4328.949606797933
ECC+ChaCha20,5000,1,4508,0.026300011086277664,0.12490000517573208,0.09709999721962959,True,4328.949606797933
ECC+ChaCha20,5000,1,4509,0.025899993488565087,0.13410000246949494,0.10109999857377261,True,4328.949606797933
ECC+ChaCha20,5000,1,4510,0.02609999501146376,0.12339999375399202,0.09649999265093356,True,4328.949606797933
ECC+ChaCha20,5000,1,4511,0.025900008040480316,0.12430000060703605,0.09649999265093356,True,4328.949606797933
ECC+ChaCha20,5000,1,4512,0.02579999272711575,0.12280000373721123,0.09660000796429813,True,4328.949606797933
ECC+ChaCha20,5000,1,4513,0.02580000727903098,0.12260000221431255,0.09679999493528157,True,4328.949606797933
ECC+ChaCha20,5000,1,4514,0.025899993488565087,0.1247000036528334,0.09719999798107892,True,4328.949606797933
ECC+ChaCha20,5000,1,4515,0.026599998818710446,0.12409999908413738,0.09650000720284879,True,4328.949606797933
ECC+ChaCha20,5000,1,4516,0.025999994250014424,0.12499999138526618,0.09809999028220773,True,4328.949606797933
ECC+ChaCha20,5000,1,4517,0.025999994250014424,0.1286999904550612,0.09630000567995012,True,4328.949606797933
ECC+ChaCha20,5000,1,4518,0.026599998818710446,0.12570001126732677,0.09709999721962959,True,4328.949606797933
ECC+ChaCha20,5000,1,4519,0.026599998818710446,0.1272999943466857,0.09709999721962959,True,4328.949606797933
ECC+ChaCha20,5000,1,4520,0.026299996534362435,0.12319999223109335,0.09719999798107892,True,4328.949606797933
ECC+ChaCha20,5000,1,4521,0.026599998818710446,0.12510000669863075,0.0968000094871968,True,4328.949606797933
ECC+ChaCha20,5000,1,4522,0.025900008040480316,0.1238000113517046,0.09689999569673091,True,4328.949606797933
ECC+ChaCha20,5000,1,4523,0.025899993488565087,0.12440000136848539,0.10000000474974513,True,4328.949606797933
ECC+ChaCha20,5000,1,4524,0.026399997295811772,0.12530000822152942,0.09640000644139946,True,4328.949606797933
ECC+ChaCha20,5000,1,4525,0.02580000727903098,0.12459998833946884,0.09750000026542693,True,4328.949606797933
ECC+ChaCha20,5000,1,4526,0.026699999580159783,0.12379999679978937,0.09699999645818025,True,4328.949606797933
ECC+ChaCha20,5000,1,4527,0.025999994250014424,0.12329999299254268,0.09689999569673091,True,4328.949606797933
ECC+ChaCha20,5000,1,4528,0.02609999501146376,0.12329999299254268,0.09669999417383224,True,4328.949606797933
ECC+ChaCha20,5000,1,4529,0.025899993488565087,0.13079999189358205,0.09669999417383224,True,4328.949606797933
ECC+ChaCha20,5000,1,4530,0.025699991965666413,0.12310000602155924,0.09610000415705144,True,4328.949606797933
ECC+ChaCha20,5000,1,4531,0.025900008040480316,0.12659998901654035,0.09709999721962959,True,4328.949606797933
ECC+ChaCha20,5000,1,4532,0.02609999501146376,0.12399999832268804,0.09660000796429813,True,4328.949606797933
ECC+ChaCha20,5000,1,4533,0.025900008040480316,0.12269998842384666,0.09649999265093356,True,4328.949606797933
ECC+ChaCha20,5000,1,4534,0.025999994250014424,0.12480000441428274,0.09750000026542693,True,4328.949606797933
ECC+ChaCha20,5000,1,4535,0.026399997295811772,0.12419999984558672,0.0968000094871968,True,4328.949606797933
ECC+ChaCha20,5000,1,4536,0.026299996534362435,0.12399999832268804,0.09810000483412296,True,4328.949606797933
ECC+ChaCha20,5000,1,4537,0.026599998818710446,0.12369999603834003,0.09719999798107892,True,4328.949606797933
ECC+ChaCha20,5000,1,4538,0.025999994250014424,0.1235999952768907,0.0965999934123829,True,4328.949606797933
ECC+ChaCha20,5000,1,4539,0.02610000956337899,0.13359999866224825,0.09790000331122428,True,4328.949606797933
ECC+ChaCha20,5000,1,4540,0.02549999044276774,0.12260000221431255,0.09669999417383224,True,4328.949606797933
ECC+ChaCha20,5000,1,4541,0.025900008040480316,0.12240000069141388,0.09610000415705144,True,4328.949606797933
ECC+ChaCha20,5000,1,4542,0.025600005756132305,0.12180001067463309,0.0957000011112541,True,4328.949606797933
ECC+ChaCha20,5000,1,4543,0.03309999010525644,0.13549999857787043,0.09830000635702163,True,4328.949606797933
ECC+ChaCha20,5000,1,4544,0.026600013370625675,0.12409999908413738,0.09699999645818025,True,4328.949606797933
ECC+ChaCha20,5000,1,4545,0.02609999501146376,0.12349999451544136,0.09669999417383224,True,4328.949606797933
ECC+ChaCha20,5000,1,4546,0.026399997295811772,0.12379999679978937,0.09669999417383224,True,4328.949606797933
ECC+ChaCha20,5000,1,4547,0.02649999805726111,0.12440000136848539,0.09650000720284879,True,4328.949606797933
ECC+ChaCha20,5000,1,4548,0.025599991204217076,0.12399999832268804,0.0965999934123829,True,4328.949606797933
ECC+ChaCha20,5000,1,4549,0.02610000956337899,0.13380000018514693,0.09719999798107892,True,4328.949606797933
ECC+ChaCha20,5000,1,4550,0.02609999501146376,0.12399999832268804,0.09679999493528157,True,4328.949606797933
ECC+ChaCha20,5000,1,4551,0.026299996534362435,0.1238999975612387,0.0982999918051064,True,4328.949606797933
ECC+ChaCha20,5000,1,4552,0.02680000034160912,0.12560001050587744,0.09709999721962959,True,4328.949606797933
ECC+ChaCha20,5000,1,4553,0.025999994250014424,0.12340000830590725,0.09660000796429813,True,4328.949606797933
ECC+ChaCha20,5000,1,4554,0.025899993488565087,0.12349999451544136,0.09629999112803489,True,4328.949606797933
ECC+ChaCha20,5000,1,4555,0.026599998818710446,0.12579999747686088,0.09750000026542693,True,4328.949606797933
ECC+ChaCha20,5000,1,4556,0.02610000956337899,0.12320000678300858,0.09630000567995012,True,4328.949606797933
ECC+ChaCha20,5000,1,4557,0.02609999501146376,0.12409999908413738,0.09719999798107892,True,4328.949606797933
ECC+ChaCha20,5000,1,4558,0.026299996534362435,0.1238999975612387,0.09760000102687627,True,4328.949606797933
ECC+ChaCha20,5000,1,4559,0.02610000956337899,0.13349999790079892,0.09919999865815043,True,4328.949606797933
ECC+ChaCha20,5000,1,4560,0.02609999501146376,0.12409999908413738,0.09699999645818025,True,4328.949606797933
ECC+ChaCha20,5000,1,4561,0.025599991204217076,0.1230000052601099,0.09580000187270343,True,4328.949606797933
ECC+ChaCha20,5000,1,4562,0.025600005756132305,0.12199999764561653,0.09610000415705144,True,4328.949606797933
ECC+ChaCha20,5000,1,4563,0.025900008040480316,0.126499988255091,0.09649999265093356,True,4328.949606797933
ECC+ChaCha20,5000,1,4564,0.046899993321858346,0.1269000058528036,0.09750000026542693,True,4328.949606797933
ECC+ChaCha20,5000,1,4565,0.03060000017285347,0.13050000416114926,0.09790000331122428,True,4328.949606797933
ECC+ChaCha20,5000,1,4566,0.026299996534362435,0.12369999603834003,0.09729999874252826,True,4328.949606797933
ECC+ChaCha20,5000,1,4567,0.025999994250014424,0.12430000060703605,0.09699999645818025,True,4328.949606797933
ECC+ChaCha20,5000,1,4568,0.02609999501146376,0.12399999832268804,0.09639999188948423,True,4328.949606797933
ECC+ChaCha20,5000,1,4569,0.026399997295811772,0.13190000026952475,0.09719999798107892,True,4328.949606797933
ECC+ChaCha20,5000,1,4570,0.02570000651758164,0.12260000221431255,0.09620000491850078,True,4328.949606797933
ECC+ChaCha20,5000,1,4571,0.02580000727903098,0.12450000212993473,0.09649999265093356,True,4328.949606797933
ECC+ChaCha20,5000,1,4572,0.025899993488565087,0.1230000052601099,0.09690001024864614,True,4328.949606797933
ECC+ChaCha20,5000,1,4573,0.026300011086277664,0.12440000136848539,0.09689999569673091,True,4328.949606797933
ECC+ChaCha20,5000,1,4574,0.02580000727903098,0.12270000297576189,0.09669999417383224,True,4328.949606797933
ECC+ChaCha20,5000,1,4575,0.02580000727903098,0.12490000517573208,0.09710001177154481,True,4328.949606797933
ECC+ChaCha20,5000,1,4576,0.02609999501146376,0.12310000602155924,0.09590000263415277,True,4328.949606797933
ECC+ChaCha20,5000,1,4577,0.026000008801929653,0.12309999146964401,0.09709999721962959,True,4328.949606797933
ECC+ChaCha20,5000,1,4578,0.02609999501146376,0.12260000221431255,0.09660000796429813,True,4328.949606797933
ECC+ChaCha20,5000,1,4579,0.0261999957729131,0.13250000483822078,0.10410000686533749,True,4328.949606797933
ECC+ChaCha20,5000,1,4580,0.02609999501146376,0.12320000678300858,0.09719999798107892,True,4328.949606797933
ECC+ChaCha20,5000,1,4581,0.025999994250014424,0.1221999991685152,0.0957000011112541,True,4328.949606797933
ECC+ChaCha20,5000,1,4582,0.03890000516548753,0.1429999974789098,0.10000000474974513,True,4328.949606797933
ECC+ChaCha20,5000,1,4583,0.02920000406447798,0.12579999747686088,0.09780000254977494,True,4328.949606797933
ECC+ChaCha20,5000,1,4584,0.026400011847727,0.12340000830590725,0.09690001024864614,True,4328.949606797933
ECC+ChaCha20,5000,1,4585,0.02570000651758164,0.12299999070819467,0.09729999874252826,True,4328.949606797933
ECC+ChaCha20,5000,1,4586,0.025600005756132305,0.12289998994674534,0.09669999417383224,True,4328.949606797933
ECC+ChaCha20,5000,1,4587,0.026299996534362435,0.12379999679978937,0.11300000187475234,True,4328.949606797933
ECC+ChaCha20,5000,1,4588,0.028599999495781958,0.12799999967683107,0.09840000711847097,True,4328.949606797933
ECC+ChaCha20,5000,1,4589,0.026399997295811772,0.12480000441428274,0.09759998647496104,True,4328.949606797933
ECC+ChaCha20,5000,1,4590,0.026300011086277664,0.12270000297576189,0.09679999493528157,True,4328.949606797933
ECC+ChaCha20,5000,1,4591,0.025999994250014424,0.12399999832268804,0.09770000178832561,True,4328.949606797933
ECC+ChaCha20,5000,1,4592,0.025900008040480316,0.12360000982880592,0.09630000567995012,True,4328.949606797933
ECC+ChaCha20,5000,1,4593,0.026200010324828327,0.12360000982880592,0.09770000178832561,True,4328.949606797933
ECC+ChaCha20,5000,1,4594,0.026000008801929653,0.12320000678300858,0.0968000094871968,True,4328.949606797933
ECC+ChaCha20,5000,1,4595,0.0261999957729131,0.1269000058528036,0.09770000178832561,True,4328.949606797933
ECC+ChaCha20,5000,1,4596,0.026300011086277664,0.12440000136848539,0.09639999188948423,True,4328.949606797933
ECC+ChaCha20,5000,1,4597,0.02609999501146376,0.12419999984558672,0.09689999569673091,True,4328.949606797933
ECC+ChaCha20,5000,1,4598,0.026299996534362435,0.12940001033712178,0.09699999645818025,True,4328.949606797933
ECC+ChaCha20,5000,1,4599,0.025899993488565087,0.12270000297576189,0.09600000339560211,True,4328.949606797933
ECC+ChaCha20,5000,1,4600,0.025699991965666413,0.12340000830590725,0.09669999417383224,True,4328.949606797933
ECC+ChaCha20,5000,1,4601,0.02579999272711575,0.12250000145286322,0.09639999188948423,True,4328.949606797933
ECC+ChaCha20,5000,1,4602,0.02570000651758164,0.12369999603834003,0.09640000644139946,True,4328.949606797933
ECC+ChaCha20,5000,1,4603,0.025900008040480316,0.1238000113517046,0.09689999569673091,True,4328.949606797933
ECC+ChaCha20,5000,1,4604,0.026000008801929653,0.12330000754445791,0.09610000415705144,True,4328.949606797933
ECC+ChaCha20,5000,1,4605,0.025900008040480316,0.12370001059025526,0.09700001101009548,True,4328.949606797933
ECC+ChaCha20,5000,1,4606,0.02580000727903098,0.1238999975612387,0.09670000872574747,True,4328.949606797933
ECC+ChaCha20,5000,1,4607,0.02580000727903098,0.12440000136848539,0.09670000872574747,True,4328.949606797933
ECC+ChaCha20,5000,1,4608,0.026599998818710446,0.13419998867902905,0.09729999874252826,True,4328.949606797933
ECC+ChaCha20,5000,1,4609,0.026399997295811772,0.12379999679978937,0.09700001101009548,True,4328.949606797933
ECC+ChaCha20,5000,1,4610,0.025899993488565087,0.12379999679978937,0.09619999036658555,True,4328.949606797933
ECC+ChaCha20,5000,1,4611,0.025900008040480316,0.1238999975612387,0.0968000094871968,True,4328.949606797933
ECC+ChaCha20,5000,1,4612,0.02549999044276774,0.12409999908413738,0.0968000094871968,True,4328.949606797933
ECC+ChaCha20,5000,1,4613,0.026000008801929653,0.12329999299254268,0.0965999934123829,True,4328.949606797933
ECC+ChaCha20,5000,1,4614,0.025599991204217076,0.12409999908413738,0.09679999493528157,True,4328.949606797933
ECC+ChaCha20,5000,1,4615,0.02570000651758164,0.12369999603834003,0.09689999569673091,True,4328.949606797933
ECC+ChaCha20,5000,1,4616,0.02570000651758164,0.12379999679978937,0.0968000094871968,True,4328.949606797933
ECC+ChaCha20,5000,1,4617,0.025500004994682968,0.12269998842384666,0.0965999934123829,True,4328.949606797933
ECC+ChaCha20,5000,1,4618,0.0261999957729131,0.13309999485500157,0.09919999865815043,True,4328.949606797933
ECC+ChaCha20,5000,1,4619,0.026399997295811772,0.12339999375399202,0.09699999645818025,True,4328.949606797933
ECC+ChaCha20,5000,1,4620,0.029100003303028643,0.12909999350085855,0.09760000102687627,True,4328.949606797933
ECC+ChaCha20,5000,1,4621,0.026600013370625675,0.12630000128410757,0.0973999995039776,True,4328.949606797933
ECC+ChaCha20,5000,1,4622,0.026299996534362435,0.12419999984558672,0.0973999995039776,True,4328.949606797933
ECC+ChaCha20,5000,1,4623,0.026399997295811772,0.12409999908413738,0.09670000872574747,True,4328.949606797933
ECC+ChaCha20,5000,1,4624,0.026299996534362435,0.1238999975612387,0.09770000178832561,True,4328.949606797933
ECC+ChaCha20,5000,1,4625,0.025599991204217076,0.12349999451544136,0.09750000026542693,True,4328.949606797933
ECC+ChaCha20,5000,1,4626,0.02710000262595713,0.12739999510813504,0.09819999104365706,True,4328.949606797933
ECC+ChaCha20,5000,1,4627,0.026399997295811772,0.1281000004382804,0.09810000483412296,True,4328.949606797933
ECC+ChaCha20,5000,1,4628,0.025899993488565087,0.12460000289138407,0.09800000407267362,True,4328.949606797933
ECC+ChaCha20,5000,1,4629,0.026299996534362435,0.12339999375399202,0.09770000178832561,True,4328.949606797933
ECC+ChaCha20,5000,1,4630,0.02649999805726111,0.12430000060703605,0.09760000102687627,True,4328.949606797933
ECC+ChaCha20,5000,1,4631,0.026300011086277664,0.1238000113517046,0.09699999645818025,True,4328.949606797933
ECC+ChaCha20,5000,1,4632,0.0261999957729131,0.12309999146964401,0.0965999934123829,True,4328.949606797933
ECC+ChaCha20,5000,1,4633,0.026299996534362435,0.12419999984558672,0.09730001329444349,True,4328.949606797933
ECC+ChaCha20,5000,1,4634,0.02579999272711575,0.1247000036528334,0.09650000720284879,True,4328.949606797933
ECC+ChaCha20,5000,1,4635,0.02609999501146376,0.12480000441428274,0.09750000026542693,True,4328.949606797933
ECC+ChaCha20,5000,1,4636,0.02579999272711575,0.1235999952768907,0.09729999874252826,True,4328.949606797933
ECC+ChaCha20,5000,1,4637,0.026000008801929653,0.13509999553207308,0.09700001101009548,True,4328.949606797933
ECC+ChaCha20,5000,1,4638,0.025999994250014424,0.12299999070819467,0.09940000018104911,True,4328.949606797933
ECC+ChaCha20,5000,1,4639,0.026000008801929653,0.1252999936696142,0.09849999332800508,True,4328.949606797933
ECC+ChaCha20,5000,1,4640,0.026299996534362435,0.12349999451544136,0.09729999874252826,True,4328.949606797933
ECC+ChaCha20,5000,1,4641,0.025999994250014424,0.12240000069141388,0.0968000094871968,True,4328.949606797933
ECC+ChaCha20,5000,1,4642,0.02609999501146376,0.12319999223109335,0.09689999569673091,True,4328.949606797933
ECC+ChaCha20,5000,1,4643,0.02649999805726111,0.1235999952768907,0.09810000483412296,True,4328.949606797933
ECC+ChaCha20,5000,1,4644,0.026300011086277664,0.12360000982880592,0.09709999721962959,True,4328.949606797933
ECC+ChaCha20,5000,1,4645,0.025899993488565087,0.12409999908413738,0.09760000102687627,True,4328.949606797933
ECC+ChaCha20,5000,1,4646,0.026299996534362435,0.1235999952768907,0.09719999798107892,True,4328.949606797933
ECC+ChaCha20,5000,1,4647,0.02610000956337899,0.1348999940091744,0.09679999493528157,True,4328.949606797933
ECC+ChaCha20,5000,1,4648,0.025600005756132305,0.12269998842384666,0.09630000567995012,True,4328.949606797933
ECC+ChaCha20,5000,1,4649,0.025600005756132305,0.12340000830590725,0.0968000094871968,True,4328.949606797933
ECC+ChaCha20,5000,1,4650,0.025999994250014424,0.1235999952768907,0.09669999417383224,True,4328.949606797933
ECC+ChaCha20,5000,1,4651,0.026300011086277664,0.1238000113517046,0.09699999645818025,True,4328.949606797933
ECC+ChaCha20,5000,1,4652,0.02579999272711575,0.12369999603834003,0.10049999400507659,True,4328.949606797933
ECC+ChaCha20,5000,1,4653,0.02580000727903098,0.12330000754445791,0.09660000796429813,True,4328.949606797933
ECC+ChaCha20,5000,1,4654,0.025600005756132305,0.1235999952768907,0.09690001024864614,True,4328.949606797933
ECC+ChaCha20,5000,1,4655,0.02580000727903098,0.12199999764561653,0.09630000567995012,True,4328.949606797933
ECC+ChaCha20,5000,1,4656,0.02579999272711575,0.12329999299254268,0.09679999493528157,True,4328.949606797933
ECC+ChaCha20,5000,1,4657,0.025600005756132305,0.13300000864546746,0.10370000381954014,True,4328.949606797933
ECC+ChaCha20,5000,1,4658,0.025699991965666413,0.12320000678300858,0.09699999645818025,True,4328.949606797933
ECC+ChaCha20,5000,1,4659,0.19269999756943434,0.27550000231713057,0.20840000070165843,True,4328.949606797933
ECC+ChaCha20,5000,1,4660,0.04870000702794641,0.15180000627879053,0.10639999527484179,True,4328.949606797933
ECC+ChaCha20,5000,1,4661,0.03199999628122896,0.13000000035390258,0.10050000855699182,True,4328.949606797933
ECC+ChaCha20,5000,1,4662,0.034199998481199145,0.13760000001639128,0.10119999933522195,True,4328.949606797933
ECC+ChaCha20,5000,1,4663,0.027799993404187262,0.12870000500697643,0.09950000094249845,True,4328.949606797933
ECC+ChaCha20,5000,1,4664,0.02680000034160912,0.13559999933931977,0.10410000686533749,True,4328.949606797933
ECC+ChaCha20,5000,1,4665,0.0261999957729131,0.12539999443106353,0.09819999104365706,True,4328.949606797933
ECC+ChaCha20,5000,1,4666,0.0261999957729131,0.12530000822152942,0.0985000078799203,True,4328.949606797933
ECC+ChaCha20,5000,1,4667,0.026400011847727,0.1252000074600801,0.09780000254977494,True,4328.949606797933
ECC+ChaCha20,5000,1,4668,0.0261999957729131,0.1238999975612387,0.09709999721962959,True,4328.949606797933
ECC+ChaCha20,5000,1,4669,0.025899993488565087,0.12409999908413738,0.09750000026542693,True,4328.949606797933
ECC+ChaCha20,5000,1,4670,0.026699999580159783,0.1250000059371814,0.0973999995039776,True,4328.949606797933
ECC+ChaCha20,5000,1,4671,0.0261999957729131,0.12319999223109335,0.0965999934123829,True,4328.949606797933
ECC+ChaCha20,5000,1,4672,0.02609999501146376,0.12479998986236751,0.09729999874252826,True,4328.949606797933
ECC+ChaCha20,5000,1,4673,0.026399997295811772,0.1238999975612387,0.09709999721962959,True,4328.949606797933
ECC+ChaCha20,5000,1,4674,0.02649999805726111,0.13210000179242343,0.09650000720284879,True,4328.949606797933
ECC+ChaCha20,5000,1,4675,0.02579999272711575,0.12369999603834003,0.09619999036658555,True,4328.949606797933
ECC+ChaCha20,5000,1,4676,0.02580000727903098,0.12290000449866056,0.09639999188948423,True,4328.949606797933
ECC+ChaCha20,5000,1,4677,0.025599991204217076,0.12240000069141388,0.09699999645818025,True,4328.949606797933
ECC+ChaCha20,5000,1,4678,0.025899993488565087,0.1235999952768907,0.09679999493528157,True,4328.949606797933
ECC+ChaCha20,5000,1,4679,0.025999994250014424,0.1238999975612387,0.09719999798107892,True,4328.949606797933
ECC+ChaCha20,5000,1,4680,0.025900008040480316,0.12260000221431255,0.09590000263415277,True,4328.949606797933
ECC+ChaCha20,5000,1,4681,0.026000008801929653,0.12330000754445791,0.09670000872574747,True,4328.949606797933
ECC+ChaCha20,5000,1,4682,0.02680000034160912,0.12430000060703605,0.09719999798107892,True,4328.949606797933
ECC+ChaCha20,5000,1,4683,0.025699991965666413,0.12419999984558672,0.09760000102687627,True,4328.949606797933
ECC+ChaCha20,5000,1,4684,0.02580000727903098,0.13259999104775488,0.10479999764356762,True,4328.949606797933
ECC+ChaCha20,5000,1,4685,0.025899993488565087,0.16060000052675605,0.09950000094249845,True,4328.949606797933
ECC+ChaCha20,5000,1,4686,0.02720000338740647,0.12409999908413738,0.09689999569673091,True,4328.949606797933
ECC+ChaCha20,5000,1,4687,0.026399997295811772,0.12409999908413738,0.0973999995039776,True,4328.949606797933
ECC+ChaCha20,5000,1,4688,0.025999994250014424,0.12320000678300858,0.09640000644139946,True,4328.949606797933
ECC+ChaCha20,5000,1,4689,0.02580000727903098,0.1238999975612387,0.09780000254977494,True,4328.949606797933
ECC+ChaCha20,5000,1,4690,0.026299996534362435,0.12299999070819467,0.09639999188948423,True,4328.949606797933
ECC+ChaCha20,5000,1,4691,0.026599998818710446,0.12719999358523637,0.09649999265093356,True,4328.949606797933
ECC+ChaCha20,5000,1,4692,0.025699991965666413,0.1238999975612387,0.09839999256655574,True,4328.949606797933
ECC+ChaCha20,5000,1,4693,0.02609999501146376,0.1247000036528334,0.09709999721962959,True,4328.949606797933
ECC+ChaCha20,5000,1,4694,0.026399997295811772,0.1269000058528036,0.09750000026542693,True,4328.949606797933
ECC+ChaCha20,5000,1,4695,0.031499992473982275,0.1373999984934926,0.10140000085812062,True,4328.949606797933
ECC+ChaCha20,5000,1,4696,0.030399998649954796,0.12919999426230788,0.09889999637380242,True,4328.949606797933
ECC+ChaCha20,5000,1,4697,0.028700000257231295,0.1281000004382804,0.09889999637380242,True,4328.949606797933
ECC+ChaCha20,5000,1,4698,0.027900008717551827,0.12830000196117908,0.09770000178832561,True,4328.949606797933
ECC+ChaCha20,5000,1,4699,0.02649999805726111,0.12510000669863075,0.09790000331122428,True,4328.949606797933
ECC+ChaCha20,5000,1,4700,0.026900001103058457,0.12450000212993473,0.09709999721962959,True,4328.949606797933
ECC+ChaCha20,5000,1,4701,0.026299996534362435,0.12319999223109335,0.09640000644139946,True,4328.949606797933
ECC+ChaCha20,5000,1,4702,0.02580000727903098,0.12229999992996454,0.09699999645818025,True,4328.949606797933
ECC+ChaCha20,5000,1,4703,0.026400011847727,0.13390000094659626,0.0965999934123829,True,4328.949606797933
ECC+ChaCha20,5000,1,4704,0.02580000727903098,0.12419999984558672,0.09750000026542693,True,4328.949606797933
ECC+ChaCha20,5000,1,4705,0.025699991965666413,0.1230000052601099,0.09669999417383224,True,4328.949606797933
ECC+ChaCha20,5000,1,4706,0.02579999272711575,0.12310000602155924,0.09650000720284879,True,4328.949606797933
ECC+ChaCha20,5000,1,4707,0.025600005756132305,0.12299999070819467,0.09649999265093356,True,4328.949606797933
ECC+ChaCha20,5000,1,4708,0.025999994250014424,0.12379999679978937,0.09689999569673091,True,4328.949606797933
ECC+ChaCha20,5000,1,4709,0.02580000727903098,0.12309999146964401,0.09699999645818025,True,4328.949606797933
ECC+ChaCha20,5000,1,4710,0.025500004994682968,0.12290000449866056,0.09710001177154481,True,4328.949606797933
ECC+ChaCha20,5000,1,4711,0.02580000727903098,0.12289998994674534,0.09729999874252826,True,4328.949606797933
ECC+ChaCha20,5000,1,4712,0.02540000423323363,0.12340000830590725,0.09650000720284879,True,4328.949606797933
ECC+ChaCha20,5000,1,4713,0.02579999272711575,0.13220000255387276,0.10489999840501696,True,4328.949606797933
ECC+ChaCha20,5000,1,4714,0.02610000956337899,0.12400001287460327,0.09640000644139946,True,4328.949606797933
ECC+ChaCha20,5000,1,4715,0.025899993488565087,0.12440000136848539,0.09789998875930905,True,4328.949606797933
ECC+ChaCha20,5000,1,4716,0.025600005756132305,0.12370001059025526,0.10040000779554248,True,4328.949606797933
ECC+ChaCha20,5000,1,4717,0.025900008040480316,0.12409999908413738,0.0965999934123829,True,4328.949606797933
ECC+ChaCha20,5000,1,4718,0.025600005756132305,0.1221999991685152,0.09660000796429813,True,4328.949606797933
ECC+ChaCha20,5000,1,4719,0.025599991204217076,0.12280000373721123,0.09700001101009548,True,4328.949606797933
ECC+ChaCha20,5000,1,4720,0.026200010324828327,0.12319999223109335,0.09719999798107892,True,4328.949606797933
ECC+ChaCha20,5000,1,4721,0.025600005756132305,0.12320000678300858,0.09690001024864614,True,4328.949606797933
ECC+ChaCha20,5000,1,4722,0.025500004994682968,0.12419999984558672,0.09679999493528157,True,4328.949606797933
ECC+ChaCha20,5000,1,4723,0.025999994250014424,0.13699999544769526,0.0965999934123829,True,4328.949606797933
ECC+ChaCha20,5000,1,4724,0.025699991965666413,0.12340000830590725,0.09660000796429813,True,4328.949606797933
ECC+ChaCha20,5000,1,4725,0.025599991204217076,0.12310000602155924,0.09610000415705144,True,4328.949606797933
ECC+ChaCha20,5000,1,4726,0.025900008040480316,0.12349999451544136,0.09789998875930905,True,4328.949606797933
ECC+ChaCha20,5000,1,4727,0.02570000651758164,0.12319999223109335,0.09679999493528157,True,4328.949606797933
ECC+ChaCha20,5000,1,4728,0.025899993488565087,0.12260000221431255,0.09970000246539712,True,4328.949606797933
ECC+ChaCha20,5000,1,4729,0.025699991965666413,0.12270000297576189,0.09679999493528157,True,4328.949606797933
ECC+ChaCha20,5000,1,4730,0.025899993488565087,0.12270000297576189,0.09689999569673091,True,4328.949606797933
ECC+ChaCha20,5000,1,4731,0.025600005756132305,0.12310000602155924,0.09639999188948423,True,4328.949606797933
ECC+ChaCha20,5000,1,4732,0.02580000727903098,0.12329999299254268,0.09769998723641038,True,4328.949606797933
ECC+ChaCha20,5000,1,4733,0.05839999357704073,0.17420000222045928,0.11890000314451754,True,4328.949606797933
ECC+ChaCha20,5000,1,4734,0.05400000372901559,0.1652000064495951,0.10859999747481197,True,4328.949606797933
ECC+ChaCha20,5000,1,4735,0.03999999898951501,0.14800000644754618,0.10259999544359744,True,4328.949606797933
ECC+ChaCha20,5000,1,4736,0.030399998649954796,0.13139999646227807,0.10030000703409314,True,4328.949606797933
ECC+ChaCha20,5000,1,4737,0.02720000338740647,0.12669998977798969,0.09809999028220773,True,4328.949606797933
ECC+ChaCha20,5000,1,4738,0.026399997295811772,0.12519999290816486,0.09819999104365706,True,4328.949606797933
ECC+ChaCha20,5000,1,4739,0.026900001103058457,0.12549999519251287,0.09809999028220773,True,4328.949606797933
ECC+ChaCha20,5000,1,4740,0.022499996703118086,0.11749999248422682,0.09549999958835542,True,4328.949606797933
ECC+ChaCha20,5000,1,4741,0.021900006686337292,0.11660000018309802,0.12149999383836985,True,4328.949606797933
ECC+ChaCha20,5000,1,4742,0.026699999580159783,0.12540000898297876,0.34359999699518085,True,4328.949606797933
ECC+ChaCha20,5000,1,4743,0.0320999970426783,0.3566999948816374,0.14040000678505749,True,4328.949606797933
ECC+ChaCha20,5000,1,4744,0.03170000854879618,0.2584999892860651,0.1438000035705045,True,4328.949606797933
ECC+ChaCha20,5000,1,4745,0.04299999272916466,0.13630000466946512,0.10089999705087394,True,4328.949606797933
ECC+ChaCha20,5000,1,4746,0.024499997380189598,0.13729999773204327,0.12799999967683107,True,4328.949606797933
ECC+ChaCha20,5000,1,4747,0.034900003811344504,0.32550000469200313,0.11229999654460698,True,4328.949606797933
ECC+ChaCha20,5000,1,4748,0.03809999907389283,0.1345999917248264,0.09830000635702163,True,4328.949606797933
ECC+ChaCha20,5000,1,4749,0.027300004148855805,0.12669998977798969,0.09809999028220773,True,4328.949606797933
ECC+ChaCha20,5000,1,4750,0.022800013539381325,0.11780000932049006,0.09670000872574747,True,4328.949606797933
ECC+ChaCha20,5000,1,4751,0.022899999748915434,0.11590000940486789,0.09630000567995012,True,4328.949606797933
ECC+ChaCha20,5000,1,4752,0.02680000034160912,0.12489999062381685,0.09719999798107892,True,4328.949606797933
ECC+ChaCha20,5000,1,4753,0.025900008040480316,0.12379999679978937,0.09690001024864614,True,4328.949606797933
ECC+ChaCha20,5000,1,4754,0.026200010324828327,0.12350000906735659,0.09719999798107892,True,4328.949606797933
ECC+ChaCha20,5000,1,4755,0.02610000956337899,0.13410000246949494,0.09769998723641038,True,4328.949606797933
ECC+ChaCha20,5000,1,4756,0.026299996534362435,0.12399999832268804,0.09679999493528157,True,4328.949606797933
ECC+ChaCha20,5000,1,4757,0.026299996534362435,0.12340000830590725,0.09700001101009548,True,4328.949606797933
ECC+ChaCha20,5000,1,4758,0.0261999957729131,0.13420000323094428,0.10380000458098948,True,4328.949606797933
ECC+ChaCha20,5000,1,4759,0.02579999272711575,0.12309999146964401,0.09689999569673091,True,4328.949606797933
ECC+ChaCha20,5000,1,4760,0.025899993488565087,0.12440000136848539,0.09700001101009548,True,4328.949606797933
ECC+ChaCha20,5000,1,4761,0.025999994250014424,0.12270000297576189,0.09670000872574747,True,4328.949606797933
ECC+ChaCha20,5000,1,4762,0.025699991965666413,0.12369999603834003,0.09689999569673091,True,4328.949606797933
ECC+ChaCha20,5000,1,4763,0.025699991965666413,0.12309999146964401,0.0973999995039776,True,4328.949606797933
ECC+ChaCha20,5000,1,4764,0.025500004994682968,0.12309999146964401,0.09630000567995012,True,4328.949606797933
ECC+ChaCha20,5000,1,4765,0.025999994250014424,0.12330000754445791,0.09709999721962959,True,4328.949606797933
ECC+ChaCha20,5000,1,4766,0.025699991965666413,0.1221999991685152,0.09660000796429813,True,4328.949606797933
ECC+ChaCha20,5000,1,4767,0.02580000727903098,0.12240000069141388,0.09610000415705144,True,4328.949606797933
ECC+ChaCha20,5000,1,4768,0.026000008801929653,0.16760001017246395,0.10119999933522195,True,4328.949606797933
ECC+ChaCha20,5000,1,4769,0.029100003303028643,0.13169999874662608,0.09810000483412296,True,4328.949606797933
ECC+ChaCha20,5000,1,4770,0.026299996534362435,0.12450000212993473,0.09730001329444349,True,4328.949606797933
ECC+ChaCha20,5000,1,4771,0.026000008801929653,0.12490000517573208,0.09730001329444349,True,4328.949606797933
ECC+ChaCha20,5000,1,4772,0.026599998818710446,0.12450000212993473,0.0965999934123829,True,4328.949606797933
ECC+ChaCha20,5000,1,4773,0.02649999805726111,0.12379999679978937,0.09699999645818025,True,4328.949606797933
ECC+ChaCha20,5000,1,4774,0.02580000727903098,0.12299999070819467,0.0965999934123829,True,4328.949606797933
ECC+ChaCha20,5000,1,4775,0.025899993488565087,0.12310000602155924,0.09660000796429813,True,4328.949606797933
ECC+ChaCha20,5000,1,4776,0.02540000423323363,0.12310000602155924,0.09710001177154481,True,4328.949606797933
ECC+ChaCha20,5000,1,4777,0.025900008040480316,0.12350000906735659,0.09699999645818025,True,4328.949606797933
ECC+ChaCha20,5000,1,4778,0.026299996534362435,0.1244999875780195,0.09709999721962959,True,4328.949606797933
ECC+ChaCha20,5000,1,4779,0.026000008801929653,0.1238000113517046,0.09790000331122428,True,4328.949606797933
ECC+ChaCha20,5000,1,4780,0.026399997295811772,0.13279999257065356,0.09639999188948423,True,4328.949606797933
ECC+ChaCha20,5000,1,4781,0.02570000651758164,0.1238000113517046,0.09660000796429813,True,4328.949606797933
ECC+ChaCha20,5000,1,4782,0.025999994250014424,0.1235999952768907,0.09669999417383224,True,4328.949606797933
ECC+ChaCha20,5000,1,4783,0.026599998818710446,0.12349999451544136,0.09679999493528157,True,4328.949606797933
ECC+ChaCha20,5000,1,4784,0.026000008801929653,0.12310000602155924,0.09630000567995012,True,4328.949606797933
ECC+ChaCha20,5000,1,4785,0.02580000727903098,0.12270000297576189,0.0965999934123829,True,4328.949606797933
ECC+ChaCha20,5000,1,4786,0.02610000956337899,0.12399999832268804,0.09719999798107892,True,4328.949606797933
ECC+ChaCha20,5000,1,4787,0.02610000956337899,0.12239998613949865,0.09630000567995012,True,4328.949606797933
ECC+ChaCha20,5000,1,4788,0.026000008801929653,0.12310000602155924,0.09669999417383224,True,4328.949606797933
ECC+ChaCha20,5000,1,4789,0.02580000727903098,0.12250000145286322,0.09649999265093356,True,4328.949606797933
ECC+ChaCha20,5000,1,4790,0.02570000651758164,0.12349999451544136,0.09679999493528157,True,4328.949606797933
ECC+ChaCha20,5000,1,4791,0.026000008801929653,0.13309999485500157,0.10410000686533749,True,4328.949606797933
ECC+ChaCha20,5000,1,4792,0.025999994250014424,0.12430000060703605,0.09710001177154481,True,4328.949606797933
ECC+ChaCha20,5000,1,4793,0.0261999957729131,0.12399999832268804,0.09699999645818025,True,4328.949606797933
ECC+ChaCha20,5000,1,4794,0.02540000423323363,0.1235999952768907,0.09600000339560211,True,4328.949606797933
ECC+ChaCha20,5000,1,4795,0.025600005756132305,0.12319999223109335,0.09750000026542693,True,4328.949606797933
ECC+ChaCha20,5000,1,4796,0.02580000727903098,0.12430000060703605,0.09770000178832561,True,4328.949606797933
ECC+ChaCha20,5000,1,4797,0.02609999501146376,0.12369999603834003,0.09669999417383224,True,4328.949606797933
ECC+ChaCha20,5000,1,4798,0.025999994250014424,0.1230000052601099,0.09699999645818025,True,4328.949606797933
ECC+ChaCha20,5000,1,4799,0.0261999957729131,0.12379999679978937,0.0968000094871968,True,4328.949606797933
ECC+ChaCha20,5000,1,4800,0.025900008040480316,0.12339999375399202,0.09640000644139946,True,4328.949606797933
ECC+ChaCha20,5000,1,4801,0.02610000956337899,0.12410001363605261,0.09699999645818025,True,4328.949606797933
ECC+ChaCha20,5000,1,4802,0.02610000956337899,0.1348000077996403,0.0968000094871968,True,4328.949606797933
ECC+ChaCha20,5000,1,4803,0.02579999272711575,0.12409999908413738,0.09770000178832561,True,4328.949606797933
ECC+ChaCha20,5000,1,4804,0.02540000423323363,0.12260000221431255,0.09669999417383224,True,4328.949606797933
ECC+ChaCha20,5000,1,4805,0.025500004994682968,0.12319999223109335,0.0965999934123829,True,4328.949606797933
ECC+ChaCha20,5000,1,4806,0.025599991204217076,0.12250000145286322,0.09689999569673091,True,4328.949606797933
ECC+ChaCha20,5000,1,4807,0.025899993488565087,0.12330000754445791,0.09620000491850078,True,4328.949606797933
ECC+ChaCha20,5000,1,4808,0.026299996534362435,0.12310000602155924,0.49390000640414655,True,4328.949606797933
ECC+ChaCha20,5000,1,4809,0.1024999946821481,0.4430999979376793,0.28079999901819974,True,4328.949606797933
ECC+ChaCha20,5000,1,4810,0.032500000088475645,0.14420000661630183,0.10150000161956996,True,4328.949606797933
ECC+ChaCha20,5000,1,4811,0.042799991206265986,0.17189999925903976,0.26139999681618065,True,4328.949606797933
ECC+ChaCha20,5000,1,4812,0.03539999306667596,0.18430000636726618,0.12139999307692051,True,4328.949606797933
ECC+ChaCha20,5000,1,4813,0.04130000888835639,0.17410000145900995,0.27910000062547624,True,4328.949606797933
ECC+ChaCha20,5000,1,4814,0.04189999890513718,0.14200000441633165,0.1033000007737428,True,4328.949606797933
ECC+ChaCha20,5000,1,4815,0.02540000423323363,0.12299999070819467,0.09889999637380242,True,4328.949606797933
ECC+ChaCha20,5000,1,4816,0.02710000262595713,0.12679999053943902,0.09839999256655574,True,4328.949606797933
ECC+ChaCha20,5000,1,4817,0.02649999805726111,0.1255999959539622,0.09710001177154481,True,4328.949606797933
ECC+ChaCha20,5000,1,4818,0.0261999957729131,0.12499999138526618,0.09719999798107892,True,4328.949606797933
ECC+ChaCha20,5000,1,4819,0.026299996534362435,0.1353999978164211,0.1049999991664663,True,4328.949606797933
ECC+ChaCha20,5000,1,4820,0.0261999957729131,0.1252999936696142,0.09729999874252826,True,4328.949606797933
ECC+ChaCha20,5000,1,4821,0.025999994250014424,0.12460000289138407,0.09699999645818025,True,4328.949606797933
ECC+ChaCha20,5000,1,4822,0.026000008801929653,0.12370001059025526,0.09690001024864614,True,4328.949606797933
ECC+ChaCha20,5000,1,4823,0.025899993488565087,0.12330000754445791,0.09650000720284879,True,4328.949606797933
ECC+ChaCha20,5000,1,4824,0.026299996534362435,0.12329999299254268,0.09699999645818025,True,4328.949606797933
ECC+ChaCha20,5000,1,4825,0.026000008801929653,0.16260000120382756,0.10450000991113484,True,4328.949606797933
ECC+ChaCha20,5000,1,4826,0.0278999941656366,0.1255999959539622,0.0965999934123829,True,4328.949606797933
ECC+ChaCha20,5000,1,4827,0.02610000956337899,0.12459998833946884,0.09699999645818025,True,4328.949606797933
ECC+ChaCha20,5000,1,4828,0.025899993488565087,0.12280000373721123,0.09709999721962959,True,4328.949606797933
ECC+ChaCha20,5000,1,4829,0.025600005756132305,0.12490000517573208,0.09709999721962959,True,4328.949606797933
ECC+ChaCha20,5000,1,4830,0.025999994250014424,0.12350000906735659,0.09689999569673091,True,4328.949606797933
ECC+ChaCha20,5000,1,4831,0.026000008801929653,0.12350000906735659,0.09660000796429813,True,4328.949606797933
ECC+ChaCha20,5000,1,4832,0.025599991204217076,0.12320000678300858,0.09620000491850078,True,4328.949606797933
ECC+ChaCha20,5000,1,4833,0.025900008040480316,0.1221999991685152,0.09670000872574747,True,4328.949606797933
ECC+ChaCha20,5000,1,4834,0.02579999272711575,0.12270000297576189,0.09630000567995012,True,4328.949606797933
ECC+ChaCha20,5000,1,4835,0.025500004994682968,0.12229999992996454,0.09669999417383224,True,4328.949606797933
ECC+ChaCha20,5000,1,4836,0.025900008040480316,0.12330000754445791,0.09670000872574747,True,4328.949606797933
ECC+ChaCha20,5000,1,4837,0.02570000651758164,0.122799989185296,0.09629999112803489,True,4328.949606797933
ECC+ChaCha20,5000,1,4838,0.02609999501146376,0.12440000136848539,0.09700001101009548,True,4328.949606797933
ECC+ChaCha20,5000,1,4839,0.025900008040480316,0.12349999451544136,0.09669999417383224,True,4328.949606797933
ECC+ChaCha20,5000,1,4840,0.025899993488565087,0.14570000348612666,0.09810000483412296,True,4328.949606797933
ECC+ChaCha20,5000,1,4841,0.02609999501146376,0.12350000906735659,0.09709999721962959,True,4328.949606797933
ECC+ChaCha20,5000,1,4842,0.026399997295811772,0.12490000517573208,0.0973999995039776,True,4328.949606797933
ECC+ChaCha20,5000,1,4843,0.026200010324828327,0.13070000568404794,0.10010000551119447,True,4328.949606797933
ECC+ChaCha20,5000,1,4844,0.04120000812690705,0.1314999972237274,0.10039999324362725,True,4328.949606797933
ECC+ChaCha20,5000,1,4845,0.023500004317611456,0.11819999781437218,0.09719999798107892,True,4328.949606797933
ECC+ChaCha20,5000,1,4846,0.022100008209235966,0.11480000102892518,0.09580000187270343,True,4328.949606797933
ECC+ChaCha20,5000,1,4847,0.10269999620504677,0.26339999749325216,0.10689999908208847,True,4328.949606797933
ECC+ChaCha20,5000,1,4848,0.03169999399688095,0.13359999866224825,0.10029999248217791,True,4328.949606797933
ECC+ChaCha20,5000,1,4849,0.03060000017285347,0.12850000348407775,0.09719999798107892,True,4328.949606797933
ECC+ChaCha20,5000,1,4850,0.03020001167897135,0.12710000737570226,0.0968000094871968,True,4328.949606797933
ECC+ChaCha20,5000,1,4851,0.02710000262595713,0.12390001211315393,0.09729999874252826,True,4328.949606797933
ECC+ChaCha20,5000,1,4852,0.02780000795610249,0.1272000081371516,0.10520000068936497,True,4328.949606797933
ECC+ChaCha20,5000,1,4853,0.028599999495781958,0.13519999629352242,0.10619999375194311,True,4328.949606797933
ECC+ChaCha20,5000,1,4854,0.02890000178012997,0.1396000006934628,0.11230001109652221,True,4328.949606797933
ECC+ChaCha20,5000,1,4855,0.03159999323543161,0.1478000049246475,0.11999999696854502,True,4328.949606797933
ECC+ChaCha20,5000,1,4856,0.03369999467395246,0.15369999164249748,0.12679999053943902,True,4328.949606797933
ECC+ChaCha20,5000,1,4857,0.03650000144261867,0.16599999798927456,0.13040000339969993,True,4328.949606797933
ECC+ChaCha20,5000,1,4858,0.0357000099029392,0.16530000721104443,0.14030000602360815,True,4328.949606797933
ECC+ChaCha20,5000,1,4859,0.03720000677276403,0.1762000028975308,0.13000000035390258,True,4328.949606797933
ECC+ChaCha20,5000,1,4860,0.0357000099029392,0.16820000018924475,0.12490000517573208,True,4328.949606797933
ECC+ChaCha20,5000,1,4861,0.033200005418621004,0.15449999773409218,0.11879998783115298,True,4328.949606797933
ECC+ChaCha20,5000,1,4862,0.03220001235604286,0.14960000407882035,0.11400000948924571,True,4328.949606797933
ECC+ChaCha20,5000,1,4863,0.030099996365606785,0.13719999697059393,0.10549998842179775,True,4328.949606797933
ECC+ChaCha20,5000,1,4864,0.028099995688535273,0.1309000072069466,0.10289999772794545,True,4328.949606797933
ECC+ChaCha20,5000,1,4865,0.028700000257231295,0.12880000576842576,0.09690001024864614,True,4328.949606797933
ECC+ChaCha20,5000,1,4866,0.02680000034160912,0.1235999952768907,0.09660000796429813,True,4328.949606797933
ECC+ChaCha20,5000,1,4867,0.02689998655114323,0.12280000373721123,0.09620000491850078,True,4328.949606797933
ECC+ChaCha20,5000,1,4868,0.02680000034160912,0.12309999146964401,0.0965999934123829,True,4328.949606797933
ECC+ChaCha20,5000,1,4869,0.026399997295811772,0.12290000449866056,0.09650000720284879,True,4328.949606797933
ECC+ChaCha20,5000,1,4870,0.026599998818710446,0.12350000906735659,0.09709999721962959,True,4328.949606797933
ECC+ChaCha20,5000,1,4871,0.026400011847727,0.12260000221431255,0.09590000263415277,True,4328.949606797933
ECC+ChaCha20,5000,1,4872,0.02680000034160912,0.1238999975612387,0.0965999934123829,True,4328.949606797933
ECC+ChaCha20,5000,1,4873,0.026400011847727,0.12310000602155924,0.09629999112803489,True,4328.949606797933
ECC+ChaCha20,5000,1,4874,0.02649999805726111,0.12299999070819467,0.09590000263415277,True,4328.949606797933
ECC+ChaCha20,5000,1,4875,0.026599998818710446,0.12209999840706587,0.09630000567995012,True,4328.949606797933
ECC+ChaCha20,5000,1,4876,0.026399997295811772,0.12329999299254268,0.0965999934123829,True,4328.949606797933
ECC+ChaCha20,5000,1,4877,0.026699999580159783,0.12349999451544136,0.09609998960513622,True,4328.949606797933
ECC+ChaCha20,5000,1,4878,0.026399997295811772,0.12209999840706587,0.09699999645818025,True,4328.949606797933
ECC+ChaCha20,5000,1,4879,0.02750000567175448,0.1238999975612387,0.09610000415705144,True,4328.949606797933
ECC+ChaCha20,5000,1,4880,0.027299989596940577,0.12319999223109335,0.09679999493528157,True,4328.949606797933
ECC+ChaCha20,5000,1,4881,0.027000001864507794,0.12349999451544136,0.10040000779554248,True,4328.949606797933
ECC+ChaCha20,5000,1,4882,0.03779999678954482,0.14859999646432698,0.10309999925084412,True,4328.949606797933
ECC+ChaCha20,5000,1,4883,0.029300004825927317,0.12840000272262841,0.09760000102687627,True,4328.949606797933
ECC+ChaCha20,5000,1,4884,0.02820001100189984,0.1252000074600801,0.09740001405589283,True,4328.949606797933
ECC+ChaCha20,5000,1,4885,0.027999994927085936,0.12409999908413738,0.09810000483412296,True,4328.949606797933
ECC+ChaCha20,5000,1,4886,0.027299989596940577,0.12369999603834003,0.09610000415705144,True,4328.949606797933
ECC+ChaCha20,5000,1,4887,0.02719998883549124,0.12419999984558672,0.09669999417383224,True,4328.949606797933
ECC+ChaCha20,5000,1,4888,0.027799993404187262,0.12460000289138407,0.0968000094871968,True,4328.949606797933
ECC+ChaCha20,5000,1,4889,0.027399990358389914,0.12440000136848539,0.09649999265093356,True,4328.949606797933
ECC+ChaCha20,5000,1,4890,0.02749999111983925,0.1238999975612387,0.09709999721962959,True,4328.949606797933
ECC+ChaCha20,5000,1,4891,0.02710000262595713,0.1247000036528334,0.09719999798107892,True,4328.949606797933
ECC+ChaCha20,5000,1,4892,0.026900001103058457,0.1238999975612387,0.09719999798107892,True,4328.949606797933
ECC+ChaCha20,5000,1,4893,0.02710000262595713,0.12369999603834003,0.09639999188948423,True,4328.949606797933
ECC+ChaCha20,5000,1,4894,0.02719998883549124,0.12340000830590725,0.09630000567995012,True,4328.949606797933
ECC+ChaCha20,5000,1,4895,0.02750000567175448,0.12299999070819467,0.09600000339560211,True,4328.949606797933
ECC+ChaCha20,5000,1,4896,0.026900001103058457,0.12379999679978937,0.09649999265093356,True,4328.949606797933
ECC+ChaCha20,5000,1,4897,0.026900001103058457,0.12260000221431255,0.09660000796429813,True,4328.949606797933
ECC+ChaCha20,5000,1,4898,0.026699999580159783,0.12340000830590725,0.09660000796429813,True,4328.949606797933
ECC+ChaCha20,5000,1,4899,0.02680000034160912,0.12270000297576189,0.09629999112803489,True,4328.949606797933
ECC+ChaCha20,5000,1,4900,0.026699999580159783,0.12329999299254268,0.09629999112803489,True,4328.949606797933
ECC+ChaCha20,5000,1,4901,0.02689998655114323,0.12379999679978937,0.09689999569673091,True,4328.949606797933
ECC+ChaCha20,5000,1,4902,0.026399997295811772,0.16849998792167753,0.09839999256655574,True,4328.949606797933
ECC+ChaCha20,5000,1,4903,0.02950000634882599,0.12590001279022545,0.09689999569673091,True,4328.949606797933
ECC+ChaCha20,5000,1,4904,0.026900001103058457,0.12419999984558672,0.09689999569673091,True,4328.949606797933
ECC+ChaCha20,5000,1,4905,0.02710000262595713,0.12489999062381685,0.09679999493528157,True,4328.949606797933
ECC+ChaCha20,5000,1,4906,0.027000001864507794,0.12419999984558672,0.09719999798107892,True,4328.949606797933
ECC+ChaCha20,5000,1,4907,0.026600013370625675,0.12330000754445791,0.09670000872574747,True,4328.949606797933
ECC+ChaCha20,5000,1,4908,0.02689998655114323,0.12430000060703605,0.09639999188948423,True,4328.949606797933
ECC+ChaCha20,5000,1,4909,0.026699999580159783,0.12390001211315393,0.09750000026542693,True,4328.949606797933
ECC+ChaCha20,5000,1,4910,0.02649999805726111,0.122799989185296,0.0965999934123829,True,4328.949606797933
ECC+ChaCha20,5000,1,4911,0.02649999805726111,0.12349999451544136,0.09679999493528157,True,4328.949606797933
ECC+ChaCha20,5000,1,4912,0.02680000034160912,0.12319999223109335,0.09679999493528157,True,4328.949606797933
ECC+ChaCha20,5000,1,4913,0.026300011086277664,0.12370001059025526,0.09670000872574747,True,4328.949606797933
ECC+ChaCha20,5000,1,4914,0.026399997295811772,0.12330000754445791,0.09610000415705144,True,4328.949606797933
ECC+ChaCha20,5000,1,4915,0.026699999580159783,0.12399999832268804,0.09609998960513622,True,4328.949606797933
ECC+ChaCha20,5000,1,4916,0.026699999580159783,0.12289998994674534,0.09630000567995012,True,4328.949606797933
ECC+ChaCha20,5000,1,4917,0.026400011847727,0.12180001067463309,0.09640000644139946,True,4328.949606797933
ECC+ChaCha20,5000,1,4918,0.026599998818710446,0.12280000373721123,0.09639999188948423,True,4328.949606797933
ECC+ChaCha20,5000,1,4919,0.026600013370625675,0.1230000052601099,0.09650000720284879,True,4328.949606797933
ECC+ChaCha20,5000,1,4920,0.026599998818710446,0.1255999959539622,0.0990999978967011,True,4328.949606797933
ECC+ChaCha20,5000,1,4921,0.027599991881288588,0.12709999282378703,0.09950000094249845,True,4328.949606797933
ECC+ChaCha20,5000,1,4922,0.02710000262595713,0.12739999510813504,0.10000000474974513,True,4328.949606797933
ECC+ChaCha20,5000,1,4923,0.04579999949783087,0.1613000058569014,0.1100999943446368,True,4328.949606797933
ECC+ChaCha20,5000,1,4924,0.043100008042529225,0.1593000051798299,0.10910000128205866,True,4328.949606797933
ECC+ChaCha20,5000,1,4925,0.030300012440420687,0.21150000975467265,0.18060000729747117,True,4328.949606797933
ECC+ChaCha20,5000,1,4926,0.028400012524798512,0.1292000088142231,0.10089999705087394,True,4328.949606797933
ECC+ChaCha20,5000,1,4927,0.02780000795610249,0.12680000509135425,0.10029999248217791,True,4328.949606797933
ECC+ChaCha20,5000,1,4928,0.04389999958220869,0.1644000003580004,0.11269999959040433,True,4328.949606797933
ECC+ChaCha20,5000,1,4929,0.03169999399688095,0.1407999952789396,0.10380000458098948,True,4328.949606797933
ECC+ChaCha20,5000,1,4930,0.029700007871724665,0.13420000323094428,0.10180000390391797,True,4328.949606797933
ECC+ChaCha20,5000,1,4931,0.028700000257231295,0.1289000065298751,0.09980000322684646,True,4328.949606797933
ECC+ChaCha20,5000,1,4932,0.028599999495781958,0.12880000576842576,0.09980000322684646,True,4328.949606797933
ECC+ChaCha20,5000,1,4933,0.027999994927085936,0.12859998969361186,0.10019999172072858,True,4328.949606797933
ECC+ChaCha20,5000,1,4934,0.027700007194653153,0.12689999130088836,0.09970000246539712,True,4328.949606797933
ECC+ChaCha20,5000,1,4935,0.0278999941656366,0.1269999920623377,0.09950000094249845,True,4328.949606797933
ECC+ChaCha20,5000,1,4936,0.02849999873433262,0.1286999904550612,0.09970000246539712,True,4328.949606797933
ECC+ChaCha20,5000,1,4937,0.0278999941656366,0.12820000119972974,0.09980000322684646,True,4328.949606797933
ECC+ChaCha20,5000,1,4938,0.027700007194653153,0.12670000432990491,0.09979998867493123,True,4328.949606797933
ECC+ChaCha20,5000,1,4939,0.027599991881288588,0.1269999920623377,0.09950000094249845,True,4328.949606797933
ECC+ChaCha20,5000,1,4940,0.02749999111983925,0.12630000128410757,0.09929999941959977,True,4328.949606797933
ECC+ChaCha20,5000,1,4941,0.02750000567175448,0.12759999663103372,0.09940000018104911,True,4328.949606797933
ECC+ChaCha20,5000,1,4942,0.027700007194653153,0.1269000058528036,0.09929999941959977,True,4328.949606797933
ECC+ChaCha20,5000,1,4943,0.027700007194653153,0.12660000356845558,0.09879999561235309,True,4328.949606797933
ECC+ChaCha20,5000,1,4944,0.02720000338740647,0.12739999510813504,0.09970000246539712,True,4328.949606797933
ECC+ChaCha20,5000,1,4945,0.027799993404187262,0.1272999943466857,0.10009999095927924,True,4328.949606797933
ECC+ChaCha20,5000,1,4946,0.027400004910305142,0.12650000280700624,0.09969998791348189,True,4328.949606797933
ECC+ChaCha20,5000,1,4947,0.02749999111983925,0.12650000280700624,0.09970000246539712,True,4328.949606797933
ECC+ChaCha20,5000,1,4948,0.027300004148855805,0.12659998901654035,0.10069999552797526,True,4328.949606797933
ECC+ChaCha20,5000,1,4949,0.02750000567175448,0.12799999967683107,0.09889999637380242,True,4328.949606797933
ECC+ChaCha20,5000,1,4950,0.02720000338740647,0.12719999358523637,0.09979998867493123,True,4328.949606797933
ECC+ChaCha20,5000,1,4951,0.027300004148855805,0.12669998977798969,0.09929999941959977,True,4328.949606797933
ECC+ChaCha20,5000,1,4952,0.02750000567175448,0.12740000966005027,0.0999000039882958,True,4328.949606797933
ECC+ChaCha20,5000,1,4953,0.02720000338740647,0.1255999959539622,0.09959998715203255,True,4328.949606797933
ECC+ChaCha20,5000,1,4954,0.027600006433203816,0.12630000128410757,0.09860000864136964,True,4328.949606797933
ECC+ChaCha20,5000,1,4955,0.027600006433203816,0.1277999981539324,0.10000000474974513,True,4328.949606797933
ECC+ChaCha20,5000,1,4956,0.027300004148855805,0.12569999671541154,0.09890001092571765,True,4328.949606797933
ECC+ChaCha20,5000,1,4957,0.02820001100189984,0.1269000058528036,0.09870000940281898,True,4328.949606797933
ECC+ChaCha20,5000,1,4958,0.02710000262595713,0.1255000097444281,0.09899999713525176,True,4328.949606797933
ECC+ChaCha20,5000,1,4959,0.02749999111983925,0.12620000052265823,0.09960000170394778,True,4328.949606797933
ECC+ChaCha20,5000,1,4960,0.02820001100189984,0.12730000889860094,0.09940000018104911,True,4328.949606797933
ECC+ChaCha20,5000,1,4961,0.11920000542886555,0.43339999683666974,0.1745000045048073,True,4328.949606797933
ECC+ChaCha20,5000,1,4962,0.031799994758330286,0.1399000029778108,0.10570000449661165,True,4328.949606797933
ECC+ChaCha20,5000,1,4963,0.029999995604157448,0.13699999544769526,0.10430000838823617,True,4328.949606797933
ECC+ChaCha20,5000,1,4964,0.028099995688535273,0.13070000568404794,0.10119999933522195,True,4328.949606797933
ECC+ChaCha20,5000,1,4965,0.027400004910305142,0.12769999739248306,0.10050000855699182,True,4328.949606797933
ECC+ChaCha20,5000,1,4966,0.026900001103058457,0.12719999358523637,0.099300013971515,True,4328.949606797933
ECC+ChaCha20,5000,1,4967,0.02680000034160912,0.12679999053943902,0.0999999901978299,True,4328.949606797933
ECC+ChaCha20,5000,1,4968,0.02750000567175448,0.12879999121651053,0.09979998867493123,True,4328.949606797933
ECC+ChaCha20,5000,1,4969,0.026900001103058457,0.1272000081371516,0.0990999978967011,True,4328.949606797933
ECC+ChaCha20,5000,1,4970,0.026500012609176338,0.12799999967683107,0.10049999400507659,True,4328.949606797933
ECC+ChaCha20,5000,1,4971,0.027000001864507794,0.12809998588636518,0.10000000474974513,True,4328.949606797933
ECC+ChaCha20,5000,1,4972,0.027000001864507794,0.12660000356845558,0.09929999941959977,True,4328.949606797933
ECC+ChaCha20,5000,1,4973,0.026600013370625675,0.12769999739248306,0.09879999561235309,True,4328.949606797933
ECC+ChaCha20,5000,1,4974,0.026699999580159783,0.12689999130088836,0.10019999172072858,True,4328.949606797933
ECC+ChaCha20,5000,1,4975,0.026399997295811772,0.12630000128410757,0.09780000254977494,True,4328.949606797933
ECC+ChaCha20,5000,1,4976,0.02649999805726111,0.1272999943466857,0.09980000322684646,True,4328.949606797933
ECC+ChaCha20,5000,1,4977,0.026399997295811772,0.12620000052265823,0.09929999941959977,True,4328.949606797933
ECC+ChaCha20,5000,1,4978,0.026699999580159783,0.12709999282378703,0.09839999256655574,True,4328.949606797933
ECC+ChaCha20,5000,1,4979,0.02649999805726111,0.12669998977798969,0.09940000018104911,True,4328.949606797933
ECC+ChaCha20,5000,1,4980,0.02649999805726111,0.12669998977798969,0.09960000170394778,True,4328.949606797933
ECC+ChaCha20,5000,1,4981,0.02649999805726111,0.12710000737570226,0.0999000039882958,True,4328.949606797933
ECC+ChaCha20,5000,1,4982,0.026699999580159783,0.12770001194439828,0.09879999561235309,True,4328.949606797933
ECC+ChaCha20,5000,1,4983,0.026699999580159783,0.1275000104214996,0.09970000246539712,True,4328.949606797933
ECC+ChaCha20,5000,1,4984,0.026399997295811772,0.12739999510813504,0.0990999978967011,True,4328.949606797933
ECC+ChaCha20,5000,1,4985,0.026599998818710446,0.12620000052265823,0.09970000246539712,True,4328.949606797933
ECC+ChaCha20,5000,1,4986,0.026699999580159783,0.12639998749364167,0.09940000018104911,True,4328.949606797933
ECC+ChaCha20,5000,1,4987,0.026699999580159783,0.13440000475384295,0.10009999095927924,True,4328.949606797933
ECC+ChaCha20,5000,1,4988,0.026699999580159783,0.12620000052265823,0.09919999865815043,True,4328.949606797933
ECC+ChaCha20,5000,1,4989,0.026599998818710446,0.12680000509135425,0.10000000474974513,True,4328.949606797933
ECC+ChaCha20,5000,1,4990,0.026599998818710446,0.12620000052265823,0.09899999713525176,True,4328.949606797933
ECC+ChaCha20,5000,1,4991,0.026299996534362435,0.12659998901654035,0.09940000018104911,True,4328.949606797933
ECC+ChaCha20,5000,1,4992,0.02649999805726111,0.1272999943466857,0.09889999637380242,True,4328.949606797933
ECC+ChaCha20,5000,1,4993,0.0261999957729131,0.12630000128410757,0.09969998791348189,True,4328.949606797933
ECC+ChaCha20,5000,1,4994,0.0278999941656366,0.12749999586958438,0.09940000018104911,True,4328.949606797933
ECC+ChaCha20,5000,1,4995,0.027000001864507794,0.12909999350085855,0.10010000551119447,True,4328.949606797933
ECC+ChaCha20,5000,1,4996,0.027400004910305142,0.12689999130088836,0.09950000094249845,True,4328.949606797933
ECC+ChaCha20,5000,1,4997,0.026599998818710446,0.12689999130088836,0.10009999095927924,True,4328.949606797933
ECC+ChaCha20,5000,1,4998,0.0261999957729131,0.12639998749364167,0.09950000094249845,True,4328.949606797933
ECC+ChaCha20,5000,1,4999,0.026599998818710446,0.18390000332146883,0.10370000381954014,True,4328.949606797933
ECC+ChaCha20,5000,1,5000,0.03460000152699649,0.1348999940091744,0.10109999857377261,True,4328.949606797933
