scheme,volume,repetition,transaction_id,key_gen_time,encryption_time,decryption_time,integrity_verified,throughput
ECC+AES-256,5000,5,1,7.1118999912869185,1.893200009362772,0.22539999918080866,True,4217.829642533986
ECC+AES-256,5000,5,2,0.042400002712383866,0.17440000374335796,0.12269998842384666,True,4217.829642533986
ECC+AES-256,5000,5,3,0.028700000257231295,0.14230000670067966,0.11190000805072486,True,4217.829642533986
ECC+AES-256,5000,5,4,0.027299989596940577,0.1390999968862161,0.109200002043508,True,4217.829642533986
ECC+AES-256,5000,5,5,0.02370000584051013,0.1331000094069168,0.10799999290611595,True,4217.829642533986
ECC+AES-256,5000,5,6,0.023300002794712782,0.12959999730810523,0.10699999984353781,True,4217.829642533986
ECC+AES-256,5000,5,7,0.022799998987466097,0.12870000500697643,0.10689999908208847,True,4217.829642533986
ECC+AES-256,5000,5,8,0.023200002033263445,0.1289999927394092,0.10469999688211828,True,4217.829642533986
ECC+AES-256,5000,5,9,0.023300002794712782,0.12969999806955457,0.10520000068936497,True,4217.829642533986
ECC+AES-256,5000,5,10,0.024300010409206152,0.13130001025274396,0.10590000601951033,True,4217.829642533986
ECC+AES-256,5000,5,11,0.02300000051036477,0.12789999891538173,0.10379999002907425,True,4217.829642533986
ECC+AES-256,5000,5,12,0.022799998987466097,0.12929999502375722,0.1053000014508143,True,4217.829642533986
ECC+AES-256,5000,5,13,0.022899999748915434,0.1281000004382804,0.1049999991664663,True,4217.829642533986
ECC+AES-256,5000,5,14,0.022599997464567423,0.12880000576842576,0.10429999383632094,True,4217.829642533986
ECC+AES-256,5000,5,15,0.022799998987466097,0.12789999891538173,0.10469999688211828,True,4217.829642533986
ECC+AES-256,5000,5,16,0.030099996365606785,0.13040000339969993,0.10479999764356762,True,4217.829642533986
ECC+AES-256,5000,5,17,0.022799998987466097,0.12840000272262841,0.12260000221431255,True,4217.829642533986
ECC+AES-256,5000,5,18,0.029799994081258774,0.14829999417997897,0.10649999603629112,True,4217.829642533986
ECC+AES-256,5000,5,19,0.023500004317611456,0.13019998732488602,0.10479999764356762,True,4217.829642533986
ECC+AES-256,5000,5,20,0.023300002794712782,0.12959999730810523,0.10439999459777027,True,4217.829642533986
ECC+AES-256,5000,5,21,0.023200002033263445,0.12719999358523637,0.10340000153519213,True,4217.829642533986
ECC+AES-256,5000,5,22,0.02269999822601676,0.1272000081371516,0.12589999823831022,True,4217.829642533986
ECC+AES-256,5000,5,23,0.026900001103058457,0.13630000466946512,0.10580000525806099,True,4217.829642533986
ECC+AES-256,5000,5,24,0.022799998987466097,0.12740000966005027,0.10390000534243882,True,4217.829642533986
ECC+AES-256,5000,5,25,0.02239999594166875,0.1272999943466857,0.10340000153519213,True,4217.829642533986
ECC+AES-256,5000,5,26,0.02269999822601676,0.1286000042455271,0.10379999002907425,True,4217.829642533986
ECC+AES-256,5000,5,27,0.02239999594166875,0.1320000010309741,0.10349998774472624,True,4217.829642533986
ECC+AES-256,5000,5,28,0.022499996703118086,0.19060001068282872,0.10829999519046396,True,4217.829642533986
ECC+AES-256,5000,5,29,0.025599991204217076,0.13139999646227807,0.10720000136643648,True,4217.829642533986
ECC+AES-256,5000,5,30,0.02379999205004424,0.1331999956164509,0.10509999992791563,True,4217.829642533986
ECC+AES-256,5000,5,31,0.022599997464567423,0.12789999891538173,0.10520000068936497,True,4217.829642533986
ECC+AES-256,5000,5,32,0.022500011255033314,0.12830000196117908,0.10479999764356762,True,4217.829642533986
ECC+AES-256,5000,5,33,0.022599997464567423,0.12759999663103372,0.10390000534243882,True,4217.829642533986
ECC+AES-256,5000,5,34,0.023800006601959467,0.1297999988310039,0.10409999231342226,True,4217.829642533986
ECC+AES-256,5000,5,35,0.02269999822601676,0.12759999663103372,0.10350000229664147,True,4217.829642533986
ECC+AES-256,5000,5,36,0.022599997464567423,0.12789999891538173,0.1041999930748716,True,4217.829642533986
ECC+AES-256,5000,5,37,0.022599997464567423,0.12850000348407775,0.1041999930748716,True,4217.829642533986
ECC+AES-256,5000,5,38,0.022700012777931988,0.12820000119972974,0.10390000534243882,True,4217.829642533986
ECC+AES-256,5000,5,39,0.022299995180219412,0.1272999943466857,0.10299999848939478,True,4217.829642533986
ECC+AES-256,5000,5,40,0.02269999822601676,0.13630000466946512,0.10410000686533749,True,4217.829642533986
ECC+AES-256,5000,5,41,0.02300000051036477,0.13329999637790024,0.10370000381954014,True,4217.829642533986
ECC+AES-256,5000,5,42,0.023299988242797554,0.1412999990861863,0.10910000128205866,True,4217.829642533986
ECC+AES-256,5000,5,43,0.022599997464567423,0.12769999739248306,0.10380000458098948,True,4217.829642533986
ECC+AES-256,5000,5,44,0.022299995180219412,0.1272999943466857,0.10450000991113484,True,4217.829642533986
ECC+AES-256,5000,5,45,0.022499996703118086,0.1281000004382804,0.10429999383632094,True,4217.829642533986
ECC+AES-256,5000,5,46,0.02269999822601676,0.1382999907946214,0.10509999992791563,True,4217.829642533986
ECC+AES-256,5000,5,47,0.022899999748915434,0.1289000065298751,0.10390000534243882,True,4217.829642533986
ECC+AES-256,5000,5,48,0.022599997464567423,0.1283999881707132,0.10400000610388815,True,4217.829642533986
ECC+AES-256,5000,5,49,0.022499996703118086,0.1272999943466857,0.1036000030580908,True,4217.829642533986
ECC+AES-256,5000,5,50,0.02239999594166875,0.12830000196117908,0.1041999930748716,True,4217.829642533986
ECC+AES-256,5000,5,51,0.02300000051036477,0.12870000500697643,0.10410000686533749,True,4217.829642533986
ECC+AES-256,5000,5,52,0.022599997464567423,0.13559999933931977,0.10720000136643648,True,4217.829642533986
ECC+AES-256,5000,5,53,0.023100001271814108,0.12849998893216252,0.10390000534243882,True,4217.829642533986
ECC+AES-256,5000,5,54,0.023100001271814108,0.14030000602360815,0.10400000610388815,True,4217.829642533986
ECC+AES-256,5000,5,55,0.02230000973213464,0.12789999891538173,0.10399999155197293,True,4217.829642533986
ECC+AES-256,5000,5,56,0.022200008970685303,0.12770001194439828,0.10349998774472624,True,4217.829642533986
ECC+AES-256,5000,5,57,0.022599997464567423,0.12769999739248306,0.10400000610388815,True,4217.829642533986
ECC+AES-256,5000,5,58,0.022500011255033314,0.12940001033712178,0.11559999256860465,True,4217.829642533986
ECC+AES-256,5000,5,59,0.023500004317611456,0.12939999578520656,0.1049999991664663,True,4217.829642533986
ECC+AES-256,5000,5,60,0.022599997464567423,0.12799999967683107,0.10469999688211828,True,4217.829642533986
ECC+AES-256,5000,5,61,0.022400010493583977,0.12849998893216252,0.10450000991113484,True,4217.829642533986
ECC+AES-256,5000,5,62,0.02269999822601676,0.1277999981539324,0.10409999231342226,True,4217.829642533986
ECC+AES-256,5000,5,63,0.022100008209235966,0.12679999053943902,0.10279999696649611,True,4217.829642533986
ECC+AES-256,5000,5,64,0.022499996703118086,0.12639998749364167,0.11180000728927553,True,4217.829642533986
ECC+AES-256,5000,5,65,0.02340000355616212,0.12919999426230788,0.10420000762678683,True,4217.829642533986
ECC+AES-256,5000,5,66,0.022799998987466097,0.12789999891538173,0.10410000686533749,True,4217.829642533986
ECC+AES-256,5000,5,67,0.022599997464567423,0.1277999981539324,0.1033000007737428,True,4217.829642533986
ECC+AES-256,5000,5,68,0.022299995180219412,0.12719999358523637,0.10299999848939478,True,4217.829642533986
ECC+AES-256,5000,5,69,0.022499996703118086,0.12759999663103372,0.10459999612066895,True,4217.829642533986
ECC+AES-256,5000,5,70,0.022799998987466097,0.15259999781847,0.10619999375194311,True,4217.829642533986
ECC+AES-256,5000,5,71,0.031000003218650818,0.14540000120177865,0.10730000212788582,True,4217.829642533986
ECC+AES-256,5000,5,72,0.023499989765696228,0.13040000339969993,0.10509999992791563,True,4217.829642533986
ECC+AES-256,5000,5,73,0.02269999822601676,0.1281000004382804,0.10400000610388815,True,4217.829642533986
ECC+AES-256,5000,5,74,0.023300002794712782,0.1303000026382506,0.10479999764356762,True,4217.829642533986
ECC+AES-256,5000,5,75,0.02239999594166875,0.12850000348407775,0.10559998918324709,True,4217.829642533986
ECC+AES-256,5000,5,76,0.022700012777931988,0.13720001152250916,0.10480001219548285,True,4217.829642533986
ECC+AES-256,5000,5,77,0.02300000051036477,0.12769999739248306,0.10800000745803118,True,4217.829642533986
ECC+AES-256,5000,5,78,0.02239999594166875,0.13109999417793006,0.1036000030580908,True,4217.829642533986
ECC+AES-256,5000,5,79,0.022299995180219412,0.12799999967683107,0.10410000686533749,True,4217.829642533986
ECC+AES-256,5000,5,80,0.02230000973213464,0.12789999891538173,0.10439999459777027,True,4217.829642533986
ECC+AES-256,5000,5,81,0.022899999748915434,0.12830000196117908,0.10400000610388815,True,4217.829642533986
ECC+AES-256,5000,5,82,0.02269999822601676,0.13770000077784061,0.1044000091496855,True,4217.829642533986
ECC+AES-256,5000,5,83,0.02300000051036477,0.12879999121651053,0.1049999991664663,True,4217.829642533986
ECC+AES-256,5000,5,84,0.022599997464567423,0.1340000017080456,0.10370000381954014,True,4217.829642533986
ECC+AES-256,5000,5,85,0.02309998671989888,0.1292000088142231,0.10479999764356762,True,4217.829642533986
ECC+AES-256,5000,5,86,0.02269999822601676,0.12830000196117908,0.10400000610388815,True,4217.829642533986
ECC+AES-256,5000,5,87,0.022499996703118086,0.1286000042455271,0.10309999925084412,True,4217.829642533986
ECC+AES-256,5000,5,88,0.02269999822601676,0.13519999629352242,0.10790000669658184,True,4217.829642533986
ECC+AES-256,5000,5,89,0.023200002033263445,0.1297999988310039,0.10439999459777027,True,4217.829642533986
ECC+AES-256,5000,5,90,0.022599997464567423,0.1390999968862161,0.10720000136643648,True,4217.829642533986
ECC+AES-256,5000,5,91,0.022500011255033314,0.12850000348407775,0.10479999764356762,True,4217.829642533986
ECC+AES-256,5000,5,92,0.022499996703118086,0.12799999967683107,0.10450000991113484,True,4217.829642533986
ECC+AES-256,5000,5,93,0.022499996703118086,0.12820000119972974,0.10469999688211828,True,4217.829642533986
ECC+AES-256,5000,5,94,0.022899999748915434,0.12820000119972974,0.11810001160483807,True,4217.829642533986
ECC+AES-256,5000,5,95,0.023100001271814108,0.12849998893216252,0.10429999383632094,True,4217.829642533986
ECC+AES-256,5000,5,96,0.02239999594166875,0.12749999586958438,0.1036000030580908,True,4217.829642533986
ECC+AES-256,5000,5,97,0.02239999594166875,0.1272000081371516,0.10320000001229346,True,4217.829642533986
ECC+AES-256,5000,5,98,0.02260001201648265,0.12880000576842576,0.10449999535921961,True,4217.829642533986
ECC+AES-256,5000,5,99,0.022799998987466097,0.1281000004382804,0.10429999383632094,True,4217.829642533986
ECC+AES-256,5000,5,100,0.022400010493583977,0.12820000119972974,0.11530000483617187,True,4217.829642533986
ECC+AES-256,5000,5,101,0.02269999822601676,0.12709999282378703,0.1033000007737428,True,4217.829642533986
ECC+AES-256,5000,5,102,0.02269999822601676,0.12719999358523637,0.10410000686533749,True,4217.829642533986
ECC+AES-256,5000,5,103,0.02239999594166875,0.12730000889860094,0.1041999930748716,True,4217.829642533986
ECC+AES-256,5000,5,104,0.02239999594166875,0.12719999358523637,0.10420000762678683,True,4217.829642533986
ECC+AES-256,5000,5,105,0.022499996703118086,0.12799999967683107,0.10449999535921961,True,4217.829642533986
ECC+AES-256,5000,5,106,0.023100001271814108,0.1289999927394092,0.1036000030580908,True,4217.829642533986
ECC+AES-256,5000,5,107,0.023100001271814108,0.1286000042455271,0.10349998774472624,True,4217.829642533986
ECC+AES-256,5000,5,108,0.022400010493583977,0.12789999891538173,0.10350000229664147,True,4217.829642533986
ECC+AES-256,5000,5,109,0.022799998987466097,0.12840000272262841,0.10420000762678683,True,4217.829642533986
ECC+AES-256,5000,5,110,0.022599997464567423,0.12769999739248306,0.10420000762678683,True,4217.829642533986
ECC+AES-256,5000,5,111,0.02239999594166875,0.12789999891538173,0.1041999930748716,True,4217.829642533986
ECC+AES-256,5000,5,112,0.02300000051036477,0.12820000119972974,0.10459999612066895,True,4217.829642533986
ECC+AES-256,5000,5,113,0.030099996365606785,0.13159999798517674,0.1053000014508143,True,4217.829642533986
ECC+AES-256,5000,5,114,0.022899999748915434,0.12789999891538173,0.1049999991664663,True,4217.829642533986
ECC+AES-256,5000,5,115,0.022799998987466097,0.1275000104214996,0.10340000153519213,True,4217.829642533986
ECC+AES-256,5000,5,116,0.022500011255033314,0.126499988255091,0.10340000153519213,True,4217.829642533986
ECC+AES-256,5000,5,117,0.022500011255033314,0.12850000348407775,0.10380000458098948,True,4217.829642533986
ECC+AES-256,5000,5,118,0.02269999822601676,0.20379999477881938,0.10959999053739011,True,4217.829642533986
ECC+AES-256,5000,5,119,0.045200009481050074,0.24790001043584198,0.1235999952768907,True,4217.829642533986
ECC+AES-256,5000,5,120,0.025999994250014424,0.13559999933931977,0.10859999747481197,True,4217.829642533986
ECC+AES-256,5000,5,121,0.023600005079060793,0.13079999189358205,0.1066999975591898,True,4217.829642533986
ECC+AES-256,5000,5,122,0.022700012777931988,0.1275000104214996,0.10389999079052359,True,4217.829642533986
ECC+AES-256,5000,5,123,0.022799998987466097,0.14239999291021377,0.10439999459777027,True,4217.829642533986
ECC+AES-256,5000,5,124,0.02340000355616212,0.1272000081371516,0.10569998994469643,True,4217.829642533986
ECC+AES-256,5000,5,125,0.02269999822601676,0.12820000119972974,0.10400000610388815,True,4217.829642533986
ECC+AES-256,5000,5,126,0.02269999822601676,0.12670000432990491,0.1033000007737428,True,4217.829642533986
ECC+AES-256,5000,5,127,0.022799998987466097,0.12789999891538173,0.10429999383632094,True,4217.829642533986
ECC+AES-256,5000,5,128,0.022799998987466097,0.12689999130088836,0.10380000458098948,True,4217.829642533986
ECC+AES-256,5000,5,129,0.022499996703118086,0.12840000272262841,0.11619999713730067,True,4217.829642533986
ECC+AES-256,5000,5,130,0.023100001271814108,0.12680000509135425,0.10389999079052359,True,4217.829642533986
ECC+AES-256,5000,5,131,0.022599997464567423,0.13770000077784061,0.10289999772794545,True,4217.829642533986
ECC+AES-256,5000,5,132,0.022899999748915434,0.12709999282378703,0.10370000381954014,True,4217.829642533986
ECC+AES-256,5000,5,133,0.02260001201648265,0.12630000128410757,0.10300001304131001,True,4217.829642533986
ECC+AES-256,5000,5,134,0.02269999822601676,0.12599999899975955,0.10390000534243882,True,4217.829642533986
ECC+AES-256,5000,5,135,0.022899999748915434,0.1269000058528036,0.1134999911300838,True,4217.829642533986
ECC+AES-256,5000,5,136,0.023200002033263445,0.12680000509135425,0.10369998926762491,True,4217.829642533986
ECC+AES-256,5000,5,137,0.022700012777931988,0.12700000661425292,0.10409999231342226,True,4217.829642533986
ECC+AES-256,5000,5,138,0.02260001201648265,0.12700000661425292,0.10429999383632094,True,4217.829642533986
ECC+AES-256,5000,5,139,0.02239999594166875,0.12620000052265823,0.10340000153519213,True,4217.829642533986
ECC+AES-256,5000,5,140,0.02239999594166875,0.12599999899975955,0.10259999544359744,True,4217.829642533986
ECC+AES-256,5000,5,141,0.02239999594166875,0.12700000661425292,0.10350000229664147,True,4217.829642533986
ECC+AES-256,5000,5,142,0.023300002794712782,0.12760001118294895,0.10439999459777027,True,4217.829642533986
ECC+AES-256,5000,5,143,0.022799998987466097,0.12759999663103372,0.10430000838823617,True,4217.829642533986
ECC+AES-256,5000,5,144,0.022700012777931988,0.12840000272262841,0.10430000838823617,True,4217.829642533986
ECC+AES-256,5000,5,145,0.022199994418770075,0.12669998977798969,0.10350000229664147,True,4217.829642533986
ECC+AES-256,5000,5,146,0.022499996703118086,0.1255999959539622,0.10309999925084412,True,4217.829642533986
ECC+AES-256,5000,5,147,0.022599997464567423,0.1269999920623377,0.10430000838823617,True,4217.829642533986
ECC+AES-256,5000,5,148,0.022599997464567423,0.13410000246949494,0.1033000007737428,True,4217.829642533986
ECC+AES-256,5000,5,149,0.02269999822601676,0.12599999899975955,0.10299999848939478,True,4217.829642533986
ECC+AES-256,5000,5,150,0.02269999822601676,0.12579999747686088,0.10280001151841134,True,4217.829642533986
ECC+AES-256,5000,5,151,0.02239999594166875,0.12650000280700624,0.10380000458098948,True,4217.829642533986
ECC+AES-256,5000,5,152,0.022500011255033314,0.12599999899975955,0.10370000381954014,True,4217.829642533986
ECC+AES-256,5000,5,153,0.022500011255033314,0.1264000020455569,0.10390000534243882,True,4217.829642533986
ECC+AES-256,5000,5,154,0.02260001201648265,0.13380000018514693,0.10580000525806099,True,4217.829642533986
ECC+AES-256,5000,5,155,0.022799998987466097,0.12739999510813504,0.10390000534243882,True,4217.829642533986
ECC+AES-256,5000,5,156,0.022899999748915434,0.12680000509135425,0.10370000381954014,True,4217.829642533986
ECC+AES-256,5000,5,157,0.02269999822601676,0.12660000356845558,0.10369998926762491,True,4217.829642533986
ECC+AES-256,5000,5,158,0.022799998987466097,0.12820000119972974,0.10400000610388815,True,4217.829642533986
ECC+AES-256,5000,5,159,0.022599997464567423,0.1281000004382804,0.1053000014508143,True,4217.829642533986
ECC+AES-256,5000,5,160,0.022299995180219412,0.12659998901654035,0.11430001177359372,True,4217.829642533986
ECC+AES-256,5000,5,161,0.022899999748915434,0.12820000119972974,0.10390000534243882,True,4217.829642533986
ECC+AES-256,5000,5,162,0.022799998987466097,0.1269000058528036,0.10409999231342226,True,4217.829642533986
ECC+AES-256,5000,5,163,0.022500011255033314,0.12660000356845558,0.10350000229664147,True,4217.829642533986
ECC+AES-256,5000,5,164,0.02269999822601676,0.1255999959539622,0.10269999620504677,True,4217.829642533986
ECC+AES-256,5000,5,165,0.022400010493583977,0.12710000737570226,0.10479999764356762,True,4217.829642533986
ECC+AES-256,5000,5,166,0.022400010493583977,0.12710000737570226,0.10390000534243882,True,4217.829642533986
ECC+AES-256,5000,5,167,0.061400001868605614,0.34579999919515103,0.17100000695791095,True,4217.829642533986
ECC+AES-256,5000,5,168,0.05489999603014439,0.1683999871602282,0.11549999180715531,True,4217.829642533986
ECC+AES-256,5000,5,169,0.026799985789693892,0.1357000001007691,0.10849999671336263,True,4217.829642533986
ECC+AES-256,5000,5,170,0.023300002794712782,0.12989999959245324,0.10599999222904444,True,4217.829642533986
ECC+AES-256,5000,5,171,0.022799998987466097,0.12740000966005027,0.10429999383632094,True,4217.829642533986
ECC+AES-256,5000,5,172,0.022799998987466097,0.12710000737570226,0.10400000610388815,True,4217.829642533986
ECC+AES-256,5000,5,173,0.0236999912885949,0.13179999950807542,0.10550000297371298,True,4217.829642533986
ECC+AES-256,5000,5,174,0.022899999748915434,0.12799999967683107,0.10480001219548285,True,4217.829642533986
ECC+AES-256,5000,5,175,0.022799998987466097,0.1286000042455271,0.10439999459777027,True,4217.829642533986
ECC+AES-256,5000,5,176,0.023199987481348217,0.1286000042455271,0.10449999535921961,True,4217.829642533986
ECC+AES-256,5000,5,177,0.022899999748915434,0.12830000196117908,0.10439999459777027,True,4217.829642533986
ECC+AES-256,5000,5,178,0.02269999822601676,0.1260999997612089,0.1041999930748716,True,4217.829642533986
ECC+AES-256,5000,5,179,0.030800001695752144,0.13020000187680125,0.10410000686533749,True,4217.829642533986
ECC+AES-256,5000,5,180,0.02339998900424689,0.12840000272262841,0.10420000762678683,True,4217.829642533986
ECC+AES-256,5000,5,181,0.023100001271814108,0.1281999866478145,0.10460001067258418,True,4217.829642533986
ECC+AES-256,5000,5,182,0.022899999748915434,0.12789999891538173,0.10439999459777027,True,4217.829642533986
ECC+AES-256,5000,5,183,0.022899999748915434,0.12709999282378703,0.1036000030580908,True,4217.829642533986
ECC+AES-256,5000,5,184,0.023300002794712782,0.1269999920623377,0.10429999383632094,True,4217.829642533986
ECC+AES-256,5000,5,185,0.022499996703118086,0.13439999020192772,0.1044000091496855,True,4217.829642533986
ECC+AES-256,5000,5,186,0.023300002794712782,0.1269999920623377,0.10410000686533749,True,4217.829642533986
ECC+AES-256,5000,5,187,0.023100001271814108,0.1272999943466857,0.10390000534243882,True,4217.829642533986
ECC+AES-256,5000,5,188,0.022799998987466097,0.12710000737570226,0.10439999459777027,True,4217.829642533986
ECC+AES-256,5000,5,189,0.02300000051036477,0.1269000058528036,0.1033000007737428,True,4217.829642533986
ECC+AES-256,5000,5,190,0.02309998671989888,0.12749999586958438,0.10349998774472624,True,4217.829642533986
ECC+AES-256,5000,5,191,0.022800013539381325,0.1360000023851171,0.10739998833741993,True,4217.829642533986
ECC+AES-256,5000,5,192,0.023300002794712782,0.12769999739248306,0.10399999155197293,True,4217.829642533986
ECC+AES-256,5000,5,193,0.02269999822601676,0.12689999130088836,0.10350000229664147,True,4217.829642533986
ECC+AES-256,5000,5,194,0.02309998671989888,0.12599999899975955,0.10320000001229346,True,4217.829642533986
ECC+AES-256,5000,5,195,0.022499996703118086,0.12679999053943902,0.10290001227986068,True,4217.829642533986
ECC+AES-256,5000,5,196,0.022499996703118086,0.12749999586958438,0.10390000534243882,True,4217.829642533986
ECC+AES-256,5000,5,197,0.022899999748915434,0.12760001118294895,0.11390000872779638,True,4217.829642533986
ECC+AES-256,5000,5,198,0.023100001271814108,0.12760001118294895,0.10369998926762491,True,4217.829642533986
ECC+AES-256,5000,5,199,0.02269999822601676,0.12820000119972974,0.10389999079052359,True,4217.829642533986
ECC+AES-256,5000,5,200,0.022799998987466097,0.12679999053943902,0.10380000458098948,True,4217.829642533986
ECC+AES-256,5000,5,201,0.022899999748915434,0.12650000280700624,0.10350000229664147,True,4217.829642533986
ECC+AES-256,5000,5,202,0.022799998987466097,0.1269999920623377,0.10379999002907425,True,4217.829642533986
ECC+AES-256,5000,5,203,0.022799998987466097,0.1255999959539622,0.10350000229664147,True,4217.829642533986
ECC+AES-256,5000,5,204,0.02340000355616212,0.12929999502375722,0.10469999688211828,True,4217.829642533986
ECC+AES-256,5000,5,205,0.02340000355616212,0.12809998588636518,0.10400000610388815,True,4217.829642533986
ECC+AES-256,5000,5,206,0.02300000051036477,0.12789999891538173,0.10470001143403351,True,4217.829642533986
ECC+AES-256,5000,5,207,0.022899999748915434,0.12719999358523637,0.10370000381954014,True,4217.829642533986
ECC+AES-256,5000,5,208,0.023300002794712782,0.1277999981539324,0.10459999612066895,True,4217.829642533986
ECC+AES-256,5000,5,209,0.022599997464567423,0.12700000661425292,0.10369998926762491,True,4217.829642533986
ECC+AES-256,5000,5,210,0.023200002033263445,0.13590000162366778,0.10399999155197293,True,4217.829642533986
ECC+AES-256,5000,5,211,0.022899999748915434,0.26280000747647136,0.14910000027157366,True,4217.829642533986
ECC+AES-256,5000,5,212,0.03789999755099416,0.1652000064495951,0.11420001101214439,True,4217.829642533986
ECC+AES-256,5000,5,213,0.02579999272711575,0.1345999917248264,0.10910000128205866,True,4217.829642533986
ECC+AES-256,5000,5,214,0.02439999661874026,0.13309999485500157,0.10649999603629112,True,4217.829642533986
ECC+AES-256,5000,5,215,0.023299988242797554,0.12930000957567245,0.10529998689889908,True,4217.829642533986
ECC+AES-256,5000,5,216,0.023300002794712782,0.12959999730810523,0.10560000373516232,True,4217.829642533986
ECC+AES-256,5000,5,217,0.023800006601959467,0.1311999949393794,0.10509999992791563,True,4217.829642533986
ECC+AES-256,5000,5,218,0.022799998987466097,0.12870000500697643,0.10509999992791563,True,4217.829642533986
ECC+AES-256,5000,5,219,0.023800006601959467,0.13179999950807542,0.10559998918324709,True,4217.829642533986
ECC+AES-256,5000,5,220,0.023200002033263445,0.12900000729132444,0.10520000068936497,True,4217.829642533986
ECC+AES-256,5000,5,221,0.02269999822601676,0.12840000272262841,0.1041999930748716,True,4217.829642533986
ECC+AES-256,5000,5,222,0.022799998987466097,0.12830000196117908,0.10449999535921961,True,4217.829642533986
ECC+AES-256,5000,5,223,0.030399998649954796,0.13220000255387276,0.1053000014508143,True,4217.829642533986
ECC+AES-256,5000,5,224,0.022899999748915434,0.13580000086221844,0.10399999155197293,True,4217.829642533986
ECC+AES-256,5000,5,225,0.02269999822601676,0.1277999981539324,0.10469999688211828,True,4217.829642533986
ECC+AES-256,5000,5,226,0.022799998987466097,0.12709999282378703,0.10430000838823617,True,4217.829642533986
ECC+AES-256,5000,5,227,0.022899999748915434,0.12769999739248306,0.10410000686533749,True,4217.829642533986
ECC+AES-256,5000,5,228,0.022599997464567423,0.12820000119972974,0.10489999840501696,True,4217.829642533986
ECC+AES-256,5000,5,229,0.022799998987466097,0.13669999316334724,0.10459999612066895,True,4217.829642533986
ECC+AES-256,5000,5,230,0.023100001271814108,0.12900000729132444,0.34470000537112355,True,4217.829642533986
ECC+AES-256,5000,5,231,0.03300000389572233,0.15279999934136868,0.11239999730605632,True,4217.829642533986
ECC+AES-256,5000,5,232,0.024199995095841587,0.13270000636111945,0.10699999984353781,True,4217.829642533986
ECC+AES-256,5000,5,233,0.023100001271814108,0.1297999988310039,0.10509999992791563,True,4217.829642533986
ECC+AES-256,5000,5,234,0.022899999748915434,0.1402000052621588,0.10560000373516232,True,4217.829642533986
ECC+AES-256,5000,5,235,0.023900007363408804,0.14109999756328762,0.109500004327856,True,4217.829642533986
ECC+AES-256,5000,5,236,0.023200002033263445,0.12929999502375722,0.10509999992791563,True,4217.829642533986
ECC+AES-256,5000,5,237,0.022899999748915434,0.1286000042455271,0.10520000068936497,True,4217.829642533986
ECC+AES-256,5000,5,238,0.02260001201648265,0.1275000104214996,0.10340000153519213,True,4217.829642533986
ECC+AES-256,5000,5,239,0.022599997464567423,0.12730000889860094,0.10559998918324709,True,4217.829642533986
ECC+AES-256,5000,5,240,0.022499996703118086,0.13749999925494194,0.10489999840501696,True,4217.829642533986
ECC+AES-256,5000,5,241,0.023100001271814108,0.12780001270584762,0.10390000534243882,True,4217.829642533986
ECC+AES-256,5000,5,242,0.022799998987466097,0.12719999358523637,0.10449999535921961,True,4217.829642533986
ECC+AES-256,5000,5,243,0.022599997464567423,0.12730000889860094,0.10449999535921961,True,4217.829642533986
ECC+AES-256,5000,5,244,0.022499996703118086,0.12830000196117908,0.10409999231342226,True,4217.829642533986
ECC+AES-256,5000,5,245,0.022899999748915434,0.12789999891538173,0.1041999930748716,True,4217.829642533986
ECC+AES-256,5000,5,246,0.022500011255033314,0.1283999881707132,0.10889999975915998,True,4217.829642533986
ECC+AES-256,5000,5,247,0.02300000051036477,0.12730000889860094,0.10340000153519213,True,4217.829642533986
ECC+AES-256,5000,5,248,0.022799998987466097,0.12830000196117908,0.10370000381954014,True,4217.829642533986
ECC+AES-256,5000,5,249,0.023300002794712782,0.1286999904550612,0.10480001219548285,True,4217.829642533986
ECC+AES-256,5000,5,250,0.022500011255033314,0.12770001194439828,0.10479999764356762,True,4217.829642533986
ECC+AES-256,5000,5,251,0.022799998987466097,0.12739999510813504,0.10370000381954014,True,4217.829642533986
ECC+AES-256,5000,5,252,0.022599997464567423,0.12989999959245324,0.11609999637585133,True,4217.829642533986
ECC+AES-256,5000,5,253,0.023600005079060793,0.12940001033712178,0.10489999840501696,True,4217.829642533986
ECC+AES-256,5000,5,254,0.022499996703118086,0.12850000348407775,0.10390000534243882,True,4217.829642533986
ECC+AES-256,5000,5,255,0.022400010493583977,0.1277999981539324,0.10369998926762491,True,4217.829642533986
ECC+AES-256,5000,5,256,0.022199994418770075,0.1260999997612089,0.102700010756962,True,4217.829642533986
ECC+AES-256,5000,5,257,0.02269999822601676,0.1275000104214996,0.10399999155197293,True,4217.829642533986
ECC+AES-256,5000,5,258,0.024300010409206152,0.13190000026952475,0.1049999991664663,True,4217.829642533986
ECC+AES-256,5000,5,259,0.02989999484270811,0.15779999375808984,0.1078000059351325,True,4217.829642533986
ECC+AES-256,5000,5,260,0.02409999433439225,0.13169999874662608,0.10580000525806099,True,4217.829642533986
ECC+AES-256,5000,5,261,0.02269999822601676,0.1283999881707132,0.10340000153519213,True,4217.829642533986
ECC+AES-256,5000,5,262,0.023100001271814108,0.12939999578520656,0.10370000381954014,True,4217.829642533986
ECC+AES-256,5000,5,263,0.022599997464567423,0.12789999891538173,0.10429999383632094,True,4217.829642533986
ECC+AES-256,5000,5,264,0.02269999822601676,0.14010000450070947,0.10570000449661165,True,4217.829642533986
ECC+AES-256,5000,5,265,0.022799998987466097,0.1281000004382804,0.10369998926762491,True,4217.829642533986
ECC+AES-256,5000,5,266,0.02300000051036477,0.12939999578520656,0.10459999612066895,True,4217.829642533986
ECC+AES-256,5000,5,267,0.022400010493583977,0.12789999891538173,0.10309999925084412,True,4217.829642533986
ECC+AES-256,5000,5,268,0.022500011255033314,0.12700000661425292,0.10309999925084412,True,4217.829642533986
ECC+AES-256,5000,5,269,0.022499996703118086,0.12739999510813504,0.10429999383632094,True,4217.829642533986
ECC+AES-256,5000,5,270,0.02300000051036477,0.1382000045850873,0.10520000068936497,True,4217.829642533986
ECC+AES-256,5000,5,271,0.02309998671989888,0.13980000221636146,0.11129998893011361,True,4217.829642533986
ECC+AES-256,5000,5,272,0.022799998987466097,0.12710000737570226,0.10380000458098948,True,4217.829642533986
ECC+AES-256,5000,5,273,0.02239999594166875,0.12759999663103372,0.10359998850617558,True,4217.829642533986
ECC+AES-256,5000,5,274,0.022499996703118086,0.12799999967683107,0.10389999079052359,True,4217.829642533986
ECC+AES-256,5000,5,275,0.022599997464567423,0.1281999866478145,0.10410000686533749,True,4217.829642533986
ECC+AES-256,5000,5,276,0.02239999594166875,0.1345999917248264,0.10590000601951033,True,4217.829642533986
ECC+AES-256,5000,5,277,0.02269999822601676,0.1289999927394092,0.10309999925084412,True,4217.829642533986
ECC+AES-256,5000,5,278,0.022299995180219412,0.1277999981539324,0.10340000153519213,True,4217.829642533986
ECC+AES-256,5000,5,279,0.02239999594166875,0.12630000128410757,0.10259999544359744,True,4217.829642533986
ECC+AES-256,5000,5,280,0.022400010493583977,0.12760001118294895,0.1033999869832769,True,4217.829642533986
ECC+AES-256,5000,5,281,0.022299995180219412,0.12719999358523637,0.10340000153519213,True,4217.829642533986
ECC+AES-256,5000,5,282,0.02269999822601676,0.12789999891538173,0.11480000102892518,True,4217.829642533986
ECC+AES-256,5000,5,283,0.023200002033263445,0.12710000737570226,0.10279999696649611,True,4217.829642533986
ECC+AES-256,5000,5,284,0.022599997464567423,0.12759999663103372,0.10350000229664147,True,4217.829642533986
ECC+AES-256,5000,5,285,0.022299995180219412,0.12740000966005027,0.10320000001229346,True,4217.829642533986
ECC+AES-256,5000,5,286,0.022299995180219412,0.12749999586958438,0.10380000458098948,True,4217.829642533986
ECC+AES-256,5000,5,287,0.022400010493583977,0.1281000004382804,0.10459999612066895,True,4217.829642533986
ECC+AES-256,5000,5,288,0.022599997464567423,0.1283999881707132,0.11239999730605632,True,4217.829642533986
ECC+AES-256,5000,5,289,0.023199987481348217,0.12880000576842576,0.10449999535921961,True,4217.829642533986
ECC+AES-256,5000,5,290,0.022799998987466097,0.12670000432990491,0.10370000381954014,True,4217.829642533986
ECC+AES-256,5000,5,291,0.022499996703118086,0.1269000058528036,0.10429999383632094,True,4217.829642533986
ECC+AES-256,5000,5,292,0.022599997464567423,0.12759999663103372,0.1041999930748716,True,4217.829642533986
ECC+AES-256,5000,5,293,0.02269999822601676,0.12799999967683107,0.10380000458098948,True,4217.829642533986
ECC+AES-256,5000,5,294,0.022599997464567423,0.1286000042455271,0.1041999930748716,True,4217.829642533986
ECC+AES-256,5000,5,295,0.025600005756132305,0.13390000094659626,0.1049999991664663,True,4217.829642533986
ECC+AES-256,5000,5,296,0.023100001271814108,0.12740000966005027,0.10399999155197293,True,4217.829642533986
ECC+AES-256,5000,5,297,0.022799998987466097,0.12650000280700624,0.10410000686533749,True,4217.829642533986
ECC+AES-256,5000,5,298,0.02239999594166875,0.1286000042455271,0.10469999688211828,True,4217.829642533986
ECC+AES-256,5000,5,299,0.022499996703118086,0.1272000081371516,0.1044000091496855,True,4217.829642533986
ECC+AES-256,5000,5,300,0.022499996703118086,0.12749999586958438,0.10400000610388815,True,4217.829642533986
ECC+AES-256,5000,5,301,0.022799998987466097,0.12749999586958438,0.10449999535921961,True,4217.829642533986
ECC+AES-256,5000,5,302,0.02269999822601676,0.1277999981539324,0.1264000020455569,True,4217.829642533986
ECC+AES-256,5000,5,303,0.042400002712383866,0.18879999697674066,0.12009999772999436,True,4217.829642533986
ECC+AES-256,5000,5,304,0.025699991965666413,0.13590000162366778,0.10829999519046396,True,4217.829642533986
ECC+AES-256,5000,5,305,0.031400006264448166,0.14519999967887998,0.10730000212788582,True,4217.829642533986
ECC+AES-256,5000,5,306,0.02340000355616212,0.15169999096542597,0.10570000449661165,True,4217.829642533986
ECC+AES-256,5000,5,307,0.023200002033263445,0.12909999350085855,0.1049999991664663,True,4217.829642533986
ECC+AES-256,5000,5,308,0.022899999748915434,0.1281000004382804,0.10480001219548285,True,4217.829642533986
ECC+AES-256,5000,5,309,0.022799998987466097,0.12820000119972974,0.10430000838823617,True,4217.829642533986
ECC+AES-256,5000,5,310,0.023500004317611456,0.13000000035390258,0.10450000991113484,True,4217.829642533986
ECC+AES-256,5000,5,311,0.022899999748915434,0.12909999350085855,0.10430000838823617,True,4217.829642533986
ECC+AES-256,5000,5,312,0.023100001271814108,0.13970000145491213,0.1049999991664663,True,4217.829642533986
ECC+AES-256,5000,5,313,0.022799998987466097,0.1272999943466857,0.10459999612066895,True,4217.829642533986
ECC+AES-256,5000,5,314,0.022799998987466097,0.1286000042455271,0.10590000601951033,True,4217.829642533986
ECC+AES-256,5000,5,315,0.022400010493583977,0.12840000272262841,0.1036000030580908,True,4217.829642533986
ECC+AES-256,5000,5,316,0.02269999822601676,0.1286000042455271,0.10439999459777027,True,4217.829642533986
ECC+AES-256,5000,5,317,0.023500004317611456,0.12989999959245324,0.10489999840501696,True,4217.829642533986
ECC+AES-256,5000,5,318,0.023300002794712782,0.13760000001639128,0.11069999891333282,True,4217.829642533986
ECC+AES-256,5000,5,319,0.022799998987466097,0.12670000432990491,0.10289999772794545,True,4217.829642533986
ECC+AES-256,5000,5,320,0.022499996703118086,0.12770001194439828,0.10449999535921961,True,4217.829642533986
ECC+AES-256,5000,5,321,0.022499996703118086,0.1286000042455271,0.10449999535921961,True,4217.829642533986
ECC+AES-256,5000,5,322,0.022599997464567423,0.12759999663103372,0.10449999535921961,True,4217.829642533986
ECC+AES-256,5000,5,323,0.022100008209235966,0.1362000039080158,0.10370000381954014,True,4217.829642533986
ECC+AES-256,5000,5,324,0.022499996703118086,0.1272999943466857,0.10400000610388815,True,4217.829642533986
ECC+AES-256,5000,5,325,0.022499996703118086,0.12739999510813504,0.10350000229664147,True,4217.829642533986
ECC+AES-256,5000,5,326,0.02239999594166875,0.12850000348407775,0.10479999764356762,True,4217.829642533986
ECC+AES-256,5000,5,327,0.022500011255033314,0.12780001270584762,0.10369998926762491,True,4217.829642533986
ECC+AES-256,5000,5,328,0.02239999594166875,0.12769999739248306,0.1049999991664663,True,4217.829642533986
ECC+AES-256,5000,5,329,0.02300000051036477,0.13699999544769526,0.10550000297371298,True,4217.829642533986
ECC+AES-256,5000,5,330,0.02300000051036477,0.14000000373926014,0.10760000441223383,True,4217.829642533986
ECC+AES-256,5000,5,331,0.02239999594166875,0.12759999663103372,0.10390000534243882,True,4217.829642533986
ECC+AES-256,5000,5,332,0.022799998987466097,0.1272999943466857,0.1036000030580908,True,4217.829642533986
ECC+AES-256,5000,5,333,0.02239999594166875,0.12719999358523637,0.1044000091496855,True,4217.829642533986
ECC+AES-256,5000,5,334,0.022499996703118086,0.12660000356845558,0.10279999696649611,True,4217.829642533986
ECC+AES-256,5000,5,335,0.022499996703118086,0.13329999637790024,0.10619999375194311,True,4217.829642533986
ECC+AES-256,5000,5,336,0.022899999748915434,0.12820000119972974,0.10399999155197293,True,4217.829642533986
ECC+AES-256,5000,5,337,0.02239999594166875,0.12710000737570226,0.10449999535921961,True,4217.829642533986
ECC+AES-256,5000,5,338,0.022599997464567423,0.1269999920623377,0.10370000381954014,True,4217.829642533986
ECC+AES-256,5000,5,339,0.02239999594166875,0.12709999282378703,0.1036000030580908,True,4217.829642533986
ECC+AES-256,5000,5,340,0.022299995180219412,0.12700000661425292,0.10309999925084412,True,4217.829642533986
ECC+AES-256,5000,5,341,0.022199994418770075,0.12670000432990491,0.11419999646022916,True,4217.829642533986
ECC+AES-256,5000,5,342,0.022799998987466097,0.13870000839233398,0.10370000381954014,True,4217.829642533986
ECC+AES-256,5000,5,343,0.02269999822601676,0.12879999121651053,0.10449999535921961,True,4217.829642533986
ECC+AES-256,5000,5,344,0.02239999594166875,0.12830000196117908,0.10390000534243882,True,4217.829642533986
ECC+AES-256,5000,5,345,0.022599997464567423,0.12739999510813504,0.10380000458098948,True,4217.829642533986
ECC+AES-256,5000,5,346,0.02269999822601676,0.1277999981539324,0.10379999002907425,True,4217.829642533986
ECC+AES-256,5000,5,347,0.022599997464567423,0.12830000196117908,0.11260001338087022,True,4217.829642533986
ECC+AES-256,5000,5,348,0.023300002794712782,0.13010000111535192,0.10430000838823617,True,4217.829642533986
ECC+AES-256,5000,5,349,0.022599997464567423,0.12669998977798969,0.10320000001229346,True,4217.829642533986
ECC+AES-256,5000,5,350,0.022499996703118086,0.1269000058528036,0.10399999155197293,True,4217.829642533986
ECC+AES-256,5000,5,351,0.022299995180219412,0.12630000128410757,0.1036000030580908,True,4217.829642533986
ECC+AES-256,5000,5,352,0.02269999822601676,0.12880000576842576,0.10359998850617558,True,4217.829642533986
ECC+AES-256,5000,5,353,0.022599997464567423,0.1453000004403293,0.1049999991664663,True,4217.829642533986
ECC+AES-256,5000,5,354,0.023800006601959467,0.12900000729132444,0.10390000534243882,True,4217.829642533986
ECC+AES-256,5000,5,355,0.022799998987466097,0.12670000432990491,0.10350000229664147,True,4217.829642533986
ECC+AES-256,5000,5,356,0.02269999822601676,0.1272000081371516,0.10299999848939478,True,4217.829642533986
ECC+AES-256,5000,5,357,0.022599997464567423,0.1272999943466857,0.10340000153519213,True,4217.829642533986
ECC+AES-256,5000,5,358,0.022499996703118086,0.12650000280700624,0.10329998622182757,True,4217.829642533986
ECC+AES-256,5000,5,359,0.02239999594166875,0.13559999933931977,0.10449999535921961,True,4217.829642533986
ECC+AES-256,5000,5,360,0.023600005079060793,0.13029998808633536,0.10400000610388815,True,4217.829642533986
ECC+AES-256,5000,5,361,0.023200002033263445,0.12789999891538173,0.10449999535921961,True,4217.829642533986
ECC+AES-256,5000,5,362,0.022400010493583977,0.1269000058528036,0.10309999925084412,True,4217.829642533986
ECC+AES-256,5000,5,363,0.02300000051036477,0.12730000889860094,0.1033000007737428,True,4217.829642533986
ECC+AES-256,5000,5,364,0.022800013539381325,0.1281000004382804,0.10279999696649611,True,4217.829642533986
ECC+AES-256,5000,5,365,0.02269999822601676,0.12759999663103372,0.11500000255182385,True,4217.829642533986
ECC+AES-256,5000,5,366,0.02300000051036477,0.12759999663103372,0.10340000153519213,True,4217.829642533986
ECC+AES-256,5000,5,367,0.022499996703118086,0.12759999663103372,0.10380000458098948,True,4217.829642533986
ECC+AES-256,5000,5,368,0.022799998987466097,0.12850000348407775,0.10489999840501696,True,4217.829642533986
ECC+AES-256,5000,5,369,0.022599997464567423,0.1272999943466857,0.10400000610388815,True,4217.829642533986
ECC+AES-256,5000,5,370,0.02239999594166875,0.12660000356845558,0.10289999772794545,True,4217.829642533986
ECC+AES-256,5000,5,371,0.02239999594166875,0.12620000052265823,0.1142999972216785,True,4217.829642533986
ECC+AES-256,5000,5,372,0.022899999748915434,0.1286000042455271,0.10399999155197293,True,4217.829642533986
ECC+AES-256,5000,5,373,0.022599997464567423,0.12799999967683107,0.10389999079052359,True,4217.829642533986
ECC+AES-256,5000,5,374,0.023200002033263445,0.12820000119972974,0.10380000458098948,True,4217.829642533986
ECC+AES-256,5000,5,375,0.02260001201648265,0.12660000356845558,0.10309999925084412,True,4217.829642533986
ECC+AES-256,5000,5,376,0.022200008970685303,0.12740000966005027,0.10320000001229346,True,4217.829642533986
ECC+AES-256,5000,5,377,0.02269999822601676,0.12759999663103372,0.10350000229664147,True,4217.829642533986
ECC+AES-256,5000,5,378,0.02340000355616212,0.13970000145491213,0.10999999358318746,True,4217.829642533986
ECC+AES-256,5000,5,379,0.022599997464567423,0.1275000104214996,0.10369998926762491,True,4217.829642533986
ECC+AES-256,5000,5,380,0.022599997464567423,0.12749999586958438,0.10439999459777027,True,4217.829642533986
ECC+AES-256,5000,5,381,0.022799998987466097,0.12749999586958438,0.10439999459777027,True,4217.829642533986
ECC+AES-256,5000,5,382,0.022799998987466097,0.12749999586958438,0.10310001380275935,True,4217.829642533986
ECC+AES-256,5000,5,383,0.022599997464567423,0.12689999130088836,0.10430000838823617,True,4217.829642533986
ECC+AES-256,5000,5,384,0.06459999713115394,0.1399000029778108,0.10750000365078449,True,4217.829642533986
ECC+AES-256,5000,5,385,0.023599990527145565,0.1309000072069466,0.10609999299049377,True,4217.829642533986
ECC+AES-256,5000,5,386,0.022899999748915434,0.1277999981539324,0.1041999930748716,True,4217.829642533986
ECC+AES-256,5000,5,387,0.022599997464567423,0.12739999510813504,0.10400000610388815,True,4217.829642533986
ECC+AES-256,5000,5,388,0.022799998987466097,0.12769999739248306,0.10399999155197293,True,4217.829642533986
ECC+AES-256,5000,5,389,0.02269999822601676,0.12769999739248306,0.10459999612066895,True,4217.829642533986
ECC+AES-256,5000,5,390,0.023900007363408804,0.13729999773204327,0.1053000014508143,True,4217.829642533986
ECC+AES-256,5000,5,391,0.023600005079060793,0.12929999502375722,0.10540000221226364,True,4217.829642533986
ECC+AES-256,5000,5,392,0.022799998987466097,0.12850000348407775,0.10609999299049377,True,4217.829642533986
ECC+AES-256,5000,5,393,0.022499996703118086,0.12769999739248306,0.10439999459777027,True,4217.829642533986
ECC+AES-256,5000,5,394,0.022599997464567423,0.12659998901654035,0.10389999079052359,True,4217.829642533986
ECC+AES-256,5000,5,395,0.022599997464567423,0.12799999967683107,0.10399999155197293,True,4217.829642533986
ECC+AES-256,5000,5,396,0.03060000017285347,0.13029998808633536,0.10430000838823617,True,4217.829642533986
ECC+AES-256,5000,5,397,0.023200002033263445,0.1281000004382804,0.10540000221226364,True,4217.829642533986
ECC+AES-256,5000,5,398,0.022799998987466097,0.1275000104214996,0.10479999764356762,True,4217.829642533986
ECC+AES-256,5000,5,399,0.022199994418770075,0.1260999997612089,0.10380000458098948,True,4217.829642533986
ECC+AES-256,5000,5,400,0.022500011255033314,0.12769999739248306,0.10320000001229346,True,4217.829642533986
ECC+AES-256,5000,5,401,0.022799998987466097,0.14479999663308263,0.10829999519046396,True,4217.829642533986
ECC+AES-256,5000,5,402,0.029300004825927317,0.15810001059435308,0.11010000889655203,True,4217.829642533986
ECC+AES-256,5000,5,403,0.023600005079060793,0.12989999959245324,0.10509999992791563,True,4217.829642533986
ECC+AES-256,5000,5,404,0.02269999822601676,0.1281000004382804,0.10429999383632094,True,4217.829642533986
ECC+AES-256,5000,5,405,0.022499996703118086,0.12670000432990491,0.10389999079052359,True,4217.829642533986
ECC+AES-256,5000,5,406,0.02300000051036477,0.12840000272262841,0.10389999079052359,True,4217.829642533986
ECC+AES-256,5000,5,407,0.023300002794712782,0.1297999988310039,0.1049999991664663,True,4217.829642533986
ECC+AES-256,5000,5,408,0.022799998987466097,0.12909999350085855,0.10450000991113484,True,4217.829642533986
ECC+AES-256,5000,5,409,0.022599997464567423,0.12650000280700624,0.10340000153519213,True,4217.829642533986
ECC+AES-256,5000,5,410,0.022500011255033314,0.12740000966005027,0.10399999155197293,True,4217.829642533986
ECC+AES-256,5000,5,411,0.02300000051036477,0.12730000889860094,0.10409999231342226,True,4217.829642533986
ECC+AES-256,5000,5,412,0.02269999822601676,0.1272999943466857,0.10400000610388815,True,4217.829642533986
ECC+AES-256,5000,5,413,0.02239999594166875,0.13509999553207308,0.10289999772794545,True,4217.829642533986
ECC+AES-256,5000,5,414,0.023100001271814108,0.13249999028630555,0.10400000610388815,True,4217.829642533986
ECC+AES-256,5000,5,415,0.022799998987466097,0.12739999510813504,0.10320000001229346,True,4217.829642533986
ECC+AES-256,5000,5,416,0.022599997464567423,0.12840000272262841,0.10449999535921961,True,4217.829642533986
ECC+AES-256,5000,5,417,0.022499996703118086,0.12840000272262841,0.1049999991664663,True,4217.829642533986
ECC+AES-256,5000,5,418,0.022799998987466097,0.12749999586958438,0.10430000838823617,True,4217.829642533986
ECC+AES-256,5000,5,419,0.022499996703118086,0.14340000052470714,0.10559998918324709,True,4217.829642533986
ECC+AES-256,5000,5,420,0.02750000567175448,0.13889999536331743,0.10569998994469643,True,4217.829642533986
ECC+AES-256,5000,5,421,0.027700007194653153,0.13719999697059393,0.10560000373516232,True,4217.829642533986
ECC+AES-256,5000,5,422,0.023199987481348217,0.12989999959245324,0.10509999992791563,True,4217.829642533986
ECC+AES-256,5000,5,423,0.02340000355616212,0.12870000500697643,0.10480001219548285,True,4217.829642533986
ECC+AES-256,5000,5,424,0.02300000051036477,0.12969999806955457,0.10439999459777027,True,4217.829642533986
ECC+AES-256,5000,5,425,0.022899999748915434,0.12849998893216252,0.10430000838823617,True,4217.829642533986
ECC+AES-256,5000,5,426,0.022799998987466097,0.149500003317371,0.10849999671336263,True,4217.829642533986
ECC+AES-256,5000,5,427,0.02269999822601676,0.1277999981539324,0.10400000610388815,True,4217.829642533986
ECC+AES-256,5000,5,428,0.022400010493583977,0.12799999967683107,0.10359998850617558,True,4217.829642533986
ECC+AES-256,5000,5,429,0.02239999594166875,0.12759999663103372,0.10450000991113484,True,4217.829642533986
ECC+AES-256,5000,5,430,0.02269999822601676,0.1281000004382804,0.10370000381954014,True,4217.829642533986
ECC+AES-256,5000,5,431,0.022599997464567423,0.12820000119972974,0.10479999764356762,True,4217.829642533986
ECC+AES-256,5000,5,432,0.022599997464567423,0.13660000695381314,0.10569998994469643,True,4217.829642533986
ECC+AES-256,5000,5,433,0.022599997464567423,0.12830000196117908,0.10320000001229346,True,4217.829642533986
ECC+AES-256,5000,5,434,0.022499996703118086,0.12709999282378703,0.1036000030580908,True,4217.829642533986
ECC+AES-256,5000,5,435,0.02239999594166875,0.1272999943466857,0.10429999383632094,True,4217.829642533986
ECC+AES-256,5000,5,436,0.02239999594166875,0.12650000280700624,0.10350000229664147,True,4217.829642533986
ECC+AES-256,5000,5,437,0.02239999594166875,0.1269000058528036,0.10320000001229346,True,4217.829642533986
ECC+AES-256,5000,5,438,0.023599990527145565,0.1396000006934628,0.10750000365078449,True,4217.829642533986
ECC+AES-256,5000,5,439,0.02300000051036477,0.1286999904550612,0.10479999764356762,True,4217.829642533986
ECC+AES-256,5000,5,440,0.022599997464567423,0.12739999510813504,0.10390000534243882,True,4217.829642533986
ECC+AES-256,5000,5,441,0.022799998987466097,0.1272999943466857,0.10320000001229346,True,4217.829642533986
ECC+AES-256,5000,5,442,0.02269999822601676,0.12830000196117908,0.1036000030580908,True,4217.829642533986
ECC+AES-256,5000,5,443,0.022299995180219412,0.12759999663103372,0.10340000153519213,True,4217.829642533986
ECC+AES-256,5000,5,444,0.02239999594166875,0.12799999967683107,0.11510000331327319,True,4217.829642533986
ECC+AES-256,5000,5,445,0.022899999748915434,0.12830000196117908,0.10390000534243882,True,4217.829642533986
ECC+AES-256,5000,5,446,0.022799998987466097,0.12759999663103372,0.10309999925084412,True,4217.829642533986
ECC+AES-256,5000,5,447,0.022200008970685303,0.12670000432990491,0.10309999925084412,True,4217.829642533986
ECC+AES-256,5000,5,448,0.022700012777931988,0.12789999891538173,0.10379999002907425,True,4217.829642533986
ECC+AES-256,5000,5,449,0.022299995180219412,0.1551000023027882,0.19069999689236283,True,4217.829642533986
ECC+AES-256,5000,5,450,0.038300000596791506,0.1593000051798299,0.11420001101214439,True,4217.829642533986
ECC+AES-256,5000,5,451,0.02479999966453761,0.13250000483822078,0.10739998833741993,True,4217.829642533986
ECC+AES-256,5000,5,452,0.023100001271814108,0.12879999121651053,0.10469999688211828,True,4217.829642533986
ECC+AES-256,5000,5,453,0.02269999822601676,0.12719999358523637,0.10410000686533749,True,4217.829642533986
ECC+AES-256,5000,5,454,0.023200002033263445,0.152900000102818,0.10870001278817654,True,4217.829642533986
ECC+AES-256,5000,5,455,0.02409999433439225,0.1286000042455271,0.10560000373516232,True,4217.829642533986
ECC+AES-256,5000,5,456,0.023299988242797554,0.12740000966005027,0.10429999383632094,True,4217.829642533986
ECC+AES-256,5000,5,457,0.022999985958449543,0.12660000356845558,0.10459999612066895,True,4217.829642533986
ECC+AES-256,5000,5,458,0.023300002794712782,0.1277999981539324,0.10379999002907425,True,4217.829642533986
ECC+AES-256,5000,5,459,0.022899999748915434,0.1269000058528036,0.10460001067258418,True,4217.829642533986
ECC+AES-256,5000,5,460,0.022899999748915434,0.1373999984934926,0.10540000221226364,True,4217.829642533986
ECC+AES-256,5000,5,461,0.023499989765696228,0.12700000661425292,0.10409999231342226,True,4217.829642533986
ECC+AES-256,5000,5,462,0.02300000051036477,0.1272999943466857,0.10430000838823617,True,4217.829642533986
ECC+AES-256,5000,5,463,0.023100001271814108,0.12719999358523637,0.10390000534243882,True,4217.829642533986
ECC+AES-256,5000,5,464,0.022899999748915434,0.1281000004382804,0.10379999002907425,True,4217.829642533986
ECC+AES-256,5000,5,465,0.022799998987466097,0.12620000052265823,0.10269999620504677,True,4217.829642533986
ECC+AES-256,5000,5,466,0.022999985958449543,0.13320001016836613,0.10740000288933516,True,4217.829642533986
ECC+AES-256,5000,5,467,0.022899999748915434,0.1269999920623377,0.1036000030580908,True,4217.829642533986
ECC+AES-256,5000,5,468,0.02260001201648265,0.12710000737570226,0.10340000153519213,True,4217.829642533986
ECC+AES-256,5000,5,469,0.022599997464567423,0.12620000052265823,0.1024999946821481,True,4217.829642533986
ECC+AES-256,5000,5,470,0.022799998987466097,0.12709999282378703,0.10410000686533749,True,4217.829642533986
ECC+AES-256,5000,5,471,0.04030000127386302,0.1934000028995797,0.14710001414641738,True,4217.829642533986
ECC+AES-256,5000,5,472,0.023899992811493576,0.1292000088142231,0.10520000068936497,True,4217.829642533986
ECC+AES-256,5000,5,473,0.023100001271814108,0.12799999967683107,0.10449999535921961,True,4217.829642533986
ECC+AES-256,5000,5,474,0.02269999822601676,0.12850000348407775,0.10459999612066895,True,4217.829642533986
ECC+AES-256,5000,5,475,0.022800013539381325,0.12670000432990491,0.11870000162161887,True,4217.829642533986
ECC+AES-256,5000,5,476,0.023200002033263445,0.1286000042455271,0.10509999992791563,True,4217.829642533986
ECC+AES-256,5000,5,477,0.022799998987466097,0.12630000128410757,0.10459999612066895,True,4217.829642533986
ECC+AES-256,5000,5,478,0.02340000355616212,0.13190000026952475,0.10390000534243882,True,4217.829642533986
ECC+AES-256,5000,5,479,0.022400010493583977,0.12680000509135425,0.10390000534243882,True,4217.829642533986
ECC+AES-256,5000,5,480,0.022599997464567423,0.12650000280700624,0.10309999925084412,True,4217.829642533986
ECC+AES-256,5000,5,481,0.02239999594166875,0.1260999997612089,0.10279999696649611,True,4217.829642533986
ECC+AES-256,5000,5,482,0.023100001271814108,0.12770001194439828,0.10449999535921961,True,4217.829642533986
ECC+AES-256,5000,5,483,0.02239999594166875,0.12659998901654035,0.10430000838823617,True,4217.829642533986
ECC+AES-256,5000,5,484,0.02260001201648265,0.12700000661425292,0.10390000534243882,True,4217.829642533986
ECC+AES-256,5000,5,485,0.022599997464567423,0.1269000058528036,0.1033000007737428,True,4217.829642533986
ECC+AES-256,5000,5,486,0.022299995180219412,0.1255999959539622,0.10299999848939478,True,4217.829642533986
ECC+AES-256,5000,5,487,0.02340000355616212,0.12820000119972974,0.10470001143403351,True,4217.829642533986
ECC+AES-256,5000,5,488,0.023800006601959467,0.1281000004382804,0.10460001067258418,True,4217.829642533986
ECC+AES-256,5000,5,489,0.022799998987466097,0.1281000004382804,0.10399999155197293,True,4217.829642533986
ECC+AES-256,5000,5,490,0.022599997464567423,0.13649999164044857,0.11019999510608613,True,4217.829642533986
ECC+AES-256,5000,5,491,0.022499996703118086,0.12679999053943902,0.10350000229664147,True,4217.829642533986
ECC+AES-256,5000,5,492,0.022400010493583977,0.12700000661425292,0.10409999231342226,True,4217.829642533986
ECC+AES-256,5000,5,493,0.022400010493583977,0.12679999053943902,0.10410000686533749,True,4217.829642533986
ECC+AES-256,5000,5,494,0.022400010493583977,0.1351000100839883,0.10509999992791563,True,4217.829642533986
ECC+AES-256,5000,5,495,0.023200002033263445,0.12760001118294895,0.10459999612066895,True,4217.829642533986
ECC+AES-256,5000,5,496,0.02300000051036477,0.12730000889860094,0.22249999165069312,True,4217.829642533986
ECC+AES-256,5000,5,497,0.031100003980100155,0.15209999401122332,0.11129998893011361,True,4217.829642533986
ECC+AES-256,5000,5,498,0.02370000584051013,0.12969999806955457,0.10539998766034842,True,4217.829642533986
ECC+AES-256,5000,5,499,0.02269999822601676,0.12789999891538173,0.10369998926762491,True,4217.829642533986
ECC+AES-256,5000,5,500,0.02269999822601676,0.1277999981539324,0.1041999930748716,True,4217.829642533986
ECC+AES-256,5000,5,501,0.023900007363408804,0.12929999502375722,0.10469999688211828,True,4217.829642533986
ECC+AES-256,5000,5,502,0.02300000051036477,0.13889999536331743,0.10800000745803118,True,4217.829642533986
ECC+AES-256,5000,5,503,0.023300002794712782,0.13129999570082873,0.1041999930748716,True,4217.829642533986
ECC+AES-256,5000,5,504,0.022799998987466097,0.12799999967683107,0.10299999848939478,True,4217.829642533986
ECC+AES-256,5000,5,505,0.02300000051036477,0.1286000042455271,0.10439999459777027,True,4217.829642533986
ECC+AES-256,5000,5,506,0.02269999822601676,0.12709999282378703,0.10420000762678683,True,4217.829642533986
ECC+AES-256,5000,5,507,0.02300000051036477,0.12739999510813504,0.10630000906530768,True,4217.829642533986
ECC+AES-256,5000,5,508,0.023100001271814108,0.13760000001639128,0.10620000830385834,True,4217.829642533986
ECC+AES-256,5000,5,509,0.022899999748915434,0.12770001194439828,0.10430000838823617,True,4217.829642533986
ECC+AES-256,5000,5,510,0.022799998987466097,0.1277999981539324,0.10350000229664147,True,4217.829642533986
ECC+AES-256,5000,5,511,0.022700012777931988,0.12799999967683107,0.10480001219548285,True,4217.829642533986
ECC+AES-256,5000,5,512,0.022700012777931988,0.12760001118294895,0.10379999002907425,True,4217.829642533986
ECC+AES-256,5000,5,513,0.022500011255033314,0.1275000104214996,0.10459999612066895,True,4217.829642533986
ECC+AES-256,5000,5,514,0.022799998987466097,0.1373999984934926,0.10540000221226364,True,4217.829642533986
ECC+AES-256,5000,5,515,0.02300000051036477,0.12709999282378703,0.1033000007737428,True,4217.829642533986
ECC+AES-256,5000,5,516,0.022599997464567423,0.12680000509135425,0.10380000458098948,True,4217.829642533986
ECC+AES-256,5000,5,517,0.022799998987466097,0.12799999967683107,0.10299999848939478,True,4217.829642533986
ECC+AES-256,5000,5,518,0.022799998987466097,0.1286000042455271,0.10479999764356762,True,4217.829642533986
ECC+AES-256,5000,5,519,0.022799998987466097,0.12850000348407775,0.1041999930748716,True,4217.829642533986
ECC+AES-256,5000,5,520,0.022499996703118086,0.12769999739248306,0.11490000179037452,True,4217.829642533986
ECC+AES-256,5000,5,521,0.023200002033263445,0.13929999840911478,0.10790000669658184,True,4217.829642533986
ECC+AES-256,5000,5,522,0.023100001271814108,0.12799999967683107,0.10340000153519213,True,4217.829642533986
ECC+AES-256,5000,5,523,0.022499996703118086,0.1272999943466857,0.10370000381954014,True,4217.829642533986
ECC+AES-256,5000,5,524,0.02269999822601676,0.1269000058528036,0.10459999612066895,True,4217.829642533986
ECC+AES-256,5000,5,525,0.022299995180219412,0.1272999943466857,0.1041999930748716,True,4217.829642533986
ECC+AES-256,5000,5,526,0.02239999594166875,0.1264000020455569,0.11320000339765102,True,4217.829642533986
ECC+AES-256,5000,5,527,0.022799998987466097,0.12759999663103372,0.10350000229664147,True,4217.829642533986
ECC+AES-256,5000,5,528,0.02269999822601676,0.12599999899975955,0.10390000534243882,True,4217.829642533986
ECC+AES-256,5000,5,529,0.022899999748915434,0.1264000020455569,0.10380000458098948,True,4217.829642533986
ECC+AES-256,5000,5,530,0.022599997464567423,0.12789999891538173,0.1036000030580908,True,4217.829642533986
ECC+AES-256,5000,5,531,0.022599997464567423,0.12749999586958438,0.10399999155197293,True,4217.829642533986
ECC+AES-256,5000,5,532,0.022799998987466097,0.12799999967683107,0.10400000610388815,True,4217.829642533986
ECC+AES-256,5000,5,533,0.023600005079060793,0.1281000004382804,0.1041999930748716,True,4217.829642533986
ECC+AES-256,5000,5,534,0.022500011255033314,0.12670000432990491,0.10390000534243882,True,4217.829642533986
ECC+AES-256,5000,5,535,0.022499996703118086,0.12680000509135425,0.10289999772794545,True,4217.829642533986
ECC+AES-256,5000,5,536,0.022899999748915434,0.1281000004382804,0.1041999930748716,True,4217.829642533986
ECC+AES-256,5000,5,537,0.022499996703118086,0.12679999053943902,0.10299999848939478,True,4217.829642533986
ECC+AES-256,5000,5,538,0.022799998987466097,0.1269000058528036,0.10430000838823617,True,4217.829642533986
ECC+AES-256,5000,5,539,0.022899999748915434,0.1281000004382804,0.10469999688211828,True,4217.829642533986
ECC+AES-256,5000,5,540,0.022799998987466097,0.12739999510813504,0.1036000030580908,True,4217.829642533986
ECC+AES-256,5000,5,541,0.022499996703118086,0.12710000737570226,0.1036000030580908,True,4217.829642533986
ECC+AES-256,5000,5,542,0.023100001271814108,0.12670000432990491,0.10300001304131001,True,4217.829642533986
ECC+AES-256,5000,5,543,0.022500011255033314,0.12670000432990491,0.10400000610388815,True,4217.829642533986
ECC+AES-256,5000,5,544,0.022799998987466097,0.15029999485705048,0.10740000288933516,True,4217.829642533986
ECC+AES-256,5000,5,545,0.0416000111727044,0.1869000116130337,0.11889998859260231,True,4217.829642533986
ECC+AES-256,5000,5,546,0.02519998815841973,0.1343000039923936,0.10699999984353781,True,4217.829642533986
ECC+AES-256,5000,5,547,0.023299988242797554,0.1289000065298751,0.10520000068936497,True,4217.829642533986
ECC+AES-256,5000,5,548,0.023100001271814108,0.12719999358523637,0.1044000091496855,True,4217.829642533986
ECC+AES-256,5000,5,549,0.022799998987466097,0.1269000058528036,0.11890000314451754,True,4217.829642533986
ECC+AES-256,5000,5,550,0.0236999912885949,0.1294999965466559,0.10430000838823617,True,4217.829642533986
ECC+AES-256,5000,5,551,0.02300000051036477,0.1269999920623377,0.10380000458098948,True,4217.829642533986
ECC+AES-256,5000,5,552,0.022800013539381325,0.12700000661425292,0.10449999535921961,True,4217.829642533986
ECC+AES-256,5000,5,553,0.022899999748915434,0.1269999920623377,0.10340000153519213,True,4217.829642533986
ECC+AES-256,5000,5,554,0.022799998987466097,0.12650000280700624,0.10459999612066895,True,4217.829642533986
ECC+AES-256,5000,5,555,0.023200002033263445,0.12599999899975955,0.11510000331327319,True,4217.829642533986
ECC+AES-256,5000,5,556,0.023100001271814108,0.12540000898297876,0.10349998774472624,True,4217.829642533986
ECC+AES-256,5000,5,557,0.022899999748915434,0.13219998800195754,0.1033999869832769,True,4217.829642533986
ECC+AES-256,5000,5,558,0.022599997464567423,0.1260999997612089,0.10320000001229346,True,4217.829642533986
ECC+AES-256,5000,5,559,0.02300000051036477,0.12689999130088836,0.10430000838823617,True,4217.829642533986
ECC+AES-256,5000,5,560,0.022799998987466097,0.1269000058528036,0.10389999079052359,True,4217.829642533986
ECC+AES-256,5000,5,561,0.02269999822601676,0.12659998901654035,0.1033000007737428,True,4217.829642533986
ECC+AES-256,5000,5,562,0.022899999748915434,0.12749999586958438,0.10320000001229346,True,4217.829642533986
ECC+AES-256,5000,5,563,0.02269999822601676,0.12789999891538173,0.10420000762678683,True,4217.829642533986
ECC+AES-256,5000,5,564,0.022900014300830662,0.12710000737570226,0.10389999079052359,True,4217.829642533986
ECC+AES-256,5000,5,565,0.023100001271814108,0.12730000889860094,0.10429999383632094,True,4217.829642533986
ECC+AES-256,5000,5,566,0.02300000051036477,0.1269999920623377,0.1044000091496855,True,4217.829642533986
ECC+AES-256,5000,5,567,0.02239999594166875,0.12739999510813504,0.10400000610388815,True,4217.829642533986
ECC+AES-256,5000,5,568,0.022499996703118086,0.13519999629352242,0.10409999231342226,True,4217.829642533986
ECC+AES-256,5000,5,569,0.022899999748915434,0.12589999823831022,0.1033999869832769,True,4217.829642533986
ECC+AES-256,5000,5,570,0.022599997464567423,0.12669998977798969,0.10350000229664147,True,4217.829642533986
ECC+AES-256,5000,5,571,0.022499996703118086,0.12660000356845558,0.10259999544359744,True,4217.829642533986
ECC+AES-256,5000,5,572,0.02269999822601676,0.12579999747686088,0.10350000229664147,True,4217.829642533986
ECC+AES-256,5000,5,573,0.02260001201648265,0.1289000065298751,0.1036000030580908,True,4217.829642533986
ECC+AES-256,5000,5,574,0.02300000051036477,0.1345999917248264,0.10420000762678683,True,4217.829642533986
ECC+AES-256,5000,5,575,0.02260001201648265,0.12650000280700624,0.10410000686533749,True,4217.829642533986
ECC+AES-256,5000,5,576,0.022599997464567423,0.12539999443106353,0.102700010756962,True,4217.829642533986
ECC+AES-256,5000,5,577,0.022499996703118086,0.12689999130088836,0.10370000381954014,True,4217.829642533986
ECC+AES-256,5000,5,578,0.022599997464567423,0.12650000280700624,0.10349998774472624,True,4217.829642533986
ECC+AES-256,5000,5,579,0.022700012777931988,0.12730000889860094,0.1033000007737428,True,4217.829642533986
ECC+AES-256,5000,5,580,0.022499996703118086,0.12630000128410757,0.11340000492054969,True,4217.829642533986
ECC+AES-256,5000,5,581,0.023100001271814108,0.12650000280700624,0.10369998926762491,True,4217.829642533986
ECC+AES-256,5000,5,582,0.02300000051036477,0.12579999747686088,0.10340000153519213,True,4217.829642533986
ECC+AES-256,5000,5,583,0.022899999748915434,0.1272000081371516,0.10359998850617558,True,4217.829642533986
ECC+AES-256,5000,5,584,0.022499996703118086,0.12620000052265823,0.10350000229664147,True,4217.829642533986
ECC+AES-256,5000,5,585,0.02260001201648265,0.12630000128410757,0.10320000001229346,True,4217.829642533986
ECC+AES-256,5000,5,586,0.02260001201648265,0.1260999997612089,0.11300000187475234,True,4217.829642533986
ECC+AES-256,5000,5,587,0.023300002794712782,0.12850000348407775,0.10389999079052359,True,4217.829642533986
ECC+AES-256,5000,5,588,0.022400010493583977,0.1250000059371814,0.10269999620504677,True,4217.829642533986
ECC+AES-256,5000,5,589,0.022599997464567423,0.12549999519251287,0.10320000001229346,True,4217.829642533986
ECC+AES-256,5000,5,590,0.022599997464567423,0.12620000052265823,0.10289999772794545,True,4217.829642533986
ECC+AES-256,5000,5,591,0.022799998987466097,0.12679999053943902,0.10390000534243882,True,4217.829642533986
ECC+AES-256,5000,5,592,0.022500011255033314,0.12680000509135425,0.14220000593923032,True,4217.829642533986
ECC+AES-256,5000,5,593,0.04749999789055437,0.18030000501312315,0.11949999316129833,True,4217.829642533986
ECC+AES-256,5000,5,594,0.03229999856557697,0.14930000179447234,0.11000000813510269,True,4217.829642533986
ECC+AES-256,5000,5,595,0.029000002541579306,0.149500003317371,0.10849999671336263,True,4217.829642533986
ECC+AES-256,5000,5,596,0.028299997211433947,0.13839999155607074,0.11550000635907054,True,4217.829642533986
ECC+AES-256,5000,5,597,0.042100000428035855,0.17439998919144273,0.11949999316129833,True,4217.829642533986
ECC+AES-256,5000,5,598,0.032199997804127634,0.1475000026402995,0.112599998828955,True,4217.829642533986
ECC+AES-256,5000,5,599,0.029799994081258774,0.1416000013705343,0.10870001278817654,True,4217.829642533986
ECC+AES-256,5000,5,600,0.029300004825927317,0.15439999697264284,0.10959999053739011,True,4217.829642533986
ECC+AES-256,5000,5,601,0.030800001695752144,0.14180000289343297,0.10760000441223383,True,4217.829642533986
ECC+AES-256,5000,5,602,0.030700000934302807,0.14209999062586576,0.10620000830385834,True,4217.829642533986
ECC+AES-256,5000,5,603,0.027300004148855805,0.13779998698737472,0.10550000297371298,True,4217.829642533986
ECC+AES-256,5000,5,604,0.02750000567175448,0.13849999231752008,0.10560000373516232,True,4217.829642533986
ECC+AES-256,5000,5,605,0.0278999941656366,0.1441000058548525,0.10490001295693219,True,4217.829642533986
ECC+AES-256,5000,5,606,0.027799993404187262,0.13689999468624592,0.10570000449661165,True,4217.829642533986
ECC+AES-256,5000,5,607,0.027900008717551827,0.13750001380685717,0.10520000068936497,True,4217.829642533986
ECC+AES-256,5000,5,608,0.027400004910305142,0.1370999962091446,0.10550000297371298,True,4217.829642533986
ECC+AES-256,5000,5,609,0.027599991881288588,0.13780000153928995,0.10540000221226364,True,4217.829642533986
ECC+AES-256,5000,5,610,0.040099999750964344,0.18960000306833535,0.12080000306013972,True,4217.829642533986
ECC+AES-256,5000,5,611,0.03029999788850546,0.17970000044442713,0.1514999894425273,True,4217.829642533986
ECC+AES-256,5000,5,612,0.029499991796910763,0.1436000020476058,0.10850001126527786,True,4217.829642533986
ECC+AES-256,5000,5,613,0.05780000356025994,0.1419000036548823,0.10740000288933516,True,4217.829642533986
ECC+AES-256,5000,5,614,0.03999999898951501,0.23710000095888972,0.11930000619031489,True,4217.829642533986
ECC+AES-256,5000,5,615,0.041099992813542485,0.1691999932518229,0.13490000856108963,True,4217.829642533986
ECC+AES-256,5000,5,616,0.03369999467395246,0.15400000847876072,0.11180000728927553,True,4217.829642533986
ECC+AES-256,5000,5,617,0.02400000812485814,0.13179999950807542,0.10570000449661165,True,4217.829642533986
ECC+AES-256,5000,5,618,0.023100001271814108,0.12909999350085855,0.10600000678095967,True,4217.829642533986
ECC+AES-256,5000,5,619,0.02340000355616212,0.1517999917268753,0.10869999823626131,True,4217.829642533986
ECC+AES-256,5000,5,620,0.0236999912885949,0.13040000339969993,0.10689999908208847,True,4217.829642533986
ECC+AES-256,5000,5,621,0.02300000051036477,0.1283999881707132,0.10450000991113484,True,4217.829642533986
ECC+AES-256,5000,5,622,0.022799998987466097,0.12769999739248306,0.10449999535921961,True,4217.829642533986
ECC+AES-256,5000,5,623,0.02300000051036477,0.1272999943466857,0.10410000686533749,True,4217.829642533986
ECC+AES-256,5000,5,624,0.022899999748915434,0.1272000081371516,0.10399999155197293,True,4217.829642533986
ECC+AES-256,5000,5,625,0.022599997464567423,0.12849998893216252,0.1171000039903447,True,4217.829642533986
ECC+AES-256,5000,5,626,0.023499989765696228,0.1289999927394092,0.10429999383632094,True,4217.829642533986
ECC+AES-256,5000,5,627,0.02269999822601676,0.12700000661425292,0.10399999155197293,True,4217.829642533986
ECC+AES-256,5000,5,628,0.02269999822601676,0.1277999981539324,0.10370000381954014,True,4217.829642533986
ECC+AES-256,5000,5,629,0.023600005079060793,0.12959999730810523,0.10469999688211828,True,4217.829642533986
ECC+AES-256,5000,5,630,0.022799998987466097,0.12870000500697643,0.1049999991664663,True,4217.829642533986
ECC+AES-256,5000,5,631,0.024900000425986946,0.21529999503400177,0.16119999054353684,True,4217.829642533986
ECC+AES-256,5000,5,632,0.06160000339150429,0.16930000856518745,0.11389999417588115,True,4217.829642533986
ECC+AES-256,5000,5,633,0.025999994250014424,0.13359999866224825,0.10789999214466661,True,4217.829642533986
ECC+AES-256,5000,5,634,0.023899992811493576,0.12930000957567245,0.10579999070614576,True,4217.829642533986
ECC+AES-256,5000,5,635,0.023599990527145565,0.1286000042455271,0.10540000221226364,True,4217.829642533986
ECC+AES-256,5000,5,636,0.023800006601959467,0.1264000020455569,0.1044000091496855,True,4217.829642533986
ECC+AES-256,5000,5,637,0.024299995857290924,0.1345999917248264,0.10390000534243882,True,4217.829642533986
ECC+AES-256,5000,5,638,0.023299988242797554,0.12710000737570226,0.10429999383632094,True,4217.829642533986
ECC+AES-256,5000,5,639,0.023100001271814108,0.12739999510813504,0.10450000991113484,True,4217.829642533986
ECC+AES-256,5000,5,640,0.022599997464567423,0.12669998977798969,0.10380000458098948,True,4217.829642533986
ECC+AES-256,5000,5,641,0.022799998987466097,0.1264000020455569,0.10420000762678683,True,4217.829642533986
ECC+AES-256,5000,5,642,0.022899999748915434,0.1272999943466857,0.10379999002907425,True,4217.829642533986
ECC+AES-256,5000,5,643,0.022899999748915434,0.1360000023851171,0.10390000534243882,True,4217.829642533986
ECC+AES-256,5000,5,644,0.023100001271814108,0.13559999933931977,0.1036000030580908,True,4217.829642533986
ECC+AES-256,5000,5,645,0.023300002794712782,0.1269000058528036,0.1033000007737428,True,4217.829642533986
ECC+AES-256,5000,5,646,0.02269999822601676,0.12710000737570226,0.10489999840501696,True,4217.829642533986
ECC+AES-256,5000,5,647,0.02269999822601676,0.1255999959539622,0.1033000007737428,True,4217.829642533986
ECC+AES-256,5000,5,648,0.022799998987466097,0.12630000128410757,0.10410000686533749,True,4217.829642533986
ECC+AES-256,5000,5,649,0.022799998987466097,0.13529999705497175,0.1049999991664663,True,4217.829642533986
ECC+AES-256,5000,5,650,0.023100001271814108,0.12739999510813504,0.10370000381954014,True,4217.829642533986
ECC+AES-256,5000,5,651,0.022899999748915434,0.12579999747686088,0.1033000007737428,True,4217.829642533986
ECC+AES-256,5000,5,652,0.022799998987466097,0.1252999936696142,0.10289999772794545,True,4217.829642533986
ECC+AES-256,5000,5,653,0.022799998987466097,0.1269999920623377,0.10420000762678683,True,4217.829642533986
ECC+AES-256,5000,5,654,0.022899999748915434,0.13040000339969993,0.10379999002907425,True,4217.829642533986
ECC+AES-256,5000,5,655,0.02269999822601676,0.12579999747686088,0.11359999189153314,True,4217.829642533986
ECC+AES-256,5000,5,656,0.02300000051036477,0.12700000661425292,0.10299999848939478,True,4217.829642533986
ECC+AES-256,5000,5,657,0.02300000051036477,0.12569999671541154,0.1033000007737428,True,4217.829642533986
ECC+AES-256,5000,5,658,0.022599997464567423,0.1269000058528036,0.10469999688211828,True,4217.829642533986
ECC+AES-256,5000,5,659,0.022799998987466097,0.12679999053943902,0.10370000381954014,True,4217.829642533986
ECC+AES-256,5000,5,660,0.022799998987466097,0.1269000058528036,0.10350000229664147,True,4217.829642533986
ECC+AES-256,5000,5,661,0.022799998987466097,0.12650000280700624,0.1134999911300838,True,4217.829642533986
ECC+AES-256,5000,5,662,0.023100001271814108,0.12719999358523637,0.10370000381954014,True,4217.829642533986
ECC+AES-256,5000,5,663,0.02269999822601676,0.1264000020455569,0.10299999848939478,True,4217.829642533986
ECC+AES-256,5000,5,664,0.02269999822601676,0.1260999997612089,0.10350000229664147,True,4217.829642533986
ECC+AES-256,5000,5,665,0.022599997464567423,0.12730000889860094,0.10370000381954014,True,4217.829642533986
ECC+AES-256,5000,5,666,0.022500011255033314,0.12700000661425292,0.1036000030580908,True,4217.829642533986
ECC+AES-256,5000,5,667,0.02269999822601676,0.13580000086221844,0.1041999930748716,True,4217.829642533986
ECC+AES-256,5000,5,668,0.02300000051036477,0.12650000280700624,0.10239999392069876,True,4217.829642533986
ECC+AES-256,5000,5,669,0.022499996703118086,0.1311999949393794,0.10370000381954014,True,4217.829642533986
ECC+AES-256,5000,5,670,0.022799998987466097,0.12630000128410757,0.10340000153519213,True,4217.829642533986
ECC+AES-256,5000,5,671,0.022599997464567423,0.1255999959539622,0.1033000007737428,True,4217.829642533986
ECC+AES-256,5000,5,672,0.022599997464567423,0.12769999739248306,0.10409999231342226,True,4217.829642533986
ECC+AES-256,5000,5,673,0.022799998987466097,0.13479999324772507,0.10469999688211828,True,4217.829642533986
ECC+AES-256,5000,5,674,0.022899999748915434,0.12700000661425292,0.10369998926762491,True,4217.829642533986
ECC+AES-256,5000,5,675,0.02269999822601676,0.12620000052265823,0.10379999002907425,True,4217.829642533986
ECC+AES-256,5000,5,676,0.022599997464567423,0.1269999920623377,0.10370000381954014,True,4217.829642533986
ECC+AES-256,5000,5,677,0.02309998671989888,0.12740000966005027,0.10320000001229346,True,4217.829642533986
ECC+AES-256,5000,5,678,0.022799998987466097,0.1272999943466857,0.18780000391416252,True,4217.829642533986
ECC+AES-256,5000,5,679,0.025999994250014424,0.14709999959450215,0.10730000212788582,True,4217.829642533986
ECC+AES-256,5000,5,680,0.0236999912885949,0.13830000534653664,0.10459999612066895,True,4217.829642533986
ECC+AES-256,5000,5,681,0.022799998987466097,0.1272999943466857,0.10459999612066895,True,4217.829642533986
ECC+AES-256,5000,5,682,0.022799998987466097,0.1269999920623377,0.1044000091496855,True,4217.829642533986
ECC+AES-256,5000,5,683,0.022899999748915434,0.12679999053943902,0.10340000153519213,True,4217.829642533986
ECC+AES-256,5000,5,684,0.02269999822601676,0.12669998977798969,0.10299999848939478,True,4217.829642533986
ECC+AES-256,5000,5,685,0.02300000051036477,0.1360000023851171,0.10479999764356762,True,4217.829642533986
ECC+AES-256,5000,5,686,0.022899999748915434,0.12789999891538173,0.1036000030580908,True,4217.829642533986
ECC+AES-256,5000,5,687,0.022799998987466097,0.12670000432990491,0.10389999079052359,True,4217.829642533986
ECC+AES-256,5000,5,688,0.022700012777931988,0.12710000737570226,0.10399999155197293,True,4217.829642533986
ECC+AES-256,5000,5,689,0.022599997464567423,0.1269999920623377,0.10400000610388815,True,4217.829642533986
ECC+AES-256,5000,5,690,0.022400010493583977,0.1260999997612089,0.10370000381954014,True,4217.829642533986
ECC+AES-256,5000,5,691,0.02269999822601676,0.12589999823831022,0.11389999417588115,True,4217.829642533986
ECC+AES-256,5000,5,692,0.023100001271814108,0.13220000255387276,0.10380000458098948,True,4217.829642533986
ECC+AES-256,5000,5,693,0.022799998987466097,0.12770001194439828,0.10389999079052359,True,4217.829642533986
ECC+AES-256,5000,5,694,0.02269999822601676,0.12769999739248306,0.10370000381954014,True,4217.829642533986
ECC+AES-256,5000,5,695,0.02269999822601676,0.12630000128410757,0.10400000610388815,True,4217.829642533986
ECC+AES-256,5000,5,696,0.022599997464567423,0.12630000128410757,0.10409999231342226,True,4217.829642533986
ECC+AES-256,5000,5,697,0.022499996703118086,0.12620000052265823,0.1117999927373603,True,4217.829642533986
ECC+AES-256,5000,5,698,0.022599997464567423,0.1264000020455569,0.10359998850617558,True,4217.829642533986
ECC+AES-256,5000,5,699,0.022299995180219412,0.1238999975612387,0.1033000007737428,True,4217.829642533986
ECC+AES-256,5000,5,700,0.022599997464567423,0.1260999997612089,0.10320000001229346,True,4217.829642533986
ECC+AES-256,5000,5,701,0.02300000051036477,0.12650000280700624,0.10220000694971532,True,4217.829642533986
ECC+AES-256,5000,5,702,0.02239999594166875,0.12499999138526618,0.10240000847261399,True,4217.829642533986
ECC+AES-256,5000,5,703,0.022499996703118086,0.13309999485500157,0.10380000458098948,True,4217.829642533986
ECC+AES-256,5000,5,704,0.022899999748915434,0.12799999967683107,0.10420000762678683,True,4217.829642533986
ECC+AES-256,5000,5,705,0.02269999822601676,0.12630000128410757,0.10429999383632094,True,4217.829642533986
ECC+AES-256,5000,5,706,0.02260001201648265,0.1260999997612089,0.10410000686533749,True,4217.829642533986
ECC+AES-256,5000,5,707,0.022700012777931988,0.12670000432990491,0.1033000007737428,True,4217.829642533986
ECC+AES-256,5000,5,708,0.02239999594166875,0.12660000356845558,0.11470000026747584,True,4217.829642533986
ECC+AES-256,5000,5,709,0.023500004317611456,0.1277999981539324,0.10489999840501696,True,4217.829642533986
ECC+AES-256,5000,5,710,0.022599997464567423,0.12719999358523637,0.10469999688211828,True,4217.829642533986
ECC+AES-256,5000,5,711,0.022400010493583977,0.12630000128410757,0.10370000381954014,True,4217.829642533986
ECC+AES-256,5000,5,712,0.022700012777931988,0.12650000280700624,0.10350000229664147,True,4217.829642533986
ECC+AES-256,5000,5,713,0.022500011255033314,0.12700000661425292,0.10380000458098948,True,4217.829642533986
ECC+AES-256,5000,5,714,0.022599997464567423,0.12680000509135425,0.10389999079052359,True,4217.829642533986
ECC+AES-256,5000,5,715,0.02340000355616212,0.12889999197795987,0.10539998766034842,True,4217.829642533986
ECC+AES-256,5000,5,716,0.022899999748915434,0.12549999519251287,0.10320000001229346,True,4217.829642533986
ECC+AES-256,5000,5,717,0.022599997464567423,0.1260999997612089,0.1036000030580908,True,4217.829642533986
ECC+AES-256,5000,5,718,0.022599997464567423,0.1260999997612089,0.10369998926762491,True,4217.829642533986
ECC+AES-256,5000,5,719,0.022299995180219412,0.1250000059371814,0.10269999620504677,True,4217.829642533986
ECC+AES-256,5000,5,720,0.022499996703118086,0.1269000058528036,0.10320000001229346,True,4217.829642533986
ECC+AES-256,5000,5,721,0.022599997464567423,0.13349999790079892,0.1033000007737428,True,4217.829642533986
ECC+AES-256,5000,5,722,0.022700012777931988,0.1255000097444281,0.10340000153519213,True,4217.829642533986
ECC+AES-256,5000,5,723,0.022799998987466097,0.12599999899975955,0.10309999925084412,True,4217.829642533986
ECC+AES-256,5000,5,724,0.022500011255033314,0.12589999823831022,0.10260000999551266,True,4217.829642533986
ECC+AES-256,5000,5,725,0.022499996703118086,0.1255999959539622,0.10229999315924942,True,4217.829642533986
ECC+AES-256,5000,5,726,0.022500011255033314,0.12570001126732677,0.10269999620504677,True,4217.829642533986
ECC+AES-256,5000,5,727,0.060699996538460255,0.24259999918285757,0.11389999417588115,True,4217.829642533986
ECC+AES-256,5000,5,728,0.02580000727903098,0.13549999857787043,0.10770000517368317,True,4217.829642533986
ECC+AES-256,5000,5,729,0.02340000355616212,0.13159999798517674,0.10540000221226364,True,4217.829642533986
ECC+AES-256,5000,5,730,0.023300002794712782,0.12940001033712178,0.10489999840501696,True,4217.829642533986
ECC+AES-256,5000,5,731,0.023300002794712782,0.13000000035390258,0.11850000009872019,True,4217.829642533986
ECC+AES-256,5000,5,732,0.02409999433439225,0.12929999502375722,0.10460001067258418,True,4217.829642533986
ECC+AES-256,5000,5,733,0.023200002033263445,0.1281000004382804,0.10429999383632094,True,4217.829642533986
ECC+AES-256,5000,5,734,0.023100001271814108,0.12830000196117908,0.10509999992791563,True,4217.829642533986
ECC+AES-256,5000,5,735,0.02269999822601676,0.12820000119972974,0.10380000458098948,True,4217.829642533986
ECC+AES-256,5000,5,736,0.022599997464567423,0.1277999981539324,0.10370000381954014,True,4217.829642533986
ECC+AES-256,5000,5,737,0.022499996703118086,0.12799999967683107,0.15929999062791467,True,4217.829642533986
ECC+AES-256,5000,5,738,0.02479999966453761,0.13129999570082873,0.10590000601951033,True,4217.829642533986
ECC+AES-256,5000,5,739,0.022599997464567423,0.12830000196117908,0.10410000686533749,True,4217.829642533986
ECC+AES-256,5000,5,740,0.022499996703118086,0.12719999358523637,0.10350000229664147,True,4217.829642533986
ECC+AES-256,5000,5,741,0.02340000355616212,0.1289999927394092,0.10430000838823617,True,4217.829642533986
ECC+AES-256,5000,5,742,0.023200002033263445,0.12919999426230788,0.10450000991113484,True,4217.829642533986
ECC+AES-256,5000,5,743,0.02269999822601676,0.12879999121651053,0.11560000712051988,True,4217.829642533986
ECC+AES-256,5000,5,744,0.022899999748915434,0.12880000576842576,0.10459999612066895,True,4217.829642533986
ECC+AES-256,5000,5,745,0.02269999822601676,0.12700000661425292,0.10340000153519213,True,4217.829642533986
ECC+AES-256,5000,5,746,0.022599997464567423,0.12670000432990491,0.10299999848939478,True,4217.829642533986
ECC+AES-256,5000,5,747,0.022599997464567423,0.12689999130088836,0.10409999231342226,True,4217.829642533986
ECC+AES-256,5000,5,748,0.022599997464567423,0.12669998977798969,0.10400000610388815,True,4217.829642533986
ECC+AES-256,5000,5,749,0.02269999822601676,0.12799999967683107,0.1041999930748716,True,4217.829642533986
ECC+AES-256,5000,5,750,0.023299988242797554,0.12870000500697643,0.10390000534243882,True,4217.829642533986
ECC+AES-256,5000,5,751,0.02239999594166875,0.1281000004382804,0.10359998850617558,True,4217.829642533986
ECC+AES-256,5000,5,752,0.02239999594166875,0.12719999358523637,0.1036000030580908,True,4217.829642533986
ECC+AES-256,5000,5,753,0.022499996703118086,0.12769999739248306,0.1044000091496855,True,4217.829642533986
ECC+AES-256,5000,5,754,0.022499996703118086,0.12759999663103372,0.10400000610388815,True,4217.829642533986
ECC+AES-256,5000,5,755,0.02260001201648265,0.12700000661425292,0.10409999231342226,True,4217.829642533986
ECC+AES-256,5000,5,756,0.02920000406447798,0.1297999988310039,0.10320000001229346,True,4217.829642533986
ECC+AES-256,5000,5,757,0.022799998987466097,0.12719999358523637,0.10380000458098948,True,4217.829642533986
ECC+AES-256,5000,5,758,0.022899999748915434,0.12759999663103372,0.10320000001229346,True,4217.829642533986
ECC+AES-256,5000,5,759,0.02269999822601676,0.12820000119972974,0.10459999612066895,True,4217.829642533986
ECC+AES-256,5000,5,760,0.022499996703118086,0.12799999967683107,0.10409999231342226,True,4217.829642533986
ECC+AES-256,5000,5,761,0.02260001201648265,0.12850000348407775,0.10420000762678683,True,4217.829642533986
ECC+AES-256,5000,5,762,0.022899999748915434,0.15839999832678586,0.1033000007737428,True,4217.829642533986
ECC+AES-256,5000,5,763,0.02379999205004424,0.12939999578520656,0.1033999869832769,True,4217.829642533986
ECC+AES-256,5000,5,764,0.02260001201648265,0.1286000042455271,0.10459999612066895,True,4217.829642533986
ECC+AES-256,5000,5,765,0.023200002033263445,0.14409999130293727,0.10540000221226364,True,4217.829642533986
ECC+AES-256,5000,5,766,0.026699999580159783,0.13630000466946512,0.10489999840501696,True,4217.829642533986
ECC+AES-256,5000,5,767,0.022899999748915434,0.12830000196117908,0.10430000838823617,True,4217.829642533986
ECC+AES-256,5000,5,768,0.022899999748915434,0.1286000042455271,0.10529998689889908,True,4217.829642533986
ECC+AES-256,5000,5,769,0.022500011255033314,0.12850000348407775,0.10400000610388815,True,4217.829642533986
ECC+AES-256,5000,5,770,0.022799998987466097,0.12769999739248306,0.10289999772794545,True,4217.829642533986
ECC+AES-256,5000,5,771,0.022799998987466097,0.13619998935610056,0.1044000091496855,True,4217.829642533986
ECC+AES-256,5000,5,772,0.02340000355616212,0.12740000966005027,0.10399999155197293,True,4217.829642533986
ECC+AES-256,5000,5,773,0.022799998987466097,0.12759999663103372,0.1036000030580908,True,4217.829642533986
ECC+AES-256,5000,5,774,0.02260001201648265,0.15740000526420772,0.10829999519046396,True,4217.829642533986
ECC+AES-256,5000,5,775,0.04359999729786068,0.1762000028975308,0.11670000094454736,True,4217.829642533986
ECC+AES-256,5000,5,776,0.02610000956337899,0.1373000122839585,0.10880001354962587,True,4217.829642533986
ECC+AES-256,5000,5,777,0.0236999912885949,0.13100000796839595,0.10570000449661165,True,4217.829642533986
ECC+AES-256,5000,5,778,0.023100001271814108,0.12719999358523637,0.10420000762678683,True,4217.829642533986
ECC+AES-256,5000,5,779,0.022899999748915434,0.12740000966005027,0.11660000018309802,True,4217.829642533986
ECC+AES-256,5000,5,780,0.02370000584051013,0.12880000576842576,0.10459999612066895,True,4217.829642533986
ECC+AES-256,5000,5,781,0.022499996703118086,0.12620000052265823,0.10459999612066895,True,4217.829642533986
ECC+AES-256,5000,5,782,0.022899999748915434,0.1264000020455569,0.10320000001229346,True,4217.829642533986
ECC+AES-256,5000,5,783,0.023100001271814108,0.1277999981539324,0.10449999535921961,True,4217.829642533986
ECC+AES-256,5000,5,784,0.022899999748915434,0.12680000509135425,0.10399999155197293,True,4217.829642533986
ECC+AES-256,5000,5,785,0.022700012777931988,0.1264000020455569,0.10340000153519213,True,4217.829642533986
ECC+AES-256,5000,5,786,0.023499989765696228,0.1272999943466857,0.10259999544359744,True,4217.829642533986
ECC+AES-256,5000,5,787,0.022599997464567423,0.12660000356845558,0.10449999535921961,True,4217.829642533986
ECC+AES-256,5000,5,788,0.022599997464567423,0.12660000356845558,0.1033999869832769,True,4217.829642533986
ECC+AES-256,5000,5,789,0.02239999594166875,0.12530000822152942,0.10289999772794545,True,4217.829642533986
ECC+AES-256,5000,5,790,0.022599997464567423,0.12549999519251287,0.10309999925084412,True,4217.829642533986
ECC+AES-256,5000,5,791,0.022599997464567423,0.1252999936696142,0.10269999620504677,True,4217.829642533986
ECC+AES-256,5000,5,792,0.022599997464567423,0.13470000703819096,0.1041999930748716,True,4217.829642533986
ECC+AES-256,5000,5,793,0.022899999748915434,0.1272000081371516,0.10320000001229346,True,4217.829642533986
ECC+AES-256,5000,5,794,0.022599997464567423,0.12620000052265823,0.10269999620504677,True,4217.829642533986
ECC+AES-256,5000,5,795,0.022599997464567423,0.12660000356845558,0.1033000007737428,True,4217.829642533986
ECC+AES-256,5000,5,796,0.022499996703118086,0.12670000432990491,0.10570000449661165,True,4217.829642533986
ECC+AES-256,5000,5,797,0.02300000051036477,0.12760001118294895,0.10409999231342226,True,4217.829642533986
ECC+AES-256,5000,5,798,0.022799998987466097,0.12630000128410757,0.11419999646022916,True,4217.829642533986
ECC+AES-256,5000,5,799,0.022599997464567423,0.12620000052265823,0.10320000001229346,True,4217.829642533986
ECC+AES-256,5000,5,800,0.02239999594166875,0.12549999519251287,0.1033000007737428,True,4217.829642533986
ECC+AES-256,5000,5,801,0.02269999822601676,0.1264000020455569,0.10369998926762491,True,4217.829642533986
ECC+AES-256,5000,5,802,0.02269999822601676,0.12650000280700624,0.10379999002907425,True,4217.829642533986
ECC+AES-256,5000,5,803,0.022899999748915434,0.12709999282378703,0.10309999925084412,True,4217.829642533986
ECC+AES-256,5000,5,804,0.022899999748915434,0.12739999510813504,0.11389999417588115,True,4217.829642533986
ECC+AES-256,5000,5,805,0.023500004317611456,0.12769999739248306,0.10459999612066895,True,4217.829642533986
ECC+AES-256,5000,5,806,0.02300000051036477,0.12660000356845558,0.10370000381954014,True,4217.829642533986
ECC+AES-256,5000,5,807,0.02230000973213464,0.12570001126732677,0.1033000007737428,True,4217.829642533986
ECC+AES-256,5000,5,808,0.022899999748915434,0.1269000058528036,0.10420000762678683,True,4217.829642533986
ECC+AES-256,5000,5,809,0.022499996703118086,0.12660000356845558,0.10320000001229346,True,4217.829642533986
ECC+AES-256,5000,5,810,0.022599997464567423,0.12630000128410757,0.10309999925084412,True,4217.829642533986
ECC+AES-256,5000,5,811,0.022199994418770075,0.12280000373721123,0.10009999095927924,True,4217.829642533986
ECC+AES-256,5000,5,812,0.02200000744778663,0.12180001067463309,0.09989998943638057,True,4217.829642533986
ECC+AES-256,5000,5,813,0.021800005924887955,0.12159999459981918,0.10000000474974513,True,4217.829642533986
ECC+AES-256,5000,5,814,0.021799991372972727,0.12240000069141388,0.0999000039882958,True,4217.829642533986
ECC+AES-256,5000,5,815,0.021899992134422064,0.12309999146964401,0.10069999552797526,True,4217.829642533986
ECC+AES-256,5000,5,816,0.022199994418770075,0.12339999375399202,0.1002000062726438,True,4217.829642533986
ECC+AES-256,5000,5,817,0.02169999061152339,0.1303000026382506,0.10220000694971532,True,4217.829642533986
ECC+AES-256,5000,5,818,0.02230000973213464,0.12239998613949865,0.10010000551119447,True,4217.829642533986
ECC+AES-256,5000,5,819,0.022099993657320738,0.1221999991685152,0.10069999552797526,True,4217.829642533986
ECC+AES-256,5000,5,820,0.022400010493583977,0.12370001059025526,0.48380000225733966,True,4217.829642533986
ECC+AES-256,5000,5,821,0.05990000499878079,0.1863999932538718,0.11639999866019934,True,4217.829642533986
ECC+AES-256,5000,5,822,0.03130000550299883,0.13619998935610056,0.10509999992791563,True,4217.829642533986
ECC+AES-256,5000,5,823,0.022899999748915434,0.1264000020455569,0.10400000610388815,True,4217.829642533986
ECC+AES-256,5000,5,824,0.022299995180219412,0.12360000982880592,0.1016000023810193,True,4217.829642533986
ECC+AES-256,5000,5,825,0.022199994418770075,0.12349999451544136,0.11580000864341855,True,4217.829642533986
ECC+AES-256,5000,5,826,0.02340000355616212,0.12490000517573208,0.10059999476652592,True,4217.829642533986
ECC+AES-256,5000,5,827,0.022099993657320738,0.12260000221431255,0.10029999248217791,True,4217.829642533986
ECC+AES-256,5000,5,828,0.022499996703118086,0.13179999950807542,0.10069999552797526,True,4217.829642533986
ECC+AES-256,5000,5,829,0.02300000051036477,0.12409999908413738,0.10130000009667128,True,4217.829642533986
ECC+AES-256,5000,5,830,0.02269999822601676,0.12499999138526618,0.10060000931844115,True,4217.829642533986
ECC+AES-256,5000,5,831,0.02239999594166875,0.12330000754445791,0.09970000246539712,True,4217.829642533986
ECC+AES-256,5000,5,832,0.023300002794712782,0.12399999832268804,0.10039999324362725,True,4217.829642533986
ECC+AES-256,5000,5,833,0.022599997464567423,0.13549999857787043,0.10239999392069876,True,4217.829642533986
ECC+AES-256,5000,5,834,0.022400010493583977,0.12490000517573208,0.10049999400507659,True,4217.829642533986
ECC+AES-256,5000,5,835,0.021800005924887955,0.12159999459981918,0.1002000062726438,True,4217.829642533986
ECC+AES-256,5000,5,836,0.02239999594166875,0.12399999832268804,0.10069999552797526,True,4217.829642533986
ECC+AES-256,5000,5,837,0.02230000973213464,0.12350000906735659,0.10029999248217791,True,4217.829642533986
ECC+AES-256,5000,5,838,0.022099993657320738,0.1326000055996701,0.10189999011345208,True,4217.829642533986
ECC+AES-256,5000,5,839,0.022199994418770075,0.12369999603834003,0.10109999857377261,True,4217.829642533986
ECC+AES-256,5000,5,840,0.022100008209235966,0.12280000373721123,0.10150000161956996,True,4217.829642533986
ECC+AES-256,5000,5,841,0.022099993657320738,0.12290000449866056,0.10179998935200274,True,4217.829642533986
ECC+AES-256,5000,5,842,0.02160000440198928,0.12320000678300858,0.10099999781232327,True,4217.829642533986
ECC+AES-256,5000,5,843,0.021799991372972727,0.1238999975612387,0.10000000474974513,True,4217.829642533986
ECC+AES-256,5000,5,844,0.021799991372972727,0.12139999307692051,0.10940000356640667,True,4217.829642533986
ECC+AES-256,5000,5,845,0.022200008970685303,0.12339999375399202,0.10040000779554248,True,4217.829642533986
ECC+AES-256,5000,5,846,0.0219999928958714,0.1311999949393794,0.10050000855699182,True,4217.829642533986
ECC+AES-256,5000,5,847,0.02160000440198928,0.12290000449866056,0.10089999705087394,True,4217.829642533986
ECC+AES-256,5000,5,848,0.021800005924887955,0.12299999070819467,0.10040000779554248,True,4217.829642533986
ECC+AES-256,5000,5,849,0.02200000744778663,0.12309999146964401,0.10040000779554248,True,4217.829642533986
ECC+AES-256,5000,5,850,0.02200000744778663,0.12370001059025526,0.10069999552797526,True,4217.829642533986
ECC+AES-256,5000,5,851,0.0219999928958714,0.27150000096298754,0.18230000569019467,True,4217.829642533986
ECC+AES-256,5000,5,852,0.030800001695752144,0.1373999984934926,0.1053000014508143,True,4217.829642533986
ECC+AES-256,5000,5,853,0.02300000051036477,0.1255999959539622,0.10240000847261399,True,4217.829642533986
ECC+AES-256,5000,5,854,0.022400010493583977,0.1250000059371814,0.10180000390391797,True,4217.829642533986
ECC+AES-256,5000,5,855,0.02230000973213464,0.12399999832268804,0.10230000771116465,True,4217.829642533986
ECC+AES-256,5000,5,856,0.022499996703118086,0.13169999874662608,0.10350000229664147,True,4217.829642533986
ECC+AES-256,5000,5,857,0.022499996703118086,0.12439998681657016,0.10179998935200274,True,4217.829642533986
ECC+AES-256,5000,5,858,0.022599997464567423,0.12759999663103372,0.1007999962894246,True,4217.829642533986
ECC+AES-256,5000,5,859,0.022200008970685303,0.12419999984558672,0.10159998782910407,True,4217.829642533986
ECC+AES-256,5000,5,860,0.022099993657320738,0.12820000119972974,0.10150000161956996,True,4217.829642533986
ECC+AES-256,5000,5,861,0.02239999594166875,0.12320000678300858,0.10059999476652592,True,4217.829642533986
ECC+AES-256,5000,5,862,0.0219999928958714,0.12620000052265823,0.10879999899771065,True,4217.829642533986
ECC+AES-256,5000,5,863,0.022499996703118086,0.12579999747686088,0.10099999781232327,True,4217.829642533986
ECC+AES-256,5000,5,864,0.0219999928958714,0.1230000052601099,0.10039999324362725,True,4217.829642533986
ECC+AES-256,5000,5,865,0.022100008209235966,0.12340000830590725,0.1007999962894246,True,4217.829642533986
ECC+AES-256,5000,5,866,0.022099993657320738,0.12349999451544136,0.10180000390391797,True,4217.829642533986
ECC+AES-256,5000,5,867,0.022200008970685303,0.14910000027157366,0.12490000517573208,True,4217.829642533986
ECC+AES-256,5000,5,868,0.02890000178012997,0.13970000145491213,0.10550000297371298,True,4217.829642533986
ECC+AES-256,5000,5,869,0.023100001271814108,0.1260999997612089,0.10199999087490141,True,4217.829642533986
ECC+AES-256,5000,5,870,0.03959999594371766,0.17079999088309705,0.11489998723845929,True,4217.829642533986
ECC+AES-256,5000,5,871,0.02479999966453761,0.13169999874662608,0.10549998842179775,True,4217.829642533986
ECC+AES-256,5000,5,872,0.022899999748915434,0.13519999629352242,0.10609999299049377,True,4217.829642533986
ECC+AES-256,5000,5,873,0.022799998987466097,0.12379999679978937,0.1016000023810193,True,4217.829642533986
ECC+AES-256,5000,5,874,0.022199994418770075,0.12310000602155924,0.1019000046653673,True,4217.829642533986
ECC+AES-256,5000,5,875,0.02200000744778663,0.12270000297576189,0.11079999967478216,True,4217.829642533986
ECC+AES-256,5000,5,876,0.022599997464567423,0.1238999975612387,0.10180000390391797,True,4217.829642533986
ECC+AES-256,5000,5,877,0.022099993657320738,0.1230000052601099,0.10069999552797526,True,4217.829642533986
ECC+AES-256,5000,5,878,0.021799991372972727,0.1230000052601099,0.10740000288933516,True,4217.829642533986
ECC+AES-256,5000,5,879,0.022099993657320738,0.1238999975612387,0.10089999705087394,True,4217.829642533986
ECC+AES-256,5000,5,880,0.022099993657320738,0.1221999991685152,0.1007999962894246,True,4217.829642533986
ECC+AES-256,5000,5,881,0.02200000744778663,0.12339999375399202,0.10049999400507659,True,4217.829642533986
ECC+AES-256,5000,5,882,0.022500011255033314,0.13349999790079892,0.1066999975591898,True,4217.829642533986
ECC+AES-256,5000,5,883,0.022099993657320738,0.12229999992996454,0.10109999857377261,True,4217.829642533986
ECC+AES-256,5000,5,884,0.022599997464567423,0.12450000212993473,0.10099999781232327,True,4217.829642533986
ECC+AES-256,5000,5,885,0.02720000338740647,0.12569999671541154,0.10130000009667128,True,4217.829642533986
ECC+AES-256,5000,5,886,0.022599997464567423,0.1247000036528334,0.10170000314246863,True,4217.829642533986
ECC+AES-256,5000,5,887,0.022099993657320738,0.12320000678300858,0.10140000085812062,True,4217.829642533986
ECC+AES-256,5000,5,888,0.021900006686337292,0.1297000126214698,0.10279999696649611,True,4217.829642533986
ECC+AES-256,5000,5,889,0.02230000973213464,0.1238999975612387,0.10089999705087394,True,4217.829642533986
ECC+AES-256,5000,5,890,0.022099993657320738,0.12340000830590725,0.10089999705087394,True,4217.829642533986
ECC+AES-256,5000,5,891,0.022099993657320738,0.1286000042455271,0.102700010756962,True,4217.829642533986
ECC+AES-256,5000,5,892,0.022400010493583977,0.12620000052265823,0.10040000779554248,True,4217.829642533986
ECC+AES-256,5000,5,893,0.021799991372972727,0.12430000060703605,0.10140000085812062,True,4217.829642533986
ECC+AES-256,5000,5,894,0.022200008970685303,0.12409999908413738,0.119399992399849,True,4217.829642533986
ECC+AES-256,5000,5,895,0.029100003303028643,0.13660000695381314,0.10269999620504677,True,4217.829642533986
ECC+AES-256,5000,5,896,0.022499996703118086,0.12320000678300858,0.10029999248217791,True,4217.829642533986
ECC+AES-256,5000,5,897,0.02200000744778663,0.12450000212993473,0.10170000314246863,True,4217.829642533986
ECC+AES-256,5000,5,898,0.023100001271814108,0.12489999062381685,0.10119999933522195,True,4217.829642533986
ECC+AES-256,5000,5,899,0.022499996703118086,0.1238999975612387,0.10010000551119447,True,4217.829642533986
ECC+AES-256,5000,5,900,0.022099993657320738,0.1218999968841672,0.10039999324362725,True,4217.829642533986
ECC+AES-256,5000,5,901,0.027099988074041903,0.17320000915788114,0.2886000002035871,True,4217.829642533986
ECC+AES-256,5000,5,902,0.038999991375021636,0.15999999595806003,0.1092999882530421,True,4217.829642533986
ECC+AES-256,5000,5,903,0.023900007363408804,0.12910000805277377,0.10369998926762491,True,4217.829642533986
ECC+AES-256,5000,5,904,0.02300000051036477,0.12569999671541154,0.10180000390391797,True,4217.829642533986
ECC+AES-256,5000,5,905,0.022499996703118086,0.12399999832268804,0.10130000009667128,True,4217.829642533986
ECC+AES-256,5000,5,906,0.022400010493583977,0.12320000678300858,0.115999995614402,True,4217.829642533986
ECC+AES-256,5000,5,907,0.02300000051036477,0.12430000060703605,0.10090001160278916,True,4217.829642533986
ECC+AES-256,5000,5,908,0.02230000973213464,0.12399999832268804,0.10119999933522195,True,4217.829642533986
ECC+AES-256,5000,5,909,0.022400010493583977,0.12379999679978937,0.10109999857377261,True,4217.829642533986
ECC+AES-256,5000,5,910,0.02230000973213464,0.1230000052601099,0.10030000703409314,True,4217.829642533986
ECC+AES-256,5000,5,911,0.022199994418770075,0.12229999992996454,0.10069999552797526,True,4217.829642533986
ECC+AES-256,5000,5,912,0.022099993657320738,0.12310000602155924,0.10159998782910407,True,4217.829642533986
ECC+AES-256,5000,5,913,0.02300000051036477,0.12440000136848539,0.10130000009667128,True,4217.829642533986
ECC+AES-256,5000,5,914,0.022599997464567423,0.16969999705906957,0.10520000068936497,True,4217.829642533986
ECC+AES-256,5000,5,915,0.025699991965666413,0.12630000128410757,0.10170000314246863,True,4217.829642533986
ECC+AES-256,5000,5,916,0.02269999822601676,0.12379999679978937,0.10119999933522195,True,4217.829642533986
ECC+AES-256,5000,5,917,0.02309998671989888,0.12370001059025526,0.10039999324362725,True,4217.829642533986
ECC+AES-256,5000,5,918,0.022200008970685303,0.12330000754445791,0.10039999324362725,True,4217.829642533986
ECC+AES-256,5000,5,919,0.02260001201648265,0.1334000116912648,0.10069999552797526,True,4217.829642533986
ECC+AES-256,5000,5,920,0.021899992134422064,0.12169999536126852,0.10070001007989049,True,4217.829642533986
ECC+AES-256,5000,5,921,0.0219999928958714,0.12290000449866056,0.10089999705087394,True,4217.829642533986
ECC+AES-256,5000,5,922,0.021900006686337292,0.12310000602155924,0.10099999781232327,True,4217.829642533986
ECC+AES-256,5000,5,923,0.02160000440198928,0.1230000052601099,0.10119999933522195,True,4217.829642533986
ECC+AES-256,5000,5,924,0.022099993657320738,0.12969999806955457,0.10119999933522195,True,4217.829642533986
ECC+AES-256,5000,5,925,0.022299995180219412,0.12339999375399202,0.10550000297371298,True,4217.829642533986
ECC+AES-256,5000,5,926,0.0219999928958714,0.12329999299254268,0.10070001007989049,True,4217.829642533986
ECC+AES-256,5000,5,927,0.0219999928958714,0.12270000297576189,0.10029999248217791,True,4217.829642533986
ECC+AES-256,5000,5,928,0.0219999928958714,0.12399999832268804,0.10089999705087394,True,4217.829642533986
ECC+AES-256,5000,5,929,0.022200008970685303,0.12329999299254268,0.10069999552797526,True,4217.829642533986
ECC+AES-256,5000,5,930,0.021900006686337292,0.12340000830590725,0.0999000039882958,True,4217.829642533986
ECC+AES-256,5000,5,931,0.02239999594166875,0.12719999358523637,0.10119999933522195,True,4217.829642533986
ECC+AES-256,5000,5,932,0.02269999822601676,0.1252999936696142,0.10119999933522195,True,4217.829642533986
ECC+AES-256,5000,5,933,0.0219999928958714,0.12379999679978937,0.10099999781232327,True,4217.829642533986
ECC+AES-256,5000,5,934,0.021900006686337292,0.12430000060703605,0.1007999962894246,True,4217.829642533986
ECC+AES-256,5000,5,935,0.0219999928958714,0.12270000297576189,0.10069999552797526,True,4217.829642533986
ECC+AES-256,5000,5,936,0.02200000744778663,0.12260000221431255,0.10080001084133983,True,4217.829642533986
ECC+AES-256,5000,5,937,0.022100008209235966,0.1221999991685152,0.09950000094249845,True,4217.829642533986
ECC+AES-256,5000,5,938,0.022100008209235966,0.1303999888477847,0.1016000023810193,True,4217.829642533986
ECC+AES-256,5000,5,939,0.022299995180219412,0.13270000636111945,0.10059999476652592,True,4217.829642533986
ECC+AES-256,5000,5,940,0.021800005924887955,0.1221999991685152,0.10010000551119447,True,4217.829642533986
ECC+AES-256,5000,5,941,0.021900006686337292,0.12160000915173441,0.0999999901978299,True,4217.829642533986
ECC+AES-256,5000,5,942,0.021700005163438618,0.12350000906735659,0.10089999705087394,True,4217.829642533986
ECC+AES-256,5000,5,943,0.021800005924887955,0.12250000145286322,0.10089999705087394,True,4217.829642533986
ECC+AES-256,5000,5,944,0.022200008970685303,0.12310000602155924,0.10970000585075468,True,4217.829642533986
ECC+AES-256,5000,5,945,0.022199994418770075,0.12319999223109335,0.10070001007989049,True,4217.829642533986
ECC+AES-256,5000,5,946,0.021700005163438618,0.12270000297576189,0.10099999781232327,True,4217.829642533986
ECC+AES-256,5000,5,947,0.02169999061152339,0.12260000221431255,0.10050000855699182,True,4217.829642533986
ECC+AES-256,5000,5,948,0.022199994418770075,0.12209999840706587,0.10030000703409314,True,4217.829642533986
ECC+AES-256,5000,5,949,0.021800005924887955,0.12249998690094799,0.09969998791348189,True,4217.829642533986
ECC+AES-256,5000,5,950,0.021899992134422064,0.12299999070819467,0.10039999324362725,True,4217.829642533986
ECC+AES-256,5000,5,951,0.02200000744778663,0.13020000187680125,0.10070001007989049,True,4217.829642533986
ECC+AES-256,5000,5,952,0.0354999938281253,0.15360000543296337,0.10649999603629112,True,4217.829642533986
ECC+AES-256,5000,5,953,0.04030000127386302,0.18239999189972878,0.11530000483617187,True,4217.829642533986
ECC+AES-256,5000,5,954,0.029000002541579306,0.14099999680183828,0.10649999603629112,True,4217.829642533986
ECC+AES-256,5000,5,955,0.027399990358389914,0.13509999553207308,0.10380000458098948,True,4217.829642533986
ECC+AES-256,5000,5,956,0.04089999129064381,0.16850000247359276,0.1145999995060265,True,4217.829642533986
ECC+AES-256,5000,5,957,0.09580000187270343,0.42279998888261616,0.14259999443311244,True,4217.829642533986
ECC+AES-256,5000,5,958,0.026699999580159783,0.13639999087899923,0.10750000365078449,True,4217.829642533986
ECC+AES-256,5000,5,959,0.02340000355616212,0.12850000348407775,0.10359998850617558,True,4217.829642533986
ECC+AES-256,5000,5,960,0.022599997464567423,0.1252999936696142,0.10259999544359744,True,4217.829642533986
ECC+AES-256,5000,5,961,0.022799998987466097,0.12399999832268804,0.1007999962894246,True,4217.829642533986
ECC+AES-256,5000,5,962,0.022599997464567423,0.1238999975612387,0.10560000373516232,True,4217.829642533986
ECC+AES-256,5000,5,963,0.023300002794712782,0.1235999952768907,0.1010000123642385,True,4217.829642533986
ECC+AES-256,5000,5,964,0.02269999822601676,0.12509999214671552,0.10170000314246863,True,4217.829642533986
ECC+AES-256,5000,5,965,0.02230000973213464,0.12419999984558672,0.10060000931844115,True,4217.829642533986
ECC+AES-256,5000,5,966,0.022199994418770075,0.12289998994674534,0.10050000855699182,True,4217.829642533986
ECC+AES-256,5000,5,967,0.022299995180219412,0.12229999992996454,0.10019999172072858,True,4217.829642533986
ECC+AES-256,5000,5,968,0.022599997464567423,0.12320000678300858,0.1007999962894246,True,4217.829642533986
ECC+AES-256,5000,5,969,0.02300000051036477,0.12519999290816486,0.10139998630620539,True,4217.829642533986
ECC+AES-256,5000,5,970,0.022299995180219412,0.12349999451544136,0.10089999705087394,True,4217.829642533986
ECC+AES-256,5000,5,971,0.0219999928958714,0.12270000297576189,0.10019999172072858,True,4217.829642533986
ECC+AES-256,5000,5,972,0.02239999594166875,0.1221999991685152,0.1016000023810193,True,4217.829642533986
ECC+AES-256,5000,5,973,0.022299995180219412,0.12440000136848539,0.10099999781232327,True,4217.829642533986
ECC+AES-256,5000,5,974,0.023200002033263445,0.12549999519251287,0.10220000694971532,True,4217.829642533986
ECC+AES-256,5000,5,975,0.022499996703118086,0.1328000071225688,0.10239999392069876,True,4217.829642533986
ECC+AES-256,5000,5,976,0.02260001201648265,0.1238000113517046,0.10140000085812062,True,4217.829642533986
ECC+AES-256,5000,5,977,0.022200008970685303,0.12309999146964401,0.10119999933522195,True,4217.829642533986
ECC+AES-256,5000,5,978,0.02230000973213464,0.12320000678300858,0.10119999933522195,True,4217.829642533986
ECC+AES-256,5000,5,979,0.02230000973213464,0.12370001059025526,0.1007999962894246,True,4217.829642533986
ECC+AES-256,5000,5,980,0.022100008209235966,0.12320000678300858,0.10069999552797526,True,4217.829642533986
ECC+AES-256,5000,5,981,0.02230000973213464,0.13410000246949494,0.11110000195913017,True,4217.829642533986
ECC+AES-256,5000,5,982,0.022499996703118086,0.12329999299254268,0.1010000123642385,True,4217.829642533986
ECC+AES-256,5000,5,983,0.022099993657320738,0.12369999603834003,0.10119999933522195,True,4217.829642533986
ECC+AES-256,5000,5,984,0.021899992134422064,0.12240000069141388,0.10069999552797526,True,4217.829642533986
ECC+AES-256,5000,5,985,0.022099993657320738,0.12329999299254268,0.1002000062726438,True,4217.829642533986
ECC+AES-256,5000,5,986,0.022100008209235966,0.12340000830590725,0.10119999933522195,True,4217.829642533986
ECC+AES-256,5000,5,987,0.02200000744778663,0.12370001059025526,0.1007999962894246,True,4217.829642533986
ECC+AES-256,5000,5,988,0.024600012693554163,0.13040000339969993,0.10259999544359744,True,4217.829642533986
ECC+AES-256,5000,5,989,0.022799998987466097,0.12479998986236751,0.10180000390391797,True,4217.829642533986
ECC+AES-256,5000,5,990,0.022799998987466097,0.12409999908413738,0.10140000085812062,True,4217.829642533986
ECC+AES-256,5000,5,991,0.022299995180219412,0.12399999832268804,0.10140000085812062,True,4217.829642533986
ECC+AES-256,5000,5,992,0.022299995180219412,0.12409999908413738,0.13020000187680125,True,4217.829642533986
ECC+AES-256,5000,5,993,0.033899996196851134,0.1627000019652769,0.11959999392274767,True,4217.829642533986
ECC+AES-256,5000,5,994,0.03360000846441835,0.1562000106787309,0.10529998689889908,True,4217.829642533986
ECC+AES-256,5000,5,995,0.030199997127056122,0.1370999962091446,0.10289999772794545,True,4217.829642533986
ECC+AES-256,5000,5,996,0.02300000051036477,0.12450000212993473,0.10170000314246863,True,4217.829642533986
ECC+AES-256,5000,5,997,0.02300000051036477,0.12579999747686088,0.10200000542681664,True,4217.829642533986
ECC+AES-256,5000,5,998,0.02239999594166875,0.12409999908413738,0.10130000009667128,True,4217.829642533986
ECC+AES-256,5000,5,999,0.022499996703118086,0.12260000221431255,0.09980000322684646,True,4217.829642533986
ECC+AES-256,5000,5,1000,0.02230000973213464,0.17270000535063446,0.10520000068936497,True,4217.829642533986
ECC+AES-256,5000,5,1001,0.024599998141638935,0.12480000441428274,0.10099999781232327,True,4217.829642533986
ECC+AES-256,5000,5,1002,0.022799998987466097,0.12339999375399202,0.10080001084133983,True,4217.829642533986
ECC+AES-256,5000,5,1003,0.022499996703118086,0.12379999679978937,0.10030000703409314,True,4217.829642533986
ECC+AES-256,5000,5,1004,0.022500011255033314,0.12320000678300858,0.10009999095927924,True,4217.829642533986
ECC+AES-256,5000,5,1005,0.022299995180219412,0.12229999992996454,0.10010000551119447,True,4217.829642533986
ECC+AES-256,5000,5,1006,0.022299995180219412,0.12290000449866056,0.11249999806750566,True,4217.829642533986
ECC+AES-256,5000,5,1007,0.023100001271814108,0.12250000145286322,0.1002000062726438,True,4217.829642533986
ECC+AES-256,5000,5,1008,0.02239999594166875,0.12229999992996454,0.10090001160278916,True,4217.829642533986
ECC+AES-256,5000,5,1009,0.02269999822601676,0.12339999375399202,0.10089999705087394,True,4217.829642533986
ECC+AES-256,5000,5,1010,0.022299995180219412,0.1218999968841672,0.10030000703409314,True,4217.829642533986
ECC+AES-256,5000,5,1011,0.023300002794712782,0.1235999952768907,0.10000000474974513,True,4217.829642533986
ECC+AES-256,5000,5,1012,0.02239999594166875,0.12209999840706587,0.09980000322684646,True,4217.829642533986
ECC+AES-256,5000,5,1013,0.029100003303028643,0.1264000020455569,0.10170000314246863,True,4217.829642533986
ECC+AES-256,5000,5,1014,0.022499996703118086,0.12450000212993473,0.10089999705087394,True,4217.829642533986
ECC+AES-256,5000,5,1015,0.022200008970685303,0.12240000069141388,0.09969998791348189,True,4217.829642533986
ECC+AES-256,5000,5,1016,0.022199994418770075,0.1235999952768907,0.10029999248217791,True,4217.829642533986
ECC+AES-256,5000,5,1017,0.02200000744778663,0.12309999146964401,0.1002000062726438,True,4217.829642533986
ECC+AES-256,5000,5,1018,0.02239999594166875,0.12299999070819467,0.09989998943638057,True,4217.829642533986
ECC+AES-256,5000,5,1019,0.022099993657320738,0.13040000339969993,0.10459999612066895,True,4217.829642533986
ECC+AES-256,5000,5,1020,0.023100001271814108,0.12419999984558672,0.1002000062726438,True,4217.829642533986
ECC+AES-256,5000,5,1021,0.022099993657320738,0.12340000830590725,0.10039999324362725,True,4217.829642533986
ECC+AES-256,5000,5,1022,0.022299995180219412,0.12290000449866056,0.10069999552797526,True,4217.829642533986
ECC+AES-256,5000,5,1023,0.022199994418770075,0.12349999451544136,0.10060000931844115,True,4217.829642533986
ECC+AES-256,5000,5,1024,0.022499996703118086,0.12330000754445791,0.10099999781232327,True,4217.829642533986
ECC+AES-256,5000,5,1025,0.022299995180219412,0.1218999968841672,0.10070001007989049,True,4217.829642533986
ECC+AES-256,5000,5,1026,0.023200002033263445,0.12569999671541154,0.10070001007989049,True,4217.829642533986
ECC+AES-256,5000,5,1027,0.022199994418770075,0.12260000221431255,0.10039999324362725,True,4217.829642533986
ECC+AES-256,5000,5,1028,0.022199994418770075,0.1269000058528036,0.10029999248217791,True,4217.829642533986
ECC+AES-256,5000,5,1029,0.02239999594166875,0.12320000678300858,0.10099999781232327,True,4217.829642533986
ECC+AES-256,5000,5,1030,0.022199994418770075,0.12260000221431255,0.10109999857377261,True,4217.829642533986
ECC+AES-256,5000,5,1031,0.02239999594166875,0.12209999840706587,0.10019999172072858,True,4217.829642533986
ECC+AES-256,5000,5,1032,0.02239999594166875,0.1309000072069466,0.10049999400507659,True,4217.829642533986
ECC+AES-256,5000,5,1033,0.023100001271814108,0.1235999952768907,0.10080001084133983,True,4217.829642533986
ECC+AES-256,5000,5,1034,0.022499996703118086,0.12319999223109335,0.10060000931844115,True,4217.829642533986
ECC+AES-256,5000,5,1035,0.02239999594166875,0.1230000052601099,0.10099999781232327,True,4217.829642533986
ECC+AES-256,5000,5,1036,0.02239999594166875,0.12330000754445791,0.1007999962894246,True,4217.829642533986
ECC+AES-256,5000,5,1037,0.022500011255033314,0.12360000982880592,0.10059999476652592,True,4217.829642533986
ECC+AES-256,5000,5,1038,0.022599997464567423,0.12260000221431255,0.5516999954124913,True,4217.829642533986
ECC+AES-256,5000,5,1039,0.0447999918833375,0.17499999376013875,0.112900001113303,True,4217.829642533986
ECC+AES-256,5000,5,1040,0.027600006433203816,0.13249999028630555,0.10380000458098948,True,4217.829642533986
ECC+AES-256,5000,5,1041,0.025000001187436283,0.12630000128410757,0.1019000046653673,True,4217.829642533986
ECC+AES-256,5000,5,1042,0.02439999661874026,0.12490000517573208,0.10109999857377261,True,4217.829642533986
ECC+AES-256,5000,5,1043,0.024299995857290924,0.12340000830590725,0.1007999962894246,True,4217.829642533986
ECC+AES-256,5000,5,1044,0.0340000115102157,0.12670000432990491,0.10130000009667128,True,4217.829642533986
ECC+AES-256,5000,5,1045,0.024200009647756815,0.12400001287460327,0.10130000009667128,True,4217.829642533986
ECC+AES-256,5000,5,1046,0.024200009647756815,0.12460000289138407,0.10080001084133983,True,4217.829642533986
ECC+AES-256,5000,5,1047,0.02409999433439225,0.12309999146964401,0.10009999095927924,True,4217.829642533986
ECC+AES-256,5000,5,1048,0.02400000812485814,0.12320000678300858,0.10130000009667128,True,4217.829642533986
ECC+AES-256,5000,5,1049,0.024800014216452837,0.12430000060703605,0.0999000039882958,True,4217.829642533986
ECC+AES-256,5000,5,1050,0.02439999661874026,0.1320999872405082,0.10070001007989049,True,4217.829642533986
ECC+AES-256,5000,5,1051,0.02439999661874026,0.12379999679978937,0.10119999933522195,True,4217.829642533986
ECC+AES-256,5000,5,1052,0.023899992811493576,0.12450000212993473,0.09929999941959977,True,4217.829642533986
ECC+AES-256,5000,5,1053,0.023300002794712782,0.12260000221431255,0.10029999248217791,True,4217.829642533986
ECC+AES-256,5000,5,1054,0.023900007363408804,0.12309999146964401,0.10089999705087394,True,4217.829642533986
ECC+AES-256,5000,5,1055,0.023100001271814108,0.12270000297576189,0.10069999552797526,True,4217.829642533986
ECC+AES-256,5000,5,1056,0.023600005079060793,0.12190001143608242,0.10989999282173812,True,4217.829642533986
ECC+AES-256,5000,5,1057,0.023900007363408804,0.12229999992996454,0.09980000322684646,True,4217.829642533986
ECC+AES-256,5000,5,1058,0.023899992811493576,0.12430000060703605,0.10099999781232327,True,4217.829642533986
ECC+AES-256,5000,5,1059,0.028800001018680632,0.135600013891235,0.10210000618826598,True,4217.829642533986
ECC+AES-256,5000,5,1060,0.023899992811493576,0.12419999984558672,0.1007999962894246,True,4217.829642533986
ECC+AES-256,5000,5,1061,0.023200002033263445,0.1221999991685152,0.10030000703409314,True,4217.829642533986
ECC+AES-256,5000,5,1062,0.022899999748915434,0.12320000678300858,0.10010000551119447,True,4217.829642533986
ECC+AES-256,5000,5,1063,0.023600005079060793,0.12270000297576189,0.0999000039882958,True,4217.829642533986
ECC+AES-256,5000,5,1064,0.02269999822601676,0.13139999646227807,0.10170000314246863,True,4217.829642533986
ECC+AES-256,5000,5,1065,0.02340000355616212,0.12309999146964401,0.10180000390391797,True,4217.829642533986
ECC+AES-256,5000,5,1066,0.023100001271814108,0.12229999992996454,0.10130000009667128,True,4217.829642533986
ECC+AES-256,5000,5,1067,0.023100001271814108,0.12240000069141388,0.10009999095927924,True,4217.829642533986
ECC+AES-256,5000,5,1068,0.02340000355616212,0.12229999992996454,0.0990999978967011,True,4217.829642533986
ECC+AES-256,5000,5,1069,0.023100001271814108,0.12179999612271786,0.1002000062726438,True,4217.829642533986
ECC+AES-256,5000,5,1070,0.02340000355616212,0.12310000602155924,0.11209999502170831,True,4217.829642533986
ECC+AES-256,5000,5,1071,0.02379999205004424,0.12379999679978937,0.0999999901978299,True,4217.829642533986
ECC+AES-256,5000,5,1072,0.023499989765696228,0.12179999612271786,0.10009999095927924,True,4217.829642533986
ECC+AES-256,5000,5,1073,0.022899999748915434,0.1213000068673864,0.09929999941959977,True,4217.829642533986
ECC+AES-256,5000,5,1074,0.02340000355616212,0.12240000069141388,0.10030000703409314,True,4217.829642533986
ECC+AES-256,5000,5,1075,0.023599990527145565,0.1238999975612387,0.09989998943638057,True,4217.829642533986
ECC+AES-256,5000,5,1076,0.02300000051036477,0.13040000339969993,0.09980000322684646,True,4217.829642533986
ECC+AES-256,5000,5,1077,0.02300000051036477,0.13110000872984529,0.10049999400507659,True,4217.829642533986
ECC+AES-256,5000,5,1078,0.02409999433439225,0.1221999991685152,0.10010000551119447,True,4217.829642533986
ECC+AES-256,5000,5,1079,0.02300000051036477,0.12280000373721123,0.10060000931844115,True,4217.829642533986
ECC+AES-256,5000,5,1080,0.022899999748915434,0.12199999764561653,0.1007999962894246,True,4217.829642533986
ECC+AES-256,5000,5,1081,0.022799998987466097,0.12229999992996454,0.10070001007989049,True,4217.829642533986
ECC+AES-256,5000,5,1082,0.023100001271814108,0.12260000221431255,0.11049999739043415,True,4217.829642533986
ECC+AES-256,5000,5,1083,0.023900007363408804,0.12710000737570226,0.10010000551119447,True,4217.829642533986
ECC+AES-256,5000,5,1084,0.023300002794712782,0.1213000068673864,0.10029999248217791,True,4217.829642533986
ECC+AES-256,5000,5,1085,0.02269999822601676,0.1221999991685152,0.10099999781232327,True,4217.829642533986
ECC+AES-256,5000,5,1086,0.023500004317611456,0.12270000297576189,0.1007999962894246,True,4217.829642533986
ECC+AES-256,5000,5,1087,0.023599990527145565,0.1235999952768907,0.1007999962894246,True,4217.829642533986
ECC+AES-256,5000,5,1088,0.023100001271814108,0.12240000069141388,0.10170000314246863,True,4217.829642533986
ECC+AES-256,5000,5,1089,0.0295999925583601,0.1286000042455271,0.09950000094249845,True,4217.829642533986
ECC+AES-256,5000,5,1090,0.023999993572942913,0.1218999968841672,0.09920001321006566,True,4217.829642533986
ECC+AES-256,5000,5,1091,0.023200002033263445,0.12290000449866056,0.1007999962894246,True,4217.829642533986
ECC+AES-256,5000,5,1092,0.02300000051036477,0.12180001067463309,0.10049999400507659,True,4217.829642533986
ECC+AES-256,5000,5,1093,0.022899999748915434,0.12159999459981918,0.09980000322684646,True,4217.829642533986
ECC+AES-256,5000,5,1094,0.023200002033263445,0.12249998690094799,0.10049999400507659,True,4217.829642533986
ECC+AES-256,5000,5,1095,0.023100001271814108,0.12730000889860094,0.1044000091496855,True,4217.829642533986
ECC+AES-256,5000,5,1096,0.023100001271814108,0.12150000839028507,0.10019999172072858,True,4217.829642533986
ECC+AES-256,5000,5,1097,0.02239999594166875,0.1218999968841672,0.0999000039882958,True,4217.829642533986
ECC+AES-256,5000,5,1098,0.02340000355616212,0.12229999992996454,0.10029999248217791,True,4217.829642533986
ECC+AES-256,5000,5,1099,0.022899999748915434,0.12299999070819467,0.10030000703409314,True,4217.829642533986
ECC+AES-256,5000,5,1100,0.023500004317611456,0.12139999307692051,0.09949998639058322,True,4217.829642533986
ECC+AES-256,5000,5,1101,0.022899999748915434,0.12100000458303839,0.09980000322684646,True,4217.829642533986
ECC+AES-256,5000,5,1102,0.024100008886307478,0.12850000348407775,0.10030000703409314,True,4217.829642533986
ECC+AES-256,5000,5,1103,0.022599997464567423,0.12150000839028507,0.09879999561235309,True,4217.829642533986
ECC+AES-256,5000,5,1104,0.022799998987466097,0.1221999991685152,0.09970000246539712,True,4217.829642533986
ECC+AES-256,5000,5,1105,0.023200002033263445,0.12280000373721123,0.10010000551119447,True,4217.829642533986
ECC+AES-256,5000,5,1106,0.023200002033263445,0.12179999612271786,0.09950000094249845,True,4217.829642533986
ECC+AES-256,5000,5,1107,0.022799998987466097,0.12129999231547117,0.099300013971515,True,4217.829642533986
ECC+AES-256,5000,5,1108,0.022499996703118086,0.1297999988310039,0.10099999781232327,True,4217.829642533986
ECC+AES-256,5000,5,1109,0.023499989765696228,0.12169999536126852,0.0999999901978299,True,4217.829642533986
ECC+AES-256,5000,5,1110,0.02300000051036477,0.12150000839028507,0.09940000018104911,True,4217.829642533986
ECC+AES-256,5000,5,1111,0.022799998987466097,0.12209999840706587,0.10010000551119447,True,4217.829642533986
ECC+AES-256,5000,5,1112,0.022799998987466097,0.12159999459981918,0.10060000931844115,True,4217.829642533986
ECC+AES-256,5000,5,1113,0.02300000051036477,0.1221999991685152,0.10039999324362725,True,4217.829642533986
ECC+AES-256,5000,5,1114,0.023200002033263445,0.12169999536126852,0.10790000669658184,True,4217.829642533986
ECC+AES-256,5000,5,1115,0.023200002033263445,0.13059999037068337,0.10059999476652592,True,4217.829642533986
ECC+AES-256,5000,5,1116,0.023300002794712782,0.12270000297576189,0.10030000703409314,True,4217.829642533986
ECC+AES-256,5000,5,1117,0.022799998987466097,0.12270000297576189,0.10000000474974513,True,4217.829642533986
ECC+AES-256,5000,5,1118,0.022200008970685303,0.12199999764561653,0.10019999172072858,True,4217.829642533986
ECC+AES-256,5000,5,1119,0.021800005924887955,0.12250000145286322,0.09989998943638057,True,4217.829642533986
ECC+AES-256,5000,5,1120,0.02160000440198928,0.12200001219753176,0.10009999095927924,True,4217.829642533986
ECC+AES-256,5000,5,1121,0.02169999061152339,0.12930000957567245,0.10099999781232327,True,4217.829642533986
ECC+AES-256,5000,5,1122,0.022200008970685303,0.12309999146964401,0.1002000062726438,True,4217.829642533986
ECC+AES-256,5000,5,1123,0.021799991372972727,0.12240000069141388,0.09980000322684646,True,4217.829642533986
ECC+AES-256,5000,5,1124,0.02169999061152339,0.1218999968841672,0.10030000703409314,True,4217.829642533986
ECC+AES-256,5000,5,1125,0.021900006686337292,0.12259998766239733,0.0999999901978299,True,4217.829642533986
ECC+AES-256,5000,5,1126,0.021799991372972727,0.12169999536126852,0.0999000039882958,True,4217.829642533986
ECC+AES-256,5000,5,1127,0.021700005163438618,0.1230000052601099,0.10980000661220402,True,4217.829642533986
ECC+AES-256,5000,5,1128,0.022199994418770075,0.12919999426230788,0.10050000855699182,True,4217.829642533986
ECC+AES-256,5000,5,1129,0.021900006686337292,0.12250000145286322,0.10099999781232327,True,4217.829642533986
ECC+AES-256,5000,5,1130,0.021799991372972727,0.12229999992996454,0.1002000062726438,True,4217.829642533986
ECC+AES-256,5000,5,1131,0.021900006686337292,0.12299999070819467,0.10050000855699182,True,4217.829642533986
ECC+AES-256,5000,5,1132,0.022199994418770075,0.12310000602155924,0.0999000039882958,True,4217.829642533986
ECC+AES-256,5000,5,1133,0.021899992134422064,0.12199999764561653,0.1002000062726438,True,4217.829642533986
ECC+AES-256,5000,5,1134,0.027299989596940577,0.1247000036528334,0.10019999172072858,True,4217.829642533986
ECC+AES-256,5000,5,1135,0.022100008209235966,0.122799989185296,0.0999000039882958,True,4217.829642533986
ECC+AES-256,5000,5,1136,0.022200008970685303,0.12280000373721123,0.16710000636521727,True,4217.829642533986
ECC+AES-256,5000,5,1137,0.045599997974932194,0.1860999909695238,0.11680000170599669,True,4217.829642533986
ECC+AES-256,5000,5,1138,0.032199997804127634,0.14519999967887998,0.10760000441223383,True,4217.829642533986
ECC+AES-256,5000,5,1139,0.029300004825927317,0.13749999925494194,0.1041999930748716,True,4217.829642533986
ECC+AES-256,5000,5,1140,0.028399997972883284,0.13380000018514693,0.10309999925084412,True,4217.829642533986
ECC+AES-256,5000,5,1141,0.027799993404187262,0.13529999705497175,0.11029999586753547,True,4217.829642533986
ECC+AES-256,5000,5,1142,0.028599999495781958,0.16570001025684178,0.16419999883510172,True,4217.829642533986
ECC+AES-256,5000,5,1143,0.0433000095654279,0.36499999987427145,0.29399999766610563,True,4217.829642533986
ECC+AES-256,5000,5,1144,0.03239999932702631,0.1480999926570803,0.1112000027205795,True,4217.829642533986
ECC+AES-256,5000,5,1145,0.028599999495781958,0.13359999866224825,0.10289999772794545,True,4217.829642533986
ECC+AES-256,5000,5,1146,0.027599991881288588,0.13309999485500157,0.10269999620504677,True,4217.829642533986
ECC+AES-256,5000,5,1147,0.026900001103058457,0.1385000068694353,0.10479999764356762,True,4217.829642533986
ECC+AES-256,5000,5,1148,0.027999994927085936,0.13440000475384295,0.10400000610388815,True,4217.829642533986
ECC+AES-256,5000,5,1149,0.027000001864507794,0.13309999485500157,0.12579999747686088,True,4217.829642533986
ECC+AES-256,5000,5,1150,0.029400005587376654,0.13700000999961048,0.10340000153519213,True,4217.829642533986
ECC+AES-256,5000,5,1151,0.02780000795610249,0.13359999866224825,0.1036000030580908,True,4217.829642533986
ECC+AES-256,5000,5,1152,0.027399990358389914,0.13390000094659626,0.10269999620504677,True,4217.829642533986
ECC+AES-256,5000,5,1153,0.0278999941656366,0.14399999054148793,0.10240000847261399,True,4217.829642533986
ECC+AES-256,5000,5,1154,0.027000001864507794,0.13349999790079892,0.10279999696649611,True,4217.829642533986
ECC+AES-256,5000,5,1155,0.02680000034160912,0.1323999895248562,0.10299999848939478,True,4217.829642533986
ECC+AES-256,5000,5,1156,0.027400004910305142,0.1424999936716631,0.11039999662898481,True,4217.829642533986
ECC+AES-256,5000,5,1157,0.028599999495781958,0.1373000122839585,0.1041999930748716,True,4217.829642533986
ECC+AES-256,5000,5,1158,0.026299996534362435,0.13329999637790024,0.10400000610388815,True,4217.829642533986
ECC+AES-256,5000,5,1159,0.026900001103058457,0.13380000018514693,0.1033000007737428,True,4217.829642533986
ECC+AES-256,5000,5,1160,0.026300011086277664,0.1343000039923936,0.1033000007737428,True,4217.829642533986
ECC+AES-256,5000,5,1161,0.025900008040480316,0.13339999713934958,0.10289999772794545,True,4217.829642533986
ECC+AES-256,5000,5,1162,0.026300011086277664,0.14450000890064985,0.10580000525806099,True,4217.829642533986
ECC+AES-256,5000,5,1163,0.025600005756132305,0.1328000071225688,0.10269999620504677,True,4217.829642533986
ECC+AES-256,5000,5,1164,0.02610000956337899,0.1345000055152923,0.1024999946821481,True,4217.829642533986
ECC+AES-256,5000,5,1165,0.02649999805726111,0.13380000018514693,0.10289999772794545,True,4217.829642533986
ECC+AES-256,5000,5,1166,0.02609999501146376,0.13309999485500157,0.10279999696649611,True,4217.829642533986
ECC+AES-256,5000,5,1167,0.02570000651758164,0.13309999485500157,0.1016000023810193,True,4217.829642533986
ECC+AES-256,5000,5,1168,0.0261999957729131,0.13339999713934958,0.10230000771116465,True,4217.829642533986
ECC+AES-256,5000,5,1169,0.026699999580159783,0.1328000071225688,0.1500999933341518,True,4217.829642533986
ECC+AES-256,5000,5,1170,0.030199997127056122,0.14269999519456178,0.10529998689889908,True,4217.829642533986
ECC+AES-256,5000,5,1171,0.027999994927085936,0.13819999003317207,0.10340000153519213,True,4217.829642533986
ECC+AES-256,5000,5,1172,0.026900001103058457,0.13470000703819096,0.10489999840501696,True,4217.829642533986
ECC+AES-256,5000,5,1173,0.027300004148855805,0.13499999477062374,0.1033000007737428,True,4217.829642533986
ECC+AES-256,5000,5,1174,0.02649999805726111,0.13429998944047838,0.10380000458098948,True,4217.829642533986
ECC+AES-256,5000,5,1175,0.02610000956337899,0.15350000467151403,0.10679999832063913,True,4217.829642533986
ECC+AES-256,5000,5,1176,0.026599998818710446,0.1345000055152923,0.10769999062176794,True,4217.829642533986
ECC+AES-256,5000,5,1177,0.026900001103058457,0.1348000077996403,0.10289999772794545,True,4217.829642533986
ECC+AES-256,5000,5,1178,0.02649999805726111,0.13460000627674162,0.10259999544359744,True,4217.829642533986
ECC+AES-256,5000,5,1179,0.026599998818710446,0.14710001414641738,0.10410000686533749,True,4217.829642533986
ECC+AES-256,5000,5,1180,0.027399990358389914,0.13490000856108963,0.10380000458098948,True,4217.829642533986
ECC+AES-256,5000,5,1181,0.027300004148855805,0.13440000475384295,0.10389999079052359,True,4217.829642533986
ECC+AES-256,5000,5,1182,0.026699999580159783,0.13330001092981547,0.10200000542681664,True,4217.829642533986
ECC+AES-256,5000,5,1183,0.025899993488565087,0.1320000010309741,0.10259999544359744,True,4217.829642533986
ECC+AES-256,5000,5,1184,0.026299996534362435,0.13240000407677144,0.10320000001229346,True,4217.829642533986
ECC+AES-256,5000,5,1185,0.026399997295811772,0.13349999790079892,0.10259999544359744,True,4217.829642533986
ECC+AES-256,5000,5,1186,0.025900008040480316,0.13290000788401812,0.10409999231342226,True,4217.829642533986
ECC+AES-256,5000,5,1187,0.02579999272711575,0.14269999519456178,0.10469999688211828,True,4217.829642533986
ECC+AES-256,5000,5,1188,0.025900008040480316,0.13199998647905886,0.10280001151841134,True,4217.829642533986
ECC+AES-256,5000,5,1189,0.025600005756132305,0.14980000560171902,0.10469999688211828,True,4217.829642533986
ECC+AES-256,5000,5,1190,0.028000009479001164,0.1334000116912648,0.10239999392069876,True,4217.829642533986
ECC+AES-256,5000,5,1191,0.026000008801929653,0.13460000627674162,0.10279999696649611,True,4217.829642533986
ECC+AES-256,5000,5,1192,0.026399997295811772,0.13590000162366778,0.10379999002907425,True,4217.829642533986
ECC+AES-256,5000,5,1193,0.026299996534362435,0.13240000407677144,0.10259999544359744,True,4217.829642533986
ECC+AES-256,5000,5,1194,0.025899993488565087,0.13220000255387276,0.10289999772794545,True,4217.829642533986
ECC+AES-256,5000,5,1195,0.02580000727903098,0.13220000255387276,0.1033000007737428,True,4217.829642533986
ECC+AES-256,5000,5,1196,0.025999994250014424,0.1396000006934628,0.10240000847261399,True,4217.829642533986
ECC+AES-256,5000,5,1197,0.02610000956337899,0.13220000255387276,0.10140000085812062,True,4217.829642533986
ECC+AES-256,5000,5,1198,0.025999994250014424,0.13240000407677144,0.10139998630620539,True,4217.829642533986
ECC+AES-256,5000,5,1199,0.025500004994682968,0.1314999972237274,0.10209999163635075,True,4217.829642533986
ECC+AES-256,5000,5,1200,0.025600005756132305,0.13220000255387276,0.10170000314246863,True,4217.829642533986
ECC+AES-256,5000,5,1201,0.02540000423323363,0.13179999950807542,0.10180000390391797,True,4217.829642533986
ECC+AES-256,5000,5,1202,0.02549999044276774,0.1314999972237274,0.12510000669863075,True,4217.829642533986
ECC+AES-256,5000,5,1203,0.028600014047697186,0.13549999857787043,0.10340000153519213,True,4217.829642533986
ECC+AES-256,5000,5,1204,0.028300011763349175,0.1365000061923638,0.1041999930748716,True,4217.829642533986
ECC+AES-256,5000,5,1205,0.028000009479001164,0.14800000644754618,0.10820000898092985,True,4217.829642533986
ECC+AES-256,5000,5,1206,0.0261999957729131,0.13190000026952475,0.10200000542681664,True,4217.829642533986
ECC+AES-256,5000,5,1207,0.02609999501146376,0.13349999790079892,0.10210000618826598,True,4217.829642533986
ECC+AES-256,5000,5,1208,0.025999994250014424,0.13339999713934958,0.10229999315924942,True,4217.829642533986
ECC+AES-256,5000,5,1209,0.026000008801929653,0.1334000116912648,0.1024999946821481,True,4217.829642533986
ECC+AES-256,5000,5,1210,0.025900008040480316,0.1340999879175797,0.10370000381954014,True,4217.829642533986
ECC+AES-256,5000,5,1211,0.02680000034160912,0.1362999901175499,0.10320000001229346,True,4217.829642533986
ECC+AES-256,5000,5,1212,0.025899993488565087,0.1345000055152923,0.10320000001229346,True,4217.829642533986
ECC+AES-256,5000,5,1213,0.025999994250014424,0.13270000636111945,0.102700010756962,True,4217.829642533986
ECC+AES-256,5000,5,1214,0.025900008040480316,0.14430000737775117,0.10170000314246863,True,4217.829642533986
ECC+AES-256,5000,5,1215,0.02580000727903098,0.1326000055996701,0.1016000023810193,True,4217.829642533986
ECC+AES-256,5000,5,1216,0.025900008040480316,0.13320001016836613,0.10260000999551266,True,4217.829642533986
ECC+AES-256,5000,5,1217,0.026599998818710446,0.13449999096337706,0.10200000542681664,True,4217.829642533986
ECC+AES-256,5000,5,1218,0.02609999501146376,0.13309999485500157,0.10340000153519213,True,4217.829642533986
ECC+AES-256,5000,5,1219,0.0261999957729131,0.13339999713934958,0.10180000390391797,True,4217.829642533986
ECC+AES-256,5000,5,1220,0.02570000651758164,0.1320999872405082,0.10119999933522195,True,4217.829642533986
ECC+AES-256,5000,5,1221,0.025899993488565087,0.14489999739453197,0.11380000796634704,True,4217.829642533986
ECC+AES-256,5000,5,1222,0.029000002541579306,0.13689999468624592,0.10299999848939478,True,4217.829642533986
ECC+AES-256,5000,5,1223,0.02720000338740647,0.14540000120177865,0.10259999544359744,True,4217.829642533986
ECC+AES-256,5000,5,1224,0.027699992642737925,0.13519999629352242,0.1036000030580908,True,4217.829642533986
ECC+AES-256,5000,5,1225,0.0281000102404505,0.14000000373926014,0.10469999688211828,True,4217.829642533986
ECC+AES-256,5000,5,1226,0.02710000262595713,0.1353999978164211,0.10299999848939478,True,4217.829642533986
ECC+AES-256,5000,5,1227,0.026699999580159783,0.13359999866224825,0.11499998799990863,True,4217.829642533986
ECC+AES-256,5000,5,1228,0.027299989596940577,0.13549999857787043,0.10299999848939478,True,4217.829642533986
ECC+AES-256,5000,5,1229,0.03260000084992498,0.13329999637790024,0.10170000314246863,True,4217.829642533986
ECC+AES-256,5000,5,1230,0.028700000257231295,0.13679999392479658,0.10200000542681664,True,4217.829642533986
ECC+AES-256,5000,5,1231,0.027300004148855805,0.13389998639468104,0.102700010756962,True,4217.829642533986
ECC+AES-256,5000,5,1232,0.027400004910305142,0.1345999917248264,0.10200000542681664,True,4217.829642533986
ECC+AES-256,5000,5,1233,0.026999987312592566,0.13519999629352242,0.10290001227986068,True,4217.829642533986
ECC+AES-256,5000,5,1234,0.027300004148855805,0.13469999248627573,0.10320000001229346,True,4217.829642533986
ECC+AES-256,5000,5,1235,0.04199999966658652,0.16280000272672623,0.17600000137463212,True,4217.829642533986
ECC+AES-256,5000,5,1236,0.030399998649954796,0.14180000289343297,0.10550000297371298,True,4217.829642533986
ECC+AES-256,5000,5,1237,0.026400011847727,0.13549999857787043,0.1033000007737428,True,4217.829642533986
ECC+AES-256,5000,5,1238,0.02649999805726111,0.14139999984763563,0.10220000694971532,True,4217.829642533986
ECC+AES-256,5000,5,1239,0.026300011086277664,0.13440000475384295,0.10399999155197293,True,4217.829642533986
ECC+AES-256,5000,5,1240,0.02610000956337899,0.13540001236833632,0.1033000007737428,True,4217.829642533986
ECC+AES-256,5000,5,1241,0.02579999272711575,0.13380000018514693,0.10309999925084412,True,4217.829642533986
ECC+AES-256,5000,5,1242,0.025899993488565087,0.13290000788401812,0.1024999946821481,True,4217.829642533986
ECC+AES-256,5000,5,1243,0.04470000567380339,0.18620000628288835,0.11550000635907054,True,4217.829642533986
ECC+AES-256,5000,5,1244,0.029100003303028643,0.14110001211520284,0.1066999975591898,True,4217.829642533986
ECC+AES-256,5000,5,1245,0.03569999535102397,0.15979999443516135,0.1083999959519133,True,4217.829642533986
ECC+AES-256,5000,5,1246,0.04129999433644116,0.18590000399854034,0.11639999866019934,True,4217.829642533986
ECC+AES-256,5000,5,1247,0.029399991035461426,0.14400000509340316,0.10760000441223383,True,4217.829642533986
ECC+AES-256,5000,5,1248,0.027699992642737925,0.1370999962091446,0.10459999612066895,True,4217.829642533986
ECC+AES-256,5000,5,1249,0.027600006433203816,0.13619998935610056,0.10350000229664147,True,4217.829642533986
ECC+AES-256,5000,5,1250,0.02750000567175448,0.13610000314656645,0.10409999231342226,True,4217.829642533986
ECC+AES-256,5000,5,1251,0.02680000034160912,0.13460000627674162,0.10349998774472624,True,4217.829642533986
ECC+AES-256,5000,5,1252,0.02680000034160912,0.14430000737775117,0.10720000136643648,True,4217.829642533986
ECC+AES-256,5000,5,1253,0.028599999495781958,0.1365999924018979,0.10469999688211828,True,4217.829642533986
ECC+AES-256,5000,5,1254,0.02689998655114323,0.13630000466946512,0.10340000153519213,True,4217.829642533986
ECC+AES-256,5000,5,1255,0.026200010324828327,0.13339999713934958,0.10230000771116465,True,4217.829642533986
ECC+AES-256,5000,5,1256,0.025899993488565087,0.1331999956164509,0.10309999925084412,True,4217.829642533986
ECC+AES-256,5000,5,1257,0.026399997295811772,0.1320999872405082,0.10350000229664147,True,4217.829642533986
ECC+AES-256,5000,5,1258,0.027400004910305142,0.13390000094659626,0.10389999079052359,True,4217.829642533986
ECC+AES-256,5000,5,1259,0.02680000034160912,0.1336999994236976,0.10279999696649611,True,4217.829642533986
ECC+AES-256,5000,5,1260,0.027099988074041903,0.1331999956164509,0.10430000838823617,True,4217.829642533986
ECC+AES-256,5000,5,1261,0.029000002541579306,0.13660000695381314,0.10340000153519213,True,4217.829642533986
ECC+AES-256,5000,5,1262,0.027000001864507794,0.1345999917248264,0.10389999079052359,True,4217.829642533986
ECC+AES-256,5000,5,1263,0.027999994927085936,0.13380000018514693,0.10209999163635075,True,4217.829642533986
ECC+AES-256,5000,5,1264,0.028099995688535273,0.1387999946018681,0.10509999992791563,True,4217.829642533986
ECC+AES-256,5000,5,1265,0.02750000567175448,0.14050000754650682,0.10309999925084412,True,4217.829642533986
ECC+AES-256,5000,5,1266,0.0278999941656366,0.1348999940091744,0.10410000686533749,True,4217.829642533986
ECC+AES-256,5000,5,1267,0.02719998883549124,0.13590000162366778,0.10390000534243882,True,4217.829642533986
ECC+AES-256,5000,5,1268,0.02719998883549124,0.13349999790079892,0.10430000838823617,True,4217.829642533986
ECC+AES-256,5000,5,1269,0.02649999805726111,0.13349999790079892,0.102700010756962,True,4217.829642533986
ECC+AES-256,5000,5,1270,0.08320000779349357,0.2367999986745417,0.1269000058528036,True,4217.829642533986
ECC+AES-256,5000,5,1271,0.04680000711232424,0.19459999748505652,0.3691000019898638,True,4217.829642533986
ECC+AES-256,5000,5,1272,0.03960001049563289,0.1554000045871362,0.11499998799990863,True,4217.829642533986
ECC+AES-256,5000,5,1273,0.04149999585933983,0.17589998606126755,0.1171000039903447,True,4217.829642533986
ECC+AES-256,5000,5,1274,0.03020001167897135,0.1466000103391707,0.10980000661220402,True,4217.829642533986
ECC+AES-256,5000,5,1275,0.028000009479001164,0.1407999952789396,0.10710000060498714,True,4217.829642533986
ECC+AES-256,5000,5,1276,0.027300004148855805,0.13839999155607074,0.1066999975591898,True,4217.829642533986
ECC+AES-256,5000,5,1277,0.027000001864507794,0.13760000001639128,0.10560000373516232,True,4217.829642533986
ECC+AES-256,5000,5,1278,0.02680000034160912,0.1360000023851171,0.10559998918324709,True,4217.829642533986
ECC+AES-256,5000,5,1279,0.027600006433203816,0.14940000255592167,0.1053000014508143,True,4217.829642533986
ECC+AES-256,5000,5,1280,0.028299997211433947,0.13859999307896942,0.10640000982675701,True,4217.829642533986
ECC+AES-256,5000,5,1281,0.026500012609176338,0.13580000086221844,0.10430000838823617,True,4217.829642533986
ECC+AES-256,5000,5,1282,0.02680000034160912,0.13640000543091446,0.10509999992791563,True,4217.829642533986
ECC+AES-256,5000,5,1283,0.02720000338740647,0.13590000162366778,0.10590000601951033,True,4217.829642533986
ECC+AES-256,5000,5,1284,0.027399990358389914,0.13810000382363796,0.1066999975591898,True,4217.829642533986
ECC+AES-256,5000,5,1285,0.02710000262595713,0.13840000610798597,0.10650001058820635,True,4217.829642533986
ECC+AES-256,5000,5,1286,0.027299989596940577,0.13800000306218863,0.10689999908208847,True,4217.829642533986
ECC+AES-256,5000,5,1287,0.02689998655114323,0.1370999962091446,0.10629999451339245,True,4217.829642533986
ECC+AES-256,5000,5,1288,0.02710000262595713,0.1373999984934926,0.10549998842179775,True,4217.829642533986
ECC+AES-256,5000,5,1289,0.026400011847727,0.13710001076105982,0.10550000297371298,True,4217.829642533986
ECC+AES-256,5000,5,1290,0.02680000034160912,0.1365999924018979,0.10520000068936497,True,4217.829642533986
ECC+AES-256,5000,5,1291,0.02680000034160912,0.13760000001639128,0.10540000221226364,True,4217.829642533986
ECC+AES-256,5000,5,1292,0.028399997972883284,0.14480001118499786,0.10810000821948051,True,4217.829642533986
ECC+AES-256,5000,5,1293,0.03720000677276403,0.14859999646432698,0.10879999899771065,True,4217.829642533986
ECC+AES-256,5000,5,1294,0.027400004910305142,0.1379000023007393,0.10580000525806099,True,4217.829642533986
ECC+AES-256,5000,5,1295,0.026900001103058457,0.13580000086221844,0.1053000014508143,True,4217.829642533986
ECC+AES-256,5000,5,1296,0.02720000338740647,0.1373999984934926,0.10540000221226364,True,4217.829642533986
ECC+AES-256,5000,5,1297,0.02720000338740647,0.20980001136194915,0.22230000467970967,True,4217.829642533986
ECC+AES-256,5000,5,1298,0.03649998689070344,0.15829999756533653,0.11169999197591096,True,4217.829642533986
ECC+AES-256,5000,5,1299,0.029800008633174002,0.14170000213198364,0.10799999290611595,True,4217.829642533986
ECC+AES-256,5000,5,1300,0.027300004148855805,0.1396000006934628,0.10689999908208847,True,4217.829642533986
ECC+AES-256,5000,5,1301,0.027300004148855805,0.1379000023007393,0.10579999070614576,True,4217.829642533986
ECC+AES-256,5000,5,1302,0.027699992642737925,0.13800000306218863,0.10919998749159276,True,4217.829642533986
ECC+AES-256,5000,5,1303,0.027400004910305142,0.1382999907946214,0.10679999832063913,True,4217.829642533986
ECC+AES-256,5000,5,1304,0.02720000338740647,0.1387999946018681,0.10649999603629112,True,4217.829642533986
ECC+AES-256,5000,5,1305,0.027399990358389914,0.13780000153928995,0.10599999222904444,True,4217.829642533986
ECC+AES-256,5000,5,1306,0.026699999580159783,0.13720001152250916,0.10649999603629112,True,4217.829642533986
ECC+AES-256,5000,5,1307,0.027900008717551827,0.13939999917056412,0.10590000601951033,True,4217.829642533986
ECC+AES-256,5000,5,1308,0.027000001864507794,0.13679999392479658,0.10509999992791563,True,4217.829642533986
ECC+AES-256,5000,5,1309,0.02680000034160912,0.13610000314656645,0.10550000297371298,True,4217.829642533986
ECC+AES-256,5000,5,1310,0.027099988074041903,0.1379000023007393,0.10689999908208847,True,4217.829642533986
ECC+AES-256,5000,5,1311,0.02710000262595713,0.13719999697059393,0.10710000060498714,True,4217.829642533986
ECC+AES-256,5000,5,1312,0.027599991881288588,0.1385000068694353,0.10829999519046396,True,4217.829642533986
ECC+AES-256,5000,5,1313,0.026900001103058457,0.13910001143813133,0.10609999299049377,True,4217.829642533986
ECC+AES-256,5000,5,1314,0.02710000262595713,0.149200001033023,0.10900000052060932,True,4217.829642533986
ECC+AES-256,5000,5,1315,0.027399990358389914,0.13770000077784061,0.10550000297371298,True,4217.829642533986
ECC+AES-256,5000,5,1316,0.027300004148855805,0.13880000915378332,0.10580000525806099,True,4217.829642533986
ECC+AES-256,5000,5,1317,0.027300004148855805,0.13780000153928995,0.10539998766034842,True,4217.829642533986
ECC+AES-256,5000,5,1318,0.027600006433203816,0.13669999316334724,0.10599999222904444,True,4217.829642533986
ECC+AES-256,5000,5,1319,0.027300004148855805,0.1382999907946214,0.10710000060498714,True,4217.829642533986
ECC+AES-256,5000,5,1320,0.027599991881288588,0.13810000382363796,0.10660001134965569,True,4217.829642533986
ECC+AES-256,5000,5,1321,0.02720000338740647,0.1379000023007393,0.10509999992791563,True,4217.829642533986
ECC+AES-256,5000,5,1322,0.02719998883549124,0.13689999468624592,0.10450000991113484,True,4217.829642533986
ECC+AES-256,5000,5,1323,0.02719998883549124,0.14869999722577631,0.109200002043508,True,4217.829642533986
ECC+AES-256,5000,5,1324,0.02689998655114323,0.13690000923816115,0.10590000601951033,True,4217.829642533986
ECC+AES-256,5000,5,1325,0.02710000262595713,0.13639999087899923,0.10630000906530768,True,4217.829642533986
ECC+AES-256,5000,5,1326,0.027300004148855805,0.13710001076105982,0.10600000678095967,True,4217.829642533986
ECC+AES-256,5000,5,1327,0.02720000338740647,0.13760000001639128,0.1069000136340037,True,4217.829642533986
ECC+AES-256,5000,5,1328,0.027900008717551827,0.139000010676682,0.10859999747481197,True,4217.829642533986
ECC+AES-256,5000,5,1329,0.02710000262595713,0.13780000153928995,0.10659999679774046,True,4217.829642533986
ECC+AES-256,5000,5,1330,0.028299997211433947,0.13910001143813133,0.10509999992791563,True,4217.829642533986
ECC+AES-256,5000,5,1331,0.02890000178012997,0.15380000695586205,0.10749998909886926,True,4217.829642533986
ECC+AES-256,5000,5,1332,0.027700007194653153,0.15079999866429716,0.10760000441223383,True,4217.829642533986
ECC+AES-256,5000,5,1333,0.027000001864507794,0.13760000001639128,0.10660001134965569,True,4217.829642533986
ECC+AES-256,5000,5,1334,0.02749999111983925,0.13800000306218863,0.10659999679774046,True,4217.829642533986
ECC+AES-256,5000,5,1335,0.026900001103058457,0.13719999697059393,0.10570000449661165,True,4217.829642533986
ECC+AES-256,5000,5,1336,0.02720000338740647,0.13509999553207308,0.10410000686533749,True,4217.829642533986
ECC+AES-256,5000,5,1337,0.02680000034160912,0.13559999933931977,0.10489999840501696,True,4217.829642533986
ECC+AES-256,5000,5,1338,0.026200010324828327,0.1410000113537535,0.10509999992791563,True,4217.829642533986
ECC+AES-256,5000,5,1339,0.027999994927085936,0.13949999993201345,0.10619999375194311,True,4217.829642533986
ECC+AES-256,5000,5,1340,0.02649999805726111,0.13729999773204327,0.10550000297371298,True,4217.829642533986
ECC+AES-256,5000,5,1341,0.026900001103058457,0.14139999984763563,0.10540000221226364,True,4217.829642533986
ECC+AES-256,5000,5,1342,0.026699999580159783,0.13660000695381314,0.10469999688211828,True,4217.829642533986
ECC+AES-256,5000,5,1343,0.02649999805726111,0.13599998783320189,0.10390000534243882,True,4217.829642533986
ECC+AES-256,5000,5,1344,0.02720000338740647,0.1379000023007393,0.10590000601951033,True,4217.829642533986
ECC+AES-256,5000,5,1345,0.027299989596940577,0.13770000077784061,0.10520000068936497,True,4217.829642533986
ECC+AES-256,5000,5,1346,0.02710000262595713,0.13729999773204327,0.10520000068936497,True,4217.829642533986
ECC+AES-256,5000,5,1347,0.027599991881288588,0.1370999962091446,0.10580000525806099,True,4217.829642533986
ECC+AES-256,5000,5,1348,0.026900001103058457,0.13770000077784061,0.10580000525806099,True,4217.829642533986
ECC+AES-256,5000,5,1349,0.02710000262595713,0.14829999417997897,0.10939998901449144,True,4217.829642533986
ECC+AES-256,5000,5,1350,0.027300004148855805,0.13630000466946512,0.10550000297371298,True,4217.829642533986
ECC+AES-256,5000,5,1351,0.026900001103058457,0.1373999984934926,0.1053000014508143,True,4217.829642533986
ECC+AES-256,5000,5,1352,0.0278999941656366,0.13919999764766544,0.10720000136643648,True,4217.829642533986
ECC+AES-256,5000,5,1353,0.02720000338740647,0.13639999087899923,0.10489999840501696,True,4217.829642533986
ECC+AES-256,5000,5,1354,0.027799993404187262,0.13869999384041876,0.10580000525806099,True,4217.829642533986
ECC+AES-256,5000,5,1355,0.027000001864507794,0.13719999697059393,0.10590000601951033,True,4217.829642533986
ECC+AES-256,5000,5,1356,0.02720000338740647,0.149200001033023,0.12179999612271786,True,4217.829642533986
ECC+AES-256,5000,5,1357,0.02849999873433262,0.1404999929945916,0.10679999832063913,True,4217.829642533986
ECC+AES-256,5000,5,1358,0.027400004910305142,0.13700000999961048,0.10469999688211828,True,4217.829642533986
ECC+AES-256,5000,5,1359,0.026400011847727,0.1362000039080158,0.10580000525806099,True,4217.829642533986
ECC+AES-256,5000,5,1360,0.026599998818710446,0.1365000061923638,0.10520000068936497,True,4217.829642533986
ECC+AES-256,5000,5,1361,0.026600013370625675,0.13580000086221844,0.18099999579135329,True,4217.829642533986
ECC+AES-256,5000,5,1362,0.034199998481199145,0.15020000864751637,0.11079999967478216,True,4217.829642533986
ECC+AES-256,5000,5,1363,0.027599991881288588,0.15100000018719584,0.11029999586753547,True,4217.829642533986
ECC+AES-256,5000,5,1364,0.026900001103058457,0.13890000991523266,0.1066999975591898,True,4217.829642533986
ECC+AES-256,5000,5,1365,0.027000001864507794,0.13749999925494194,0.10720000136643648,True,4217.829642533986
ECC+AES-256,5000,5,1366,0.028300011763349175,0.13630000466946512,0.10489999840501696,True,4217.829642533986
ECC+AES-256,5000,5,1367,0.02680000034160912,0.13669999316334724,0.10609999299049377,True,4217.829642533986
ECC+AES-256,5000,5,1368,0.026599998818710446,0.13640000543091446,0.10529998689889908,True,4217.829642533986
ECC+AES-256,5000,5,1369,0.02649999805726111,0.13549999857787043,0.10439999459777027,True,4217.829642533986
ECC+AES-256,5000,5,1370,0.02680000034160912,0.14480001118499786,0.10560000373516232,True,4217.829642533986
ECC+AES-256,5000,5,1371,0.026900001103058457,0.1370999962091446,0.10540000221226364,True,4217.829642533986
ECC+AES-256,5000,5,1372,0.026900001103058457,0.15019999409560114,0.11239999730605632,True,4217.829642533986
ECC+AES-256,5000,5,1373,0.02680000034160912,0.1357000001007691,0.10509999992791563,True,4217.829642533986
ECC+AES-256,5000,5,1374,0.026399997295811772,0.13760000001639128,0.106100007542409,True,4217.829642533986
ECC+AES-256,5000,5,1375,0.026699999580159783,0.13719999697059393,0.10479999764356762,True,4217.829642533986
ECC+AES-256,5000,5,1376,0.026699999580159783,0.13770000077784061,0.10579999070614576,True,4217.829642533986
ECC+AES-256,5000,5,1377,0.02680000034160912,0.13610000314656645,0.10509999992791563,True,4217.829642533986
ECC+AES-256,5000,5,1378,0.02680000034160912,0.13590000162366778,0.10549998842179775,True,4217.829642533986
ECC+AES-256,5000,5,1379,0.026399997295811772,0.1360000023851171,0.10540000221226364,True,4217.829642533986
ECC+AES-256,5000,5,1380,0.026599998818710446,0.13580000086221844,0.10540000221226364,True,4217.829642533986
ECC+AES-256,5000,5,1381,0.02680000034160912,0.16670000331941992,0.11320000339765102,True,4217.829642533986
ECC+AES-256,5000,5,1382,0.028599999495781958,0.14120001287665218,0.10699999984353781,True,4217.829642533986
ECC+AES-256,5000,5,1383,0.026900001103058457,0.13729999773204327,0.10689999908208847,True,4217.829642533986
ECC+AES-256,5000,5,1384,0.02680000034160912,0.13749999925494194,0.10570000449661165,True,4217.829642533986
ECC+AES-256,5000,5,1385,0.026599998818710446,0.13519999629352242,0.10459999612066895,True,4217.829642533986
ECC+AES-256,5000,5,1386,0.026599998818710446,0.1370999962091446,0.10449999535921961,True,4217.829642533986
ECC+AES-256,5000,5,1387,0.02649999805726111,0.13770000077784061,0.10560000373516232,True,4217.829642533986
ECC+AES-256,5000,5,1388,0.026599998818710446,0.13679999392479658,0.1049999991664663,True,4217.829642533986
ECC+AES-256,5000,5,1389,0.02720000338740647,0.13699999544769526,0.10570000449661165,True,4217.829642533986
ECC+AES-256,5000,5,1390,0.027900008717551827,0.14620000729337335,0.10619999375194311,True,4217.829642533986
ECC+AES-256,5000,5,1391,0.026699999580159783,0.1370999962091446,0.10579999070614576,True,4217.829642533986
ECC+AES-256,5000,5,1392,0.026500012609176338,0.1365000061923638,0.10550000297371298,True,4217.829642533986
ECC+AES-256,5000,5,1393,0.026699999580159783,0.13610000314656645,0.10560000373516232,True,4217.829642533986
ECC+AES-256,5000,5,1394,0.026900001103058457,0.13729999773204327,0.10629999451339245,True,4217.829642533986
ECC+AES-256,5000,5,1395,0.02649999805726111,0.1365999924018979,0.1044000091496855,True,4217.829642533986
ECC+AES-256,5000,5,1396,0.029199989512562752,0.14289999671746045,0.10659999679774046,True,4217.829642533986
ECC+AES-256,5000,5,1397,0.026900001103058457,0.13729999773204327,0.1247000036528334,True,4217.829642533986
ECC+AES-256,5000,5,1398,0.03159999323543161,0.1483999949414283,0.10979999206028879,True,4217.829642533986
ECC+AES-256,5000,5,1399,0.027799993404187262,0.1387999946018681,0.10720000136643648,True,4217.829642533986
ECC+AES-256,5000,5,1400,0.02680000034160912,0.13719999697059393,0.1066999975591898,True,4217.829642533986
ECC+AES-256,5000,5,1401,0.026599998818710446,0.13689999468624592,0.10509999992791563,True,4217.829642533986
ECC+AES-256,5000,5,1402,0.026699999580159783,0.14340000052470714,0.1053000014508143,True,4217.829642533986
ECC+AES-256,5000,5,1403,0.026599998818710446,0.13780000153928995,0.10579999070614576,True,4217.829642533986
ECC+AES-256,5000,5,1404,0.02680000034160912,0.13760000001639128,0.10579999070614576,True,4217.829642533986
ECC+AES-256,5000,5,1405,0.02680000034160912,0.13689999468624592,0.10580000525806099,True,4217.829642533986
ECC+AES-256,5000,5,1406,0.02819999644998461,0.13889999536331743,0.10580000525806099,True,4217.829642533986
ECC+AES-256,5000,5,1407,0.02719998883549124,0.1505999971413985,0.10560000373516232,True,4217.829642533986
ECC+AES-256,5000,5,1408,0.026699999580159783,0.13619998935610056,0.10580000525806099,True,4217.829642533986
ECC+AES-256,5000,5,1409,0.02649999805726111,0.13660000695381314,0.10490001295693219,True,4217.829642533986
ECC+AES-256,5000,5,1410,0.02649999805726111,0.13689999468624592,0.10479999764356762,True,4217.829642533986
ECC+AES-256,5000,5,1411,0.026600013370625675,0.13610000314656645,0.10570000449661165,True,4217.829642533986
ECC+AES-256,5000,5,1412,0.026599998818710446,0.1373999984934926,0.10569998994469643,True,4217.829642533986
ECC+AES-256,5000,5,1413,0.026699999580159783,0.13700000999961048,0.10639999527484179,True,4217.829642533986
ECC+AES-256,5000,5,1414,0.027000001864507794,0.1370999962091446,0.10469999688211828,True,4217.829642533986
ECC+AES-256,5000,5,1415,0.026599998818710446,0.1368000084767118,0.10500001371838152,True,4217.829642533986
ECC+AES-256,5000,5,1416,0.02680000034160912,0.14859999646432698,0.10930000280495733,True,4217.829642533986
ECC+AES-256,5000,5,1417,0.026399997295811772,0.13609998859465122,0.10479999764356762,True,4217.829642533986
ECC+AES-256,5000,5,1418,0.02649999805726111,0.1357000001007691,0.1049999991664663,True,4217.829642533986
ECC+AES-256,5000,5,1419,0.02649999805726111,0.13640000543091446,0.10540000221226364,True,4217.829642533986
ECC+AES-256,5000,5,1420,0.026299996534362435,0.1373999984934926,0.1053000014508143,True,4217.829642533986
ECC+AES-256,5000,5,1421,0.026500012609176338,0.13559999933931977,0.1049999991664663,True,4217.829642533986
ECC+AES-256,5000,5,1422,0.026399997295811772,0.13559999933931977,0.10490001295693219,True,4217.829642533986
ECC+AES-256,5000,5,1423,0.02680000034160912,0.13549999857787043,0.10459999612066895,True,4217.829642533986
ECC+AES-256,5000,5,1424,0.026900001103058457,0.13699999544769526,0.10560000373516232,True,4217.829642533986
ECC+AES-256,5000,5,1425,0.027000001864507794,0.1436000020476058,0.1053000014508143,True,4217.829642533986
ECC+AES-256,5000,5,1426,0.026600013370625675,0.13500000932253897,0.10520000068936497,True,4217.829642533986
ECC+AES-256,5000,5,1427,0.02609999501146376,0.1353999978164211,0.10459999612066895,True,4217.829642533986
ECC+AES-256,5000,5,1428,0.026399997295811772,0.1360000023851171,0.10509999992791563,True,4217.829642533986
ECC+AES-256,5000,5,1429,0.0261999957729131,0.13619998935610056,0.10580000525806099,True,4217.829642533986
ECC+AES-256,5000,5,1430,0.026500012609176338,0.1956000050995499,0.11210000957362354,True,4217.829642533986
ECC+AES-256,5000,5,1431,0.03339999238960445,0.1458999904571101,0.10810000821948051,True,4217.829642533986
ECC+AES-256,5000,5,1432,0.029000002541579306,0.13970000145491213,0.10710000060498714,True,4217.829642533986
ECC+AES-256,5000,5,1433,0.028099995688535273,0.14969999028835446,0.10910000128205866,True,4217.829642533986
ECC+AES-256,5000,5,1434,0.027900008717551827,0.14420000661630183,0.1075999898603186,True,4217.829642533986
ECC+AES-256,5000,5,1435,0.028299997211433947,0.13690000923816115,0.10550000297371298,True,4217.829642533986
ECC+AES-256,5000,5,1436,0.028300011763349175,0.13770000077784061,0.10520000068936497,True,4217.829642533986
ECC+AES-256,5000,5,1437,0.02749999111983925,0.13810000382363796,0.10509999992791563,True,4217.829642533986
ECC+AES-256,5000,5,1438,0.027599991881288588,0.13580000086221844,0.10389999079052359,True,4217.829642533986
ECC+AES-256,5000,5,1439,0.027999994927085936,0.13699999544769526,0.1049999991664663,True,4217.829642533986
ECC+AES-256,5000,5,1440,0.02749999111983925,0.13610000314656645,0.1053000014508143,True,4217.829642533986
ECC+AES-256,5000,5,1441,0.02720000338740647,0.1370999962091446,0.10570000449661165,True,4217.829642533986
ECC+AES-256,5000,5,1442,0.02749999111983925,0.14210000517778099,0.10600000678095967,True,4217.829642533986
ECC+AES-256,5000,5,1443,0.02720000338740647,0.13699999544769526,0.10550000297371298,True,4217.829642533986
ECC+AES-256,5000,5,1444,0.02710000262595713,0.13729999773204327,0.10450000991113484,True,4217.829642533986
ECC+AES-256,5000,5,1445,0.027000001864507794,0.13590000162366778,0.10519998613744974,True,4217.829642533986
ECC+AES-256,5000,5,1446,0.026900001103058457,0.13699999544769526,0.10560000373516232,True,4217.829642533986
ECC+AES-256,5000,5,1447,0.027000001864507794,0.13719999697059393,0.10550000297371298,True,4217.829642533986
ECC+AES-256,5000,5,1448,0.02710000262595713,0.1365000061923638,0.10490001295693219,True,4217.829642533986
ECC+AES-256,5000,5,1449,0.026599998818710446,0.13630000466946512,0.1049999991664663,True,4217.829642533986
ECC+AES-256,5000,5,1450,0.02680000034160912,0.13679999392479658,0.10449999535921961,True,4217.829642533986
ECC+AES-256,5000,5,1451,0.02680000034160912,0.14430000737775117,0.10449999535921961,True,4217.829642533986
ECC+AES-256,5000,5,1452,0.026900001103058457,0.13669999316334724,0.10540000221226364,True,4217.829642533986
ECC+AES-256,5000,5,1453,0.026699999580159783,0.13509999553207308,0.10390000534243882,True,4217.829642533986
ECC+AES-256,5000,5,1454,0.026699999580159783,0.1357000001007691,0.10470001143403351,True,4217.829642533986
ECC+AES-256,5000,5,1455,0.027000001864507794,0.1362000039080158,0.1049999991664663,True,4217.829642533986
ECC+AES-256,5000,5,1456,0.02710000262595713,0.13679999392479658,0.10560000373516232,True,4217.829642533986
ECC+AES-256,5000,5,1457,0.027999994927085936,0.13610000314656645,0.10420000762678683,True,4217.829642533986
ECC+AES-256,5000,5,1458,0.028099995688535273,0.1379000023007393,0.10509999992791563,True,4217.829642533986
ECC+AES-256,5000,5,1459,0.027799993404187262,0.1390999968862161,0.10679999832063913,True,4217.829642533986
ECC+AES-256,5000,5,1460,0.027400004910305142,0.15010000788606703,0.10819999442901462,True,4217.829642533986
ECC+AES-256,5000,5,1461,0.027399990358389914,0.13630000466946512,0.1053000014508143,True,4217.829642533986
ECC+AES-256,5000,5,1462,0.027000001864507794,0.13630000466946512,0.1044000091496855,True,4217.829642533986
ECC+AES-256,5000,5,1463,0.026600013370625675,0.1365000061923638,0.10550000297371298,True,4217.829642533986
ECC+AES-256,5000,5,1464,0.027300004148855805,0.1362999901175499,0.10489999840501696,True,4217.829642533986
ECC+AES-256,5000,5,1465,0.028099995688535273,0.1399000029778108,0.10539998766034842,True,4217.829642533986
ECC+AES-256,5000,5,1466,0.028099995688535273,0.13729999773204327,0.10479999764356762,True,4217.829642533986
ECC+AES-256,5000,5,1467,0.027399990358389914,0.13699999544769526,0.10590000601951033,True,4217.829642533986
ECC+AES-256,5000,5,1468,0.02689998655114323,0.1390999968862161,0.10489999840501696,True,4217.829642533986
ECC+AES-256,5000,5,1469,0.02720000338740647,0.14699999883305281,0.10479999764356762,True,4217.829642533986
ECC+AES-256,5000,5,1470,0.027099988074041903,0.13610000314656645,0.10459999612066895,True,4217.829642533986
ECC+AES-256,5000,5,1471,0.02750000567175448,0.13679999392479658,0.10570000449661165,True,4217.829642533986
ECC+AES-256,5000,5,1472,0.026900001103058457,0.13679999392479658,0.1049999991664663,True,4217.829642533986
ECC+AES-256,5000,5,1473,0.027300004148855805,0.13689999468624592,0.10550000297371298,True,4217.829642533986
ECC+AES-256,5000,5,1474,0.02680000034160912,0.1360000023851171,0.10490001295693219,True,4217.829642533986
ECC+AES-256,5000,5,1475,0.02750000567175448,0.1365000061923638,0.10550000297371298,True,4217.829642533986
ECC+AES-256,5000,5,1476,0.02680000034160912,0.13669999316334724,0.10520000068936497,True,4217.829642533986
ECC+AES-256,5000,5,1477,0.027000001864507794,0.13639999087899923,0.10580000525806099,True,4217.829642533986
ECC+AES-256,5000,5,1478,0.02710000262595713,0.14789999113418162,0.10560000373516232,True,4217.829642533986
ECC+AES-256,5000,5,1479,0.026599998818710446,0.13559999933931977,0.10410000686533749,True,4217.829642533986
ECC+AES-256,5000,5,1480,0.02720000338740647,0.13679999392479658,0.10540000221226364,True,4217.829642533986
ECC+AES-256,5000,5,1481,0.026599998818710446,0.1362000039080158,0.10429999383632094,True,4217.829642533986
ECC+AES-256,5000,5,1482,0.027000001864507794,0.13639999087899923,0.10439999459777027,True,4217.829642533986
ECC+AES-256,5000,5,1483,0.027399990358389914,0.13549999857787043,0.10459999612066895,True,4217.829642533986
ECC+AES-256,5000,5,1484,0.02720000338740647,0.13760000001639128,0.10519998613744974,True,4217.829642533986
ECC+AES-256,5000,5,1485,0.026900001103058457,0.13590000162366778,0.10449999535921961,True,4217.829642533986
ECC+AES-256,5000,5,1486,0.02710000262595713,0.1370999962091446,0.1049999991664663,True,4217.829642533986
ECC+AES-256,5000,5,1487,0.02710000262595713,0.13689999468624592,0.10550000297371298,True,4217.829642533986
ECC+AES-256,5000,5,1488,0.026699999580159783,0.13760000001639128,0.10559998918324709,True,4217.829642533986
ECC+AES-256,5000,5,1489,0.026900001103058457,0.13640000543091446,0.10459999612066895,True,4217.829642533986
ECC+AES-256,5000,5,1490,0.027300004148855805,0.13660000695381314,0.10509999992791563,True,4217.829642533986
ECC+AES-256,5000,5,1491,0.02710000262595713,0.13749999925494194,0.10520000068936497,True,4217.829642533986
ECC+AES-256,5000,5,1492,0.026599998818710446,0.1379000023007393,0.10570000449661165,True,4217.829642533986
ECC+AES-256,5000,5,1493,0.027300004148855805,0.13719999697059393,0.10590000601951033,True,4217.829642533986
ECC+AES-256,5000,5,1494,0.027300004148855805,0.1373999984934926,0.10459999612066895,True,4217.829642533986
ECC+AES-256,5000,5,1495,0.026900001103058457,0.1360000023851171,0.10469999688211828,True,4217.829642533986
ECC+AES-256,5000,5,1496,0.02710000262595713,0.1458999904571101,0.10420000762678683,True,4217.829642533986
ECC+AES-256,5000,5,1497,0.026699999580159783,0.1357000001007691,0.10789999214466661,True,4217.829642533986
ECC+AES-256,5000,5,1498,0.027300004148855805,0.13660000695381314,0.10449999535921961,True,4217.829642533986
ECC+AES-256,5000,5,1499,0.02710000262595713,0.13660000695381314,0.10489999840501696,True,4217.829642533986
ECC+AES-256,5000,5,1500,0.033500007702969015,0.1542999962111935,0.1112000027205795,True,4217.829642533986
ECC+AES-256,5000,5,1501,0.0278999941656366,0.13889999536331743,0.10619999375194311,True,4217.829642533986
ECC+AES-256,5000,5,1502,0.026699999580159783,0.13649999164044857,0.10540000221226364,True,4217.829642533986
ECC+AES-256,5000,5,1503,0.026900001103058457,0.13729999773204327,0.1049999991664663,True,4217.829642533986
ECC+AES-256,5000,5,1504,0.026900001103058457,0.13830000534653664,0.10609999299049377,True,4217.829642533986
ECC+AES-256,5000,5,1505,0.027300004148855805,0.14820000797044486,0.10729998757597059,True,4217.829642533986
ECC+AES-256,5000,5,1506,0.027000001864507794,0.1360000023851171,0.10519998613744974,True,4217.829642533986
ECC+AES-256,5000,5,1507,0.026900001103058457,0.13630000466946512,0.10489999840501696,True,4217.829642533986
ECC+AES-256,5000,5,1508,0.026599998818710446,0.13550001312978566,0.10460001067258418,True,4217.829642533986
ECC+AES-256,5000,5,1509,0.02649999805726111,0.14970000484026968,0.11020000965800136,True,4217.829642533986
ECC+AES-256,5000,5,1510,0.027600006433203816,0.13859999307896942,0.10550000297371298,True,4217.829642533986
ECC+AES-256,5000,5,1511,0.02680000034160912,0.13729999773204327,0.10559998918324709,True,4217.829642533986
ECC+AES-256,5000,5,1512,0.026699999580159783,0.13719999697059393,0.10590000601951033,True,4217.829642533986
ECC+AES-256,5000,5,1513,0.026699999580159783,0.13679999392479658,0.10600000678095967,True,4217.829642533986
ECC+AES-256,5000,5,1514,0.027000001864507794,0.148899998748675,0.10910000128205866,True,4217.829642533986
ECC+AES-256,5000,5,1515,0.026699999580159783,0.13740001304540783,0.1053000014508143,True,4217.829642533986
ECC+AES-256,5000,5,1516,0.02680000034160912,0.13789998774882406,0.10550000297371298,True,4217.829642533986
ECC+AES-256,5000,5,1517,0.02649999805726111,0.13710001076105982,0.10549998842179775,True,4217.829642533986
ECC+AES-256,5000,5,1518,0.02680000034160912,0.13689999468624592,0.10600000678095967,True,4217.829642533986
ECC+AES-256,5000,5,1519,0.02680000034160912,0.13689999468624592,0.10540000221226364,True,4217.829642533986
ECC+AES-256,5000,5,1520,0.02649999805726111,0.13679999392479658,0.10629999451339245,True,4217.829642533986
ECC+AES-256,5000,5,1521,0.02710000262595713,0.13729999773204327,0.10540000221226364,True,4217.829642533986
ECC+AES-256,5000,5,1522,0.026699999580159783,0.13640000543091446,0.10479999764356762,True,4217.829642533986
ECC+AES-256,5000,5,1523,0.02680000034160912,0.13559999933931977,0.1053000014508143,True,4217.829642533986
ECC+AES-256,5000,5,1524,0.02680000034160912,0.13679999392479658,0.10560000373516232,True,4217.829642533986
ECC+AES-256,5000,5,1525,0.026699999580159783,0.13649999164044857,0.10540000221226364,True,4217.829642533986
ECC+AES-256,5000,5,1526,0.025699991965666413,0.1328999933321029,0.1019000046653673,True,4217.829642533986
ECC+AES-256,5000,5,1527,0.025900008040480316,0.13349999790079892,0.1019000046653673,True,4217.829642533986
ECC+AES-256,5000,5,1528,0.025899993488565087,0.1328999933321029,0.10250000923406333,True,4217.829642533986
ECC+AES-256,5000,5,1529,0.02649999805726111,0.13729999773204327,0.10199999087490141,True,4217.829642533986
ECC+AES-256,5000,5,1530,0.02610000956337899,0.1320000010309741,0.10170000314246863,True,4217.829642533986
ECC+AES-256,5000,5,1531,0.025999994250014424,0.1314999972237274,0.10210000618826598,True,4217.829642533986
ECC+AES-256,5000,5,1532,0.0261999957729131,0.1326000055996701,0.10239999392069876,True,4217.829642533986
ECC+AES-256,5000,5,1533,0.02570000651758164,0.13100000796839595,0.10099999781232327,True,4217.829642533986
ECC+AES-256,5000,5,1534,0.025999994250014424,0.13169999874662608,0.1016000023810193,True,4217.829642533986
ECC+AES-256,5000,5,1535,0.06320000102277845,0.14200000441633165,0.10570000449661165,True,4217.829642533986
ECC+AES-256,5000,5,1536,0.027699992642737925,0.13749999925494194,0.10429999383632094,True,4217.829642533986
ECC+AES-256,5000,5,1537,0.025999994250014424,0.13349999790079892,0.10240000847261399,True,4217.829642533986
ECC+AES-256,5000,5,1538,0.02610000956337899,0.13390000094659626,0.10210000618826598,True,4217.829642533986
ECC+AES-256,5000,5,1539,0.025999994250014424,0.13299999409355223,0.10290001227986068,True,4217.829642533986
ECC+AES-256,5000,5,1540,0.025999994250014424,0.13359999866224825,0.10269999620504677,True,4217.829642533986
ECC+AES-256,5000,5,1541,0.025399989681318402,0.13250000483822078,0.1016000023810193,True,4217.829642533986
ECC+AES-256,5000,5,1542,0.02580000727903098,0.1328999933321029,0.1019000046653673,True,4217.829642533986
ECC+AES-256,5000,5,1543,0.025999994250014424,0.13220000255387276,0.10119999933522195,True,4217.829642533986
ECC+AES-256,5000,5,1544,0.02580000727903098,0.1328000071225688,0.10279999696649611,True,4217.829642533986
ECC+AES-256,5000,5,1545,0.025900008040480316,0.13220000255387276,0.10210000618826598,True,4217.829642533986
ECC+AES-256,5000,5,1546,0.025899993488565087,0.1320000010309741,0.10299999848939478,True,4217.829642533986
ECC+AES-256,5000,5,1547,0.025699991965666413,0.13210000179242343,0.10299999848939478,True,4217.829642533986
ECC+AES-256,5000,5,1548,0.025899993488565087,0.13299999409355223,0.1024999946821481,True,4217.829642533986
ECC+AES-256,5000,5,1549,0.025600005756132305,0.13190000026952475,0.10199999087490141,True,4217.829642533986
ECC+AES-256,5000,5,1550,0.025600005756132305,0.1323999895248562,0.10230000771116465,True,4217.829642533986
ECC+AES-256,5000,5,1551,0.02570000651758164,0.1438000035705045,0.10520000068936497,True,4217.829642533986
ECC+AES-256,5000,5,1552,0.02540000423323363,0.13270000636111945,0.10199999087490141,True,4217.829642533986
ECC+AES-256,5000,5,1553,0.025699991965666413,0.13159999798517674,0.10119999933522195,True,4217.829642533986
ECC+AES-256,5000,5,1554,0.02570000651758164,0.13129999570082873,0.10109999857377261,True,4217.829642533986
ECC+AES-256,5000,5,1555,0.02610000956337899,0.13490000856108963,0.10289999772794545,True,4217.829642533986
ECC+AES-256,5000,5,1556,0.02570000651758164,0.13329999637790024,0.10229999315924942,True,4217.829642533986
ECC+AES-256,5000,5,1557,0.025900008040480316,0.13269999180920422,0.1019000046653673,True,4217.829642533986
ECC+AES-256,5000,5,1558,0.025699991965666413,0.13279999257065356,0.10220000694971532,True,4217.829642533986
ECC+AES-256,5000,5,1559,0.02580000727903098,0.1323000033153221,0.10240000847261399,True,4217.829642533986
ECC+AES-256,5000,5,1560,0.02579999272711575,0.1320000010309741,0.10229999315924942,True,4217.829642533986
ECC+AES-256,5000,5,1561,0.025999994250014424,0.13869999384041876,0.1024999946821481,True,4217.829642533986
ECC+AES-256,5000,5,1562,0.02649999805726111,0.13410000246949494,0.10229999315924942,True,4217.829642533986
ECC+AES-256,5000,5,1563,0.025900008040480316,0.13219998800195754,0.10170000314246863,True,4217.829642533986
ECC+AES-256,5000,5,1564,0.025899993488565087,0.1323000033153221,0.10159998782910407,True,4217.829642533986
ECC+AES-256,5000,5,1565,0.026699999580159783,0.13519999629352242,0.10399999155197293,True,4217.829642533986
ECC+AES-256,5000,5,1566,0.02680000034160912,0.13390000094659626,0.10259999544359744,True,4217.829642533986
ECC+AES-256,5000,5,1567,0.025600005756132305,0.13179999950807542,0.10210000618826598,True,4217.829642533986
ECC+AES-256,5000,5,1568,0.025599991204217076,0.1328000071225688,0.10299999848939478,True,4217.829642533986
ECC+AES-256,5000,5,1569,0.025699991965666413,0.1326000055996701,0.1024999946821481,True,4217.829642533986
ECC+AES-256,5000,5,1570,0.02580000727903098,0.1320999872405082,0.10280001151841134,True,4217.829642533986
ECC+AES-256,5000,5,1571,0.025699991965666413,0.14119999832473695,0.10180000390391797,True,4217.829642533986
ECC+AES-256,5000,5,1572,0.025699991965666413,0.13270000636111945,0.15830001211725175,True,4217.829642533986
ECC+AES-256,5000,5,1573,0.05280000914353877,0.17860000662039965,0.11439999798312783,True,4217.829642533986
ECC+AES-256,5000,5,1574,0.04299999272916466,0.1686000032350421,0.1112000027205795,True,4217.829642533986
ECC+AES-256,5000,5,1575,0.0315000070258975,0.13929999840911478,0.10480001219548285,True,4217.829642533986
ECC+AES-256,5000,5,1576,0.027299989596940577,0.13460000627674162,0.10410000686533749,True,4217.829642533986
ECC+AES-256,5000,5,1577,0.02649999805726111,0.1343000039923936,0.10379999002907425,True,4217.829642533986
ECC+AES-256,5000,5,1578,0.02680000034160912,0.1410000113537535,0.10289999772794545,True,4217.829642533986
ECC+AES-256,5000,5,1579,0.026699999580159783,0.13580000086221844,0.10349998774472624,True,4217.829642533986
ECC+AES-256,5000,5,1580,0.02610000956337899,0.13279999257065356,0.10200000542681664,True,4217.829642533986
ECC+AES-256,5000,5,1581,0.02579999272711575,0.1336999994236976,0.10259999544359744,True,4217.829642533986
ECC+AES-256,5000,5,1582,0.026299996534362435,0.13329999637790024,0.10259999544359744,True,4217.829642533986
ECC+AES-256,5000,5,1583,0.025899993488565087,0.13259999104775488,0.10260000999551266,True,4217.829642533986
ECC+AES-256,5000,5,1584,0.025900008040480316,0.13229998876340687,0.10260000999551266,True,4217.829642533986
ECC+AES-256,5000,5,1585,0.026699999580159783,0.1336999994236976,0.10320000001229346,True,4217.829642533986
ECC+AES-256,5000,5,1586,0.025900008040480316,0.13269999180920422,0.10239999392069876,True,4217.829642533986
ECC+AES-256,5000,5,1587,0.02580000727903098,0.13320001016836613,0.1024999946821481,True,4217.829642533986
ECC+AES-256,5000,5,1588,0.026200010324828327,0.14330001431517303,0.10299999848939478,True,4217.829642533986
ECC+AES-256,5000,5,1589,0.026000008801929653,0.13279999257065356,0.10289999772794545,True,4217.829642533986
ECC+AES-256,5000,5,1590,0.025999994250014424,0.13249999028630555,0.10119999933522195,True,4217.829642533986
ECC+AES-256,5000,5,1591,0.025999994250014424,0.13169999874662608,0.10209999163635075,True,4217.829642533986
ECC+AES-256,5000,5,1592,0.025699991965666413,0.13339999713934958,0.10320000001229346,True,4217.829642533986
ECC+AES-256,5000,5,1593,0.025899993488565087,0.1373999984934926,0.10209999163635075,True,4217.829642533986
ECC+AES-256,5000,5,1594,0.025900008040480316,0.13330001092981547,0.10250000923406333,True,4217.829642533986
ECC+AES-256,5000,5,1595,0.025899993488565087,0.13179999950807542,0.10130000009667128,True,4217.829642533986
ECC+AES-256,5000,5,1596,0.02570000651758164,0.1320000010309741,0.10259999544359744,True,4217.829642533986
ECC+AES-256,5000,5,1597,0.025500004994682968,0.13220000255387276,0.10250000923406333,True,4217.829642533986
ECC+AES-256,5000,5,1598,0.027000001864507794,0.13690000923816115,0.10269999620504677,True,4217.829642533986
ECC+AES-256,5000,5,1599,0.02580000727903098,0.13240000407677144,0.10220000694971532,True,4217.829642533986
ECC+AES-256,5000,5,1600,0.02609999501146376,0.13329999637790024,0.10239999392069876,True,4217.829642533986
ECC+AES-256,5000,5,1601,0.0261999957729131,0.13259999104775488,0.10229999315924942,True,4217.829642533986
ECC+AES-256,5000,5,1602,0.02570000651758164,0.13229998876340687,0.10230000771116465,True,4217.829642533986
ECC+AES-256,5000,5,1603,0.025599991204217076,0.13129999570082873,0.10220000694971532,True,4217.829642533986
ECC+AES-256,5000,5,1604,0.025899993488565087,0.1328999933321029,0.10280001151841134,True,4217.829642533986
ECC+AES-256,5000,5,1605,0.025699991965666413,0.13220000255387276,0.10239999392069876,True,4217.829642533986
ECC+AES-256,5000,5,1606,0.025699991965666413,0.1328999933321029,0.10200000542681664,True,4217.829642533986
ECC+AES-256,5000,5,1607,0.03619999915827066,0.1708999916445464,0.12620000052265823,True,4217.829642533986
ECC+AES-256,5000,5,1608,0.03500000457279384,0.1525000116089359,0.10889999975915998,True,4217.829642533986
ECC+AES-256,5000,5,1609,0.031000003218650818,0.14080000983085483,0.1053000014508143,True,4217.829642533986
ECC+AES-256,5000,5,1610,0.027400004910305142,0.13749999925494194,0.11180000728927553,True,4217.829642533986
ECC+AES-256,5000,5,1611,0.026299996534362435,0.13290000788401812,0.10320000001229346,True,4217.829642533986
ECC+AES-256,5000,5,1612,0.026000008801929653,0.1328000071225688,0.10289999772794545,True,4217.829642533986
ECC+AES-256,5000,5,1613,0.026699999580159783,0.13749999925494194,0.10450000991113484,True,4217.829642533986
ECC+AES-256,5000,5,1614,0.027299989596940577,0.13810000382363796,0.10579999070614576,True,4217.829642533986
ECC+AES-256,5000,5,1615,0.026699999580159783,0.13719999697059393,0.10910000128205866,True,4217.829642533986
ECC+AES-256,5000,5,1616,0.026400011847727,0.13549999857787043,0.10480001219548285,True,4217.829642533986
ECC+AES-256,5000,5,1617,0.02649999805726111,0.13610000314656645,0.10570000449661165,True,4217.829642533986
ECC+AES-256,5000,5,1618,0.02680000034160912,0.13750001380685717,0.1049999991664663,True,4217.829642533986
ECC+AES-256,5000,5,1619,0.02649999805726111,0.1370999962091446,0.1053000014508143,True,4217.829642533986
ECC+AES-256,5000,5,1620,0.02649999805726111,0.13599998783320189,0.1049999991664663,True,4217.829642533986
ECC+AES-256,5000,5,1621,0.026400011847727,0.13660000695381314,0.10489999840501696,True,4217.829642533986
ECC+AES-256,5000,5,1622,0.026399997295811772,0.13589998707175255,0.10480001219548285,True,4217.829642533986
ECC+AES-256,5000,5,1623,0.026299996534362435,0.13499999477062374,0.10480001219548285,True,4217.829642533986
ECC+AES-256,5000,5,1624,0.02610000956337899,0.13649999164044857,0.10489999840501696,True,4217.829642533986
ECC+AES-256,5000,5,1625,0.028800001018680632,0.16129999130498618,0.10689999908208847,True,4217.829642533986
ECC+AES-256,5000,5,1626,0.02720000338740647,0.13970000145491213,0.10539998766034842,True,4217.829642533986
ECC+AES-256,5000,5,1627,0.02680000034160912,0.13669999316334724,0.1053000014508143,True,4217.829642533986
ECC+AES-256,5000,5,1628,0.026699999580159783,0.13649999164044857,0.10590000601951033,True,4217.829642533986
ECC+AES-256,5000,5,1629,0.026399997295811772,0.1385000068694353,0.10600000678095967,True,4217.829642533986
ECC+AES-256,5000,5,1630,0.027299989596940577,0.13899999612476677,0.10630000906530768,True,4217.829642533986
ECC+AES-256,5000,5,1631,0.026900001103058457,0.13729999773204327,0.10569998994469643,True,4217.829642533986
ECC+AES-256,5000,5,1632,0.02649999805726111,0.13649999164044857,0.10560000373516232,True,4217.829642533986
ECC+AES-256,5000,5,1633,0.026599998818710446,0.1365000061923638,0.10559998918324709,True,4217.829642533986
ECC+AES-256,5000,5,1634,0.02680000034160912,0.13779998698737472,0.10550000297371298,True,4217.829642533986
ECC+AES-256,5000,5,1635,0.02680000034160912,0.14109999756328762,0.10590000601951033,True,4217.829642533986
ECC+AES-256,5000,5,1636,0.02680000034160912,0.1379000023007393,0.10679999832063913,True,4217.829642533986
ECC+AES-256,5000,5,1637,0.02680000034160912,0.1379000023007393,0.10579999070614576,True,4217.829642533986
ECC+AES-256,5000,5,1638,0.026599998818710446,0.13719999697059393,0.10509999992791563,True,4217.829642533986
ECC+AES-256,5000,5,1639,0.026399997295811772,0.14010000450070947,0.10489999840501696,True,4217.829642533986
ECC+AES-256,5000,5,1640,0.02649999805726111,0.13590000162366778,0.10500001371838152,True,4217.829642533986
ECC+AES-256,5000,5,1641,0.026299996534362435,0.13699999544769526,0.10550000297371298,True,4217.829642533986
ECC+AES-256,5000,5,1642,0.02649999805726111,0.13640000543091446,0.10520000068936497,True,4217.829642533986
ECC+AES-256,5000,5,1643,0.07659998664166778,0.22839999292045832,0.18430000636726618,True,4217.829642533986
ECC+AES-256,5000,5,1644,0.06249999569263309,0.21720000950153917,0.1255999959539622,True,4217.829642533986
ECC+AES-256,5000,5,1645,0.03499999002087861,0.1508999994257465,0.11310000263620168,True,4217.829642533986
ECC+AES-256,5000,5,1646,0.037699996028095484,0.16419999883510172,0.11059999815188348,True,4217.829642533986
ECC+AES-256,5000,5,1647,0.028800001018680632,0.14399999054148793,0.11059999815188348,True,4217.829642533986
ECC+AES-256,5000,5,1648,0.029300004825927317,0.14479999663308263,0.11130000348202884,True,4217.829642533986
ECC+AES-256,5000,5,1649,0.03139999171253294,0.14699999883305281,0.11069999891333282,True,4217.829642533986
ECC+AES-256,5000,5,1650,0.03090000245720148,0.14629999350290745,0.11100000119768083,True,4217.829642533986
ECC+AES-256,5000,5,1651,0.030399998649954796,0.14209999062586576,0.10930000280495733,True,4217.829642533986
ECC+AES-256,5000,5,1652,0.029000002541579306,0.152900000102818,0.11420001101214439,True,4217.829642533986
ECC+AES-256,5000,5,1653,0.030199997127056122,0.1412999990861863,0.10699999984353781,True,4217.829642533986
ECC+AES-256,5000,5,1654,0.028999987989664078,0.14069999451749027,0.1066999975591898,True,4217.829642533986
ECC+AES-256,5000,5,1655,0.028099995688535273,0.1373999984934926,0.10570000449661165,True,4217.829642533986
ECC+AES-256,5000,5,1656,0.02680000034160912,0.13689999468624592,0.10489999840501696,True,4217.829642533986
ECC+AES-256,5000,5,1657,0.026900001103058457,0.14740000187885016,0.10569998994469643,True,4217.829642533986
ECC+AES-256,5000,5,1658,0.026900001103058457,0.13770000077784061,0.10549998842179775,True,4217.829642533986
ECC+AES-256,5000,5,1659,0.026599998818710446,0.13760000001639128,0.10540000221226364,True,4217.829642533986
ECC+AES-256,5000,5,1660,0.02749999111983925,0.146100006531924,0.10409999231342226,True,4217.829642533986
ECC+AES-256,5000,5,1661,0.02680000034160912,0.13710001076105982,0.10549998842179775,True,4217.829642533986
ECC+AES-256,5000,5,1662,0.02680000034160912,0.13699999544769526,0.1053000014508143,True,4217.829642533986
ECC+AES-256,5000,5,1663,0.02680000034160912,0.1373999984934926,0.10520000068936497,True,4217.829642533986
ECC+AES-256,5000,5,1664,0.02649999805726111,0.1370999962091446,0.10469999688211828,True,4217.829642533986
ECC+AES-256,5000,5,1665,0.02649999805726111,0.13679999392479658,0.10600000678095967,True,4217.829642533986
ECC+AES-256,5000,5,1666,0.02720000338740647,0.13819999003317207,0.10489999840501696,True,4217.829642533986
ECC+AES-256,5000,5,1667,0.02749999111983925,0.13810000382363796,0.10579999070614576,True,4217.829642533986
ECC+AES-256,5000,5,1668,0.026699999580159783,0.13749999925494194,0.10509999992791563,True,4217.829642533986
ECC+AES-256,5000,5,1669,0.02680000034160912,0.14210000517778099,0.10459999612066895,True,4217.829642533986
ECC+AES-256,5000,5,1670,0.026599998818710446,0.13689999468624592,0.1041999930748716,True,4217.829642533986
ECC+AES-256,5000,5,1671,0.026399997295811772,0.13660000695381314,0.10420000762678683,True,4217.829642533986
ECC+AES-256,5000,5,1672,0.026399997295811772,0.13500000932253897,0.10439999459777027,True,4217.829642533986
ECC+AES-256,5000,5,1673,0.026399997295811772,0.1348999940091744,0.10390000534243882,True,4217.829642533986
ECC+AES-256,5000,5,1674,0.028399997972883284,0.1396000006934628,0.10560000373516232,True,4217.829642533986
ECC+AES-256,5000,5,1675,0.026900001103058457,0.13589998707175255,0.1053000014508143,True,4217.829642533986
ECC+AES-256,5000,5,1676,0.026900001103058457,0.13719999697059393,0.10569998994469643,True,4217.829642533986
ECC+AES-256,5000,5,1677,0.02649999805726111,0.1466999965487048,0.10550000297371298,True,4217.829642533986
ECC+AES-256,5000,5,1678,0.026699999580159783,0.1368000084767118,0.10569998994469643,True,4217.829642533986
ECC+AES-256,5000,5,1679,0.026900001103058457,0.14399999054148793,0.10540000221226364,True,4217.829642533986
ECC+AES-256,5000,5,1680,0.026699999580159783,0.13630000466946512,0.10450000991113484,True,4217.829642533986
ECC+AES-256,5000,5,1681,0.026599998818710446,0.1353999978164211,0.10489999840501696,True,4217.829642533986
ECC+AES-256,5000,5,1682,0.026699999580159783,0.1365000061923638,0.10479999764356762,True,4217.829642533986
ECC+AES-256,5000,5,1683,0.026299996534362435,0.13580000086221844,0.10429999383632094,True,4217.829642533986
ECC+AES-256,5000,5,1684,0.026299996534362435,0.13590000162366778,0.10509999992791563,True,4217.829642533986
ECC+AES-256,5000,5,1685,0.026299996534362435,0.1351000100839883,0.10379999002907425,True,4217.829642533986
ECC+AES-256,5000,5,1686,0.026299996534362435,0.13519999629352242,0.10480001219548285,True,4217.829642533986
ECC+AES-256,5000,5,1687,0.026299996534362435,0.1360000023851171,0.16709999181330204,True,4217.829642533986
ECC+AES-256,5000,5,1688,0.030499999411404133,0.14699999883305281,0.10559998918324709,True,4217.829642533986
ECC+AES-256,5000,5,1689,0.02680000034160912,0.14430000737775117,0.10660001134965569,True,4217.829642533986
ECC+AES-256,5000,5,1690,0.02720000338740647,0.13780000153928995,0.10579999070614576,True,4217.829642533986
ECC+AES-256,5000,5,1691,0.026599998818710446,0.1368000084767118,0.10569998994469643,True,4217.829642533986
ECC+AES-256,5000,5,1692,0.02710000262595713,0.1373999984934926,0.10520000068936497,True,4217.829642533986
ECC+AES-256,5000,5,1693,0.027000001864507794,0.13809998927172273,0.10540000221226364,True,4217.829642533986
ECC+AES-256,5000,5,1694,0.026699999580159783,0.13849999231752008,0.10650001058820635,True,4217.829642533986
ECC+AES-256,5000,5,1695,0.026599998818710446,0.13649999164044857,0.10540000221226364,True,4217.829642533986
ECC+AES-256,5000,5,1696,0.02680000034160912,0.13749999925494194,0.10579999070614576,True,4217.829642533986
ECC+AES-256,5000,5,1697,0.026900001103058457,0.14390000433195382,0.10599999222904444,True,4217.829642533986
ECC+AES-256,5000,5,1698,0.026699999580159783,0.13729999773204327,0.10600000678095967,True,4217.829642533986
ECC+AES-256,5000,5,1699,0.026599998818710446,0.1353999978164211,0.10479999764356762,True,4217.829642533986
ECC+AES-256,5000,5,1700,0.026599998818710446,0.13630000466946512,0.10509999992791563,True,4217.829642533986
ECC+AES-256,5000,5,1701,0.026699999580159783,0.13640000543091446,0.1053000014508143,True,4217.829642533986
ECC+AES-256,5000,5,1702,0.028399997972883284,0.1424999936716631,0.10769999062176794,True,4217.829642533986
ECC+AES-256,5000,5,1703,0.027000001864507794,0.1373000122839585,0.1053000014508143,True,4217.829642533986
ECC+AES-256,5000,5,1704,0.02680000034160912,0.1360000023851171,0.10479999764356762,True,4217.829642533986
ECC+AES-256,5000,5,1705,0.026699999580159783,0.13610000314656645,0.1053000014508143,True,4217.829642533986
ECC+AES-256,5000,5,1706,0.026900001103058457,0.14810000720899552,0.1053000014508143,True,4217.829642533986
ECC+AES-256,5000,5,1707,0.026699999580159783,0.13690000923816115,0.10539998766034842,True,4217.829642533986
ECC+AES-256,5000,5,1708,0.026300011086277664,0.13580000086221844,0.10479999764356762,True,4217.829642533986
ECC+AES-256,5000,5,1709,0.026399997295811772,0.18420000560581684,0.10750000365078449,True,4217.829642533986
ECC+AES-256,5000,5,1710,0.0281000102404505,0.14949998876545578,0.10730000212788582,True,4217.829642533986
ECC+AES-256,5000,5,1711,0.02680000034160912,0.1370999962091446,0.10579999070614576,True,4217.829642533986
ECC+AES-256,5000,5,1712,0.02849999873433262,0.14060000830795616,0.106100007542409,True,4217.829642533986
ECC+AES-256,5000,5,1713,0.02749999111983925,0.13780000153928995,0.10939998901449144,True,4217.829642533986
ECC+AES-256,5000,5,1714,0.02720000338740647,0.13810000382363796,0.10689999908208847,True,4217.829642533986
ECC+AES-256,5000,5,1715,0.027400004910305142,0.14709999959450215,0.10549998842179775,True,4217.829642533986
ECC+AES-256,5000,5,1716,0.026900001103058457,0.1373999984934926,0.10630000906530768,True,4217.829642533986
ECC+AES-256,5000,5,1717,0.02680000034160912,0.13670000771526247,0.10560000373516232,True,4217.829642533986
ECC+AES-256,5000,5,1718,0.026699999580159783,0.13840000610798597,0.10579999070614576,True,4217.829642533986
ECC+AES-256,5000,5,1719,0.026599998818710446,0.1373000122839585,0.10620000830385834,True,4217.829642533986
ECC+AES-256,5000,5,1720,0.02680000034160912,0.13679999392479658,0.10570000449661165,True,4217.829642533986
ECC+AES-256,5000,5,1721,0.02719998883549124,0.13800000306218863,0.10540000221226364,True,4217.829642533986
ECC+AES-256,5000,5,1722,0.026599998818710446,0.13549999857787043,0.10449999535921961,True,4217.829642533986
ECC+AES-256,5000,5,1723,0.02670001413207501,0.13610000314656645,0.10520000068936497,True,4217.829642533986
ECC+AES-256,5000,5,1724,0.026699999580159783,0.14879999798722565,0.10659999679774046,True,4217.829642533986
ECC+AES-256,5000,5,1725,0.027000001864507794,0.1365000061923638,0.10509999992791563,True,4217.829642533986
ECC+AES-256,5000,5,1726,0.026699999580159783,0.13770000077784061,0.109500004327856,True,4217.829642533986
ECC+AES-256,5000,5,1727,0.026599998818710446,0.13660000695381314,0.10529998689889908,True,4217.829642533986
ECC+AES-256,5000,5,1728,0.026699999580159783,0.1360000023851171,0.1049999991664663,True,4217.829642533986
ECC+AES-256,5000,5,1729,0.02680000034160912,0.13690000923816115,0.10529998689889908,True,4217.829642533986
ECC+AES-256,5000,5,1730,0.026599998818710446,0.13640000543091446,0.10609999299049377,True,4217.829642533986
ECC+AES-256,5000,5,1731,0.02680000034160912,0.13679999392479658,0.10600000678095967,True,4217.829642533986
ECC+AES-256,5000,5,1732,0.026299996534362435,0.13529999705497175,0.10260000999551266,True,4217.829642533986
ECC+AES-256,5000,5,1733,0.025900008040480316,0.1323000033153221,0.10219999239780009,True,4217.829642533986
ECC+AES-256,5000,5,1734,0.025599991204217076,0.13329999637790024,0.10170000314246863,True,4217.829642533986
ECC+AES-256,5000,5,1735,0.02609999501146376,0.13129999570082873,0.10130000009667128,True,4217.829642533986
ECC+AES-256,5000,5,1736,0.029400005587376654,0.13729999773204327,0.10250000923406333,True,4217.829642533986
ECC+AES-256,5000,5,1737,0.026900001103058457,0.13509999553207308,0.10279999696649611,True,4217.829642533986
ECC+AES-256,5000,5,1738,0.02609999501146376,0.1348999940091744,0.1019000046653673,True,4217.829642533986
ECC+AES-256,5000,5,1739,0.026000008801929653,0.13320001016836613,0.10229999315924942,True,4217.829642533986
ECC+AES-256,5000,5,1740,0.025899993488565087,0.13179999950807542,0.10119999933522195,True,4217.829642533986
ECC+AES-256,5000,5,1741,0.025699991965666413,0.13220000255387276,0.10179998935200274,True,4217.829642533986
ECC+AES-256,5000,5,1742,0.02579999272711575,0.13390000094659626,0.10320000001229346,True,4217.829642533986
ECC+AES-256,5000,5,1743,0.025500004994682968,0.1314999972237274,0.1016000023810193,True,4217.829642533986
ECC+AES-256,5000,5,1744,0.02570000651758164,0.13129999570082873,0.10140000085812062,True,4217.829642533986
ECC+AES-256,5000,5,1745,0.07170000753831118,0.23999999393709004,0.1230000052601099,True,4217.829642533986
ECC+AES-256,5000,5,1746,0.11640001321211457,0.35400000342633575,0.1610000035725534,True,4217.829642533986
ECC+AES-256,5000,5,1747,0.048699992476031184,0.19979999342467636,0.12090000382158905,True,4217.829642533986
ECC+AES-256,5000,5,1748,0.033500007702969015,0.15659999917261302,0.12229999992996454,True,4217.829642533986
ECC+AES-256,5000,5,1749,0.0315000070258975,0.14460000966209918,0.11209999502170831,True,4217.829642533986
ECC+AES-256,5000,5,1750,0.029799994081258774,0.14450000890064985,0.11130000348202884,True,4217.829642533986
ECC+AES-256,5000,5,1751,0.029000002541579306,0.1432999997632578,0.10990000737365335,True,4217.829642533986
ECC+AES-256,5000,5,1752,0.029400005587376654,0.14230000670067966,0.10800000745803118,True,4217.829642533986
ECC+AES-256,5000,5,1753,0.029800008633174002,0.1407000090694055,0.10699999984353781,True,4217.829642533986
ECC+AES-256,5000,5,1754,0.027300004148855805,0.1373999984934926,0.10550000297371298,True,4217.829642533986
ECC+AES-256,5000,5,1755,0.027000001864507794,0.14629999350290745,0.10550000297371298,True,4217.829642533986
ECC+AES-256,5000,5,1756,0.02680000034160912,0.13640000543091446,0.1053000014508143,True,4217.829642533986
ECC+AES-256,5000,5,1757,0.027999994927085936,0.1379000023007393,0.10590000601951033,True,4217.829642533986
ECC+AES-256,5000,5,1758,0.02680000034160912,0.13689999468624592,0.10590000601951033,True,4217.829642533986
ECC+AES-256,5000,5,1759,0.026599998818710446,0.13670000771526247,0.10579999070614576,True,4217.829642533986
ECC+AES-256,5000,5,1760,0.02680000034160912,0.13830000534653664,0.10559998918324709,True,4217.829642533986
ECC+AES-256,5000,5,1761,0.026900001103058457,0.1357000001007691,0.10479999764356762,True,4217.829642533986
ECC+AES-256,5000,5,1762,0.02680000034160912,0.13580000086221844,0.1049999991664663,True,4217.829642533986
ECC+AES-256,5000,5,1763,0.026599998818710446,0.1362000039080158,0.10469999688211828,True,4217.829642533986
ECC+AES-256,5000,5,1764,0.02680000034160912,0.14689999807160348,0.10449999535921961,True,4217.829642533986
ECC+AES-256,5000,5,1765,0.026599998818710446,0.1357000001007691,0.1049999991664663,True,4217.829642533986
ECC+AES-256,5000,5,1766,0.026599998818710446,0.13609998859465122,0.10489999840501696,True,4217.829642533986
ECC+AES-256,5000,5,1767,0.027400004910305142,0.13819999003317207,0.10590000601951033,True,4217.829642533986
ECC+AES-256,5000,5,1768,0.02680000034160912,0.1365999924018979,0.10439999459777027,True,4217.829642533986
ECC+AES-256,5000,5,1769,0.02710000262595713,0.1362999901175499,0.10430000838823617,True,4217.829642533986
ECC+AES-256,5000,5,1770,0.02750000567175448,0.13640000543091446,0.10560000373516232,True,4217.829642533986
ECC+AES-256,5000,5,1771,0.02680000034160912,0.1360000023851171,0.10609999299049377,True,4217.829642533986
ECC+AES-256,5000,5,1772,0.026599998818710446,0.13590000162366778,0.1053000014508143,True,4217.829642533986
ECC+AES-256,5000,5,1773,0.026699999580159783,0.13630000466946512,0.10569998994469643,True,4217.829642533986
ECC+AES-256,5000,5,1774,0.026999987312592566,0.13710001076105982,0.10560000373516232,True,4217.829642533986
ECC+AES-256,5000,5,1775,0.026599998818710446,0.19880000036209822,0.11050001194234937,True,4217.829642533986
ECC+AES-256,5000,5,1776,0.03169999399688095,0.14269999519456178,0.10580000525806099,True,4217.829642533986
ECC+AES-256,5000,5,1777,0.02720000338740647,0.13700000999961048,0.10520000068936497,True,4217.829642533986
ECC+AES-256,5000,5,1778,0.02680000034160912,0.1382999907946214,0.10550000297371298,True,4217.829642533986
ECC+AES-256,5000,5,1779,0.02680000034160912,0.13760000001639128,0.10620000830385834,True,4217.829642533986
ECC+AES-256,5000,5,1780,0.026699999580159783,0.13689999468624592,0.10599999222904444,True,4217.829642533986
ECC+AES-256,5000,5,1781,0.02710000262595713,0.14819999341852963,0.1112000027205795,True,4217.829642533986
ECC+AES-256,5000,5,1782,0.026699999580159783,0.13700000999961048,0.10590000601951033,True,4217.829642533986
ECC+AES-256,5000,5,1783,0.02649999805726111,0.13640000543091446,0.10580000525806099,True,4217.829642533986
ECC+AES-256,5000,5,1784,0.02649999805726111,0.1368000084767118,0.10569998994469643,True,4217.829642533986
ECC+AES-256,5000,5,1785,0.02720000338740647,0.13690000923816115,0.10559998918324709,True,4217.829642533986
ECC+AES-256,5000,5,1786,0.026699999580159783,0.1365000061923638,0.1049999991664663,True,4217.829642533986
ECC+AES-256,5000,5,1787,0.026399997295811772,0.13830000534653664,0.10629999451339245,True,4217.829642533986
ECC+AES-256,5000,5,1788,0.027700007194653153,0.1373999984934926,0.10569998994469643,True,4217.829642533986
ECC+AES-256,5000,5,1789,0.026699999580159783,0.13679999392479658,0.1049999991664663,True,4217.829642533986
ECC+AES-256,5000,5,1790,0.027300004148855805,0.14250000822357833,0.10509999992791563,True,4217.829642533986
ECC+AES-256,5000,5,1791,0.026599998818710446,0.13509999553207308,0.10469999688211828,True,4217.829642533986
ECC+AES-256,5000,5,1792,0.02649999805726111,0.1412999990861863,0.10560000373516232,True,4217.829642533986
ECC+AES-256,5000,5,1793,0.026399997295811772,0.13590000162366778,0.10470001143403351,True,4217.829642533986
ECC+AES-256,5000,5,1794,0.02649999805726111,0.13610000314656645,0.10550000297371298,True,4217.829642533986
ECC+AES-256,5000,5,1795,0.02680000034160912,0.13669999316334724,0.10540000221226364,True,4217.829642533986
ECC+AES-256,5000,5,1796,0.02649999805726111,0.13529999705497175,0.10420000762678683,True,4217.829642533986
ECC+AES-256,5000,5,1797,0.026400011847727,0.135600013891235,0.1044000091496855,True,4217.829642533986
ECC+AES-256,5000,5,1798,0.0261999957729131,0.13610000314656645,0.1053000014508143,True,4217.829642533986
ECC+AES-256,5000,5,1799,0.026699999580159783,0.14940000255592167,0.10580000525806099,True,4217.829642533986
ECC+AES-256,5000,5,1800,0.026599998818710446,0.1370999962091446,0.10489999840501696,True,4217.829642533986
ECC+AES-256,5000,5,1801,0.026900001103058457,0.13640000543091446,0.1041999930748716,True,4217.829642533986
ECC+AES-256,5000,5,1802,0.027000001864507794,0.1373999984934926,0.10449999535921961,True,4217.829642533986
ECC+AES-256,5000,5,1803,0.026599998818710446,0.13699999544769526,0.10550000297371298,True,4217.829642533986
ECC+AES-256,5000,5,1804,0.026599998818710446,0.1370999962091446,0.10540000221226364,True,4217.829642533986
ECC+AES-256,5000,5,1805,0.02680000034160912,0.1379000023007393,0.10549998842179775,True,4217.829642533986
ECC+AES-256,5000,5,1806,0.02680000034160912,0.13610000314656645,0.10509999992791563,True,4217.829642533986
ECC+AES-256,5000,5,1807,0.026400011847727,0.1351000100839883,0.10460001067258418,True,4217.829642533986
ECC+AES-256,5000,5,1808,0.02680000034160912,0.13669999316334724,0.10560000373516232,True,4217.829642533986
ECC+AES-256,5000,5,1809,0.026299996534362435,0.1360000023851171,0.10629999451339245,True,4217.829642533986
ECC+AES-256,5000,5,1810,0.026699999580159783,0.1807000080589205,0.1120000088121742,True,4217.829642533986
ECC+AES-256,5000,5,1811,0.05950000195298344,0.18909999926108867,0.11500000255182385,True,4217.829642533986
ECC+AES-256,5000,5,1812,0.0354999938281253,0.14540000120177865,0.10720000136643648,True,4217.829642533986
ECC+AES-256,5000,5,1813,0.030700000934302807,0.1407999952789396,0.10659999679774046,True,4217.829642533986
ECC+AES-256,5000,5,1814,0.028299997211433947,0.14039999223314226,0.10689999908208847,True,4217.829642533986
ECC+AES-256,5000,5,1815,0.028099995688535273,0.152299995534122,0.10900000052060932,True,4217.829642533986
ECC+AES-256,5000,5,1816,0.027799993404187262,0.1412999990861863,0.10819999442901462,True,4217.829642533986
ECC+AES-256,5000,5,1817,0.029100003303028643,0.14039999223314226,0.10699999984353781,True,4217.829642533986
ECC+AES-256,5000,5,1818,0.027900008717551827,0.14010000450070947,0.10639999527484179,True,4217.829642533986
ECC+AES-256,5000,5,1819,0.027699992642737925,0.13760000001639128,0.10579999070614576,True,4217.829642533986
ECC+AES-256,5000,5,1820,0.02720000338740647,0.1866000093286857,0.10770000517368317,True,4217.829642533986
ECC+AES-256,5000,5,1821,0.02780000795610249,0.1379000023007393,0.106100007542409,True,4217.829642533986
ECC+AES-256,5000,5,1822,0.027300004148855805,0.13749999925494194,0.10720000136643648,True,4217.829642533986
ECC+AES-256,5000,5,1823,0.02720000338740647,0.1365999924018979,0.10570000449661165,True,4217.829642533986
ECC+AES-256,5000,5,1824,0.026900001103058457,0.1486000110162422,0.1053000014508143,True,4217.829642533986
ECC+AES-256,5000,5,1825,0.02649999805726111,0.13760000001639128,0.10599999222904444,True,4217.829642533986
ECC+AES-256,5000,5,1826,0.02680000034160912,0.13699999544769526,0.1053000014508143,True,4217.829642533986
ECC+AES-256,5000,5,1827,0.026699999580159783,0.13679999392479658,0.10599999222904444,True,4217.829642533986
ECC+AES-256,5000,5,1828,0.026500012609176338,0.1362000039080158,0.1053000014508143,True,4217.829642533986
ECC+AES-256,5000,5,1829,0.026600013370625675,0.13700000999961048,0.10509999992791563,True,4217.829642533986
ECC+AES-256,5000,5,1830,0.02649999805726111,0.1382000045850873,0.10549998842179775,True,4217.829642533986
ECC+AES-256,5000,5,1831,0.026699999580159783,0.1370999962091446,0.10570000449661165,True,4217.829642533986
ECC+AES-256,5000,5,1832,0.026599998818710446,0.13859999307896942,0.10620000830385834,True,4217.829642533986
ECC+AES-256,5000,5,1833,0.026699999580159783,0.13630000466946512,0.106100007542409,True,4217.829642533986
ECC+AES-256,5000,5,1834,0.026900001103058457,0.14050000754650682,0.10520000068936497,True,4217.829642533986
ECC+AES-256,5000,5,1835,0.02720000338740647,0.13669999316334724,0.10459999612066895,True,4217.829642533986
ECC+AES-256,5000,5,1836,0.026900001103058457,0.13760000001639128,0.10600000678095967,True,4217.829642533986
ECC+AES-256,5000,5,1837,0.026900001103058457,0.13649999164044857,0.10580000525806099,True,4217.829642533986
ECC+AES-256,5000,5,1838,0.026500012609176338,0.13640000543091446,0.10469999688211828,True,4217.829642533986
ECC+AES-256,5000,5,1839,0.02649999805726111,0.1362000039080158,0.10520000068936497,True,4217.829642533986
ECC+AES-256,5000,5,1840,0.02680000034160912,0.1370999962091446,0.10560000373516232,True,4217.829642533986
ECC+AES-256,5000,5,1841,0.02680000034160912,0.13760000001639128,0.10560000373516232,True,4217.829642533986
ECC+AES-256,5000,5,1842,0.026400011847727,0.13640000543091446,0.1053000014508143,True,4217.829642533986
ECC+AES-256,5000,5,1843,0.031200004741549492,0.1438999897800386,0.10619999375194311,True,4217.829642533986
ECC+AES-256,5000,5,1844,0.027799993404187262,0.14689999807160348,0.10990000737365335,True,4217.829642533986
ECC+AES-256,5000,5,1845,0.07679998816456646,0.14770000416319817,0.10800000745803118,True,4217.829642533986
ECC+AES-256,5000,5,1846,0.02819999644998461,0.14039999223314226,0.10710000060498714,True,4217.829642533986
ECC+AES-256,5000,5,1847,0.026900001103058457,0.1370999962091446,0.1053000014508143,True,4217.829642533986
ECC+AES-256,5000,5,1848,0.027000001864507794,0.14199998986441642,0.10550000297371298,True,4217.829642533986
ECC+AES-256,5000,5,1849,0.026900001103058457,0.13700000999961048,0.10679999832063913,True,4217.829642533986
ECC+AES-256,5000,5,1850,0.02680000034160912,0.13760000001639128,0.10609999299049377,True,4217.829642533986
ECC+AES-256,5000,5,1851,0.026399997295811772,0.1360000023851171,0.10480001219548285,True,4217.829642533986
ECC+AES-256,5000,5,1852,0.02719998883549124,0.13640000543091446,0.10540000221226364,True,4217.829642533986
ECC+AES-256,5000,5,1853,0.02720000338740647,0.14799999189563096,0.10849999671336263,True,4217.829642533986
ECC+AES-256,5000,5,1854,0.026699999580159783,0.13630000466946512,0.10449999535921961,True,4217.829642533986
ECC+AES-256,5000,5,1855,0.026900001103058457,0.1353999978164211,0.1044000091496855,True,4217.829642533986
ECC+AES-256,5000,5,1856,0.026399997295811772,0.1362000039080158,0.10559998918324709,True,4217.829642533986
ECC+AES-256,5000,5,1857,0.02649999805726111,0.13679999392479658,0.10600000678095967,True,4217.829642533986
ECC+AES-256,5000,5,1858,0.026399997295811772,0.13639999087899923,0.10489999840501696,True,4217.829642533986
ECC+AES-256,5000,5,1859,0.026699999580159783,0.1362000039080158,0.10520000068936497,True,4217.829642533986
ECC+AES-256,5000,5,1860,0.026599998818710446,0.13519999629352242,0.1049999991664663,True,4217.829642533986
ECC+AES-256,5000,5,1861,0.026599998818710446,0.13670000771526247,0.10520000068936497,True,4217.829642533986
ECC+AES-256,5000,5,1862,0.02680000034160912,0.14370000280905515,0.10550000297371298,True,4217.829642533986
ECC+AES-256,5000,5,1863,0.026699999580159783,0.13660000695381314,0.10469999688211828,True,4217.829642533986
ECC+AES-256,5000,5,1864,0.026599998818710446,0.13619998935610056,0.10450000991113484,True,4217.829642533986
ECC+AES-256,5000,5,1865,0.026599998818710446,0.13619998935610056,0.10469999688211828,True,4217.829642533986
ECC+AES-256,5000,5,1866,0.02649999805726111,0.1362000039080158,0.10989999282173812,True,4217.829642533986
ECC+AES-256,5000,5,1867,0.026500012609176338,0.13690000923816115,0.10599999222904444,True,4217.829642533986
ECC+AES-256,5000,5,1868,0.026299996534362435,0.1357000001007691,0.1049999991664663,True,4217.829642533986
ECC+AES-256,5000,5,1869,0.026900001103058457,0.1353999978164211,0.10449999535921961,True,4217.829642533986
ECC+AES-256,5000,5,1870,0.026500012609176338,0.13760000001639128,0.1053000014508143,True,4217.829642533986
ECC+AES-256,5000,5,1871,0.027000001864507794,0.15079999866429716,0.10580000525806099,True,4217.829642533986
ECC+AES-256,5000,5,1872,0.026699999580159783,0.13800000306218863,0.10609999299049377,True,4217.829642533986
ECC+AES-256,5000,5,1873,0.026599998818710446,0.13729999773204327,0.10549998842179775,True,4217.829642533986
ECC+AES-256,5000,5,1874,0.026599998818710446,0.1365999924018979,0.10520000068936497,True,4217.829642533986
ECC+AES-256,5000,5,1875,0.026699999580159783,0.1360000023851171,0.10439999459777027,True,4217.829642533986
ECC+AES-256,5000,5,1876,0.02649999805726111,0.13840000610798597,0.10550000297371298,True,4217.829642533986
ECC+AES-256,5000,5,1877,0.026399997295811772,0.1365000061923638,0.10479999764356762,True,4217.829642533986
ECC+AES-256,5000,5,1878,0.02609999501146376,0.13590000162366778,0.10550000297371298,True,4217.829642533986
ECC+AES-256,5000,5,1879,0.026399997295811772,0.13559999933931977,0.10509999992791563,True,4217.829642533986
ECC+AES-256,5000,5,1880,0.026900001103058457,0.14220000593923032,0.15530000382568687,True,4217.829642533986
ECC+AES-256,5000,5,1881,0.038699989090673625,0.1564999984111637,0.17689999367576092,True,4217.829642533986
ECC+AES-256,5000,5,1882,0.034500000765547156,0.1508999994257465,0.10970000585075468,True,4217.829642533986
ECC+AES-256,5000,5,1883,0.02889998722821474,0.14010000450070947,0.1075999898603186,True,4217.829642533986
ECC+AES-256,5000,5,1884,0.027600006433203816,0.13770000077784061,0.10590000601951033,True,4217.829642533986
ECC+AES-256,5000,5,1885,0.027000001864507794,0.13670000771526247,0.1049999991664663,True,4217.829642533986
ECC+AES-256,5000,5,1886,0.02710000262595713,0.13809998927172273,0.10600000678095967,True,4217.829642533986
ECC+AES-256,5000,5,1887,0.02680000034160912,0.13780000153928995,0.10540000221226364,True,4217.829642533986
ECC+AES-256,5000,5,1888,0.027400004910305142,0.1458999904571101,0.1049999991664663,True,4217.829642533986
ECC+AES-256,5000,5,1889,0.027000001864507794,0.13839999155607074,0.10570000449661165,True,4217.829642533986
ECC+AES-256,5000,5,1890,0.026900001103058457,0.13720001152250916,0.1053000014508143,True,4217.829642533986
ECC+AES-256,5000,5,1891,0.026699999580159783,0.13699999544769526,0.10599999222904444,True,4217.829642533986
ECC+AES-256,5000,5,1892,0.026900001103058457,0.13630000466946512,0.10520000068936497,True,4217.829642533986
ECC+AES-256,5000,5,1893,0.026699999580159783,0.13590000162366778,0.10449999535921961,True,4217.829642533986
ECC+AES-256,5000,5,1894,0.02680000034160912,0.13610000314656645,0.10550000297371298,True,4217.829642533986
ECC+AES-256,5000,5,1895,0.026299996534362435,0.13679999392479658,0.10459999612066895,True,4217.829642533986
ECC+AES-256,5000,5,1896,0.026699999580159783,0.13580000086221844,0.10459999612066895,True,4217.829642533986
ECC+AES-256,5000,5,1897,0.026699999580159783,0.14709999959450215,0.10659999679774046,True,4217.829642533986
ECC+AES-256,5000,5,1898,0.026599998818710446,0.13690000923816115,0.10509999992791563,True,4217.829642533986
ECC+AES-256,5000,5,1899,0.026299996534362435,0.13559999933931977,0.10479999764356762,True,4217.829642533986
ECC+AES-256,5000,5,1900,0.026699999580159783,0.13589998707175255,0.10539998766034842,True,4217.829642533986
ECC+AES-256,5000,5,1901,0.026599998818710446,0.1362000039080158,0.10550000297371298,True,4217.829642533986
ECC+AES-256,5000,5,1902,0.02649999805726111,0.13689999468624592,0.10540000221226364,True,4217.829642533986
ECC+AES-256,5000,5,1903,0.026399997295811772,0.13749999925494194,0.10580000525806099,True,4217.829642533986
ECC+AES-256,5000,5,1904,0.027299989596940577,0.1379000023007393,0.10559998918324709,True,4217.829642533986
ECC+AES-256,5000,5,1905,0.02649999805726111,0.1362000039080158,0.10550000297371298,True,4217.829642533986
ECC+AES-256,5000,5,1906,0.026900001103058457,0.13710001076105982,0.10519998613744974,True,4217.829642533986
ECC+AES-256,5000,5,1907,0.026900001103058457,0.13649999164044857,0.10550000297371298,True,4217.829642533986
ECC+AES-256,5000,5,1908,0.026399997295811772,0.13580000086221844,0.10520000068936497,True,4217.829642533986
ECC+AES-256,5000,5,1909,0.026299996534362435,0.13509999553207308,0.10370000381954014,True,4217.829642533986
ECC+AES-256,5000,5,1910,0.02609999501146376,0.13499999477062374,0.10469999688211828,True,4217.829642533986
ECC+AES-256,5000,5,1911,0.026599998818710446,0.1357999863103032,0.10550000297371298,True,4217.829642533986
ECC+AES-256,5000,5,1912,0.026000008801929653,0.14080000983085483,0.10429999383632094,True,4217.829642533986
ECC+AES-256,5000,5,1913,0.02680000034160912,0.13529999705497175,0.10449999535921961,True,4217.829642533986
ECC+AES-256,5000,5,1914,0.026300011086277664,0.13559999933931977,0.10489999840501696,True,4217.829642533986
ECC+AES-256,5000,5,1915,0.026900001103058457,0.18170000112149864,0.1112000027205795,True,4217.829642533986
ECC+AES-256,5000,5,1916,0.029399991035461426,0.1416000013705343,0.10609999299049377,True,4217.829642533986
ECC+AES-256,5000,5,1917,0.02720000338740647,0.14149998605716974,0.10550000297371298,True,4217.829642533986
ECC+AES-256,5000,5,1918,0.02680000034160912,0.13699999544769526,0.10580000525806099,True,4217.829642533986
ECC+AES-256,5000,5,1919,0.026400011847727,0.13710001076105982,0.10609999299049377,True,4217.829642533986
ECC+AES-256,5000,5,1920,0.027300004148855805,0.13760000001639128,0.1066999975591898,True,4217.829642533986
ECC+AES-256,5000,5,1921,0.02649999805726111,0.13669999316334724,0.10509999992791563,True,4217.829642533986
ECC+AES-256,5000,5,1922,0.026399997295811772,0.13509999553207308,0.10479999764356762,True,4217.829642533986
ECC+AES-256,5000,5,1923,0.02649999805726111,0.1362000039080158,0.10580000525806099,True,4217.829642533986
ECC+AES-256,5000,5,1924,0.02680000034160912,0.14010000450070947,0.10560000373516232,True,4217.829642533986
ECC+AES-256,5000,5,1925,0.026699999580159783,0.13669999316334724,0.1053000014508143,True,4217.829642533986
ECC+AES-256,5000,5,1926,0.02680000034160912,0.13770000077784061,0.10609999299049377,True,4217.829642533986
ECC+AES-256,5000,5,1927,0.026699999580159783,0.13649999164044857,0.10520000068936497,True,4217.829642533986
ECC+AES-256,5000,5,1928,0.026399997295811772,0.13760000001639128,0.10550000297371298,True,4217.829642533986
ECC+AES-256,5000,5,1929,0.026699999580159783,0.13530001160688698,0.10449999535921961,True,4217.829642533986
ECC+AES-256,5000,5,1930,0.02649999805726111,0.13469999248627573,0.1044000091496855,True,4217.829642533986
ECC+AES-256,5000,5,1931,0.026299996534362435,0.13639999087899923,0.10570000449661165,True,4217.829642533986
ECC+AES-256,5000,5,1932,0.026599998818710446,0.13619998935610056,0.10479999764356762,True,4217.829642533986
ECC+AES-256,5000,5,1933,0.026599998818710446,0.14649999502580613,0.10599999222904444,True,4217.829642533986
ECC+AES-256,5000,5,1934,0.027000001864507794,0.13610000314656645,0.10509999992791563,True,4217.829642533986
ECC+AES-256,5000,5,1935,0.026599998818710446,0.13690000923816115,0.10509999992791563,True,4217.829642533986
ECC+AES-256,5000,5,1936,0.02649999805726111,0.1365999924018979,0.10550000297371298,True,4217.829642533986
ECC+AES-256,5000,5,1937,0.02649999805726111,0.13649999164044857,0.10449999535921961,True,4217.829642533986
ECC+AES-256,5000,5,1938,0.02649999805726111,0.13580000086221844,0.10509999992791563,True,4217.829642533986
ECC+AES-256,5000,5,1939,0.026500012609176338,0.13610000314656645,0.1049999991664663,True,4217.829642533986
ECC+AES-256,5000,5,1940,0.02649999805726111,0.13669999316334724,0.1049999991664663,True,4217.829642533986
ECC+AES-256,5000,5,1941,0.02720000338740647,0.13719999697059393,0.10489999840501696,True,4217.829642533986
ECC+AES-256,5000,5,1942,0.026900001103058457,0.13880000915378332,0.10399999155197293,True,4217.829642533986
ECC+AES-256,5000,5,1943,0.026400011847727,0.13590000162366778,0.10489999840501696,True,4217.829642533986
ECC+AES-256,5000,5,1944,0.02649999805726111,0.14370000280905515,0.10580000525806099,True,4217.829642533986
ECC+AES-256,5000,5,1945,0.026699999580159783,0.13549999857787043,0.1041999930748716,True,4217.829642533986
ECC+AES-256,5000,5,1946,0.02649999805726111,0.13499999477062374,0.1053000014508143,True,4217.829642533986
ECC+AES-256,5000,5,1947,0.026900001103058457,0.13630000466946512,0.10580000525806099,True,4217.829642533986
ECC+AES-256,5000,5,1948,0.026699999580159783,0.13649999164044857,0.10520000068936497,True,4217.829642533986
ECC+AES-256,5000,5,1949,0.026599998818710446,0.13590000162366778,0.10449999535921961,True,4217.829642533986
ECC+AES-256,5000,5,1950,0.02649999805726111,0.13559999933931977,0.1436000020476058,True,4217.829642533986
ECC+AES-256,5000,5,1951,0.029699993319809437,0.14390000433195382,0.10609999299049377,True,4217.829642533986
ECC+AES-256,5000,5,1952,0.02649999805726111,0.1357000001007691,0.10520000068936497,True,4217.829642533986
ECC+AES-256,5000,5,1953,0.026900001103058457,0.13559999933931977,0.1049999991664663,True,4217.829642533986
ECC+AES-256,5000,5,1954,0.026299996534362435,0.13640000543091446,0.10620000830385834,True,4217.829642533986
ECC+AES-256,5000,5,1955,0.030700000934302807,0.14409999130293727,0.10740000288933516,True,4217.829642533986
ECC+AES-256,5000,5,1956,0.027600006433203816,0.13819999003317207,0.10540000221226364,True,4217.829642533986
ECC+AES-256,5000,5,1957,0.026900001103058457,0.1370999962091446,0.10580000525806099,True,4217.829642533986
ECC+AES-256,5000,5,1958,0.026699999580159783,0.13689999468624592,0.106100007542409,True,4217.829642533986
ECC+AES-256,5000,5,1959,0.026399997295811772,0.13640000543091446,0.10579999070614576,True,4217.829642533986
ECC+AES-256,5000,5,1960,0.02710000262595713,0.149200001033023,0.11110000195913017,True,4217.829642533986
ECC+AES-256,5000,5,1961,0.026599998818710446,0.1362999901175499,0.10560000373516232,True,4217.829642533986
ECC+AES-256,5000,5,1962,0.026299996534362435,0.13580000086221844,0.10439999459777027,True,4217.829642533986
ECC+AES-256,5000,5,1963,0.026399997295811772,0.13590000162366778,0.10509999992791563,True,4217.829642533986
ECC+AES-256,5000,5,1964,0.026599998818710446,0.13700000999961048,0.10500001371838152,True,4217.829642533986
ECC+AES-256,5000,5,1965,0.02649999805726111,0.13760000001639128,0.10570000449661165,True,4217.829642533986
ECC+AES-256,5000,5,1966,0.02649999805726111,0.13649999164044857,0.10479999764356762,True,4217.829642533986
ECC+AES-256,5000,5,1967,0.026699999580159783,0.13639999087899923,0.10459999612066895,True,4217.829642533986
ECC+AES-256,5000,5,1968,0.027399990358389914,0.1382000045850873,0.1058999914675951,True,4217.829642533986
ECC+AES-256,5000,5,1969,0.026699999580159783,0.14459999511018395,0.10570000449661165,True,4217.829642533986
ECC+AES-256,5000,5,1970,0.02649999805726111,0.1368000084767118,0.10479999764356762,True,4217.829642533986
ECC+AES-256,5000,5,1971,0.02649999805726111,0.13639999087899923,0.10600000678095967,True,4217.829642533986
ECC+AES-256,5000,5,1972,0.026599998818710446,0.1370999962091446,0.1049999991664663,True,4217.829642533986
ECC+AES-256,5000,5,1973,0.02649999805726111,0.1365999924018979,0.10570000449661165,True,4217.829642533986
ECC+AES-256,5000,5,1974,0.02649999805726111,0.1365000061923638,0.10450000991113484,True,4217.829642533986
ECC+AES-256,5000,5,1975,0.026900001103058457,0.13630000466946512,0.1049999991664663,True,4217.829642533986
ECC+AES-256,5000,5,1976,0.027300004148855805,0.13839999155607074,0.10580000525806099,True,4217.829642533986
ECC+AES-256,5000,5,1977,0.026399997295811772,0.13760000001639128,0.10520000068936497,True,4217.829642533986
ECC+AES-256,5000,5,1978,0.027000001864507794,0.14849999570287764,0.1086000120267272,True,4217.829642533986
ECC+AES-256,5000,5,1979,0.02710000262595713,0.1382000045850873,0.10550000297371298,True,4217.829642533986
ECC+AES-256,5000,5,1980,0.026399997295811772,0.13610000314656645,0.10449999535921961,True,4217.829642533986
ECC+AES-256,5000,5,1981,0.026299996534362435,0.13439999020192772,0.10210000618826598,True,4217.829642533986
ECC+AES-256,5000,5,1982,0.025500004994682968,0.1323000033153221,0.10239999392069876,True,4217.829642533986
ECC+AES-256,5000,5,1983,0.02540000423323363,0.13339999713934958,0.10239999392069876,True,4217.829642533986
ECC+AES-256,5000,5,1984,0.025699991965666413,0.13299999409355223,0.10180000390391797,True,4217.829642533986
ECC+AES-256,5000,5,1985,0.025600005756132305,0.13159999798517674,0.36499999987427145,True,4217.829642533986
ECC+AES-256,5000,5,1986,0.05909999890718609,0.17929999739862978,0.1142999972216785,True,4217.829642533986
ECC+AES-256,5000,5,1987,0.042400002712383866,0.17079999088309705,0.11430001177359372,True,4217.829642533986
ECC+AES-256,5000,5,1988,0.028299997211433947,0.14090001059230417,0.10620000830385834,True,4217.829642533986
ECC+AES-256,5000,5,1989,0.026399997295811772,0.13590000162366778,0.10599999222904444,True,4217.829642533986
ECC+AES-256,5000,5,1990,0.027300004148855805,0.13719999697059393,0.10730000212788582,True,4217.829642533986
ECC+AES-256,5000,5,1991,0.02680000034160912,0.13580000086221844,0.10509999992791563,True,4217.829642533986
ECC+AES-256,5000,5,1992,0.026699999580159783,0.13729999773204327,0.10590000601951033,True,4217.829642533986
ECC+AES-256,5000,5,1993,0.026699999580159783,0.1370999962091446,0.10509999992791563,True,4217.829642533986
ECC+AES-256,5000,5,1994,0.026500012609176338,0.13640000543091446,0.10679999832063913,True,4217.829642533986
ECC+AES-256,5000,5,1995,0.027599991881288588,0.13760000001639128,0.10579999070614576,True,4217.829642533986
ECC+AES-256,5000,5,1996,0.026699999580159783,0.13559999933931977,0.1049999991664663,True,4217.829642533986
ECC+AES-256,5000,5,1997,0.02649999805726111,0.13630000466946512,0.10529998689889908,True,4217.829642533986
ECC+AES-256,5000,5,1998,0.026699999580159783,0.13660000695381314,0.10619999375194311,True,4217.829642533986
ECC+AES-256,5000,5,1999,0.026900001103058457,0.135600013891235,0.10470001143403351,True,4217.829642533986
ECC+AES-256,5000,5,2000,0.026599998818710446,0.13559999933931977,0.10489999840501696,True,4217.829642533986
ECC+AES-256,5000,5,2001,0.026399997295811772,0.13729999773204327,0.1058999914675951,True,4217.829642533986
ECC+AES-256,5000,5,2002,0.026699999580159783,0.13610000314656645,0.10540000221226364,True,4217.829642533986
ECC+AES-256,5000,5,2003,0.026400011847727,0.1365000061923638,0.10509999992791563,True,4217.829642533986
ECC+AES-256,5000,5,2004,0.02649999805726111,0.13660000695381314,0.10520000068936497,True,4217.829642533986
ECC+AES-256,5000,5,2005,0.026399997295811772,0.13649999164044857,0.1049999991664663,True,4217.829642533986
ECC+AES-256,5000,5,2006,0.02680000034160912,0.13840000610798597,0.10469999688211828,True,4217.829642533986
ECC+AES-256,5000,5,2007,0.02649999805726111,0.1362999901175499,0.10550000297371298,True,4217.829642533986
ECC+AES-256,5000,5,2008,0.027299989596940577,0.13749999925494194,0.10560000373516232,True,4217.829642533986
ECC+AES-256,5000,5,2009,0.026599998818710446,0.13690000923816115,0.1058999914675951,True,4217.829642533986
ECC+AES-256,5000,5,2010,0.030399998649954796,0.14989999181125313,0.1100999943446368,True,4217.829642533986
ECC+AES-256,5000,5,2011,0.027999994927085936,0.1404999929945916,0.10630000906530768,True,4217.829642533986
ECC+AES-256,5000,5,2012,0.02710000262595713,0.13760000001639128,0.10619999375194311,True,4217.829642533986
ECC+AES-256,5000,5,2013,0.026900001103058457,0.13770000077784061,0.10590000601951033,True,4217.829642533986
ECC+AES-256,5000,5,2014,0.02710000262595713,0.13729999773204327,0.10599999222904444,True,4217.829642533986
ECC+AES-256,5000,5,2015,0.026299996534362435,0.13729999773204327,0.10590000601951033,True,4217.829642533986
ECC+AES-256,5000,5,2016,0.026999987312592566,0.13800000306218863,0.10619999375194311,True,4217.829642533986
ECC+AES-256,5000,5,2017,0.027399990358389914,0.1370999962091446,0.10550000297371298,True,4217.829642533986
ECC+AES-256,5000,5,2018,0.026400011847727,0.13630000466946512,0.1058999914675951,True,4217.829642533986
ECC+AES-256,5000,5,2019,0.0261999957729131,0.13529999705497175,0.10489999840501696,True,4217.829642533986
ECC+AES-256,5000,5,2020,0.026299996534362435,0.13590000162366778,0.16129999130498618,True,4217.829642533986
ECC+AES-256,5000,5,2021,0.03329999162815511,0.1438000035705045,0.10720000136643648,True,4217.829642533986
ECC+AES-256,5000,5,2022,0.027599991881288588,0.13800000306218863,0.10650001058820635,True,4217.829642533986
ECC+AES-256,5000,5,2023,0.027600006433203816,0.13749999925494194,0.10619999375194311,True,4217.829642533986
ECC+AES-256,5000,5,2024,0.0278999941656366,0.15049999637994915,0.10939998901449144,True,4217.829642533986
ECC+AES-256,5000,5,2025,0.027900008717551827,0.13720001152250916,0.10509999992791563,True,4217.829642533986
ECC+AES-256,5000,5,2026,0.02750000567175448,0.13710001076105982,0.10580000525806099,True,4217.829642533986
ECC+AES-256,5000,5,2027,0.026900001103058457,0.13649999164044857,0.10520000068936497,True,4217.829642533986
ECC+AES-256,5000,5,2028,0.027000001864507794,0.13630000466946512,0.1049999991664663,True,4217.829642533986
ECC+AES-256,5000,5,2029,0.027300004148855805,0.13639999087899923,0.10560000373516232,True,4217.829642533986
ECC+AES-256,5000,5,2030,0.028299997211433947,0.13699999544769526,0.1049999991664663,True,4217.829642533986
ECC+AES-256,5000,5,2031,0.028299997211433947,0.13760000001639128,0.1058999914675951,True,4217.829642533986
ECC+AES-256,5000,5,2032,0.02750000567175448,0.1387999946018681,0.10560000373516232,True,4217.829642533986
ECC+AES-256,5000,5,2033,0.02720000338740647,0.13639999087899923,0.10550000297371298,True,4217.829642533986
ECC+AES-256,5000,5,2034,0.02719998883549124,0.1453000004403293,0.10540000221226364,True,4217.829642533986
ECC+AES-256,5000,5,2035,0.02689998655114323,0.13640000543091446,0.1049999991664663,True,4217.829642533986
ECC+AES-256,5000,5,2036,0.026900001103058457,0.13639999087899923,0.10590000601951033,True,4217.829642533986
ECC+AES-256,5000,5,2037,0.02710000262595713,0.1379000023007393,0.10629999451339245,True,4217.829642533986
ECC+AES-256,5000,5,2038,0.027599991881288588,0.13899999612476677,0.106100007542409,True,4217.829642533986
ECC+AES-256,5000,5,2039,0.027300004148855805,0.13669999316334724,0.10570000449661165,True,4217.829642533986
ECC+AES-256,5000,5,2040,0.027599991881288588,0.1373999984934926,0.10439999459777027,True,4217.829642533986
ECC+AES-256,5000,5,2041,0.026699999580159783,0.13679999392479658,0.10489999840501696,True,4217.829642533986
ECC+AES-256,5000,5,2042,0.027300004148855805,0.1370999962091446,0.10689999908208847,True,4217.829642533986
ECC+AES-256,5000,5,2043,0.027000001864507794,0.13639999087899923,0.10449999535921961,True,4217.829642533986
ECC+AES-256,5000,5,2044,0.026699999580159783,0.1407000090694055,0.10470001143403351,True,4217.829642533986
ECC+AES-256,5000,5,2045,0.026299996534362435,0.13590000162366778,0.10489999840501696,True,4217.829642533986
ECC+AES-256,5000,5,2046,0.026599998818710446,0.1353999978164211,0.1049999991664663,True,4217.829642533986
ECC+AES-256,5000,5,2047,0.029400005587376654,0.14200000441633165,0.10649999603629112,True,4217.829642533986
ECC+AES-256,5000,5,2048,0.027099988074041903,0.13770000077784061,0.10569998994469643,True,4217.829642533986
ECC+AES-256,5000,5,2049,0.07340000593103468,0.14350000128615648,0.10689999908208847,True,4217.829642533986
ECC+AES-256,5000,5,2050,0.027400004910305142,0.13780000153928995,0.10620000830385834,True,4217.829642533986
ECC+AES-256,5000,5,2051,0.02710000262595713,0.13679999392479658,0.1053000014508143,True,4217.829642533986
ECC+AES-256,5000,5,2052,0.02680000034160912,0.13640000543091446,0.10489999840501696,True,4217.829642533986
ECC+AES-256,5000,5,2053,0.02680000034160912,0.13519999629352242,0.10420000762678683,True,4217.829642533986
ECC+AES-256,5000,5,2054,0.026400011847727,0.13559999933931977,0.1053000014508143,True,4217.829642533986
ECC+AES-256,5000,5,2055,0.026500012609176338,0.13559999933931977,0.10540000221226364,True,4217.829642533986
ECC+AES-256,5000,5,2056,0.02680000034160912,0.13700000999961048,0.10520000068936497,True,4217.829642533986
ECC+AES-256,5000,5,2057,0.026699999580159783,0.13679999392479658,0.10489999840501696,True,4217.829642533986
ECC+AES-256,5000,5,2058,0.042100000428035855,0.1686000032350421,0.19019999308511615,True,4217.829642533986
ECC+AES-256,5000,5,2059,0.03709999145939946,0.15859999984968454,0.11350000568199903,True,4217.829642533986
ECC+AES-256,5000,5,2060,0.029999995604157448,0.1416000013705343,0.10810000821948051,True,4217.829642533986
ECC+AES-256,5000,5,2061,0.027599991881288588,0.14910000027157366,0.10609999299049377,True,4217.829642533986
ECC+AES-256,5000,5,2062,0.027400004910305142,0.1373999984934926,0.10549998842179775,True,4217.829642533986
ECC+AES-256,5000,5,2063,0.026599998818710446,0.13670000771526247,0.10569998994469643,True,4217.829642533986
ECC+AES-256,5000,5,2064,0.027000001864507794,0.1360000023851171,0.1058999914675951,True,4217.829642533986
ECC+AES-256,5000,5,2065,0.027000001864507794,0.1368000084767118,0.1049999991664663,True,4217.829642533986
ECC+AES-256,5000,5,2066,0.026900001103058457,0.13559999933931977,0.10570000449661165,True,4217.829642533986
ECC+AES-256,5000,5,2067,0.02749999111983925,0.1365000061923638,0.1049999991664663,True,4217.829642533986
ECC+AES-256,5000,5,2068,0.026600013370625675,0.1365000061923638,0.10549998842179775,True,4217.829642533986
ECC+AES-256,5000,5,2069,0.03090000245720148,0.14390000433195382,0.10720000136643648,True,4217.829642533986
ECC+AES-256,5000,5,2070,0.027600006433203816,0.1379000023007393,0.1049999991664663,True,4217.829642533986
ECC+AES-256,5000,5,2071,0.026600013370625675,0.13810000382363796,0.10559998918324709,True,4217.829642533986
ECC+AES-256,5000,5,2072,0.027399990358389914,0.13899999612476677,0.1049999991664663,True,4217.829642533986
ECC+AES-256,5000,5,2073,0.026599998818710446,0.13860000763088465,0.1053000014508143,True,4217.829642533986
ECC+AES-256,5000,5,2074,0.02749999111983925,0.13760000001639128,0.10540000221226364,True,4217.829642533986
ECC+AES-256,5000,5,2075,0.026699999580159783,0.1373000122839585,0.10590000601951033,True,4217.829642533986
ECC+AES-256,5000,5,2076,0.02680000034160912,0.13589998707175255,0.10460001067258418,True,4217.829642533986
ECC+AES-256,5000,5,2077,0.026699999580159783,0.1368000084767118,0.10529998689889908,True,4217.829642533986
ECC+AES-256,5000,5,2078,0.02680000034160912,0.1368000084767118,0.10540000221226364,True,4217.829642533986
ECC+AES-256,5000,5,2079,0.026599998818710446,0.1360000023851171,0.10689999908208847,True,4217.829642533986
ECC+AES-256,5000,5,2080,0.027300004148855805,0.14449999434873462,0.10579999070614576,True,4217.829642533986
ECC+AES-256,5000,5,2081,0.026699999580159783,0.13689999468624592,0.10659999679774046,True,4217.829642533986
ECC+AES-256,5000,5,2082,0.027000001864507794,0.13839999155607074,0.10600000678095967,True,4217.829642533986
ECC+AES-256,5000,5,2083,0.02710000262595713,0.13760000001639128,0.10579999070614576,True,4217.829642533986
ECC+AES-256,5000,5,2084,0.026600013370625675,0.13670000771526247,0.10429999383632094,True,4217.829642533986
ECC+AES-256,5000,5,2085,0.026399997295811772,0.13640000543091446,0.10490001295693219,True,4217.829642533986
ECC+AES-256,5000,5,2086,0.026399997295811772,0.13640000543091446,0.10509999992791563,True,4217.829642533986
ECC+AES-256,5000,5,2087,0.026500012609176338,0.18790000467561185,0.10979999206028879,True,4217.829642533986
ECC+AES-256,5000,5,2088,0.03569999535102397,0.1548000000184402,0.11059999815188348,True,4217.829642533986
ECC+AES-256,5000,5,2089,0.02889998722821474,0.15300000086426735,0.10999999358318746,True,4217.829642533986
ECC+AES-256,5000,5,2090,0.028599999495781958,0.13939999917056412,0.10570000449661165,True,4217.829642533986
ECC+AES-256,5000,5,2091,0.027600006433203816,0.13639999087899923,0.10540000221226364,True,4217.829642533986
ECC+AES-256,5000,5,2092,0.02750000567175448,0.18640000780578703,0.19060001068282872,True,4217.829642533986
ECC+AES-256,5000,5,2093,0.04020000051241368,0.159399991389364,0.10910000128205866,True,4217.829642533986
ECC+AES-256,5000,5,2094,0.03369999467395246,0.13880000915378332,0.10600000678095967,True,4217.829642533986
ECC+AES-256,5000,5,2095,0.028299997211433947,0.1412999990861863,0.10770000517368317,True,4217.829642533986
ECC+AES-256,5000,5,2096,0.027300004148855805,0.14579998969566077,0.10699999984353781,True,4217.829642533986
ECC+AES-256,5000,5,2097,0.02680000034160912,0.13770000077784061,0.1053000014508143,True,4217.829642533986
ECC+AES-256,5000,5,2098,0.02710000262595713,0.14229999214876443,0.10629999451339245,True,4217.829642533986
ECC+AES-256,5000,5,2099,0.026599998818710446,0.13610000314656645,0.10639999527484179,True,4217.829642533986
ECC+AES-256,5000,5,2100,0.026399997295811772,0.13619998935610056,0.11249999806750566,True,4217.829642533986
ECC+AES-256,5000,5,2101,0.02680000034160912,0.13760000001639128,0.10599999222904444,True,4217.829642533986
ECC+AES-256,5000,5,2102,0.026599998818710446,0.1373999984934926,0.1049999991664663,True,4217.829642533986
ECC+AES-256,5000,5,2103,0.02649999805726111,0.14200000441633165,0.1044000091496855,True,4217.829642533986
ECC+AES-256,5000,5,2104,0.026599998818710446,0.1362000039080158,0.10550000297371298,True,4217.829642533986
ECC+AES-256,5000,5,2105,0.02580000727903098,0.13830000534653664,0.10170000314246863,True,4217.829642533986
ECC+AES-256,5000,5,2106,0.026399997295811772,0.1432999997632578,0.10260000999551266,True,4217.829642533986
ECC+AES-256,5000,5,2107,0.02580000727903098,0.1323999895248562,0.11140000424347818,True,4217.829642533986
ECC+AES-256,5000,5,2108,0.02579999272711575,0.1320000010309741,0.10109999857377261,True,4217.829642533986
ECC+AES-256,5000,5,2109,0.025600005756132305,0.13160001253709197,0.10180000390391797,True,4217.829642533986
ECC+AES-256,5000,5,2110,0.0261999957729131,0.13179999950807542,0.10189999011345208,True,4217.829642533986
ECC+AES-256,5000,5,2111,0.025899993488565087,0.13220000255387276,0.10239999392069876,True,4217.829642533986
ECC+AES-256,5000,5,2112,0.025300003471784294,0.1317000132985413,0.10649999603629112,True,4217.829642533986
ECC+AES-256,5000,5,2113,0.026000008801929653,0.13269999180920422,0.1033000007737428,True,4217.829642533986
ECC+AES-256,5000,5,2114,0.025699991965666413,0.13169999874662608,0.1024999946821481,True,4217.829642533986
ECC+AES-256,5000,5,2115,0.026000008801929653,0.1340999879175797,0.10350000229664147,True,4217.829642533986
ECC+AES-256,5000,5,2116,0.02580000727903098,0.13519999629352242,0.10219999239780009,True,4217.829642533986
ECC+AES-256,5000,5,2117,0.025600005756132305,0.13889999536331743,0.10309999925084412,True,4217.829642533986
ECC+AES-256,5000,5,2118,0.02580000727903098,0.13330001092981547,0.102700010756962,True,4217.829642533986
ECC+AES-256,5000,5,2119,0.025999994250014424,0.13290000788401812,0.109200002043508,True,4217.829642533986
ECC+AES-256,5000,5,2120,0.025900008040480316,0.13190000026952475,0.10210000618826598,True,4217.829642533986
ECC+AES-256,5000,5,2121,0.025699991965666413,0.13309999485500157,0.10240000847261399,True,4217.829642533986
ECC+AES-256,5000,5,2122,0.02570000651758164,0.1382999907946214,0.10299999848939478,True,4217.829642533986
ECC+AES-256,5000,5,2123,0.025500004994682968,0.1320000010309741,0.10210000618826598,True,4217.829642533986
ECC+AES-256,5000,5,2124,0.02580000727903098,0.1320000010309741,0.11100000119768083,True,4217.829642533986
ECC+AES-256,5000,5,2125,0.025999994250014424,0.18790000467561185,0.11130000348202884,True,4217.829642533986
ECC+AES-256,5000,5,2126,0.04030000127386302,0.16349999350495636,0.11029999586753547,True,4217.829642533986
ECC+AES-256,5000,5,2127,0.029099988751113415,0.1390999968862161,0.10489999840501696,True,4217.829642533986
ECC+AES-256,5000,5,2128,0.027300004148855805,0.13350001245271415,0.10269999620504677,True,4217.829642533986
ECC+AES-256,5000,5,2129,0.026599998818710446,0.1336999994236976,0.10219999239780009,True,4217.829642533986
ECC+AES-256,5000,5,2130,0.027599991881288588,0.13529999705497175,0.10259999544359744,True,4217.829642533986
ECC+AES-256,5000,5,2131,0.02649999805726111,0.13390000094659626,0.10299999848939478,True,4217.829642533986
ECC+AES-256,5000,5,2132,0.026599998818710446,0.13249999028630555,0.10220000694971532,True,4217.829642533986
ECC+AES-256,5000,5,2133,0.02649999805726111,0.1328000071225688,0.10219999239780009,True,4217.829642533986
ECC+AES-256,5000,5,2134,0.026699999580159783,0.13270000636111945,0.10239999392069876,True,4217.829642533986
ECC+AES-256,5000,5,2135,0.026300011086277664,0.13890000991523266,0.10250000923406333,True,4217.829642533986
ECC+AES-256,5000,5,2136,0.026699999580159783,0.14350000128615648,0.10289999772794545,True,4217.829642533986
ECC+AES-256,5000,5,2137,0.026599998818710446,0.13590000162366778,0.10299999848939478,True,4217.829642533986
ECC+AES-256,5000,5,2138,0.02710000262595713,0.1345000055152923,0.10289999772794545,True,4217.829642533986
ECC+AES-256,5000,5,2139,0.0261999957729131,0.13329999637790024,0.10209999163635075,True,4217.829642533986
ECC+AES-256,5000,5,2140,0.02570000651758164,0.1317000132985413,0.10250000923406333,True,4217.829642533986
ECC+AES-256,5000,5,2141,0.026299996534362435,0.13309999485500157,0.10280001151841134,True,4217.829642533986
ECC+AES-256,5000,5,2142,0.025900008040480316,0.13279999257065356,0.1016000023810193,True,4217.829642533986
ECC+AES-256,5000,5,2143,0.0261999957729131,0.1320000010309741,0.10150000161956996,True,4217.829642533986
ECC+AES-256,5000,5,2144,0.02609999501146376,0.1328999933321029,0.1033000007737428,True,4217.829642533986
ECC+AES-256,5000,5,2145,0.0261999957729131,0.13410000246949494,0.10279999696649611,True,4217.829642533986
ECC+AES-256,5000,5,2146,0.0261999957729131,0.14340000052470714,0.1016999885905534,True,4217.829642533986
ECC+AES-256,5000,5,2147,0.02579999272711575,0.13139999646227807,0.10200000542681664,True,4217.829642533986
ECC+AES-256,5000,5,2148,0.025999994250014424,0.13240000407677144,0.10259999544359744,True,4217.829642533986
ECC+AES-256,5000,5,2149,0.02580000727903098,0.13269999180920422,0.10239999392069876,True,4217.829642533986
ECC+AES-256,5000,5,2150,0.025999994250014424,0.13299999409355223,0.10259999544359744,True,4217.829642533986
ECC+AES-256,5000,5,2151,0.030099996365606785,0.1357999863103032,0.1053000014508143,True,4217.829642533986
ECC+AES-256,5000,5,2152,0.02750000567175448,0.1365000061923638,0.10509999992791563,True,4217.829642533986
ECC+AES-256,5000,5,2153,0.02780000795610249,0.13700000999961048,0.10500001371838152,True,4217.829642533986
ECC+AES-256,5000,5,2154,0.027700007194653153,0.1365000061923638,0.10479999764356762,True,4217.829642533986
ECC+AES-256,5000,5,2155,0.027900008717551827,0.1379000023007393,0.10580000525806099,True,4217.829642533986
ECC+AES-256,5000,5,2156,0.027799993404187262,0.14340000052470714,0.10469999688211828,True,4217.829642533986
ECC+AES-256,5000,5,2157,0.027600006433203816,0.13610000314656645,0.10489999840501696,True,4217.829642533986
ECC+AES-256,5000,5,2158,0.027999994927085936,0.13719999697059393,0.10540000221226364,True,4217.829642533986
ECC+AES-256,5000,5,2159,0.028700000257231295,0.13700000999961048,0.1044000091496855,True,4217.829642533986
ECC+AES-256,5000,5,2160,0.02849999873433262,0.13509999553207308,0.10479999764356762,True,4217.829642533986
ECC+AES-256,5000,5,2161,0.028099995688535273,0.13580000086221844,0.10449999535921961,True,4217.829642533986
ECC+AES-256,5000,5,2162,0.07639999967068434,0.14319999900180846,0.10679999832063913,True,4217.829642533986
ECC+AES-256,5000,5,2163,0.03440000000409782,0.15350000467151403,0.11160000576637685,True,4217.829642533986
ECC+AES-256,5000,5,2164,0.029300004825927317,0.1412999990861863,0.10720000136643648,True,4217.829642533986
ECC+AES-256,5000,5,2165,0.03199999628122896,0.15669999993406236,0.10660001134965569,True,4217.829642533986
ECC+AES-256,5000,5,2166,0.02890000178012997,0.1396000006934628,0.10649999603629112,True,4217.829642533986
ECC+AES-256,5000,5,2167,0.028099995688535273,0.14289999671746045,0.10459999612066895,True,4217.829642533986
ECC+AES-256,5000,5,2168,0.027400004910305142,0.1360000023851171,0.10489999840501696,True,4217.829642533986
ECC+AES-256,5000,5,2169,0.028099995688535273,0.13769998622592539,0.10520000068936497,True,4217.829642533986
ECC+AES-256,5000,5,2170,0.029999995604157448,0.13939999917056412,0.1049999991664663,True,4217.829642533986
ECC+AES-256,5000,5,2171,0.027699992642737925,0.13719999697059393,0.10560000373516232,True,4217.829642533986
ECC+AES-256,5000,5,2172,0.02750000567175448,0.13729999773204327,0.10520000068936497,True,4217.829642533986
ECC+AES-256,5000,5,2173,0.0278999941656366,0.13630000466946512,0.10560000373516232,True,4217.829642533986
ECC+AES-256,5000,5,2174,0.02750000567175448,0.14879999798722565,0.10900000052060932,True,4217.829642533986
ECC+AES-256,5000,5,2175,0.027600006433203816,0.13669999316334724,0.106100007542409,True,4217.829642533986
ECC+AES-256,5000,5,2176,0.027399990358389914,0.13919999764766544,0.10289999772794545,True,4217.829642533986
ECC+AES-256,5000,5,2177,0.02680000034160912,0.1340000017080456,0.10229999315924942,True,4217.829642533986
ECC+AES-256,5000,5,2178,0.026699999580159783,0.13190000026952475,0.10150000161956996,True,4217.829642533986
ECC+AES-256,5000,5,2179,0.0261999957729131,0.13159999798517674,0.10260000999551266,True,4217.829642533986
ECC+AES-256,5000,5,2180,0.02680000034160912,0.13220000255387276,0.1016000023810193,True,4217.829642533986
ECC+AES-256,5000,5,2181,0.026399997295811772,0.13139999646227807,0.10170000314246863,True,4217.829642533986
ECC+AES-256,5000,5,2182,0.026299996534362435,0.13250000483822078,0.10209999163635075,True,4217.829642533986
ECC+AES-256,5000,5,2183,0.026599998818710446,0.13259999104775488,0.10210000618826598,True,4217.829642533986
ECC+AES-256,5000,5,2184,0.026299996534362435,0.1328999933321029,0.1019000046653673,True,4217.829642533986
ECC+AES-256,5000,5,2185,0.026300011086277664,0.13330001092981547,0.10220000694971532,True,4217.829642533986
ECC+AES-256,5000,5,2186,0.026400011847727,0.13210000179242343,0.10279999696649611,True,4217.829642533986
ECC+AES-256,5000,5,2187,0.026399997295811772,0.1534000039100647,0.10389999079052359,True,4217.829642533986
ECC+AES-256,5000,5,2188,0.026599998818710446,0.13290000788401812,0.10269999620504677,True,4217.829642533986
ECC+AES-256,5000,5,2189,0.025600005756132305,0.13269999180920422,0.10240000847261399,True,4217.829642533986
ECC+AES-256,5000,5,2190,0.026000008801929653,0.13190000026952475,0.10199999087490141,True,4217.829642533986
ECC+AES-256,5000,5,2191,0.025900008040480316,0.13219998800195754,0.10250000923406333,True,4217.829642533986
ECC+AES-256,5000,5,2192,0.026299996534362435,0.13270000636111945,0.10189999011345208,True,4217.829642533986
ECC+AES-256,5000,5,2193,0.02580000727903098,0.13309999485500157,0.10200000542681664,True,4217.829642533986
ECC+AES-256,5000,5,2194,0.025600005756132305,0.13630000466946512,0.10180000390391797,True,4217.829642533986
ECC+AES-256,5000,5,2195,0.02549999044276774,0.1328000071225688,0.10230000771116465,True,4217.829642533986
ECC+AES-256,5000,5,2196,0.025599991204217076,0.13339999713934958,0.10280001151841134,True,4217.829642533986
ECC+AES-256,5000,5,2197,0.025500004994682968,0.13269999180920422,0.10220000694971532,True,4217.829642533986
ECC+AES-256,5000,5,2198,0.02540000423323363,0.13259999104775488,0.10259999544359744,True,4217.829642533986
ECC+AES-256,5000,5,2199,0.02579999272711575,0.13980000221636146,0.10520000068936497,True,4217.829642533986
ECC+AES-256,5000,5,2200,0.028599999495781958,0.13870000839233398,0.10460001067258418,True,4217.829642533986
ECC+AES-256,5000,5,2201,0.02680000034160912,0.13420000323094428,0.10280001151841134,True,4217.829642533986
ECC+AES-256,5000,5,2202,0.0261999957729131,0.1328000071225688,0.1024999946821481,True,4217.829642533986
ECC+AES-256,5000,5,2203,0.026600013370625675,0.13349999790079892,0.10260000999551266,True,4217.829642533986
ECC+AES-256,5000,5,2204,0.026299996534362435,0.13719999697059393,0.10269999620504677,True,4217.829642533986
ECC+AES-256,5000,5,2205,0.03169999399688095,0.14439999358728528,0.10769999062176794,True,4217.829642533986
ECC+AES-256,5000,5,2206,0.02720000338740647,0.13749999925494194,0.10640000982675701,True,4217.829642533986
ECC+AES-256,5000,5,2207,0.026699999580159783,0.13630000466946512,0.1049999991664663,True,4217.829642533986
ECC+AES-256,5000,5,2208,0.026399997295811772,0.13439999020192772,0.10230000771116465,True,4217.829642533986
ECC+AES-256,5000,5,2209,0.02609999501146376,0.13309999485500157,0.10309999925084412,True,4217.829642533986
ECC+AES-256,5000,5,2210,0.028599999495781958,0.14060000830795616,0.10450000991113484,True,4217.829642533986
ECC+AES-256,5000,5,2211,0.02680000034160912,0.13449999096337706,0.10380000458098948,True,4217.829642533986
ECC+AES-256,5000,5,2212,0.02610000956337899,0.13390000094659626,0.10370000381954014,True,4217.829642533986
ECC+AES-256,5000,5,2213,0.0261999957729131,0.1436000020476058,0.10779999138321728,True,4217.829642533986
ECC+AES-256,5000,5,2214,0.02610000956337899,0.1323000033153221,0.10210000618826598,True,4217.829642533986
ECC+AES-256,5000,5,2215,0.025999994250014424,0.1323000033153221,0.10359998850617558,True,4217.829642533986
ECC+AES-256,5000,5,2216,0.02580000727903098,0.1326000055996701,0.10269999620504677,True,4217.829642533986
ECC+AES-256,5000,5,2217,0.02580000727903098,0.1331999956164509,0.10299999848939478,True,4217.829642533986
ECC+AES-256,5000,5,2218,0.02580000727903098,0.1326000055996701,0.10320000001229346,True,4217.829642533986
ECC+AES-256,5000,5,2219,0.025900008040480316,0.13339999713934958,0.23469999723602086,True,4217.829642533986
ECC+AES-256,5000,5,2220,0.03139999171253294,0.1446999958716333,0.10629999451339245,True,4217.829642533986
ECC+AES-256,5000,5,2221,0.02720000338740647,0.13520001084543765,0.11079999967478216,True,4217.829642533986
ECC+AES-256,5000,5,2222,0.026200010324828327,0.13390000094659626,0.10309999925084412,True,4217.829642533986
ECC+AES-256,5000,5,2223,0.02710000262595713,0.1340000017080456,0.10230000771116465,True,4217.829642533986
ECC+AES-256,5000,5,2224,0.0261999957729131,0.13479999324772507,0.10259999544359744,True,4217.829642533986
ECC+AES-256,5000,5,2225,0.025899993488565087,0.1336999994236976,0.10259999544359744,True,4217.829642533986
ECC+AES-256,5000,5,2226,0.02570000651758164,0.13240000407677144,0.10200000542681664,True,4217.829642533986
ECC+AES-256,5000,5,2227,0.02579999272711575,0.13329999637790024,0.10250000923406333,True,4217.829642533986
ECC+AES-256,5000,5,2228,0.02570000651758164,0.13219998800195754,0.10180000390391797,True,4217.829642533986
ECC+AES-256,5000,5,2229,0.025599991204217076,0.1320000010309741,0.10140000085812062,True,4217.829642533986
ECC+AES-256,5000,5,2230,0.02610000956337899,0.1340000017080456,0.10240000847261399,True,4217.829642533986
ECC+AES-256,5000,5,2231,0.026299996534362435,0.13339999713934958,0.10250000923406333,True,4217.829642533986
ECC+AES-256,5000,5,2232,0.026200010324828327,0.13390000094659626,0.10240000847261399,True,4217.829642533986
ECC+AES-256,5000,5,2233,0.026900001103058457,0.13590000162366778,0.10320000001229346,True,4217.829642533986
ECC+AES-256,5000,5,2234,0.02609999501146376,0.1328999933321029,0.10290001227986068,True,4217.829642533986
ECC+AES-256,5000,5,2235,0.025900008040480316,0.13220000255387276,0.10250000923406333,True,4217.829642533986
ECC+AES-256,5000,5,2236,0.02570000651758164,0.13120000949129462,0.1019000046653673,True,4217.829642533986
ECC+AES-256,5000,5,2237,0.025500004994682968,0.13219998800195754,0.10210000618826598,True,4217.829642533986
ECC+AES-256,5000,5,2238,0.031100003980100155,0.14210000517778099,0.10439999459777027,True,4217.829642533986
ECC+AES-256,5000,5,2239,0.026999987312592566,0.13410000246949494,0.1019000046653673,True,4217.829642533986
ECC+AES-256,5000,5,2240,0.0261999957729131,0.13300000864546746,0.10259999544359744,True,4217.829642533986
ECC+AES-256,5000,5,2241,0.026000008801929653,0.13390000094659626,0.10320000001229346,True,4217.829642533986
ECC+AES-256,5000,5,2242,0.026400011847727,0.14370000280905515,0.10230000771116465,True,4217.829642533986
ECC+AES-256,5000,5,2243,0.0261999957729131,0.1331999956164509,0.10239999392069876,True,4217.829642533986
ECC+AES-256,5000,5,2244,0.025500004994682968,0.13330001092981547,0.10209999163635075,True,4217.829642533986
ECC+AES-256,5000,5,2245,0.025899993488565087,0.1323000033153221,0.10209999163635075,True,4217.829642533986
ECC+AES-256,5000,5,2246,0.026000008801929653,0.13160001253709197,0.10229999315924942,True,4217.829642533986
ECC+AES-256,5000,5,2247,0.025500004994682968,0.13179999950807542,0.10119999933522195,True,4217.829642533986
ECC+AES-256,5000,5,2248,0.025699991965666413,0.13109999417793006,0.10170000314246863,True,4217.829642533986
ECC+AES-256,5000,5,2249,0.02540000423323363,0.1551000023027882,0.11079999967478216,True,4217.829642533986
ECC+AES-256,5000,5,2250,0.028099995688535273,0.13839999155607074,0.10399999155197293,True,4217.829642533986
ECC+AES-256,5000,5,2251,0.026399997295811772,0.13309999485500157,0.12450000212993473,True,4217.829642533986
ECC+AES-256,5000,5,2252,0.02749999111983925,0.14519999967887998,0.10949998977594078,True,4217.829642533986
ECC+AES-256,5000,5,2253,0.026699999580159783,0.1360000023851171,0.10509999992791563,True,4217.829642533986
ECC+AES-256,5000,5,2254,0.026900001103058457,0.13710001076105982,0.10520000068936497,True,4217.829642533986
ECC+AES-256,5000,5,2255,0.02680000034160912,0.1353999978164211,0.10539998766034842,True,4217.829642533986
ECC+AES-256,5000,5,2256,0.026599998818710446,0.13670000771526247,0.10550000297371298,True,4217.829642533986
ECC+AES-256,5000,5,2257,0.026599998818710446,0.13649999164044857,0.10480001219548285,True,4217.829642533986
ECC+AES-256,5000,5,2258,0.02649999805726111,0.13559999933931977,0.10460001067258418,True,4217.829642533986
ECC+AES-256,5000,5,2259,0.026699999580159783,0.13660000695381314,0.1058999914675951,True,4217.829642533986
ECC+AES-256,5000,5,2260,0.026599998818710446,0.1357000001007691,0.10520000068936497,True,4217.829642533986
ECC+AES-256,5000,5,2261,0.02680000034160912,0.1353999978164211,0.10509999992791563,True,4217.829642533986
ECC+AES-256,5000,5,2262,0.026599998818710446,0.1483999949414283,0.10580000525806099,True,4217.829642533986
ECC+AES-256,5000,5,2263,0.02710000262595713,0.13719999697059393,0.1036000030580908,True,4217.829642533986
ECC+AES-256,5000,5,2264,0.026399997295811772,0.1326000055996701,0.10229999315924942,True,4217.829642533986
ECC+AES-256,5000,5,2265,0.0261999957729131,0.1343000039923936,0.1024999946821481,True,4217.829642533986
ECC+AES-256,5000,5,2266,0.02549999044276774,0.1328000071225688,0.10240000847261399,True,4217.829642533986
ECC+AES-256,5000,5,2267,0.025900008040480316,0.13429998944047838,0.10340000153519213,True,4217.829642533986
ECC+AES-256,5000,5,2268,0.025899993488565087,0.13359999866224825,0.10259999544359744,True,4217.829642533986
ECC+AES-256,5000,5,2269,0.025900008040480316,0.1336999994236976,0.102700010756962,True,4217.829642533986
ECC+AES-256,5000,5,2270,0.02570000651758164,0.13210000179242343,0.10130000009667128,True,4217.829642533986
ECC+AES-256,5000,5,2271,0.02579999272711575,0.13220000255387276,0.10219999239780009,True,4217.829642533986
ECC+AES-256,5000,5,2272,0.02580000727903098,0.14379998901858926,0.10210000618826598,True,4217.829642533986
ECC+AES-256,5000,5,2273,0.025600005756132305,0.13350001245271415,0.1016000023810193,True,4217.829642533986
ECC+AES-256,5000,5,2274,0.02570000651758164,0.13249999028630555,0.10130000009667128,True,4217.829642533986
ECC+AES-256,5000,5,2275,0.025600005756132305,0.13089999265503138,0.10140000085812062,True,4217.829642533986
ECC+AES-256,5000,5,2276,0.028299997211433947,0.1379000023007393,0.10479999764356762,True,4217.829642533986
ECC+AES-256,5000,5,2277,0.027300004148855805,0.13440000475384295,0.10429999383632094,True,4217.829642533986
ECC+AES-256,5000,5,2278,0.026300011086277664,0.1326000055996701,0.10200000542681664,True,4217.829642533986
ECC+AES-256,5000,5,2279,0.0261999957729131,0.13220000255387276,0.10219999239780009,True,4217.829642533986
ECC+AES-256,5000,5,2280,0.02609999501146376,0.13220000255387276,0.10159998782910407,True,4217.829642533986
ECC+AES-256,5000,5,2281,0.02580000727903098,0.13350001245271415,0.10209999163635075,True,4217.829642533986
ECC+AES-256,5000,5,2282,0.026200010324828327,0.14369998825713992,0.10459999612066895,True,4217.829642533986
ECC+AES-256,5000,5,2283,0.027999994927085936,0.13619998935610056,0.1036000030580908,True,4217.829642533986
ECC+AES-256,5000,5,2284,0.026399997295811772,0.13349999790079892,0.10259999544359744,True,4217.829642533986
ECC+AES-256,5000,5,2285,0.025599991204217076,0.13329999637790024,0.10240000847261399,True,4217.829642533986
ECC+AES-256,5000,5,2286,0.02649999805726111,0.13380000018514693,0.10170000314246863,True,4217.829642533986
ECC+AES-256,5000,5,2287,0.02579999272711575,0.13210000179242343,0.10200000542681664,True,4217.829642533986
ECC+AES-256,5000,5,2288,0.025899993488565087,0.13250000483822078,0.1024999946821481,True,4217.829642533986
ECC+AES-256,5000,5,2289,0.025900008040480316,0.13309999485500157,0.10209999163635075,True,4217.829642533986
ECC+AES-256,5000,5,2290,0.026599998818710446,0.13300000864546746,0.10229999315924942,True,4217.829642533986
ECC+AES-256,5000,5,2291,0.025999994250014424,0.13219998800195754,0.10290001227986068,True,4217.829642533986
ECC+AES-256,5000,5,2292,0.02609999501146376,0.14370000280905515,0.10679999832063913,True,4217.829642533986
ECC+AES-256,5000,5,2293,0.02580000727903098,0.1320000010309741,0.10219999239780009,True,4217.829642533986
ECC+AES-256,5000,5,2294,0.02610000956337899,0.13279999257065356,0.10289999772794545,True,4217.829642533986
ECC+AES-256,5000,5,2295,0.026699999580159783,0.13220000255387276,0.10320000001229346,True,4217.829642533986
ECC+AES-256,5000,5,2296,0.026299996534362435,0.1340999879175797,0.10299999848939478,True,4217.829642533986
ECC+AES-256,5000,5,2297,0.025999994250014424,0.13300000864546746,0.10220000694971532,True,4217.829642533986
ECC+AES-256,5000,5,2298,0.025899993488565087,0.1328999933321029,0.10260000999551266,True,4217.829642533986
ECC+AES-256,5000,5,2299,0.025899993488565087,0.13240000407677144,0.10209999163635075,True,4217.829642533986
ECC+AES-256,5000,5,2300,0.025899993488565087,0.13190000026952475,0.10140000085812062,True,4217.829642533986
ECC+AES-256,5000,5,2301,0.02579999272711575,0.13179999950807542,0.10069999552797526,True,4217.829642533986
ECC+AES-256,5000,5,2302,0.02609999501146376,0.13649999164044857,0.10309999925084412,True,4217.829642533986
ECC+AES-256,5000,5,2303,0.02609999501146376,0.1328000071225688,0.10250000923406333,True,4217.829642533986
ECC+AES-256,5000,5,2304,0.025899993488565087,0.13240000407677144,0.10309999925084412,True,4217.829642533986
ECC+AES-256,5000,5,2305,0.026200010324828327,0.13210000179242343,0.10150000161956996,True,4217.829642533986
ECC+AES-256,5000,5,2306,0.026299996534362435,0.13210000179242343,0.10210000618826598,True,4217.829642533986
ECC+AES-256,5000,5,2307,0.02570000651758164,0.13229998876340687,0.1016000023810193,True,4217.829642533986
ECC+AES-256,5000,5,2308,0.02570000651758164,0.13190000026952475,0.1024999946821481,True,4217.829642533986
ECC+AES-256,5000,5,2309,0.02570000651758164,0.13190000026952475,0.10220000694971532,True,4217.829642533986
ECC+AES-256,5000,5,2310,0.033499993151053786,0.15069999790284783,0.10789999214466661,True,4217.829642533986
ECC+AES-256,5000,5,2311,0.02750000567175448,0.13640000543091446,0.1041999930748716,True,4217.829642533986
ECC+AES-256,5000,5,2312,0.02649999805726111,0.1453000004403293,0.10790000669658184,True,4217.829642533986
ECC+AES-256,5000,5,2313,0.026000008801929653,0.1343000039923936,0.10279999696649611,True,4217.829642533986
ECC+AES-256,5000,5,2314,0.026299996534362435,0.1340000017080456,0.14590000500902534,True,4217.829642533986
ECC+AES-256,5000,5,2315,0.030000010156072676,0.1385000068694353,0.10429999383632094,True,4217.829642533986
ECC+AES-256,5000,5,2316,0.026999987312592566,0.13359999866224825,0.10289999772794545,True,4217.829642533986
ECC+AES-256,5000,5,2317,0.025999994250014424,0.13329999637790024,0.10279999696649611,True,4217.829642533986
ECC+AES-256,5000,5,2318,0.02609999501146376,0.1336999994236976,0.10240000847261399,True,4217.829642533986
ECC+AES-256,5000,5,2319,0.02610000956337899,0.13300000864546746,0.10269999620504677,True,4217.829642533986
ECC+AES-256,5000,5,2320,0.02579999272711575,0.13169999874662608,0.10170000314246863,True,4217.829642533986
ECC+AES-256,5000,5,2321,0.026000008801929653,0.13300000864546746,0.10179998935200274,True,4217.829642533986
ECC+AES-256,5000,5,2322,0.026000008801929653,0.13180001405999064,0.10090001160278916,True,4217.829642533986
ECC+AES-256,5000,5,2323,0.02579999272711575,0.13320001016836613,0.10180000390391797,True,4217.829642533986
ECC+AES-256,5000,5,2324,0.025999994250014424,0.1328999933321029,0.10289999772794545,True,4217.829642533986
ECC+AES-256,5000,5,2325,0.025900008040480316,0.1328000071225688,0.10239999392069876,True,4217.829642533986
ECC+AES-256,5000,5,2326,0.025699991965666413,0.13220000255387276,0.1016999885905534,True,4217.829642533986
ECC+AES-256,5000,5,2327,0.02649999805726111,0.13329999637790024,0.10200000542681664,True,4217.829642533986
ECC+AES-256,5000,5,2328,0.026599998818710446,0.13359999866224825,0.1033999869832769,True,4217.829642533986
ECC+AES-256,5000,5,2329,0.02580000727903098,0.1331999956164509,0.1019000046653673,True,4217.829642533986
ECC+AES-256,5000,5,2330,0.02609999501146376,0.13210000179242343,0.10239999392069876,True,4217.829642533986
ECC+AES-256,5000,5,2331,0.025899993488565087,0.13780000153928995,0.1019000046653673,True,4217.829642533986
ECC+AES-256,5000,5,2332,0.02549999044276774,0.1314999972237274,0.1019000046653673,True,4217.829642533986
ECC+AES-256,5000,5,2333,0.025599991204217076,0.13339999713934958,0.10210000618826598,True,4217.829642533986
ECC+AES-256,5000,5,2334,0.02579999272711575,0.1323000033153221,0.10199999087490141,True,4217.829642533986
ECC+AES-256,5000,5,2335,0.025600005756132305,0.13330001092981547,0.10269999620504677,True,4217.829642533986
ECC+AES-256,5000,5,2336,0.025600005756132305,0.13179999950807542,0.10219999239780009,True,4217.829642533986
ECC+AES-256,5000,5,2337,0.02579999272711575,0.13259999104775488,0.10210000618826598,True,4217.829642533986
ECC+AES-256,5000,5,2338,0.025500004994682968,0.1314999972237274,0.10170000314246863,True,4217.829642533986
ECC+AES-256,5000,5,2339,0.025699991965666413,0.13179999950807542,0.10199999087490141,True,4217.829642533986
ECC+AES-256,5000,5,2340,0.025899993488565087,0.13380000018514693,0.10239999392069876,True,4217.829642533986
ECC+AES-256,5000,5,2341,0.025899993488565087,0.14350000128615648,0.10320000001229346,True,4217.829642533986
ECC+AES-256,5000,5,2342,0.026300011086277664,0.13290000788401812,0.10279999696649611,True,4217.829642533986
ECC+AES-256,5000,5,2343,0.02580000727903098,0.13279999257065356,0.10230000771116465,True,4217.829642533986
ECC+AES-256,5000,5,2344,0.02609999501146376,0.13159999798517674,0.10200000542681664,True,4217.829642533986
ECC+AES-256,5000,5,2345,0.025999994250014424,0.1336999994236976,0.10279999696649611,True,4217.829642533986
ECC+AES-256,5000,5,2346,0.026000008801929653,0.13199998647905886,0.1019000046653673,True,4217.829642533986
ECC+AES-256,5000,5,2347,0.025699991965666413,0.1353999978164211,0.10210000618826598,True,4217.829642533986
ECC+AES-256,5000,5,2348,0.025899993488565087,0.13190000026952475,0.10130000009667128,True,4217.829642533986
ECC+AES-256,5000,5,2349,0.02579999272711575,0.13159999798517674,0.10200000542681664,True,4217.829642533986
ECC+AES-256,5000,5,2350,0.025900008040480316,0.13290000788401812,0.10239999392069876,True,4217.829642533986
ECC+AES-256,5000,5,2351,0.025900008040480316,0.14189998910296708,0.10720000136643648,True,4217.829642533986
ECC+AES-256,5000,5,2352,0.025399989681318402,0.1309000072069466,0.10130000009667128,True,4217.829642533986
ECC+AES-256,5000,5,2353,0.02579999272711575,0.16909999249037355,0.19160000374540687,True,4217.829642533986
ECC+AES-256,5000,5,2354,0.05029999010730535,0.2055000077234581,0.11439999798312783,True,4217.829642533986
ECC+AES-256,5000,5,2355,0.038699989090673625,0.1652000064495951,0.11379999341443181,True,4217.829642533986
ECC+AES-256,5000,5,2356,0.029199989512562752,0.14170000213198364,0.10729998757597059,True,4217.829642533986
ECC+AES-256,5000,5,2357,0.027000001864507794,0.13590000162366778,0.10420000762678683,True,4217.829642533986
ECC+AES-256,5000,5,2358,0.026399997295811772,0.1436000020476058,0.10739998833741993,True,4217.829642533986
ECC+AES-256,5000,5,2359,0.028599999495781958,0.14029999147169292,0.1066999975591898,True,4217.829642533986
ECC+AES-256,5000,5,2360,0.02750000567175448,0.13889999536331743,0.10649999603629112,True,4217.829642533986
ECC+AES-256,5000,5,2361,0.027000001864507794,0.13660000695381314,0.10620000830385834,True,4217.829642533986
ECC+AES-256,5000,5,2362,0.026399997295811772,0.13780000153928995,0.1058999914675951,True,4217.829642533986
ECC+AES-256,5000,5,2363,0.026699999580159783,0.13700000999961048,0.10470001143403351,True,4217.829642533986
ECC+AES-256,5000,5,2364,0.026599998818710446,0.1362000039080158,0.10560000373516232,True,4217.829642533986
ECC+AES-256,5000,5,2365,0.026699999580159783,0.13559999933931977,0.10590000601951033,True,4217.829642533986
ECC+AES-256,5000,5,2366,0.026399997295811772,0.1357999863103032,0.10489999840501696,True,4217.829642533986
ECC+AES-256,5000,5,2367,0.026399997295811772,0.1360000023851171,0.10429999383632094,True,4217.829642533986
ECC+AES-256,5000,5,2368,0.02649999805726111,0.13559999933931977,0.10520000068936497,True,4217.829642533986
ECC+AES-256,5000,5,2369,0.02689998655114323,0.14800000644754618,0.11170000652782619,True,4217.829642533986
ECC+AES-256,5000,5,2370,0.02710000262595713,0.13720001152250916,0.10580000525806099,True,4217.829642533986
ECC+AES-256,5000,5,2371,0.026599998818710446,0.1362000039080158,0.10459999612066895,True,4217.829642533986
ECC+AES-256,5000,5,2372,0.02649999805726111,0.13619998935610056,0.10489999840501696,True,4217.829642533986
ECC+AES-256,5000,5,2373,0.0261999957729131,0.13299999409355223,0.10200000542681664,True,4217.829642533986
ECC+AES-256,5000,5,2374,0.025999994250014424,0.13309999485500157,0.10220000694971532,True,4217.829642533986
ECC+AES-256,5000,5,2375,0.025900008040480316,0.1317000132985413,0.10240000847261399,True,4217.829642533986
ECC+AES-256,5000,5,2376,0.025999994250014424,0.13299999409355223,0.10200000542681664,True,4217.829642533986
ECC+AES-256,5000,5,2377,0.025500004994682968,0.1331999956164509,0.1019000046653673,True,4217.829642533986
ECC+AES-256,5000,5,2378,0.026000008801929653,0.13330001092981547,0.10259999544359744,True,4217.829642533986
ECC+AES-256,5000,5,2379,0.02609999501146376,0.14429999282583594,0.10720000136643648,True,4217.829642533986
ECC+AES-256,5000,5,2380,0.025900008040480316,0.13249999028630555,0.10170000314246863,True,4217.829642533986
ECC+AES-256,5000,5,2381,0.02609999501146376,0.13309999485500157,0.10250000923406333,True,4217.829642533986
ECC+AES-256,5000,5,2382,0.02610000956337899,0.13240000407677144,0.10219999239780009,True,4217.829642533986
ECC+AES-256,5000,5,2383,0.026000008801929653,0.13220000255387276,0.10140000085812062,True,4217.829642533986
ECC+AES-256,5000,5,2384,0.02570000651758164,0.13229998876340687,0.10130000009667128,True,4217.829642533986
ECC+AES-256,5000,5,2385,0.025899993488565087,0.13179999950807542,0.10200000542681664,True,4217.829642533986
ECC+AES-256,5000,5,2386,0.025899993488565087,0.13279999257065356,0.10260000999551266,True,4217.829642533986
ECC+AES-256,5000,5,2387,0.025900008040480316,0.13299999409355223,0.1024999946821481,True,4217.829642533986
ECC+AES-256,5000,5,2388,0.025500004994682968,0.13229998876340687,0.10220000694971532,True,4217.829642533986
ECC+AES-256,5000,5,2389,0.02609999501146376,0.13780000153928995,0.10099999781232327,True,4217.829642533986
ECC+AES-256,5000,5,2390,0.08329999400302768,0.1449999981559813,0.10469999688211828,True,4217.829642533986
ECC+AES-256,5000,5,2391,0.032199997804127634,0.13749999925494194,0.10409999231342226,True,4217.829642533986
ECC+AES-256,5000,5,2392,0.02680000034160912,0.13519999629352242,0.1036000030580908,True,4217.829642533986
ECC+AES-256,5000,5,2393,0.025900008040480316,0.13380000018514693,0.10289999772794545,True,4217.829642533986
ECC+AES-256,5000,5,2394,0.02649999805726111,0.1340999879175797,0.102700010756962,True,4217.829642533986
ECC+AES-256,5000,5,2395,0.025900008040480316,0.13169999874662608,0.10209999163635075,True,4217.829642533986
ECC+AES-256,5000,5,2396,0.026000008801929653,0.1331000094069168,0.10209999163635075,True,4217.829642533986
ECC+AES-256,5000,5,2397,0.02609999501146376,0.13380000018514693,0.10239999392069876,True,4217.829642533986
ECC+AES-256,5000,5,2398,0.026500012609176338,0.13390000094659626,0.10279999696649611,True,4217.829642533986
ECC+AES-256,5000,5,2399,0.02609999501146376,0.1441999920643866,0.10429999383632094,True,4217.829642533986
ECC+AES-256,5000,5,2400,0.02609999501146376,0.13259999104775488,0.1033000007737428,True,4217.829642533986
ECC+AES-256,5000,5,2401,0.02570000651758164,0.13279999257065356,0.10259999544359744,True,4217.829642533986
ECC+AES-256,5000,5,2402,0.026399997295811772,0.13300000864546746,0.1007999962894246,True,4217.829642533986
ECC+AES-256,5000,5,2403,0.02579999272711575,0.1311999949393794,0.10170000314246863,True,4217.829642533986
ECC+AES-256,5000,5,2404,0.025900008040480316,0.13190000026952475,0.10200000542681664,True,4217.829642533986
ECC+AES-256,5000,5,2405,0.025699991965666413,0.1328000071225688,0.1024999946821481,True,4217.829642533986
ECC+AES-256,5000,5,2406,0.02579999272711575,0.13250000483822078,0.10179998935200274,True,4217.829642533986
ECC+AES-256,5000,5,2407,0.02609999501146376,0.13130001025274396,0.1010000123642385,True,4217.829642533986
ECC+AES-256,5000,5,2408,0.025899993488565087,0.1311999949393794,0.10230000771116465,True,4217.829642533986
ECC+AES-256,5000,5,2409,0.026000008801929653,0.1432999997632578,0.1083999959519133,True,4217.829642533986
ECC+AES-256,5000,5,2410,0.025699991965666413,0.13169999874662608,0.10109999857377261,True,4217.829642533986
ECC+AES-256,5000,5,2411,0.025599991204217076,0.13190000026952475,0.10189999011345208,True,4217.829642533986
ECC+AES-256,5000,5,2412,0.02570000651758164,0.13159999798517674,0.1024999946821481,True,4217.829642533986
ECC+AES-256,5000,5,2413,0.025600005756132305,0.13159999798517674,0.10170000314246863,True,4217.829642533986
ECC+AES-256,5000,5,2414,0.026399997295811772,0.13329999637790024,0.10309999925084412,True,4217.829642533986
ECC+AES-256,5000,5,2415,0.025899993488565087,0.13210000179242343,0.10199999087490141,True,4217.829642533986
ECC+AES-256,5000,5,2416,0.025900008040480316,0.13240000407677144,0.10229999315924942,True,4217.829642533986
ECC+AES-256,5000,5,2417,0.025999994250014424,0.13179999950807542,0.10170000314246863,True,4217.829642533986
ECC+AES-256,5000,5,2418,0.025699991965666413,0.13339999713934958,0.10180000390391797,True,4217.829642533986
ECC+AES-256,5000,5,2419,0.025900008040480316,0.13639999087899923,0.10240000847261399,True,4217.829642533986
ECC+AES-256,5000,5,2420,0.0261999957729131,0.13309999485500157,0.10219999239780009,True,4217.829642533986
ECC+AES-256,5000,5,2421,0.02580000727903098,0.1331999956164509,0.10150000161956996,True,4217.829642533986
ECC+AES-256,5000,5,2422,0.02580000727903098,0.13609998859465122,0.10099999781232327,True,4217.829642533986
ECC+AES-256,5000,5,2423,0.02649999805726111,0.13229998876340687,0.1016000023810193,True,4217.829642533986
ECC+AES-256,5000,5,2424,0.025899993488565087,0.13139999646227807,0.10140000085812062,True,4217.829642533986
ECC+AES-256,5000,5,2425,0.02579999272711575,0.1311999949393794,0.10089999705087394,True,4217.829642533986
ECC+AES-256,5000,5,2426,0.025600005756132305,0.1331000094069168,0.10189999011345208,True,4217.829642533986
ECC+AES-256,5000,5,2427,0.02570000651758164,0.1314999972237274,0.10150000161956996,True,4217.829642533986
ECC+AES-256,5000,5,2428,0.025699991965666413,0.13190000026952475,0.10109999857377261,True,4217.829642533986
ECC+AES-256,5000,5,2429,0.03750000905711204,0.16370000957977027,0.11639999866019934,True,4217.829642533986
ECC+AES-256,5000,5,2430,0.031200004741549492,0.13970000145491213,0.1036000030580908,True,4217.829642533986
ECC+AES-256,5000,5,2431,0.02680000034160912,0.13299999409355223,0.10279999696649611,True,4217.829642533986
ECC+AES-256,5000,5,2432,0.026200010324828327,0.14840000949334353,0.10459999612066895,True,4217.829642533986
ECC+AES-256,5000,5,2433,0.02920000406447798,0.1345999917248264,0.10250000923406333,True,4217.829642533986
ECC+AES-256,5000,5,2434,0.02579999272711575,0.13380000018514693,0.10239999392069876,True,4217.829642533986
ECC+AES-256,5000,5,2435,0.026399997295811772,0.13329999637790024,0.10279999696649611,True,4217.829642533986
ECC+AES-256,5000,5,2436,0.0261999957729131,0.1340000017080456,0.10289999772794545,True,4217.829642533986
ECC+AES-256,5000,5,2437,0.02610000956337899,0.1328000071225688,0.10209999163635075,True,4217.829642533986
ECC+AES-256,5000,5,2438,0.0261999957729131,0.13380000018514693,0.10279999696649611,True,4217.829642533986
ECC+AES-256,5000,5,2439,0.026000008801929653,0.1331999956164509,0.10289999772794545,True,4217.829642533986
ECC+AES-256,5000,5,2440,0.026000008801929653,0.13240000407677144,0.10289999772794545,True,4217.829642533986
ECC+AES-256,5000,5,2441,0.025900008040480316,0.13339999713934958,0.10290001227986068,True,4217.829642533986
ECC+AES-256,5000,5,2442,0.02579999272711575,0.13339999713934958,0.10259999544359744,True,4217.829642533986
ECC+AES-256,5000,5,2443,0.025699991965666413,0.1326000055996701,0.10260000999551266,True,4217.829642533986
ECC+AES-256,5000,5,2444,0.025900008040480316,0.1334000116912648,0.10250000923406333,True,4217.829642533986
ECC+AES-256,5000,5,2445,0.025999994250014424,0.13259999104775488,0.1019000046653673,True,4217.829642533986
ECC+AES-256,5000,5,2446,0.0261999957729131,0.1331999956164509,0.10230000771116465,True,4217.829642533986
ECC+AES-256,5000,5,2447,0.025600005756132305,0.13250000483822078,0.10390000534243882,True,4217.829642533986
ECC+AES-256,5000,5,2448,0.025900008040480316,0.14370000280905515,0.10699999984353781,True,4217.829642533986
ECC+AES-256,5000,5,2449,0.025699991965666413,0.1328999933321029,0.10220000694971532,True,4217.829642533986
ECC+AES-256,5000,5,2450,0.02570000651758164,0.13339999713934958,0.10269999620504677,True,4217.829642533986
ECC+AES-256,5000,5,2451,0.0261999957729131,0.13479999324772507,0.10230000771116465,True,4217.829642533986
ECC+AES-256,5000,5,2452,0.026000008801929653,0.13269999180920422,0.1033000007737428,True,4217.829642533986
ECC+AES-256,5000,5,2453,0.02580000727903098,0.13240000407677144,0.10230000771116465,True,4217.829642533986
ECC+AES-256,5000,5,2454,0.02580000727903098,0.13849999231752008,0.10210000618826598,True,4217.829642533986
ECC+AES-256,5000,5,2455,0.026299996534362435,0.13329999637790024,0.10210000618826598,True,4217.829642533986
ECC+AES-256,5000,5,2456,0.025999994250014424,0.13109999417793006,0.10240000847261399,True,4217.829642533986
ECC+AES-256,5000,5,2457,0.02570000651758164,0.13190000026952475,0.1033000007737428,True,4217.829642533986
ECC+AES-256,5000,5,2458,0.0261999957729131,0.1453000004403293,0.10869999823626131,True,4217.829642533986
ECC+AES-256,5000,5,2459,0.025900008040480316,0.13159999798517674,0.10140000085812062,True,4217.829642533986
ECC+AES-256,5000,5,2460,0.025500004994682968,0.13359999866224825,0.10299999848939478,True,4217.829642533986
ECC+AES-256,5000,5,2461,0.025600005756132305,0.13249999028630555,0.10240000847261399,True,4217.829642533986
ECC+AES-256,5000,5,2462,0.02579999272711575,0.13259999104775488,0.10180000390391797,True,4217.829642533986
ECC+AES-256,5000,5,2463,0.025999994250014424,0.1328999933321029,0.10220000694971532,True,4217.829642533986
ECC+AES-256,5000,5,2464,0.025500004994682968,0.13160001253709197,0.10110001312568784,True,4217.829642533986
ECC+AES-256,5000,5,2465,0.025399989681318402,0.13169999874662608,0.10220000694971532,True,4217.829642533986
ECC+AES-256,5000,5,2466,0.025699991965666413,0.1320000010309741,0.10180000390391797,True,4217.829642533986
ECC+AES-256,5000,5,2467,0.02580000727903098,0.13219998800195754,0.10210000618826598,True,4217.829642533986
ECC+AES-256,5000,5,2468,0.03500000457279384,0.15469999925699085,0.10519998613744974,True,4217.829642533986
ECC+AES-256,5000,5,2469,0.02680000034160912,0.13479999324772507,0.1024999946821481,True,4217.829642533986
ECC+AES-256,5000,5,2470,0.026300011086277664,0.1336999994236976,0.10290001227986068,True,4217.829642533986
ECC+AES-256,5000,5,2471,0.026299996534362435,0.13440000475384295,0.10340000153519213,True,4217.829642533986
ECC+AES-256,5000,5,2472,0.0261999957729131,0.13380000018514693,0.1016999885905534,True,4217.829642533986
ECC+AES-256,5000,5,2473,0.02580000727903098,0.13279999257065356,0.10279999696649611,True,4217.829642533986
ECC+AES-256,5000,5,2474,0.026399997295811772,0.13359999866224825,0.10199999087490141,True,4217.829642533986
ECC+AES-256,5000,5,2475,0.025899993488565087,0.13249999028630555,0.10260000999551266,True,4217.829642533986
ECC+AES-256,5000,5,2476,0.02570000651758164,0.13300000864546746,0.10119999933522195,True,4217.829642533986
ECC+AES-256,5000,5,2477,0.025999994250014424,0.13329999637790024,0.1019000046653673,True,4217.829642533986
ECC+AES-256,5000,5,2478,0.027300004148855805,0.13889999536331743,0.10210000618826598,True,4217.829642533986
ECC+AES-256,5000,5,2479,0.026299996534362435,0.13269999180920422,0.10150000161956996,True,4217.829642533986
ECC+AES-256,5000,5,2480,0.025600005756132305,0.1328000071225688,0.10279999696649611,True,4217.829642533986
ECC+AES-256,5000,5,2481,0.02579999272711575,0.13250000483822078,0.10199999087490141,True,4217.829642533986
ECC+AES-256,5000,5,2482,0.02580000727903098,0.13240000407677144,0.10130000009667128,True,4217.829642533986
ECC+AES-256,5000,5,2483,0.02579999272711575,0.1314999972237274,0.10119999933522195,True,4217.829642533986
ECC+AES-256,5000,5,2484,0.02580000727903098,0.13359999866224825,0.10179998935200274,True,4217.829642533986
ECC+AES-256,5000,5,2485,0.02579999272711575,0.13190000026952475,0.10170000314246863,True,4217.829642533986
ECC+AES-256,5000,5,2486,0.026299996534362435,0.1320999872405082,0.10130000009667128,True,4217.829642533986
ECC+AES-256,5000,5,2487,0.026299996534362435,0.13290000788401812,0.10180000390391797,True,4217.829642533986
ECC+AES-256,5000,5,2488,0.026399997295811772,0.14069999451749027,0.10240000847261399,True,4217.829642533986
ECC+AES-256,5000,5,2489,0.028700000257231295,0.1331999956164509,0.10240000847261399,True,4217.829642533986
ECC+AES-256,5000,5,2490,0.02579999272711575,0.1328999933321029,0.10180000390391797,True,4217.829642533986
ECC+AES-256,5000,5,2491,0.02579999272711575,0.13250000483822078,0.1016000023810193,True,4217.829642533986
ECC+AES-256,5000,5,2492,0.02579999272711575,0.13299999409355223,0.10289999772794545,True,4217.829642533986
ECC+AES-256,5000,5,2493,0.02609999501146376,0.13329999637790024,0.10210000618826598,True,4217.829642533986
ECC+AES-256,5000,5,2494,0.025899993488565087,0.1336999994236976,0.10230000771116465,True,4217.829642533986
ECC+AES-256,5000,5,2495,0.025899993488565087,0.13299999409355223,0.10260000999551266,True,4217.829642533986
ECC+AES-256,5000,5,2496,0.025999994250014424,0.13210000179242343,0.10130000009667128,True,4217.829642533986
ECC+AES-256,5000,5,2497,0.0261999957729131,0.1320000010309741,0.10189999011345208,True,4217.829642533986
ECC+AES-256,5000,5,2498,0.026300011086277664,0.1449000119464472,0.10180000390391797,True,4217.829642533986
ECC+AES-256,5000,5,2499,0.026000008801929653,0.13220000255387276,0.10180000390391797,True,4217.829642533986
ECC+AES-256,5000,5,2500,0.025999994250014424,0.1323000033153221,0.1024999946821481,True,4217.829642533986
ECC+AES-256,5000,5,2501,0.025899993488565087,0.1314999972237274,0.10250000923406333,True,4217.829642533986
ECC+AES-256,5000,5,2502,0.02610000956337899,0.13210000179242343,0.10210000618826598,True,4217.829642533986
ECC+AES-256,5000,5,2503,0.02579999272711575,0.13169999874662608,0.1016000023810193,True,4217.829642533986
ECC+AES-256,5000,5,2504,0.02549999044276774,0.13220000255387276,0.1019000046653673,True,4217.829642533986
ECC+AES-256,5000,5,2505,0.025900008040480316,0.13250000483822078,0.10170000314246863,True,4217.829642533986
ECC+AES-256,5000,5,2506,0.02580000727903098,0.1320000010309741,0.1019000046653673,True,4217.829642533986
ECC+AES-256,5000,5,2507,0.029700007871724665,0.14400000509340316,0.10639999527484179,True,4217.829642533986
ECC+AES-256,5000,5,2508,0.028399997972883284,0.14309999824035913,0.10209999163635075,True,4217.829642533986
ECC+AES-256,5000,5,2509,0.026900001103058457,0.1320999872405082,0.10150000161956996,True,4217.829642533986
ECC+AES-256,5000,5,2510,0.025999994250014424,0.1314999972237274,0.10140000085812062,True,4217.829642533986
ECC+AES-256,5000,5,2511,0.025999994250014424,0.13300000864546746,0.10239999392069876,True,4217.829642533986
ECC+AES-256,5000,5,2512,0.025999994250014424,0.13380000018514693,0.1024999946821481,True,4217.829642533986
ECC+AES-256,5000,5,2513,0.02609999501146376,0.13339999713934958,0.10260000999551266,True,4217.829642533986
ECC+AES-256,5000,5,2514,0.02570000651758164,0.13389998639468104,0.1019000046653673,True,4217.829642533986
ECC+AES-256,5000,5,2515,0.0261999957729131,0.13159999798517674,0.10099999781232327,True,4217.829642533986
ECC+AES-256,5000,5,2516,0.02579999272711575,0.13210000179242343,0.10219999239780009,True,4217.829642533986
ECC+AES-256,5000,5,2517,0.025999994250014424,0.13250000483822078,0.10239999392069876,True,4217.829642533986
ECC+AES-256,5000,5,2518,0.027400004910305142,0.14679999731015414,0.10359998850617558,True,4217.829642533986
ECC+AES-256,5000,5,2519,0.02649999805726111,0.13359999866224825,0.1024999946821481,True,4217.829642533986
ECC+AES-256,5000,5,2520,0.025999994250014424,0.13210000179242343,0.10239999392069876,True,4217.829642533986
ECC+AES-256,5000,5,2521,0.025899993488565087,0.13309999485500157,0.10220000694971532,True,4217.829642533986
ECC+AES-256,5000,5,2522,0.025899993488565087,0.13299999409355223,0.10299999848939478,True,4217.829642533986
ECC+AES-256,5000,5,2523,0.025899993488565087,0.13129999570082873,0.10140000085812062,True,4217.829642533986
ECC+AES-256,5000,5,2524,0.025900008040480316,0.13130001025274396,0.10189999011345208,True,4217.829642533986
ECC+AES-256,5000,5,2525,0.025699991965666413,0.13159999798517674,0.1019000046653673,True,4217.829642533986
ECC+AES-256,5000,5,2526,0.026000008801929653,0.13179999950807542,0.10259999544359744,True,4217.829642533986
ECC+AES-256,5000,5,2527,0.025699991965666413,0.13100000796839595,0.10209999163635075,True,4217.829642533986
ECC+AES-256,5000,5,2528,0.025600005756132305,0.1804000057745725,0.10529998689889908,True,4217.829642533986
ECC+AES-256,5000,5,2529,0.027300004148855805,0.13630000466946512,0.10209999163635075,True,4217.829642533986
ECC+AES-256,5000,5,2530,0.02580000727903098,0.1331000094069168,0.10209999163635075,True,4217.829642533986
ECC+AES-256,5000,5,2531,0.026299996534362435,0.1328999933321029,0.10259999544359744,True,4217.829642533986
ECC+AES-256,5000,5,2532,0.02609999501146376,0.13190000026952475,0.1016000023810193,True,4217.829642533986
ECC+AES-256,5000,5,2533,0.026000008801929653,0.13220000255387276,0.10109999857377261,True,4217.829642533986
ECC+AES-256,5000,5,2534,0.02579999272711575,0.13220000255387276,0.10199999087490141,True,4217.829642533986
ECC+AES-256,5000,5,2535,0.0261999957729131,0.13279999257065356,0.10239999392069876,True,4217.829642533986
ECC+AES-256,5000,5,2536,0.02649999805726111,0.13279999257065356,0.10259999544359744,True,4217.829642533986
ECC+AES-256,5000,5,2537,0.026299996534362435,0.13249999028630555,0.102700010756962,True,4217.829642533986
ECC+AES-256,5000,5,2538,0.025999994250014424,0.14400000509340316,0.10660001134965569,True,4217.829642533986
ECC+AES-256,5000,5,2539,0.02580000727903098,0.13240000407677144,0.10279999696649611,True,4217.829642533986
ECC+AES-256,5000,5,2540,0.026200010324828327,0.13169999874662608,0.10200000542681664,True,4217.829642533986
ECC+AES-256,5000,5,2541,0.0261999957729131,0.13499999477062374,0.10180000390391797,True,4217.829642533986
ECC+AES-256,5000,5,2542,0.025600005756132305,0.13229998876340687,0.10150000161956996,True,4217.829642533986
ECC+AES-256,5000,5,2543,0.025600005756132305,0.1320000010309741,0.10159998782910407,True,4217.829642533986
ECC+AES-256,5000,5,2544,0.02549999044276774,0.1328000071225688,0.10199999087490141,True,4217.829642533986
ECC+AES-256,5000,5,2545,0.025699991965666413,0.13210000179242343,0.10289999772794545,True,4217.829642533986
ECC+AES-256,5000,5,2546,0.03160000778734684,0.1429999974789098,0.10749998909886926,True,4217.829642533986
ECC+AES-256,5000,5,2547,0.027799993404187262,0.1357000001007691,0.10380000458098948,True,4217.829642533986
ECC+AES-256,5000,5,2548,0.026599998818710446,0.14139999984763563,0.1024999946821481,True,4217.829642533986
ECC+AES-256,5000,5,2549,0.02579999272711575,0.13190000026952475,0.10210000618826598,True,4217.829642533986
ECC+AES-256,5000,5,2550,0.02680000034160912,0.13320001016836613,0.10219999239780009,True,4217.829642533986
ECC+AES-256,5000,5,2551,0.02610000956337899,0.13380000018514693,0.10280001151841134,True,4217.829642533986
ECC+AES-256,5000,5,2552,0.02579999272711575,0.13220000255387276,0.10259999544359744,True,4217.829642533986
ECC+AES-256,5000,5,2553,0.02579999272711575,0.13270000636111945,0.10199999087490141,True,4217.829642533986
ECC+AES-256,5000,5,2554,0.02549999044276774,0.1331999956164509,0.1019000046653673,True,4217.829642533986
ECC+AES-256,5000,5,2555,0.025900008040480316,0.13299999409355223,0.10220000694971532,True,4217.829642533986
ECC+AES-256,5000,5,2556,0.025699991965666413,0.13250000483822078,0.10259999544359744,True,4217.829642533986
ECC+AES-256,5000,5,2557,0.02579999272711575,0.14679999731015414,0.10340000153519213,True,4217.829642533986
ECC+AES-256,5000,5,2558,0.026599998818710446,0.14390000433195382,0.10289999772794545,True,4217.829642533986
ECC+AES-256,5000,5,2559,0.025899993488565087,0.13240000407677144,0.10170000314246863,True,4217.829642533986
ECC+AES-256,5000,5,2560,0.025699991965666413,0.13129999570082873,0.10130000009667128,True,4217.829642533986
ECC+AES-256,5000,5,2561,0.025899993488565087,0.13410000246949494,0.10279999696649611,True,4217.829642533986
ECC+AES-256,5000,5,2562,0.025900008040480316,0.13380000018514693,0.10299999848939478,True,4217.829642533986
ECC+AES-256,5000,5,2563,0.02579999272711575,0.1331999956164509,0.10269999620504677,True,4217.829642533986
ECC+AES-256,5000,5,2564,0.025699991965666413,0.13159999798517674,0.10150000161956996,True,4217.829642533986
ECC+AES-256,5000,5,2565,0.025300003471784294,0.13199998647905886,0.10240000847261399,True,4217.829642533986
ECC+AES-256,5000,5,2566,0.02570000651758164,0.13299999409355223,0.10170000314246863,True,4217.829642533986
ECC+AES-256,5000,5,2567,0.026000008801929653,0.13259999104775488,0.1019000046653673,True,4217.829642533986
ECC+AES-256,5000,5,2568,0.026200010324828327,0.1436000020476058,0.10679999832063913,True,4217.829642533986
ECC+AES-256,5000,5,2569,0.02549999044276774,0.13290000788401812,0.10239999392069876,True,4217.829642533986
ECC+AES-256,5000,5,2570,0.02609999501146376,0.1323000033153221,0.10170000314246863,True,4217.829642533986
ECC+AES-256,5000,5,2571,0.025500004994682968,0.1323000033153221,0.10179998935200274,True,4217.829642533986
ECC+AES-256,5000,5,2572,0.025599991204217076,0.1328999933321029,0.10269999620504677,True,4217.829642533986
ECC+AES-256,5000,5,2573,0.02580000727903098,0.13159999798517674,0.10219999239780009,True,4217.829642533986
ECC+AES-256,5000,5,2574,0.026300011086277664,0.1323000033153221,0.10210000618826598,True,4217.829642533986
ECC+AES-256,5000,5,2575,0.025600005756132305,0.13279999257065356,0.10259999544359744,True,4217.829642533986
ECC+AES-256,5000,5,2576,0.025999994250014424,0.13259999104775488,0.10240000847261399,True,4217.829642533986
ECC+AES-256,5000,5,2577,0.02580000727903098,0.1314000110141933,0.10099999781232327,True,4217.829642533986
ECC+AES-256,5000,5,2578,0.02579999272711575,0.13669999316334724,0.1016000023810193,True,4217.829642533986
ECC+AES-256,5000,5,2579,0.02580000727903098,0.13249999028630555,0.1016000023810193,True,4217.829642533986
ECC+AES-256,5000,5,2580,0.025699991965666413,0.13250000483822078,0.10209999163635075,True,4217.829642533986
ECC+AES-256,5000,5,2581,0.02580000727903098,0.1328000071225688,0.10189999011345208,True,4217.829642533986
ECC+AES-256,5000,5,2582,0.0261999957729131,0.13460000627674162,0.10199999087490141,True,4217.829642533986
ECC+AES-256,5000,5,2583,0.02609999501146376,0.13190000026952475,0.10210000618826598,True,4217.829642533986
ECC+AES-256,5000,5,2584,0.025899993488565087,0.13190000026952475,0.10179998935200274,True,4217.829642533986
ECC+AES-256,5000,5,2585,0.02929999027401209,0.14450000890064985,0.10799999290611595,True,4217.829642533986
ECC+AES-256,5000,5,2586,0.03199999628122896,0.14019999071024358,0.10400000610388815,True,4217.829642533986
ECC+AES-256,5000,5,2587,0.027300004148855805,0.13309999485500157,0.10259999544359744,True,4217.829642533986
ECC+AES-256,5000,5,2588,0.027000001864507794,0.14060000830795616,0.10219999239780009,True,4217.829642533986
ECC+AES-256,5000,5,2589,0.026300011086277664,0.1334000116912648,0.10309999925084412,True,4217.829642533986
ECC+AES-256,5000,5,2590,0.026300011086277664,0.13270000636111945,0.10150000161956996,True,4217.829642533986
ECC+AES-256,5000,5,2591,0.025899993488565087,0.13179999950807542,0.10219999239780009,True,4217.829642533986
ECC+AES-256,5000,5,2592,0.025999994250014424,0.13339999713934958,0.10320000001229346,True,4217.829642533986
ECC+AES-256,5000,5,2593,0.026200010324828327,0.1326000055996701,0.10200000542681664,True,4217.829642533986
ECC+AES-256,5000,5,2594,0.025600005756132305,0.13250000483822078,0.10170000314246863,True,4217.829642533986
ECC+AES-256,5000,5,2595,0.02549999044276774,0.1320000010309741,0.10130000009667128,True,4217.829642533986
ECC+AES-256,5000,5,2596,0.025999994250014424,0.13339999713934958,0.10230000771116465,True,4217.829642533986
ECC+AES-256,5000,5,2597,0.025699991965666413,0.1326000055996701,0.10199999087490141,True,4217.829642533986
ECC+AES-256,5000,5,2598,0.02680000034160912,0.1433999859727919,0.10800000745803118,True,4217.829642533986
ECC+AES-256,5000,5,2599,0.02549999044276774,0.1320000010309741,0.10209999163635075,True,4217.829642533986
ECC+AES-256,5000,5,2600,0.025899993488565087,0.1328000071225688,0.10209999163635075,True,4217.829642533986
ECC+AES-256,5000,5,2601,0.025999994250014424,0.13329999637790024,0.10279999696649611,True,4217.829642533986
ECC+AES-256,5000,5,2602,0.026299996534362435,0.1345000055152923,0.10239999392069876,True,4217.829642533986
ECC+AES-256,5000,5,2603,0.025899993488565087,0.13349999790079892,0.10289999772794545,True,4217.829642533986
ECC+AES-256,5000,5,2604,0.02609999501146376,0.13410000246949494,0.10259999544359744,True,4217.829642533986
ECC+AES-256,5000,5,2605,0.02649999805726111,0.13410000246949494,0.10179998935200274,True,4217.829642533986
ECC+AES-256,5000,5,2606,0.025899993488565087,0.13210000179242343,0.10179998935200274,True,4217.829642533986
ECC+AES-256,5000,5,2607,0.025899993488565087,0.13229998876340687,0.1033000007737428,True,4217.829642533986
ECC+AES-256,5000,5,2608,0.026699999580159783,0.1379000023007393,0.10370000381954014,True,4217.829642533986
ECC+AES-256,5000,5,2609,0.026500012609176338,0.1328000071225688,0.10229999315924942,True,4217.829642533986
ECC+AES-256,5000,5,2610,0.025699991965666413,0.13309999485500157,0.1016000023810193,True,4217.829642533986
ECC+AES-256,5000,5,2611,0.026300011086277664,0.13179999950807542,0.1016000023810193,True,4217.829642533986
ECC+AES-256,5000,5,2612,0.02609999501146376,0.13250000483822078,0.10199999087490141,True,4217.829642533986
ECC+AES-256,5000,5,2613,0.026000008801929653,0.13660000695381314,0.10179998935200274,True,4217.829642533986
ECC+AES-256,5000,5,2614,0.02610000956337899,0.13399998715613037,0.10220000694971532,True,4217.829642533986
ECC+AES-256,5000,5,2615,0.026000008801929653,0.1328000071225688,0.10189999011345208,True,4217.829642533986
ECC+AES-256,5000,5,2616,0.02580000727903098,0.13159999798517674,0.1016000023810193,True,4217.829642533986
ECC+AES-256,5000,5,2617,0.02580000727903098,0.13050000416114926,0.10220000694971532,True,4217.829642533986
ECC+AES-256,5000,5,2618,0.025900008040480316,0.14139999984763563,0.10250000923406333,True,4217.829642533986
ECC+AES-256,5000,5,2619,0.02570000651758164,0.1320000010309741,0.10230000771116465,True,4217.829642533986
ECC+AES-256,5000,5,2620,0.025600005756132305,0.13210000179242343,0.10309999925084412,True,4217.829642533986
ECC+AES-256,5000,5,2621,0.025599991204217076,0.13240000407677144,0.1024999946821481,True,4217.829642533986
ECC+AES-256,5000,5,2622,0.0261999957729131,0.13229998876340687,0.1571000029798597,True,4217.829642533986
ECC+AES-256,5000,5,2623,0.03329999162815511,0.15209999401122332,0.10960000508930534,True,4217.829642533986
ECC+AES-256,5000,5,2624,0.027799993404187262,0.1373999984934926,0.10409999231342226,True,4217.829642533986
ECC+AES-256,5000,5,2625,0.026599998818710446,0.1334000116912648,0.10359998850617558,True,4217.829642533986
ECC+AES-256,5000,5,2626,0.026399997295811772,0.13390000094659626,0.10279999696649611,True,4217.829642533986
ECC+AES-256,5000,5,2627,0.02609999501146376,0.14350000128615648,0.10680001287255436,True,4217.829642533986
ECC+AES-256,5000,5,2628,0.025900008040480316,0.13270000636111945,0.10289999772794545,True,4217.829642533986
ECC+AES-256,5000,5,2629,0.026300011086277664,0.1334000116912648,0.10279999696649611,True,4217.829642533986
ECC+AES-256,5000,5,2630,0.02610000956337899,0.13349999790079892,0.10229999315924942,True,4217.829642533986
ECC+AES-256,5000,5,2631,0.025599991204217076,0.1314999972237274,0.10350000229664147,True,4217.829642533986
ECC+AES-256,5000,5,2632,0.026399997295811772,0.13129999570082873,0.10220000694971532,True,4217.829642533986
ECC+AES-256,5000,5,2633,0.025999994250014424,0.13339999713934958,0.10299999848939478,True,4217.829642533986
ECC+AES-256,5000,5,2634,0.025600005756132305,0.13349999790079892,0.10269999620504677,True,4217.829642533986
ECC+AES-256,5000,5,2635,0.025899993488565087,0.1323000033153221,0.10219999239780009,True,4217.829642533986
ECC+AES-256,5000,5,2636,0.02570000651758164,0.1323000033153221,0.10239999392069876,True,4217.829642533986
ECC+AES-256,5000,5,2637,0.02610000956337899,0.13559999933931977,0.10260000999551266,True,4217.829642533986
ECC+AES-256,5000,5,2638,0.02579999272711575,0.13210000179242343,0.10320000001229346,True,4217.829642533986
ECC+AES-256,5000,5,2639,0.025899993488565087,0.1328999933321029,0.10250000923406333,True,4217.829642533986
ECC+AES-256,5000,5,2640,0.025600005756132305,0.13359999866224825,0.102700010756962,True,4217.829642533986
ECC+AES-256,5000,5,2641,0.02580000727903098,0.13220000255387276,0.10170000314246863,True,4217.829642533986
ECC+AES-256,5000,5,2642,0.02570000651758164,0.13229998876340687,0.10200000542681664,True,4217.829642533986
ECC+AES-256,5000,5,2643,0.02580000727903098,0.13210000179242343,0.10299999848939478,True,4217.829642533986
ECC+AES-256,5000,5,2644,0.025899993488565087,0.13359999866224825,0.10209999163635075,True,4217.829642533986
ECC+AES-256,5000,5,2645,0.02609999501146376,0.1370999962091446,0.10170000314246863,True,4217.829642533986
ECC+AES-256,5000,5,2646,0.026200010324828327,0.13249999028630555,0.1019000046653673,True,4217.829642533986
ECC+AES-256,5000,5,2647,0.02649999805726111,0.1390999968862161,0.1016000023810193,True,4217.829642533986
ECC+AES-256,5000,5,2648,0.026200010324828327,0.13420000323094428,0.10230000771116465,True,4217.829642533986
ECC+AES-256,5000,5,2649,0.02579999272711575,0.13290000788401812,0.10159998782910407,True,4217.829642533986
ECC+AES-256,5000,5,2650,0.0261999957729131,0.13279999257065356,0.1016000023810193,True,4217.829642533986
ECC+AES-256,5000,5,2651,0.026000008801929653,0.1314000110141933,0.10220000694971532,True,4217.829642533986
ECC+AES-256,5000,5,2652,0.02580000727903098,0.13130001025274396,0.1016000023810193,True,4217.829642533986
ECC+AES-256,5000,5,2653,0.026000008801929653,0.13269999180920422,0.10259999544359744,True,4217.829642533986
ECC+AES-256,5000,5,2654,0.02610000956337899,0.13279999257065356,0.10229999315924942,True,4217.829642533986
ECC+AES-256,5000,5,2655,0.025900008040480316,0.1326000055996701,0.1019000046653673,True,4217.829642533986
ECC+AES-256,5000,5,2656,0.02549999044276774,0.1314999972237274,0.1019000046653673,True,4217.829642533986
ECC+AES-256,5000,5,2657,0.02570000651758164,0.14280001050792634,0.10580000525806099,True,4217.829642533986
ECC+AES-256,5000,5,2658,0.02540000423323363,0.13219998800195754,0.10260000999551266,True,4217.829642533986
ECC+AES-256,5000,5,2659,0.04809998790733516,0.22249999165069312,0.12589999823831022,True,4217.829642533986
ECC+AES-256,5000,5,2660,0.03779999678954482,0.15910000365693122,0.11340000492054969,True,4217.829642533986
ECC+AES-256,5000,5,2661,0.03300000389572233,0.1453000004403293,0.10649999603629112,True,4217.829642533986
ECC+AES-256,5000,5,2662,0.026900001103058457,0.13689999468624592,0.10350000229664147,True,4217.829642533986
ECC+AES-256,5000,5,2663,0.02580000727903098,0.1331000094069168,0.10269999620504677,True,4217.829642533986
ECC+AES-256,5000,5,2664,0.026200010324828327,0.13610000314656645,0.10400000610388815,True,4217.829642533986
ECC+AES-256,5000,5,2665,0.026699999580159783,0.1331999956164509,0.10199999087490141,True,4217.829642533986
ECC+AES-256,5000,5,2666,0.025999994250014424,0.13249999028630555,0.10200000542681664,True,4217.829642533986
ECC+AES-256,5000,5,2667,0.0261999957729131,0.1328999933321029,0.10180000390391797,True,4217.829642533986
ECC+AES-256,5000,5,2668,0.025899993488565087,0.13299999409355223,0.10180000390391797,True,4217.829642533986
ECC+AES-256,5000,5,2669,0.026299996534362435,0.13339999713934958,0.10220000694971532,True,4217.829642533986
ECC+AES-256,5000,5,2670,0.026000008801929653,0.1328000071225688,0.10239999392069876,True,4217.829642533986
ECC+AES-256,5000,5,2671,0.025699991965666413,0.13210000179242343,0.10289999772794545,True,4217.829642533986
ECC+AES-256,5000,5,2672,0.02579999272711575,0.13220000255387276,0.1019000046653673,True,4217.829642533986
ECC+AES-256,5000,5,2673,0.02549999044276774,0.13159999798517674,0.10150000161956996,True,4217.829642533986
ECC+AES-256,5000,5,2674,0.025500004994682968,0.13010000111535192,0.10149998706765473,True,4217.829642533986
ECC+AES-256,5000,5,2675,0.02570000651758164,0.14350000128615648,0.1370999962091446,True,4217.829642533986
ECC+AES-256,5000,5,2676,0.03159999323543161,0.14259999443311244,0.10590000601951033,True,4217.829642533986
ECC+AES-256,5000,5,2677,0.027700007194653153,0.1370999962091446,0.10379999002907425,True,4217.829642533986
ECC+AES-256,5000,5,2678,0.026299996534362435,0.13309999485500157,0.1033000007737428,True,4217.829642533986
ECC+AES-256,5000,5,2679,0.026699999580159783,0.13220000255387276,0.10200000542681664,True,4217.829642533986
ECC+AES-256,5000,5,2680,0.02609999501146376,0.13270000636111945,0.10209999163635075,True,4217.829642533986
ECC+AES-256,5000,5,2681,0.025900008040480316,0.1331999956164509,0.10269999620504677,True,4217.829642533986
ECC+AES-256,5000,5,2682,0.02570000651758164,0.13210000179242343,0.1019000046653673,True,4217.829642533986
ECC+AES-256,5000,5,2683,0.02610000956337899,0.13299999409355223,0.1016000023810193,True,4217.829642533986
ECC+AES-256,5000,5,2684,0.026399997295811772,0.13390000094659626,0.10229999315924942,True,4217.829642533986
ECC+AES-256,5000,5,2685,0.02579999272711575,0.1320000010309741,0.10229999315924942,True,4217.829642533986
ECC+AES-256,5000,5,2686,0.025999994250014424,0.13329999637790024,0.10580000525806099,True,4217.829642533986
ECC+AES-256,5000,5,2687,0.026000008801929653,0.1334000116912648,0.10320000001229346,True,4217.829642533986
ECC+AES-256,5000,5,2688,0.025699991965666413,0.13309999485500157,0.1019000046653673,True,4217.829642533986
ECC+AES-256,5000,5,2689,0.025699991965666413,0.1320000010309741,0.10279999696649611,True,4217.829642533986
ECC+AES-256,5000,5,2690,0.025699991965666413,0.13220000255387276,0.1024999946821481,True,4217.829642533986
ECC+AES-256,5000,5,2691,0.0261999957729131,0.13380000018514693,0.1024999946821481,True,4217.829642533986
ECC+AES-256,5000,5,2692,0.025399989681318402,0.13220000255387276,0.10119999933522195,True,4217.829642533986
ECC+AES-256,5000,5,2693,0.02570000651758164,0.13169999874662608,0.10150000161956996,True,4217.829642533986
ECC+AES-256,5000,5,2694,0.025699991965666413,0.1432999997632578,0.1379000023007393,True,4217.829642533986
ECC+AES-256,5000,5,2695,0.031200004741549492,0.14059999375604093,0.10540000221226364,True,4217.829642533986
ECC+AES-256,5000,5,2696,0.02680000034160912,0.1348000077996403,0.10309999925084412,True,4217.829642533986
ECC+AES-256,5000,5,2697,0.02609999501146376,0.13349999790079892,0.10299999848939478,True,4217.829642533986
ECC+AES-256,5000,5,2698,0.026000008801929653,0.13410000246949494,0.10259999544359744,True,4217.829642533986
ECC+AES-256,5000,5,2699,0.026399997295811772,0.1328999933321029,0.10250000923406333,True,4217.829642533986
ECC+AES-256,5000,5,2700,0.02579999272711575,0.1331999956164509,0.10269999620504677,True,4217.829642533986
ECC+AES-256,5000,5,2701,0.02579999272711575,0.13250000483822078,0.10289999772794545,True,4217.829642533986
ECC+AES-256,5000,5,2702,0.02570000651758164,0.1328000071225688,0.10179998935200274,True,4217.829642533986
ECC+AES-256,5000,5,2703,0.0261999957729131,0.13979998766444623,0.10110001312568784,True,4217.829642533986
ECC+AES-256,5000,5,2704,0.02570000651758164,0.13179999950807542,0.10250000923406333,True,4217.829642533986
ECC+AES-256,5000,5,2705,0.025699991965666413,0.13240000407677144,0.10279999696649611,True,4217.829642533986
ECC+AES-256,5000,5,2706,0.0261999957729131,0.13399998715613037,0.10240000847261399,True,4217.829642533986
ECC+AES-256,5000,5,2707,0.02580000727903098,0.13380000018514693,0.10279999696649611,True,4217.829642533986
ECC+AES-256,5000,5,2708,0.026200010324828327,0.13320001016836613,0.10239999392069876,True,4217.829642533986
ECC+AES-256,5000,5,2709,0.026599998818710446,0.13630000466946512,0.10350000229664147,True,4217.829642533986
ECC+AES-256,5000,5,2710,0.02610000956337899,0.1323000033153221,0.1024999946821481,True,4217.829642533986
ECC+AES-256,5000,5,2711,0.025899993488565087,0.13210000179242343,0.10150000161956996,True,4217.829642533986
ECC+AES-256,5000,5,2712,0.025699991965666413,0.13210000179242343,0.10219999239780009,True,4217.829642533986
ECC+AES-256,5000,5,2713,0.025900008040480316,0.14390000433195382,0.1016000023810193,True,4217.829642533986
ECC+AES-256,5000,5,2714,0.02570000651758164,0.13320001016836613,0.10269999620504677,True,4217.829642533986
ECC+AES-256,5000,5,2715,0.025600005756132305,0.1331999956164509,0.10209999163635075,True,4217.829642533986
ECC+AES-256,5000,5,2716,0.02580000727903098,0.1328000071225688,0.10289999772794545,True,4217.829642533986
ECC+AES-256,5000,5,2717,0.02570000651758164,0.1323000033153221,0.1019000046653673,True,4217.829642533986
ECC+AES-256,5000,5,2718,0.02580000727903098,0.13320001016836613,0.10269999620504677,True,4217.829642533986
ECC+AES-256,5000,5,2719,0.02609999501146376,0.1323000033153221,0.10259999544359744,True,4217.829642533986
ECC+AES-256,5000,5,2720,0.0261999957729131,0.13329999637790024,0.10299999848939478,True,4217.829642533986
ECC+AES-256,5000,5,2721,0.026000008801929653,0.13279999257065356,0.10229999315924942,True,4217.829642533986
ECC+AES-256,5000,5,2722,0.02580000727903098,0.13349999790079892,0.10209999163635075,True,4217.829642533986
ECC+AES-256,5000,5,2723,0.025699991965666413,0.13329999637790024,0.10259999544359744,True,4217.829642533986
ECC+AES-256,5000,5,2724,0.02570000651758164,0.13259999104775488,0.10240000847261399,True,4217.829642533986
ECC+AES-256,5000,5,2725,0.02549999044276774,0.13139999646227807,0.1007999962894246,True,4217.829642533986
ECC+AES-256,5000,5,2726,0.025600005756132305,0.13210000179242343,0.10199999087490141,True,4217.829642533986
ECC+AES-256,5000,5,2727,0.02570000651758164,0.13169999874662608,0.10280001151841134,True,4217.829642533986
ECC+AES-256,5000,5,2728,0.02570000651758164,0.1320000010309741,0.10170000314246863,True,4217.829642533986
ECC+AES-256,5000,5,2729,0.02570000651758164,0.1323999895248562,0.10200000542681664,True,4217.829642533986
ECC+AES-256,5000,5,2730,0.025599991204217076,0.13210000179242343,0.10229999315924942,True,4217.829642533986
ECC+AES-256,5000,5,2731,0.02540000423323363,0.1323000033153221,0.14230000670067966,True,4217.829642533986
ECC+AES-256,5000,5,2732,0.02950000634882599,0.14300001203082502,0.10220000694971532,True,4217.829642533986
ECC+AES-256,5000,5,2733,0.026900001103058457,0.13390000094659626,0.10230000771116465,True,4217.829642533986
ECC+AES-256,5000,5,2734,0.02579999272711575,0.13359999866224825,0.10250000923406333,True,4217.829642533986
ECC+AES-256,5000,5,2735,0.026300011086277664,0.13300000864546746,0.10269999620504677,True,4217.829642533986
ECC+AES-256,5000,5,2736,0.025900008040480316,0.13190000026952475,0.10210000618826598,True,4217.829642533986
ECC+AES-256,5000,5,2737,0.02579999272711575,0.1320000010309741,0.10219999239780009,True,4217.829642533986
ECC+AES-256,5000,5,2738,0.02610000956337899,0.1331000094069168,0.10259999544359744,True,4217.829642533986
ECC+AES-256,5000,5,2739,0.025699991965666413,0.13279999257065356,0.1016000023810193,True,4217.829642533986
ECC+AES-256,5000,5,2740,0.02579999272711575,0.13129999570082873,0.10089999705087394,True,4217.829642533986
ECC+AES-256,5000,5,2741,0.026500012609176338,0.13339999713934958,0.10250000923406333,True,4217.829642533986
ECC+AES-256,5000,5,2742,0.025999994250014424,0.14309999824035913,0.1016000023810193,True,4217.829642533986
ECC+AES-256,5000,5,2743,0.025500004994682968,0.13220000255387276,0.1016999885905534,True,4217.829642533986
ECC+AES-256,5000,5,2744,0.025599991204217076,0.13270000636111945,0.10109999857377261,True,4217.829642533986
ECC+AES-256,5000,5,2745,0.025699991965666413,0.1320000010309741,0.1024999946821481,True,4217.829642533986
ECC+AES-256,5000,5,2746,0.025599991204217076,0.1320000010309741,0.10239999392069876,True,4217.829642533986
ECC+AES-256,5000,5,2747,0.025699991965666413,0.13349999790079892,0.10230000771116465,True,4217.829642533986
ECC+AES-256,5000,5,2748,0.025600005756132305,0.13249999028630555,0.10320000001229346,True,4217.829642533986
ECC+AES-256,5000,5,2749,0.02579999272711575,0.1326000055996701,0.10230000771116465,True,4217.829642533986
ECC+AES-256,5000,5,2750,0.026299996534362435,0.13339999713934958,0.10210000618826598,True,4217.829642533986
ECC+AES-256,5000,5,2751,0.02579999272711575,0.13210000179242343,0.10170000314246863,True,4217.829642533986
ECC+AES-256,5000,5,2752,0.025599991204217076,0.13269999180920422,0.10229999315924942,True,4217.829642533986
ECC+AES-256,5000,5,2753,0.025600005756132305,0.13330001092981547,0.10189999011345208,True,4217.829642533986
ECC+AES-256,5000,5,2754,0.025500004994682968,0.13299999409355223,0.10200000542681664,True,4217.829642533986
ECC+AES-256,5000,5,2755,0.02580000727903098,0.1331000094069168,0.10269999620504677,True,4217.829642533986
ECC+AES-256,5000,5,2756,0.02510000194888562,0.13699999544769526,0.10140000085812062,True,4217.829642533986
ECC+AES-256,5000,5,2757,0.025899993488565087,0.1336999994236976,0.10340000153519213,True,4217.829642533986
ECC+AES-256,5000,5,2758,0.025899993488565087,0.13249999028630555,0.102700010756962,True,4217.829642533986
ECC+AES-256,5000,5,2759,0.02579999272711575,0.13240000407677144,0.10260000999551266,True,4217.829642533986
ECC+AES-256,5000,5,2760,0.026300011086277664,0.13210000179242343,0.1016000023810193,True,4217.829642533986
ECC+AES-256,5000,5,2761,0.025599991204217076,0.1362000039080158,0.10199999087490141,True,4217.829642533986
ECC+AES-256,5000,5,2762,0.02549999044276774,0.13169999874662608,0.10220000694971532,True,4217.829642533986
ECC+AES-256,5000,5,2763,0.025699991965666413,0.13159999798517674,0.10180000390391797,True,4217.829642533986
ECC+AES-256,5000,5,2764,0.025600005756132305,0.13220000255387276,0.102700010756962,True,4217.829642533986
ECC+AES-256,5000,5,2765,0.02549999044276774,0.13250000483822078,0.1016999885905534,True,4217.829642533986
ECC+AES-256,5000,5,2766,0.027099988074041903,0.13440000475384295,0.10239999392069876,True,4217.829642533986
ECC+AES-256,5000,5,2767,0.02570000651758164,0.13180001405999064,0.10080001084133983,True,4217.829642533986
ECC+AES-256,5000,5,2768,0.025600005756132305,0.13189998571760952,0.1019000046653673,True,4217.829642533986
ECC+AES-256,5000,5,2769,0.025599991204217076,0.1323000033153221,0.14089999604038894,True,4217.829642533986
ECC+AES-256,5000,5,2770,0.03090000245720148,0.13830000534653664,0.10389999079052359,True,4217.829642533986
ECC+AES-256,5000,5,2771,0.026900001103058457,0.13519999629352242,0.10390000534243882,True,4217.829642533986
ECC+AES-256,5000,5,2772,0.026699999580159783,0.1336999994236976,0.10299999848939478,True,4217.829642533986
ECC+AES-256,5000,5,2773,0.026900001103058457,0.13460000627674162,0.10279999696649611,True,4217.829642533986
ECC+AES-256,5000,5,2774,0.025900008040480316,0.13299999409355223,0.10199999087490141,True,4217.829642533986
ECC+AES-256,5000,5,2775,0.025599991204217076,0.13220000255387276,0.10210000618826598,True,4217.829642533986
ECC+AES-256,5000,5,2776,0.025899993488565087,0.13240000407677144,0.1016000023810193,True,4217.829642533986
ECC+AES-256,5000,5,2777,0.025599991204217076,0.13079999189358205,0.10200000542681664,True,4217.829642533986
ECC+AES-256,5000,5,2778,0.02579999272711575,0.1328999933321029,0.10180000390391797,True,4217.829642533986
ECC+AES-256,5000,5,2779,0.02579999272711575,0.1320000010309741,0.1024999946821481,True,4217.829642533986
ECC+AES-256,5000,5,2780,0.02610000956337899,0.14319999900180846,0.10430000838823617,True,4217.829642533986
ECC+AES-256,5000,5,2781,0.025299988919869065,0.13240000407677144,0.10150000161956996,True,4217.829642533986
ECC+AES-256,5000,5,2782,0.025900008040480316,0.1320000010309741,0.10179998935200274,True,4217.829642533986
ECC+AES-256,5000,5,2783,0.025899993488565087,0.13139999646227807,0.10099999781232327,True,4217.829642533986
ECC+AES-256,5000,5,2784,0.02580000727903098,0.13220000255387276,0.10240000847261399,True,4217.829642533986
ECC+AES-256,5000,5,2785,0.025500004994682968,0.13159999798517674,0.10170000314246863,True,4217.829642533986
ECC+AES-256,5000,5,2786,0.02580000727903098,0.13100000796839595,0.10089999705087394,True,4217.829642533986
ECC+AES-256,5000,5,2787,0.025899993488565087,0.13210000179242343,0.10130000009667128,True,4217.829642533986
ECC+AES-256,5000,5,2788,0.025999994250014424,0.13210000179242343,0.10200000542681664,True,4217.829642533986
ECC+AES-256,5000,5,2789,0.025600005756132305,0.1331999956164509,0.1019000046653673,True,4217.829642533986
ECC+AES-256,5000,5,2790,0.026000008801929653,0.1365000061923638,0.10230000771116465,True,4217.829642533986
ECC+AES-256,5000,5,2791,0.025600005756132305,0.13179999950807542,0.1016000023810193,True,4217.829642533986
ECC+AES-256,5000,5,2792,0.02540000423323363,0.13190000026952475,0.10259999544359744,True,4217.829642533986
ECC+AES-256,5000,5,2793,0.02540000423323363,0.1323000033153221,0.10260000999551266,True,4217.829642533986
ECC+AES-256,5000,5,2794,0.026400011847727,0.13670000771526247,0.10429999383632094,True,4217.829642533986
ECC+AES-256,5000,5,2795,0.029100003303028643,0.14150000060908496,0.10469999688211828,True,4217.829642533986
ECC+AES-256,5000,5,2796,0.027300004148855805,0.1353999978164211,0.10309999925084412,True,4217.829642533986
ECC+AES-256,5000,5,2797,0.026000008801929653,0.1336999994236976,0.10280001151841134,True,4217.829642533986
ECC+AES-256,5000,5,2798,0.025900008040480316,0.13259999104775488,0.10269999620504677,True,4217.829642533986
ECC+AES-256,5000,5,2799,0.025600005756132305,0.1331999956164509,0.10279999696649611,True,4217.829642533986
ECC+AES-256,5000,5,2800,0.0261999957729131,0.13290000788401812,0.10219999239780009,True,4217.829642533986
ECC+AES-256,5000,5,2801,0.02579999272711575,0.13240000407677144,0.10159998782910407,True,4217.829642533986
ECC+AES-256,5000,5,2802,0.026000008801929653,0.13150001177564263,0.10179998935200274,True,4217.829642533986
ECC+AES-256,5000,5,2803,0.025599991204217076,0.13169999874662608,0.10180000390391797,True,4217.829642533986
ECC+AES-256,5000,5,2804,0.025999994250014424,0.1323000033153221,0.10180000390391797,True,4217.829642533986
ECC+AES-256,5000,5,2805,0.025999994250014424,0.13250000483822078,0.10239999392069876,True,4217.829642533986
ECC+AES-256,5000,5,2806,0.025899993488565087,0.13220000255387276,0.1416000013705343,True,4217.829642533986
ECC+AES-256,5000,5,2807,0.035500008380040526,0.15210000856313854,0.10840001050382853,True,4217.829642533986
ECC+AES-256,5000,5,2808,0.028099995688535273,0.14390000433195382,0.10299999848939478,True,4217.829642533986
ECC+AES-256,5000,5,2809,0.027700007194653153,0.13339999713934958,0.10229999315924942,True,4217.829642533986
ECC+AES-256,5000,5,2810,0.02749999111983925,0.1331999956164509,0.10259999544359744,True,4217.829642533986
ECC+AES-256,5000,5,2811,0.02680000034160912,0.1357000001007691,0.10279999696649611,True,4217.829642533986
ECC+AES-256,5000,5,2812,0.026699999580159783,0.13439999020192772,0.10299999848939478,True,4217.829642533986
ECC+AES-256,5000,5,2813,0.026900001103058457,0.1336999994236976,0.10229999315924942,True,4217.829642533986
ECC+AES-256,5000,5,2814,0.026299996534362435,0.13299999409355223,0.10209999163635075,True,4217.829642533986
ECC+AES-256,5000,5,2815,0.026399997295811772,0.13270000636111945,0.10170000314246863,True,4217.829642533986
ECC+AES-256,5000,5,2816,0.026400011847727,0.13190000026952475,0.10250000923406333,True,4217.829642533986
ECC+AES-256,5000,5,2817,0.02680000034160912,0.13339999713934958,0.1024999946821481,True,4217.829642533986
ECC+AES-256,5000,5,2818,0.026900001103058457,0.1340000017080456,0.10200000542681664,True,4217.829642533986
ECC+AES-256,5000,5,2819,0.026599998818710446,0.13380000018514693,0.10289999772794545,True,4217.829642533986
ECC+AES-256,5000,5,2820,0.027000001864507794,0.13220000255387276,0.10219999239780009,True,4217.829642533986
ECC+AES-256,5000,5,2821,0.02649999805726111,0.13210000179242343,0.10239999392069876,True,4217.829642533986
ECC+AES-256,5000,5,2822,0.02680000034160912,0.13359999866224825,0.10219999239780009,True,4217.829642533986
ECC+AES-256,5000,5,2823,0.026299996534362435,0.1328999933321029,0.10230000771116465,True,4217.829642533986
ECC+AES-256,5000,5,2824,0.02649999805726111,0.13190000026952475,0.10239999392069876,True,4217.829642533986
ECC+AES-256,5000,5,2825,0.026399997295811772,0.1323000033153221,0.1019000046653673,True,4217.829642533986
ECC+AES-256,5000,5,2826,0.026200010324828327,0.1320000010309741,0.10140000085812062,True,4217.829642533986
ECC+AES-256,5000,5,2827,0.02649999805726111,0.14489999739453197,0.10790000669658184,True,4217.829642533986
ECC+AES-256,5000,5,2828,0.02609999501146376,0.13169999874662608,0.10119999933522195,True,4217.829642533986
ECC+AES-256,5000,5,2829,0.026699999580159783,0.13190000026952475,0.10200000542681664,True,4217.829642533986
ECC+AES-256,5000,5,2830,0.026000008801929653,0.13220000255387276,0.10279999696649611,True,4217.829642533986
ECC+AES-256,5000,5,2831,0.026799985789693892,0.1323000033153221,0.10170000314246863,True,4217.829642533986
ECC+AES-256,5000,5,2832,0.026699999580159783,0.13179999950807542,0.10119999933522195,True,4217.829642533986
ECC+AES-256,5000,5,2833,0.02649999805726111,0.13269999180920422,0.1019000046653673,True,4217.829642533986
ECC+AES-256,5000,5,2834,0.026500012609176338,0.13130001025274396,0.10220000694971532,True,4217.829642533986
ECC+AES-256,5000,5,2835,0.026200010324828327,0.1328000071225688,0.10239999392069876,True,4217.829642533986
ECC+AES-256,5000,5,2836,0.02680000034160912,0.13380000018514693,0.102700010756962,True,4217.829642533986
ECC+AES-256,5000,5,2837,0.02720000338740647,0.1370999962091446,0.10209999163635075,True,4217.829642533986
ECC+AES-256,5000,5,2838,0.026299996534362435,0.13159999798517674,0.10320000001229346,True,4217.829642533986
ECC+AES-256,5000,5,2839,0.025999994250014424,0.13259999104775488,0.10180000390391797,True,4217.829642533986
ECC+AES-256,5000,5,2840,0.026200010324828327,0.13250000483822078,0.10210000618826598,True,4217.829642533986
ECC+AES-256,5000,5,2841,0.025999994250014424,0.13210000179242343,0.10180000390391797,True,4217.829642533986
ECC+AES-256,5000,5,2842,0.026000008801929653,0.13210000179242343,0.10210000618826598,True,4217.829642533986
ECC+AES-256,5000,5,2843,0.0261999957729131,0.13269999180920422,0.13000000035390258,True,4217.829642533986
ECC+AES-256,5000,5,2844,0.029100003303028643,0.1373999984934926,0.10289999772794545,True,4217.829642533986
ECC+AES-256,5000,5,2845,0.02719998883549124,0.1326000055996701,0.10219999239780009,True,4217.829642533986
ECC+AES-256,5000,5,2846,0.026699999580159783,0.13390000094659626,0.10199999087490141,True,4217.829642533986
ECC+AES-256,5000,5,2847,0.02649999805726111,0.13190000026952475,0.10179998935200274,True,4217.829642533986
ECC+AES-256,5000,5,2848,0.025899993488565087,0.13080000644549727,0.1024999946821481,True,4217.829642533986
ECC+AES-256,5000,5,2849,0.026300011086277664,0.13159999798517674,0.10189999011345208,True,4217.829642533986
ECC+AES-256,5000,5,2850,0.025999994250014424,0.13169999874662608,0.10130000009667128,True,4217.829642533986
ECC+AES-256,5000,5,2851,0.025999994250014424,0.13329999637790024,0.1024999946821481,True,4217.829642533986
ECC+AES-256,5000,5,2852,0.027000001864507794,0.13390000094659626,0.10240000847261399,True,4217.829642533986
ECC+AES-256,5000,5,2853,0.026399997295811772,0.1328999933321029,0.10250000923406333,True,4217.829642533986
ECC+AES-256,5000,5,2854,0.025900008040480316,0.1320000010309741,0.1019000046653673,True,4217.829642533986
ECC+AES-256,5000,5,2855,0.026400011847727,0.13110000872984529,0.10179998935200274,True,4217.829642533986
ECC+AES-256,5000,5,2856,0.02609999501146376,0.13139999646227807,0.10180000390391797,True,4217.829642533986
ECC+AES-256,5000,5,2857,0.02610000956337899,0.13190000026952475,0.1019000046653673,True,4217.829642533986
ECC+AES-256,5000,5,2858,0.025999994250014424,0.1328000071225688,0.10230000771116465,True,4217.829642533986
ECC+AES-256,5000,5,2859,0.026300011086277664,0.13300000864546746,0.10289999772794545,True,4217.829642533986
ECC+AES-256,5000,5,2860,0.027299989596940577,0.1340000017080456,0.10219999239780009,True,4217.829642533986
ECC+AES-256,5000,5,2861,0.0261999957729131,0.13299999409355223,0.10220000694971532,True,4217.829642533986
ECC+AES-256,5000,5,2862,0.026300011086277664,0.13380000018514693,0.10230000771116465,True,4217.829642533986
ECC+AES-256,5000,5,2863,0.026400011847727,0.13330001092981547,0.10259999544359744,True,4217.829642533986
ECC+AES-256,5000,5,2864,0.02609999501146376,0.13109999417793006,0.10150000161956996,True,4217.829642533986
ECC+AES-256,5000,5,2865,0.025899993488565087,0.14309999824035913,0.1041999930748716,True,4217.829642533986
ECC+AES-256,5000,5,2866,0.02579999272711575,0.13220000255387276,0.10289999772794545,True,4217.829642533986
ECC+AES-256,5000,5,2867,0.025999994250014424,0.13269999180920422,0.10299999848939478,True,4217.829642533986
ECC+AES-256,5000,5,2868,0.02680000034160912,0.13599998783320189,0.1016000023810193,True,4217.829642533986
ECC+AES-256,5000,5,2869,0.02610000956337899,0.13139999646227807,0.1016000023810193,True,4217.829642533986
ECC+AES-256,5000,5,2870,0.025500004994682968,0.13220000255387276,0.10199999087490141,True,4217.829642533986
ECC+AES-256,5000,5,2871,0.02579999272711575,0.13190000026952475,0.1019000046653673,True,4217.829642533986
ECC+AES-256,5000,5,2872,0.02570000651758164,0.1306999911321327,0.10150000161956996,True,4217.829642533986
ECC+AES-256,5000,5,2873,0.02570000651758164,0.13099999341648072,0.10150000161956996,True,4217.829642533986
ECC+AES-256,5000,5,2874,0.02579999272711575,0.1311999949393794,0.10109999857377261,True,4217.829642533986
ECC+AES-256,5000,5,2875,0.025999994250014424,0.13549999857787043,0.10180000390391797,True,4217.829642533986
ECC+AES-256,5000,5,2876,0.025899993488565087,0.13099999341648072,0.10119999933522195,True,4217.829642533986
ECC+AES-256,5000,5,2877,0.025600005756132305,0.13049998960923404,0.10119999933522195,True,4217.829642533986
ECC+AES-256,5000,5,2878,0.025300003471784294,0.13070000568404794,0.10159998782910407,True,4217.829642533986
ECC+AES-256,5000,5,2879,0.02549999044276774,0.13109999417793006,0.10140000085812062,True,4217.829642533986
ECC+AES-256,5000,5,2880,0.025699991965666413,0.13269999180920422,0.102700010756962,True,4217.829642533986
ECC+AES-256,5000,5,2881,0.030800001695752144,0.14430000737775117,0.10580000525806099,True,4217.829642533986
ECC+AES-256,5000,5,2882,0.027400004910305142,0.13349999790079892,0.10380000458098948,True,4217.829642533986
ECC+AES-256,5000,5,2883,0.02609999501146376,0.13349999790079892,0.10199999087490141,True,4217.829642533986
ECC+AES-256,5000,5,2884,0.0261999957729131,0.14269999519456178,0.10389999079052359,True,4217.829642533986
ECC+AES-256,5000,5,2885,0.02580000727903098,0.13210000179242343,0.10289999772794545,True,4217.829642533986
ECC+AES-256,5000,5,2886,0.025699991965666413,0.1328999933321029,0.10299999848939478,True,4217.829642533986
ECC+AES-256,5000,5,2887,0.025600005756132305,0.13259999104775488,0.10200000542681664,True,4217.829642533986
ECC+AES-256,5000,5,2888,0.02580000727903098,0.13220000255387276,0.10140000085812062,True,4217.829642533986
ECC+AES-256,5000,5,2889,0.02580000727903098,0.13300000864546746,0.10170000314246863,True,4217.829642533986
ECC+AES-256,5000,5,2890,0.025699991965666413,0.13129999570082873,0.10180000390391797,True,4217.829642533986
ECC+AES-256,5000,5,2891,0.025699991965666413,0.1331999956164509,0.10220000694971532,True,4217.829642533986
ECC+AES-256,5000,5,2892,0.026000008801929653,0.1326000055996701,0.10180000390391797,True,4217.829642533986
ECC+AES-256,5000,5,2893,0.02579999272711575,0.13250000483822078,0.10269999620504677,True,4217.829642533986
ECC+AES-256,5000,5,2894,0.025699991965666413,0.14319999900180846,0.10970000585075468,True,4217.829642533986
ECC+AES-256,5000,5,2895,0.025900008040480316,0.1323999895248562,0.10210000618826598,True,4217.829642533986
ECC+AES-256,5000,5,2896,0.025699991965666413,0.13190000026952475,0.10209999163635075,True,4217.829642533986
ECC+AES-256,5000,5,2897,0.02579999272711575,0.13290000788401812,0.1016999885905534,True,4217.829642533986
ECC+AES-256,5000,5,2898,0.025500004994682968,0.1323999895248562,0.10230000771116465,True,4217.829642533986
ECC+AES-256,5000,5,2899,0.02580000727903098,0.13250000483822078,0.10140000085812062,True,4217.829642533986
ECC+AES-256,5000,5,2900,0.026699999580159783,0.1362000039080158,0.10159998782910407,True,4217.829642533986
ECC+AES-256,5000,5,2901,0.026300011086277664,0.13330001092981547,0.10210000618826598,True,4217.829642533986
ECC+AES-256,5000,5,2902,0.025900008040480316,0.13349999790079892,0.10250000923406333,True,4217.829642533986
ECC+AES-256,5000,5,2903,0.025599991204217076,0.13269999180920422,0.10210000618826598,True,4217.829642533986
ECC+AES-256,5000,5,2904,0.025900008040480316,0.13970000145491213,0.10229999315924942,True,4217.829642533986
ECC+AES-256,5000,5,2905,0.02609999501146376,0.1328999933321029,0.10230000771116465,True,4217.829642533986
ECC+AES-256,5000,5,2906,0.025900008040480316,0.1320000010309741,0.10189999011345208,True,4217.829642533986
ECC+AES-256,5000,5,2907,0.02549999044276774,0.13210000179242343,0.10179998935200274,True,4217.829642533986
ECC+AES-256,5000,5,2908,0.02570000651758164,0.13079999189358205,0.10250000923406333,True,4217.829642533986
ECC+AES-256,5000,5,2909,0.025599991204217076,0.13169999874662608,0.10200000542681664,True,4217.829642533986
ECC+AES-256,5000,5,2910,0.02579999272711575,0.13169999874662608,0.10150000161956996,True,4217.829642533986
ECC+AES-256,5000,5,2911,0.02570000651758164,0.13250000483822078,0.10200000542681664,True,4217.829642533986
ECC+AES-256,5000,5,2912,0.025300003471784294,0.13240000407677144,0.10219999239780009,True,4217.829642533986
ECC+AES-256,5000,5,2913,0.025300003471784294,0.13179999950807542,0.10200000542681664,True,4217.829642533986
ECC+AES-256,5000,5,2914,0.03169999399688095,0.15910000365693122,0.10910000128205866,True,4217.829642533986
ECC+AES-256,5000,5,2915,0.027300004148855805,0.13500000932253897,0.10320000001229346,True,4217.829642533986
ECC+AES-256,5000,5,2916,0.025999994250014424,0.1323000033153221,0.10209999163635075,True,4217.829642533986
ECC+AES-256,5000,5,2917,0.026299996534362435,0.1328999933321029,0.10269999620504677,True,4217.829642533986
ECC+AES-256,5000,5,2918,0.04460000491235405,0.1703000016277656,0.11380000796634704,True,4217.829642533986
ECC+AES-256,5000,5,2919,0.04100000660400838,0.16660000255797058,0.11339999036863446,True,4217.829642533986
ECC+AES-256,5000,5,2920,0.0320999970426783,0.14370000280905515,0.10560000373516232,True,4217.829642533986
ECC+AES-256,5000,5,2921,0.04159999662078917,0.1736999984132126,0.11240001185797155,True,4217.829642533986
ECC+AES-256,5000,5,2922,0.03819999983534217,0.21050000214017928,0.11920000542886555,True,4217.829642533986
ECC+AES-256,5000,5,2923,0.02929999027401209,0.14170000213198364,0.10729998757597059,True,4217.829642533986
ECC+AES-256,5000,5,2924,0.02750000567175448,0.1362999901175499,0.1036000030580908,True,4217.829642533986
ECC+AES-256,5000,5,2925,0.02610000956337899,0.1323999895248562,0.10240000847261399,True,4217.829642533986
ECC+AES-256,5000,5,2926,0.026300011086277664,0.13330001092981547,0.10259999544359744,True,4217.829642533986
ECC+AES-256,5000,5,2927,0.02609999501146376,0.1340000017080456,0.10239999392069876,True,4217.829642533986
ECC+AES-256,5000,5,2928,0.025999994250014424,0.13179999950807542,0.10089999705087394,True,4217.829642533986
ECC+AES-256,5000,5,2929,0.02609999501146376,0.13270000636111945,0.10189999011345208,True,4217.829642533986
ECC+AES-256,5000,5,2930,0.0261999957729131,0.13309999485500157,0.1033000007737428,True,4217.829642533986
ECC+AES-256,5000,5,2931,0.02649999805726111,0.13410000246949494,0.10260000999551266,True,4217.829642533986
ECC+AES-256,5000,5,2932,0.025999994250014424,0.13479999324772507,0.10150000161956996,True,4217.829642533986
ECC+AES-256,5000,5,2933,0.02580000727903098,0.13129999570082873,0.1019000046653673,True,4217.829642533986
ECC+AES-256,5000,5,2934,0.025899993488565087,0.13270000636111945,0.10200000542681664,True,4217.829642533986
ECC+AES-256,5000,5,2935,0.025899993488565087,0.13309999485500157,0.10150000161956996,True,4217.829642533986
ECC+AES-256,5000,5,2936,0.025899993488565087,0.13349999790079892,0.10220000694971532,True,4217.829642533986
ECC+AES-256,5000,5,2937,0.02609999501146376,0.1328999933321029,0.10269999620504677,True,4217.829642533986
ECC+AES-256,5000,5,2938,0.026599998818710446,0.13299999409355223,0.10229999315924942,True,4217.829642533986
ECC+AES-256,5000,5,2939,0.025900008040480316,0.13220000255387276,0.10279999696649611,True,4217.829642533986
ECC+AES-256,5000,5,2940,0.025999994250014424,0.13249999028630555,0.10210000618826598,True,4217.829642533986
ECC+AES-256,5000,5,2941,0.02649999805726111,0.14390000433195382,0.106100007542409,True,4217.829642533986
ECC+AES-256,5000,5,2942,0.025899993488565087,0.13259999104775488,0.10240000847261399,True,4217.829642533986
ECC+AES-256,5000,5,2943,0.02579999272711575,0.13349999790079892,0.10259999544359744,True,4217.829642533986
ECC+AES-256,5000,5,2944,0.02570000651758164,0.13300000864546746,0.10279999696649611,True,4217.829642533986
ECC+AES-256,5000,5,2945,0.02610000956337899,0.13270000636111945,0.1024999946821481,True,4217.829642533986
ECC+AES-256,5000,5,2946,0.025599991204217076,0.13210000179242343,0.10199999087490141,True,4217.829642533986
ECC+AES-256,5000,5,2947,0.025699991965666413,0.13210000179242343,0.10209999163635075,True,4217.829642533986
ECC+AES-256,5000,5,2948,0.0261999957729131,0.13339999713934958,0.10180000390391797,True,4217.829642533986
ECC+AES-256,5000,5,2949,0.025500004994682968,0.13190000026952475,0.10229999315924942,True,4217.829642533986
ECC+AES-256,5000,5,2950,0.02579999272711575,0.13610000314656645,0.1019000046653673,True,4217.829642533986
ECC+AES-256,5000,5,2951,0.0261999957729131,0.13329999637790024,0.10150000161956996,True,4217.829642533986
ECC+AES-256,5000,5,2952,0.025999994250014424,0.13169999874662608,0.10199999087490141,True,4217.829642533986
ECC+AES-256,5000,5,2953,0.03290000313427299,0.14279999595601112,0.1100999943446368,True,4217.829642533986
ECC+AES-256,5000,5,2954,0.030499999411404133,0.13679999392479658,0.10460001067258418,True,4217.829642533986
ECC+AES-256,5000,5,2955,0.02609999501146376,0.13299999409355223,0.1019000046653673,True,4217.829642533986
ECC+AES-256,5000,5,2956,0.02579999272711575,0.13250000483822078,0.10210000618826598,True,4217.829642533986
ECC+AES-256,5000,5,2957,0.025999994250014424,0.13270000636111945,0.10320000001229346,True,4217.829642533986
ECC+AES-256,5000,5,2958,0.025600005756132305,0.1323999895248562,0.1019000046653673,True,4217.829642533986
ECC+AES-256,5000,5,2959,0.02580000727903098,0.1336999994236976,0.10200000542681664,True,4217.829642533986
ECC+AES-256,5000,5,2960,0.02570000651758164,0.13269999180920422,0.10299999848939478,True,4217.829642533986
ECC+AES-256,5000,5,2961,0.02579999272711575,0.13220000255387276,0.1016999885905534,True,4217.829642533986
ECC+AES-256,5000,5,2962,0.025500004994682968,0.13259999104775488,0.10150000161956996,True,4217.829642533986
ECC+AES-256,5000,5,2963,0.026200010324828327,0.13320001016836613,0.1033000007737428,True,4217.829642533986
ECC+AES-256,5000,5,2964,0.02570000651758164,0.13760000001639128,0.10350000229664147,True,4217.829642533986
ECC+AES-256,5000,5,2965,0.025900008040480316,0.13359999866224825,0.10299999848939478,True,4217.829642533986
ECC+AES-256,5000,5,2966,0.026200010324828327,0.13250000483822078,0.10269999620504677,True,4217.829642533986
ECC+AES-256,5000,5,2967,0.025399989681318402,0.13290000788401812,0.10269999620504677,True,4217.829642533986
ECC+AES-256,5000,5,2968,0.02570000651758164,0.13190000026952475,0.10320000001229346,True,4217.829642533986
ECC+AES-256,5000,5,2969,0.0261999957729131,0.13299999409355223,0.10250000923406333,True,4217.829642533986
ECC+AES-256,5000,5,2970,0.026200010324828327,0.14000000373926014,0.10030000703409314,True,4217.829642533986
ECC+AES-256,5000,5,2971,0.02580000727903098,0.1323000033153221,0.10220000694971532,True,4217.829642533986
ECC+AES-256,5000,5,2972,0.025999994250014424,0.1323000033153221,0.10229999315924942,True,4217.829642533986
ECC+AES-256,5000,5,2973,0.02609999501146376,0.13309999485500157,0.10210000618826598,True,4217.829642533986
ECC+AES-256,5000,5,2974,0.025600005756132305,0.1323000033153221,0.10269999620504677,True,4217.829642533986
ECC+AES-256,5000,5,2975,0.02549999044276774,0.13290000788401812,0.10279999696649611,True,4217.829642533986
ECC+AES-256,5000,5,2976,0.025999994250014424,0.13279999257065356,0.10180000390391797,True,4217.829642533986
ECC+AES-256,5000,5,2977,0.025599991204217076,0.1314999972237274,0.10119999933522195,True,4217.829642533986
ECC+AES-256,5000,5,2978,0.025600005756132305,0.13139999646227807,0.10200000542681664,True,4217.829642533986
ECC+AES-256,5000,5,2979,0.02580000727903098,0.13179999950807542,0.10199999087490141,True,4217.829642533986
ECC+AES-256,5000,5,2980,0.025600005756132305,0.14400000509340316,0.10639999527484179,True,4217.829642533986
ECC+AES-256,5000,5,2981,0.025900008040480316,0.1320000010309741,0.10180000390391797,True,4217.829642533986
ECC+AES-256,5000,5,2982,0.025600005756132305,0.13159999798517674,0.10099999781232327,True,4217.829642533986
ECC+AES-256,5000,5,2983,0.02540000423323363,0.13250000483822078,0.10229999315924942,True,4217.829642533986
ECC+AES-256,5000,5,2984,0.025600005756132305,0.13179999950807542,0.10240000847261399,True,4217.829642533986
ECC+AES-256,5000,5,2985,0.025599991204217076,0.13250000483822078,0.10179998935200274,True,4217.829642533986
ECC+AES-256,5000,5,2986,0.025699991965666413,0.1314999972237274,0.10200000542681664,True,4217.829642533986
ECC+AES-256,5000,5,2987,0.02540000423323363,0.1311999949393794,0.10180000390391797,True,4217.829642533986
ECC+AES-256,5000,5,2988,0.027999994927085936,0.13749999925494194,0.1041999930748716,True,4217.829642533986
ECC+AES-256,5000,5,2989,0.026699999580159783,0.13159999798517674,0.10350000229664147,True,4217.829642533986
ECC+AES-256,5000,5,2990,0.02989999484270811,0.145800004247576,0.10470001143403351,True,4217.829642533986
ECC+AES-256,5000,5,2991,0.026699999580159783,0.13460000627674162,0.10219999239780009,True,4217.829642533986
ECC+AES-256,5000,5,2992,0.026300011086277664,0.13190000026952475,0.10220000694971532,True,4217.829642533986
ECC+AES-256,5000,5,2993,0.025999994250014424,0.1311999949393794,0.10140000085812062,True,4217.829642533986
ECC+AES-256,5000,5,2994,0.025900008040480316,0.13300000864546746,0.10289999772794545,True,4217.829642533986
ECC+AES-256,5000,5,2995,0.0261999957729131,0.13270000636111945,0.10179998935200274,True,4217.829642533986
ECC+AES-256,5000,5,2996,0.026299996534362435,0.13269999180920422,0.10200000542681664,True,4217.829642533986
ECC+AES-256,5000,5,2997,0.02570000651758164,0.13169999874662608,0.1016000023810193,True,4217.829642533986
ECC+AES-256,5000,5,2998,0.02570000651758164,0.13229998876340687,0.10240000847261399,True,4217.829642533986
ECC+AES-256,5000,5,2999,0.02570000651758164,0.13259999104775488,0.10220000694971532,True,4217.829642533986
ECC+AES-256,5000,5,3000,0.029100003303028643,0.14870001177769154,0.10520000068936497,True,4217.829642533986
ECC+AES-256,5000,5,3001,0.02680000034160912,0.13329999637790024,0.10370000381954014,True,4217.829642533986
ECC+AES-256,5000,5,3002,0.026300011086277664,0.13420000323094428,0.10220000694971532,True,4217.829642533986
ECC+AES-256,5000,5,3003,0.025999994250014424,0.1326000055996701,0.1024999946821481,True,4217.829642533986
ECC+AES-256,5000,5,3004,0.025999994250014424,0.1320000010309741,0.10239999392069876,True,4217.829642533986
ECC+AES-256,5000,5,3005,0.025699991965666413,0.13309999485500157,0.10250000923406333,True,4217.829642533986
ECC+AES-256,5000,5,3006,0.0261999957729131,0.1323999895248562,0.10250000923406333,True,4217.829642533986
ECC+AES-256,5000,5,3007,0.025600005756132305,0.13330001092981547,0.1019000046653673,True,4217.829642533986
ECC+AES-256,5000,5,3008,0.02610000956337899,0.13220000255387276,0.10200000542681664,True,4217.829642533986
ECC+AES-256,5000,5,3009,0.02579999272711575,0.13249999028630555,0.10200000542681664,True,4217.829642533986
ECC+AES-256,5000,5,3010,0.025899993488565087,0.14430000737775117,0.10230000771116465,True,4217.829642533986
ECC+AES-256,5000,5,3011,0.02570000651758164,0.13259999104775488,0.10210000618826598,True,4217.829642533986
ECC+AES-256,5000,5,3012,0.026299996534362435,0.1320999872405082,0.10180000390391797,True,4217.829642533986
ECC+AES-256,5000,5,3013,0.02609999501146376,0.13250000483822078,0.10259999544359744,True,4217.829642533986
ECC+AES-256,5000,5,3014,0.025999994250014424,0.13259999104775488,0.10210000618826598,True,4217.829642533986
ECC+AES-256,5000,5,3015,0.025600005756132305,0.13229998876340687,0.1016000023810193,True,4217.829642533986
ECC+AES-256,5000,5,3016,0.025999994250014424,0.13169999874662608,0.10180000390391797,True,4217.829642533986
ECC+AES-256,5000,5,3017,0.0261999957729131,0.13259999104775488,0.10230000771116465,True,4217.829642533986
ECC+AES-256,5000,5,3018,0.025999994250014424,0.13179999950807542,0.10130000009667128,True,4217.829642533986
ECC+AES-256,5000,5,3019,0.02579999272711575,0.13190000026952475,0.10200000542681664,True,4217.829642533986
ECC+AES-256,5000,5,3020,0.025899993488565087,0.14350000128615648,0.10849999671336263,True,4217.829642533986
ECC+AES-256,5000,5,3021,0.025899993488565087,0.13240000407677144,0.1024999946821481,True,4217.829642533986
ECC+AES-256,5000,5,3022,0.02579999272711575,0.13220000255387276,0.10259999544359744,True,4217.829642533986
ECC+AES-256,5000,5,3023,0.025900008040480316,0.1328000071225688,0.10170000314246863,True,4217.829642533986
ECC+AES-256,5000,5,3024,0.02549999044276774,0.13190000026952475,0.10279999696649611,True,4217.829642533986
ECC+AES-256,5000,5,3025,0.025900008040480316,0.13049998960923404,0.10119999933522195,True,4217.829642533986
ECC+AES-256,5000,5,3026,0.02580000727903098,0.13220000255387276,0.10240000847261399,True,4217.829642533986
ECC+AES-256,5000,5,3027,0.02649999805726111,0.13410000246949494,0.1453000004403293,True,4217.829642533986
ECC+AES-256,5000,5,3028,0.03369999467395246,0.14269999519456178,0.10579999070614576,True,4217.829642533986
ECC+AES-256,5000,5,3029,0.02720000338740647,0.15109998639672995,0.10309999925084412,True,4217.829642533986
ECC+AES-256,5000,5,3030,0.04190001345705241,0.13470000703819096,0.10200000542681664,True,4217.829642533986
ECC+AES-256,5000,5,3031,0.026400011847727,0.13440000475384295,0.10259999544359744,True,4217.829642533986
ECC+AES-256,5000,5,3032,0.026699999580159783,0.13420000323094428,0.10199999087490141,True,4217.829642533986
ECC+AES-256,5000,5,3033,0.026699999580159783,0.13290000788401812,0.10279999696649611,True,4217.829642533986
ECC+AES-256,5000,5,3034,0.026299996534362435,0.13329999637790024,0.10259999544359744,True,4217.829642533986
ECC+AES-256,5000,5,3035,0.02649999805726111,0.1328999933321029,0.1019000046653673,True,4217.829642533986
ECC+AES-256,5000,5,3036,0.02579999272711575,0.1331999956164509,0.10250000923406333,True,4217.829642533986
ECC+AES-256,5000,5,3037,0.02579999272711575,0.1323999895248562,0.10180000390391797,True,4217.829642533986
ECC+AES-256,5000,5,3038,0.025899993488565087,0.1323000033153221,0.10239999392069876,True,4217.829642533986
ECC+AES-256,5000,5,3039,0.02579999272711575,0.13269999180920422,0.10289999772794545,True,4217.829642533986
ECC+AES-256,5000,5,3040,0.025900008040480316,0.13219998800195754,0.10200000542681664,True,4217.829642533986
ECC+AES-256,5000,5,3041,0.02570000651758164,0.13249999028630555,0.102700010756962,True,4217.829642533986
ECC+AES-256,5000,5,3042,0.02609999501146376,0.13220000255387276,0.10210000618826598,True,4217.829642533986
ECC+AES-256,5000,5,3043,0.025899993488565087,0.1328000071225688,0.10180000390391797,True,4217.829642533986
ECC+AES-256,5000,5,3044,0.02580000727903098,0.13190000026952475,0.10180000390391797,True,4217.829642533986
ECC+AES-256,5000,5,3045,0.02580000727903098,0.13279999257065356,0.10130000009667128,True,4217.829642533986
ECC+AES-256,5000,5,3046,0.02570000651758164,0.13419998867902905,0.1016000023810193,True,4217.829642533986
ECC+AES-256,5000,5,3047,0.026300011086277664,0.1326000055996701,0.1019000046653673,True,4217.829642533986
ECC+AES-256,5000,5,3048,0.0261999957729131,0.1429999974789098,0.10130000009667128,True,4217.829642533986
ECC+AES-256,5000,5,3049,0.02609999501146376,0.13380000018514693,0.1019000046653673,True,4217.829642533986
ECC+AES-256,5000,5,3050,0.026599998818710446,0.13549999857787043,0.10409999231342226,True,4217.829642533986
ECC+AES-256,5000,5,3051,0.026299996534362435,0.13380000018514693,0.10340000153519213,True,4217.829642533986
ECC+AES-256,5000,5,3052,0.02609999501146376,0.13279999257065356,0.10240000847261399,True,4217.829642533986
ECC+AES-256,5000,5,3053,0.025600005756132305,0.13159999798517674,0.1016000023810193,True,4217.829642533986
ECC+AES-256,5000,5,3054,0.025999994250014424,0.1326000055996701,0.10220000694971532,True,4217.829642533986
ECC+AES-256,5000,5,3055,0.025900008040480316,0.13380000018514693,0.10260000999551266,True,4217.829642533986
ECC+AES-256,5000,5,3056,0.025899993488565087,0.13139999646227807,0.10170000314246863,True,4217.829642533986
ECC+AES-256,5000,5,3057,0.025699991965666413,0.1306000049225986,0.10130000009667128,True,4217.829642533986
ECC+AES-256,5000,5,3058,0.026699999580159783,0.14439999358728528,0.10779999138321728,True,4217.829642533986
ECC+AES-256,5000,5,3059,0.0261999957729131,0.13219998800195754,0.10200000542681664,True,4217.829642533986
ECC+AES-256,5000,5,3060,0.026300011086277664,0.1323000033153221,0.1024999946821481,True,4217.829642533986
ECC+AES-256,5000,5,3061,0.02570000651758164,0.13220000255387276,0.10210000618826598,True,4217.829642533986
ECC+AES-256,5000,5,3062,0.026399997295811772,0.1323000033153221,0.10170000314246863,True,4217.829642533986
ECC+AES-256,5000,5,3063,0.02570000651758164,0.1320000010309741,0.10139998630620539,True,4217.829642533986
ECC+AES-256,5000,5,3064,0.025699991965666413,0.13129999570082873,0.13190000026952475,True,4217.829642533986
ECC+AES-256,5000,5,3065,0.0315000070258975,0.13980000221636146,0.10609999299049377,True,4217.829642533986
ECC+AES-256,5000,5,3066,0.02649999805726111,0.13390000094659626,0.1036000030580908,True,4217.829642533986
ECC+AES-256,5000,5,3067,0.026299996534362435,0.14420000661630183,0.10679999832063913,True,4217.829642533986
ECC+AES-256,5000,5,3068,0.02610000956337899,0.1331000094069168,0.10210000618826598,True,4217.829642533986
ECC+AES-256,5000,5,3069,0.025999994250014424,0.1311999949393794,0.1016000023810193,True,4217.829642533986
ECC+AES-256,5000,5,3070,0.026399997295811772,0.1323999895248562,0.10180000390391797,True,4217.829642533986
ECC+AES-256,5000,5,3071,0.025900008040480316,0.1331999956164509,0.10259999544359744,True,4217.829642533986
ECC+AES-256,5000,5,3072,0.025900008040480316,0.1320999872405082,0.10260000999551266,True,4217.829642533986
ECC+AES-256,5000,5,3073,0.02609999501146376,0.13100000796839595,0.10150000161956996,True,4217.829642533986
ECC+AES-256,5000,5,3074,0.02579999272711575,0.13349999790079892,0.10220000694971532,True,4217.829642533986
ECC+AES-256,5000,5,3075,0.026000008801929653,0.1328999933321029,0.10259999544359744,True,4217.829642533986
ECC+AES-256,5000,5,3076,0.02579999272711575,0.13169999874662608,0.1019000046653673,True,4217.829642533986
ECC+AES-256,5000,5,3077,0.026299996534362435,0.13839999155607074,0.10250000923406333,True,4217.829642533986
ECC+AES-256,5000,5,3078,0.026399997295811772,0.13229998876340687,0.1019000046653673,True,4217.829642533986
ECC+AES-256,5000,5,3079,0.025999994250014424,0.13220000255387276,0.10149998706765473,True,4217.829642533986
ECC+AES-256,5000,5,3080,0.026300011086277664,0.13390000094659626,0.10320000001229346,True,4217.829642533986
ECC+AES-256,5000,5,3081,0.02610000956337899,0.13270000636111945,0.10180000390391797,True,4217.829642533986
ECC+AES-256,5000,5,3082,0.025900008040480316,0.1328000071225688,0.1024999946821481,True,4217.829642533986
ECC+AES-256,5000,5,3083,0.02609999501146376,0.13240000407677144,0.10220000694971532,True,4217.829642533986
ECC+AES-256,5000,5,3084,0.0261999957729131,0.13359999866224825,0.10239999392069876,True,4217.829642533986
ECC+AES-256,5000,5,3085,0.026599998818710446,0.13339999713934958,0.10200000542681664,True,4217.829642533986
ECC+AES-256,5000,5,3086,0.026699999580159783,0.1336999994236976,0.10289999772794545,True,4217.829642533986
ECC+AES-256,5000,5,3087,0.026699999580159783,0.14319999900180846,0.10279999696649611,True,4217.829642533986
ECC+AES-256,5000,5,3088,0.025900008040480316,0.1323999895248562,0.10150000161956996,True,4217.829642533986
ECC+AES-256,5000,5,3089,0.02579999272711575,0.1323000033153221,0.10170000314246863,True,4217.829642533986
ECC+AES-256,5000,5,3090,0.02649999805726111,0.1340000017080456,0.10250000923406333,True,4217.829642533986
ECC+AES-256,5000,5,3091,0.0261999957729131,0.13299999409355223,0.10220000694971532,True,4217.829642533986
ECC+AES-256,5000,5,3092,0.026200010324828327,0.13250000483822078,0.10259999544359744,True,4217.829642533986
ECC+AES-256,5000,5,3093,0.025699991965666413,0.13169999874662608,0.10240000847261399,True,4217.829642533986
ECC+AES-256,5000,5,3094,0.025699991965666413,0.13169999874662608,0.10200000542681664,True,4217.829642533986
ECC+AES-256,5000,5,3095,0.026299996534362435,0.1331999956164509,0.10350000229664147,True,4217.829642533986
ECC+AES-256,5000,5,3096,0.025999994250014424,0.13250000483822078,0.10229999315924942,True,4217.829642533986
ECC+AES-256,5000,5,3097,0.026900001103058457,0.14420000661630183,0.10539998766034842,True,4217.829642533986
ECC+AES-256,5000,5,3098,0.026200010324828327,0.13279999257065356,0.10140000085812062,True,4217.829642533986
ECC+AES-256,5000,5,3099,0.025899993488565087,0.13240000407677144,0.10209999163635075,True,4217.829642533986
ECC+AES-256,5000,5,3100,0.025599991204217076,0.1314999972237274,0.10200000542681664,True,4217.829642533986
ECC+AES-256,5000,5,3101,0.025899993488565087,0.13169999874662608,0.13549999857787043,True,4217.829642533986
ECC+AES-256,5000,5,3102,0.03090000245720148,0.142400007462129,0.10580000525806099,True,4217.829642533986
ECC+AES-256,5000,5,3103,0.026400011847727,0.13549999857787043,0.10340000153519213,True,4217.829642533986
ECC+AES-256,5000,5,3104,0.026299996534362435,0.13380000018514693,0.10309999925084412,True,4217.829642533986
ECC+AES-256,5000,5,3105,0.02579999272711575,0.13380000018514693,0.10279999696649611,True,4217.829642533986
ECC+AES-256,5000,5,3106,0.0261999957729131,0.14069999451749027,0.10210000618826598,True,4217.829642533986
ECC+AES-256,5000,5,3107,0.02580000727903098,0.13240000407677144,0.10200000542681664,True,4217.829642533986
ECC+AES-256,5000,5,3108,0.025900008040480316,0.13249999028630555,0.10180000390391797,True,4217.829642533986
ECC+AES-256,5000,5,3109,0.02609999501146376,0.13129999570082873,0.10200000542681664,True,4217.829642533986
ECC+AES-256,5000,5,3110,0.025900008040480316,0.1334000116912648,0.10229999315924942,True,4217.829642533986
ECC+AES-256,5000,5,3111,0.025600005756132305,0.13169999874662608,0.10219999239780009,True,4217.829642533986
ECC+AES-256,5000,5,3112,0.02570000651758164,0.1320999872405082,0.10250000923406333,True,4217.829642533986
ECC+AES-256,5000,5,3113,0.02549999044276774,0.1323000033153221,0.10189999011345208,True,4217.829642533986
ECC+AES-256,5000,5,3114,0.02570000651758164,0.1314000110141933,0.10140000085812062,True,4217.829642533986
ECC+AES-256,5000,5,3115,0.026399997295811772,0.1320000010309741,0.10170000314246863,True,4217.829642533986
ECC+AES-256,5000,5,3116,0.0261999957729131,0.14350000128615648,0.10430000838823617,True,4217.829642533986
ECC+AES-256,5000,5,3117,0.02570000651758164,0.13190000026952475,0.10259999544359744,True,4217.829642533986
ECC+AES-256,5000,5,3118,0.02580000727903098,0.13219998800195754,0.10180000390391797,True,4217.829642533986
ECC+AES-256,5000,5,3119,0.025999994250014424,0.1323000033153221,0.10209999163635075,True,4217.829642533986
ECC+AES-256,5000,5,3120,0.025699991965666413,0.13190000026952475,0.10150000161956996,True,4217.829642533986
ECC+AES-256,5000,5,3121,0.02549999044276774,0.13509999553207308,0.10299999848939478,True,4217.829642533986
ECC+AES-256,5000,5,3122,0.026900001103058457,0.1345000055152923,0.10279999696649611,True,4217.829642533986
ECC+AES-256,5000,5,3123,0.0261999957729131,0.1365000061923638,0.10309999925084412,True,4217.829642533986
ECC+AES-256,5000,5,3124,0.0261999957729131,0.13329999637790024,0.10350000229664147,True,4217.829642533986
ECC+AES-256,5000,5,3125,0.02570000651758164,0.13249999028630555,0.102700010756962,True,4217.829642533986
ECC+AES-256,5000,5,3126,0.0261999957729131,0.14429999282583594,0.10930000280495733,True,4217.829642533986
ECC+AES-256,5000,5,3127,0.025600005756132305,0.13299999409355223,0.10250000923406333,True,4217.829642533986
ECC+AES-256,5000,5,3128,0.025999994250014424,0.13169999874662608,0.10150000161956996,True,4217.829642533986
ECC+AES-256,5000,5,3129,0.025999994250014424,0.13159999798517674,0.10259999544359744,True,4217.829642533986
ECC+AES-256,5000,5,3130,0.026399997295811772,0.13309999485500157,0.10299999848939478,True,4217.829642533986
ECC+AES-256,5000,5,3131,0.025900008040480316,0.13259999104775488,0.10230000771116465,True,4217.829642533986
ECC+AES-256,5000,5,3132,0.02549999044276774,0.13129999570082873,0.10200000542681664,True,4217.829642533986
ECC+AES-256,5000,5,3133,0.02580000727903098,0.1331999956164509,0.1024999946821481,True,4217.829642533986
ECC+AES-256,5000,5,3134,0.02570000651758164,0.1320000010309741,0.10250000923406333,True,4217.829642533986
ECC+AES-256,5000,5,3135,0.025300003471784294,0.1323000033153221,0.10269999620504677,True,4217.829642533986
ECC+AES-256,5000,5,3136,0.026299996534362435,0.13780000153928995,0.10230000771116465,True,4217.829642533986
ECC+AES-256,5000,5,3137,0.025399989681318402,0.13220000255387276,0.10279999696649611,True,4217.829642533986
ECC+AES-256,5000,5,3138,0.025699991965666413,0.1314999972237274,0.12929999502375722,True,4217.829642533986
ECC+AES-256,5000,5,3139,0.027000001864507794,0.13460000627674162,0.10299999848939478,True,4217.829642533986
ECC+AES-256,5000,5,3140,0.026000008801929653,0.13309999485500157,0.10289999772794545,True,4217.829642533986
ECC+AES-256,5000,5,3141,0.026400011847727,0.13190000026952475,0.10150000161956996,True,4217.829642533986
ECC+AES-256,5000,5,3142,0.025899993488565087,0.13299999409355223,0.10210000618826598,True,4217.829642533986
ECC+AES-256,5000,5,3143,0.025699991965666413,0.13269999180920422,0.10320000001229346,True,4217.829642533986
ECC+AES-256,5000,5,3144,0.02580000727903098,0.13299999409355223,0.10279999696649611,True,4217.829642533986
ECC+AES-256,5000,5,3145,0.02580000727903098,0.13220000255387276,0.1019000046653673,True,4217.829642533986
ECC+AES-256,5000,5,3146,0.02540000423323363,0.13159999798517674,0.10180000390391797,True,4217.829642533986
ECC+AES-256,5000,5,3147,0.02549999044276774,0.13190000026952475,0.10180000390391797,True,4217.829642533986
ECC+AES-256,5000,5,3148,0.025599991204217076,0.13190000026952475,0.10150000161956996,True,4217.829642533986
ECC+AES-256,5000,5,3149,0.029199989512562752,0.1382000045850873,0.10320000001229346,True,4217.829642533986
ECC+AES-256,5000,5,3150,0.026299996534362435,0.13349999790079892,0.1033000007737428,True,4217.829642533986
ECC+AES-256,5000,5,3151,0.025899993488565087,0.1328999933321029,0.10250000923406333,True,4217.829642533986
ECC+AES-256,5000,5,3152,0.025999994250014424,0.1331000094069168,0.10180000390391797,True,4217.829642533986
ECC+AES-256,5000,5,3153,0.02580000727903098,0.13229998876340687,0.10180000390391797,True,4217.829642533986
ECC+AES-256,5000,5,3154,0.025999994250014424,0.1343000039923936,0.10219999239780009,True,4217.829642533986
ECC+AES-256,5000,5,3155,0.0261999957729131,0.14560000272467732,0.1019000046653673,True,4217.829642533986
ECC+AES-256,5000,5,3156,0.02609999501146376,0.13339999713934958,0.10239999392069876,True,4217.829642533986
ECC+AES-256,5000,5,3157,0.026299996534362435,0.13240000407677144,0.10189999011345208,True,4217.829642533986
ECC+AES-256,5000,5,3158,0.026000008801929653,0.13210000179242343,0.10240000847261399,True,4217.829642533986
ECC+AES-256,5000,5,3159,0.0261999957729131,0.1340000017080456,0.10220000694971532,True,4217.829642533986
ECC+AES-256,5000,5,3160,0.026200010324828327,0.13350001245271415,0.1024999946821481,True,4217.829642533986
ECC+AES-256,5000,5,3161,0.02649999805726111,0.13339999713934958,0.1019000046653673,True,4217.829642533986
ECC+AES-256,5000,5,3162,0.02649999805726111,0.1326000055996701,0.10170000314246863,True,4217.829642533986
ECC+AES-256,5000,5,3163,0.02579999272711575,0.13220000255387276,0.1016000023810193,True,4217.829642533986
ECC+AES-256,5000,5,3164,0.025699991965666413,0.1320000010309741,0.10229999315924942,True,4217.829642533986
ECC+AES-256,5000,5,3165,0.025999994250014424,0.14350000128615648,0.1036000030580908,True,4217.829642533986
ECC+AES-256,5000,5,3166,0.0261999957729131,0.13309999485500157,0.10170000314246863,True,4217.829642533986
ECC+AES-256,5000,5,3167,0.025899993488565087,0.1328999933321029,0.10220000694971532,True,4217.829642533986
ECC+AES-256,5000,5,3168,0.025899993488565087,0.1326000055996701,0.10219999239780009,True,4217.829642533986
ECC+AES-256,5000,5,3169,0.02580000727903098,0.1323999895248562,0.1019000046653673,True,4217.829642533986
ECC+AES-256,5000,5,3170,0.025999994250014424,0.13279999257065356,0.10180000390391797,True,4217.829642533986
ECC+AES-256,5000,5,3171,0.025900008040480316,0.13190000026952475,0.10210000618826598,True,4217.829642533986
ECC+AES-256,5000,5,3172,0.02549999044276774,0.1311999949393794,0.10180000390391797,True,4217.829642533986
ECC+AES-256,5000,5,3173,0.025699991965666413,0.1326000055996701,0.10199999087490141,True,4217.829642533986
ECC+AES-256,5000,5,3174,0.025999994250014424,0.1323999895248562,0.10309999925084412,True,4217.829642533986
ECC+AES-256,5000,5,3175,0.025900008040480316,0.13690000923816115,0.1379000023007393,True,4217.829642533986
ECC+AES-256,5000,5,3176,0.028599999495781958,0.13750001380685717,0.10250000923406333,True,4217.829642533986
ECC+AES-256,5000,5,3177,0.0261999957729131,0.13309999485500157,0.10230000771116465,True,4217.829642533986
ECC+AES-256,5000,5,3178,0.02580000727903098,0.13250000483822078,0.10170000314246863,True,4217.829642533986
ECC+AES-256,5000,5,3179,0.026699999580159783,0.13420000323094428,0.10229999315924942,True,4217.829642533986
ECC+AES-256,5000,5,3180,0.0261999957729131,0.13259999104775488,0.1019000046653673,True,4217.829642533986
ECC+AES-256,5000,5,3181,0.02610000956337899,0.13179999950807542,0.10210000618826598,True,4217.829642533986
ECC+AES-256,5000,5,3182,0.02580000727903098,0.13229998876340687,0.10130000009667128,True,4217.829642533986
ECC+AES-256,5000,5,3183,0.02580000727903098,0.1323999895248562,0.10200000542681664,True,4217.829642533986
ECC+AES-256,5000,5,3184,0.025900008040480316,0.14369998825713992,0.10520000068936497,True,4217.829642533986
ECC+AES-256,5000,5,3185,0.026699999580159783,0.13339999713934958,0.10350000229664147,True,4217.829642533986
ECC+AES-256,5000,5,3186,0.02610000956337899,0.13300000864546746,0.1024999946821481,True,4217.829642533986
ECC+AES-256,5000,5,3187,0.02609999501146376,0.1370999962091446,0.10269999620504677,True,4217.829642533986
ECC+AES-256,5000,5,3188,0.025900008040480316,0.13150001177564263,0.10179998935200274,True,4217.829642533986
ECC+AES-256,5000,5,3189,0.025999994250014424,0.1306999911321327,0.10210000618826598,True,4217.829642533986
ECC+AES-256,5000,5,3190,0.02570000651758164,0.13180001405999064,0.10210000618826598,True,4217.829642533986
ECC+AES-256,5000,5,3191,0.025899993488565087,0.1331999956164509,0.10170000314246863,True,4217.829642533986
ECC+AES-256,5000,5,3192,0.026000008801929653,0.13300000864546746,0.10290001227986068,True,4217.829642533986
ECC+AES-256,5000,5,3193,0.025900008040480316,0.13420000323094428,0.10489999840501696,True,4217.829642533986
ECC+AES-256,5000,5,3194,0.02609999501146376,0.1438000035705045,0.10930000280495733,True,4217.829642533986
ECC+AES-256,5000,5,3195,0.026399997295811772,0.13590000162366778,0.1033000007737428,True,4217.829642533986
ECC+AES-256,5000,5,3196,0.026599998818710446,0.13419998867902905,0.10260000999551266,True,4217.829642533986
ECC+AES-256,5000,5,3197,0.025999994250014424,0.13359999866224825,0.10219999239780009,True,4217.829642533986
ECC+AES-256,5000,5,3198,0.026399997295811772,0.1331999956164509,0.10269999620504677,True,4217.829642533986
ECC+AES-256,5000,5,3199,0.02610000956337899,0.13389998639468104,0.10289999772794545,True,4217.829642533986
ECC+AES-256,5000,5,3200,0.02610000956337899,0.13330001092981547,0.1019000046653673,True,4217.829642533986
ECC+AES-256,5000,5,3201,0.02579999272711575,0.1328999933321029,0.10240000847261399,True,4217.829642533986
ECC+AES-256,5000,5,3202,0.026599998818710446,0.1331999956164509,0.10350000229664147,True,4217.829642533986
ECC+AES-256,5000,5,3203,0.02649999805726111,0.14549998741131276,0.10849999671336263,True,4217.829642533986
ECC+AES-256,5000,5,3204,0.02680000034160912,0.13279999257065356,0.10390000534243882,True,4217.829642533986
ECC+AES-256,5000,5,3205,0.025900008040480316,0.1328999933321029,0.1024999946821481,True,4217.829642533986
ECC+AES-256,5000,5,3206,0.02239999594166875,0.1235999952768907,0.10260000999551266,True,4217.829642533986
ECC+AES-256,5000,5,3207,0.02990000939462334,0.14069999451749027,0.10599999222904444,True,4217.829642533986
ECC+AES-256,5000,5,3208,0.028599999495781958,0.13529999705497175,0.10340000153519213,True,4217.829642533986
ECC+AES-256,5000,5,3209,0.02719998883549124,0.13670000771526247,0.10379999002907425,True,4217.829642533986
ECC+AES-256,5000,5,3210,0.023999993572942913,0.12589999823831022,0.10140000085812062,True,4217.829642533986
ECC+AES-256,5000,5,3211,0.022499996703118086,0.1235999952768907,0.10140000085812062,True,4217.829642533986
ECC+AES-256,5000,5,3212,0.022199994418770075,0.12399999832268804,0.10089999705087394,True,4217.829642533986
ECC+AES-256,5000,5,3213,0.022599997464567423,0.12490000517573208,0.13190000026952475,True,4217.829642533986
ECC+AES-256,5000,5,3214,0.046499990276061,0.17329999536741525,0.11510000331327319,True,4217.829642533986
ECC+AES-256,5000,5,3215,0.02510000194888562,0.1331999956164509,0.10540000221226364,True,4217.829642533986
ECC+AES-256,5000,5,3216,0.022799998987466097,0.12630000128410757,0.10409999231342226,True,4217.829642533986
ECC+AES-256,5000,5,3217,0.022899999748915434,0.12440000136848539,0.10119999933522195,True,4217.829642533986
ECC+AES-256,5000,5,3218,0.022200008970685303,0.12280000373721123,0.10109999857377261,True,4217.829642533986
ECC+AES-256,5000,5,3219,0.023100001271814108,0.12929999502375722,0.1019000046653673,True,4217.829642533986
ECC+AES-256,5000,5,3220,0.022599997464567423,0.12330000754445791,0.10019999172072858,True,4217.829642533986
ECC+AES-256,5000,5,3221,0.02230000973213464,0.12280000373721123,0.10140000085812062,True,4217.829642533986
ECC+AES-256,5000,5,3222,0.022200008970685303,0.12249998690094799,0.10069999552797526,True,4217.829642533986
ECC+AES-256,5000,5,3223,0.0219999928958714,0.12290000449866056,0.10109999857377261,True,4217.829642533986
ECC+AES-256,5000,5,3224,0.0219999928958714,0.12250000145286322,0.10059999476652592,True,4217.829642533986
ECC+AES-256,5000,5,3225,0.021700005163438618,0.13179999950807542,0.10109999857377261,True,4217.829642533986
ECC+AES-256,5000,5,3226,0.022899999748915434,0.12460000289138407,0.10140000085812062,True,4217.829642533986
ECC+AES-256,5000,5,3227,0.022200008970685303,0.12290000449866056,0.10099999781232327,True,4217.829642533986
ECC+AES-256,5000,5,3228,0.021700005163438618,0.12179999612271786,0.10039999324362725,True,4217.829642533986
ECC+AES-256,5000,5,3229,0.021800005924887955,0.12209999840706587,0.09940000018104911,True,4217.829642533986
ECC+AES-256,5000,5,3230,0.0219999928958714,0.12250000145286322,0.10039999324362725,True,4217.829642533986
ECC+AES-256,5000,5,3231,0.022100008209235966,0.12209999840706587,0.10730000212788582,True,4217.829642533986
ECC+AES-256,5000,5,3232,0.022500011255033314,0.12180001067463309,0.09980000322684646,True,4217.829642533986
ECC+AES-256,5000,5,3233,0.021900006686337292,0.12339999375399202,0.10109999857377261,True,4217.829642533986
ECC+AES-256,5000,5,3234,0.022099993657320738,0.1230000052601099,0.1007999962894246,True,4217.829642533986
ECC+AES-256,5000,5,3235,0.022299995180219412,0.12240000069141388,0.10040000779554248,True,4217.829642533986
ECC+AES-256,5000,5,3236,0.021900006686337292,0.122799989185296,0.09980000322684646,True,4217.829642533986
ECC+AES-256,5000,5,3237,0.021900006686337292,0.12270000297576189,0.10049999400507659,True,4217.829642533986
ECC+AES-256,5000,5,3238,0.021900006686337292,0.13240000407677144,0.10140000085812062,True,4217.829642533986
ECC+AES-256,5000,5,3239,0.02230000973213464,0.12329999299254268,0.10109999857377261,True,4217.829642533986
ECC+AES-256,5000,5,3240,0.022499996703118086,0.12419999984558672,0.1007999962894246,True,4217.829642533986
ECC+AES-256,5000,5,3241,0.022100008209235966,0.12370001059025526,0.10069999552797526,True,4217.829642533986
ECC+AES-256,5000,5,3242,0.02200000744778663,0.12320000678300858,0.10010000551119447,True,4217.829642533986
ECC+AES-256,5000,5,3243,0.022499996703118086,0.12270000297576189,0.09970000246539712,True,4217.829642533986
ECC+AES-256,5000,5,3244,0.022299995180219412,0.12260000221431255,0.112599998828955,True,4217.829642533986
ECC+AES-256,5000,5,3245,0.052799994591623545,0.2330999996047467,0.10870001278817654,True,4217.829642533986
ECC+AES-256,5000,5,3246,0.023200002033263445,0.12789999891538173,0.10229999315924942,True,4217.829642533986
ECC+AES-256,5000,5,3247,0.02230000973213464,0.12489999062381685,0.10150000161956996,True,4217.829642533986
ECC+AES-256,5000,5,3248,0.021900006686337292,0.12409999908413738,0.10259999544359744,True,4217.829642533986
ECC+AES-256,5000,5,3249,0.02269999822601676,0.12549999519251287,0.11499998799990863,True,4217.829642533986
ECC+AES-256,5000,5,3250,0.022499996703118086,0.12430000060703605,0.10099999781232327,True,4217.829642533986
ECC+AES-256,5000,5,3251,0.022599997464567423,0.1247000036528334,0.10059999476652592,True,4217.829642533986
ECC+AES-256,5000,5,3252,0.022299995180219412,0.12360000982880592,0.10149998706765473,True,4217.829642533986
ECC+AES-256,5000,5,3253,0.021899992134422064,0.1235999952768907,0.10099999781232327,True,4217.829642533986
ECC+AES-256,5000,5,3254,0.02200000744778663,0.12419999984558672,0.10099999781232327,True,4217.829642533986
ECC+AES-256,5000,5,3255,0.0219999928958714,0.12409999908413738,0.10140000085812062,True,4217.829642533986
ECC+AES-256,5000,5,3256,0.022799998987466097,0.1247000036528334,0.10109999857377261,True,4217.829642533986
ECC+AES-256,5000,5,3257,0.0219999928958714,0.12299999070819467,0.10009999095927924,True,4217.829642533986
ECC+AES-256,5000,5,3258,0.022199994418770075,0.12290000449866056,0.09970000246539712,True,4217.829642533986
ECC+AES-256,5000,5,3259,0.022100008209235966,0.12340000830590725,0.10200000542681664,True,4217.829642533986
ECC+AES-256,5000,5,3260,0.021899992134422064,0.12409999908413738,0.10040000779554248,True,4217.829642533986
ECC+AES-256,5000,5,3261,0.02239999594166875,0.1483999949414283,0.10940000356640667,True,4217.829642533986
ECC+AES-256,5000,5,3262,0.02750000567175448,0.1353999978164211,0.10269999620504677,True,4217.829642533986
ECC+AES-256,5000,5,3263,0.022199994418770075,0.1238999975612387,0.10039999324362725,True,4217.829642533986
ECC+AES-256,5000,5,3264,0.02200000744778663,0.12369999603834003,0.10119999933522195,True,4217.829642533986
ECC+AES-256,5000,5,3265,0.022100008209235966,0.12339999375399202,0.10150000161956996,True,4217.829642533986
ECC+AES-256,5000,5,3266,0.021799991372972727,0.12349999451544136,0.10110001312568784,True,4217.829642533986
ECC+AES-256,5000,5,3267,0.02200000744778663,0.1340000017080456,0.1016000023810193,True,4217.829642533986
ECC+AES-256,5000,5,3268,0.022100008209235966,0.12350000906735659,0.10029999248217791,True,4217.829642533986
ECC+AES-256,5000,5,3269,0.022099993657320738,0.1230000052601099,0.10029999248217791,True,4217.829642533986
ECC+AES-256,5000,5,3270,0.021899992134422064,0.12339999375399202,0.10099999781232327,True,4217.829642533986
ECC+AES-256,5000,5,3271,0.021900006686337292,0.12260000221431255,0.10060000931844115,True,4217.829642533986
ECC+AES-256,5000,5,3272,0.021799991372972727,0.12310000602155924,0.09989998943638057,True,4217.829642533986
ECC+AES-256,5000,5,3273,0.021700005163438618,0.12309999146964401,0.11100000119768083,True,4217.829642533986
ECC+AES-256,5000,5,3274,0.022299995180219412,0.1230000052601099,0.1007999962894246,True,4217.829642533986
ECC+AES-256,5000,5,3275,0.021800005924887955,0.12269998842384666,0.10030000703409314,True,4217.829642533986
ECC+AES-256,5000,5,3276,0.021599989850074053,0.12440000136848539,0.10069999552797526,True,4217.829642533986
ECC+AES-256,5000,5,3277,0.021900006686337292,0.12320000678300858,0.10049999400507659,True,4217.829642533986
ECC+AES-256,5000,5,3278,0.02200000744778663,0.1238999975612387,0.10040000779554248,True,4217.829642533986
ECC+AES-256,5000,5,3279,0.021700005163438618,0.12299999070819467,0.10099999781232327,True,4217.829642533986
ECC+AES-256,5000,5,3280,0.02890000178012997,0.12519999290816486,0.10000000474974513,True,4217.829642533986
ECC+AES-256,5000,5,3281,0.0219999928958714,0.12440000136848539,0.10109999857377261,True,4217.829642533986
ECC+AES-256,5000,5,3282,0.021799991372972727,0.13080000644549727,0.10019999172072858,True,4217.829642533986
ECC+AES-256,5000,5,3283,0.02200000744778663,0.12399999832268804,0.10089999705087394,True,4217.829642533986
ECC+AES-256,5000,5,3284,0.021800005924887955,0.12430000060703605,0.112900001113303,True,4217.829642533986
ECC+AES-256,5000,5,3285,0.022899999748915434,0.12409999908413738,0.10040000779554248,True,4217.829642533986
ECC+AES-256,5000,5,3286,0.022299995180219412,0.12339999375399202,0.10040000779554248,True,4217.829642533986
ECC+AES-256,5000,5,3287,0.021899992134422064,0.12409999908413738,0.10050000855699182,True,4217.829642533986
ECC+AES-256,5000,5,3288,0.022299995180219412,0.12319999223109335,0.10000000474974513,True,4217.829642533986
ECC+AES-256,5000,5,3289,0.021899992134422064,0.1286000042455271,0.10069999552797526,True,4217.829642533986
ECC+AES-256,5000,5,3290,0.0219999928958714,0.12290000449866056,0.10029999248217791,True,4217.829642533986
ECC+AES-256,5000,5,3291,0.021700005163438618,0.13089999265503138,0.1007999962894246,True,4217.829642533986
ECC+AES-256,5000,5,3292,0.02269999822601676,0.1272999943466857,0.10259999544359744,True,4217.829642533986
ECC+AES-256,5000,5,3293,0.02200000744778663,0.12360000982880592,0.10140000085812062,True,4217.829642533986
ECC+AES-256,5000,5,3294,0.021700005163438618,0.1250000059371814,0.10059999476652592,True,4217.829642533986
ECC+AES-256,5000,5,3295,0.02169999061152339,0.1272000081371516,0.0990999978967011,True,4217.829642533986
ECC+AES-256,5000,5,3296,0.021899992134422064,0.1238999975612387,0.10150000161956996,True,4217.829642533986
ECC+AES-256,5000,5,3297,0.021800005924887955,0.12290000449866056,0.11029999586753547,True,4217.829642533986
ECC+AES-256,5000,5,3298,0.022099993657320738,0.12319999223109335,0.0999000039882958,True,4217.829642533986
ECC+AES-256,5000,5,3299,0.022200008970685303,0.12330000754445791,0.10039999324362725,True,4217.829642533986
ECC+AES-256,5000,5,3300,0.021799991372972727,0.12340000830590725,0.10019999172072858,True,4217.829642533986
ECC+AES-256,5000,5,3301,0.021900006686337292,0.12339999375399202,0.1002000062726438,True,4217.829642533986
ECC+AES-256,5000,5,3302,0.022199994418770075,0.12409999908413738,0.1007999962894246,True,4217.829642533986
ECC+AES-256,5000,5,3303,0.02200000744778663,0.12369999603834003,0.10029999248217791,True,4217.829642533986
ECC+AES-256,5000,5,3304,0.022400010493583977,0.12530000822152942,0.10089999705087394,True,4217.829642533986
ECC+AES-256,5000,5,3305,0.022099993657320738,0.12369999603834003,0.1007999962894246,True,4217.829642533986
ECC+AES-256,5000,5,3306,0.02269999822601676,0.12419999984558672,0.10059999476652592,True,4217.829642533986
ECC+AES-256,5000,5,3307,0.021400002879090607,0.1221999991685152,0.09950000094249845,True,4217.829642533986
ECC+AES-256,5000,5,3308,0.021800005924887955,0.12589999823831022,0.10049999400507659,True,4217.829642533986
ECC+AES-256,5000,5,3309,0.021800005924887955,0.12369999603834003,0.10089999705087394,True,4217.829642533986
ECC+AES-256,5000,5,3310,0.0219999928958714,0.27269999554846436,0.2384999970672652,True,4217.829642533986
ECC+AES-256,5000,5,3311,0.051099996198900044,0.20309998944867402,0.11930000619031489,True,4217.829642533986
ECC+AES-256,5000,5,3312,0.04050000279676169,0.1655000087339431,0.10789999214466661,True,4217.829642533986
ECC+AES-256,5000,5,3313,0.029300004825927317,0.1360000023851171,0.10390000534243882,True,4217.829642533986
ECC+AES-256,5000,5,3314,0.027700007194653153,0.13549999857787043,0.102700010756962,True,4217.829642533986
ECC+AES-256,5000,5,3315,0.02469999890308827,0.12579999747686088,0.10130000009667128,True,4217.829642533986
ECC+AES-256,5000,5,3316,0.02300000051036477,0.12369999603834003,0.10230000771116465,True,4217.829642533986
ECC+AES-256,5000,5,3317,0.02300000051036477,0.1255999959539622,0.10170000314246863,True,4217.829642533986
ECC+AES-256,5000,5,3318,0.023500004317611456,0.1255000097444281,0.10179998935200274,True,4217.829642533986
ECC+AES-256,5000,5,3319,0.023299988242797554,0.17850000585895032,0.10399999155197293,True,4217.829642533986
ECC+AES-256,5000,5,3320,0.024499997380189598,0.12510000669863075,0.10089999705087394,True,4217.829642533986
ECC+AES-256,5000,5,3321,0.022299995180219412,0.12379999679978937,0.10069999552797526,True,4217.829642533986
ECC+AES-256,5000,5,3322,0.022199994418770075,0.12330000754445791,0.10049999400507659,True,4217.829642533986
ECC+AES-256,5000,5,3323,0.02239999594166875,0.12379999679978937,0.10099999781232327,True,4217.829642533986
ECC+AES-256,5000,5,3324,0.022299995180219412,0.12369999603834003,0.10089999705087394,True,4217.829642533986
ECC+AES-256,5000,5,3325,0.022200008970685303,0.12289998994674534,0.11300000187475234,True,4217.829642533986
ECC+AES-256,5000,5,3326,0.022599997464567423,0.12310000602155924,0.10029999248217791,True,4217.829642533986
ECC+AES-256,5000,5,3327,0.022100008209235966,0.1230000052601099,0.10030000703409314,True,4217.829642533986
ECC+AES-256,5000,5,3328,0.0219999928958714,0.1221999991685152,0.09960000170394778,True,4217.829642533986
ECC+AES-256,5000,5,3329,0.022099993657320738,0.12379999679978937,0.0999000039882958,True,4217.829642533986
ECC+AES-256,5000,5,3330,0.022299995180219412,0.1235999952768907,0.10050000855699182,True,4217.829642533986
ECC+AES-256,5000,5,3331,0.021899992134422064,0.1235999952768907,0.10030000703409314,True,4217.829642533986
ECC+AES-256,5000,5,3332,0.022099993657320738,0.12379999679978937,0.10049999400507659,True,4217.829642533986
ECC+AES-256,5000,5,3333,0.021900006686337292,0.12289998994674534,0.0999000039882958,True,4217.829642533986
ECC+AES-256,5000,5,3334,0.02200000744778663,0.122799989185296,0.10039999324362725,True,4217.829642533986
ECC+AES-256,5000,5,3335,0.022199994418770075,0.12419999984558672,0.10030000703409314,True,4217.829642533986
ECC+AES-256,5000,5,3336,0.021899992134422064,0.12490000517573208,0.10029999248217791,True,4217.829642533986
ECC+AES-256,5000,5,3337,0.021799991372972727,0.12270000297576189,0.0999000039882958,True,4217.829642533986
ECC+AES-256,5000,5,3338,0.021800005924887955,0.1331999956164509,0.10119999933522195,True,4217.829642533986
ECC+AES-256,5000,5,3339,0.02239999594166875,0.1255999959539622,0.10140000085812062,True,4217.829642533986
ECC+AES-256,5000,5,3340,0.022200008970685303,0.12350000906735659,0.10089999705087394,True,4217.829642533986
ECC+AES-256,5000,5,3341,0.02230000973213464,0.1331000094069168,0.1007999962894246,True,4217.829642533986
ECC+AES-256,5000,5,3342,0.02200000744778663,0.12320000678300858,0.10119999933522195,True,4217.829642533986
ECC+AES-256,5000,5,3343,0.021900006686337292,0.12329999299254268,0.10030000703409314,True,4217.829642533986
ECC+AES-256,5000,5,3344,0.022199994418770075,0.12379999679978937,0.11300000187475234,True,4217.829642533986
ECC+AES-256,5000,5,3345,0.06599999323952943,0.25769999774638563,0.14600000577047467,True,4217.829642533986
ECC+AES-256,5000,5,3346,0.03619999915827066,0.155999994603917,0.11129998893011361,True,4217.829642533986
ECC+AES-256,5000,5,3347,0.02479999966453761,0.12799999967683107,0.1024999946821481,True,4217.829642533986
ECC+AES-256,5000,5,3348,0.023199987481348217,0.1238999975612387,0.10150000161956996,True,4217.829642533986
ECC+AES-256,5000,5,3349,0.022800013539381325,0.12409999908413738,0.10060000931844115,True,4217.829642533986
ECC+AES-256,5000,5,3350,0.023800006601959467,0.12709999282378703,0.1019000046653673,True,4217.829642533986
ECC+AES-256,5000,5,3351,0.022999985958449543,0.12360000982880592,0.10049999400507659,True,4217.829642533986
ECC+AES-256,5000,5,3352,0.022599997464567423,0.12270000297576189,0.10059999476652592,True,4217.829642533986
ECC+AES-256,5000,5,3353,0.022100008209235966,0.12199999764561653,0.0999000039882958,True,4217.829642533986
ECC+AES-256,5000,5,3354,0.022500011255033314,0.35510001180227846,0.13210000179242343,True,4217.829642533986
ECC+AES-256,5000,5,3355,0.0374000082956627,0.15279999934136868,0.11449999874457717,True,4217.829642533986
ECC+AES-256,5000,5,3356,0.030700000934302807,0.13889999536331743,0.10540000221226364,True,4217.829642533986
ECC+AES-256,5000,5,3357,0.027999994927085936,0.13670000771526247,0.10469999688211828,True,4217.829642533986
ECC+AES-256,5000,5,3358,0.026900001103058457,0.1345999917248264,0.10309999925084412,True,4217.829642533986
ECC+AES-256,5000,5,3359,0.026000008801929653,0.13299999409355223,0.10269999620504677,True,4217.829642533986
ECC+AES-256,5000,5,3360,0.022299995180219412,0.13120000949129462,0.1033000007737428,True,4217.829642533986
ECC+AES-256,5000,5,3361,0.022599997464567423,0.1264000020455569,0.10130000009667128,True,4217.829642533986
ECC+AES-256,5000,5,3362,0.022099993657320738,0.1252999936696142,0.10170000314246863,True,4217.829642533986
ECC+AES-256,5000,5,3363,0.021799991372972727,0.12450000212993473,0.11029999586753547,True,4217.829642533986
ECC+AES-256,5000,5,3364,0.02239999594166875,0.12480000441428274,0.10119999933522195,True,4217.829642533986
ECC+AES-256,5000,5,3365,0.022199994418770075,0.12399999832268804,0.10119999933522195,True,4217.829642533986
ECC+AES-256,5000,5,3366,0.021899992134422064,0.12360000982880592,0.10910000128205866,True,4217.829642533986
ECC+AES-256,5000,5,3367,0.022099993657320738,0.12379999679978937,0.1002000062726438,True,4217.829642533986
ECC+AES-256,5000,5,3368,0.021799991372972727,0.12320000678300858,0.09960000170394778,True,4217.829642533986
ECC+AES-256,5000,5,3369,0.021800005924887955,0.12290000449866056,0.1002000062726438,True,4217.829642533986
ECC+AES-256,5000,5,3370,0.022599997464567423,0.12589999823831022,0.10080001084133983,True,4217.829642533986
ECC+AES-256,5000,5,3371,0.021700005163438618,0.12400001287460327,0.10159998782910407,True,4217.829642533986
ECC+AES-256,5000,5,3372,0.022199994418770075,0.12349999451544136,0.0999000039882958,True,4217.829642533986
ECC+AES-256,5000,5,3373,0.022199994418770075,0.1326000055996701,0.10180000390391797,True,4217.829642533986
ECC+AES-256,5000,5,3374,0.02200000744778663,0.1238000113517046,0.10089999705087394,True,4217.829642533986
ECC+AES-256,5000,5,3375,0.021499989088624716,0.1238999975612387,0.0999999901978299,True,4217.829642533986
ECC+AES-256,5000,5,3376,0.021900006686337292,0.13110000872984529,0.1016000023810193,True,4217.829642533986
ECC+AES-256,5000,5,3377,0.022100008209235966,0.12459998833946884,0.10130000009667128,True,4217.829642533986
ECC+AES-256,5000,5,3378,0.02200000744778663,0.13760000001639128,0.10820000898092985,True,4217.829642533986
ECC+AES-256,5000,5,3379,0.021899992134422064,0.1309000072069466,0.10130000009667128,True,4217.829642533986
ECC+AES-256,5000,5,3380,0.022499996703118086,0.12450000212993473,0.1007999962894246,True,4217.829642533986
ECC+AES-256,5000,5,3381,0.021800005924887955,0.12370001059025526,0.10010000551119447,True,4217.829642533986
ECC+AES-256,5000,5,3382,0.022199994418770075,0.12440000136848539,0.10979999206028879,True,4217.829642533986
ECC+AES-256,5000,5,3383,0.02200000744778663,0.12409999908413738,0.10130000009667128,True,4217.829642533986
ECC+AES-256,5000,5,3384,0.02169999061152339,0.12490000517573208,0.1016999885905534,True,4217.829642533986
ECC+AES-256,5000,5,3385,0.02169999061152339,0.12379999679978937,0.11180000728927553,True,4217.829642533986
ECC+AES-256,5000,5,3386,0.022099993657320738,0.1238999975612387,0.0999000039882958,True,4217.829642533986
ECC+AES-256,5000,5,3387,0.021800005924887955,0.12290000449866056,0.10010000551119447,True,4217.829642533986
ECC+AES-256,5000,5,3388,0.021700005163438618,0.12250000145286322,0.10010000551119447,True,4217.829642533986
ECC+AES-256,5000,5,3389,0.022099993657320738,0.12369999603834003,0.10040000779554248,True,4217.829642533986
ECC+AES-256,5000,5,3390,0.02169999061152339,0.12409999908413738,0.10080001084133983,True,4217.829642533986
ECC+AES-256,5000,5,3391,0.02200000744778663,0.12379999679978937,0.10099999781232327,True,4217.829642533986
ECC+AES-256,5000,5,3392,0.08800000068731606,0.3496999997878447,0.1508999994257465,True,4217.829642533986
ECC+AES-256,5000,5,3393,0.04739999712910503,0.1672000071266666,0.11419999646022916,True,4217.829642533986
ECC+AES-256,5000,5,3394,0.03329999162815511,0.1432999997632578,0.1058999914675951,True,4217.829642533986
ECC+AES-256,5000,5,3395,0.023300002794712782,0.1264000020455569,0.10229999315924942,True,4217.829642533986
ECC+AES-256,5000,5,3396,0.022499996703118086,0.1260999997612089,0.10140000085812062,True,4217.829642533986
ECC+AES-256,5000,5,3397,0.022499996703118086,0.12339999375399202,0.1007999962894246,True,4217.829642533986
ECC+AES-256,5000,5,3398,0.022299995180219412,0.12440000136848539,0.1019000046653673,True,4217.829642533986
ECC+AES-256,5000,5,3399,0.021900006686337292,0.1348000077996403,0.10189999011345208,True,4217.829642533986
ECC+AES-256,5000,5,3400,0.02269999822601676,0.122799989185296,0.10019999172072858,True,4217.829642533986
ECC+AES-256,5000,5,3401,0.022200008970685303,0.12260000221431255,0.09989998943638057,True,4217.829642533986
ECC+AES-256,5000,5,3402,0.022200008970685303,0.12310000602155924,0.10059999476652592,True,4217.829642533986
ECC+AES-256,5000,5,3403,0.02200000744778663,0.12319999223109335,0.10130000009667128,True,4217.829642533986
ECC+AES-256,5000,5,3404,0.0219999928958714,0.1238999975612387,0.10030000703409314,True,4217.829642533986
ECC+AES-256,5000,5,3405,0.022599997464567423,0.12379999679978937,0.11110000195913017,True,4217.829642533986
ECC+AES-256,5000,5,3406,0.02269999822601676,0.12310000602155924,0.10130000009667128,True,4217.829642533986
ECC+AES-256,5000,5,3407,0.022299995180219412,0.12340000830590725,0.10069999552797526,True,4217.829642533986
ECC+AES-256,5000,5,3408,0.022899999748915434,0.12409999908413738,0.10130000009667128,True,4217.829642533986
ECC+AES-256,5000,5,3409,0.0219999928958714,0.12229999992996454,0.10069999552797526,True,4217.829642533986
ECC+AES-256,5000,5,3410,0.022100008209235966,0.12510000669863075,0.0999000039882958,True,4217.829642533986
ECC+AES-256,5000,5,3411,0.022199994418770075,0.12310000602155924,0.10059999476652592,True,4217.829642533986
ECC+AES-256,5000,5,3412,0.02200000744778663,0.13179999950807542,0.10259999544359744,True,4217.829642533986
ECC+AES-256,5000,5,3413,0.022199994418770075,0.1221999991685152,0.10030000703409314,True,4217.829642533986
ECC+AES-256,5000,5,3414,0.022099993657320738,0.12229999992996454,0.10000000474974513,True,4217.829642533986
ECC+AES-256,5000,5,3415,0.022100008209235966,0.12180001067463309,0.10049999400507659,True,4217.829642533986
ECC+AES-256,5000,5,3416,0.022099993657320738,0.12250000145286322,0.10070001007989049,True,4217.829642533986
ECC+AES-256,5000,5,3417,0.022199994418770075,0.12240000069141388,0.10049999400507659,True,4217.829642533986
ECC+AES-256,5000,5,3418,0.021899992134422064,0.12280000373721123,0.1100999943446368,True,4217.829642533986
ECC+AES-256,5000,5,3419,0.022500011255033314,0.12350000906735659,0.10069999552797526,True,4217.829642533986
ECC+AES-256,5000,5,3420,0.021899992134422064,0.12240000069141388,0.09980000322684646,True,4217.829642533986
ECC+AES-256,5000,5,3421,0.021899992134422064,0.12169999536126852,0.10080001084133983,True,4217.829642533986
ECC+AES-256,5000,5,3422,0.021799991372972727,0.12250000145286322,0.10069999552797526,True,4217.829642533986
ECC+AES-256,5000,5,3423,0.022299995180219412,0.12290000449866056,0.10019999172072858,True,4217.829642533986
ECC+AES-256,5000,5,3424,0.022100008209235966,0.12290000449866056,0.10059999476652592,True,4217.829642533986
ECC+AES-256,5000,5,3425,0.02260001201648265,0.1238000113517046,0.10059999476652592,True,4217.829642533986
ECC+AES-256,5000,5,3426,0.022499996703118086,0.12369999603834003,0.10050000855699182,True,4217.829642533986
ECC+AES-256,5000,5,3427,0.022199994418770075,0.12270000297576189,0.1002000062726438,True,4217.829642533986
ECC+AES-256,5000,5,3428,0.02230000973213464,0.12179999612271786,0.09980000322684646,True,4217.829642533986
ECC+AES-256,5000,5,3429,0.022299995180219412,0.12250000145286322,0.10049999400507659,True,4217.829642533986
ECC+AES-256,5000,5,3430,0.021800005924887955,0.1218999968841672,0.10039999324362725,True,4217.829642533986
ECC+AES-256,5000,5,3431,0.021800005924887955,0.12780001270584762,0.10059999476652592,True,4217.829642533986
ECC+AES-256,5000,5,3432,0.021899992134422064,0.12199999764561653,0.1740000006975606,True,4217.829642533986
ECC+AES-256,5000,5,3433,0.039699996705166996,0.18119999731425196,0.11660000018309802,True,4217.829642533986
ECC+AES-256,5000,5,3434,0.02649999805726111,0.1351000100839883,0.10620000830385834,True,4217.829642533986
ECC+AES-256,5000,5,3435,0.022899999748915434,0.12840000272262841,0.10439999459777027,True,4217.829642533986
ECC+AES-256,5000,5,3436,0.023100001271814108,0.12710000737570226,0.10349998774472624,True,4217.829642533986
ECC+AES-256,5000,5,3437,0.022500011255033314,0.12660000356845558,0.10229999315924942,True,4217.829642533986
ECC+AES-256,5000,5,3438,0.21349999587982893,0.17810000281315297,0.11380000796634704,True,4217.829642533986
ECC+AES-256,5000,5,3439,0.04269999044481665,0.18429999181535095,0.12569999671541154,True,4217.829642533986
ECC+AES-256,5000,5,3440,0.030799987143836915,0.14139999984763563,0.10579999070614576,True,4217.829642533986
ECC+AES-256,5000,5,3441,0.04290000651963055,0.13519999629352242,0.10350000229664147,True,4217.829642533986
ECC+AES-256,5000,5,3442,0.027000001864507794,0.13780000153928995,0.10230000771116465,True,4217.829642533986
ECC+AES-256,5000,5,3443,0.03510000533424318,0.1584999990882352,0.11760000779759139,True,4217.829642533986
ECC+AES-256,5000,5,3444,0.029300004825927317,0.13770000077784061,0.10429999383632094,True,4217.829642533986
ECC+AES-256,5000,5,3445,0.04099999205209315,0.18239999189972878,0.1269000058528036,True,4217.829642533986
ECC+AES-256,5000,5,3446,0.03879998985212296,0.1640999980736524,0.11350000568199903,True,4217.829642533986
ECC+AES-256,5000,5,3447,0.035299992305226624,0.14560000272467732,0.10650001058820635,True,4217.829642533986
ECC+AES-256,5000,5,3448,0.037299992982298136,0.16110000433400273,0.11280000035185367,True,4217.829642533986
ECC+AES-256,5000,5,3449,0.028700000257231295,0.14209999062586576,0.10699999984353781,True,4217.829642533986
ECC+AES-256,5000,5,3450,0.02819999644998461,0.14279999595601112,0.10799999290611595,True,4217.829642533986
ECC+AES-256,5000,5,3451,0.026599998818710446,0.13549999857787043,0.10370000381954014,True,4217.829642533986
ECC+AES-256,5000,5,3452,0.026900001103058457,0.1357000001007691,0.10320000001229346,True,4217.829642533986
ECC+AES-256,5000,5,3453,0.02300000051036477,0.12670000432990491,0.10170000314246863,True,4217.829642533986
ECC+AES-256,5000,5,3454,0.021799991372972727,0.12460000289138407,0.10130000009667128,True,4217.829642533986
ECC+AES-256,5000,5,3455,0.021900006686337292,0.1238999975612387,0.10099999781232327,True,4217.829642533986
ECC+AES-256,5000,5,3456,0.022100008209235966,0.12489999062381685,0.10170000314246863,True,4217.829642533986
ECC+AES-256,5000,5,3457,0.0219999928958714,0.13479999324772507,0.1036000030580908,True,4217.829642533986
ECC+AES-256,5000,5,3458,0.022499996703118086,0.12399999832268804,0.10130000009667128,True,4217.829642533986
ECC+AES-256,5000,5,3459,0.021899992134422064,0.12399999832268804,0.10109999857377261,True,4217.829642533986
ECC+AES-256,5000,5,3460,0.021799991372972727,0.12350000906735659,0.1016999885905534,True,4217.829642533986
ECC+AES-256,5000,5,3461,0.021700005163438618,0.12339999375399202,0.10030000703409314,True,4217.829642533986
ECC+AES-256,5000,5,3462,0.022100008209235966,0.12329999299254268,0.10099999781232327,True,4217.829642533986
ECC+AES-256,5000,5,3463,0.022100008209235966,0.12369999603834003,0.11310000263620168,True,4217.829642533986
ECC+AES-256,5000,5,3464,0.022799998987466097,0.12460000289138407,0.1016000023810193,True,4217.829642533986
ECC+AES-256,5000,5,3465,0.0219999928958714,0.12419999984558672,0.10119999933522195,True,4217.829642533986
ECC+AES-256,5000,5,3466,0.021899992134422064,0.12320000678300858,0.10099999781232327,True,4217.829642533986
ECC+AES-256,5000,5,3467,0.0219999928958714,0.12330000754445791,0.10049999400507659,True,4217.829642533986
ECC+AES-256,5000,5,3468,0.021800005924887955,0.12309999146964401,0.10089999705087394,True,4217.829642533986
ECC+AES-256,5000,5,3469,0.021400002879090607,0.12409999908413738,0.10210000618826598,True,4217.829642533986
ECC+AES-256,5000,5,3470,0.02160000440198928,0.13089999265503138,0.10070001007989049,True,4217.829642533986
ECC+AES-256,5000,5,3471,0.022500011255033314,0.12409999908413738,0.10140000085812062,True,4217.829642533986
ECC+AES-256,5000,5,3472,0.021899992134422064,0.12290000449866056,0.10099999781232327,True,4217.829642533986
ECC+AES-256,5000,5,3473,0.021800005924887955,0.12440000136848539,0.10140000085812062,True,4217.829642533986
ECC+AES-256,5000,5,3474,0.022100008209235966,0.12679999053943902,0.1007999962894246,True,4217.829642533986
ECC+AES-256,5000,5,3475,0.0219999928958714,0.12379999679978937,0.10129998554475605,True,4217.829642533986
ECC+AES-256,5000,5,3476,0.02200000744778663,0.16140000661835074,0.11779999476857483,True,4217.829642533986
ECC+AES-256,5000,5,3477,0.03619999915827066,0.16789999790489674,0.11029999586753547,True,4217.829642533986
ECC+AES-256,5000,5,3478,0.02849999873433262,0.14109999756328762,0.10580000525806099,True,4217.829642533986
ECC+AES-256,5000,5,3479,0.022899999748915434,0.12599999899975955,0.1019000046653673,True,4217.829642533986
ECC+AES-256,5000,5,3480,0.022199994418770075,0.1247000036528334,0.10219999239780009,True,4217.829642533986
ECC+AES-256,5000,5,3481,0.02260001201648265,0.18170000112149864,0.10550000297371298,True,4217.829642533986
ECC+AES-256,5000,5,3482,0.023899992811493576,0.12620000052265823,0.10189999011345208,True,4217.829642533986
ECC+AES-256,5000,5,3483,0.021899992134422064,0.17919999663718045,0.10320000001229346,True,4217.829642533986
ECC+AES-256,5000,5,3484,0.023500004317611456,0.1235999952768907,0.10130000009667128,True,4217.829642533986
ECC+AES-256,5000,5,3485,0.021799991372972727,0.12369999603834003,0.10180000390391797,True,4217.829642533986
ECC+AES-256,5000,5,3486,0.02239999594166875,0.1238999975612387,0.10060000931844115,True,4217.829642533986
ECC+AES-256,5000,5,3487,0.021900006686337292,0.12450000212993473,0.10090001160278916,True,4217.829642533986
ECC+AES-256,5000,5,3488,0.022200008970685303,0.1336999994236976,0.10109999857377261,True,4217.829642533986
ECC+AES-256,5000,5,3489,0.021700005163438618,0.1478000049246475,0.10289999772794545,True,4217.829642533986
ECC+AES-256,5000,5,3490,0.02750000567175448,0.13499999477062374,0.10370000381954014,True,4217.829642533986
ECC+AES-256,5000,5,3491,0.0261999957729131,0.13359999866224825,0.10279999696649611,True,4217.829642533986
ECC+AES-256,5000,5,3492,0.022599997464567423,0.12599999899975955,0.10170000314246863,True,4217.829642533986
ECC+AES-256,5000,5,3493,0.021899992134422064,0.12319999223109335,0.10040000779554248,True,4217.829642533986
ECC+AES-256,5000,5,3494,0.021800005924887955,0.12430000060703605,0.10030000703409314,True,4217.829642533986
ECC+AES-256,5000,5,3495,0.021900006686337292,0.12419999984558672,0.10130000009667128,True,4217.829642533986
ECC+AES-256,5000,5,3496,0.022100008209235966,0.13120000949129462,0.10340000153519213,True,4217.829642533986
ECC+AES-256,5000,5,3497,0.022200008970685303,0.12390001211315393,0.10130000009667128,True,4217.829642533986
ECC+AES-256,5000,5,3498,0.022599997464567423,0.1250000059371814,0.10109999857377261,True,4217.829642533986
ECC+AES-256,5000,5,3499,0.021900006686337292,0.12349999451544136,0.1016000023810193,True,4217.829642533986
ECC+AES-256,5000,5,3500,0.021899992134422064,0.13410000246949494,0.10350000229664147,True,4217.829642533986
ECC+AES-256,5000,5,3501,0.021700005163438618,0.12309999146964401,0.10060000931844115,True,4217.829642533986
ECC+AES-256,5000,5,3502,0.021899992134422064,0.1230000052601099,0.10969999129883945,True,4217.829642533986
ECC+AES-256,5000,5,3503,0.023599990527145565,0.12540000898297876,0.1007999962894246,True,4217.829642533986
ECC+AES-256,5000,5,3504,0.021799991372972727,0.1235999952768907,0.10150000161956996,True,4217.829642533986
ECC+AES-256,5000,5,3505,0.0219999928958714,0.12379999679978937,0.10000000474974513,True,4217.829642533986
ECC+AES-256,5000,5,3506,0.022200008970685303,0.12390001211315393,0.09979998867493123,True,4217.829642533986
ECC+AES-256,5000,5,3507,0.021899992134422064,0.12209999840706587,0.10010000551119447,True,4217.829642533986
ECC+AES-256,5000,5,3508,0.022099993657320738,0.12409999908413738,0.10050000855699182,True,4217.829642533986
ECC+AES-256,5000,5,3509,0.021700005163438618,0.1323000033153221,0.1007999962894246,True,4217.829642533986
ECC+AES-256,5000,5,3510,0.022099993657320738,0.12169999536126852,0.09950000094249845,True,4217.829642533986
ECC+AES-256,5000,5,3511,0.021800005924887955,0.12260000221431255,0.1007999962894246,True,4217.829642533986
ECC+AES-256,5000,5,3512,0.021800005924887955,0.12339999375399202,0.10040000779554248,True,4217.829642533986
ECC+AES-256,5000,5,3513,0.021900006686337292,0.13360001321416348,0.10069999552797526,True,4217.829642533986
ECC+AES-256,5000,5,3514,0.021900006686337292,0.12310000602155924,0.10119999933522195,True,4217.829642533986
ECC+AES-256,5000,5,3515,0.02160000440198928,0.12280000373721123,0.11139998969156295,True,4217.829642533986
ECC+AES-256,5000,5,3516,0.0219999928958714,0.12409999908413738,0.10089999705087394,True,4217.829642533986
ECC+AES-256,5000,5,3517,0.02160000440198928,0.12409999908413738,0.10089999705087394,True,4217.829642533986
ECC+AES-256,5000,5,3518,0.02160000440198928,0.12399999832268804,0.0999000039882958,True,4217.829642533986
ECC+AES-256,5000,5,3519,0.021799991372972727,0.12310000602155924,0.10029999248217791,True,4217.829642533986
ECC+AES-256,5000,5,3520,0.021899992134422064,0.12329999299254268,0.10090001160278916,True,4217.829642533986
ECC+AES-256,5000,5,3521,0.02139998832717538,0.12379999679978937,0.09979998867493123,True,4217.829642533986
ECC+AES-256,5000,5,3522,0.023300002794712782,0.12570001126732677,0.10089999705087394,True,4217.829642533986
ECC+AES-256,5000,5,3523,0.0219999928958714,0.12430000060703605,0.1007999962894246,True,4217.829642533986
ECC+AES-256,5000,5,3524,0.021900006686337292,0.12309999146964401,0.0999000039882958,True,4217.829642533986
ECC+AES-256,5000,5,3525,0.02169999061152339,0.12240000069141388,0.10089999705087394,True,4217.829642533986
ECC+AES-256,5000,5,3526,0.022299995180219412,0.13109999417793006,0.10060000931844115,True,4217.829642533986
ECC+AES-256,5000,5,3527,0.022100008209235966,0.12329999299254268,0.1007999962894246,True,4217.829642533986
ECC+AES-256,5000,5,3528,0.021799991372972727,0.13309999485500157,0.10150000161956996,True,4217.829642533986
ECC+AES-256,5000,5,3529,0.021799991372972727,0.12430000060703605,0.10059999476652592,True,4217.829642533986
ECC+AES-256,5000,5,3530,0.022099993657320738,0.1238999975612387,0.10080001084133983,True,4217.829642533986
ECC+AES-256,5000,5,3531,0.021899992134422064,0.12379999679978937,0.1010000123642385,True,4217.829642533986
ECC+AES-256,5000,5,3532,0.022099993657320738,0.12440000136848539,0.10039999324362725,True,4217.829642533986
ECC+AES-256,5000,5,3533,0.04159999662078917,0.12739999510813504,0.10650001058820635,True,4217.829642533986
ECC+AES-256,5000,5,3534,0.021900006686337292,0.1238999975612387,0.10009999095927924,True,4217.829642533986
ECC+AES-256,5000,5,3535,0.02200000744778663,0.12309999146964401,0.10080001084133983,True,4217.829642533986
ECC+AES-256,5000,5,3536,0.021800005924887955,0.12319999223109335,0.09960000170394778,True,4217.829642533986
ECC+AES-256,5000,5,3537,0.0219999928958714,0.12440000136848539,0.1007999962894246,True,4217.829642533986
ECC+AES-256,5000,5,3538,0.02269999822601676,0.12419999984558672,0.09980000322684646,True,4217.829642533986
ECC+AES-256,5000,5,3539,0.021799991372972727,0.13359999866224825,0.10069999552797526,True,4217.829642533986
ECC+AES-256,5000,5,3540,0.022199994418770075,0.12290000449866056,0.10039999324362725,True,4217.829642533986
ECC+AES-256,5000,5,3541,0.021599989850074053,0.1230000052601099,0.10039999324362725,True,4217.829642533986
ECC+AES-256,5000,5,3542,0.021700005163438618,0.1235999952768907,0.10070001007989049,True,4217.829642533986
ECC+AES-256,5000,5,3543,0.021400002879090607,0.12149999383836985,0.10040000779554248,True,4217.829642533986
ECC+AES-256,5000,5,3544,0.021700005163438618,0.12290000449866056,0.09929999941959977,True,4217.829642533986
ECC+AES-256,5000,5,3545,0.021599989850074053,0.12209999840706587,0.106100007542409,True,4217.829642533986
ECC+AES-256,5000,5,3546,0.022199994418770075,0.12399999832268804,0.10089999705087394,True,4217.829642533986
ECC+AES-256,5000,5,3547,0.021800005924887955,0.12270000297576189,0.10069999552797526,True,4217.829642533986
ECC+AES-256,5000,5,3548,0.02160000440198928,0.12240000069141388,0.10049999400507659,True,4217.829642533986
ECC+AES-256,5000,5,3549,0.02200000744778663,0.122799989185296,0.10050000855699182,True,4217.829642533986
ECC+AES-256,5000,5,3550,0.021899992134422064,0.12240000069141388,0.10000000474974513,True,4217.829642533986
ECC+AES-256,5000,5,3551,0.022299995180219412,0.1331999956164509,0.1019000046653673,True,4217.829642533986
ECC+AES-256,5000,5,3552,0.021899992134422064,0.13159999798517674,0.10099999781232327,True,4217.829642533986
ECC+AES-256,5000,5,3553,0.022099993657320738,0.12490000517573208,0.10099999781232327,True,4217.829642533986
ECC+AES-256,5000,5,3554,0.02169999061152339,0.12280000373721123,0.10109999857377261,True,4217.829642533986
ECC+AES-256,5000,5,3555,0.02200000744778663,0.12370001059025526,0.10150000161956996,True,4217.829642533986
ECC+AES-256,5000,5,3556,0.021900006686337292,0.12209999840706587,0.09960000170394778,True,4217.829642533986
ECC+AES-256,5000,5,3557,0.021900006686337292,0.12329999299254268,0.10030000703409314,True,4217.829642533986
ECC+AES-256,5000,5,3558,0.021900006686337292,0.12430000060703605,0.11079999967478216,True,4217.829642533986
ECC+AES-256,5000,5,3559,0.021900006686337292,0.12339999375399202,0.10080001084133983,True,4217.829642533986
ECC+AES-256,5000,5,3560,0.021799991372972727,0.1235999952768907,0.1007999962894246,True,4217.829642533986
ECC+AES-256,5000,5,3561,0.022400010493583977,0.12370001059025526,0.10099999781232327,True,4217.829642533986
ECC+AES-256,5000,5,3562,0.021899992134422064,0.12330000754445791,0.1007999962894246,True,4217.829642533986
ECC+AES-256,5000,5,3563,0.021800005924887955,0.12289998994674534,0.10090001160278916,True,4217.829642533986
ECC+AES-256,5000,5,3564,0.021899992134422064,0.13220000255387276,0.10069999552797526,True,4217.829642533986
ECC+AES-256,5000,5,3565,0.022799998987466097,0.12419999984558672,0.09929999941959977,True,4217.829642533986
ECC+AES-256,5000,5,3566,0.022099993657320738,0.1247000036528334,0.10099999781232327,True,4217.829642533986
ECC+AES-256,5000,5,3567,0.021800005924887955,0.12329999299254268,0.1002000062726438,True,4217.829642533986
ECC+AES-256,5000,5,3568,0.021800005924887955,0.12390001211315393,0.10029999248217791,True,4217.829642533986
ECC+AES-256,5000,5,3569,0.02160000440198928,0.1238999975612387,0.10109999857377261,True,4217.829642533986
ECC+AES-256,5000,5,3570,0.022199994418770075,0.12430000060703605,0.1007999962894246,True,4217.829642533986
ECC+AES-256,5000,5,3571,0.021799991372972727,0.1449999981559813,0.112900001113303,True,4217.829642533986
ECC+AES-256,5000,5,3572,0.026300011086277664,0.13330001092981547,0.10220000694971532,True,4217.829642533986
ECC+AES-256,5000,5,3573,0.022100008209235966,0.12479998986236751,0.10119999933522195,True,4217.829642533986
ECC+AES-256,5000,5,3574,0.021800005924887955,0.12340000830590725,0.10019999172072858,True,4217.829642533986
ECC+AES-256,5000,5,3575,0.02230000973213464,0.12499999138526618,0.10070001007989049,True,4217.829642533986
ECC+AES-256,5000,5,3576,0.022299995180219412,0.12340000830590725,0.09980000322684646,True,4217.829642533986
ECC+AES-256,5000,5,3577,0.021900006686337292,0.1795000134734437,0.10720000136643648,True,4217.829642533986
ECC+AES-256,5000,5,3578,0.028399997972883284,0.13519999629352242,0.10279999696649611,True,4217.829642533986
ECC+AES-256,5000,5,3579,0.022899999748915434,0.1255000097444281,0.1016999885905534,True,4217.829642533986
ECC+AES-256,5000,5,3580,0.021900006686337292,0.1238999975612387,0.1007999962894246,True,4217.829642533986
ECC+AES-256,5000,5,3581,0.022099993657320738,0.12329999299254268,0.10030000703409314,True,4217.829642533986
ECC+AES-256,5000,5,3582,0.022200008970685303,0.12419999984558672,0.10109999857377261,True,4217.829642533986
ECC+AES-256,5000,5,3583,0.0219999928958714,0.13290000788401812,0.10309999925084412,True,4217.829642533986
ECC+AES-256,5000,5,3584,0.02239999594166875,0.12379999679978937,0.10049999400507659,True,4217.829642533986
ECC+AES-256,5000,5,3585,0.021800005924887955,0.12339999375399202,0.10089999705087394,True,4217.829642533986
ECC+AES-256,5000,5,3586,0.021900006686337292,0.12289998994674534,0.10000000474974513,True,4217.829642533986
ECC+AES-256,5000,5,3587,0.02169999061152339,0.1221999991685152,0.0999000039882958,True,4217.829642533986
ECC+AES-256,5000,5,3588,0.02200000744778663,0.1221000129589811,0.09989998943638057,True,4217.829642533986
ECC+AES-256,5000,5,3589,0.0219999928958714,0.12270000297576189,0.09980000322684646,True,4217.829642533986
ECC+AES-256,5000,5,3590,0.022799998987466097,0.12379999679978937,0.10030000703409314,True,4217.829642533986
ECC+AES-256,5000,5,3591,0.022299995180219412,0.12419999984558672,0.1007999962894246,True,4217.829642533986
ECC+AES-256,5000,5,3592,0.0219999928958714,0.1230000052601099,0.10039999324362725,True,4217.829642533986
ECC+AES-256,5000,5,3593,0.021700005163438618,0.12289998994674534,0.10009999095927924,True,4217.829642533986
ECC+AES-256,5000,5,3594,0.021800005924887955,0.122799989185296,0.10009999095927924,True,4217.829642533986
ECC+AES-256,5000,5,3595,0.021900006686337292,0.12339999375399202,0.10030000703409314,True,4217.829642533986
ECC+AES-256,5000,5,3596,0.02169999061152339,0.13210000179242343,0.10140000085812062,True,4217.829642533986
ECC+AES-256,5000,5,3597,0.0219999928958714,0.1238999975612387,0.10140000085812062,True,4217.829642533986
ECC+AES-256,5000,5,3598,0.022299995180219412,0.12579999747686088,0.10099999781232327,True,4217.829642533986
ECC+AES-256,5000,5,3599,0.021899992134422064,0.12280000373721123,0.10059999476652592,True,4217.829642533986
ECC+AES-256,5000,5,3600,0.021700005163438618,0.12259998766239733,0.10039999324362725,True,4217.829642533986
ECC+AES-256,5000,5,3601,0.021799991372972727,0.12739999510813504,0.10010000551119447,True,4217.829642533986
ECC+AES-256,5000,5,3602,0.02300000051036477,0.12419999984558672,0.11139998969156295,True,4217.829642533986
ECC+AES-256,5000,5,3603,0.022199994418770075,0.12399999832268804,0.1002000062726438,True,4217.829642533986
ECC+AES-256,5000,5,3604,0.02200000744778663,0.12509999214671552,0.10210000618826598,True,4217.829642533986
ECC+AES-256,5000,5,3605,0.0219999928958714,0.12319999223109335,0.10040000779554248,True,4217.829642533986
ECC+AES-256,5000,5,3606,0.022299995180219412,0.12409999908413738,0.10089999705087394,True,4217.829642533986
ECC+AES-256,5000,5,3607,0.021899992134422064,0.12349999451544136,0.10099999781232327,True,4217.829642533986
ECC+AES-256,5000,5,3608,0.021900006686337292,0.1230000052601099,0.09919999865815043,True,4217.829642533986
ECC+AES-256,5000,5,3609,0.02849999873433262,0.12450000212993473,0.10039999324362725,True,4217.829642533986
ECC+AES-256,5000,5,3610,0.02239999594166875,0.12460000289138407,0.10059999476652592,True,4217.829642533986
ECC+AES-256,5000,5,3611,0.021800005924887955,0.12289998994674534,0.10000000474974513,True,4217.829642533986
ECC+AES-256,5000,5,3612,0.021899992134422064,0.12280000373721123,0.09970000246539712,True,4217.829642533986
ECC+AES-256,5000,5,3613,0.021700005163438618,0.12310000602155924,0.1007999962894246,True,4217.829642533986
ECC+AES-256,5000,5,3614,0.021900006686337292,0.13390000094659626,0.10469999688211828,True,4217.829642533986
ECC+AES-256,5000,5,3615,0.021900006686337292,0.13220000255387276,0.10099999781232327,True,4217.829642533986
ECC+AES-256,5000,5,3616,0.022099993657320738,0.12280000373721123,0.10059999476652592,True,4217.829642533986
ECC+AES-256,5000,5,3617,0.021900006686337292,0.12339999375399202,0.10030000703409314,True,4217.829642533986
ECC+AES-256,5000,5,3618,0.021499989088624716,0.1230000052601099,0.10109999857377261,True,4217.829642533986
ECC+AES-256,5000,5,3619,0.021700005163438618,0.12250000145286322,0.09979998867493123,True,4217.829642533986
ECC+AES-256,5000,5,3620,0.021900006686337292,0.12250000145286322,0.10010000551119447,True,4217.829642533986
ECC+AES-256,5000,5,3621,0.023500004317611456,0.12709999282378703,0.10240000847261399,True,4217.829642533986
ECC+AES-256,5000,5,3622,0.022499996703118086,0.12419999984558672,0.1007999962894246,True,4217.829642533986
ECC+AES-256,5000,5,3623,0.022099993657320738,0.12329999299254268,0.10000000474974513,True,4217.829642533986
ECC+AES-256,5000,5,3624,0.021700005163438618,0.12309999146964401,0.10410000686533749,True,4217.829642533986
ECC+AES-256,5000,5,3625,0.022799998987466097,0.1250000059371814,0.1007999962894246,True,4217.829642533986
ECC+AES-256,5000,5,3626,0.021899992134422064,0.12280000373721123,0.10029999248217791,True,4217.829642533986
ECC+AES-256,5000,5,3627,0.0219999928958714,0.1429999974789098,0.10109999857377261,True,4217.829642533986
ECC+AES-256,5000,5,3628,0.022100008209235966,0.1238000113517046,0.10019999172072858,True,4217.829642533986
ECC+AES-256,5000,5,3629,0.021900006686337292,0.12479998986236751,0.1010000123642385,True,4217.829642533986
ECC+AES-256,5000,5,3630,0.022200008970685303,0.12439998681657016,0.10039999324362725,True,4217.829642533986
ECC+AES-256,5000,5,3631,0.022199994418770075,0.12440000136848539,0.1002000062726438,True,4217.829642533986
ECC+AES-256,5000,5,3632,0.021799991372972727,0.12419999984558672,0.10059999476652592,True,4217.829642533986
ECC+AES-256,5000,5,3633,0.02200000744778663,0.12680000509135425,0.11100000119768083,True,4217.829642533986
ECC+AES-256,5000,5,3634,0.022499996703118086,0.12450000212993473,0.10109999857377261,True,4217.829642533986
ECC+AES-256,5000,5,3635,0.021800005924887955,0.12400001287460327,0.10059999476652592,True,4217.829642533986
ECC+AES-256,5000,5,3636,0.021900006686337292,0.12349999451544136,0.10039999324362725,True,4217.829642533986
ECC+AES-256,5000,5,3637,0.021799991372972727,0.12310000602155924,0.10069999552797526,True,4217.829642533986
ECC+AES-256,5000,5,3638,0.021800005924887955,0.12259998766239733,0.09979998867493123,True,4217.829642533986
ECC+AES-256,5000,5,3639,0.02169999061152339,0.12409999908413738,0.10070001007989049,True,4217.829642533986
ECC+AES-256,5000,5,3640,0.02269999822601676,0.13210000179242343,0.10140000085812062,True,4217.829642533986
ECC+AES-256,5000,5,3641,0.022099993657320738,0.12499999138526618,0.10099999781232327,True,4217.829642533986
ECC+AES-256,5000,5,3642,0.021900006686337292,0.12440000136848539,0.10140000085812062,True,4217.829642533986
ECC+AES-256,5000,5,3643,0.02169999061152339,0.1235999952768907,0.10030000703409314,True,4217.829642533986
ECC+AES-256,5000,5,3644,0.02200000744778663,0.12390001211315393,0.10099999781232327,True,4217.829642533986
ECC+AES-256,5000,5,3645,0.021500003640539944,0.12229999992996454,0.10049999400507659,True,4217.829642533986
ECC+AES-256,5000,5,3646,0.021800005924887955,0.1314000110141933,0.10159998782910407,True,4217.829642533986
ECC+AES-256,5000,5,3647,0.021899992134422064,0.12340000830590725,0.0999999901978299,True,4217.829642533986
ECC+AES-256,5000,5,3648,0.02169999061152339,0.1238999975612387,0.10070001007989049,True,4217.829642533986
ECC+AES-256,5000,5,3649,0.021800005924887955,0.12349999451544136,0.10170000314246863,True,4217.829642533986
ECC+AES-256,5000,5,3650,0.02160000440198928,0.12270000297576189,0.10089999705087394,True,4217.829642533986
ECC+AES-256,5000,5,3651,0.021700005163438618,0.12200001219753176,0.09929999941959977,True,4217.829642533986
ECC+AES-256,5000,5,3652,0.021899992134422064,0.1235999952768907,0.10870001278817654,True,4217.829642533986
ECC+AES-256,5000,5,3653,0.022599997464567423,0.12879999121651053,0.10070001007989049,True,4217.829642533986
ECC+AES-256,5000,5,3654,0.021800005924887955,0.12249998690094799,0.10029999248217791,True,4217.829642533986
ECC+AES-256,5000,5,3655,0.021700005163438618,0.1221999991685152,0.0999000039882958,True,4217.829642533986
ECC+AES-256,5000,5,3656,0.02169999061152339,0.12340000830590725,0.10059999476652592,True,4217.829642533986
ECC+AES-256,5000,5,3657,0.021700005163438618,0.12329999299254268,0.10000000474974513,True,4217.829642533986
ECC+AES-256,5000,5,3658,0.02160000440198928,0.12270000297576189,0.10099999781232327,True,4217.829642533986
ECC+AES-256,5000,5,3659,0.021599989850074053,0.13159999798517674,0.10220000694971532,True,4217.829642533986
ECC+AES-256,5000,5,3660,0.022299995180219412,0.12399999832268804,0.10069999552797526,True,4217.829642533986
ECC+AES-256,5000,5,3661,0.021800005924887955,0.12299999070819467,0.10050000855699182,True,4217.829642533986
ECC+AES-256,5000,5,3662,0.022400010493583977,0.12419999984558672,0.1010000123642385,True,4217.829642533986
ECC+AES-256,5000,5,3663,0.021800005924887955,0.1238999975612387,0.10069999552797526,True,4217.829642533986
ECC+AES-256,5000,5,3664,0.021799991372972727,0.12309999146964401,0.0999999901978299,True,4217.829642533986
ECC+AES-256,5000,5,3665,0.021800005924887955,0.12769999739248306,0.112599998828955,True,4217.829642533986
ECC+AES-256,5000,5,3666,0.02260001201648265,0.12730000889860094,0.10109999857377261,True,4217.829642533986
ECC+AES-256,5000,5,3667,0.021899992134422064,0.12349999451544136,0.10109999857377261,True,4217.829642533986
ECC+AES-256,5000,5,3668,0.021799991372972727,0.12329999299254268,0.09980000322684646,True,4217.829642533986
ECC+AES-256,5000,5,3669,0.021599989850074053,0.12320000678300858,0.1007999962894246,True,4217.829642533986
ECC+AES-256,5000,5,3670,0.021700005163438618,0.12250000145286322,0.0999999901978299,True,4217.829642533986
ECC+AES-256,5000,5,3671,0.021599989850074053,0.1897000038297847,0.19999999494757503,True,4217.829642533986
ECC+AES-256,5000,5,3672,0.030400013201870024,0.14170000213198364,0.10569998994469643,True,4217.829642533986
ECC+AES-256,5000,5,3673,0.022899999748915434,0.1250000059371814,0.10130000009667128,True,4217.829642533986
ECC+AES-256,5000,5,3674,0.02269999822601676,0.12460000289138407,0.10119999933522195,True,4217.829642533986
ECC+AES-256,5000,5,3675,0.022200008970685303,0.12469998910091817,0.10070001007989049,True,4217.829642533986
ECC+AES-256,5000,5,3676,0.022099993657320738,0.12299999070819467,0.0999000039882958,True,4217.829642533986
ECC+AES-256,5000,5,3677,0.022599997464567423,0.17139999545179307,0.102700010756962,True,4217.829642533986
ECC+AES-256,5000,5,3678,0.02400000812485814,0.13519999629352242,0.10659999679774046,True,4217.829642533986
ECC+AES-256,5000,5,3679,0.022100008209235966,0.12349999451544136,0.10049999400507659,True,4217.829642533986
ECC+AES-256,5000,5,3680,0.022099993657320738,0.12229999992996454,0.09960000170394778,True,4217.829642533986
ECC+AES-256,5000,5,3681,0.021900006686337292,0.12330000754445791,0.10089999705087394,True,4217.829642533986
ECC+AES-256,5000,5,3682,0.021800005924887955,0.12319999223109335,0.10059999476652592,True,4217.829642533986
ECC+AES-256,5000,5,3683,0.021800005924887955,0.1323000033153221,0.10269999620504677,True,4217.829642533986
ECC+AES-256,5000,5,3684,0.022199994418770075,0.1238999975612387,0.10089999705087394,True,4217.829642533986
ECC+AES-256,5000,5,3685,0.021700005163438618,0.12339999375399202,0.10110001312568784,True,4217.829642533986
ECC+AES-256,5000,5,3686,0.022100008209235966,0.12269998842384666,0.10010000551119447,True,4217.829642533986
ECC+AES-256,5000,5,3687,0.021900006686337292,0.12329999299254268,0.10070001007989049,True,4217.829642533986
ECC+AES-256,5000,5,3688,0.0219999928958714,0.12310000602155924,0.10009999095927924,True,4217.829642533986
ECC+AES-256,5000,5,3689,0.022899999748915434,0.1272000081371516,0.11049999739043415,True,4217.829642533986
ECC+AES-256,5000,5,3690,0.022499996703118086,0.12430000060703605,0.10140000085812062,True,4217.829642533986
ECC+AES-256,5000,5,3691,0.022099993657320738,0.13380000018514693,0.10259999544359744,True,4217.829642533986
ECC+AES-256,5000,5,3692,0.021899992134422064,0.1235999952768907,0.10099999781232327,True,4217.829642533986
ECC+AES-256,5000,5,3693,0.022499996703118086,0.12510000669863075,0.10109999857377261,True,4217.829642533986
ECC+AES-256,5000,5,3694,0.022199994418770075,0.12409999908413738,0.1007999962894246,True,4217.829642533986
ECC+AES-256,5000,5,3695,0.021900006686337292,0.12329999299254268,0.10050000855699182,True,4217.829642533986
ECC+AES-256,5000,5,3696,0.02160000440198928,0.13220000255387276,0.10119999933522195,True,4217.829642533986
ECC+AES-256,5000,5,3697,0.021900006686337292,0.1272000081371516,0.0999999901978299,True,4217.829642533986
ECC+AES-256,5000,5,3698,0.021800005924887955,0.12289998994674534,0.10030000703409314,True,4217.829642533986
ECC+AES-256,5000,5,3699,0.021800005924887955,0.1235999952768907,0.10049999400507659,True,4217.829642533986
ECC+AES-256,5000,5,3700,0.022200008970685303,0.12360000982880592,0.10049999400507659,True,4217.829642533986
ECC+AES-256,5000,5,3701,0.021499989088624716,0.12290000449866056,0.0999999901978299,True,4217.829642533986
ECC+AES-256,5000,5,3702,0.021799991372972727,0.1235999952768907,0.11119998816866428,True,4217.829642533986
ECC+AES-256,5000,5,3703,0.02160000440198928,0.12340000830590725,0.10039999324362725,True,4217.829642533986
ECC+AES-256,5000,5,3704,0.02160000440198928,0.13210000179242343,0.10029999248217791,True,4217.829642533986
ECC+AES-256,5000,5,3705,0.022099993657320738,0.12399999832268804,0.10010000551119447,True,4217.829642533986
ECC+AES-256,5000,5,3706,0.021700005163438618,0.12370001059025526,0.10049999400507659,True,4217.829642533986
ECC+AES-256,5000,5,3707,0.021500003640539944,0.12209999840706587,0.09950000094249845,True,4217.829642533986
ECC+AES-256,5000,5,3708,0.021800005924887955,0.12199999764561653,0.10039999324362725,True,4217.829642533986
ECC+AES-256,5000,5,3709,0.022599997464567423,0.12579999747686088,0.10150000161956996,True,4217.829642533986
ECC+AES-256,5000,5,3710,0.021700005163438618,0.12309999146964401,0.10069999552797526,True,4217.829642533986
ECC+AES-256,5000,5,3711,0.021799991372972727,0.1235999952768907,0.1010000123642385,True,4217.829642533986
ECC+AES-256,5000,5,3712,0.021700005163438618,0.12340000830590725,0.1007999962894246,True,4217.829642533986
ECC+AES-256,5000,5,3713,0.021500003640539944,0.12350000906735659,0.09950000094249845,True,4217.829642533986
ECC+AES-256,5000,5,3714,0.02160000440198928,0.1221999991685152,0.09950000094249845,True,4217.829642533986
ECC+AES-256,5000,5,3715,0.02160000440198928,0.13129999570082873,0.10049999400507659,True,4217.829642533986
ECC+AES-256,5000,5,3716,0.02200000744778663,0.12369999603834003,0.10010000551119447,True,4217.829642533986
ECC+AES-256,5000,5,3717,0.021900006686337292,0.12870000500697643,0.10109999857377261,True,4217.829642533986
ECC+AES-256,5000,5,3718,0.02160000440198928,0.12229999992996454,0.10029999248217791,True,4217.829642533986
ECC+AES-256,5000,5,3719,0.02160000440198928,0.12270000297576189,0.09970000246539712,True,4217.829642533986
ECC+AES-256,5000,5,3720,0.021400002879090607,0.1221999991685152,0.09960000170394778,True,4217.829642533986
ECC+AES-256,5000,5,3721,0.07050001295283437,0.22059999173507094,0.11330000415910035,True,4217.829642533986
ECC+AES-256,5000,5,3722,0.03340000694151968,0.14350000128615648,0.12969999806955457,True,4217.829642533986
ECC+AES-256,5000,5,3723,0.04890000855084509,0.22170000011101365,0.16569999570492655,True,4217.829642533986
ECC+AES-256,5000,5,3724,0.03619999915827066,0.17179999849759042,0.10220000694971532,True,4217.829642533986
ECC+AES-256,5000,5,3725,0.02269999822601676,0.12460000289138407,0.10180000390391797,True,4217.829642533986
ECC+AES-256,5000,5,3726,0.021900006686337292,0.1221999991685152,0.10110001312568784,True,4217.829642533986
ECC+AES-256,5000,5,3727,0.021900006686337292,0.13179999950807542,0.10320000001229346,True,4217.829642533986
ECC+AES-256,5000,5,3728,0.02239999594166875,0.1218999968841672,0.10019999172072858,True,4217.829642533986
ECC+AES-256,5000,5,3729,0.0219999928958714,0.12579999747686088,0.10180000390391797,True,4217.829642533986
ECC+AES-256,5000,5,3730,0.022100008209235966,0.12369999603834003,0.10130000009667128,True,4217.829642533986
ECC+AES-256,5000,5,3731,0.022400010493583977,0.12290000449866056,0.10059999476652592,True,4217.829642533986
ECC+AES-256,5000,5,3732,0.022199994418770075,0.1235999952768907,0.10640000982675701,True,4217.829642533986
ECC+AES-256,5000,5,3733,0.022099993657320738,0.12229999992996454,0.10790000669658184,True,4217.829642533986
ECC+AES-256,5000,5,3734,0.022599997464567423,0.1230000052601099,0.0999000039882958,True,4217.829642533986
ECC+AES-256,5000,5,3735,0.02239999594166875,0.12240000069141388,0.10010000551119447,True,4217.829642533986
ECC+AES-256,5000,5,3736,0.02230000973213464,0.12329999299254268,0.10010000551119447,True,4217.829642533986
ECC+AES-256,5000,5,3737,0.02200000744778663,0.12320000678300858,0.10119999933522195,True,4217.829642533986
ECC+AES-256,5000,5,3738,0.022099993657320738,0.12309999146964401,0.10340000153519213,True,4217.829642533986
ECC+AES-256,5000,5,3739,0.021899992134422064,0.12270000297576189,0.10099999781232327,True,4217.829642533986
ECC+AES-256,5000,5,3740,0.021799991372972727,0.13410000246949494,0.10220000694971532,True,4217.829642533986
ECC+AES-256,5000,5,3741,0.023100001271814108,0.12370001059025526,0.10059999476652592,True,4217.829642533986
ECC+AES-256,5000,5,3742,0.0219999928958714,0.12199999764561653,0.0999000039882958,True,4217.829642533986
ECC+AES-256,5000,5,3743,0.021799991372972727,0.1230000052601099,0.10049999400507659,True,4217.829642533986
ECC+AES-256,5000,5,3744,0.022299995180219412,0.12229999992996454,0.10040000779554248,True,4217.829642533986
ECC+AES-256,5000,5,3745,0.021900006686337292,0.12309999146964401,0.0999000039882958,True,4217.829642533986
ECC+AES-256,5000,5,3746,0.022599997464567423,0.12310000602155924,0.11050001194234937,True,4217.829642533986
ECC+AES-256,5000,5,3747,0.02239999594166875,0.1221999991685152,0.10000000474974513,True,4217.829642533986
ECC+AES-256,5000,5,3748,0.021899992134422064,0.12350000906735659,0.10019999172072858,True,4217.829642533986
ECC+AES-256,5000,5,3749,0.021900006686337292,0.12329999299254268,0.1007999962894246,True,4217.829642533986
ECC+AES-256,5000,5,3750,0.0219999928958714,0.12229999992996454,0.10010000551119447,True,4217.829642533986
ECC+AES-256,5000,5,3751,0.022199994418770075,0.12229999992996454,0.10010000551119447,True,4217.829642533986
ECC+AES-256,5000,5,3752,0.021900006686337292,0.12199999764561653,0.09940000018104911,True,4217.829642533986
ECC+AES-256,5000,5,3753,0.028399997972883284,0.12589999823831022,0.10060000931844115,True,4217.829642533986
ECC+AES-256,5000,5,3754,0.022499996703118086,0.12339999375399202,0.10109999857377261,True,4217.829642533986
ECC+AES-256,5000,5,3755,0.02200000744778663,0.12280000373721123,0.10040000779554248,True,4217.829642533986
ECC+AES-256,5000,5,3756,0.022299995180219412,0.12229999992996454,0.1007999962894246,True,4217.829642533986
ECC+AES-256,5000,5,3757,0.022200008970685303,0.12319999223109335,0.10099999781232327,True,4217.829642533986
ECC+AES-256,5000,5,3758,0.022099993657320738,0.1230000052601099,0.10019999172072858,True,4217.829642533986
ECC+AES-256,5000,5,3759,0.021900006686337292,0.1292000088142231,0.1036000030580908,True,4217.829642533986
ECC+AES-256,5000,5,3760,0.022100008209235966,0.12150000839028507,0.0990999978967011,True,4217.829642533986
ECC+AES-256,5000,5,3761,0.022199994418770075,0.12199999764561653,0.09960000170394778,True,4217.829642533986
ECC+AES-256,5000,5,3762,0.022100008209235966,0.12280000373721123,0.10060000931844115,True,4217.829642533986
ECC+AES-256,5000,5,3763,0.022200008970685303,0.12209999840706587,0.09960000170394778,True,4217.829642533986
ECC+AES-256,5000,5,3764,0.021899992134422064,0.12250000145286322,0.09970000246539712,True,4217.829642533986
ECC+AES-256,5000,5,3765,0.022099993657320738,0.12229999992996454,0.10060000931844115,True,4217.829642533986
ECC+AES-256,5000,5,3766,0.022100008209235966,0.1230000052601099,0.10069999552797526,True,4217.829642533986
ECC+AES-256,5000,5,3767,0.021899992134422064,0.12240000069141388,0.1002000062726438,True,4217.829642533986
ECC+AES-256,5000,5,3768,0.022599997464567423,0.40530000114813447,0.1171000039903447,True,4217.829642533986
ECC+AES-256,5000,5,3769,0.02929999027401209,0.13139999646227807,0.11550000635907054,True,4217.829642533986
ECC+AES-256,5000,5,3770,0.023900007363408804,0.12570001126732677,0.10199999087490141,True,4217.829642533986
ECC+AES-256,5000,5,3771,0.022899999748915434,0.1238999975612387,0.10140000085812062,True,4217.829642533986
ECC+AES-256,5000,5,3772,0.02340000355616212,0.1250000059371814,0.10150000161956996,True,4217.829642533986
ECC+AES-256,5000,5,3773,0.03449998621363193,0.12320000678300858,0.10099999781232327,True,4217.829642533986
ECC+AES-256,5000,5,3774,0.022599997464567423,0.12349999451544136,0.10119999933522195,True,4217.829642533986
ECC+AES-256,5000,5,3775,0.022199994418770075,0.12240000069141388,0.10040000779554248,True,4217.829642533986
ECC+AES-256,5000,5,3776,0.022799998987466097,0.12409999908413738,0.10029999248217791,True,4217.829642533986
ECC+AES-256,5000,5,3777,0.02239999594166875,0.1221999991685152,0.10040000779554248,True,4217.829642533986
ECC+AES-256,5000,5,3778,0.022200008970685303,0.12310000602155924,0.10010000551119447,True,4217.829642533986
ECC+AES-256,5000,5,3779,0.02239999594166875,0.12269998842384666,0.10070001007989049,True,4217.829642533986
ECC+AES-256,5000,5,3780,0.022499996703118086,0.12360000982880592,0.10049999400507659,True,4217.829642533986
ECC+AES-256,5000,5,3781,0.022199994418770075,0.12490000517573208,0.10109999857377261,True,4217.829642533986
ECC+AES-256,5000,5,3782,0.022299995180219412,0.1297999988310039,0.10089999705087394,True,4217.829642533986
ECC+AES-256,5000,5,3783,0.022400010493583977,0.12240000069141388,0.09980000322684646,True,4217.829642533986
ECC+AES-256,5000,5,3784,0.0219999928958714,0.12229999992996454,0.09960000170394778,True,4217.829642533986
ECC+AES-256,5000,5,3785,0.022299995180219412,0.12310000602155924,0.10049999400507659,True,4217.829642533986
ECC+AES-256,5000,5,3786,0.022299995180219412,0.12290000449866056,0.10039999324362725,True,4217.829642533986
ECC+AES-256,5000,5,3787,0.022199994418770075,0.12250000145286322,0.10069999552797526,True,4217.829642533986
ECC+AES-256,5000,5,3788,0.02230000973213464,0.12409999908413738,0.1100999943446368,True,4217.829642533986
ECC+AES-256,5000,5,3789,0.023200002033263445,0.12419999984558672,0.10080001084133983,True,4217.829642533986
ECC+AES-256,5000,5,3790,0.021899992134422064,0.1230000052601099,0.10059999476652592,True,4217.829642533986
ECC+AES-256,5000,5,3791,0.02239999594166875,0.12280000373721123,0.10039999324362725,True,4217.829642533986
ECC+AES-256,5000,5,3792,0.022199994418770075,0.12320000678300858,0.10109999857377261,True,4217.829642533986
ECC+AES-256,5000,5,3793,0.02239999594166875,0.12409999908413738,0.10040000779554248,True,4217.829642533986
ECC+AES-256,5000,5,3794,0.022299995180219412,0.12409999908413738,0.10130000009667128,True,4217.829642533986
ECC+AES-256,5000,5,3795,0.022500011255033314,0.13240000407677144,0.10089999705087394,True,4217.829642533986
ECC+AES-256,5000,5,3796,0.02239999594166875,0.12309999146964401,0.10050000855699182,True,4217.829642533986
ECC+AES-256,5000,5,3797,0.022200008970685303,0.12299999070819467,0.10060000931844115,True,4217.829642533986
ECC+AES-256,5000,5,3798,0.02269999822601676,0.12479998986236751,0.10060000931844115,True,4217.829642533986
ECC+AES-256,5000,5,3799,0.022400010493583977,0.12340000830590725,0.10099999781232327,True,4217.829642533986
ECC+AES-256,5000,5,3800,0.022500011255033314,0.12320000678300858,0.10030000703409314,True,4217.829642533986
ECC+AES-256,5000,5,3801,0.022100008209235966,0.12320000678300858,0.11029999586753547,True,4217.829642533986
ECC+AES-256,5000,5,3802,0.022499996703118086,0.12319999223109335,0.10040000779554248,True,4217.829642533986
ECC+AES-256,5000,5,3803,0.022200008970685303,0.12329999299254268,0.10000000474974513,True,4217.829642533986
ECC+AES-256,5000,5,3804,0.0219999928958714,0.12229999992996454,0.10000000474974513,True,4217.829642533986
ECC+AES-256,5000,5,3805,0.022100008209235966,0.12289998994674534,0.10049999400507659,True,4217.829642533986
ECC+AES-256,5000,5,3806,0.0219999928958714,0.12250000145286322,0.10069999552797526,True,4217.829642533986
ECC+AES-256,5000,5,3807,0.021900006686337292,0.1221999991685152,0.09980000322684646,True,4217.829642533986
ECC+AES-256,5000,5,3808,0.02230000973213464,0.12290000449866056,0.09929999941959977,True,4217.829642533986
ECC+AES-256,5000,5,3809,0.022199994418770075,0.12240000069141388,0.09950000094249845,True,4217.829642533986
ECC+AES-256,5000,5,3810,0.0219999928958714,0.12270000297576189,0.0999000039882958,True,4217.829642533986
ECC+AES-256,5000,5,3811,0.02230000973213464,0.12170000991318375,0.09960000170394778,True,4217.829642533986
ECC+AES-256,5000,5,3812,0.022100008209235966,0.12209999840706587,0.10059999476652592,True,4217.829642533986
ECC+AES-256,5000,5,3813,0.022099993657320738,0.1218999968841672,0.10089999705087394,True,4217.829642533986
ECC+AES-256,5000,5,3814,0.0219999928958714,0.12820000119972974,0.10109999857377261,True,4217.829642533986
ECC+AES-256,5000,5,3815,0.02239999594166875,0.12319999223109335,0.10010000551119447,True,4217.829642533986
ECC+AES-256,5000,5,3816,0.02239999594166875,0.12280000373721123,0.09960000170394778,True,4217.829642533986
ECC+AES-256,5000,5,3817,0.022099993657320738,0.12179999612271786,0.09970000246539712,True,4217.829642533986
ECC+AES-256,5000,5,3818,0.04400000034365803,0.18399998953100294,0.11269999959040433,True,4217.829642533986
ECC+AES-256,5000,5,3819,0.02519998815841973,0.13349999790079892,0.10400000610388815,True,4217.829642533986
ECC+AES-256,5000,5,3820,0.02340000355616212,0.12709999282378703,0.10309999925084412,True,4217.829642533986
ECC+AES-256,5000,5,3821,0.022400010493583977,0.12440000136848539,0.10150000161956996,True,4217.829642533986
ECC+AES-256,5000,5,3822,0.022199994418770075,0.12369999603834003,0.1019000046653673,True,4217.829642533986
ECC+AES-256,5000,5,3823,0.022899999748915434,0.12399999832268804,0.10130000009667128,True,4217.829642533986
ECC+AES-256,5000,5,3824,0.021899992134422064,0.12270000297576189,0.10119999933522195,True,4217.829642533986
ECC+AES-256,5000,5,3825,0.02260001201648265,0.12270000297576189,0.10150000161956996,True,4217.829642533986
ECC+AES-256,5000,5,3826,0.021900006686337292,0.1221999991685152,0.10040000779554248,True,4217.829642533986
ECC+AES-256,5000,5,3827,0.021799991372972727,0.12199999764561653,0.10070001007989049,True,4217.829642533986
ECC+AES-256,5000,5,3828,0.02160000440198928,0.12180001067463309,0.10029999248217791,True,4217.829642533986
ECC+AES-256,5000,5,3829,0.02160000440198928,0.12999998580198735,0.10130000009667128,True,4217.829642533986
ECC+AES-256,5000,5,3830,0.022099993657320738,0.1218999968841672,0.09960000170394778,True,4217.829642533986
ECC+AES-256,5000,5,3831,0.021899992134422064,0.1213000068673864,0.10099999781232327,True,4217.829642533986
ECC+AES-256,5000,5,3832,0.021799991372972727,0.12070000229869038,0.10029999248217791,True,4217.829642533986
ECC+AES-256,5000,5,3833,0.021700005163438618,0.12229999992996454,0.09979998867493123,True,4217.829642533986
ECC+AES-256,5000,5,3834,0.02169999061152339,0.12139999307692051,0.09899999713525176,True,4217.829642533986
ECC+AES-256,5000,5,3835,0.021899992134422064,0.12199999764561653,0.10930000280495733,True,4217.829642533986
ECC+AES-256,5000,5,3836,0.022199994418770075,0.12330000754445791,0.10049999400507659,True,4217.829642533986
ECC+AES-256,5000,5,3837,0.02169999061152339,0.12209999840706587,0.1002000062726438,True,4217.829642533986
ECC+AES-256,5000,5,3838,0.021799991372972727,0.12260000221431255,0.10040000779554248,True,4217.829642533986
ECC+AES-256,5000,5,3839,0.021799991372972727,0.1218999968841672,0.10010000551119447,True,4217.829642533986
ECC+AES-256,5000,5,3840,0.021800005924887955,0.12209999840706587,0.09980000322684646,True,4217.829642533986
ECC+AES-256,5000,5,3841,0.021700005163438618,0.1218999968841672,0.0999000039882958,True,4217.829642533986
ECC+AES-256,5000,5,3842,0.021899992134422064,0.13339999713934958,0.10289999772794545,True,4217.829642533986
ECC+AES-256,5000,5,3843,0.022499996703118086,0.13309999485500157,0.1010000123642385,True,4217.829642533986
ECC+AES-256,5000,5,3844,0.026599998818710446,0.13290000788401812,0.10179998935200274,True,4217.829642533986
ECC+AES-256,5000,5,3845,0.022299995180219412,0.12269998842384666,0.10130000009667128,True,4217.829642533986
ECC+AES-256,5000,5,3846,0.022099993657320738,0.12240000069141388,0.10109999857377261,True,4217.829642533986
ECC+AES-256,5000,5,3847,0.02200000744778663,0.12290000449866056,0.10010000551119447,True,4217.829642533986
ECC+AES-256,5000,5,3848,0.02200000744778663,0.12269998842384666,0.10000000474974513,True,4217.829642533986
ECC+AES-256,5000,5,3849,0.02160000440198928,0.13120000949129462,0.10109999857377261,True,4217.829642533986
ECC+AES-256,5000,5,3850,0.022799998987466097,0.12289998994674534,0.10030000703409314,True,4217.829642533986
ECC+AES-256,5000,5,3851,0.021900006686337292,0.1221999991685152,0.0999000039882958,True,4217.829642533986
ECC+AES-256,5000,5,3852,0.02200000744778663,0.12340000830590725,0.09960000170394778,True,4217.829642533986
ECC+AES-256,5000,5,3853,0.021700005163438618,0.12209999840706587,0.0999000039882958,True,4217.829642533986
ECC+AES-256,5000,5,3854,0.02169999061152339,0.1230000052601099,0.10030000703409314,True,4217.829642533986
ECC+AES-256,5000,5,3855,0.021800005924887955,0.12419999984558672,0.109200002043508,True,4217.829642533986
ECC+AES-256,5000,5,3856,0.022499996703118086,0.12709999282378703,0.10080001084133983,True,4217.829642533986
ECC+AES-256,5000,5,3857,0.022199994418770075,0.12349999451544136,0.10040000779554248,True,4217.829642533986
ECC+AES-256,5000,5,3858,0.021799991372972727,0.12290000449866056,0.10019999172072858,True,4217.829642533986
ECC+AES-256,5000,5,3859,0.021799991372972727,0.12100000458303839,0.09960000170394778,True,4217.829642533986
ECC+AES-256,5000,5,3860,0.021799991372972727,0.12159999459981918,0.09919999865815043,True,4217.829642533986
ECC+AES-256,5000,5,3861,0.021900006686337292,0.12240000069141388,0.10030000703409314,True,4217.829642533986
ECC+AES-256,5000,5,3862,0.021799991372972727,0.12969999806955457,0.10080001084133983,True,4217.829642533986
ECC+AES-256,5000,5,3863,0.021800005924887955,0.12229999992996454,0.10059999476652592,True,4217.829642533986
ECC+AES-256,5000,5,3864,0.021899992134422064,0.12209999840706587,0.10030000703409314,True,4217.829642533986
ECC+AES-256,5000,5,3865,0.021900006686337292,0.12249998690094799,0.09989998943638057,True,4217.829642533986
ECC+AES-256,5000,5,3866,0.022099993657320738,0.12199999764561653,0.14409999130293727,True,4217.829642533986
ECC+AES-256,5000,5,3867,0.030499999411404133,0.13770000077784061,0.10489999840501696,True,4217.829642533986
ECC+AES-256,5000,5,3868,0.022799998987466097,0.1255999959539622,0.10049999400507659,True,4217.829642533986
ECC+AES-256,5000,5,3869,0.021900006686337292,0.12259998766239733,0.0999000039882958,True,4217.829642533986
ECC+AES-256,5000,5,3870,0.0219999928958714,0.12250000145286322,0.1002000062726438,True,4217.829642533986
ECC+AES-256,5000,5,3871,0.02200000744778663,0.1221999991685152,0.10010000551119447,True,4217.829642533986
ECC+AES-256,5000,5,3872,0.021700005163438618,0.13249999028630555,0.10170000314246863,True,4217.829642533986
ECC+AES-256,5000,5,3873,0.022499996703118086,0.12299999070819467,0.10090001160278916,True,4217.829642533986
ECC+AES-256,5000,5,3874,0.0219999928958714,0.1221999991685152,0.10000000474974513,True,4217.829642533986
ECC+AES-256,5000,5,3875,0.021800005924887955,0.12199999764561653,0.10089999705087394,True,4217.829642533986
ECC+AES-256,5000,5,3876,0.021800005924887955,0.12229999992996454,0.09980000322684646,True,4217.829642533986
ECC+AES-256,5000,5,3877,0.022199994418770075,0.12169999536126852,0.10029999248217791,True,4217.829642533986
ECC+AES-256,5000,5,3878,0.0219999928958714,0.1218999968841672,0.1100999943446368,True,4217.829642533986
ECC+AES-256,5000,5,3879,0.022199994418770075,0.12270000297576189,0.10049999400507659,True,4217.829642533986
ECC+AES-256,5000,5,3880,0.02230000973213464,0.12229999992996454,0.09989998943638057,True,4217.829642533986
ECC+AES-256,5000,5,3881,0.022199994418770075,0.12440000136848539,0.10010000551119447,True,4217.829642533986
ECC+AES-256,5000,5,3882,0.021800005924887955,0.12120000610593706,0.10029999248217791,True,4217.829642533986
ECC+AES-256,5000,5,3883,0.02169999061152339,0.12100000458303839,0.09960000170394778,True,4217.829642533986
ECC+AES-256,5000,5,3884,0.021799991372972727,0.13020000187680125,0.10010000551119447,True,4217.829642533986
ECC+AES-256,5000,5,3885,0.022199994418770075,0.12119999155402184,0.09940000018104911,True,4217.829642533986
ECC+AES-256,5000,5,3886,0.021799991372972727,0.12150000839028507,0.0990999978967011,True,4217.829642533986
ECC+AES-256,5000,5,3887,0.0219999928958714,0.1213000068673864,0.10009999095927924,True,4217.829642533986
ECC+AES-256,5000,5,3888,0.021899992134422064,0.1252999936696142,0.10000000474974513,True,4217.829642533986
ECC+AES-256,5000,5,3889,0.021900006686337292,0.12180001067463309,0.09980000322684646,True,4217.829642533986
ECC+AES-256,5000,5,3890,0.02160000440198928,0.12159999459981918,0.10849999671336263,True,4217.829642533986
ECC+AES-256,5000,5,3891,0.022299995180219412,0.1260999997612089,0.10350000229664147,True,4217.829642533986
ECC+AES-256,5000,5,3892,0.0219999928958714,0.1221999991685152,0.10040000779554248,True,4217.829642533986
ECC+AES-256,5000,5,3893,0.0219999928958714,0.12209999840706587,0.1002000062726438,True,4217.829642533986
ECC+AES-256,5000,5,3894,0.022100008209235966,0.1255999959539622,0.09970000246539712,True,4217.829642533986
ECC+AES-256,5000,5,3895,0.021900006686337292,0.12169999536126852,0.10000000474974513,True,4217.829642533986
ECC+AES-256,5000,5,3896,0.021799991372972727,0.12260000221431255,0.10029999248217791,True,4217.829642533986
ECC+AES-256,5000,5,3897,0.021700005163438618,0.12880000576842576,0.10010000551119447,True,4217.829642533986
ECC+AES-256,5000,5,3898,0.02230000973213464,0.12220001372043043,0.10059999476652592,True,4217.829642533986
ECC+AES-256,5000,5,3899,0.02200000744778663,0.12169999536126852,0.0999000039882958,True,4217.829642533986
ECC+AES-256,5000,5,3900,0.022099993657320738,0.12280000373721123,0.10049999400507659,True,4217.829642533986
ECC+AES-256,5000,5,3901,0.021899992134422064,0.1221999991685152,0.10050000855699182,True,4217.829642533986
ECC+AES-256,5000,5,3902,0.022200008970685303,0.12150000839028507,0.09980000322684646,True,4217.829642533986
ECC+AES-256,5000,5,3903,0.02160000440198928,0.12139999307692051,0.10930000280495733,True,4217.829642533986
ECC+AES-256,5000,5,3904,0.022500011255033314,0.1221999991685152,0.09910001244861633,True,4217.829642533986
ECC+AES-256,5000,5,3905,0.021800005924887955,0.12360000982880592,0.09980000322684646,True,4217.829642533986
ECC+AES-256,5000,5,3906,0.021800005924887955,0.12180001067463309,0.10069999552797526,True,4217.829642533986
ECC+AES-256,5000,5,3907,0.0219999928958714,0.12850000348407775,0.10009999095927924,True,4217.829642533986
ECC+AES-256,5000,5,3908,0.021899992134422064,0.12209999840706587,0.09960000170394778,True,4217.829642533986
ECC+AES-256,5000,5,3909,0.02160000440198928,0.12129999231547117,0.09940000018104911,True,4217.829642533986
ECC+AES-256,5000,5,3910,0.021700005163438618,0.1292000088142231,0.09919999865815043,True,4217.829642533986
ECC+AES-256,5000,5,3911,0.02200000744778663,0.12209999840706587,0.09980000322684646,True,4217.829642533986
ECC+AES-256,5000,5,3912,0.021900006686337292,0.1221999991685152,0.09970000246539712,True,4217.829642533986
ECC+AES-256,5000,5,3913,0.021800005924887955,0.12160000915173441,0.10030000703409314,True,4217.829642533986
ECC+AES-256,5000,5,3914,0.021700005163438618,0.12139999307692051,0.10040000779554248,True,4217.829642533986
ECC+AES-256,5000,5,3915,0.022299995180219412,0.12309999146964401,0.10050000855699182,True,4217.829642533986
ECC+AES-256,5000,5,3916,0.022599997464567423,0.12549999519251287,0.11010000889655203,True,4217.829642533986
ECC+AES-256,5000,5,3917,0.022100008209235966,0.12330000754445791,0.10000000474974513,True,4217.829642533986
ECC+AES-256,5000,5,3918,0.022199994418770075,0.12270000297576189,0.0999999901978299,True,4217.829642533986
ECC+AES-256,5000,5,3919,0.021899992134422064,0.12229999992996454,0.0999000039882958,True,4217.829642533986
ECC+AES-256,5000,5,3920,0.022299995180219412,0.1306000049225986,0.10029999248217791,True,4217.829642533986
ECC+AES-256,5000,5,3921,0.022199994418770075,0.12240000069141388,0.10049999400507659,True,4217.829642533986
ECC+AES-256,5000,5,3922,0.021700005163438618,0.12229999992996454,0.09960000170394778,True,4217.829642533986
ECC+AES-256,5000,5,3923,0.022200008970685303,0.12390001211315393,0.10049999400507659,True,4217.829642533986
ECC+AES-256,5000,5,3924,0.021700005163438618,0.12200001219753176,0.09969998791348189,True,4217.829642533986
ECC+AES-256,5000,5,3925,0.021900006686337292,0.12150000839028507,0.09960000170394778,True,4217.829642533986
ECC+AES-256,5000,5,3926,0.02160000440198928,0.12159999459981918,0.10030000703409314,True,4217.829642533986
ECC+AES-256,5000,5,3927,0.021900006686337292,0.12230001448187977,0.10029999248217791,True,4217.829642533986
ECC+AES-256,5000,5,3928,0.021700005163438618,0.12209999840706587,0.09980000322684646,True,4217.829642533986
ECC+AES-256,5000,5,3929,0.021899992134422064,0.1303000026382506,0.1002000062726438,True,4217.829642533986
ECC+AES-256,5000,5,3930,0.021899992134422064,0.12159999459981918,0.09929999941959977,True,4217.829642533986
ECC+AES-256,5000,5,3931,0.021799991372972727,0.12120000610593706,0.09940000018104911,True,4217.829642533986
ECC+AES-256,5000,5,3932,0.021799991372972727,0.1221999991685152,0.10070001007989049,True,4217.829642533986
ECC+AES-256,5000,5,3933,0.022099993657320738,0.1289999927394092,0.09969998791348189,True,4217.829642533986
ECC+AES-256,5000,5,3934,0.02160000440198928,0.1218999968841672,0.10000000474974513,True,4217.829642533986
ECC+AES-256,5000,5,3935,0.021700005163438618,0.12080000306013972,0.10509999992791563,True,4217.829642533986
ECC+AES-256,5000,5,3936,0.02239999594166875,0.12280000373721123,0.09960000170394778,True,4217.829642533986
ECC+AES-256,5000,5,3937,0.022100008209235966,0.1218999968841672,0.10069999552797526,True,4217.829642533986
ECC+AES-256,5000,5,3938,0.021900006686337292,0.12209999840706587,0.10069999552797526,True,4217.829642533986
ECC+AES-256,5000,5,3939,0.021700005163438618,0.12199999764561653,0.10069999552797526,True,4217.829642533986
ECC+AES-256,5000,5,3940,0.021799991372972727,0.12240000069141388,0.10050000855699182,True,4217.829642533986
ECC+AES-256,5000,5,3941,0.022199994418770075,0.1294999965466559,0.10240000847261399,True,4217.829642533986
ECC+AES-256,5000,5,3942,0.022099993657320738,0.12250000145286322,0.09970000246539712,True,4217.829642533986
ECC+AES-256,5000,5,3943,0.0219999928958714,0.12090000382158905,0.0985000078799203,True,4217.829642533986
ECC+AES-256,5000,5,3944,0.022100008209235966,0.1221999991685152,0.10009999095927924,True,4217.829642533986
ECC+AES-256,5000,5,3945,0.021800005924887955,0.12179999612271786,0.10030000703409314,True,4217.829642533986
ECC+AES-256,5000,5,3946,0.021900006686337292,0.1286000042455271,0.09940000018104911,True,4217.829642533986
ECC+AES-256,5000,5,3947,0.02200000744778663,0.1213000068673864,0.10019999172072858,True,4217.829642533986
ECC+AES-256,5000,5,3948,0.022599997464567423,0.12419999984558672,0.10109999857377261,True,4217.829642533986
ECC+AES-256,5000,5,3949,0.021900006686337292,0.12209999840706587,0.10069999552797526,True,4217.829642533986
ECC+AES-256,5000,5,3950,0.021899992134422064,0.12620000052265823,0.10000000474974513,True,4217.829642533986
ECC+AES-256,5000,5,3951,0.02160000440198928,0.12169999536126852,0.0999000039882958,True,4217.829642533986
ECC+AES-256,5000,5,3952,0.021800005924887955,0.1297999988310039,0.10049999400507659,True,4217.829642533986
ECC+AES-256,5000,5,3953,0.02169999061152339,0.12179999612271786,0.09919999865815043,True,4217.829642533986
ECC+AES-256,5000,5,3954,0.021799991372972727,0.13020000187680125,0.10059999476652592,True,4217.829642533986
ECC+AES-256,5000,5,3955,0.022299995180219412,0.12280000373721123,0.0990999978967011,True,4217.829642533986
ECC+AES-256,5000,5,3956,0.02169999061152339,0.12229999992996454,0.09960000170394778,True,4217.829642533986
ECC+AES-256,5000,5,3957,0.02169999061152339,0.12260000221431255,0.1007999962894246,True,4217.829642533986
ECC+AES-256,5000,5,3958,0.021700005163438618,0.12170000991318375,0.10019999172072858,True,4217.829642533986
ECC+AES-256,5000,5,3959,0.021900006686337292,0.1297999988310039,0.10030000703409314,True,4217.829642533986
ECC+AES-256,5000,5,3960,0.021700005163438618,0.1210999907925725,0.10879999899771065,True,4217.829642533986
ECC+AES-256,5000,5,3961,0.022099993657320738,0.1218999968841672,0.09970000246539712,True,4217.829642533986
ECC+AES-256,5000,5,3962,0.022099993657320738,0.12270000297576189,0.10029999248217791,True,4217.829642533986
ECC+AES-256,5000,5,3963,0.021899992134422064,0.12329999299254268,0.10019999172072858,True,4217.829642533986
ECC+AES-256,5000,5,3964,0.021899992134422064,0.12150000839028507,0.0999000039882958,True,4217.829642533986
ECC+AES-256,5000,5,3965,0.0219999928958714,0.12229999992996454,0.10000000474974513,True,4217.829642533986
ECC+AES-256,5000,5,3966,0.021900006686337292,0.12229999992996454,0.10009999095927924,True,4217.829642533986
ECC+AES-256,5000,5,3967,0.022199994418770075,0.13070000568404794,0.10150000161956996,True,4217.829642533986
ECC+AES-256,5000,5,3968,0.022299995180219412,0.3539000026648864,0.12469998910091817,True,4217.829642533986
ECC+AES-256,5000,5,3969,0.03239999932702631,0.14790000568609685,0.1109000004362315,True,4217.829642533986
ECC+AES-256,5000,5,3970,0.023599990527145565,0.12599999899975955,0.10219999239780009,True,4217.829642533986
ECC+AES-256,5000,5,3971,0.022299995180219412,0.12319999223109335,0.10060000931844115,True,4217.829642533986
ECC+AES-256,5000,5,3972,0.022099993657320738,0.12209999840706587,0.1002000062726438,True,4217.829642533986
ECC+AES-256,5000,5,3973,0.022100008209235966,0.13559999933931977,0.10200000542681664,True,4217.829642533986
ECC+AES-256,5000,5,3974,0.022799998987466097,0.1235999952768907,0.10090001160278916,True,4217.829642533986
ECC+AES-256,5000,5,3975,0.0219999928958714,0.1230000052601099,0.10019999172072858,True,4217.829642533986
ECC+AES-256,5000,5,3976,0.0219999928958714,0.12409999908413738,0.1007999962894246,True,4217.829642533986
ECC+AES-256,5000,5,3977,0.022099993657320738,0.12260000221431255,0.10119999933522195,True,4217.829642533986
ECC+AES-256,5000,5,3978,0.021900006686337292,0.12289998994674534,0.0999000039882958,True,4217.829642533986
ECC+AES-256,5000,5,3979,0.02300000051036477,0.12399999832268804,0.11039999662898481,True,4217.829642533986
ECC+AES-256,5000,5,3980,0.022499996703118086,0.12240000069141388,0.1002000062726438,True,4217.829642533986
ECC+AES-256,5000,5,3981,0.022099993657320738,0.1213000068673864,0.09919999865815043,True,4217.829642533986
ECC+AES-256,5000,5,3982,0.0219999928958714,0.12160000915173441,0.10019999172072858,True,4217.829642533986
ECC+AES-256,5000,5,3983,0.022100008209235966,0.12209999840706587,0.10059999476652592,True,4217.829642533986
ECC+AES-256,5000,5,3984,0.0219999928958714,0.12549999519251287,0.10150000161956996,True,4217.829642533986
ECC+AES-256,5000,5,3985,0.0219999928958714,0.12179999612271786,0.10030000703409314,True,4217.829642533986
ECC+AES-256,5000,5,3986,0.027699992642737925,0.12379999679978937,0.10050000855699182,True,4217.829642533986
ECC+AES-256,5000,5,3987,0.022099993657320738,0.12270000297576189,0.10049999400507659,True,4217.829642533986
ECC+AES-256,5000,5,3988,0.021899992134422064,0.12179999612271786,0.10040000779554248,True,4217.829642533986
ECC+AES-256,5000,5,3989,0.0219999928958714,0.12320000678300858,0.0999999901978299,True,4217.829642533986
ECC+AES-256,5000,5,3990,0.021900006686337292,0.12249998690094799,0.10049999400507659,True,4217.829642533986
ECC+AES-256,5000,5,3991,0.0219999928958714,0.12250000145286322,0.09970000246539712,True,4217.829642533986
ECC+AES-256,5000,5,3992,0.02260001201648265,0.12969999806955457,0.10400000610388815,True,4217.829642533986
ECC+AES-256,5000,5,3993,0.022099993657320738,0.1230000052601099,0.10059999476652592,True,4217.829642533986
ECC+AES-256,5000,5,3994,0.022200008970685303,0.12759999663103372,0.10059999476652592,True,4217.829642533986
ECC+AES-256,5000,5,3995,0.022100008209235966,0.12209999840706587,0.09940000018104911,True,4217.829642533986
ECC+AES-256,5000,5,3996,0.021899992134422064,0.12159999459981918,0.09919999865815043,True,4217.829642533986
ECC+AES-256,5000,5,3997,0.021899992134422064,0.1218999968841672,0.09970000246539712,True,4217.829642533986
ECC+AES-256,5000,5,3998,0.022199994418770075,0.12159999459981918,0.09950000094249845,True,4217.829642533986
ECC+AES-256,5000,5,3999,0.022799998987466097,0.12399999832268804,0.10059999476652592,True,4217.829642533986
ECC+AES-256,5000,5,4000,0.022100008209235966,0.122799989185296,0.10030000703409314,True,4217.829642533986
ECC+AES-256,5000,5,4001,0.021899992134422064,0.12199999764561653,0.0999000039882958,True,4217.829642533986
ECC+AES-256,5000,5,4002,0.021800005924887955,0.12200001219753176,0.09980000322684646,True,4217.829642533986
ECC+AES-256,5000,5,4003,0.02200000744778663,0.1218999968841672,0.09950000094249845,True,4217.829642533986
ECC+AES-256,5000,5,4004,0.021800005924887955,0.12209999840706587,0.0999000039882958,True,4217.829642533986
ECC+AES-256,5000,5,4005,0.021800005924887955,0.1323000033153221,0.10089999705087394,True,4217.829642533986
ECC+AES-256,5000,5,4006,0.022500011255033314,0.12330000754445791,0.09970000246539712,True,4217.829642533986
ECC+AES-256,5000,5,4007,0.022299995180219412,0.13100000796839595,0.10099999781232327,True,4217.829642533986
ECC+AES-256,5000,5,4008,0.0219999928958714,0.12330000754445791,0.09970000246539712,True,4217.829642533986
ECC+AES-256,5000,5,4009,0.021899992134422064,0.12209999840706587,0.09980000322684646,True,4217.829642533986
ECC+AES-256,5000,5,4010,0.021900006686337292,0.12150000839028507,0.09980000322684646,True,4217.829642533986
ECC+AES-256,5000,5,4011,0.022099993657320738,0.12229999992996454,0.10970000585075468,True,4217.829642533986
ECC+AES-256,5000,5,4012,0.022099993657320738,0.12229999992996454,0.09980000322684646,True,4217.829642533986
ECC+AES-256,5000,5,4013,0.021800005924887955,0.1213000068673864,0.09950000094249845,True,4217.829642533986
ECC+AES-256,5000,5,4014,0.02200000744778663,0.1218999968841672,0.09960000170394778,True,4217.829642533986
ECC+AES-256,5000,5,4015,0.021900006686337292,0.12229999992996454,0.09979998867493123,True,4217.829642533986
ECC+AES-256,5000,5,4016,0.022500011255033314,0.12320000678300858,0.10029999248217791,True,4217.829642533986
ECC+AES-256,5000,5,4017,0.021900006686337292,0.12229999992996454,0.09979998867493123,True,4217.829642533986
ECC+AES-256,5000,5,4018,0.02200000744778663,0.1294999965466559,0.10019999172072858,True,4217.829642533986
ECC+AES-256,5000,5,4019,0.022299995180219412,0.1230000052601099,0.10130000009667128,True,4217.829642533986
ECC+AES-256,5000,5,4020,0.022500011255033314,0.1328000071225688,0.10030000703409314,True,4217.829642533986
ECC+AES-256,5000,5,4021,0.02200000744778663,0.12209999840706587,0.10000000474974513,True,4217.829642533986
ECC+AES-256,5000,5,4022,0.021800005924887955,0.12229999992996454,0.10010000551119447,True,4217.829642533986
ECC+AES-256,5000,5,4023,0.022100008209235966,0.12150000839028507,0.09950000094249845,True,4217.829642533986
ECC+AES-256,5000,5,4024,0.021900006686337292,0.12169999536126852,0.10869999823626131,True,4217.829642533986
ECC+AES-256,5000,5,4025,0.02200000744778663,0.1221999991685152,0.10110001312568784,True,4217.829642533986
ECC+AES-256,5000,5,4026,0.021899992134422064,0.12250000145286322,0.10039999324362725,True,4217.829642533986
ECC+AES-256,5000,5,4027,0.022100008209235966,0.12160000915173441,0.10009999095927924,True,4217.829642533986
ECC+AES-256,5000,5,4028,0.021900006686337292,0.12180001067463309,0.1007999962894246,True,4217.829642533986
ECC+AES-256,5000,5,4029,0.0219999928958714,0.12260000221431255,0.10009999095927924,True,4217.829642533986
ECC+AES-256,5000,5,4030,0.02160000440198928,0.12280000373721123,0.10040000779554248,True,4217.829642533986
ECC+AES-256,5000,5,4031,0.02749999111983925,0.12339999375399202,0.09969998791348189,True,4217.829642533986
ECC+AES-256,5000,5,4032,0.022099993657320738,0.12229999992996454,0.09929999941959977,True,4217.829642533986
ECC+AES-256,5000,5,4033,0.02200000744778663,0.13220000255387276,0.09979998867493123,True,4217.829642533986
ECC+AES-256,5000,5,4034,0.021799991372972727,0.1218999968841672,0.09980000322684646,True,4217.829642533986
ECC+AES-256,5000,5,4035,0.021900006686337292,0.12310000602155924,0.09970000246539712,True,4217.829642533986
ECC+AES-256,5000,5,4036,0.021899992134422064,0.12169999536126852,0.09980000322684646,True,4217.829642533986
ECC+AES-256,5000,5,4037,0.021700005163438618,0.12209999840706587,0.10459999612066895,True,4217.829642533986
ECC+AES-256,5000,5,4038,0.0219999928958714,0.12240000069141388,0.09980000322684646,True,4217.829642533986
ECC+AES-256,5000,5,4039,0.021800005924887955,0.12179999612271786,0.09980000322684646,True,4217.829642533986
ECC+AES-256,5000,5,4040,0.021799991372972727,0.12169999536126852,0.0990999978967011,True,4217.829642533986
ECC+AES-256,5000,5,4041,0.02200000744778663,0.12220001372043043,0.0999999901978299,True,4217.829642533986
ECC+AES-256,5000,5,4042,0.021900006686337292,0.1221999991685152,0.09969998791348189,True,4217.829642533986
ECC+AES-256,5000,5,4043,0.022500011255033314,0.12290000449866056,0.10000000474974513,True,4217.829642533986
ECC+AES-256,5000,5,4044,0.022500011255033314,0.12409999908413738,0.10209999163635075,True,4217.829642533986
ECC+AES-256,5000,5,4045,0.021899992134422064,0.1218999968841672,0.09980000322684646,True,4217.829642533986
ECC+AES-256,5000,5,4046,0.0219999928958714,0.13210000179242343,0.10389999079052359,True,4217.829642533986
ECC+AES-256,5000,5,4047,0.021899992134422064,0.1230000052601099,0.10019999172072858,True,4217.829642533986
ECC+AES-256,5000,5,4048,0.022499996703118086,0.1235999952768907,0.10030000703409314,True,4217.829642533986
ECC+AES-256,5000,5,4049,0.021900006686337292,0.12290000449866056,0.10060000931844115,True,4217.829642533986
ECC+AES-256,5000,5,4050,0.021700005163438618,0.13220000255387276,0.10130000009667128,True,4217.829642533986
ECC+AES-256,5000,5,4051,0.022400010493583977,0.16030001279432327,0.1019000046653673,True,4217.829642533986
ECC+AES-256,5000,5,4052,0.022799998987466097,0.12270000297576189,0.0999000039882958,True,4217.829642533986
ECC+AES-256,5000,5,4053,0.0219999928958714,0.12310000602155924,0.10039999324362725,True,4217.829642533986
ECC+AES-256,5000,5,4054,0.0219999928958714,0.12290000449866056,0.10039999324362725,True,4217.829642533986
ECC+AES-256,5000,5,4055,0.0219999928958714,0.12199999764561653,0.0999000039882958,True,4217.829642533986
ECC+AES-256,5000,5,4056,0.021800005924887955,0.12229999992996454,0.1103000104194507,True,4217.829642533986
ECC+AES-256,5000,5,4057,0.02230000973213464,0.12199999764561653,0.09929999941959977,True,4217.829642533986
ECC+AES-256,5000,5,4058,0.022100008209235966,0.12240000069141388,0.10030000703409314,True,4217.829642533986
ECC+AES-256,5000,5,4059,0.022199994418770075,0.12139999307692051,0.1002000062726438,True,4217.829642533986
ECC+AES-256,5000,5,4060,0.021800005924887955,0.12090000382158905,0.09970000246539712,True,4217.829642533986
ECC+AES-256,5000,5,4061,0.021799991372972727,0.12159999459981918,0.10039999324362725,True,4217.829642533986
ECC+AES-256,5000,5,4062,0.021799991372972727,0.12240000069141388,0.10000000474974513,True,4217.829642533986
ECC+AES-256,5000,5,4063,0.02750000567175448,0.12319999223109335,0.09900001168716699,True,4217.829642533986
ECC+AES-256,5000,5,4064,0.02200000744778663,0.12270000297576189,0.09950000094249845,True,4217.829642533986
ECC+AES-256,5000,5,4065,0.022100008209235966,0.12290000449866056,0.10089999705087394,True,4217.829642533986
ECC+AES-256,5000,5,4066,0.021800005924887955,0.12240000069141388,0.10060000931844115,True,4217.829642533986
ECC+AES-256,5000,5,4067,0.021800005924887955,0.12319999223109335,0.10059999476652592,True,4217.829642533986
ECC+AES-256,5000,5,4068,0.021800005924887955,0.12240000069141388,0.10030000703409314,True,4217.829642533986
ECC+AES-256,5000,5,4069,0.022099993657320738,0.12209999840706587,0.10960000508930534,True,4217.829642533986
ECC+AES-256,5000,5,4070,0.03960001049563289,0.16599999798927456,0.11749999248422682,True,4217.829642533986
ECC+AES-256,5000,5,4071,0.025300003471784294,0.13259999104775488,0.10479999764356762,True,4217.829642533986
ECC+AES-256,5000,5,4072,0.022299995180219412,0.12430000060703605,0.10119999933522195,True,4217.829642533986
ECC+AES-256,5000,5,4073,0.0219999928958714,0.12290000449866056,0.10010000551119447,True,4217.829642533986
ECC+AES-256,5000,5,4074,0.022299995180219412,0.12409999908413738,0.11399999493733048,True,4217.829642533986
ECC+AES-256,5000,5,4075,0.02230000973213464,0.12299999070819467,0.10069999552797526,True,4217.829642533986
ECC+AES-256,5000,5,4076,0.0219999928958714,0.12270000297576189,0.10069999552797526,True,4217.829642533986
ECC+AES-256,5000,5,4077,0.021899992134422064,0.12270000297576189,0.10010000551119447,True,4217.829642533986
ECC+AES-256,5000,5,4078,0.021700005163438618,0.12310000602155924,0.10030000703409314,True,4217.829642533986
ECC+AES-256,5000,5,4079,0.022099993657320738,0.1235999952768907,0.10099999781232327,True,4217.829642533986
ECC+AES-256,5000,5,4080,0.02239999594166875,0.12299999070819467,0.09959998715203255,True,4217.829642533986
ECC+AES-256,5000,5,4081,0.021800005924887955,0.1309000072069466,0.10050000855699182,True,4217.829642533986
ECC+AES-256,5000,5,4082,0.021800005924887955,0.12280000373721123,0.10029999248217791,True,4217.829642533986
ECC+AES-256,5000,5,4083,0.02169999061152339,0.12229999992996454,0.10040000779554248,True,4217.829642533986
ECC+AES-256,5000,5,4084,0.022200008970685303,0.1281000004382804,0.10199999087490141,True,4217.829642533986
ECC+AES-256,5000,5,4085,0.02200000744778663,0.12350000906735659,0.10049999400507659,True,4217.829642533986
ECC+AES-256,5000,5,4086,0.0219999928958714,0.12129999231547117,0.09950000094249845,True,4217.829642533986
ECC+AES-256,5000,5,4087,0.02200000744778663,0.12199999764561653,0.109500004327856,True,4217.829642533986
ECC+AES-256,5000,5,4088,0.021900006686337292,0.12240000069141388,0.0990999978967011,True,4217.829642533986
ECC+AES-256,5000,5,4089,0.021599989850074053,0.12229999992996454,0.09970000246539712,True,4217.829642533986
ECC+AES-256,5000,5,4090,0.021900006686337292,0.12440000136848539,0.10080001084133983,True,4217.829642533986
ECC+AES-256,5000,5,4091,0.021800005924887955,0.12250000145286322,0.10089999705087394,True,4217.829642533986
ECC+AES-256,5000,5,4092,0.0219999928958714,0.12290000449866056,0.09960000170394778,True,4217.829642533986
ECC+AES-256,5000,5,4093,0.021700005163438618,0.12250000145286322,0.10059999476652592,True,4217.829642533986
ECC+AES-256,5000,5,4094,0.022100008209235966,0.12229999992996454,0.10019999172072858,True,4217.829642533986
ECC+AES-256,5000,5,4095,0.021599989850074053,0.12209999840706587,0.1002000062726438,True,4217.829642533986
ECC+AES-256,5000,5,4096,0.021800005924887955,0.12270000297576189,0.10069999552797526,True,4217.829642533986
ECC+AES-256,5000,5,4097,0.0219999928958714,0.12879999121651053,0.09980000322684646,True,4217.829642533986
ECC+AES-256,5000,5,4098,0.021799991372972727,0.12280000373721123,0.09960000170394778,True,4217.829642533986
ECC+AES-256,5000,5,4099,0.021700005163438618,0.12229999992996454,0.09970000246539712,True,4217.829642533986
ECC+AES-256,5000,5,4100,0.02160000440198928,0.12870000500697643,0.10110001312568784,True,4217.829642533986
ECC+AES-256,5000,5,4101,0.022100008209235966,0.12199999764561653,0.09970000246539712,True,4217.829642533986
ECC+AES-256,5000,5,4102,0.021899992134422064,0.1213000068673864,0.10010000551119447,True,4217.829642533986
ECC+AES-256,5000,5,4103,0.021400002879090607,0.12170000991318375,0.10029999248217791,True,4217.829642533986
ECC+AES-256,5000,5,4104,0.02160000440198928,0.12209999840706587,0.09980000322684646,True,4217.829642533986
ECC+AES-256,5000,5,4105,0.021499989088624716,0.1218999968841672,0.10040000779554248,True,4217.829642533986
ECC+AES-256,5000,5,4106,0.0219999928958714,0.12340000830590725,0.10059999476652592,True,4217.829642533986
ECC+AES-256,5000,5,4107,0.02200000744778663,0.12329999299254268,0.1007999962894246,True,4217.829642533986
ECC+AES-256,5000,5,4108,0.021800005924887955,0.12209999840706587,0.09959998715203255,True,4217.829642533986
ECC+AES-256,5000,5,4109,0.021800005924887955,0.12229999992996454,0.09980000322684646,True,4217.829642533986
ECC+AES-256,5000,5,4110,0.022099993657320738,0.13070000568404794,0.10059999476652592,True,4217.829642533986
ECC+AES-256,5000,5,4111,0.02139998832717538,0.12270000297576189,0.10040000779554248,True,4217.829642533986
ECC+AES-256,5000,5,4112,0.02200000744778663,0.12260000221431255,0.10069999552797526,True,4217.829642533986
ECC+AES-256,5000,5,4113,0.022100008209235966,0.13079999189358205,0.10069999552797526,True,4217.829642533986
ECC+AES-256,5000,5,4114,0.022199994418770075,0.1235999952768907,0.10130000009667128,True,4217.829642533986
ECC+AES-256,5000,5,4115,0.021899992134422064,0.1230000052601099,0.09989998943638057,True,4217.829642533986
ECC+AES-256,5000,5,4116,0.022200008970685303,0.12379999679978937,0.10119999933522195,True,4217.829642533986
ECC+AES-256,5000,5,4117,0.021899992134422064,0.12270000297576189,0.1007999962894246,True,4217.829642533986
ECC+AES-256,5000,5,4118,0.021800005924887955,0.12209999840706587,0.09929999941959977,True,4217.829642533986
ECC+AES-256,5000,5,4119,0.022100008209235966,0.12229999992996454,0.11049999739043415,True,4217.829642533986
ECC+AES-256,5000,5,4120,0.04739999712910503,0.17830000433605164,0.1162000116892159,True,4217.829642533986
ECC+AES-256,5000,5,4121,0.25260000256821513,0.2344999957131222,0.11500000255182385,True,4217.829642533986
ECC+AES-256,5000,5,4122,0.02750000567175448,0.13530001160688698,0.10490001295693219,True,4217.829642533986
ECC+AES-256,5000,5,4123,0.02339998900424689,0.12700000661425292,0.10289999772794545,True,4217.829642533986
ECC+AES-256,5000,5,4124,0.02269999822601676,0.12369999603834003,0.10119999933522195,True,4217.829642533986
ECC+AES-256,5000,5,4125,0.022100008209235966,0.1351000100839883,0.10189999011345208,True,4217.829642533986
ECC+AES-256,5000,5,4126,0.022799998987466097,0.1238999975612387,0.10099999781232327,True,4217.829642533986
ECC+AES-256,5000,5,4127,0.02239999594166875,0.12250000145286322,0.10130000009667128,True,4217.829642533986
ECC+AES-256,5000,5,4128,0.0219999928958714,0.12480000441428274,0.10069999552797526,True,4217.829642533986
ECC+AES-256,5000,5,4129,0.022100008209235966,0.12310000602155924,0.1019000046653673,True,4217.829642533986
ECC+AES-256,5000,5,4130,0.022299995180219412,0.12419999984558672,0.10029999248217791,True,4217.829642533986
ECC+AES-256,5000,5,4131,0.021900006686337292,0.1230000052601099,0.11069999891333282,True,4217.829642533986
ECC+AES-256,5000,5,4132,0.02269999822601676,0.12260000221431255,0.10039999324362725,True,4217.829642533986
ECC+AES-256,5000,5,4133,0.02239999594166875,0.12259998766239733,0.1002000062726438,True,4217.829642533986
ECC+AES-256,5000,5,4134,0.02200000744778663,0.12270000297576189,0.10070001007989049,True,4217.829642533986
ECC+AES-256,5000,5,4135,0.022299995180219412,0.12339999375399202,0.10050000855699182,True,4217.829642533986
ECC+AES-256,5000,5,4136,0.0219999928958714,0.12280000373721123,0.1002000062726438,True,4217.829642533986
ECC+AES-256,5000,5,4137,0.022299995180219412,0.12320000678300858,0.09989998943638057,True,4217.829642533986
ECC+AES-256,5000,5,4138,0.023199987481348217,0.12440000136848539,0.10060000931844115,True,4217.829642533986
ECC+AES-256,5000,5,4139,0.022099993657320738,0.12399999832268804,0.10089999705087394,True,4217.829642533986
ECC+AES-256,5000,5,4140,0.0219999928958714,0.12250000145286322,0.10039999324362725,True,4217.829642533986
ECC+AES-256,5000,5,4141,0.0219999928958714,0.12270000297576189,0.10119999933522195,True,4217.829642533986
ECC+AES-256,5000,5,4142,0.022499996703118086,0.1235999952768907,0.10030000703409314,True,4217.829642533986
ECC+AES-256,5000,5,4143,0.021899992134422064,0.1255999959539622,0.09979998867493123,True,4217.829642533986
ECC+AES-256,5000,5,4144,0.0219999928958714,0.13099999341648072,0.10050000855699182,True,4217.829642533986
ECC+AES-256,5000,5,4145,0.022499996703118086,0.12339999375399202,0.09970000246539712,True,4217.829642533986
ECC+AES-256,5000,5,4146,0.022299995180219412,0.1331999956164509,0.10720000136643648,True,4217.829642533986
ECC+AES-256,5000,5,4147,0.021900006686337292,0.12269998842384666,0.09960000170394778,True,4217.829642533986
ECC+AES-256,5000,5,4148,0.021799991372972727,0.12169999536126852,0.09919999865815043,True,4217.829642533986
ECC+AES-256,5000,5,4149,0.021899992134422064,0.12260000221431255,0.09980000322684646,True,4217.829642533986
ECC+AES-256,5000,5,4150,0.022100008209235966,0.1221999991685152,0.11140000424347818,True,4217.829642533986
ECC+AES-256,5000,5,4151,0.022500011255033314,0.12360000982880592,0.10059999476652592,True,4217.829642533986
ECC+AES-256,5000,5,4152,0.02200000744778663,0.12329999299254268,0.0999000039882958,True,4217.829642533986
ECC+AES-256,5000,5,4153,0.021800005924887955,0.12229999992996454,0.1007999962894246,True,4217.829642533986
ECC+AES-256,5000,5,4154,0.02169999061152339,0.12160000915173441,0.09940000018104911,True,4217.829642533986
ECC+AES-256,5000,5,4155,0.022100008209235966,0.1221000129589811,0.10029999248217791,True,4217.829642533986
ECC+AES-256,5000,5,4156,0.021799991372972727,0.12320000678300858,0.09960000170394778,True,4217.829642533986
ECC+AES-256,5000,5,4157,0.021900006686337292,0.12939999578520656,0.09980000322684646,True,4217.829642533986
ECC+AES-256,5000,5,4158,0.032500000088475645,0.14960000407882035,0.10750000365078449,True,4217.829642533986
ECC+AES-256,5000,5,4159,0.023600005079060793,0.126499988255091,0.10240000847261399,True,4217.829642533986
ECC+AES-256,5000,5,4160,0.022099993657320738,0.12450000212993473,0.10200000542681664,True,4217.829642533986
ECC+AES-256,5000,5,4161,0.022199994418770075,0.12379999679978937,0.10050000855699182,True,4217.829642533986
ECC+AES-256,5000,5,4162,0.022599997464567423,0.12369999603834003,0.10099999781232327,True,4217.829642533986
ECC+AES-256,5000,5,4163,0.023200002033263445,0.12570001126732677,0.10089999705087394,True,4217.829642533986
ECC+AES-256,5000,5,4164,0.022400010493583977,0.12360000982880592,0.1007999962894246,True,4217.829642533986
ECC+AES-256,5000,5,4165,0.022200008970685303,0.12330000754445791,0.1002000062726438,True,4217.829642533986
ECC+AES-256,5000,5,4166,0.03949999518226832,0.1655999949434772,0.11360000644344836,True,4217.829642533986
ECC+AES-256,5000,5,4167,0.02510000194888562,0.1311999949393794,0.10439999459777027,True,4217.829642533986
ECC+AES-256,5000,5,4168,0.02269999822601676,0.12569999671541154,0.10250000923406333,True,4217.829642533986
ECC+AES-256,5000,5,4169,0.022199994418770075,0.1252999936696142,0.10200000542681664,True,4217.829642533986
ECC+AES-256,5000,5,4170,0.02269999822601676,0.12549999519251287,0.10150000161956996,True,4217.829642533986
ECC+AES-256,5000,5,4171,0.022899999748915434,0.12480000441428274,0.10080001084133983,True,4217.829642533986
ECC+AES-256,5000,5,4172,0.02230000973213464,0.12330000754445791,0.10109999857377261,True,4217.829642533986
ECC+AES-256,5000,5,4173,0.022299995180219412,0.12419999984558672,0.10109999857377261,True,4217.829642533986
ECC+AES-256,5000,5,4174,0.022200008970685303,0.12310000602155924,0.10099999781232327,True,4217.829642533986
ECC+AES-256,5000,5,4175,0.022100008209235966,0.13719999697059393,0.10749998909886926,True,4217.829642533986
ECC+AES-256,5000,5,4176,0.02230000973213464,0.12140000762883574,0.10029999248217791,True,4217.829642533986
ECC+AES-256,5000,5,4177,0.0219999928958714,0.1306000049225986,0.0999999901978299,True,4217.829642533986
ECC+AES-256,5000,5,4178,0.02269999822601676,0.12349999451544136,0.09979998867493123,True,4217.829642533986
ECC+AES-256,5000,5,4179,0.022099993657320738,0.12310000602155924,0.10059999476652592,True,4217.829642533986
ECC+AES-256,5000,5,4180,0.021900006686337292,0.12280000373721123,0.1007999962894246,True,4217.829642533986
ECC+AES-256,5000,5,4181,0.022099993657320738,0.1235999952768907,0.10040000779554248,True,4217.829642533986
ECC+AES-256,5000,5,4182,0.022100008209235966,0.12339999375399202,0.10099999781232327,True,4217.829642533986
ECC+AES-256,5000,5,4183,0.0219999928958714,0.12290000449866056,0.1117999927373603,True,4217.829642533986
ECC+AES-256,5000,5,4184,0.02260001201648265,0.1247000036528334,0.10099999781232327,True,4217.829642533986
ECC+AES-256,5000,5,4185,0.022599997464567423,0.12310000602155924,0.10059999476652592,True,4217.829642533986
ECC+AES-256,5000,5,4186,0.022100008209235966,0.12259998766239733,0.10040000779554248,True,4217.829642533986
ECC+AES-256,5000,5,4187,0.0219999928958714,0.12310000602155924,0.1007999962894246,True,4217.829642533986
ECC+AES-256,5000,5,4188,0.02230000973213464,0.13300000864546746,0.10439999459777027,True,4217.829642533986
ECC+AES-256,5000,5,4189,0.022199994418770075,0.1218999968841672,0.10029999248217791,True,4217.829642533986
ECC+AES-256,5000,5,4190,0.022899999748915434,0.12450000212993473,0.10060000931844115,True,4217.829642533986
ECC+AES-256,5000,5,4191,0.0219999928958714,0.12369999603834003,0.10069999552797526,True,4217.829642533986
ECC+AES-256,5000,5,4192,0.022099993657320738,0.12319999223109335,0.1016000023810193,True,4217.829642533986
ECC+AES-256,5000,5,4193,0.022099993657320738,0.12260000221431255,0.10029999248217791,True,4217.829642533986
ECC+AES-256,5000,5,4194,0.0219999928958714,0.12310000602155924,0.1007999962894246,True,4217.829642533986
ECC+AES-256,5000,5,4195,0.02230000973213464,0.12330000754445791,0.10059999476652592,True,4217.829642533986
ECC+AES-256,5000,5,4196,0.02200000744778663,0.13079999189358205,0.10140000085812062,True,4217.829642533986
ECC+AES-256,5000,5,4197,0.022499996703118086,0.12379999679978937,0.10069999552797526,True,4217.829642533986
ECC+AES-256,5000,5,4198,0.0219999928958714,0.1230000052601099,0.10010000551119447,True,4217.829642533986
ECC+AES-256,5000,5,4199,0.02239999594166875,0.12319999223109335,0.10040000779554248,True,4217.829642533986
ECC+AES-256,5000,5,4200,0.021900006686337292,0.12290000449866056,0.10050000855699182,True,4217.829642533986
ECC+AES-256,5000,5,4201,0.022299995180219412,0.1348000077996403,0.10019999172072858,True,4217.829642533986
ECC+AES-256,5000,5,4202,0.022099993657320738,0.12179999612271786,0.11020000965800136,True,4217.829642533986
ECC+AES-256,5000,5,4203,0.022500011255033314,0.12229999992996454,0.0999999901978299,True,4217.829642533986
ECC+AES-256,5000,5,4204,0.022200008970685303,0.12280000373721123,0.10109999857377261,True,4217.829642533986
ECC+AES-256,5000,5,4205,0.022100008209235966,0.12310000602155924,0.10059999476652592,True,4217.829642533986
ECC+AES-256,5000,5,4206,0.02300000051036477,0.1252000074600801,0.10130000009667128,True,4217.829642533986
ECC+AES-256,5000,5,4207,0.022899999748915434,0.12579999747686088,0.09960000170394778,True,4217.829642533986
ECC+AES-256,5000,5,4208,0.022200008970685303,0.12269998842384666,0.2970000059576705,True,4217.829642533986
ECC+AES-256,5000,5,4209,0.030499999411404133,0.14060000830795616,0.10579999070614576,True,4217.829642533986
ECC+AES-256,5000,5,4210,0.023100001271814108,0.12430000060703605,0.10150000161956996,True,4217.829642533986
ECC+AES-256,5000,5,4211,0.02239999594166875,0.13359999866224825,0.10359998850617558,True,4217.829642533986
ECC+AES-256,5000,5,4212,0.02300000051036477,0.12479998986236751,0.10130000009667128,True,4217.829642533986
ECC+AES-256,5000,5,4213,0.022200008970685303,0.13520001084543765,0.10049999400507659,True,4217.829642533986
ECC+AES-256,5000,5,4214,0.02239999594166875,0.12430000060703605,0.3485000052023679,True,4217.829642533986
ECC+AES-256,5000,5,4215,0.2564000023994595,0.2158999996026978,0.11919999087695032,True,4217.829642533986
ECC+AES-256,5000,5,4216,0.03460000152699649,0.1396999869029969,0.10590000601951033,True,4217.829642533986
ECC+AES-256,5000,5,4217,0.023200002033263445,0.12739999510813504,0.10320000001229346,True,4217.829642533986
ECC+AES-256,5000,5,4218,0.023200002033263445,0.1260999997612089,0.10229999315924942,True,4217.829642533986
ECC+AES-256,5000,5,4219,0.022599997464567423,0.12480000441428274,0.10150000161956996,True,4217.829642533986
ECC+AES-256,5000,5,4220,0.02239999594166875,0.12479998986236751,0.10220000694971532,True,4217.829642533986
ECC+AES-256,5000,5,4221,0.02239999594166875,0.12339999375399202,0.10109999857377261,True,4217.829642533986
ECC+AES-256,5000,5,4222,0.022100008209235966,0.12409999908413738,0.10119999933522195,True,4217.829642533986
ECC+AES-256,5000,5,4223,0.022200008970685303,0.12310000602155924,0.10049999400507659,True,4217.829642533986
ECC+AES-256,5000,5,4224,0.022199994418770075,0.13210000179242343,0.10059999476652592,True,4217.829642533986
ECC+AES-256,5000,5,4225,0.02230000973213464,0.12260000221431255,0.10070001007989049,True,4217.829642533986
ECC+AES-256,5000,5,4226,0.022400010493583977,0.13329999637790024,0.10279999696649611,True,4217.829642533986
ECC+AES-256,5000,5,4227,0.021900006686337292,0.12499999138526618,0.10140000085812062,True,4217.829642533986
ECC+AES-256,5000,5,4228,0.021900006686337292,0.12440000136848539,0.10049999400507659,True,4217.829642533986
ECC+AES-256,5000,5,4229,0.02200000744778663,0.122799989185296,0.0999000039882958,True,4217.829642533986
ECC+AES-256,5000,5,4230,0.02200000744778663,0.12260000221431255,0.10969999129883945,True,4217.829642533986
ECC+AES-256,5000,5,4231,0.022899999748915434,0.12339999375399202,0.10040000779554248,True,4217.829642533986
ECC+AES-256,5000,5,4232,0.02239999594166875,0.12309999146964401,0.10040000779554248,True,4217.829642533986
ECC+AES-256,5000,5,4233,0.02269999822601676,0.12409999908413738,0.10049999400507659,True,4217.829642533986
ECC+AES-256,5000,5,4234,0.021899992134422064,0.1221999991685152,0.09919999865815043,True,4217.829642533986
ECC+AES-256,5000,5,4235,0.02230000973213464,0.12320000678300858,0.10040000779554248,True,4217.829642533986
ECC+AES-256,5000,5,4236,0.022199994418770075,0.12369999603834003,0.10140000085812062,True,4217.829642533986
ECC+AES-256,5000,5,4237,0.022799998987466097,0.1238999975612387,0.10040000779554248,True,4217.829642533986
ECC+AES-256,5000,5,4238,0.021899992134422064,0.1221999991685152,0.10040000779554248,True,4217.829642533986
ECC+AES-256,5000,5,4239,0.022199994418770075,0.1379000023007393,0.1019000046653673,True,4217.829642533986
ECC+AES-256,5000,5,4240,0.02239999594166875,0.12229999992996454,0.10059999476652592,True,4217.829642533986
ECC+AES-256,5000,5,4241,0.0219999928958714,0.12260000221431255,0.0999000039882958,True,4217.829642533986
ECC+AES-256,5000,5,4242,0.02239999594166875,0.1221999991685152,0.10059999476652592,True,4217.829642533986
ECC+AES-256,5000,5,4243,0.022100008209235966,0.1309000072069466,0.10170000314246863,True,4217.829642533986
ECC+AES-256,5000,5,4244,0.022299995180219412,0.12309999146964401,0.10030000703409314,True,4217.829642533986
ECC+AES-256,5000,5,4245,0.022200008970685303,0.1221000129589811,0.10019999172072858,True,4217.829642533986
ECC+AES-256,5000,5,4246,0.02200000744778663,0.12209999840706587,0.0999999901978299,True,4217.829642533986
ECC+AES-256,5000,5,4247,0.022099993657320738,0.12180001067463309,0.10049999400507659,True,4217.829642533986
ECC+AES-256,5000,5,4248,0.021899992134422064,0.1230000052601099,0.0999000039882958,True,4217.829642533986
ECC+AES-256,5000,5,4249,0.02200000744778663,0.12169999536126852,0.11199999426025897,True,4217.829642533986
ECC+AES-256,5000,5,4250,0.02300000051036477,0.12150000839028507,0.1007999962894246,True,4217.829642533986
ECC+AES-256,5000,5,4251,0.022200008970685303,0.12260000221431255,0.10050000855699182,True,4217.829642533986
ECC+AES-256,5000,5,4252,0.022299995180219412,0.1320000010309741,0.10119999933522195,True,4217.829642533986
ECC+AES-256,5000,5,4253,0.022099993657320738,0.12320000678300858,0.10039999324362725,True,4217.829642533986
ECC+AES-256,5000,5,4254,0.0219999928958714,0.1218999968841672,0.10030000703409314,True,4217.829642533986
ECC+AES-256,5000,5,4255,0.0219999928958714,0.1221999991685152,0.10040000779554248,True,4217.829642533986
ECC+AES-256,5000,5,4256,0.021800005924887955,0.13020000187680125,0.10080001084133983,True,4217.829642533986
ECC+AES-256,5000,5,4257,0.02230000973213464,0.12299999070819467,0.10040000779554248,True,4217.829642533986
ECC+AES-256,5000,5,4258,0.022099993657320738,0.12179999612271786,0.09970000246539712,True,4217.829642533986
ECC+AES-256,5000,5,4259,0.022199994418770075,0.1221999991685152,0.0999000039882958,True,4217.829642533986
ECC+AES-256,5000,5,4260,0.02160000440198928,0.12119999155402184,0.09920001321006566,True,4217.829642533986
ECC+AES-256,5000,5,4261,0.022099993657320738,0.1686000032350421,0.10159998782910407,True,4217.829642533986
ECC+AES-256,5000,5,4262,0.024100008886307478,0.1320000010309741,0.10209999163635075,True,4217.829642533986
ECC+AES-256,5000,5,4263,0.023100001271814108,0.12440000136848539,0.10130000009667128,True,4217.829642533986
ECC+AES-256,5000,5,4264,0.021799991372972727,0.12139999307692051,0.10029999248217791,True,4217.829642533986
ECC+AES-256,5000,5,4265,0.02239999594166875,0.12250000145286322,0.09950000094249845,True,4217.829642533986
ECC+AES-256,5000,5,4266,0.03190001007169485,0.14319999900180846,0.10489999840501696,True,4217.829642533986
ECC+AES-256,5000,5,4267,0.030399998649954796,0.13810000382363796,0.10309999925084412,True,4217.829642533986
ECC+AES-256,5000,5,4268,0.022799998987466097,0.12549999519251287,0.10250000923406333,True,4217.829642533986
ECC+AES-256,5000,5,4269,0.022100008209235966,0.12209999840706587,0.09989998943638057,True,4217.829642533986
ECC+AES-256,5000,5,4270,0.021900006686337292,0.12180001067463309,0.10089999705087394,True,4217.829642533986
ECC+AES-256,5000,5,4271,0.02230000973213464,0.12329999299254268,0.10040000779554248,True,4217.829642533986
ECC+AES-256,5000,5,4272,0.021900006686337292,0.1306000049225986,0.10130000009667128,True,4217.829642533986
ECC+AES-256,5000,5,4273,0.021899992134422064,0.12209999840706587,0.1002000062726438,True,4217.829642533986
ECC+AES-256,5000,5,4274,0.0219999928958714,0.12179999612271786,0.10010000551119447,True,4217.829642533986
ECC+AES-256,5000,5,4275,0.021900006686337292,0.12190001143608242,0.09989998943638057,True,4217.829642533986
ECC+AES-256,5000,5,4276,0.022199994418770075,0.12399999832268804,0.10069999552797526,True,4217.829642533986
ECC+AES-256,5000,5,4277,0.022199994418770075,0.12349999451544136,0.1007999962894246,True,4217.829642533986
ECC+AES-256,5000,5,4278,0.02200000744778663,0.12299999070819467,0.10130000009667128,True,4217.829642533986
ECC+AES-256,5000,5,4279,0.022599997464567423,0.12349999451544136,0.10000000474974513,True,4217.829642533986
ECC+AES-256,5000,5,4280,0.02239999594166875,0.12419999984558672,0.10019999172072858,True,4217.829642533986
ECC+AES-256,5000,5,4281,0.022200008970685303,0.12170000991318375,0.0999000039882958,True,4217.829642533986
ECC+AES-256,5000,5,4282,0.022099993657320738,0.1221999991685152,0.10060000931844115,True,4217.829642533986
ECC+AES-256,5000,5,4283,0.022299995180219412,0.12280000373721123,0.10039999324362725,True,4217.829642533986
ECC+AES-256,5000,5,4284,0.022599997464567423,0.1238999975612387,0.10090001160278916,True,4217.829642533986
ECC+AES-256,5000,5,4285,0.022200008970685303,0.13049998960923404,0.10119999933522195,True,4217.829642533986
ECC+AES-256,5000,5,4286,0.022500011255033314,0.1238999975612387,0.1010000123642385,True,4217.829642533986
ECC+AES-256,5000,5,4287,0.022200008970685303,0.12260000221431255,0.09940000018104911,True,4217.829642533986
ECC+AES-256,5000,5,4288,0.022099993657320738,0.12240000069141388,0.10059999476652592,True,4217.829642533986
ECC+AES-256,5000,5,4289,0.022100008209235966,0.12250000145286322,0.10050000855699182,True,4217.829642533986
ECC+AES-256,5000,5,4290,0.022100008209235966,0.12299999070819467,0.10099999781232327,True,4217.829642533986
ECC+AES-256,5000,5,4291,0.021900006686337292,0.12270000297576189,0.10959999053739011,True,4217.829642533986
ECC+AES-256,5000,5,4292,0.022499996703118086,0.12440000136848539,0.10000000474974513,True,4217.829642533986
ECC+AES-256,5000,5,4293,0.021900006686337292,0.12100000458303839,0.09929999941959977,True,4217.829642533986
ECC+AES-256,5000,5,4294,0.02200000744778663,0.12299999070819467,0.10080001084133983,True,4217.829642533986
ECC+AES-256,5000,5,4295,0.021900006686337292,0.12270000297576189,0.1007999962894246,True,4217.829642533986
ECC+AES-256,5000,5,4296,0.022099993657320738,0.1235999952768907,0.1002000062726438,True,4217.829642533986
ECC+AES-256,5000,5,4297,0.022500011255033314,0.12419999984558672,0.10030000703409314,True,4217.829642533986
ECC+AES-256,5000,5,4298,0.021900006686337292,0.12989999959245324,0.09989998943638057,True,4217.829642533986
ECC+AES-256,5000,5,4299,0.022199994418770075,0.12199999764561653,0.10030000703409314,True,4217.829642533986
ECC+AES-256,5000,5,4300,0.022099993657320738,0.1218999968841672,0.09919999865815043,True,4217.829642533986
ECC+AES-256,5000,5,4301,0.022599997464567423,0.12260000221431255,0.10059999476652592,True,4217.829642533986
ECC+AES-256,5000,5,4302,0.022299995180219412,0.12270000297576189,0.10009999095927924,True,4217.829642533986
ECC+AES-256,5000,5,4303,0.023100001271814108,0.1235999952768907,0.10069999552797526,True,4217.829642533986
ECC+AES-256,5000,5,4304,0.021899992134422064,0.12179999612271786,0.10880001354962587,True,4217.829642533986
ECC+AES-256,5000,5,4305,0.022299995180219412,0.12329999299254268,0.0999000039882958,True,4217.829642533986
ECC+AES-256,5000,5,4306,0.02239999594166875,0.12320000678300858,0.09960000170394778,True,4217.829642533986
ECC+AES-256,5000,5,4307,0.022100008209235966,0.12309999146964401,0.10070001007989049,True,4217.829642533986
ECC+AES-256,5000,5,4308,0.02200000744778663,0.12290000449866056,0.10150000161956996,True,4217.829642533986
ECC+AES-256,5000,5,4309,0.02200000744778663,0.1218999968841672,0.09980000322684646,True,4217.829642533986
ECC+AES-256,5000,5,4310,0.022200008970685303,0.12180001067463309,0.09950000094249845,True,4217.829642533986
ECC+AES-256,5000,5,4311,0.04150001041125506,0.17340001068077981,0.12060000153724104,True,4217.829642533986
ECC+AES-256,5000,5,4312,0.0337999954354018,0.14439999358728528,0.10570000449661165,True,4217.829642533986
ECC+AES-256,5000,5,4313,0.031199990189634264,0.18950000230688602,0.149200001033023,True,4217.829642533986
ECC+AES-256,5000,5,4314,0.042800005758181214,0.1672000071266666,0.11400000948924571,True,4217.829642533986
ECC+AES-256,5000,5,4315,0.029499991796910763,0.14150000060908496,0.10580000525806099,True,4217.829642533986
ECC+AES-256,5000,5,4316,0.04440000338945538,0.14309999824035913,0.1053000014508143,True,4217.829642533986
ECC+AES-256,5000,5,4317,0.023299988242797554,0.12630000128410757,0.1019000046653673,True,4217.829642533986
ECC+AES-256,5000,5,4318,0.022599997464567423,0.12339999375399202,0.10060000931844115,True,4217.829642533986
ECC+AES-256,5000,5,4319,0.02200000744778663,0.12329999299254268,0.10080001084133983,True,4217.829642533986
ECC+AES-256,5000,5,4320,0.0219999928958714,0.12229999992996454,0.1002000062726438,True,4217.829642533986
ECC+AES-256,5000,5,4321,0.021899992134422064,0.1326000055996701,0.1007999962894246,True,4217.829642533986
ECC+AES-256,5000,5,4322,0.02239999594166875,0.12229999992996454,0.10130000009667128,True,4217.829642533986
ECC+AES-256,5000,5,4323,0.02239999594166875,0.12329999299254268,0.10150000161956996,True,4217.829642533986
ECC+AES-256,5000,5,4324,0.02230000973213464,0.122799989185296,0.10080001084133983,True,4217.829642533986
ECC+AES-256,5000,5,4325,0.022299995180219412,0.12409999908413738,0.1007999962894246,True,4217.829642533986
ECC+AES-256,5000,5,4326,0.022199994418770075,0.1238999975612387,0.10000000474974513,True,4217.829642533986
ECC+AES-256,5000,5,4327,0.022100008209235966,0.12350000906735659,0.11059999815188348,True,4217.829642533986
ECC+AES-256,5000,5,4328,0.022700012777931988,0.12399999832268804,0.1010000123642385,True,4217.829642533986
ECC+AES-256,5000,5,4329,0.022299995180219412,0.12419999984558672,0.10130000009667128,True,4217.829642533986
ECC+AES-256,5000,5,4330,0.022299995180219412,0.1235999952768907,0.10049999400507659,True,4217.829642533986
ECC+AES-256,5000,5,4331,0.022200008970685303,0.12240000069141388,0.10039999324362725,True,4217.829642533986
ECC+AES-256,5000,5,4332,0.022100008209235966,0.12289998994674534,0.10070001007989049,True,4217.829642533986
ECC+AES-256,5000,5,4333,0.0219999928958714,0.12240000069141388,0.09950000094249845,True,4217.829642533986
ECC+AES-256,5000,5,4334,0.022899999748915434,0.12379999679978937,0.1002000062726438,True,4217.829642533986
ECC+AES-256,5000,5,4335,0.02239999594166875,0.12319999223109335,0.09979998867493123,True,4217.829642533986
ECC+AES-256,5000,5,4336,0.022499996703118086,0.12289998994674534,0.10049999400507659,True,4217.829642533986
ECC+AES-256,5000,5,4337,0.021899992134422064,0.12280000373721123,0.10030000703409314,True,4217.829642533986
ECC+AES-256,5000,5,4338,0.022100008209235966,0.1221000129589811,0.10019999172072858,True,4217.829642533986
ECC+AES-256,5000,5,4339,0.022099993657320738,0.16619999951217324,0.1041999930748716,True,4217.829642533986
ECC+AES-256,5000,5,4340,0.023599990527145565,0.13250000483822078,0.10209999163635075,True,4217.829642533986
ECC+AES-256,5000,5,4341,0.022599997464567423,0.12339999375399202,0.10130000009667128,True,4217.829642533986
ECC+AES-256,5000,5,4342,0.02230000973213464,0.12320000678300858,0.10069999552797526,True,4217.829642533986
ECC+AES-256,5000,5,4343,0.021899992134422064,0.12179999612271786,0.09980000322684646,True,4217.829642533986
ECC+AES-256,5000,5,4344,0.022100008209235966,0.12199999764561653,0.0999000039882958,True,4217.829642533986
ECC+AES-256,5000,5,4345,0.0219999928958714,0.12280000373721123,0.10010000551119447,True,4217.829642533986
ECC+AES-256,5000,5,4346,0.02239999594166875,0.1230000052601099,0.11280000035185367,True,4217.829642533986
ECC+AES-256,5000,5,4347,0.02239999594166875,0.12349999451544136,0.10000000474974513,True,4217.829642533986
ECC+AES-256,5000,5,4348,0.022199994418770075,0.12450000212993473,0.1007999962894246,True,4217.829642533986
ECC+AES-256,5000,5,4349,0.022199994418770075,0.1230000052601099,0.10089999705087394,True,4217.829642533986
ECC+AES-256,5000,5,4350,0.021899992134422064,0.12290000449866056,0.10059999476652592,True,4217.829642533986
ECC+AES-256,5000,5,4351,0.022199994418770075,0.12430000060703605,0.10089999705087394,True,4217.829642533986
ECC+AES-256,5000,5,4352,0.0219999928958714,0.1230000052601099,0.09970000246539712,True,4217.829642533986
ECC+AES-256,5000,5,4353,0.022599997464567423,0.12410001363605261,0.10099999781232327,True,4217.829642533986
ECC+AES-256,5000,5,4354,0.021900006686337292,0.12330000754445791,0.10039999324362725,True,4217.829642533986
ECC+AES-256,5000,5,4355,0.022499996703118086,0.1247000036528334,0.10030000703409314,True,4217.829642533986
ECC+AES-256,5000,5,4356,0.022199994418770075,0.1235999952768907,0.10030000703409314,True,4217.829642533986
ECC+AES-256,5000,5,4357,0.022299995180219412,0.12310000602155924,0.10059999476652592,True,4217.829642533986
ECC+AES-256,5000,5,4358,0.04429998807609081,0.1956000050995499,0.11609999637585133,True,4217.829642533986
ECC+AES-256,5000,5,4359,0.042100000428035855,0.17069999012164772,0.11410001025069505,True,4217.829642533986
ECC+AES-256,5000,5,4360,0.03330000618007034,0.14600000577047467,0.10760000441223383,True,4217.829642533986
ECC+AES-256,5000,5,4361,0.03090000245720148,0.1396000006934628,0.12160000915173441,True,4217.829642533986
ECC+AES-256,5000,5,4362,0.03680000372696668,0.2013000048464164,0.1627000019652769,True,4217.829642533986
ECC+AES-256,5000,5,4363,0.03599999763537198,0.1275000104214996,0.10019999172072858,True,4217.829642533986
ECC+AES-256,5000,5,4364,0.022200008970685303,0.1221000129589811,0.10109999857377261,True,4217.829642533986
ECC+AES-256,5000,5,4365,0.022499996703118086,0.1230000052601099,0.11539999104570597,True,4217.829642533986
ECC+AES-256,5000,5,4366,0.022799998987466097,0.12320000678300858,0.10109999857377261,True,4217.829642533986
ECC+AES-256,5000,5,4367,0.022799998987466097,0.12320000678300858,0.10069999552797526,True,4217.829642533986
ECC+AES-256,5000,5,4368,0.022199994418770075,0.1218999968841672,0.10119999933522195,True,4217.829642533986
ECC+AES-256,5000,5,4369,0.022299995180219412,0.12369999603834003,0.10140000085812062,True,4217.829642533986
ECC+AES-256,5000,5,4370,0.023500004317611456,0.12539999443106353,0.10069999552797526,True,4217.829642533986
ECC+AES-256,5000,5,4371,0.022299995180219412,0.12370001059025526,0.10119999933522195,True,4217.829642533986
ECC+AES-256,5000,5,4372,0.023199987481348217,0.1238999975612387,0.1007999962894246,True,4217.829642533986
ECC+AES-256,5000,5,4373,0.022599997464567423,0.12280000373721123,0.10069999552797526,True,4217.829642533986
ECC+AES-256,5000,5,4374,0.022599997464567423,0.12250000145286322,0.1002000062726438,True,4217.829642533986
ECC+AES-256,5000,5,4375,0.022200008970685303,0.12390001211315393,0.1007999962894246,True,4217.829642533986
ECC+AES-256,5000,5,4376,0.022500011255033314,0.12330000754445791,0.10039999324362725,True,4217.829642533986
ECC+AES-256,5000,5,4377,0.022299995180219412,0.12270000297576189,0.10180000390391797,True,4217.829642533986
ECC+AES-256,5000,5,4378,0.022299995180219412,0.1323000033153221,0.10229999315924942,True,4217.829642533986
ECC+AES-256,5000,5,4379,0.022799998987466097,0.12349999451544136,0.10119999933522195,True,4217.829642533986
ECC+AES-256,5000,5,4380,0.022299995180219412,0.12349999451544136,0.10060000931844115,True,4217.829642533986
ECC+AES-256,5000,5,4381,0.0219999928958714,0.12280000373721123,0.10000000474974513,True,4217.829642533986
ECC+AES-256,5000,5,4382,0.022100008209235966,0.12200001219753176,0.09970000246539712,True,4217.829642533986
ECC+AES-256,5000,5,4383,0.022100008209235966,0.12260000221431255,0.09950000094249845,True,4217.829642533986
ECC+AES-256,5000,5,4384,0.022100008209235966,0.12240000069141388,0.10990000737365335,True,4217.829642533986
ECC+AES-256,5000,5,4385,0.022299995180219412,0.12369999603834003,0.10070001007989049,True,4217.829642533986
ECC+AES-256,5000,5,4386,0.02239999594166875,0.12289998994674534,0.10040000779554248,True,4217.829642533986
ECC+AES-256,5000,5,4387,0.02230000973213464,0.12260000221431255,0.10050000855699182,True,4217.829642533986
ECC+AES-256,5000,5,4388,0.021800005924887955,0.12369999603834003,0.10060000931844115,True,4217.829642533986
ECC+AES-256,5000,5,4389,0.02200000744778663,0.12379999679978937,0.1007999962894246,True,4217.829642533986
ECC+AES-256,5000,5,4390,0.022499996703118086,0.12319999223109335,0.10080001084133983,True,4217.829642533986
ECC+AES-256,5000,5,4391,0.02239999594166875,0.1328000071225688,0.10089999705087394,True,4217.829642533986
ECC+AES-256,5000,5,4392,0.022599997464567423,0.12430000060703605,0.10029999248217791,True,4217.829642533986
ECC+AES-256,5000,5,4393,0.022100008209235966,0.12139999307692051,0.09950000094249845,True,4217.829642533986
ECC+AES-256,5000,5,4394,0.022100008209235966,0.12269998842384666,0.10059999476652592,True,4217.829642533986
ECC+AES-256,5000,5,4395,0.021899992134422064,0.12339999375399202,0.10149998706765473,True,4217.829642533986
ECC+AES-256,5000,5,4396,0.02230000973213464,0.1238000113517046,0.10109999857377261,True,4217.829642533986
ECC+AES-256,5000,5,4397,0.022199994418770075,0.13109999417793006,0.1041999930748716,True,4217.829642533986
ECC+AES-256,5000,5,4398,0.022499996703118086,0.12689999130088836,0.10109999857377261,True,4217.829642533986
ECC+AES-256,5000,5,4399,0.0219999928958714,0.12229999992996454,0.10009999095927924,True,4217.829642533986
ECC+AES-256,5000,5,4400,0.022500011255033314,0.12350000906735659,0.10099999781232327,True,4217.829642533986
ECC+AES-256,5000,5,4401,0.02239999594166875,0.12320000678300858,0.10019999172072858,True,4217.829642533986
ECC+AES-256,5000,5,4402,0.02169999061152339,0.12310000602155924,0.10069999552797526,True,4217.829642533986
ECC+AES-256,5000,5,4403,0.048999994760379195,0.15789999451953918,0.23400000645779073,True,4217.829642533986
ECC+AES-256,5000,5,4404,0.030700000934302807,0.1412999990861863,0.10679999832063913,True,4217.829642533986
ECC+AES-256,5000,5,4405,0.023900007363408804,0.12989999959245324,0.10350000229664147,True,4217.829642533986
ECC+AES-256,5000,5,4406,0.022899999748915434,0.12569999671541154,0.1024999946821481,True,4217.829642533986
ECC+AES-256,5000,5,4407,0.022799998987466097,0.12440000136848539,0.11379999341443181,True,4217.829642533986
ECC+AES-256,5000,5,4408,0.023100001271814108,0.12530000822152942,0.10219999239780009,True,4217.829642533986
ECC+AES-256,5000,5,4409,0.02269999822601676,0.12399999832268804,0.10119999933522195,True,4217.829642533986
ECC+AES-256,5000,5,4410,0.022499996703118086,0.12419999984558672,0.10130000009667128,True,4217.829642533986
ECC+AES-256,5000,5,4411,0.02300000051036477,0.12409999908413738,0.10140000085812062,True,4217.829642533986
ECC+AES-256,5000,5,4412,0.022799998987466097,0.12349999451544136,0.10200000542681664,True,4217.829642533986
ECC+AES-256,5000,5,4413,0.022499996703118086,0.1247000036528334,0.10179998935200274,True,4217.829642533986
ECC+AES-256,5000,5,4414,0.022799998987466097,0.12460000289138407,0.10069999552797526,True,4217.829642533986
ECC+AES-256,5000,5,4415,0.022599997464567423,0.12289998994674534,0.10130000009667128,True,4217.829642533986
ECC+AES-256,5000,5,4416,0.02200000744778663,0.12249998690094799,0.10110001312568784,True,4217.829642533986
ECC+AES-256,5000,5,4417,0.022500011255033314,0.12310000602155924,0.10050000855699182,True,4217.829642533986
ECC+AES-256,5000,5,4418,0.02300000051036477,0.12399999832268804,0.10109999857377261,True,4217.829642533986
ECC+AES-256,5000,5,4419,0.02269999822601676,0.12430000060703605,0.1016000023810193,True,4217.829642533986
ECC+AES-256,5000,5,4420,0.02230000973213464,0.1314999972237274,0.10099999781232327,True,4217.829642533986
ECC+AES-256,5000,5,4421,0.023100001271814108,0.12440000136848539,0.10099999781232327,True,4217.829642533986
ECC+AES-256,5000,5,4422,0.022899999748915434,0.12399999832268804,0.1007999962894246,True,4217.829642533986
ECC+AES-256,5000,5,4423,0.022499996703118086,0.12419999984558672,0.10170000314246863,True,4217.829642533986
ECC+AES-256,5000,5,4424,0.023100001271814108,0.12490000517573208,0.10150000161956996,True,4217.829642533986
ECC+AES-256,5000,5,4425,0.02239999594166875,0.1238999975612387,0.10089999705087394,True,4217.829642533986
ECC+AES-256,5000,5,4426,0.022400010493583977,0.12350000906735659,0.11029999586753547,True,4217.829642533986
ECC+AES-256,5000,5,4427,0.02300000051036477,0.12379999679978937,0.1007999962894246,True,4217.829642533986
ECC+AES-256,5000,5,4428,0.022499996703118086,0.12320000678300858,0.10039999324362725,True,4217.829642533986
ECC+AES-256,5000,5,4429,0.02239999594166875,0.12280000373721123,0.0999000039882958,True,4217.829642533986
ECC+AES-256,5000,5,4430,0.022299995180219412,0.1269999920623377,0.09919999865815043,True,4217.829642533986
ECC+AES-256,5000,5,4431,0.02239999594166875,0.12320000678300858,0.10029999248217791,True,4217.829642533986
ECC+AES-256,5000,5,4432,0.022299995180219412,0.1230000052601099,0.10089999705087394,True,4217.829642533986
ECC+AES-256,5000,5,4433,0.02300000051036477,0.12430000060703605,0.10069999552797526,True,4217.829642533986
ECC+AES-256,5000,5,4434,0.022299995180219412,0.12339999375399202,0.1007999962894246,True,4217.829642533986
ECC+AES-256,5000,5,4435,0.022099993657320738,0.12250000145286322,0.10130000009667128,True,4217.829642533986
ECC+AES-256,5000,5,4436,0.022199994418770075,0.12229999992996454,0.10010000551119447,True,4217.829642533986
ECC+AES-256,5000,5,4437,0.02239999594166875,0.1230000052601099,0.1007999962894246,True,4217.829642533986
ECC+AES-256,5000,5,4438,0.022799998987466097,0.12339999375399202,0.10059999476652592,True,4217.829642533986
ECC+AES-256,5000,5,4439,0.022499996703118086,0.13059999037068337,0.10140000085812062,True,4217.829642533986
ECC+AES-256,5000,5,4440,0.02269999822601676,0.1238999975612387,0.10039999324362725,True,4217.829642533986
ECC+AES-256,5000,5,4441,0.02269999822601676,0.12440000136848539,0.10039999324362725,True,4217.829642533986
ECC+AES-256,5000,5,4442,0.02239999594166875,0.12310000602155924,0.10049999400507659,True,4217.829642533986
ECC+AES-256,5000,5,4443,0.02239999594166875,0.12270000297576189,0.09970000246539712,True,4217.829642533986
ECC+AES-256,5000,5,4444,0.022199994418770075,0.12319999223109335,0.10119999933522195,True,4217.829642533986
ECC+AES-256,5000,5,4445,0.02269999822601676,0.12419999984558672,0.11249999806750566,True,4217.829642533986
ECC+AES-256,5000,5,4446,0.02300000051036477,0.1238999975612387,0.10030000703409314,True,4217.829642533986
ECC+AES-256,5000,5,4447,0.022499996703118086,0.12330000754445791,0.10119999933522195,True,4217.829642533986
ECC+AES-256,5000,5,4448,0.023200002033263445,0.12419999984558672,0.10099999781232327,True,4217.829642533986
ECC+AES-256,5000,5,4449,0.022599997464567423,0.1238999975612387,0.1007999962894246,True,4217.829642533986
ECC+AES-256,5000,5,4450,0.022799998987466097,0.12379999679978937,0.10019999172072858,True,4217.829642533986
ECC+AES-256,5000,5,4451,0.022299995180219412,0.12350000906735659,0.10029999248217791,True,4217.829642533986
ECC+AES-256,5000,5,4452,0.027999994927085936,0.1247000036528334,0.0999000039882958,True,4217.829642533986
ECC+AES-256,5000,5,4453,0.022400010493583977,0.19299999985378236,0.1036000030580908,True,4217.829642533986
ECC+AES-256,5000,5,4454,0.025900008040480316,0.1277999981539324,0.10289999772794545,True,4217.829642533986
ECC+AES-256,5000,5,4455,0.02340000355616212,0.12430000060703605,0.1010000123642385,True,4217.829642533986
ECC+AES-256,5000,5,4456,0.022799998987466097,0.12310000602155924,0.10010000551119447,True,4217.829642533986
ECC+AES-256,5000,5,4457,0.022799998987466097,0.12320000678300858,0.10150000161956996,True,4217.829642533986
ECC+AES-256,5000,5,4458,0.022799998987466097,0.14220000593923032,0.10089999705087394,True,4217.829642533986
ECC+AES-256,5000,5,4459,0.023100001271814108,0.1235999952768907,0.09989998943638057,True,4217.829642533986
ECC+AES-256,5000,5,4460,0.022599997464567423,0.12339999375399202,0.10060000931844115,True,4217.829642533986
ECC+AES-256,5000,5,4461,0.022599997464567423,0.12490000517573208,0.10049999400507659,True,4217.829642533986
ECC+AES-256,5000,5,4462,0.022599997464567423,0.12749999586958438,0.10070001007989049,True,4217.829642533986
ECC+AES-256,5000,5,4463,0.022799998987466097,0.1252999936696142,0.10070001007989049,True,4217.829642533986
ECC+AES-256,5000,5,4464,0.022800013539381325,0.1314000110141933,0.1036000030580908,True,4217.829642533986
ECC+AES-256,5000,5,4465,0.023100001271814108,0.12409999908413738,0.10059999476652592,True,4217.829642533986
ECC+AES-256,5000,5,4466,0.02269999822601676,0.12360000982880592,0.10089999705087394,True,4217.829642533986
ECC+AES-256,5000,5,4467,0.022499996703118086,0.12399999832268804,0.10109999857377261,True,4217.829642533986
ECC+AES-256,5000,5,4468,0.022899999748915434,0.1247000036528334,0.1007999962894246,True,4217.829642533986
ECC+AES-256,5000,5,4469,0.02260001201648265,0.12370001059025526,0.10089999705087394,True,4217.829642533986
ECC+AES-256,5000,5,4470,0.022599997464567423,0.12309999146964401,0.10739998833741993,True,4217.829642533986
ECC+AES-256,5000,5,4471,0.02340000355616212,0.12370001059025526,0.10069999552797526,True,4217.829642533986
ECC+AES-256,5000,5,4472,0.023100001271814108,0.12430000060703605,0.10130000009667128,True,4217.829642533986
ECC+AES-256,5000,5,4473,0.022499996703118086,0.12339999375399202,0.10069999552797526,True,4217.829642533986
ECC+AES-256,5000,5,4474,0.022899999748915434,0.12310000602155924,0.10089999705087394,True,4217.829642533986
ECC+AES-256,5000,5,4475,0.02269999822601676,0.12329999299254268,0.10090001160278916,True,4217.829642533986
ECC+AES-256,5000,5,4476,0.022499996703118086,0.1235999952768907,0.10090001160278916,True,4217.829642533986
ECC+AES-256,5000,5,4477,0.022799998987466097,0.1309000072069466,0.10039999324362725,True,4217.829642533986
ECC+AES-256,5000,5,4478,0.023500004317611456,0.12260000221431255,0.09969998791348189,True,4217.829642533986
ECC+AES-256,5000,5,4479,0.02300000051036477,0.12430000060703605,0.10040000779554248,True,4217.829642533986
ECC+AES-256,5000,5,4480,0.022899999748915434,0.12369999603834003,0.10150000161956996,True,4217.829642533986
ECC+AES-256,5000,5,4481,0.022799998987466097,0.12329999299254268,0.10089999705087394,True,4217.829642533986
ECC+AES-256,5000,5,4482,0.022499996703118086,0.12250000145286322,0.09940000018104911,True,4217.829642533986
ECC+AES-256,5000,5,4483,0.022700012777931988,0.12360000982880592,0.11059999815188348,True,4217.829642533986
ECC+AES-256,5000,5,4484,0.022899999748915434,0.12229999992996454,0.09970000246539712,True,4217.829642533986
ECC+AES-256,5000,5,4485,0.02260001201648265,0.12320000678300858,0.10010000551119447,True,4217.829642533986
ECC+AES-256,5000,5,4486,0.02239999594166875,0.12339999375399202,0.10010000551119447,True,4217.829642533986
ECC+AES-256,5000,5,4487,0.02300000051036477,0.12310000602155924,0.10030000703409314,True,4217.829642533986
ECC+AES-256,5000,5,4488,0.02269999822601676,0.12270000297576189,0.10069999552797526,True,4217.829642533986
ECC+AES-256,5000,5,4489,0.022899999748915434,0.13329999637790024,0.10109999857377261,True,4217.829642533986
ECC+AES-256,5000,5,4490,0.02300000051036477,0.12379999679978937,0.10070001007989049,True,4217.829642533986
ECC+AES-256,5000,5,4491,0.02269999822601676,0.12330000754445791,0.1007999962894246,True,4217.829642533986
ECC+AES-256,5000,5,4492,0.022599997464567423,0.12250000145286322,0.09980000322684646,True,4217.829642533986
ECC+AES-256,5000,5,4493,0.022599997464567423,0.12349999451544136,0.10080001084133983,True,4217.829642533986
ECC+AES-256,5000,5,4494,0.02269999822601676,0.1281000004382804,0.10209999163635075,True,4217.829642533986
ECC+AES-256,5000,5,4495,0.02300000051036477,0.13020000187680125,0.10380000458098948,True,4217.829642533986
ECC+AES-256,5000,5,4496,0.02260001201648265,0.12280000373721123,0.10000000474974513,True,4217.829642533986
ECC+AES-256,5000,5,4497,0.022500011255033314,0.12250000145286322,0.10130000009667128,True,4217.829642533986
ECC+AES-256,5000,5,4498,0.023100001271814108,0.12370001059025526,0.10109999857377261,True,4217.829642533986
ECC+AES-256,5000,5,4499,0.02269999822601676,0.12369999603834003,0.10130000009667128,True,4217.829642533986
ECC+AES-256,5000,5,4500,0.022599997464567423,0.12260000221431255,0.09979998867493123,True,4217.829642533986
ECC+AES-256,5000,5,4501,0.023200002033263445,0.12440000136848539,0.10059999476652592,True,4217.829642533986
ECC+AES-256,5000,5,4502,0.022799998987466097,0.1238999975612387,0.10060000931844115,True,4217.829642533986
ECC+AES-256,5000,5,4503,0.04060000355821103,0.1765000051818788,0.1154000055976212,True,4217.829642533986
ECC+AES-256,5000,5,4504,0.024900000425986946,0.13050000416114926,0.10430000838823617,True,4217.829642533986
ECC+AES-256,5000,5,4505,0.02239999594166875,0.12440000136848539,0.10170000314246863,True,4217.829642533986
ECC+AES-256,5000,5,4506,0.021900006686337292,0.12330000754445791,0.10059999476652592,True,4217.829642533986
ECC+AES-256,5000,5,4507,0.021800005924887955,0.12199999764561653,0.10009999095927924,True,4217.829642533986
ECC+AES-256,5000,5,4508,0.022799998987466097,0.12319999223109335,0.09989998943638057,True,4217.829642533986
ECC+AES-256,5000,5,4509,0.021900006686337292,0.12299999070819467,0.10080001084133983,True,4217.829642533986
ECC+AES-256,5000,5,4510,0.021799991372972727,0.12310000602155924,0.10119999933522195,True,4217.829642533986
ECC+AES-256,5000,5,4511,0.034899989259429276,0.12579999747686088,0.10140000085812062,True,4217.829642533986
ECC+AES-256,5000,5,4512,0.022199994418770075,0.12240000069141388,0.09970000246539712,True,4217.829642533986
ECC+AES-256,5000,5,4513,0.021899992134422064,0.12229999992996454,0.1002000062726438,True,4217.829642533986
ECC+AES-256,5000,5,4514,0.021700005163438618,0.122799989185296,0.10119999933522195,True,4217.829642533986
ECC+AES-256,5000,5,4515,0.02239999594166875,0.13220000255387276,0.10779999138321728,True,4217.829642533986
ECC+AES-256,5000,5,4516,0.022499996703118086,0.12320000678300858,0.1007999962894246,True,4217.829642533986
ECC+AES-256,5000,5,4517,0.021899992134422064,0.13290000788401812,0.10159998782910407,True,4217.829642533986
ECC+AES-256,5000,5,4518,0.02269999822601676,0.12379999679978937,0.0999000039882958,True,4217.829642533986
ECC+AES-256,5000,5,4519,0.022499996703118086,0.12409999908413738,0.10049999400507659,True,4217.829642533986
ECC+AES-256,5000,5,4520,0.02260001201648265,0.12290000449866056,0.10170000314246863,True,4217.829642533986
ECC+AES-256,5000,5,4521,0.021800005924887955,0.12330000754445791,0.0999000039882958,True,4217.829642533986
ECC+AES-256,5000,5,4522,0.021900006686337292,0.12160000915173441,0.10019999172072858,True,4217.829642533986
ECC+AES-256,5000,5,4523,0.02160000440198928,0.12240000069141388,0.11049999739043415,True,4217.829642533986
ECC+AES-256,5000,5,4524,0.02239999594166875,0.12340000830590725,0.10039999324362725,True,4217.829642533986
ECC+AES-256,5000,5,4525,0.0219999928958714,0.12290000449866056,0.0999000039882958,True,4217.829642533986
ECC+AES-256,5000,5,4526,0.022499996703118086,0.12319999223109335,0.09960000170394778,True,4217.829642533986
ECC+AES-256,5000,5,4527,0.021899992134422064,0.1218999968841672,0.10099999781232327,True,4217.829642533986
ECC+AES-256,5000,5,4528,0.022100008209235966,0.1336999994236976,0.10439999459777027,True,4217.829642533986
ECC+AES-256,5000,5,4529,0.021700005163438618,0.12290000449866056,0.10109999857377261,True,4217.829642533986
ECC+AES-256,5000,5,4530,0.021900006686337292,0.13179999950807542,0.10040000779554248,True,4217.829642533986
ECC+AES-256,5000,5,4531,0.021800005924887955,0.12260000221431255,0.10089999705087394,True,4217.829642533986
ECC+AES-256,5000,5,4532,0.021900006686337292,0.1221999991685152,0.09889999637380242,True,4217.829642533986
ECC+AES-256,5000,5,4533,0.021900006686337292,0.1221999991685152,0.10019999172072858,True,4217.829642533986
ECC+AES-256,5000,5,4534,0.021900006686337292,0.1221000129589811,0.10059999476652592,True,4217.829642533986
ECC+AES-256,5000,5,4535,0.021700005163438618,0.1218999968841672,0.10050000855699182,True,4217.829642533986
ECC+AES-256,5000,5,4536,0.021599989850074053,0.12250000145286322,0.11100000119768083,True,4217.829642533986
ECC+AES-256,5000,5,4537,0.022200008970685303,0.12250000145286322,0.0999000039882958,True,4217.829642533986
ECC+AES-256,5000,5,4538,0.021700005163438618,0.12170000991318375,0.09979998867493123,True,4217.829642533986
ECC+AES-256,5000,5,4539,0.021900006686337292,0.12260000221431255,0.10030000703409314,True,4217.829642533986
ECC+AES-256,5000,5,4540,0.021700005163438618,0.12240000069141388,0.10050000855699182,True,4217.829642533986
ECC+AES-256,5000,5,4541,0.022099993657320738,0.13329999637790024,0.10269999620504677,True,4217.829642533986
ECC+AES-256,5000,5,4542,0.021800005924887955,0.12080000306013972,0.09940000018104911,True,4217.829642533986
ECC+AES-256,5000,5,4543,0.022500011255033314,0.12290000449866056,0.0999000039882958,True,4217.829642533986
ECC+AES-256,5000,5,4544,0.021800005924887955,0.12199999764561653,0.10030000703409314,True,4217.829642533986
ECC+AES-256,5000,5,4545,0.02169999061152339,0.12229999992996454,0.0999000039882958,True,4217.829642533986
ECC+AES-256,5000,5,4546,0.021900006686337292,0.12199999764561653,0.10049999400507659,True,4217.829642533986
ECC+AES-256,5000,5,4547,0.02169999061152339,0.12240000069141388,0.10059999476652592,True,4217.829642533986
ECC+AES-256,5000,5,4548,0.021900006686337292,0.12270000297576189,0.09979998867493123,True,4217.829642533986
ECC+AES-256,5000,5,4549,0.02169999061152339,0.13159999798517674,0.10089999705087394,True,4217.829642533986
ECC+AES-256,5000,5,4550,0.022199994418770075,0.12209999840706587,0.10030000703409314,True,4217.829642533986
ECC+AES-256,5000,5,4551,0.02200000744778663,0.12320000678300858,0.09970000246539712,True,4217.829642533986
ECC+AES-256,5000,5,4552,0.021800005924887955,0.12260000221431255,0.12330000754445791,True,4217.829642533986
ECC+AES-256,5000,5,4553,0.029000002541579306,0.142400007462129,0.10459999612066895,True,4217.829642533986
ECC+AES-256,5000,5,4554,0.02269999822601676,0.1235999952768907,0.10060000931844115,True,4217.829642533986
ECC+AES-256,5000,5,4555,0.0219999928958714,0.12319999223109335,0.10060000931844115,True,4217.829642533986
ECC+AES-256,5000,5,4556,0.022099993657320738,0.12350000906735659,0.10130000009667128,True,4217.829642533986
ECC+AES-256,5000,5,4557,0.021700005163438618,0.12370001059025526,0.10089999705087394,True,4217.829642533986
ECC+AES-256,5000,5,4558,0.022499996703118086,0.13589998707175255,0.10170000314246863,True,4217.829642533986
ECC+AES-256,5000,5,4559,0.022200008970685303,0.12379999679978937,0.10039999324362725,True,4217.829642533986
ECC+AES-256,5000,5,4560,0.021800005924887955,0.12329999299254268,0.10040000779554248,True,4217.829642533986
ECC+AES-256,5000,5,4561,0.021800005924887955,0.12340000830590725,0.1019000046653673,True,4217.829642533986
ECC+AES-256,5000,5,4562,0.021800005924887955,0.12200001219753176,0.09950000094249845,True,4217.829642533986
ECC+AES-256,5000,5,4563,0.021599989850074053,0.12320000678300858,0.10019999172072858,True,4217.829642533986
ECC+AES-256,5000,5,4564,0.021899992134422064,0.12280000373721123,0.11160000576637685,True,4217.829642533986
ECC+AES-256,5000,5,4565,0.02239999594166875,0.12379999679978937,0.10070001007989049,True,4217.829642533986
ECC+AES-256,5000,5,4566,0.022299995180219412,0.1328000071225688,0.10049999400507659,True,4217.829642533986
ECC+AES-256,5000,5,4567,0.021899992134422064,0.12240000069141388,0.10030000703409314,True,4217.829642533986
ECC+AES-256,5000,5,4568,0.021900006686337292,0.12290000449866056,0.10069999552797526,True,4217.829642533986
ECC+AES-256,5000,5,4569,0.02169999061152339,0.12290000449866056,0.10010000551119447,True,4217.829642533986
ECC+AES-256,5000,5,4570,0.022199994418770075,0.12339999375399202,0.10119999933522195,True,4217.829642533986
ECC+AES-256,5000,5,4571,0.0278999941656366,0.12430000060703605,0.10000000474974513,True,4217.829642533986
ECC+AES-256,5000,5,4572,0.02160000440198928,0.12349999451544136,0.10060000931844115,True,4217.829642533986
ECC+AES-256,5000,5,4573,0.021700005163438618,0.122799989185296,0.0999000039882958,True,4217.829642533986
ECC+AES-256,5000,5,4574,0.021799991372972727,0.12090000382158905,0.10000000474974513,True,4217.829642533986
ECC+AES-256,5000,5,4575,0.021800005924887955,0.12249998690094799,0.10090001160278916,True,4217.829642533986
ECC+AES-256,5000,5,4576,0.021800005924887955,0.12309999146964401,0.1002000062726438,True,4217.829642533986
ECC+AES-256,5000,5,4577,0.021799991372972727,0.1230000052601099,0.11079999967478216,True,4217.829642533986
ECC+AES-256,5000,5,4578,0.022899999748915434,0.12409999908413738,0.10019999172072858,True,4217.829642533986
ECC+AES-256,5000,5,4579,0.022199994418770075,0.1323000033153221,0.10019999172072858,True,4217.829642533986
ECC+AES-256,5000,5,4580,0.021700005163438618,0.12229999992996454,0.09970000246539712,True,4217.829642533986
ECC+AES-256,5000,5,4581,0.02239999594166875,0.12450000212993473,0.1007999962894246,True,4217.829642533986
ECC+AES-256,5000,5,4582,0.022100008209235966,0.122799989185296,0.10060000931844115,True,4217.829642533986
ECC+AES-256,5000,5,4583,0.021900006686337292,0.12180001067463309,0.1007999962894246,True,4217.829642533986
ECC+AES-256,5000,5,4584,0.022299995180219412,0.12289998994674534,0.10039999324362725,True,4217.829642533986
ECC+AES-256,5000,5,4585,0.0219999928958714,0.12199999764561653,0.10000000474974513,True,4217.829642533986
ECC+AES-256,5000,5,4586,0.021500003640539944,0.12149999383836985,0.09929999941959977,True,4217.829642533986
ECC+AES-256,5000,5,4587,0.022200008970685303,0.12290000449866056,0.10010000551119447,True,4217.829642533986
ECC+AES-256,5000,5,4588,0.0219999928958714,0.12270000297576189,0.10060000931844115,True,4217.829642533986
ECC+AES-256,5000,5,4589,0.021800005924887955,0.12199999764561653,0.09960000170394778,True,4217.829642533986
ECC+AES-256,5000,5,4590,0.02239999594166875,0.1323999895248562,0.1019000046653673,True,4217.829642533986
ECC+AES-256,5000,5,4591,0.022199994418770075,0.12409999908413738,0.10130000009667128,True,4217.829642533986
ECC+AES-256,5000,5,4592,0.02239999594166875,0.13089999265503138,0.10040000779554248,True,4217.829642533986
ECC+AES-256,5000,5,4593,0.021900006686337292,0.12199999764561653,0.10090001160278916,True,4217.829642533986
ECC+AES-256,5000,5,4594,0.021899992134422064,0.1221999991685152,0.10089999705087394,True,4217.829642533986
ECC+AES-256,5000,5,4595,0.021800005924887955,0.12100000458303839,0.09950000094249845,True,4217.829642533986
ECC+AES-256,5000,5,4596,0.021800005924887955,0.1218999968841672,0.1537000061944127,True,4217.829642533986
ECC+AES-256,5000,5,4597,0.025899993488565087,0.12830000196117908,0.10359998850617558,True,4217.829642533986
ECC+AES-256,5000,5,4598,0.022200008970685303,0.12330000754445791,0.10109999857377261,True,4217.829642533986
ECC+AES-256,5000,5,4599,0.021799991372972727,0.12310000602155924,0.10119999933522195,True,4217.829642533986
ECC+AES-256,5000,5,4600,0.021900006686337292,0.1221999991685152,0.10019999172072858,True,4217.829642533986
ECC+AES-256,5000,5,4601,0.021899992134422064,0.12229999992996454,0.10119999933522195,True,4217.829642533986
ECC+AES-256,5000,5,4602,0.023900007363408804,0.12659998901654035,0.10070001007989049,True,4217.829642533986
ECC+AES-256,5000,5,4603,0.022299995180219412,0.12419999984558672,0.10069999552797526,True,4217.829642533986
ECC+AES-256,5000,5,4604,0.022100008209235966,0.12229999992996454,0.0999000039882958,True,4217.829642533986
ECC+AES-256,5000,5,4605,0.02160000440198928,0.12209999840706587,0.09940000018104911,True,4217.829642533986
ECC+AES-256,5000,5,4606,0.021599989850074053,0.12199999764561653,0.09970000246539712,True,4217.829642533986
ECC+AES-256,5000,5,4607,0.021900006686337292,0.12220001372043043,0.10019999172072858,True,4217.829642533986
ECC+AES-256,5000,5,4608,0.021700005163438618,0.13339999713934958,0.10170000314246863,True,4217.829642533986
ECC+AES-256,5000,5,4609,0.022099993657320738,0.12209999840706587,0.09960000170394778,True,4217.829642533986
ECC+AES-256,5000,5,4610,0.02160000440198928,0.12179999612271786,0.10039999324362725,True,4217.829642533986
ECC+AES-256,5000,5,4611,0.02160000440198928,0.12199999764561653,0.10010000551119447,True,4217.829642533986
ECC+AES-256,5000,5,4612,0.02169999061152339,0.12270000297576189,0.10040000779554248,True,4217.829642533986
ECC+AES-256,5000,5,4613,0.021700005163438618,0.12290000449866056,0.10000000474974513,True,4217.829642533986
ECC+AES-256,5000,5,4614,0.022099993657320738,0.12349999451544136,0.10080001084133983,True,4217.829642533986
ECC+AES-256,5000,5,4615,0.02230000973213464,0.12360000982880592,0.10049999400507659,True,4217.829642533986
ECC+AES-256,5000,5,4616,0.02160000440198928,0.12250000145286322,0.10089999705087394,True,4217.829642533986
ECC+AES-256,5000,5,4617,0.022099993657320738,0.1311999949393794,0.10070001007989049,True,4217.829642533986
ECC+AES-256,5000,5,4618,0.021700005163438618,0.122799989185296,0.09979998867493123,True,4217.829642533986
ECC+AES-256,5000,5,4619,0.02169999061152339,0.12340000830590725,0.10049999400507659,True,4217.829642533986
ECC+AES-256,5000,5,4620,0.0219999928958714,0.12290000449866056,0.10029999248217791,True,4217.829642533986
ECC+AES-256,5000,5,4621,0.021500003640539944,0.13109999417793006,0.1016000023810193,True,4217.829642533986
ECC+AES-256,5000,5,4622,0.02269999822601676,0.12319999223109335,0.10000000474974513,True,4217.829642533986
ECC+AES-256,5000,5,4623,0.021799991372972727,0.12229999992996454,0.09950000094249845,True,4217.829642533986
ECC+AES-256,5000,5,4624,0.02139998832717538,0.12150000839028507,0.09859999408945441,True,4217.829642533986
ECC+AES-256,5000,5,4625,0.021700005163438618,0.12240000069141388,0.09980000322684646,True,4217.829642533986
ECC+AES-256,5000,5,4626,0.021700005163438618,0.12200001219753176,0.09979998867493123,True,4217.829642533986
ECC+AES-256,5000,5,4627,0.02160000440198928,0.12139999307692051,0.11039999662898481,True,4217.829642533986
ECC+AES-256,5000,5,4628,0.0219999928958714,0.12179999612271786,0.09980000322684646,True,4217.829642533986
ECC+AES-256,5000,5,4629,0.022200008970685303,0.12269998842384666,0.09970000246539712,True,4217.829642533986
ECC+AES-256,5000,5,4630,0.022099993657320738,0.13159999798517674,0.1002000062726438,True,4217.829642533986
ECC+AES-256,5000,5,4631,0.021700005163438618,0.1221999991685152,0.1007999962894246,True,4217.829642533986
ECC+AES-256,5000,5,4632,0.021799991372972727,0.12349999451544136,0.10060000931844115,True,4217.829642533986
ECC+AES-256,5000,5,4633,0.021700005163438618,0.122799989185296,0.10089999705087394,True,4217.829642533986
ECC+AES-256,5000,5,4634,0.02160000440198928,0.13190000026952475,0.10099999781232327,True,4217.829642533986
ECC+AES-256,5000,5,4635,0.0219999928958714,0.12209999840706587,0.09889999637380242,True,4217.829642533986
ECC+AES-256,5000,5,4636,0.021700005163438618,0.12170000991318375,0.09919999865815043,True,4217.829642533986
ECC+AES-256,5000,5,4637,0.021900006686337292,0.12339999375399202,0.10060000931844115,True,4217.829642533986
ECC+AES-256,5000,5,4638,0.021899992134422064,0.12170000991318375,0.10009999095927924,True,4217.829642533986
ECC+AES-256,5000,5,4639,0.02200000744778663,0.12229999992996454,0.10019999172072858,True,4217.829642533986
ECC+AES-256,5000,5,4640,0.02139998832717538,0.12199999764561653,0.1100999943446368,True,4217.829642533986
ECC+AES-256,5000,5,4641,0.0219999928958714,0.12209999840706587,0.09950000094249845,True,4217.829642533986
ECC+AES-256,5000,5,4642,0.021800005924887955,0.12199999764561653,0.10039999324362725,True,4217.829642533986
ECC+AES-256,5000,5,4643,0.02200000744778663,0.13109999417793006,0.10000000474974513,True,4217.829642533986
ECC+AES-256,5000,5,4644,0.02160000440198928,0.12319999223109335,0.10039999324362725,True,4217.829642533986
ECC+AES-256,5000,5,4645,0.021900006686337292,0.12280000373721123,0.09970000246539712,True,4217.829642533986
ECC+AES-256,5000,5,4646,0.02239999594166875,0.12290000449866056,0.0999999901978299,True,4217.829642533986
ECC+AES-256,5000,5,4647,0.022599997464567423,0.12469998910091817,0.10089999705087394,True,4217.829642533986
ECC+AES-256,5000,5,4648,0.021800005924887955,0.12139999307692051,0.10000000474974513,True,4217.829642533986
ECC+AES-256,5000,5,4649,0.02169999061152339,0.1221999991685152,0.09970000246539712,True,4217.829642533986
ECC+AES-256,5000,5,4650,0.021700005163438618,0.12139999307692051,0.09970000246539712,True,4217.829642533986
ECC+AES-256,5000,5,4651,0.021500003640539944,0.1221000129589811,0.10029999248217791,True,4217.829642533986
ECC+AES-256,5000,5,4652,0.021799991372972727,0.12270000297576189,0.16039999900385737,True,4217.829642533986
ECC+AES-256,5000,5,4653,0.025399989681318402,0.12989999959245324,0.10150000161956996,True,4217.829642533986
ECC+AES-256,5000,5,4654,0.02239999594166875,0.12270000297576189,0.10059999476652592,True,4217.829642533986
ECC+AES-256,5000,5,4655,0.02200000744778663,0.12229999992996454,0.10010000551119447,True,4217.829642533986
ECC+AES-256,5000,5,4656,0.02230000973213464,0.12180001067463309,0.0999999901978299,True,4217.829642533986
ECC+AES-256,5000,5,4657,0.022199994418770075,0.12240000069141388,0.1016000023810193,True,4217.829642533986
ECC+AES-256,5000,5,4658,0.02200000744778663,0.12240000069141388,0.11139998969156295,True,4217.829642533986
ECC+AES-256,5000,5,4659,0.022499996703118086,0.12229999992996454,0.09940000018104911,True,4217.829642533986
ECC+AES-256,5000,5,4660,0.022100008209235966,0.12190001143608242,0.09919999865815043,True,4217.829642533986
ECC+AES-256,5000,5,4661,0.0219999928958714,0.12179999612271786,0.1002000062726438,True,4217.829642533986
ECC+AES-256,5000,5,4662,0.0219999928958714,0.12140000762883574,0.10039999324362725,True,4217.829642533986
ECC+AES-256,5000,5,4663,0.021799991372972727,0.12179999612271786,0.1002000062726438,True,4217.829642533986
ECC+AES-256,5000,5,4664,0.021799991372972727,0.12150000839028507,0.10029999248217791,True,4217.829642533986
ECC+AES-256,5000,5,4665,0.022199994418770075,0.1306000049225986,0.10059999476652592,True,4217.829642533986
ECC+AES-256,5000,5,4666,0.022299995180219412,0.12209999840706587,0.10040000779554248,True,4217.829642533986
ECC+AES-256,5000,5,4667,0.021900006686337292,0.12179999612271786,0.10000000474974513,True,4217.829642533986
ECC+AES-256,5000,5,4668,0.02239999594166875,0.1326000055996701,0.10460001067258418,True,4217.829642533986
ECC+AES-256,5000,5,4669,0.021900006686337292,0.12270000297576189,0.10090001160278916,True,4217.829642533986
ECC+AES-256,5000,5,4670,0.022299995180219412,0.1230000052601099,0.10019999172072858,True,4217.829642533986
ECC+AES-256,5000,5,4671,0.02200000744778663,0.1230000052601099,0.11700000322889537,True,4217.829642533986
ECC+AES-256,5000,5,4672,0.02750000567175448,0.13649999164044857,0.1044000091496855,True,4217.829642533986
ECC+AES-256,5000,5,4673,0.022499996703118086,0.12759999663103372,0.10230000771116465,True,4217.829642533986
ECC+AES-256,5000,5,4674,0.0219999928958714,0.12250000145286322,0.10039999324362725,True,4217.829642533986
ECC+AES-256,5000,5,4675,0.021899992134422064,0.1218999968841672,0.09989998943638057,True,4217.829642533986
ECC+AES-256,5000,5,4676,0.0219999928958714,0.1221999991685152,0.1007999962894246,True,4217.829642533986
ECC+AES-256,5000,5,4677,0.02169999061152339,0.12320000678300858,0.10809999366756529,True,4217.829642533986
ECC+AES-256,5000,5,4678,0.022800013539381325,0.12399999832268804,0.10060000931844115,True,4217.829642533986
ECC+AES-256,5000,5,4679,0.02200000744778663,0.12149999383836985,0.10030000703409314,True,4217.829642533986
ECC+AES-256,5000,5,4680,0.022299995180219412,0.12280000373721123,0.10069999552797526,True,4217.829642533986
ECC+AES-256,5000,5,4681,0.021599989850074053,0.12480000441428274,0.09719999798107892,True,4217.829642533986
ECC+AES-256,5000,5,4682,0.021200001356191933,0.11819999781437218,0.09750000026542693,True,4217.829642533986
ECC+AES-256,5000,5,4683,0.021100000594742596,0.11799999629147351,0.09610000415705144,True,4217.829642533986
ECC+AES-256,5000,5,4684,0.020899999071843922,0.1260999997612089,0.09839999256655574,True,4217.829642533986
ECC+AES-256,5000,5,4685,0.021400002879090607,0.12110000534448773,0.0968000094871968,True,4217.829642533986
ECC+AES-256,5000,5,4686,0.02130000211764127,0.1176999940071255,0.09789998875930905,True,4217.829642533986
ECC+AES-256,5000,5,4687,0.021400002879090607,0.11949999316129833,0.09790000331122428,True,4217.829642533986
ECC+AES-256,5000,5,4688,0.021400002879090607,0.11949999316129833,0.09830000635702163,True,4217.829642533986
ECC+AES-256,5000,5,4689,0.02130000211764127,0.11900000390596688,0.09790000331122428,True,4217.829642533986
ECC+AES-256,5000,5,4690,0.02099999983329326,0.11819999781437218,0.0968000094871968,True,4217.829642533986
ECC+AES-256,5000,5,4691,0.0408000050811097,0.1610999897820875,0.10959999053739011,True,4217.829642533986
ECC+AES-256,5000,5,4692,0.024599998141638935,0.1297999988310039,0.10119999933522195,True,4217.829642533986
ECC+AES-256,5000,5,4693,0.022200008970685303,0.12229999992996454,0.09940000018104911,True,4217.829642533986
ECC+AES-256,5000,5,4694,0.021799991372972727,0.1201999984914437,0.09820000559557229,True,4217.829642533986
ECC+AES-256,5000,5,4695,0.02169999061152339,0.11999999696854502,0.09810000483412296,True,4217.829642533986
ECC+AES-256,5000,5,4696,0.021800005924887955,0.13109999417793006,0.09770000178832561,True,4217.829642533986
ECC+AES-256,5000,5,4697,0.02160000440198928,0.11889998859260231,0.09709999721962959,True,4217.829642533986
ECC+AES-256,5000,5,4698,0.021500003640539944,0.11870000162161887,0.0973999995039776,True,4217.829642533986
ECC+AES-256,5000,5,4699,0.021400002879090607,0.11850000009872019,0.09790000331122428,True,4217.829642533986
ECC+AES-256,5000,5,4700,0.021100000594742596,0.1205000007757917,0.09770000178832561,True,4217.829642533986
ECC+AES-256,5000,5,4701,0.02160000440198928,0.12940001033712178,0.09760000102687627,True,4217.829642533986
ECC+AES-256,5000,5,4702,0.021100000594742596,0.20310000400058925,0.12169999536126852,True,4217.829642533986
ECC+AES-256,5000,5,4703,0.03709999145939946,0.2930999908130616,0.11949999316129833,True,4217.829642533986
ECC+AES-256,5000,5,4704,0.07249999907799065,0.38819998735561967,0.2693999995244667,True,4217.829642533986
ECC+AES-256,5000,5,4705,0.05079999391455203,0.1390999968862161,0.10580000525806099,True,4217.829642533986
ECC+AES-256,5000,5,4706,0.025000001187436283,0.12680000509135425,0.10210000618826598,True,4217.829642533986
ECC+AES-256,5000,5,4707,0.02409999433439225,0.13729999773204327,0.10229999315924942,True,4217.829642533986
ECC+AES-256,5000,5,4708,0.024299995857290924,0.12599999899975955,0.10140000085812062,True,4217.829642533986
ECC+AES-256,5000,5,4709,0.024499997380189598,0.1252999936696142,0.10200000542681664,True,4217.829642533986
ECC+AES-256,5000,5,4710,0.024100008886307478,0.1260999997612089,0.10130000009667128,True,4217.829642533986
ECC+AES-256,5000,5,4711,0.02370000584051013,0.12569999671541154,0.09830000635702163,True,4217.829642533986
ECC+AES-256,5000,5,4712,0.02260001201648265,0.1201999984914437,0.09750000026542693,True,4217.829642533986
ECC+AES-256,5000,5,4713,0.023200002033263445,0.12789999891538173,0.10049999400507659,True,4217.829642533986
ECC+AES-256,5000,5,4714,0.024500011932104826,0.12330000754445791,0.09929999941959977,True,4217.829642533986
ECC+AES-256,5000,5,4715,0.023100001271814108,0.12129999231547117,0.09879999561235309,True,4217.829642533986
ECC+AES-256,5000,5,4716,0.023300002794712782,0.12079998850822449,0.09900001168716699,True,4217.829642533986
ECC+AES-256,5000,5,4717,0.022899999748915434,0.1238999975612387,0.09710001177154481,True,4217.829642533986
ECC+AES-256,5000,5,4718,0.022899999748915434,0.12209999840706587,0.10010000551119447,True,4217.829642533986
ECC+AES-256,5000,5,4719,0.023600005079060793,0.12830000196117908,0.10080001084133983,True,4217.829642533986
ECC+AES-256,5000,5,4720,0.0247000134550035,0.12480000441428274,0.10040000779554248,True,4217.829642533986
ECC+AES-256,5000,5,4721,0.023500004317611456,0.1230000052601099,0.10019999172072858,True,4217.829642533986
ECC+AES-256,5000,5,4722,0.023100001271814108,0.1250000059371814,0.10010000551119447,True,4217.829642533986
ECC+AES-256,5000,5,4723,0.023300002794712782,0.1238999975612387,0.10130000009667128,True,4217.829642533986
ECC+AES-256,5000,5,4724,0.023499989765696228,0.12419999984558672,0.10109999857377261,True,4217.829642533986
ECC+AES-256,5000,5,4725,0.022199994418770075,0.12309999146964401,0.10040000779554248,True,4217.829642533986
ECC+AES-256,5000,5,4726,0.022099993657320738,0.13099999341648072,0.10130000009667128,True,4217.829642533986
ECC+AES-256,5000,5,4727,0.022500011255033314,0.12310000602155924,0.10060000931844115,True,4217.829642533986
ECC+AES-256,5000,5,4728,0.022299995180219412,0.1235999952768907,0.10060000931844115,True,4217.829642533986
ECC+AES-256,5000,5,4729,0.022199994418770075,0.1235999952768907,0.10000000474974513,True,4217.829642533986
ECC+AES-256,5000,5,4730,0.022100008209235966,0.12250000145286322,0.09929999941959977,True,4217.829642533986
ECC+AES-256,5000,5,4731,0.02200000744778663,0.12199999764561653,0.09979998867493123,True,4217.829642533986
ECC+AES-256,5000,5,4732,0.02230000973213464,0.12369999603834003,0.11069999891333282,True,4217.829642533986
ECC+AES-256,5000,5,4733,0.022599997464567423,0.12409999908413738,0.10069999552797526,True,4217.829642533986
ECC+AES-256,5000,5,4734,0.022499996703118086,0.12430000060703605,0.10049999400507659,True,4217.829642533986
ECC+AES-256,5000,5,4735,0.022100008209235966,0.12240000069141388,0.09989998943638057,True,4217.829642533986
ECC+AES-256,5000,5,4736,0.022799998987466097,0.1238999975612387,0.10130000009667128,True,4217.829642533986
ECC+AES-256,5000,5,4737,0.022499996703118086,0.12450000212993473,0.10089999705087394,True,4217.829642533986
ECC+AES-256,5000,5,4738,0.022499996703118086,0.13179999950807542,0.10150000161956996,True,4217.829642533986
ECC+AES-256,5000,5,4739,0.02300000051036477,0.12399999832268804,0.10150000161956996,True,4217.829642533986
ECC+AES-256,5000,5,4740,0.02269999822601676,0.12430000060703605,0.10050000855699182,True,4217.829642533986
ECC+AES-256,5000,5,4741,0.022499996703118086,0.1244999875780195,0.10030000703409314,True,4217.829642533986
ECC+AES-256,5000,5,4742,0.02260001201648265,0.1238999975612387,0.10060000931844115,True,4217.829642533986
ECC+AES-256,5000,5,4743,0.02230000973213464,0.12349999451544136,0.10010000551119447,True,4217.829642533986
ECC+AES-256,5000,5,4744,0.022200008970685303,0.12320000678300858,0.10960000508930534,True,4217.829642533986
ECC+AES-256,5000,5,4745,0.022599997464567423,0.12339999375399202,0.0999000039882958,True,4217.829642533986
ECC+AES-256,5000,5,4746,0.022199994418770075,0.12250000145286322,0.10059999476652592,True,4217.829642533986
ECC+AES-256,5000,5,4747,0.022199994418770075,0.12320000678300858,0.10069999552797526,True,4217.829642533986
ECC+AES-256,5000,5,4748,0.021899992134422064,0.12290000449866056,0.09979998867493123,True,4217.829642533986
ECC+AES-256,5000,5,4749,0.048999994760379195,0.18239999189972878,0.11239999730605632,True,4217.829642533986
ECC+AES-256,5000,5,4750,0.031000003218650818,0.1370999962091446,0.10230000771116465,True,4217.829642533986
ECC+AES-256,5000,5,4751,0.02649999805726111,0.1306999911321327,0.10070001007989049,True,4217.829642533986
ECC+AES-256,5000,5,4752,0.02580000727903098,0.1407999952789396,0.10069999552797526,True,4217.829642533986
ECC+AES-256,5000,5,4753,0.04030000127386302,0.1638999965507537,0.11039999662898481,True,4217.829642533986
ECC+AES-256,5000,5,4754,0.025000001187436283,0.17349999689031392,0.10750000365078449,True,4217.829642533986
ECC+AES-256,5000,5,4755,0.02370000584051013,0.13580000086221844,0.10630000906530768,True,4217.829642533986
ECC+AES-256,5000,5,4756,0.02230000973213464,0.12430000060703605,0.10070001007989049,True,4217.829642533986
ECC+AES-256,5000,5,4757,0.022100008209235966,0.12400001287460327,0.10019999172072858,True,4217.829642533986
ECC+AES-256,5000,5,4758,0.0219999928958714,0.12419999984558672,0.10010000551119447,True,4217.829642533986
ECC+AES-256,5000,5,4759,0.021800005924887955,0.12370001059025526,0.10049999400507659,True,4217.829642533986
ECC+AES-256,5000,5,4760,0.021899992134422064,0.12399999832268804,0.10119999933522195,True,4217.829642533986
ECC+AES-256,5000,5,4761,0.021900006686337292,0.12280000373721123,0.10849999671336263,True,4217.829642533986
ECC+AES-256,5000,5,4762,0.02269999822601676,0.12509999214671552,0.10119999933522195,True,4217.829642533986
ECC+AES-256,5000,5,4763,0.021700005163438618,0.122799989185296,0.0999999901978299,True,4217.829642533986
ECC+AES-256,5000,5,4764,0.02160000440198928,0.12250000145286322,0.09970000246539712,True,4217.829642533986
ECC+AES-256,5000,5,4765,0.02200000744778663,0.13250000483822078,0.10350000229664147,True,4217.829642533986
ECC+AES-256,5000,5,4766,0.04149999585933983,0.1753999968059361,0.11269999959040433,True,4217.829642533986
ECC+AES-256,5000,5,4767,0.024900000425986946,0.13159999798517674,0.10429999383632094,True,4217.829642533986
ECC+AES-256,5000,5,4768,0.022599997464567423,0.12589999823831022,0.10279999696649611,True,4217.829642533986
ECC+AES-256,5000,5,4769,0.021900006686337292,0.1247000036528334,0.10109999857377261,True,4217.829642533986
ECC+AES-256,5000,5,4770,0.021899992134422064,0.12250000145286322,0.0999000039882958,True,4217.829642533986
ECC+AES-256,5000,5,4771,0.022700012777931988,0.12360000982880592,0.10029999248217791,True,4217.829642533986
ECC+AES-256,5000,5,4772,0.022099993657320738,0.12260000221431255,0.10029999248217791,True,4217.829642533986
ECC+AES-256,5000,5,4773,0.022199994418770075,0.12460000289138407,0.1016000023810193,True,4217.829642533986
ECC+AES-256,5000,5,4774,0.022299995180219412,0.12290000449866056,0.10049999400507659,True,4217.829642533986
ECC+AES-256,5000,5,4775,0.022299995180219412,0.1238999975612387,0.10000000474974513,True,4217.829642533986
ECC+AES-256,5000,5,4776,0.02200000744778663,0.12220001372043043,0.09979998867493123,True,4217.829642533986
ECC+AES-256,5000,5,4777,0.021800005924887955,0.13110000872984529,0.10140000085812062,True,4217.829642533986
ECC+AES-256,5000,5,4778,0.022500011255033314,0.12170000991318375,0.10029999248217791,True,4217.829642533986
ECC+AES-256,5000,5,4779,0.021900006686337292,0.12350000906735659,0.10119999933522195,True,4217.829642533986
ECC+AES-256,5000,5,4780,0.021800005924887955,0.12719999358523637,0.10130000009667128,True,4217.829642533986
ECC+AES-256,5000,5,4781,0.0219999928958714,0.12289998994674534,0.10099999781232327,True,4217.829642533986
ECC+AES-256,5000,5,4782,0.021800005924887955,0.12180001067463309,0.10119999933522195,True,4217.829642533986
ECC+AES-256,5000,5,4783,0.02239999594166875,0.12369999603834003,0.10990000737365335,True,4217.829642533986
ECC+AES-256,5000,5,4784,0.02260001201648265,0.12240000069141388,0.10050000855699182,True,4217.829642533986
ECC+AES-256,5000,5,4785,0.021900006686337292,0.12250000145286322,0.10019999172072858,True,4217.829642533986
ECC+AES-256,5000,5,4786,0.022199994418770075,0.12270000297576189,0.10069999552797526,True,4217.829642533986
ECC+AES-256,5000,5,4787,0.021800005924887955,0.12149999383836985,0.09940000018104911,True,4217.829642533986
ECC+AES-256,5000,5,4788,0.021800005924887955,0.1221999991685152,0.1007999962894246,True,4217.829642533986
ECC+AES-256,5000,5,4789,0.021899992134422064,0.12310000602155924,0.10059999476652592,True,4217.829642533986
ECC+AES-256,5000,5,4790,0.021800005924887955,0.12969999806955457,0.10180000390391797,True,4217.829642533986
ECC+AES-256,5000,5,4791,0.022299995180219412,0.1343000039923936,0.10859999747481197,True,4217.829642533986
ECC+AES-256,5000,5,4792,0.02200000744778663,0.12160000915173441,0.14390000433195382,True,4217.829642533986
ECC+AES-256,5000,5,4793,0.024500011932104826,0.12460000289138407,0.10080001084133983,True,4217.829642533986
ECC+AES-256,5000,5,4794,0.021899992134422064,0.12199999764561653,0.10130000009667128,True,4217.829642533986
ECC+AES-256,5000,5,4795,0.021900006686337292,0.12260000221431255,0.10040000779554248,True,4217.829642533986
ECC+AES-256,5000,5,4796,0.022100008209235966,0.13010000111535192,0.1007999962894246,True,4217.829642533986
ECC+AES-256,5000,5,4797,0.0219999928958714,0.12240000069141388,0.10049999400507659,True,4217.829642533986
ECC+AES-256,5000,5,4798,0.021800005924887955,0.12250000145286322,0.10059999476652592,True,4217.829642533986
ECC+AES-256,5000,5,4799,0.02169999061152339,0.12280000373721123,0.10069999552797526,True,4217.829642533986
ECC+AES-256,5000,5,4800,0.021899992134422064,0.1213000068673864,0.10010000551119447,True,4217.829642533986
ECC+AES-256,5000,5,4801,0.02160000440198928,0.1218999968841672,0.09940000018104911,True,4217.829642533986
ECC+AES-256,5000,5,4802,0.0219999928958714,0.12209999840706587,0.09980000322684646,True,4217.829642533986
ECC+AES-256,5000,5,4803,0.022099993657320738,0.12280000373721123,0.10059999476652592,True,4217.829642533986
ECC+AES-256,5000,5,4804,0.021799991372972727,0.13190000026952475,0.10479999764356762,True,4217.829642533986
ECC+AES-256,5000,5,4805,0.022199994418770075,0.12250000145286322,0.09960000170394778,True,4217.829642533986
ECC+AES-256,5000,5,4806,0.021799991372972727,0.12270000297576189,0.10000000474974513,True,4217.829642533986
ECC+AES-256,5000,5,4807,0.021900006686337292,0.12349999451544136,0.10030000703409314,True,4217.829642533986
ECC+AES-256,5000,5,4808,0.02160000440198928,0.1235999952768907,0.10050000855699182,True,4217.829642533986
ECC+AES-256,5000,5,4809,0.021700005163438618,0.1297999988310039,0.10019999172072858,True,4217.829642533986
ECC+AES-256,5000,5,4810,0.02230000973213464,0.12259998766239733,0.10070001007989049,True,4217.829642533986
ECC+AES-256,5000,5,4811,0.02160000440198928,0.12229999992996454,0.10029999248217791,True,4217.829642533986
ECC+AES-256,5000,5,4812,0.021500003640539944,0.1218999968841672,0.09960000170394778,True,4217.829642533986
ECC+AES-256,5000,5,4813,0.022400010493583977,0.12319999223109335,0.10010000551119447,True,4217.829642533986
ECC+AES-256,5000,5,4814,0.02160000440198928,0.12170000991318375,0.10019999172072858,True,4217.829642533986
ECC+AES-256,5000,5,4815,0.02160000440198928,0.12249998690094799,0.11029999586753547,True,4217.829642533986
ECC+AES-256,5000,5,4816,0.0219999928958714,0.12289998994674534,0.0999000039882958,True,4217.829642533986
ECC+AES-256,5000,5,4817,0.022199994418770075,0.13279999257065356,0.10370000381954014,True,4217.829642533986
ECC+AES-256,5000,5,4818,0.02169999061152339,0.12180001067463309,0.10009999095927924,True,4217.829642533986
ECC+AES-256,5000,5,4819,0.02160000440198928,0.12139999307692051,0.09929999941959977,True,4217.829642533986
ECC+AES-256,5000,5,4820,0.021800005924887955,0.12290000449866056,0.10040000779554248,True,4217.829642533986
ECC+AES-256,5000,5,4821,0.03920000744983554,0.1657999964663759,0.1142999972216785,True,4217.829642533986
ECC+AES-256,5000,5,4822,0.02469999890308827,0.13000000035390258,0.10420000762678683,True,4217.829642533986
ECC+AES-256,5000,5,4823,0.022599997464567423,0.12450000212993473,0.10140000085812062,True,4217.829642533986
ECC+AES-256,5000,5,4824,0.022299995180219412,0.12379999679978937,0.10089999705087394,True,4217.829642533986
ECC+AES-256,5000,5,4825,0.022099993657320738,0.12329999299254268,0.10090001160278916,True,4217.829642533986
ECC+AES-256,5000,5,4826,0.022499996703118086,0.1250000059371814,0.10099999781232327,True,4217.829642533986
ECC+AES-256,5000,5,4827,0.022099993657320738,0.12680000509135425,0.10150000161956996,True,4217.829642533986
ECC+AES-256,5000,5,4828,0.022400010493583977,0.12280000373721123,0.10420000762678683,True,4217.829642533986
ECC+AES-256,5000,5,4829,0.02160000440198928,0.12120000610593706,0.09820000559557229,True,4217.829642533986
ECC+AES-256,5000,5,4830,0.021499989088624716,0.11910000466741621,0.09719999798107892,True,4217.829642533986
ECC+AES-256,5000,5,4831,0.02139998832717538,0.11920000542886555,0.09780000254977494,True,4217.829642533986
ECC+AES-256,5000,5,4832,0.021799991372972727,0.13050000416114926,0.10019999172072858,True,4217.829642533986
ECC+AES-256,5000,5,4833,0.022299995180219412,0.12100000458303839,0.09859999408945441,True,4217.829642533986
ECC+AES-256,5000,5,4834,0.021500003640539944,0.12129999231547117,0.09870000940281898,True,4217.829642533986
ECC+AES-256,5000,5,4835,0.021200001356191933,0.11979999544564635,0.09839999256655574,True,4217.829642533986
ECC+AES-256,5000,5,4836,0.02239999594166875,0.12149999383836985,0.09820000559557229,True,4217.829642533986
ECC+AES-256,5000,5,4837,0.02139998832717538,0.11910000466741621,0.09859999408945441,True,4217.829642533986
ECC+AES-256,5000,5,4838,0.021799991372972727,0.1196000084746629,0.09709999721962959,True,4217.829642533986
ECC+AES-256,5000,5,4839,0.021799991372972727,0.1201999984914437,0.0973999995039776,True,4217.829642533986
ECC+AES-256,5000,5,4840,0.02160000440198928,0.11920000542886555,0.09699999645818025,True,4217.829642533986
ECC+AES-256,5000,5,4841,0.021200001356191933,0.11850000009872019,0.09809999028220773,True,4217.829642533986
ECC+AES-256,5000,5,4842,0.021400002879090607,0.33399999665562063,0.11829999857582152,True,4217.829642533986
ECC+AES-256,5000,5,4843,0.03460000152699649,0.14369998825713992,0.10260000999551266,True,4217.829642533986
ECC+AES-256,5000,5,4844,0.023899992811493576,0.12129999231547117,0.09799998952075839,True,4217.829642533986
ECC+AES-256,5000,5,4845,0.02439999661874026,0.12229999992996454,0.09820000559557229,True,4217.829642533986
ECC+AES-256,5000,5,4846,0.0219999928958714,0.11920000542886555,0.09800000407267362,True,4217.829642533986
ECC+AES-256,5000,5,4847,0.02200000744778663,0.11999999696854502,0.09780000254977494,True,4217.829642533986
ECC+AES-256,5000,5,4848,0.021900006686337292,0.1328000071225688,0.0999000039882958,True,4217.829642533986
ECC+AES-256,5000,5,4849,0.022900014300830662,0.12090000382158905,0.09810000483412296,True,4217.829642533986
ECC+AES-256,5000,5,4850,0.02160000440198928,0.12010001228190958,0.09780000254977494,True,4217.829642533986
ECC+AES-256,5000,5,4851,0.021800005924887955,0.11999999696854502,0.09760000102687627,True,4217.829642533986
ECC+AES-256,5000,5,4852,0.021700005163438618,0.11980000999756157,0.09800000407267362,True,4217.829642533986
ECC+AES-256,5000,5,4853,0.021100000594742596,0.11929999163839966,0.09820000559557229,True,4217.829642533986
ECC+AES-256,5000,5,4854,0.021500003640539944,0.11860000086016953,0.09679999493528157,True,4217.829642533986
ECC+AES-256,5000,5,4855,0.022200008970685303,0.1210999907925725,0.09800000407267362,True,4217.829642533986
ECC+AES-256,5000,5,4856,0.021500003640539944,0.1196000084746629,0.09830000635702163,True,4217.829642533986
ECC+AES-256,5000,5,4857,0.021400002879090607,0.11949999316129833,0.09860000864136964,True,4217.829642533986
ECC+AES-256,5000,5,4858,0.021200001356191933,0.11860000086016953,0.09699999645818025,True,4217.829642533986
ECC+AES-256,5000,5,4859,0.021200001356191933,0.12009999772999436,0.09760000102687627,True,4217.829642533986
ECC+AES-256,5000,5,4860,0.02130000211764127,0.119399992399849,0.09780000254977494,True,4217.829642533986
ECC+AES-256,5000,5,4861,0.02130000211764127,0.12909999350085855,0.09960000170394778,True,4217.829642533986
ECC+AES-256,5000,5,4862,0.02160000440198928,0.11930000619031489,0.0973999995039776,True,4217.829642533986
ECC+AES-256,5000,5,4863,0.021400002879090607,0.11910000466741621,0.09860000864136964,True,4217.829642533986
ECC+AES-256,5000,5,4864,0.021700005163438618,0.12250000145286322,0.10030000703409314,True,4217.829642533986
ECC+AES-256,5000,5,4865,0.02200000744778663,0.12299999070819467,0.10060000931844115,True,4217.829642533986
ECC+AES-256,5000,5,4866,0.021900006686337292,0.12299999070819467,0.10130000009667128,True,4217.829642533986
ECC+AES-256,5000,5,4867,0.021899992134422064,0.1230000052601099,0.10010000551119447,True,4217.829642533986
ECC+AES-256,5000,5,4868,0.02269999822601676,0.12660000356845558,0.10109999857377261,True,4217.829642533986
ECC+AES-256,5000,5,4869,0.022099993657320738,0.12369999603834003,0.10050000855699182,True,4217.829642533986
ECC+AES-256,5000,5,4870,0.022200008970685303,0.12309999146964401,0.1002000062726438,True,4217.829642533986
ECC+AES-256,5000,5,4871,0.022199994418770075,0.12340000830590725,0.09929999941959977,True,4217.829642533986
ECC+AES-256,5000,5,4872,0.02200000744778663,0.12319999223109335,0.10050000855699182,True,4217.829642533986
ECC+AES-256,5000,5,4873,0.021800005924887955,0.1218999968841672,0.10019999172072858,True,4217.829642533986
ECC+AES-256,5000,5,4874,0.022299995180219412,0.17270000535063446,0.10570000449661165,True,4217.829642533986
ECC+AES-256,5000,5,4875,0.02469999890308827,0.1269999920623377,0.10149998706765473,True,4217.829642533986
ECC+AES-256,5000,5,4876,0.02239999594166875,0.12349999451544136,0.1007999962894246,True,4217.829642533986
ECC+AES-256,5000,5,4877,0.023100001271814108,0.12549999519251287,0.10199999087490141,True,4217.829642533986
ECC+AES-256,5000,5,4878,0.02260001201648265,0.12419999984558672,0.10080001084133983,True,4217.829642533986
ECC+AES-256,5000,5,4879,0.022299995180219412,0.12349999451544136,0.1007999962894246,True,4217.829642533986
ECC+AES-256,5000,5,4880,0.022199994418770075,0.12989999959245324,0.10320000001229346,True,4217.829642533986
ECC+AES-256,5000,5,4881,0.022799998987466097,0.12369999603834003,0.10080001084133983,True,4217.829642533986
ECC+AES-256,5000,5,4882,0.022700012777931988,0.12340000830590725,0.10099999781232327,True,4217.829642533986
ECC+AES-256,5000,5,4883,0.022099993657320738,0.1235999952768907,0.10090001160278916,True,4217.829642533986
ECC+AES-256,5000,5,4884,0.022199994418770075,0.12379999679978937,0.1010000123642385,True,4217.829642533986
ECC+AES-256,5000,5,4885,0.022199994418770075,0.12349999451544136,0.1010000123642385,True,4217.829642533986
ECC+AES-256,5000,5,4886,0.0219999928958714,0.12329999299254268,0.10010000551119447,True,4217.829642533986
ECC+AES-256,5000,5,4887,0.022599997464567423,0.12419999984558672,0.10059999476652592,True,4217.829642533986
ECC+AES-256,5000,5,4888,0.022100008209235966,0.12240000069141388,0.10049999400507659,True,4217.829642533986
ECC+AES-256,5000,5,4889,0.02230000973213464,0.1235999952768907,0.10109999857377261,True,4217.829642533986
ECC+AES-256,5000,5,4890,0.022799998987466097,0.12510000669863075,0.10019999172072858,True,4217.829642533986
ECC+AES-256,5000,5,4891,0.022199994418770075,0.12419999984558672,0.10010000551119447,True,4217.829642533986
ECC+AES-256,5000,5,4892,0.021800005924887955,0.30590000096708536,0.20290000247769058,True,4217.829642533986
ECC+AES-256,5000,5,4893,0.030399998649954796,0.1365999924018979,0.10200000542681664,True,4217.829642533986
ECC+AES-256,5000,5,4894,0.023600005079060793,0.1238999975612387,0.09839999256655574,True,4217.829642533986
ECC+AES-256,5000,5,4895,0.022199994418770075,0.12150000839028507,0.09919999865815043,True,4217.829642533986
ECC+AES-256,5000,5,4896,0.02200000744778663,0.12029999925289303,0.09819999104365706,True,4217.829642533986
ECC+AES-256,5000,5,4897,0.021799991372972727,0.12070000229869038,0.1103000104194507,True,4217.829642533986
ECC+AES-256,5000,5,4898,0.022500011255033314,0.12040000001434237,0.09840000711847097,True,4217.829642533986
ECC+AES-256,5000,5,4899,0.021799991372972727,0.11989999620709568,0.09720001253299415,True,4217.829642533986
ECC+AES-256,5000,5,4900,0.022799998987466097,0.12149999383836985,0.09760000102687627,True,4217.829642533986
ECC+AES-256,5000,5,4901,0.021800005924887955,0.1201999984914437,0.09820000559557229,True,4217.829642533986
ECC+AES-256,5000,5,4902,0.02160000440198928,0.11970000923611224,0.09689999569673091,True,4217.829642533986
ECC+AES-256,5000,5,4903,0.021800005924887955,0.11949999316129833,0.09830000635702163,True,4217.829642533986
ECC+AES-256,5000,5,4904,0.02200000744778663,0.1294999965466559,0.09889999637380242,True,4217.829642533986
ECC+AES-256,5000,5,4905,0.02200000744778663,0.1201999984914437,0.09780000254977494,True,4217.829642533986
ECC+AES-256,5000,5,4906,0.021900006686337292,0.12060000153724104,0.09879999561235309,True,4217.829642533986
ECC+AES-256,5000,5,4907,0.02130000211764127,0.1238999975612387,0.10049999400507659,True,4217.829642533986
ECC+AES-256,5000,5,4908,0.022200008970685303,0.12700000661425292,0.10040000779554248,True,4217.829642533986
ECC+AES-256,5000,5,4909,0.022599997464567423,0.12330000754445791,0.10039999324362725,True,4217.829642533986
ECC+AES-256,5000,5,4910,0.02230000973213464,0.12390001211315393,0.11139998969156295,True,4217.829642533986
ECC+AES-256,5000,5,4911,0.02309998671989888,0.12460000289138407,0.1016000023810193,True,4217.829642533986
ECC+AES-256,5000,5,4912,0.022299995180219412,0.12419999984558672,0.10089999705087394,True,4217.829642533986
ECC+AES-256,5000,5,4913,0.022099993657320738,0.12319999223109335,0.1007999962894246,True,4217.829642533986
ECC+AES-256,5000,5,4914,0.022199994418770075,0.12319999223109335,0.10069999552797526,True,4217.829642533986
ECC+AES-256,5000,5,4915,0.022099993657320738,0.12379999679978937,0.1002000062726438,True,4217.829642533986
ECC+AES-256,5000,5,4916,0.022299995180219412,0.12270000297576189,0.09980000322684646,True,4217.829642533986
ECC+AES-256,5000,5,4917,0.022100008209235966,0.13120000949129462,0.10089999705087394,True,4217.829642533986
ECC+AES-256,5000,5,4918,0.02239999594166875,0.12280000373721123,0.10010000551119447,True,4217.829642533986
ECC+AES-256,5000,5,4919,0.022199994418770075,0.12340000830590725,0.10039999324362725,True,4217.829642533986
ECC+AES-256,5000,5,4920,0.02200000744778663,0.122799989185296,0.1002000062726438,True,4217.829642533986
ECC+AES-256,5000,5,4921,0.022099993657320738,0.12349999451544136,0.10089999705087394,True,4217.829642533986
ECC+AES-256,5000,5,4922,0.022199994418770075,0.12260000221431255,0.10019999172072858,True,4217.829642533986
ECC+AES-256,5000,5,4923,0.022500011255033314,0.12340000830590725,0.10989999282173812,True,4217.829642533986
ECC+AES-256,5000,5,4924,0.02230000973213464,0.12299999070819467,0.10040000779554248,True,4217.829642533986
ECC+AES-256,5000,5,4925,0.022200008970685303,0.12349999451544136,0.0999000039882958,True,4217.829642533986
ECC+AES-256,5000,5,4926,0.0219999928958714,0.12229999992996454,0.09940000018104911,True,4217.829642533986
ECC+AES-256,5000,5,4927,0.022099993657320738,0.12270000297576189,0.10059999476652592,True,4217.829642533986
ECC+AES-256,5000,5,4928,0.022099993657320738,0.12260000221431255,0.10039999324362725,True,4217.829642533986
ECC+AES-256,5000,5,4929,0.021899992134422064,0.12209999840706587,0.09980000322684646,True,4217.829642533986
ECC+AES-256,5000,5,4930,0.022599997464567423,0.12329999299254268,0.10040000779554248,True,4217.829642533986
ECC+AES-256,5000,5,4931,0.022200008970685303,0.12340000830590725,0.1007999962894246,True,4217.829642533986
ECC+AES-256,5000,5,4932,0.022599997464567423,0.12480000441428274,0.10059999476652592,True,4217.829642533986
ECC+AES-256,5000,5,4933,0.021899992134422064,0.12280000373721123,0.10069999552797526,True,4217.829642533986
ECC+AES-256,5000,5,4934,0.021799991372972727,0.12330000754445791,0.10049999400507659,True,4217.829642533986
ECC+AES-256,5000,5,4935,0.022199994418770075,0.1235999952768907,0.10089999705087394,True,4217.829642533986
ECC+AES-256,5000,5,4936,0.02200000744778663,0.13210000179242343,0.10210000618826598,True,4217.829642533986
ECC+AES-256,5000,5,4937,0.02230000973213464,0.1235999952768907,0.1007999962894246,True,4217.829642533986
ECC+AES-256,5000,5,4938,0.02200000744778663,0.12330000754445791,0.1002000062726438,True,4217.829642533986
ECC+AES-256,5000,5,4939,0.022099993657320738,0.12319999223109335,0.10009999095927924,True,4217.829642533986
ECC+AES-256,5000,5,4940,0.02200000744778663,0.12689999130088836,0.10010000551119447,True,4217.829642533986
ECC+AES-256,5000,5,4941,0.022500011255033314,0.122799989185296,0.10040000779554248,True,4217.829642533986
ECC+AES-256,5000,5,4942,0.04360001184977591,0.16920000780373812,0.11660000018309802,True,4217.829642533986
ECC+AES-256,5000,5,4943,0.03409999771974981,0.18730000010691583,0.1137000072048977,True,4217.829642533986
ECC+AES-256,5000,5,4944,0.043099993490614,0.16870000399649143,0.11399999493733048,True,4217.829642533986
ECC+AES-256,5000,5,4945,0.025599991204217076,0.13139999646227807,0.1041999930748716,True,4217.829642533986
ECC+AES-256,5000,5,4946,0.02230000973213464,0.12459998833946884,0.10090001160278916,True,4217.829642533986
ECC+AES-256,5000,5,4947,0.02230000973213464,0.12480000441428274,0.1019000046653673,True,4217.829642533986
ECC+AES-256,5000,5,4948,0.02200000744778663,0.12269998842384666,0.1016000023810193,True,4217.829642533986
ECC+AES-256,5000,5,4949,0.02200000744778663,0.14039999223314226,0.10150000161956996,True,4217.829642533986
ECC+AES-256,5000,5,4950,0.02269999822601676,0.1238999975612387,0.10049999400507659,True,4217.829642533986
ECC+AES-256,5000,5,4951,0.02239999594166875,0.1238999975612387,0.10109999857377261,True,4217.829642533986
ECC+AES-256,5000,5,4952,0.021500003640539944,0.12319999223109335,0.10069999552797526,True,4217.829642533986
ECC+AES-256,5000,5,4953,0.022100008209235966,0.12209999840706587,0.1007999962894246,True,4217.829642533986
ECC+AES-256,5000,5,4954,0.022100008209235966,0.12179999612271786,0.10059999476652592,True,4217.829642533986
ECC+AES-256,5000,5,4955,0.021800005924887955,0.1218999968841672,0.10439999459777027,True,4217.829642533986
ECC+AES-256,5000,5,4956,0.022799998987466097,0.13270000636111945,0.10590000601951033,True,4217.829642533986
ECC+AES-256,5000,5,4957,0.02239999594166875,0.12440000136848539,0.10080001084133983,True,4217.829642533986
ECC+AES-256,5000,5,4958,0.0219999928958714,0.12209999840706587,0.09980000322684646,True,4217.829642533986
ECC+AES-256,5000,5,4959,0.022100008209235966,0.12179999612271786,0.09970000246539712,True,4217.829642533986
ECC+AES-256,5000,5,4960,0.0219999928958714,0.12290000449866056,0.09989998943638057,True,4217.829642533986
ECC+AES-256,5000,5,4961,0.022100008209235966,0.122799989185296,0.10099999781232327,True,4217.829642533986
ECC+AES-256,5000,5,4962,0.027400004910305142,0.1379000023007393,0.10540000221226364,True,4217.829642533986
ECC+AES-256,5000,5,4963,0.023300002794712782,0.1247000036528334,0.10039999324362725,True,4217.829642533986
ECC+AES-256,5000,5,4964,0.022199994418770075,0.12270000297576189,0.0999000039882958,True,4217.829642533986
ECC+AES-256,5000,5,4965,0.022099993657320738,0.1238999975612387,0.10089999705087394,True,4217.829642533986
ECC+AES-256,5000,5,4966,0.021899992134422064,0.1221999991685152,0.1002000062726438,True,4217.829642533986
ECC+AES-256,5000,5,4967,0.021900006686337292,0.12179999612271786,0.10049999400507659,True,4217.829642533986
ECC+AES-256,5000,5,4968,0.02300000051036477,0.13420000323094428,0.10800000745803118,True,4217.829642533986
ECC+AES-256,5000,5,4969,0.02239999594166875,0.12349999451544136,0.14630000805482268,True,4217.829642533986
ECC+AES-256,5000,5,4970,0.08520000847056508,0.22119999630376697,0.11560000712051988,True,4217.829642533986
ECC+AES-256,5000,5,4971,0.027400004910305142,0.13529999705497175,0.1058999914675951,True,4217.829642533986
ECC+AES-256,5000,5,4972,0.02339998900424689,0.13309999485500157,0.10289999772794545,True,4217.829642533986
ECC+AES-256,5000,5,4973,0.02300000051036477,0.12399999832268804,0.10119999933522195,True,4217.829642533986
ECC+AES-256,5000,5,4974,0.022299995180219412,0.12369999603834003,0.11490000179037452,True,4217.829642533986
ECC+AES-256,5000,5,4975,0.026900001103058457,0.13159999798517674,0.1024999946821481,True,4217.829642533986
ECC+AES-256,5000,5,4976,0.022700012777931988,0.1238000113517046,0.10130000009667128,True,4217.829642533986
ECC+AES-256,5000,5,4977,0.022200008970685303,0.12370001059025526,0.10029999248217791,True,4217.829642533986
ECC+AES-256,5000,5,4978,0.041099992813542485,0.1666999887675047,0.11310000263620168,True,4217.829642533986
ECC+AES-256,5000,5,4979,0.025299988919869065,0.1320000010309741,0.10449999535921961,True,4217.829642533986
ECC+AES-256,5000,5,4980,0.02269999822601676,0.1362999901175499,0.10350000229664147,True,4217.829642533986
ECC+AES-256,5000,5,4981,0.02269999822601676,0.12569999671541154,0.10170000314246863,True,4217.829642533986
ECC+AES-256,5000,5,4982,0.022400010493583977,0.1235999952768907,0.10099999781232327,True,4217.829642533986
ECC+AES-256,5000,5,4983,0.022100008209235966,0.12789999891538173,0.10340000153519213,True,4217.829642533986
ECC+AES-256,5000,5,4984,0.022299995180219412,0.12250000145286322,0.10150000161956996,True,4217.829642533986
ECC+AES-256,5000,5,4985,0.02200000744778663,0.1218999968841672,0.0999000039882958,True,4217.829642533986
ECC+AES-256,5000,5,4986,0.022499996703118086,0.13129999570082873,0.30720001086592674,True,4217.829642533986
ECC+AES-256,5000,5,4987,0.03700000524986535,0.22780000290367752,0.12630000128410757,True,4217.829642533986
ECC+AES-256,5000,5,4988,0.030800001695752144,0.1379000023007393,0.10629999451339245,True,4217.829642533986
ECC+AES-256,5000,5,4989,0.02370000584051013,0.1289000065298751,0.1036000030580908,True,4217.829642533986
ECC+AES-256,5000,5,4990,0.022799998987466097,0.12460000289138407,0.10180000390391797,True,4217.829642533986
ECC+AES-256,5000,5,4991,0.023100001271814108,0.12629998673219234,0.10170000314246863,True,4217.829642533986
ECC+AES-256,5000,5,4992,0.02239999594166875,0.12310000602155924,0.10059999476652592,True,4217.829642533986
ECC+AES-256,5000,5,4993,0.022199994418770075,0.12260000221431255,0.09970000246539712,True,4217.829642533986
ECC+AES-256,5000,5,4994,0.022299995180219412,0.12369999603834003,0.10030000703409314,True,4217.829642533986
ECC+AES-256,5000,5,4995,0.02230000973213464,0.12440000136848539,0.10080001084133983,True,4217.829642533986
ECC+AES-256,5000,5,4996,0.022100008209235966,0.12269998842384666,0.10019999172072858,True,4217.829642533986
ECC+AES-256,5000,5,4997,0.022299995180219412,0.13190000026952475,0.10119999933522195,True,4217.829642533986
ECC+AES-256,5000,5,4998,0.022099993657320738,0.12280000373721123,0.10069999552797526,True,4217.829642533986
ECC+AES-256,5000,5,4999,0.02230000973213464,0.12299999070819467,0.1002000062726438,True,4217.829642533986
ECC+AES-256,5000,5,5000,0.021800005924887955,0.122799989185296,0.10010000551119447,True,4217.829642533986
