scheme,volume,repetition,transaction_id,key_gen_time,encryption_time,decryption_time,integrity_verified,throughput
ECC+ChaCha20,5000,3,1,7.040800002869219,1.0140999947907403,0.1934999891091138,True,4235.965650809835
ECC+ChaCha20,5000,3,2,0.05610000516753644,0.1897000038297847,0.12560001050587744,True,4235.965650809835
ECC+ChaCha20,5000,3,3,0.049000009312294424,0.17769999976735562,0.12029999925289303,True,4235.965650809835
ECC+ChaCha20,5000,3,4,0.03770001058001071,0.152900000102818,0.11300000187475234,True,4235.965650809835
ECC+ChaCha20,5000,3,5,0.03229999856557697,0.14369998825713992,0.11010000889655203,True,4235.965650809835
ECC+ChaCha20,5000,3,6,0.031400006264448166,0.148899998748675,0.11059999815188348,True,4235.965650809835
ECC+ChaCha20,5000,3,7,0.0312999909510836,0.14039999223314226,0.10829999519046396,True,4235.965650809835
ECC+ChaCha20,5000,3,8,0.03060000017285347,0.13939999917056412,0.10840001050382853,True,4235.965650809835
ECC+ChaCha20,5000,3,9,0.030499999411404133,0.13810000382363796,0.10760000441223383,True,4235.965650809835
ECC+ChaCha20,5000,3,10,0.03060000017285347,0.13949999993201345,0.10770000517368317,True,4235.965650809835
ECC+ChaCha20,5000,3,11,0.030300012440420687,0.13870000839233398,0.1078000059351325,True,4235.965650809835
ECC+ChaCha20,5000,3,12,0.030199997127056122,0.1441000058548525,0.1083999959519133,True,4235.965650809835
ECC+ChaCha20,5000,3,13,0.030499999411404133,0.13860000763088465,0.10760000441223383,True,4235.965650809835
ECC+ChaCha20,5000,3,14,0.029999995604157448,0.13809998927172273,0.10789999214466661,True,4235.965650809835
ECC+ChaCha20,5000,3,15,0.02989999484270811,0.13729999773204327,0.10679999832063913,True,4235.965650809835
ECC+ChaCha20,5000,3,16,0.030199997127056122,0.13749999925494194,0.10750000365078449,True,4235.965650809835
ECC+ChaCha20,5000,3,17,0.039000005926936865,0.15719998918939382,0.11350000568199903,True,4235.965650809835
ECC+ChaCha20,5000,3,18,0.03199999628122896,0.1432999997632578,0.10900000052060932,True,4235.965650809835
ECC+ChaCha20,5000,3,19,0.030800001695752144,0.13890000991523266,0.10689999908208847,True,4235.965650809835
ECC+ChaCha20,5000,3,20,0.03060000017285347,0.1390999968862161,0.10730000212788582,True,4235.965650809835
ECC+ChaCha20,5000,3,21,0.03029999788850546,0.13800000306218863,0.10750000365078449,True,4235.965650809835
ECC+ChaCha20,5000,3,22,0.030199997127056122,0.13929999840911478,0.1078000059351325,True,4235.965650809835
ECC+ChaCha20,5000,3,23,0.031400006264448166,0.13839999155607074,0.10779999138321728,True,4235.965650809835
ECC+ChaCha20,5000,3,24,0.030100010917522013,0.13720001152250916,0.10770000517368317,True,4235.965650809835
ECC+ChaCha20,5000,3,25,0.029699993319809437,0.13800000306218863,0.10810000821948051,True,4235.965650809835
ECC+ChaCha20,5000,3,26,0.029799994081258774,0.13719999697059393,0.10720000136643648,True,4235.965650809835
ECC+ChaCha20,5000,3,27,0.03440000000409782,0.14849999570287764,0.11100000119768083,True,4235.965650809835
ECC+ChaCha20,5000,3,28,0.031200004741549492,0.1404999929945916,0.10779999138321728,True,4235.965650809835
ECC+ChaCha20,5000,3,29,0.03029999788850546,0.13819999003317207,0.1075999898603186,True,4235.965650809835
ECC+ChaCha20,5000,3,30,0.043799998820759356,0.16250000044237822,0.11220001033507288,True,4235.965650809835
ECC+ChaCha20,5000,3,31,0.033899996196851134,0.1438999897800386,0.10969999129883945,True,4235.965650809835
ECC+ChaCha20,5000,3,32,0.031800009310245514,0.1396000006934628,0.10779999138321728,True,4235.965650809835
ECC+ChaCha20,5000,3,33,0.03169999399688095,0.13929999840911478,0.10810000821948051,True,4235.965650809835
ECC+ChaCha20,5000,3,34,0.031799994758330286,0.14029999147169292,0.10859999747481197,True,4235.965650809835
ECC+ChaCha20,5000,3,35,0.0320999970426783,0.14089999604038894,0.10949998977594078,True,4235.965650809835
ECC+ChaCha20,5000,3,36,0.03130000550299883,0.13839999155607074,0.10819999442901462,True,4235.965650809835
ECC+ChaCha20,5000,3,37,0.03139999171253294,0.13810000382363796,0.10750000365078449,True,4235.965650809835
ECC+ChaCha20,5000,3,38,0.031100003980100155,0.13800000306218863,0.10779999138321728,True,4235.965650809835
ECC+ChaCha20,5000,3,39,0.03130000550299883,0.13840000610798597,0.10750000365078449,True,4235.965650809835
ECC+ChaCha20,5000,3,40,0.03309999010525644,0.142400007462129,0.1083999959519133,True,4235.965650809835
ECC+ChaCha20,5000,3,41,0.03139999171253294,0.13949999993201345,0.1078000059351325,True,4235.965650809835
ECC+ChaCha20,5000,3,42,0.031200004741549492,0.139000010676682,0.1078000059351325,True,4235.965650809835
ECC+ChaCha20,5000,3,43,0.031100003980100155,0.13859999307896942,0.10729998757597059,True,4235.965650809835
ECC+ChaCha20,5000,3,44,0.031099989428184927,0.13810000382363796,0.1078000059351325,True,4235.965650809835
ECC+ChaCha20,5000,3,45,0.031000003218650818,0.13949999993201345,0.10720000136643648,True,4235.965650809835
ECC+ChaCha20,5000,3,46,0.031099989428184927,0.14000000373926014,0.10740000288933516,True,4235.965650809835
ECC+ChaCha20,5000,3,47,0.03170000854879618,0.13919999764766544,0.1066999975591898,True,4235.965650809835
ECC+ChaCha20,5000,3,48,0.0315000070258975,0.1373000122839585,0.10649999603629112,True,4235.965650809835
ECC+ChaCha20,5000,3,49,0.0312999909510836,0.14230000670067966,0.10699999984353781,True,4235.965650809835
ECC+ChaCha20,5000,3,50,0.03099998866673559,0.13699999544769526,0.10649999603629112,True,4235.965650809835
ECC+ChaCha20,5000,3,51,0.031099989428184927,0.13760000001639128,0.10699999984353781,True,4235.965650809835
ECC+ChaCha20,5000,3,52,0.031200004741549492,0.13800000306218863,0.10730000212788582,True,4235.965650809835
ECC+ChaCha20,5000,3,53,0.030800001695752144,0.13880000915378332,0.10710000060498714,True,4235.965650809835
ECC+ChaCha20,5000,3,54,0.034199998481199145,0.13859999307896942,0.10710000060498714,True,4235.965650809835
ECC+ChaCha20,5000,3,55,0.033499993151053786,0.1382000045850873,0.10740000288933516,True,4235.965650809835
ECC+ChaCha20,5000,3,56,0.03369999467395246,0.13899999612476677,0.10790000669658184,True,4235.965650809835
ECC+ChaCha20,5000,3,57,0.03999999898951501,0.149200001033023,0.11180000728927553,True,4235.965650809835
ECC+ChaCha20,5000,3,58,0.03470000228844583,0.14309999824035913,0.10900000052060932,True,4235.965650809835
ECC+ChaCha20,5000,3,59,0.03409999771974981,0.14050000754650682,0.10819999442901462,True,4235.965650809835
ECC+ChaCha20,5000,3,60,0.03500000457279384,0.14010000450070947,0.10769999062176794,True,4235.965650809835
ECC+ChaCha20,5000,3,61,0.033899996196851134,0.14029999147169292,0.10889999975915998,True,4235.965650809835
ECC+ChaCha20,5000,3,62,0.034500000765547156,0.1399000029778108,0.10720000136643648,True,4235.965650809835
ECC+ChaCha20,5000,3,63,0.033899996196851134,0.14150000060908496,0.10710000060498714,True,4235.965650809835
ECC+ChaCha20,5000,3,64,0.035299992305226624,0.14000000373926014,0.10829999519046396,True,4235.965650809835
ECC+ChaCha20,5000,3,65,0.0337999954354018,0.13859999307896942,0.10720000136643648,True,4235.965650809835
ECC+ChaCha20,5000,3,66,0.0337999954354018,0.14059999375604093,0.10730000212788582,True,4235.965650809835
ECC+ChaCha20,5000,3,67,0.033200005418621004,0.13849999231752008,0.10699999984353781,True,4235.965650809835
ECC+ChaCha20,5000,3,68,0.033500007702969015,0.1407000090694055,0.10829999519046396,True,4235.965650809835
ECC+ChaCha20,5000,3,69,0.03340000694151968,0.13840000610798597,0.10689999908208847,True,4235.965650809835
ECC+ChaCha20,5000,3,70,0.03399999695830047,0.1385000068694353,0.10770000517368317,True,4235.965650809835
ECC+ChaCha20,5000,3,71,0.033899996196851134,0.13970000145491213,0.10789999214466661,True,4235.965650809835
ECC+ChaCha20,5000,3,72,0.0337999954354018,0.13849999231752008,0.10779999138321728,True,4235.965650809835
ECC+ChaCha20,5000,3,73,0.03360000846441835,0.13840000610798597,0.10770000517368317,True,4235.965650809835
ECC+ChaCha20,5000,3,74,0.03300000389572233,0.1396000006934628,0.10849999671336263,True,4235.965650809835
ECC+ChaCha20,5000,3,75,0.03290000313427299,0.1379999885102734,0.10689999908208847,True,4235.965650809835
ECC+ChaCha20,5000,3,76,0.033199990866705775,0.14010000450070947,0.10769999062176794,True,4235.965650809835
ECC+ChaCha20,5000,3,77,0.03310000465717167,0.13789998774882406,0.10749998909886926,True,4235.965650809835
ECC+ChaCha20,5000,3,78,0.03360000846441835,0.13910001143813133,0.10710000060498714,True,4235.965650809835
ECC+ChaCha20,5000,3,79,0.033899996196851134,0.1396000006934628,0.10829999519046396,True,4235.965650809835
ECC+ChaCha20,5000,3,80,0.033500007702969015,0.13830000534653664,0.10760000441223383,True,4235.965650809835
ECC+ChaCha20,5000,3,81,0.033200005418621004,0.13899999612476677,0.10800000745803118,True,4235.965650809835
ECC+ChaCha20,5000,3,82,0.03270000161137432,0.1387999946018681,0.10790000669658184,True,4235.965650809835
ECC+ChaCha20,5000,3,83,0.032800002372823656,0.13910001143813133,0.10769999062176794,True,4235.965650809835
ECC+ChaCha20,5000,3,84,0.033499993151053786,0.13980000221636146,0.10810000821948051,True,4235.965650809835
ECC+ChaCha20,5000,3,85,0.03330000618007034,0.13810000382363796,0.10670001211110502,True,4235.965650809835
ECC+ChaCha20,5000,3,86,0.03270000161137432,0.13710001076105982,0.10730000212788582,True,4235.965650809835
ECC+ChaCha20,5000,3,87,0.032199997804127634,0.1373999984934926,0.10689999908208847,True,4235.965650809835
ECC+ChaCha20,5000,3,88,0.03569999535102397,0.1441999920643866,0.10889999975915998,True,4235.965650809835
ECC+ChaCha20,5000,3,89,0.03500000457279384,0.13800000306218863,0.11360000644344836,True,4235.965650809835
ECC+ChaCha20,5000,3,90,0.035299992305226624,0.13919999764766544,0.10810000821948051,True,4235.965650809835
ECC+ChaCha20,5000,3,91,0.031199990189634264,0.13800000306218863,0.10699999984353781,True,4235.965650809835
ECC+ChaCha20,5000,3,92,0.03270000161137432,0.1390999968862161,0.10810000821948051,True,4235.965650809835
ECC+ChaCha20,5000,3,93,0.0315000070258975,0.13800000306218863,0.10689999908208847,True,4235.965650809835
ECC+ChaCha20,5000,3,94,0.031100003980100155,0.13769998622592539,0.1075999898603186,True,4235.965650809835
ECC+ChaCha20,5000,3,95,0.031400006264448166,0.13880000915378332,0.10730000212788582,True,4235.965650809835
ECC+ChaCha20,5000,3,96,0.03130000550299883,0.1362999901175499,0.10710000060498714,True,4235.965650809835
ECC+ChaCha20,5000,3,97,0.0312999909510836,0.1373999984934926,0.10699999984353781,True,4235.965650809835
ECC+ChaCha20,5000,3,98,0.03060000017285347,0.13800000306218863,0.10659999679774046,True,4235.965650809835
ECC+ChaCha20,5000,3,99,0.031100003980100155,0.13899999612476677,0.1075999898603186,True,4235.965650809835
ECC+ChaCha20,5000,3,100,0.031400006264448166,0.13780000153928995,0.10730000212788582,True,4235.965650809835
ECC+ChaCha20,5000,3,101,0.031099989428184927,0.1379000023007393,0.10750000365078449,True,4235.965650809835
ECC+ChaCha20,5000,3,102,0.031200004741549492,0.1379000023007393,0.10809999366756529,True,4235.965650809835
ECC+ChaCha20,5000,3,103,0.03060000017285347,0.13849999231752008,0.10799999290611595,True,4235.965650809835
ECC+ChaCha20,5000,3,104,0.03090000245720148,0.13800000306218863,0.1083999959519133,True,4235.965650809835
ECC+ChaCha20,5000,3,105,0.030800001695752144,0.13800000306218863,0.10739998833741993,True,4235.965650809835
ECC+ChaCha20,5000,3,106,0.031499992473982275,0.1382000045850873,0.10730000212788582,True,4235.965650809835
ECC+ChaCha20,5000,3,107,0.031200004741549492,0.13809998927172273,0.10829999519046396,True,4235.965650809835
ECC+ChaCha20,5000,3,108,0.03090000245720148,0.1379000023007393,0.10720000136643648,True,4235.965650809835
ECC+ChaCha20,5000,3,109,0.03090000245720148,0.13760000001639128,0.10750000365078449,True,4235.965650809835
ECC+ChaCha20,5000,3,110,0.03159999323543161,0.1396000006934628,0.10770000517368317,True,4235.965650809835
ECC+ChaCha20,5000,3,111,0.03260000084992498,0.13869999384041876,0.10710000060498714,True,4235.965650809835
ECC+ChaCha20,5000,3,112,0.03290000313427299,0.13889999536331743,0.10770000517368317,True,4235.965650809835
ECC+ChaCha20,5000,3,113,0.032500000088475645,0.13760000001639128,0.10679999832063913,True,4235.965650809835
ECC+ChaCha20,5000,3,114,0.032800002372823656,0.1382000045850873,0.10659999679774046,True,4235.965650809835
ECC+ChaCha20,5000,3,115,0.03239999932702631,0.13840000610798597,0.10810000821948051,True,4235.965650809835
ECC+ChaCha20,5000,3,116,0.05729999975301325,0.18319999799132347,0.11999999696854502,True,4235.965650809835
ECC+ChaCha20,5000,3,117,0.03480000304989517,0.145800004247576,0.10899998596869409,True,4235.965650809835
ECC+ChaCha20,5000,3,118,0.030399998649954796,0.13719999697059393,0.10789999214466661,True,4235.965650809835
ECC+ChaCha20,5000,3,119,0.03290000313427299,0.1441999920643866,0.10869999823626131,True,4235.965650809835
ECC+ChaCha20,5000,3,120,0.03200001083314419,0.1412999990861863,0.10969999129883945,True,4235.965650809835
ECC+ChaCha20,5000,3,121,0.03090000245720148,0.14000000373926014,0.10859999747481197,True,4235.965650809835
ECC+ChaCha20,5000,3,122,0.03060000017285347,0.13919999764766544,0.10750000365078449,True,4235.965650809835
ECC+ChaCha20,5000,3,123,0.030399998649954796,0.1387999946018681,0.10710000060498714,True,4235.965650809835
ECC+ChaCha20,5000,3,124,0.031000003218650818,0.13800000306218863,0.10889999975915998,True,4235.965650809835
ECC+ChaCha20,5000,3,125,0.03029999788850546,0.13870000839233398,0.1083999959519133,True,4235.965650809835
ECC+ChaCha20,5000,3,126,0.030800001695752144,0.13889999536331743,0.10770000517368317,True,4235.965650809835
ECC+ChaCha20,5000,3,127,0.030700000934302807,0.13839999155607074,0.10789999214466661,True,4235.965650809835
ECC+ChaCha20,5000,3,128,0.030800001695752144,0.13859999307896942,0.1075999898603186,True,4235.965650809835
ECC+ChaCha20,5000,3,129,0.030199997127056122,0.13729999773204327,0.1075999898603186,True,4235.965650809835
ECC+ChaCha20,5000,3,130,0.030700000934302807,0.1382000045850873,0.10740000288933516,True,4235.965650809835
ECC+ChaCha20,5000,3,131,0.031499992473982275,0.1390999968862161,0.10800000745803118,True,4235.965650809835
ECC+ChaCha20,5000,3,132,0.029800008633174002,0.13810000382363796,0.10730000212788582,True,4235.965650809835
ECC+ChaCha20,5000,3,133,0.03090000245720148,0.13780000153928995,0.10810000821948051,True,4235.965650809835
ECC+ChaCha20,5000,3,134,0.030199997127056122,0.1446999958716333,0.10910000128205866,True,4235.965650809835
ECC+ChaCha20,5000,3,135,0.030199997127056122,0.1373999984934926,0.10750000365078449,True,4235.965650809835
ECC+ChaCha20,5000,3,136,0.03090000245720148,0.13859999307896942,0.10779999138321728,True,4235.965650809835
ECC+ChaCha20,5000,3,137,0.029799994081258774,0.13630000466946512,0.10879999899771065,True,4235.965650809835
ECC+ChaCha20,5000,3,138,0.029999995604157448,0.1387999946018681,0.10749998909886926,True,4235.965650809835
ECC+ChaCha20,5000,3,139,0.030099996365606785,0.13749999925494194,0.10720000136643648,True,4235.965650809835
ECC+ChaCha20,5000,3,140,0.03029999788850546,0.13869999384041876,0.1083999959519133,True,4235.965650809835
ECC+ChaCha20,5000,3,141,0.03020001167897135,0.139000010676682,0.10789999214466661,True,4235.965650809835
ECC+ChaCha20,5000,3,142,0.031000003218650818,0.1390999968862161,0.10760000441223383,True,4235.965650809835
ECC+ChaCha20,5000,3,143,0.030499999411404133,0.13849999231752008,0.10689999908208847,True,4235.965650809835
ECC+ChaCha20,5000,3,144,0.030300012440420687,0.13720001152250916,0.10710000060498714,True,4235.965650809835
ECC+ChaCha20,5000,3,145,0.03029999788850546,0.13780000153928995,0.10689999908208847,True,4235.965650809835
ECC+ChaCha20,5000,3,146,0.030499999411404133,0.1382000045850873,0.1078000059351325,True,4235.965650809835
ECC+ChaCha20,5000,3,147,0.030100010917522013,0.13830000534653664,0.10679999832063913,True,4235.965650809835
ECC+ChaCha20,5000,3,148,0.02989999484270811,0.13810000382363796,0.10730000212788582,True,4235.965650809835
ECC+ChaCha20,5000,3,149,0.030099996365606785,0.13889999536331743,0.10849999671336263,True,4235.965650809835
ECC+ChaCha20,5000,3,150,0.037999998312443495,0.15010000788606703,0.10910000128205866,True,4235.965650809835
ECC+ChaCha20,5000,3,151,0.032199997804127634,0.14030000602360815,0.10689999908208847,True,4235.965650809835
ECC+ChaCha20,5000,3,152,0.031200004741549492,0.14030000602360815,0.10770000517368317,True,4235.965650809835
ECC+ChaCha20,5000,3,153,0.030800001695752144,0.1396000006934628,0.10740000288933516,True,4235.965650809835
ECC+ChaCha20,5000,3,154,0.030499999411404133,0.13810000382363796,0.10710000060498714,True,4235.965650809835
ECC+ChaCha20,5000,3,155,0.031000003218650818,0.149200001033023,0.10799999290611595,True,4235.965650809835
ECC+ChaCha20,5000,3,156,0.0337999954354018,0.14350000128615648,0.11069999891333282,True,4235.965650809835
ECC+ChaCha20,5000,3,157,0.046200002543628216,0.16619999951217324,0.11269999959040433,True,4235.965650809835
ECC+ChaCha20,5000,3,158,0.035899996873922646,0.1404999929945916,0.10789999214466661,True,4235.965650809835
ECC+ChaCha20,5000,3,159,0.0320999970426783,0.1396000006934628,0.10740000288933516,True,4235.965650809835
ECC+ChaCha20,5000,3,160,0.0312999909510836,0.13870000839233398,0.10679999832063913,True,4235.965650809835
ECC+ChaCha20,5000,3,161,0.031100003980100155,0.13800000306218863,0.10660001134965569,True,4235.965650809835
ECC+ChaCha20,5000,3,162,0.030800001695752144,0.13760000001639128,0.10730000212788582,True,4235.965650809835
ECC+ChaCha20,5000,3,163,0.031200004741549492,0.1382999907946214,0.10710000060498714,True,4235.965650809835
ECC+ChaCha20,5000,3,164,0.031000003218650818,0.1382000045850873,0.10689999908208847,True,4235.965650809835
ECC+ChaCha20,5000,3,165,0.031200004741549492,0.13710001076105982,0.10710000060498714,True,4235.965650809835
ECC+ChaCha20,5000,3,166,0.030800001695752144,0.13729999773204327,0.1066999975591898,True,4235.965650809835
ECC+ChaCha20,5000,3,167,0.03090000245720148,0.13779998698737472,0.10609999299049377,True,4235.965650809835
ECC+ChaCha20,5000,3,168,0.03090000245720148,0.1365999924018979,0.10609999299049377,True,4235.965650809835
ECC+ChaCha20,5000,3,169,0.030399998649954796,0.13719999697059393,0.10590000601951033,True,4235.965650809835
ECC+ChaCha20,5000,3,170,0.030700000934302807,0.1373999984934926,0.10710000060498714,True,4235.965650809835
ECC+ChaCha20,5000,3,171,0.03099998866673559,0.13899999612476677,0.10689999908208847,True,4235.965650809835
ECC+ChaCha20,5000,3,172,0.031100003980100155,0.13760000001639128,0.10730000212788582,True,4235.965650809835
ECC+ChaCha20,5000,3,173,0.031099989428184927,0.13919999764766544,0.10770000517368317,True,4235.965650809835
ECC+ChaCha20,5000,3,174,0.031499992473982275,0.13949999993201345,0.1078000059351325,True,4235.965650809835
ECC+ChaCha20,5000,3,175,0.031100003980100155,0.13870000839233398,0.10740000288933516,True,4235.965650809835
ECC+ChaCha20,5000,3,176,0.031000003218650818,0.14090001059230417,0.10710000060498714,True,4235.965650809835
ECC+ChaCha20,5000,3,177,0.03090000245720148,0.13710001076105982,0.10639999527484179,True,4235.965650809835
ECC+ChaCha20,5000,3,178,0.030800001695752144,0.13749999925494194,0.10760000441223383,True,4235.965650809835
ECC+ChaCha20,5000,3,179,0.03260000084992498,0.20290000247769058,0.17440000374335796,True,4235.965650809835
ECC+ChaCha20,5000,3,180,0.048000001697801054,0.1621999981580302,0.11430001177359372,True,4235.965650809835
ECC+ChaCha20,5000,3,181,0.03340000694151968,0.14429999282583594,0.11010000889655203,True,4235.965650809835
ECC+ChaCha20,5000,3,182,0.030700000934302807,0.13970000145491213,0.10809999366756529,True,4235.965650809835
ECC+ChaCha20,5000,3,183,0.030399998649954796,0.1387999946018681,0.10640000982675701,True,4235.965650809835
ECC+ChaCha20,5000,3,184,0.030199997127056122,0.14030000602360815,0.10819999442901462,True,4235.965650809835
ECC+ChaCha20,5000,3,185,0.030300012440420687,0.13780000153928995,0.10660001134965569,True,4235.965650809835
ECC+ChaCha20,5000,3,186,0.03020001167897135,0.13919999764766544,0.10799999290611595,True,4235.965650809835
ECC+ChaCha20,5000,3,187,0.03060000017285347,0.13800000306218863,0.10679999832063913,True,4235.965650809835
ECC+ChaCha20,5000,3,188,0.03029999788850546,0.14030000602360815,0.10820000898092985,True,4235.965650809835
ECC+ChaCha20,5000,3,189,0.030499999411404133,0.13859999307896942,0.1066999975591898,True,4235.965650809835
ECC+ChaCha20,5000,3,190,0.029799994081258774,0.1373999984934926,0.10709998605307192,True,4235.965650809835
ECC+ChaCha20,5000,3,191,0.03060000017285347,0.1382000045850873,0.10740000288933516,True,4235.965650809835
ECC+ChaCha20,5000,3,192,0.030099996365606785,0.1370999962091446,0.10689999908208847,True,4235.965650809835
ECC+ChaCha20,5000,3,193,0.029999995604157448,0.1370999962091446,0.10730000212788582,True,4235.965650809835
ECC+ChaCha20,5000,3,194,0.029999995604157448,0.13760000001639128,0.10670001211110502,True,4235.965650809835
ECC+ChaCha20,5000,3,195,0.0295999925583601,0.1379000023007393,0.10619999375194311,True,4235.965650809835
ECC+ChaCha20,5000,3,196,0.029799994081258774,0.13719999697059393,0.10650001058820635,True,4235.965650809835
ECC+ChaCha20,5000,3,197,0.030000010156072676,0.13690000923816115,0.10679999832063913,True,4235.965650809835
ECC+ChaCha20,5000,3,198,0.029999995604157448,0.13819999003317207,0.10679999832063913,True,4235.965650809835
ECC+ChaCha20,5000,3,199,0.029799994081258774,0.13679999392479658,0.10649999603629112,True,4235.965650809835
ECC+ChaCha20,5000,3,200,0.029800008633174002,0.13710001076105982,0.10619999375194311,True,4235.965650809835
ECC+ChaCha20,5000,3,201,0.030099996365606785,0.13699999544769526,0.10710000060498714,True,4235.965650809835
ECC+ChaCha20,5000,3,202,0.030899987905286252,0.13840000610798597,0.1066999975591898,True,4235.965650809835
ECC+ChaCha20,5000,3,203,0.029600007110275328,0.13679999392479658,0.10580000525806099,True,4235.965650809835
ECC+ChaCha20,5000,3,204,0.029799994081258774,0.13610000314656645,0.10679999832063913,True,4235.965650809835
ECC+ChaCha20,5000,3,205,0.02989999484270811,0.14050000754650682,0.10639999527484179,True,4235.965650809835
ECC+ChaCha20,5000,3,206,0.030700000934302807,0.14010000450070947,0.10730000212788582,True,4235.965650809835
ECC+ChaCha20,5000,3,207,0.029799994081258774,0.13699999544769526,0.10670001211110502,True,4235.965650809835
ECC+ChaCha20,5000,3,208,0.0295999925583601,0.13610000314656645,0.10600000678095967,True,4235.965650809835
ECC+ChaCha20,5000,3,209,0.05529999907594174,0.2322000073036179,0.11130000348202884,True,4235.965650809835
ECC+ChaCha20,5000,3,210,0.03429999924264848,0.14379998901858926,0.10859999747481197,True,4235.965650809835
ECC+ChaCha20,5000,3,211,0.031200004741549492,0.16599999798927456,0.10960000508930534,True,4235.965650809835
ECC+ChaCha20,5000,3,212,0.030499999411404133,0.14200000441633165,0.10720000136643648,True,4235.965650809835
ECC+ChaCha20,5000,3,213,0.02990000939462334,0.13830000534653664,0.10660001134965569,True,4235.965650809835
ECC+ChaCha20,5000,3,214,0.029700007871724665,0.1373999984934926,0.10689999908208847,True,4235.965650809835
ECC+ChaCha20,5000,3,215,0.03029999788850546,0.13839999155607074,0.10719998681452125,True,4235.965650809835
ECC+ChaCha20,5000,3,216,0.029600007110275328,0.1379000023007393,0.1066999975591898,True,4235.965650809835
ECC+ChaCha20,5000,3,217,0.030099996365606785,0.13770000077784061,0.10649999603629112,True,4235.965650809835
ECC+ChaCha20,5000,3,218,0.029999995604157448,0.1385000068694353,0.10740000288933516,True,4235.965650809835
ECC+ChaCha20,5000,3,219,0.030099996365606785,0.14289999671746045,0.10540000221226364,True,4235.965650809835
ECC+ChaCha20,5000,3,220,0.029999995604157448,0.1379000023007393,0.10699999984353781,True,4235.965650809835
ECC+ChaCha20,5000,3,221,0.0295999925583601,0.1368000084767118,0.10619999375194311,True,4235.965650809835
ECC+ChaCha20,5000,3,222,0.02989999484270811,0.13719999697059393,0.10670001211110502,True,4235.965650809835
ECC+ChaCha20,5000,3,223,0.030099996365606785,0.13760000001639128,0.10660001134965569,True,4235.965650809835
ECC+ChaCha20,5000,3,224,0.02989999484270811,0.13849999231752008,0.10699999984353781,True,4235.965650809835
ECC+ChaCha20,5000,3,225,0.029499991796910763,0.13729999773204327,0.10619999375194311,True,4235.965650809835
ECC+ChaCha20,5000,3,226,0.0295999925583601,0.1365000061923638,0.10609999299049377,True,4235.965650809835
ECC+ChaCha20,5000,3,227,0.029700007871724665,0.1379000023007393,0.10689999908208847,True,4235.965650809835
ECC+ChaCha20,5000,3,228,0.030000010156072676,0.1379000023007393,0.1066999975591898,True,4235.965650809835
ECC+ChaCha20,5000,3,229,0.029800008633174002,0.13749999925494194,0.10689999908208847,True,4235.965650809835
ECC+ChaCha20,5000,3,230,0.029999995604157448,0.1407999952789396,0.10689999908208847,True,4235.965650809835
ECC+ChaCha20,5000,3,231,0.030199997127056122,0.1382000045850873,0.10649999603629112,True,4235.965650809835
ECC+ChaCha20,5000,3,232,0.0295999925583601,0.1368000084767118,0.10679999832063913,True,4235.965650809835
ECC+ChaCha20,5000,3,233,0.02950000634882599,0.13619998935610056,0.10659999679774046,True,4235.965650809835
ECC+ChaCha20,5000,3,234,0.02989999484270811,0.13800000306218863,0.10790000669658184,True,4235.965650809835
ECC+ChaCha20,5000,3,235,0.029700007871724665,0.13679999392479658,0.10580000525806099,True,4235.965650809835
ECC+ChaCha20,5000,3,236,0.0315000070258975,0.14069999451749027,0.10689999908208847,True,4235.965650809835
ECC+ChaCha20,5000,3,237,0.030800001695752144,0.14019999071024358,0.1066999975591898,True,4235.965650809835
ECC+ChaCha20,5000,3,238,0.02989999484270811,0.13810000382363796,0.1066999975591898,True,4235.965650809835
ECC+ChaCha20,5000,3,239,0.029400005587376654,0.13779998698737472,0.10619999375194311,True,4235.965650809835
ECC+ChaCha20,5000,3,240,0.02950000634882599,0.13840000610798597,0.10679999832063913,True,4235.965650809835
ECC+ChaCha20,5000,3,241,0.035899996873922646,0.15189999248832464,0.11130000348202884,True,4235.965650809835
ECC+ChaCha20,5000,3,242,0.030800001695752144,0.14059999375604093,0.10800000745803118,True,4235.965650809835
ECC+ChaCha20,5000,3,243,0.030199997127056122,0.14010000450070947,0.10740000288933516,True,4235.965650809835
ECC+ChaCha20,5000,3,244,0.030399998649954796,0.13840000610798597,0.10730000212788582,True,4235.965650809835
ECC+ChaCha20,5000,3,245,0.029800008633174002,0.13760000001639128,0.10749998909886926,True,4235.965650809835
ECC+ChaCha20,5000,3,246,0.029800008633174002,0.1379000023007393,0.10789999214466661,True,4235.965650809835
ECC+ChaCha20,5000,3,247,0.02989999484270811,0.13770000077784061,0.10699999984353781,True,4235.965650809835
ECC+ChaCha20,5000,3,248,0.02990000939462334,0.13940001372247934,0.10779999138321728,True,4235.965650809835
ECC+ChaCha20,5000,3,249,0.029999995604157448,0.1379000023007393,0.1078000059351325,True,4235.965650809835
ECC+ChaCha20,5000,3,250,0.029999995604157448,0.13780000153928995,0.10640000982675701,True,4235.965650809835
ECC+ChaCha20,5000,3,251,0.030199997127056122,0.13899999612476677,0.10659999679774046,True,4235.965650809835
ECC+ChaCha20,5000,3,252,0.029999995604157448,0.13949999993201345,0.1083999959519133,True,4235.965650809835
ECC+ChaCha20,5000,3,253,0.029999995604157448,0.13780000153928995,0.10699999984353781,True,4235.965650809835
ECC+ChaCha20,5000,3,254,0.030099996365606785,0.1390999968862161,0.1075999898603186,True,4235.965650809835
ECC+ChaCha20,5000,3,255,0.029600007110275328,0.13889999536331743,0.10649999603629112,True,4235.965650809835
ECC+ChaCha20,5000,3,256,0.030499999411404133,0.1382999907946214,0.10730000212788582,True,4235.965650809835
ECC+ChaCha20,5000,3,257,0.029700007871724665,0.13719999697059393,0.10730000212788582,True,4235.965650809835
ECC+ChaCha20,5000,3,258,0.030099996365606785,0.1385000068694353,0.10699999984353781,True,4235.965650809835
ECC+ChaCha20,5000,3,259,0.02920000406447798,0.1348000077996403,0.10340000153519213,True,4235.965650809835
ECC+ChaCha20,5000,3,260,0.029000002541579306,0.14029999147169292,0.1044000091496855,True,4235.965650809835
ECC+ChaCha20,5000,3,261,0.02929999027401209,0.1348999940091744,0.10449999535921961,True,4235.965650809835
ECC+ChaCha20,5000,3,262,0.029700007871724665,0.13520001084543765,0.10390000534243882,True,4235.965650809835
ECC+ChaCha20,5000,3,263,0.029100003303028643,0.13410000246949494,0.10390000534243882,True,4235.965650809835
ECC+ChaCha20,5000,3,264,0.029100003303028643,0.13350001245271415,0.10390000534243882,True,4235.965650809835
ECC+ChaCha20,5000,3,265,0.029000002541579306,0.13420000323094428,0.10439999459777027,True,4235.965650809835
ECC+ChaCha20,5000,3,266,0.029300004825927317,0.13380000018514693,0.10299999848939478,True,4235.965650809835
ECC+ChaCha20,5000,3,267,0.028800001018680632,0.1336999994236976,0.10390000534243882,True,4235.965650809835
ECC+ChaCha20,5000,3,268,0.029799994081258774,0.1343000039923936,0.10350000229664147,True,4235.965650809835
ECC+ChaCha20,5000,3,269,0.03099998866673559,0.13640000543091446,0.10390000534243882,True,4235.965650809835
ECC+ChaCha20,5000,3,270,0.029600007110275328,0.13390000094659626,0.10400000610388815,True,4235.965650809835
ECC+ChaCha20,5000,3,271,0.02920000406447798,0.1348000077996403,0.10489999840501696,True,4235.965650809835
ECC+ChaCha20,5000,3,272,0.02920000406447798,0.13390000094659626,0.10340000153519213,True,4235.965650809835
ECC+ChaCha20,5000,3,273,0.029700007871724665,0.19020000763703138,0.109200002043508,True,4235.965650809835
ECC+ChaCha20,5000,3,274,0.03310000465717167,0.13610000314656645,0.10479999764356762,True,4235.965650809835
ECC+ChaCha20,5000,3,275,0.029400005587376654,0.13390000094659626,0.10459999612066895,True,4235.965650809835
ECC+ChaCha20,5000,3,276,0.02990000939462334,0.1348000077996403,0.10489999840501696,True,4235.965650809835
ECC+ChaCha20,5000,3,277,0.030199997127056122,0.13540001236833632,0.10520000068936497,True,4235.965650809835
ECC+ChaCha20,5000,3,278,0.029600007110275328,0.13389998639468104,0.10560000373516232,True,4235.965650809835
ECC+ChaCha20,5000,3,279,0.029600007110275328,0.13559999933931977,0.10399999155197293,True,4235.965650809835
ECC+ChaCha20,5000,3,280,0.029000002541579306,0.13599998783320189,0.10469999688211828,True,4235.965650809835
ECC+ChaCha20,5000,3,281,0.029400005587376654,0.1351000100839883,0.1036000030580908,True,4235.965650809835
ECC+ChaCha20,5000,3,282,0.02890000178012997,0.13339999713934958,0.1033000007737428,True,4235.965650809835
ECC+ChaCha20,5000,3,283,0.02890000178012997,0.13309999485500157,0.10289999772794545,True,4235.965650809835
ECC+ChaCha20,5000,3,284,0.029099988751113415,0.13420000323094428,0.1044000091496855,True,4235.965650809835
ECC+ChaCha20,5000,3,285,0.02890000178012997,0.13440000475384295,0.10430000838823617,True,4235.965650809835
ECC+ChaCha20,5000,3,286,0.030100010917522013,0.1328000071225688,0.10390000534243882,True,4235.965650809835
ECC+ChaCha20,5000,3,287,0.028700000257231295,0.13370001397561282,0.10299999848939478,True,4235.965650809835
ECC+ChaCha20,5000,3,288,0.029300004825927317,0.13470000703819096,0.10400000610388815,True,4235.965650809835
ECC+ChaCha20,5000,3,289,0.02920000406447798,0.13420000323094428,0.1033999869832769,True,4235.965650809835
ECC+ChaCha20,5000,3,290,0.029000002541579306,0.13380000018514693,0.10340000153519213,True,4235.965650809835
ECC+ChaCha20,5000,3,291,0.02890000178012997,0.13509999553207308,0.10410000686533749,True,4235.965650809835
ECC+ChaCha20,5000,3,292,0.02849999873433262,0.13819999003317207,0.1033000007737428,True,4235.965650809835
ECC+ChaCha20,5000,3,293,0.029099988751113415,0.13339999713934958,0.1041999930748716,True,4235.965650809835
ECC+ChaCha20,5000,3,294,0.028800001018680632,0.13349999790079892,0.10420000762678683,True,4235.965650809835
ECC+ChaCha20,5000,3,295,0.02890000178012997,0.13309999485500157,0.10350000229664147,True,4235.965650809835
ECC+ChaCha20,5000,3,296,0.028700000257231295,0.1328999933321029,0.1033000007737428,True,4235.965650809835
ECC+ChaCha20,5000,3,297,0.02890000178012997,0.13380000018514693,0.10350000229664147,True,4235.965650809835
ECC+ChaCha20,5000,3,298,0.02920000406447798,0.1328999933321029,0.1033000007737428,True,4235.965650809835
ECC+ChaCha20,5000,3,299,0.028700000257231295,0.13329999637790024,0.10350000229664147,True,4235.965650809835
ECC+ChaCha20,5000,3,300,0.02890000178012997,0.13359999866224825,0.10379999002907425,True,4235.965650809835
ECC+ChaCha20,5000,3,301,0.029400005587376654,0.13549999857787043,0.1041999930748716,True,4235.965650809835
ECC+ChaCha20,5000,3,302,0.029300004825927317,0.1345999917248264,0.10409999231342226,True,4235.965650809835
ECC+ChaCha20,5000,3,303,0.029000002541579306,0.13329999637790024,0.10370000381954014,True,4235.965650809835
ECC+ChaCha20,5000,3,304,0.029300004825927317,0.1336999994236976,0.10370000381954014,True,4235.965650809835
ECC+ChaCha20,5000,3,305,0.028999987989664078,0.13329999637790024,0.1036000030580908,True,4235.965650809835
ECC+ChaCha20,5000,3,306,0.028700000257231295,0.13329999637790024,0.10350000229664147,True,4235.965650809835
ECC+ChaCha20,5000,3,307,0.028699985705316067,0.13220000255387276,0.10409999231342226,True,4235.965650809835
ECC+ChaCha20,5000,3,308,0.02889998722821474,0.19039999460801482,0.18059999274555594,True,4235.965650809835
ECC+ChaCha20,5000,3,309,0.06819999543949962,0.20410001161508262,0.11829999857582152,True,4235.965650809835
ECC+ChaCha20,5000,3,310,0.04630000330507755,0.17719999596010894,0.1238999975612387,True,4235.965650809835
ECC+ChaCha20,5000,3,311,0.06219999340828508,0.21520000882446766,0.12009999772999436,True,4235.965650809835
ECC+ChaCha20,5000,3,312,0.0523999915458262,0.17619998834561557,0.11660000018309802,True,4235.965650809835
ECC+ChaCha20,5000,3,313,0.04849999095313251,0.17179999849759042,0.1171000039903447,True,4235.965650809835
ECC+ChaCha20,5000,3,314,0.036299999919719994,0.1466999965487048,0.10919998749159276,True,4235.965650809835
ECC+ChaCha20,5000,3,315,0.043799998820759356,0.16840000171214342,0.11730000551324338,True,4235.965650809835
ECC+ChaCha20,5000,3,316,0.035200006095692515,0.146100006531924,0.1137000072048977,True,4235.965650809835
ECC+ChaCha20,5000,3,317,0.047600013203918934,0.17680000746622682,0.11129998893011361,True,4235.965650809835
ECC+ChaCha20,5000,3,318,0.04509999416768551,0.18350000027567148,0.11940000695176423,True,4235.965650809835
ECC+ChaCha20,5000,3,319,0.03290000313427299,0.14629999350290745,0.11049999739043415,True,4235.965650809835
ECC+ChaCha20,5000,3,320,0.031400006264448166,0.14139999984763563,0.10989999282173812,True,4235.965650809835
ECC+ChaCha20,5000,3,321,0.0320999970426783,0.1410000113537535,0.10930000280495733,True,4235.965650809835
ECC+ChaCha20,5000,3,322,0.03300000389572233,0.14409999130293727,0.11079999967478216,True,4235.965650809835
ECC+ChaCha20,5000,3,323,0.031199990189634264,0.14060000830795616,0.10869999823626131,True,4235.965650809835
ECC+ChaCha20,5000,3,324,0.0354999938281253,0.15719998918939382,0.11170000652782619,True,4235.965650809835
ECC+ChaCha20,5000,3,325,0.0315000070258975,0.1432999997632578,0.10930000280495733,True,4235.965650809835
ECC+ChaCha20,5000,3,326,0.029999995604157448,0.1404999929945916,0.10930000280495733,True,4235.965650809835
ECC+ChaCha20,5000,3,327,0.030499999411404133,0.13939999917056412,0.1083999959519133,True,4235.965650809835
ECC+ChaCha20,5000,3,328,0.030199997127056122,0.1402000052621588,0.10910000128205866,True,4235.965650809835
ECC+ChaCha20,5000,3,329,0.030499999411404133,0.1407999952789396,0.10800000745803118,True,4235.965650809835
ECC+ChaCha20,5000,3,330,0.030800001695752144,0.14069999451749027,0.10889999975915998,True,4235.965650809835
ECC+ChaCha20,5000,3,331,0.030899987905286252,0.14109999756328762,0.10699999984353781,True,4235.965650809835
ECC+ChaCha20,5000,3,332,0.03090000245720148,0.14460000966209918,0.10910000128205866,True,4235.965650809835
ECC+ChaCha20,5000,3,333,0.03099998866673559,0.1404999929945916,0.10879999899771065,True,4235.965650809835
ECC+ChaCha20,5000,3,334,0.030099996365606785,0.14029999147169292,0.10790000669658184,True,4235.965650809835
ECC+ChaCha20,5000,3,335,0.02950000634882599,0.13910001143813133,0.10789999214466661,True,4235.965650809835
ECC+ChaCha20,5000,3,336,0.029499991796910763,0.13949999993201345,0.10829999519046396,True,4235.965650809835
ECC+ChaCha20,5000,3,337,0.03539999306667596,0.13849999231752008,0.10659999679774046,True,4235.965650809835
ECC+ChaCha20,5000,3,338,0.029799994081258774,0.1396999869029969,0.10799999290611595,True,4235.965650809835
ECC+ChaCha20,5000,3,339,0.029999995604157448,0.13870000839233398,0.1221999991685152,True,4235.965650809835
ECC+ChaCha20,5000,3,340,0.033500007702969015,0.14930000179447234,0.109200002043508,True,4235.965650809835
ECC+ChaCha20,5000,3,341,0.030499999411404133,0.14350000128615648,0.10889999975915998,True,4235.965650809835
ECC+ChaCha20,5000,3,342,0.03029999788850546,0.14350000128615648,0.10930000280495733,True,4235.965650809835
ECC+ChaCha20,5000,3,343,0.03029999788850546,0.1399000029778108,0.10790000669658184,True,4235.965650809835
ECC+ChaCha20,5000,3,344,0.028599999495781958,0.13410000246949494,0.10460001067258418,True,4235.965650809835
ECC+ChaCha20,5000,3,345,0.028599999495781958,0.1353999978164211,0.10970000585075468,True,4235.965650809835
ECC+ChaCha20,5000,3,346,0.028800001018680632,0.13420000323094428,0.10370000381954014,True,4235.965650809835
ECC+ChaCha20,5000,3,347,0.028599999495781958,0.13439999020192772,0.10479999764356762,True,4235.965650809835
ECC+ChaCha20,5000,3,348,0.0320999970426783,0.14069999451749027,0.10650001058820635,True,4235.965650809835
ECC+ChaCha20,5000,3,349,0.029000002541579306,0.13540001236833632,0.10439999459777027,True,4235.965650809835
ECC+ChaCha20,5000,3,350,0.02920000406447798,0.13499999477062374,0.10550000297371298,True,4235.965650809835
ECC+ChaCha20,5000,3,351,0.029000002541579306,0.13529999705497175,0.10480001219548285,True,4235.965650809835
ECC+ChaCha20,5000,3,352,0.028299997211433947,0.13499999477062374,0.10429999383632094,True,4235.965650809835
ECC+ChaCha20,5000,3,353,0.02819999644998461,0.1336999994236976,0.10420000762678683,True,4235.965650809835
ECC+ChaCha20,5000,3,354,0.02890000178012997,0.13520001084543765,0.10489999840501696,True,4235.965650809835
ECC+ChaCha20,5000,3,355,0.029600007110275328,0.13469999248627573,0.10370000381954014,True,4235.965650809835
ECC+ChaCha20,5000,3,356,0.029700007871724665,0.14170000213198364,0.10439999459777027,True,4235.965650809835
ECC+ChaCha20,5000,3,357,0.028800001018680632,0.1336999994236976,0.10409999231342226,True,4235.965650809835
ECC+ChaCha20,5000,3,358,0.039000005926936865,0.1514999894425273,0.10709998605307192,True,4235.965650809835
ECC+ChaCha20,5000,3,359,0.030099996365606785,0.13749999925494194,0.10550000297371298,True,4235.965650809835
ECC+ChaCha20,5000,3,360,0.02890000178012997,0.13520001084543765,0.10479999764356762,True,4235.965650809835
ECC+ChaCha20,5000,3,361,0.028799986466765404,0.13380000018514693,0.10509999992791563,True,4235.965650809835
ECC+ChaCha20,5000,3,362,0.02819999644998461,0.13419998867902905,0.10459999612066895,True,4235.965650809835
ECC+ChaCha20,5000,3,363,0.028800001018680632,0.13349999790079892,0.1041999930748716,True,4235.965650809835
ECC+ChaCha20,5000,3,364,0.02950000634882599,0.13439999020192772,0.10379999002907425,True,4235.965650809835
ECC+ChaCha20,5000,3,365,0.028399997972883284,0.1340999879175797,0.10449999535921961,True,4235.965650809835
ECC+ChaCha20,5000,3,366,0.02920000406447798,0.1351000100839883,0.1049999991664663,True,4235.965650809835
ECC+ChaCha20,5000,3,367,0.02890000178012997,0.13449999096337706,0.10379999002907425,True,4235.965650809835
ECC+ChaCha20,5000,3,368,0.028599999495781958,0.13349999790079892,0.10370000381954014,True,4235.965650809835
ECC+ChaCha20,5000,3,369,0.028599999495781958,0.13499999477062374,0.10469999688211828,True,4235.965650809835
ECC+ChaCha20,5000,3,370,0.02849999873433262,0.13390000094659626,0.10370000381954014,True,4235.965650809835
ECC+ChaCha20,5000,3,371,0.028399997972883284,0.13509999553207308,0.10409999231342226,True,4235.965650809835
ECC+ChaCha20,5000,3,372,0.028300011763349175,0.1348000077996403,0.10370000381954014,True,4235.965650809835
ECC+ChaCha20,5000,3,373,0.028299997211433947,0.13350001245271415,0.10409999231342226,True,4235.965650809835
ECC+ChaCha20,5000,3,374,0.07399999594781548,0.1390999968862161,0.1053000014508143,True,4235.965650809835
ECC+ChaCha20,5000,3,375,0.029999995604157448,0.13559999933931977,0.10540000221226364,True,4235.965650809835
ECC+ChaCha20,5000,3,376,0.0371999922208488,0.1340000017080456,0.10469999688211828,True,4235.965650809835
ECC+ChaCha20,5000,3,377,0.02890000178012997,0.1345000055152923,0.10609999299049377,True,4235.965650809835
ECC+ChaCha20,5000,3,378,0.029300004825927317,0.13469999248627573,0.10399999155197293,True,4235.965650809835
ECC+ChaCha20,5000,3,379,0.029400005587376654,0.1360000023851171,0.1044000091496855,True,4235.965650809835
ECC+ChaCha20,5000,3,380,0.029000002541579306,0.13460000627674162,0.10520000068936497,True,4235.965650809835
ECC+ChaCha20,5000,3,381,0.029499991796910763,0.14340000052470714,0.1044000091496855,True,4235.965650809835
ECC+ChaCha20,5000,3,382,0.029000002541579306,0.1340000017080456,0.10430000838823617,True,4235.965650809835
ECC+ChaCha20,5000,3,383,0.028999987989664078,0.13630000466946512,0.10469999688211828,True,4235.965650809835
ECC+ChaCha20,5000,3,384,0.02890000178012997,0.1351000100839883,0.10400000610388815,True,4235.965650809835
ECC+ChaCha20,5000,3,385,0.028099995688535273,0.13390000094659626,0.10410000686533749,True,4235.965650809835
ECC+ChaCha20,5000,3,386,0.028299997211433947,0.13329999637790024,0.10420000762678683,True,4235.965650809835
ECC+ChaCha20,5000,3,387,0.03029999788850546,0.13610000314656645,0.10520000068936497,True,4235.965650809835
ECC+ChaCha20,5000,3,388,0.02989999484270811,0.1407999952789396,0.10400000610388815,True,4235.965650809835
ECC+ChaCha20,5000,3,389,0.02950000634882599,0.13490000856108963,0.10400000610388815,True,4235.965650809835
ECC+ChaCha20,5000,3,390,0.028700000257231295,0.13449999096337706,0.10359998850617558,True,4235.965650809835
ECC+ChaCha20,5000,3,391,0.028399997972883284,0.13359999866224825,0.1033000007737428,True,4235.965650809835
ECC+ChaCha20,5000,3,392,0.029099988751113415,0.13479999324772507,0.10540000221226364,True,4235.965650809835
ECC+ChaCha20,5000,3,393,0.028700000257231295,0.1340000017080456,0.10400000610388815,True,4235.965650809835
ECC+ChaCha20,5000,3,394,0.028300011763349175,0.13460000627674162,0.10459999612066895,True,4235.965650809835
ECC+ChaCha20,5000,3,395,0.028800001018680632,0.1345000055152923,0.10390000534243882,True,4235.965650809835
ECC+ChaCha20,5000,3,396,0.029399991035461426,0.13670000771526247,0.10479999764356762,True,4235.965650809835
ECC+ChaCha20,5000,3,397,0.029000002541579306,0.13580000086221844,0.10410000686533749,True,4235.965650809835
ECC+ChaCha20,5000,3,398,0.029000002541579306,0.1345000055152923,0.10410000686533749,True,4235.965650809835
ECC+ChaCha20,5000,3,399,0.029100003303028643,0.1357000001007691,0.10459999612066895,True,4235.965650809835
ECC+ChaCha20,5000,3,400,0.029000002541579306,0.13520001084543765,0.10479999764356762,True,4235.965650809835
ECC+ChaCha20,5000,3,401,0.028599999495781958,0.17350001144222915,0.10679999832063913,True,4235.965650809835
ECC+ChaCha20,5000,3,402,0.03270000161137432,0.13949999993201345,0.106100007542409,True,4235.965650809835
ECC+ChaCha20,5000,3,403,0.030399998649954796,0.13690000923816115,0.10639999527484179,True,4235.965650809835
ECC+ChaCha20,5000,3,404,0.030499999411404133,0.13859999307896942,0.106100007542409,True,4235.965650809835
ECC+ChaCha20,5000,3,405,0.03050001396331936,0.1762000028975308,0.10760000441223383,True,4235.965650809835
ECC+ChaCha20,5000,3,406,0.031499992473982275,0.1373999984934926,0.10609999299049377,True,4235.965650809835
ECC+ChaCha20,5000,3,407,0.03029999788850546,0.13749999925494194,0.10580000525806099,True,4235.965650809835
ECC+ChaCha20,5000,3,408,0.030099996365606785,0.13760000001639128,0.10590000601951033,True,4235.965650809835
ECC+ChaCha20,5000,3,409,0.0295999925583601,0.13529999705497175,0.10509999992791563,True,4235.965650809835
ECC+ChaCha20,5000,3,410,0.029600007110275328,0.13519999629352242,0.1053000014508143,True,4235.965650809835
ECC+ChaCha20,5000,3,411,0.029699993319809437,0.1357000001007691,0.10400000610388815,True,4235.965650809835
ECC+ChaCha20,5000,3,412,0.029799994081258774,0.1340999879175797,0.10390000534243882,True,4235.965650809835
ECC+ChaCha20,5000,3,413,0.029100003303028643,0.1353999978164211,0.10450000991113484,True,4235.965650809835
ECC+ChaCha20,5000,3,414,0.028700000257231295,0.14540000120177865,0.10590000601951033,True,4235.965650809835
ECC+ChaCha20,5000,3,415,0.03099998866673559,0.1365000061923638,0.1049999991664663,True,4235.965650809835
ECC+ChaCha20,5000,3,416,0.029400005587376654,0.13640000543091446,0.10430000838823617,True,4235.965650809835
ECC+ChaCha20,5000,3,417,0.02890000178012997,0.13640000543091446,0.10509999992791563,True,4235.965650809835
ECC+ChaCha20,5000,3,418,0.029600007110275328,0.13520001084543765,0.10479999764356762,True,4235.965650809835
ECC+ChaCha20,5000,3,419,0.028999987989664078,0.13490000856108963,0.10409999231342226,True,4235.965650809835
ECC+ChaCha20,5000,3,420,0.02890000178012997,0.14420000661630183,0.10350000229664147,True,4235.965650809835
ECC+ChaCha20,5000,3,421,0.029400005587376654,0.13440000475384295,0.10509999992791563,True,4235.965650809835
ECC+ChaCha20,5000,3,422,0.029100003303028643,0.1345000055152923,0.10340000153519213,True,4235.965650809835
ECC+ChaCha20,5000,3,423,0.02890000178012997,0.14540000120177865,0.10370000381954014,True,4235.965650809835
ECC+ChaCha20,5000,3,424,0.029199989512562752,0.13390000094659626,0.10450000991113484,True,4235.965650809835
ECC+ChaCha20,5000,3,425,0.029300004825927317,0.21090000518597662,0.11100000119768083,True,4235.965650809835
ECC+ChaCha20,5000,3,426,0.04289999196771532,0.15409999468829483,0.11070001346524805,True,4235.965650809835
ECC+ChaCha20,5000,3,427,0.02989999484270811,0.13660000695381314,0.10540000221226364,True,4235.965650809835
ECC+ChaCha20,5000,3,428,0.02920000406447798,0.1353999978164211,0.10560000373516232,True,4235.965650809835
ECC+ChaCha20,5000,3,429,0.029000002541579306,0.13439999020192772,0.10479999764356762,True,4235.965650809835
ECC+ChaCha20,5000,3,430,0.028599999495781958,0.13519999629352242,0.1044000091496855,True,4235.965650809835
ECC+ChaCha20,5000,3,431,0.028299997211433947,0.1328999933321029,0.10370000381954014,True,4235.965650809835
ECC+ChaCha20,5000,3,432,0.02890000178012997,0.13509999553207308,0.10399999155197293,True,4235.965650809835
ECC+ChaCha20,5000,3,433,0.029199989512562752,0.13559999933931977,0.10400000610388815,True,4235.965650809835
ECC+ChaCha20,5000,3,434,0.028300011763349175,0.1351000100839883,0.10459999612066895,True,4235.965650809835
ECC+ChaCha20,5000,3,435,0.02849999873433262,0.13349999790079892,0.1033999869832769,True,4235.965650809835
ECC+ChaCha20,5000,3,436,0.02819999644998461,0.13499999477062374,0.1041999930748716,True,4235.965650809835
ECC+ChaCha20,5000,3,437,0.028299997211433947,0.13359999866224825,0.10410000686533749,True,4235.965650809835
ECC+ChaCha20,5000,3,438,0.028599999495781958,0.1348999940091744,0.10439999459777027,True,4235.965650809835
ECC+ChaCha20,5000,3,439,0.03539999306667596,0.14519999967887998,0.10600000678095967,True,4235.965650809835
ECC+ChaCha20,5000,3,440,0.029000002541579306,0.13449999096337706,0.10469999688211828,True,4235.965650809835
ECC+ChaCha20,5000,3,441,0.028700000257231295,0.13440000475384295,0.10469999688211828,True,4235.965650809835
ECC+ChaCha20,5000,3,442,0.028399997972883284,0.13339999713934958,0.10369998926762491,True,4235.965650809835
ECC+ChaCha20,5000,3,443,0.028599999495781958,0.13440000475384295,0.10469999688211828,True,4235.965650809835
ECC+ChaCha20,5000,3,444,0.029499991796910763,0.13660000695381314,0.10449999535921961,True,4235.965650809835
ECC+ChaCha20,5000,3,445,0.028800001018680632,0.13439999020192772,0.10509999992791563,True,4235.965650809835
ECC+ChaCha20,5000,3,446,0.028800001018680632,0.13500000932253897,0.1044000091496855,True,4235.965650809835
ECC+ChaCha20,5000,3,447,0.02849999873433262,0.1345999917248264,0.10389999079052359,True,4235.965650809835
ECC+ChaCha20,5000,3,448,0.02850001328624785,0.13390000094659626,0.10399999155197293,True,4235.965650809835
ECC+ChaCha20,5000,3,449,0.028700000257231295,0.1326000055996701,0.10309999925084412,True,4235.965650809835
ECC+ChaCha20,5000,3,450,0.028300011763349175,0.1334000116912648,0.1041999930748716,True,4235.965650809835
ECC+ChaCha20,5000,3,451,0.028300011763349175,0.6152999994810671,0.23580000561196357,True,4235.965650809835
ECC+ChaCha20,5000,3,452,0.0847000046633184,0.22339999850373715,0.12110000534448773,True,4235.965650809835
ECC+ChaCha20,5000,3,453,0.04699999408330768,0.18309999722987413,0.11759999324567616,True,4235.965650809835
ECC+ChaCha20,5000,3,454,0.037600009818561375,0.14730000111740083,0.1109000004362315,True,4235.965650809835
ECC+ChaCha20,5000,3,455,0.031100003980100155,0.18010000349022448,0.11649999942164868,True,4235.965650809835
ECC+ChaCha20,5000,3,456,0.06010000652167946,0.19180000526830554,0.11690000246744603,True,4235.965650809835
ECC+ChaCha20,5000,3,457,0.04329999501351267,0.1601999974809587,0.11160000576637685,True,4235.965650809835
ECC+ChaCha20,5000,3,458,0.03270000161137432,0.14109999756328762,0.10789999214466661,True,4235.965650809835
ECC+ChaCha20,5000,3,459,0.031100003980100155,0.13699999544769526,0.10540000221226364,True,4235.965650809835
ECC+ChaCha20,5000,3,460,0.031000003218650818,0.1396000006934628,0.10579999070614576,True,4235.965650809835
ECC+ChaCha20,5000,3,461,0.029999995604157448,0.13729999773204327,0.10479999764356762,True,4235.965650809835
ECC+ChaCha20,5000,3,462,0.03069998638238758,0.13760000001639128,0.106100007542409,True,4235.965650809835
ECC+ChaCha20,5000,3,463,0.029999995604157448,0.13619998935610056,0.1053000014508143,True,4235.965650809835
ECC+ChaCha20,5000,3,464,0.02989999484270811,0.13689999468624592,0.10560000373516232,True,4235.965650809835
ECC+ChaCha20,5000,3,465,0.03029999788850546,0.1353999978164211,0.10600000678095967,True,4235.965650809835
ECC+ChaCha20,5000,3,466,0.0346999877365306,0.14370000280905515,0.10750000365078449,True,4235.965650809835
ECC+ChaCha20,5000,3,467,0.030199997127056122,0.13679999392479658,0.10619999375194311,True,4235.965650809835
ECC+ChaCha20,5000,3,468,0.02920000406447798,0.13679999392479658,0.10599999222904444,True,4235.965650809835
ECC+ChaCha20,5000,3,469,0.02920000406447798,0.1365999924018979,0.10570000449661165,True,4235.965650809835
ECC+ChaCha20,5000,3,470,0.030399998649954796,0.14010000450070947,0.10579999070614576,True,4235.965650809835
ECC+ChaCha20,5000,3,471,0.029999995604157448,0.13590000162366778,0.10390000534243882,True,4235.965650809835
ECC+ChaCha20,5000,3,472,0.02989999484270811,0.1357000001007691,0.10489999840501696,True,4235.965650809835
ECC+ChaCha20,5000,3,473,0.030199997127056122,0.13549999857787043,0.10640000982675701,True,4235.965650809835
ECC+ChaCha20,5000,3,474,0.029100003303028643,0.13359999866224825,0.1036000030580908,True,4235.965650809835
ECC+ChaCha20,5000,3,475,0.02889998722821474,0.1336999994236976,0.10429999383632094,True,4235.965650809835
ECC+ChaCha20,5000,3,476,0.05040000542066991,0.1773999974830076,0.11559999256860465,True,4235.965650809835
ECC+ChaCha20,5000,3,477,0.03540000761859119,0.14309999824035913,0.10859999747481197,True,4235.965650809835
ECC+ChaCha20,5000,3,478,0.03200001083314419,0.14030000602360815,0.10689999908208847,True,4235.965650809835
ECC+ChaCha20,5000,3,479,0.03139999171253294,0.1373999984934926,0.10490001295693219,True,4235.965650809835
ECC+ChaCha20,5000,3,480,0.030499999411404133,0.13630000466946512,0.10479999764356762,True,4235.965650809835
ECC+ChaCha20,5000,3,481,0.030700000934302807,0.13559999933931977,0.10489999840501696,True,4235.965650809835
ECC+ChaCha20,5000,3,482,0.03029999788850546,0.1353999978164211,0.10469999688211828,True,4235.965650809835
ECC+ChaCha20,5000,3,483,0.029199989512562752,0.14210000517778099,0.10580000525806099,True,4235.965650809835
ECC+ChaCha20,5000,3,484,0.029100003303028643,0.13509999553207308,0.1053000014508143,True,4235.965650809835
ECC+ChaCha20,5000,3,485,0.028800001018680632,0.13410000246949494,0.10520000068936497,True,4235.965650809835
ECC+ChaCha20,5000,3,486,0.028700000257231295,0.13530001160688698,0.10540000221226364,True,4235.965650809835
ECC+ChaCha20,5000,3,487,0.02929999027401209,0.13529999705497175,0.10469999688211828,True,4235.965650809835
ECC+ChaCha20,5000,3,488,0.028800001018680632,0.13470000703819096,0.109500004327856,True,4235.965650809835
ECC+ChaCha20,5000,3,489,0.02890000178012997,0.1348999940091744,0.10539998766034842,True,4235.965650809835
ECC+ChaCha20,5000,3,490,0.028599999495781958,0.13529999705497175,0.10509999992791563,True,4235.965650809835
ECC+ChaCha20,5000,3,491,0.029400005587376654,0.1357000001007691,0.10449999535921961,True,4235.965650809835
ECC+ChaCha20,5000,3,492,0.029100003303028643,0.13749999925494194,0.10520000068936497,True,4235.965650809835
ECC+ChaCha20,5000,3,493,0.028800001018680632,0.1351000100839883,0.10479999764356762,True,4235.965650809835
ECC+ChaCha20,5000,3,494,0.02890000178012997,0.13420000323094428,0.10410000686533749,True,4235.965650809835
ECC+ChaCha20,5000,3,495,0.028300011763349175,0.13460000627674162,0.10479999764356762,True,4235.965650809835
ECC+ChaCha20,5000,3,496,0.028599999495781958,0.1353999978164211,0.1049999991664663,True,4235.965650809835
ECC+ChaCha20,5000,3,497,0.029699993319809437,0.13669999316334724,0.1058999914675951,True,4235.965650809835
ECC+ChaCha20,5000,3,498,0.029400005587376654,0.1362000039080158,0.1053000014508143,True,4235.965650809835
ECC+ChaCha20,5000,3,499,0.028700000257231295,0.1343000039923936,0.10550000297371298,True,4235.965650809835
ECC+ChaCha20,5000,3,500,0.030800001695752144,0.13670000771526247,0.1044000091496855,True,4235.965650809835
ECC+ChaCha20,5000,3,501,0.028999987989664078,0.1348000077996403,0.1041999930748716,True,4235.965650809835
ECC+ChaCha20,5000,3,502,0.03330000618007034,0.1432999997632578,0.10989999282173812,True,4235.965650809835
ECC+ChaCha20,5000,3,503,0.03050001396331936,0.1396000006934628,0.1053000014508143,True,4235.965650809835
ECC+ChaCha20,5000,3,504,0.029300004825927317,0.13670000771526247,0.10560000373516232,True,4235.965650809835
ECC+ChaCha20,5000,3,505,0.030000010156072676,0.13470000703819096,0.10380000458098948,True,4235.965650809835
ECC+ChaCha20,5000,3,506,0.029000002541579306,0.13499999477062374,0.106100007542409,True,4235.965650809835
ECC+ChaCha20,5000,3,507,0.031100003980100155,0.13669999316334724,0.1058999914675951,True,4235.965650809835
ECC+ChaCha20,5000,3,508,0.029600007110275328,0.13559999933931977,0.1049999991664663,True,4235.965650809835
ECC+ChaCha20,5000,3,509,0.029399991035461426,0.13559999933931977,0.10519998613744974,True,4235.965650809835
ECC+ChaCha20,5000,3,510,0.02920000406447798,0.13490000856108963,0.10600000678095967,True,4235.965650809835
ECC+ChaCha20,5000,3,511,0.028800001018680632,0.13449999096337706,0.10459999612066895,True,4235.965650809835
ECC+ChaCha20,5000,3,512,0.02890000178012997,0.1336999994236976,0.10410000686533749,True,4235.965650809835
ECC+ChaCha20,5000,3,513,0.02989999484270811,0.1387999946018681,0.10520000068936497,True,4235.965650809835
ECC+ChaCha20,5000,3,514,0.028800001018680632,0.13529999705497175,0.10449999535921961,True,4235.965650809835
ECC+ChaCha20,5000,3,515,0.029400005587376654,0.142700009746477,0.10570000449661165,True,4235.965650809835
ECC+ChaCha20,5000,3,516,0.029499991796910763,0.1353999978164211,0.10459999612066895,True,4235.965650809835
ECC+ChaCha20,5000,3,517,0.029699993319809437,0.13610000314656645,0.10469999688211828,True,4235.965650809835
ECC+ChaCha20,5000,3,518,0.030199997127056122,0.13500000932253897,0.10469999688211828,True,4235.965650809835
ECC+ChaCha20,5000,3,519,0.02950000634882599,0.13349999790079892,0.10350000229664147,True,4235.965650809835
ECC+ChaCha20,5000,3,520,0.0295999925583601,0.1360000023851171,0.10570000449661165,True,4235.965650809835
ECC+ChaCha20,5000,3,521,0.030399998649954796,0.13440000475384295,0.10459999612066895,True,4235.965650809835
ECC+ChaCha20,5000,3,522,0.030799987143836915,0.13590000162366778,0.10570000449661165,True,4235.965650809835
ECC+ChaCha20,5000,3,523,0.03199999628122896,0.13490000856108963,0.10520000068936497,True,4235.965650809835
ECC+ChaCha20,5000,3,524,0.0295999925583601,0.13590000162366778,0.10699999984353781,True,4235.965650809835
ECC+ChaCha20,5000,3,525,0.03069998638238758,0.13460000627674162,0.10420000762678683,True,4235.965650809835
ECC+ChaCha20,5000,3,526,0.03460000152699649,0.14289999671746045,0.10900000052060932,True,4235.965650809835
ECC+ChaCha20,5000,3,527,0.035200006095692515,0.14060000830795616,0.10599999222904444,True,4235.965650809835
ECC+ChaCha20,5000,3,528,0.031000003218650818,0.13639999087899923,0.10559998918324709,True,4235.965650809835
ECC+ChaCha20,5000,3,529,0.029300004825927317,0.13519999629352242,0.10429999383632094,True,4235.965650809835
ECC+ChaCha20,5000,3,530,0.02920000406447798,0.1351000100839883,0.11409999569877982,True,4235.965650809835
ECC+ChaCha20,5000,3,531,0.029000002541579306,0.13519999629352242,0.10469999688211828,True,4235.965650809835
ECC+ChaCha20,5000,3,532,0.029100003303028643,0.1345999917248264,0.10509999992791563,True,4235.965650809835
ECC+ChaCha20,5000,3,533,0.029100003303028643,0.13449999096337706,0.10409999231342226,True,4235.965650809835
ECC+ChaCha20,5000,3,534,0.02950000634882599,0.13559999933931977,0.10659999679774046,True,4235.965650809835
ECC+ChaCha20,5000,3,535,0.028800001018680632,0.13349999790079892,0.10400000610388815,True,4235.965650809835
ECC+ChaCha20,5000,3,536,0.02849999873433262,0.1340000017080456,0.10410000686533749,True,4235.965650809835
ECC+ChaCha20,5000,3,537,0.028800001018680632,0.13479999324772507,0.10479999764356762,True,4235.965650809835
ECC+ChaCha20,5000,3,538,0.02890000178012997,0.1348000077996403,0.10490001295693219,True,4235.965650809835
ECC+ChaCha20,5000,3,539,0.029099988751113415,0.13440000475384295,0.1053000014508143,True,4235.965650809835
ECC+ChaCha20,5000,3,540,0.028800001018680632,0.13549999857787043,0.10509999992791563,True,4235.965650809835
ECC+ChaCha20,5000,3,541,0.02950000634882599,0.13559999933931977,0.10439999459777027,True,4235.965650809835
ECC+ChaCha20,5000,3,542,0.029699993319809437,0.1370999962091446,0.10509999992791563,True,4235.965650809835
ECC+ChaCha20,5000,3,543,0.029799994081258774,0.13519999629352242,0.10560000373516232,True,4235.965650809835
ECC+ChaCha20,5000,3,544,0.029700007871724665,0.13610000314656645,0.10460001067258418,True,4235.965650809835
ECC+ChaCha20,5000,3,545,0.028700000257231295,0.1360000023851171,0.10430000838823617,True,4235.965650809835
ECC+ChaCha20,5000,3,546,0.029000002541579306,0.13410000246949494,0.10450000991113484,True,4235.965650809835
ECC+ChaCha20,5000,3,547,0.03510000533424318,0.15220000932458788,0.10699999984353781,True,4235.965650809835
ECC+ChaCha20,5000,3,548,0.029999995604157448,0.13689999468624592,0.10520000068936497,True,4235.965650809835
ECC+ChaCha20,5000,3,549,0.029300004825927317,0.13509999553207308,0.13139999646227807,True,4235.965650809835
ECC+ChaCha20,5000,3,550,0.03159999323543161,0.13630000466946512,0.10550000297371298,True,4235.965650809835
ECC+ChaCha20,5000,3,551,0.029700007871724665,0.13559999933931977,0.10449999535921961,True,4235.965650809835
ECC+ChaCha20,5000,3,552,0.02920000406447798,0.13589998707175255,0.10509999992791563,True,4235.965650809835
ECC+ChaCha20,5000,3,553,0.028800001018680632,0.13410000246949494,0.10380000458098948,True,4235.965650809835
ECC+ChaCha20,5000,3,554,0.029100003303028643,0.1340000017080456,0.10420000762678683,True,4235.965650809835
ECC+ChaCha20,5000,3,555,0.0295999925583601,0.13469999248627573,0.10479999764356762,True,4235.965650809835
ECC+ChaCha20,5000,3,556,0.028999987989664078,0.13559999933931977,0.10539998766034842,True,4235.965650809835
ECC+ChaCha20,5000,3,557,0.028800001018680632,0.13390000094659626,0.10470001143403351,True,4235.965650809835
ECC+ChaCha20,5000,3,558,0.028799986466765404,0.13329999637790024,0.1041999930748716,True,4235.965650809835
ECC+ChaCha20,5000,3,559,0.028700000257231295,0.13509999553207308,0.10460001067258418,True,4235.965650809835
ECC+ChaCha20,5000,3,560,0.02849999873433262,0.13429998944047838,0.1041999930748716,True,4235.965650809835
ECC+ChaCha20,5000,3,561,0.028599999495781958,0.13420000323094428,0.10430000838823617,True,4235.965650809835
ECC+ChaCha20,5000,3,562,0.02849999873433262,0.13410000246949494,0.10750000365078449,True,4235.965650809835
ECC+ChaCha20,5000,3,563,0.029000002541579306,0.13329999637790024,0.10390000534243882,True,4235.965650809835
ECC+ChaCha20,5000,3,564,0.029399991035461426,0.13499999477062374,0.10369998926762491,True,4235.965650809835
ECC+ChaCha20,5000,3,565,0.02929999027401209,0.13380000018514693,0.10370000381954014,True,4235.965650809835
ECC+ChaCha20,5000,3,566,0.028399997972883284,0.1340000017080456,0.10369998926762491,True,4235.965650809835
ECC+ChaCha20,5000,3,567,0.028800001018680632,0.13420000323094428,0.10380000458098948,True,4235.965650809835
ECC+ChaCha20,5000,3,568,0.028599999495781958,0.13359999866224825,0.10400000610388815,True,4235.965650809835
ECC+ChaCha20,5000,3,569,0.029600007110275328,0.13559999933931977,0.1049999991664663,True,4235.965650809835
ECC+ChaCha20,5000,3,570,0.02890000178012997,0.13380000018514693,0.10439999459777027,True,4235.965650809835
ECC+ChaCha20,5000,3,571,0.028599999495781958,0.1343000039923936,0.1036000030580908,True,4235.965650809835
ECC+ChaCha20,5000,3,572,0.028999987989664078,0.13590000162366778,0.10470001143403351,True,4235.965650809835
ECC+ChaCha20,5000,3,573,0.028700000257231295,0.13350001245271415,0.10439999459777027,True,4235.965650809835
ECC+ChaCha20,5000,3,574,0.029300004825927317,0.1345999917248264,0.1568999869050458,True,4235.965650809835
ECC+ChaCha20,5000,3,575,0.03359999391250312,0.13929999840911478,0.10580000525806099,True,4235.965650809835
ECC+ChaCha20,5000,3,576,0.029700007871724665,0.13599998783320189,0.10479999764356762,True,4235.965650809835
ECC+ChaCha20,5000,3,577,0.029499991796910763,0.13580000086221844,0.10489999840501696,True,4235.965650809835
ECC+ChaCha20,5000,3,578,0.031000003218650818,0.13679999392479658,0.10540000221226364,True,4235.965650809835
ECC+ChaCha20,5000,3,579,0.03880000440403819,0.1621999981580302,0.11059999815188348,True,4235.965650809835
ECC+ChaCha20,5000,3,580,0.03170000854879618,0.13810000382363796,0.10600000678095967,True,4235.965650809835
ECC+ChaCha20,5000,3,581,0.029399991035461426,0.1357000001007691,0.1049999991664663,True,4235.965650809835
ECC+ChaCha20,5000,3,582,0.029099988751113415,0.13499999477062374,0.1041999930748716,True,4235.965650809835
ECC+ChaCha20,5000,3,583,0.028599999495781958,0.13410000246949494,0.10449999535921961,True,4235.965650809835
ECC+ChaCha20,5000,3,584,0.028599999495781958,0.1336999994236976,0.10410000686533749,True,4235.965650809835
ECC+ChaCha20,5000,3,585,0.02849999873433262,0.13390000094659626,0.1049999991664663,True,4235.965650809835
ECC+ChaCha20,5000,3,586,0.028800001018680632,0.13559999933931977,0.10450000991113484,True,4235.965650809835
ECC+ChaCha20,5000,3,587,0.02890000178012997,0.13360001321416348,0.10449999535921961,True,4235.965650809835
ECC+ChaCha20,5000,3,588,0.028600014047697186,0.13500000932253897,0.10439999459777027,True,4235.965650809835
ECC+ChaCha20,5000,3,589,0.02890000178012997,0.13440000475384295,0.10400000610388815,True,4235.965650809835
ECC+ChaCha20,5000,3,590,0.028800001018680632,0.1348000077996403,0.1049999991664663,True,4235.965650809835
ECC+ChaCha20,5000,3,591,0.029800008633174002,0.1340000017080456,0.10469999688211828,True,4235.965650809835
ECC+ChaCha20,5000,3,592,0.02920000406447798,0.13429998944047838,0.10459999612066895,True,4235.965650809835
ECC+ChaCha20,5000,3,593,0.029000002541579306,0.1336999994236976,0.10350000229664147,True,4235.965650809835
ECC+ChaCha20,5000,3,594,0.02950000634882599,0.13549999857787043,0.10420000762678683,True,4235.965650809835
ECC+ChaCha20,5000,3,595,0.029000002541579306,0.13380000018514693,0.17919999663718045,True,4235.965650809835
ECC+ChaCha20,5000,3,596,0.034199998481199145,0.14119999832473695,0.10560000373516232,True,4235.965650809835
ECC+ChaCha20,5000,3,597,0.03029999788850546,0.13470000703819096,0.10429999383632094,True,4235.965650809835
ECC+ChaCha20,5000,3,598,0.030099996365606785,0.13610000314656645,0.1049999991664663,True,4235.965650809835
ECC+ChaCha20,5000,3,599,0.036600002204068005,0.15800000983290374,0.12029999925289303,True,4235.965650809835
ECC+ChaCha20,5000,3,600,0.03060000017285347,0.13619998935610056,0.10439999459777027,True,4235.965650809835
ECC+ChaCha20,5000,3,601,0.029800008633174002,0.13540001236833632,0.10390000534243882,True,4235.965650809835
ECC+ChaCha20,5000,3,602,0.029399991035461426,0.13440000475384295,0.10520000068936497,True,4235.965650809835
ECC+ChaCha20,5000,3,603,0.029499991796910763,0.13479999324772507,0.10350000229664147,True,4235.965650809835
ECC+ChaCha20,5000,3,604,0.02920000406447798,0.1336999994236976,0.1049999991664663,True,4235.965650809835
ECC+ChaCha20,5000,3,605,0.03060000017285347,0.13610000314656645,0.10550000297371298,True,4235.965650809835
ECC+ChaCha20,5000,3,606,0.03130000550299883,0.1357000001007691,0.10410000686533749,True,4235.965650809835
ECC+ChaCha20,5000,3,607,0.03090000245720148,0.1340000017080456,0.10400000610388815,True,4235.965650809835
ECC+ChaCha20,5000,3,608,0.031200004741549492,0.13549999857787043,0.10479999764356762,True,4235.965650809835
ECC+ChaCha20,5000,3,609,0.03060000017285347,0.13679999392479658,0.10449999535921961,True,4235.965650809835
ECC+ChaCha20,5000,3,610,0.03090000245720148,0.13460000627674162,0.1036000030580908,True,4235.965650809835
ECC+ChaCha20,5000,3,611,0.03029999788850546,0.14439999358728528,0.10399999155197293,True,4235.965650809835
ECC+ChaCha20,5000,3,612,0.031000003218650818,0.13559999933931977,0.10439999459777027,True,4235.965650809835
ECC+ChaCha20,5000,3,613,0.030100010917522013,0.1345000055152923,0.10449999535921961,True,4235.965650809835
ECC+ChaCha20,5000,3,614,0.030700000934302807,0.13469999248627573,0.1044000091496855,True,4235.965650809835
ECC+ChaCha20,5000,3,615,0.03029999788850546,0.13509999553207308,0.10390000534243882,True,4235.965650809835
ECC+ChaCha20,5000,3,616,0.030800001695752144,0.13349999790079892,0.10420000762678683,True,4235.965650809835
ECC+ChaCha20,5000,3,617,0.029100003303028643,0.13410000246949494,0.10439999459777027,True,4235.965650809835
ECC+ChaCha20,5000,3,618,0.03020001167897135,0.13529999705497175,0.149500003317371,True,4235.965650809835
ECC+ChaCha20,5000,3,619,0.03890000516548753,0.1453000004403293,0.10879999899771065,True,4235.965650809835
ECC+ChaCha20,5000,3,620,0.029400005587376654,0.14849999570287764,0.1075999898603186,True,4235.965650809835
ECC+ChaCha20,5000,3,621,0.0295999925583601,0.13649999164044857,0.10479999764356762,True,4235.965650809835
ECC+ChaCha20,5000,3,622,0.028700000257231295,0.13540001236833632,0.10429999383632094,True,4235.965650809835
ECC+ChaCha20,5000,3,623,0.028599999495781958,0.13460000627674162,0.1044000091496855,True,4235.965650809835
ECC+ChaCha20,5000,3,624,0.028599999495781958,0.1345000055152923,0.1044000091496855,True,4235.965650809835
ECC+ChaCha20,5000,3,625,0.028800001018680632,0.13380000018514693,0.10400000610388815,True,4235.965650809835
ECC+ChaCha20,5000,3,626,0.029300004825927317,0.1353999978164211,0.10399999155197293,True,4235.965650809835
ECC+ChaCha20,5000,3,627,0.02890000178012997,0.13500000932253897,0.10430000838823617,True,4235.965650809835
ECC+ChaCha20,5000,3,628,0.028599999495781958,0.1348000077996403,0.10460001067258418,True,4235.965650809835
ECC+ChaCha20,5000,3,629,0.028399997972883284,0.13499999477062374,0.10350000229664147,True,4235.965650809835
ECC+ChaCha20,5000,3,630,0.028700000257231295,0.13529999705497175,0.10439999459777027,True,4235.965650809835
ECC+ChaCha20,5000,3,631,0.028600014047697186,0.1336999994236976,0.10489999840501696,True,4235.965650809835
ECC+ChaCha20,5000,3,632,0.028099995688535273,0.13380000018514693,0.10479999764356762,True,4235.965650809835
ECC+ChaCha20,5000,3,633,0.028399997972883284,0.13399998715613037,0.1041999930748716,True,4235.965650809835
ECC+ChaCha20,5000,3,634,0.028700000257231295,0.13439999020192772,0.10479999764356762,True,4235.965650809835
ECC+ChaCha20,5000,3,635,0.028800001018680632,0.1348000077996403,0.10430000838823617,True,4235.965650809835
ECC+ChaCha20,5000,3,636,0.028700000257231295,0.13359999866224825,0.1033999869832769,True,4235.965650809835
ECC+ChaCha20,5000,3,637,0.02850001328624785,0.13329999637790024,0.1036000030580908,True,4235.965650809835
ECC+ChaCha20,5000,3,638,0.02819999644998461,0.1328999933321029,0.10400000610388815,True,4235.965650809835
ECC+ChaCha20,5000,3,639,0.028299997211433947,0.13309999485500157,0.10650001058820635,True,4235.965650809835
ECC+ChaCha20,5000,3,640,0.02920000406447798,0.1340000017080456,0.10469999688211828,True,4235.965650809835
ECC+ChaCha20,5000,3,641,0.02889998722821474,0.13390000094659626,0.10400000610388815,True,4235.965650809835
ECC+ChaCha20,5000,3,642,0.028399997972883284,0.13460000627674162,0.10450000991113484,True,4235.965650809835
ECC+ChaCha20,5000,3,643,0.029099988751113415,0.14200000441633165,0.10430000838823617,True,4235.965650809835
ECC+ChaCha20,5000,3,644,0.029100003303028643,0.1343000039923936,0.10410000686533749,True,4235.965650809835
ECC+ChaCha20,5000,3,645,0.028299997211433947,0.1336999994236976,0.10459999612066895,True,4235.965650809835
ECC+ChaCha20,5000,3,646,0.07489998824894428,0.2192999963881448,0.126199985970743,True,4235.965650809835
ECC+ChaCha20,5000,3,647,0.05440000677481294,0.1812000118661672,0.12040000001434237,True,4235.965650809835
ECC+ChaCha20,5000,3,648,0.03579999611247331,0.15260001237038523,0.1112000027205795,True,4235.965650809835
ECC+ChaCha20,5000,3,649,0.03539999306667596,0.15690000145696104,0.11019999510608613,True,4235.965650809835
ECC+ChaCha20,5000,3,650,0.03599999763537198,0.14629999350290745,0.10889999975915998,True,4235.965650809835
ECC+ChaCha20,5000,3,651,0.033199990866705775,0.14000000373926014,0.10679999832063913,True,4235.965650809835
ECC+ChaCha20,5000,3,652,0.03239999932702631,0.13949999993201345,0.10649999603629112,True,4235.965650809835
ECC+ChaCha20,5000,3,653,0.030499999411404133,0.13889999536331743,0.10509999992791563,True,4235.965650809835
ECC+ChaCha20,5000,3,654,0.031100003980100155,0.1368000084767118,0.10459999612066895,True,4235.965650809835
ECC+ChaCha20,5000,3,655,0.03090000245720148,0.13729999773204327,0.1049999991664663,True,4235.965650809835
ECC+ChaCha20,5000,3,656,0.03159999323543161,0.1379000023007393,0.10480001219548285,True,4235.965650809835
ECC+ChaCha20,5000,3,657,0.03060000017285347,0.13590000162366778,0.10480001219548285,True,4235.965650809835
ECC+ChaCha20,5000,3,658,0.030800001695752144,0.13640000543091446,0.1041999930748716,True,4235.965650809835
ECC+ChaCha20,5000,3,659,0.030499999411404133,0.13529999705497175,0.10490001295693219,True,4235.965650809835
ECC+ChaCha20,5000,3,660,0.030099996365606785,0.13529999705497175,0.10459999612066895,True,4235.965650809835
ECC+ChaCha20,5000,3,661,0.03020001167897135,0.1362000039080158,0.10420000762678683,True,4235.965650809835
ECC+ChaCha20,5000,3,662,0.030499999411404133,0.1379000023007393,0.10619999375194311,True,4235.965650809835
ECC+ChaCha20,5000,3,663,0.029499991796910763,0.1365000061923638,0.10600000678095967,True,4235.965650809835
ECC+ChaCha20,5000,3,664,0.030800001695752144,0.1365999924018979,0.10520000068936497,True,4235.965650809835
ECC+ChaCha20,5000,3,665,0.03060000017285347,0.13559999933931977,0.10490001295693219,True,4235.965650809835
ECC+ChaCha20,5000,3,666,0.030199997127056122,0.13609998859465122,0.1053000014508143,True,4235.965650809835
ECC+ChaCha20,5000,3,667,0.030300012440420687,0.13610000314656645,0.10640000982675701,True,4235.965650809835
ECC+ChaCha20,5000,3,668,0.029999995604157448,0.13869999384041876,0.10520000068936497,True,4235.965650809835
ECC+ChaCha20,5000,3,669,0.030499999411404133,0.13549999857787043,0.10570000449661165,True,4235.965650809835
ECC+ChaCha20,5000,3,670,0.0323000131174922,0.1483000087318942,0.16959999629762024,True,4235.965650809835
ECC+ChaCha20,5000,3,671,0.06289999873843044,0.19299999985378236,0.11619999713730067,True,4235.965650809835
ECC+ChaCha20,5000,3,672,0.033500007702969015,0.1438999897800386,0.1066999975591898,True,4235.965650809835
ECC+ChaCha20,5000,3,673,0.02920000406447798,0.1362000039080158,0.1049999991664663,True,4235.965650809835
ECC+ChaCha20,5000,3,674,0.029600007110275328,0.13639999087899923,0.10459999612066895,True,4235.965650809835
ECC+ChaCha20,5000,3,675,0.029799994081258774,0.1446999958716333,0.10430000838823617,True,4235.965650809835
ECC+ChaCha20,5000,3,676,0.031000003218650818,0.13689999468624592,0.10540000221226364,True,4235.965650809835
ECC+ChaCha20,5000,3,677,0.029700007871724665,0.13590000162366778,0.10439999459777027,True,4235.965650809835
ECC+ChaCha20,5000,3,678,0.030099996365606785,0.13529999705497175,0.10459999612066895,True,4235.965650809835
ECC+ChaCha20,5000,3,679,0.028800001018680632,0.13350001245271415,0.10509999992791563,True,4235.965650809835
ECC+ChaCha20,5000,3,680,0.02920000406447798,0.1348000077996403,0.1049999991664663,True,4235.965650809835
ECC+ChaCha20,5000,3,681,0.029300004825927317,0.13469999248627573,0.10490001295693219,True,4235.965650809835
ECC+ChaCha20,5000,3,682,0.029700007871724665,0.13529999705497175,0.10509999992791563,True,4235.965650809835
ECC+ChaCha20,5000,3,683,0.029399991035461426,0.13359999866224825,0.10370000381954014,True,4235.965650809835
ECC+ChaCha20,5000,3,684,0.028700000257231295,0.13490000856108963,0.10520000068936497,True,4235.965650809835
ECC+ChaCha20,5000,3,685,0.029099988751113415,0.13590000162366778,0.10379999002907425,True,4235.965650809835
ECC+ChaCha20,5000,3,686,0.029100003303028643,0.1340000017080456,0.10410000686533749,True,4235.965650809835
ECC+ChaCha20,5000,3,687,0.029399991035461426,0.1353999978164211,0.10520000068936497,True,4235.965650809835
ECC+ChaCha20,5000,3,688,0.028700000257231295,0.13339999713934958,0.1033000007737428,True,4235.965650809835
ECC+ChaCha20,5000,3,689,0.029100003303028643,0.1345999917248264,0.10429999383632094,True,4235.965650809835
ECC+ChaCha20,5000,3,690,0.029000002541579306,0.13419998867902905,0.1041999930748716,True,4235.965650809835
ECC+ChaCha20,5000,3,691,0.028599999495781958,0.13390000094659626,0.10390000534243882,True,4235.965650809835
ECC+ChaCha20,5000,3,692,0.029000002541579306,0.13359999866224825,0.10290001227986068,True,4235.965650809835
ECC+ChaCha20,5000,3,693,0.029000002541579306,0.13359999866224825,0.10390000534243882,True,4235.965650809835
ECC+ChaCha20,5000,3,694,0.029400005587376654,0.13490000856108963,0.10439999459777027,True,4235.965650809835
ECC+ChaCha20,5000,3,695,0.028800001018680632,0.1348999940091744,0.10390000534243882,True,4235.965650809835
ECC+ChaCha20,5000,3,696,0.029800008633174002,0.1357000001007691,0.10449999535921961,True,4235.965650809835
ECC+ChaCha20,5000,3,697,0.029600007110275328,0.13529999705497175,0.10400000610388815,True,4235.965650809835
ECC+ChaCha20,5000,3,698,0.02990000939462334,0.1351000100839883,0.10459999612066895,True,4235.965650809835
ECC+ChaCha20,5000,3,699,0.029600007110275328,0.1357000001007691,0.10549998842179775,True,4235.965650809835
ECC+ChaCha20,5000,3,700,0.03060000017285347,0.13630000466946512,0.10489999840501696,True,4235.965650809835
ECC+ChaCha20,5000,3,701,0.0295999925583601,0.13559999933931977,0.10390000534243882,True,4235.965650809835
ECC+ChaCha20,5000,3,702,0.029699993319809437,0.1345000055152923,0.10599999222904444,True,4235.965650809835
ECC+ChaCha20,5000,3,703,0.029700007871724665,0.13339999713934958,0.10459999612066895,True,4235.965650809835
ECC+ChaCha20,5000,3,704,0.02989999484270811,0.13499999477062374,0.10490001295693219,True,4235.965650809835
ECC+ChaCha20,5000,3,705,0.030000010156072676,0.13470000703819096,0.20370000856928527,True,4235.965650809835
ECC+ChaCha20,5000,3,706,0.039099992136470973,0.1573999907122925,0.11160000576637685,True,4235.965650809835
ECC+ChaCha20,5000,3,707,0.03029999788850546,0.1382000045850873,0.10889999975915998,True,4235.965650809835
ECC+ChaCha20,5000,3,708,0.030800001695752144,0.13830000534653664,0.1066999975591898,True,4235.965650809835
ECC+ChaCha20,5000,3,709,0.02890000178012997,0.1348000077996403,0.10550000297371298,True,4235.965650809835
ECC+ChaCha20,5000,3,710,0.028999987989664078,0.13559999933931977,0.10509999992791563,True,4235.965650809835
ECC+ChaCha20,5000,3,711,0.02920000406447798,0.13359999866224825,0.10399999155197293,True,4235.965650809835
ECC+ChaCha20,5000,3,712,0.028800001018680632,0.13449999096337706,0.1049999991664663,True,4235.965650809835
ECC+ChaCha20,5000,3,713,0.028700000257231295,0.13499999477062374,0.10420000762678683,True,4235.965650809835
ECC+ChaCha20,5000,3,714,0.02950000634882599,0.13530001160688698,0.10580000525806099,True,4235.965650809835
ECC+ChaCha20,5000,3,715,0.028299997211433947,0.15809999604243785,0.10469999688211828,True,4235.965650809835
ECC+ChaCha20,5000,3,716,0.02990000939462334,0.13500000932253897,0.10469999688211828,True,4235.965650809835
ECC+ChaCha20,5000,3,717,0.028599999495781958,0.1362000039080158,0.10459999612066895,True,4235.965650809835
ECC+ChaCha20,5000,3,718,0.028399997972883284,0.1348999940091744,0.10369998926762491,True,4235.965650809835
ECC+ChaCha20,5000,3,719,0.028700000257231295,0.13490000856108963,0.10459999612066895,True,4235.965650809835
ECC+ChaCha20,5000,3,720,0.028299997211433947,0.1340999879175797,0.10439999459777027,True,4235.965650809835
ECC+ChaCha20,5000,3,721,0.028399997972883284,0.1331000094069168,0.10459999612066895,True,4235.965650809835
ECC+ChaCha20,5000,3,722,0.02849999873433262,0.13479999324772507,0.10460001067258418,True,4235.965650809835
ECC+ChaCha20,5000,3,723,0.02819999644998461,0.1348999940091744,0.10469999688211828,True,4235.965650809835
ECC+ChaCha20,5000,3,724,0.029100003303028643,0.1343000039923936,0.10720000136643648,True,4235.965650809835
ECC+ChaCha20,5000,3,725,0.028599999495781958,0.1343000039923936,0.10349998774472624,True,4235.965650809835
ECC+ChaCha20,5000,3,726,0.02929999027401209,0.13390000094659626,0.10400000610388815,True,4235.965650809835
ECC+ChaCha20,5000,3,727,0.028800001018680632,0.13469999248627573,0.10449999535921961,True,4235.965650809835
ECC+ChaCha20,5000,3,728,0.028399997972883284,0.1326000055996701,0.10400000610388815,True,4235.965650809835
ECC+ChaCha20,5000,3,729,0.029000002541579306,0.1331999956164509,0.10380000458098948,True,4235.965650809835
ECC+ChaCha20,5000,3,730,0.029199989512562752,0.13470000703819096,0.10479999764356762,True,4235.965650809835
ECC+ChaCha20,5000,3,731,0.030300012440420687,0.13690000923816115,0.10540000221226364,True,4235.965650809835
ECC+ChaCha20,5000,3,732,0.029600007110275328,0.13540001236833632,0.10649999603629112,True,4235.965650809835
ECC+ChaCha20,5000,3,733,0.028599999495781958,0.13330001092981547,0.10380000458098948,True,4235.965650809835
ECC+ChaCha20,5000,3,734,0.028700000257231295,0.1343000039923936,0.10489999840501696,True,4235.965650809835
ECC+ChaCha20,5000,3,735,0.029800008633174002,0.13420000323094428,0.1033000007737428,True,4235.965650809835
ECC+ChaCha20,5000,3,736,0.02890000178012997,0.1328000071225688,0.10400000610388815,True,4235.965650809835
ECC+ChaCha20,5000,3,737,0.03130000550299883,0.13919999764766544,0.10629999451339245,True,4235.965650809835
ECC+ChaCha20,5000,3,738,0.030700000934302807,0.1429999974789098,0.106100007542409,True,4235.965650809835
ECC+ChaCha20,5000,3,739,0.029199989512562752,0.13479999324772507,0.10569998994469643,True,4235.965650809835
ECC+ChaCha20,5000,3,740,0.029399991035461426,0.13580000086221844,0.1120000088121742,True,4235.965650809835
ECC+ChaCha20,5000,3,741,0.03539999306667596,0.15019999409560114,0.10999999358318746,True,4235.965650809835
ECC+ChaCha20,5000,3,742,0.03270000161137432,0.1410000113537535,0.10609999299049377,True,4235.965650809835
ECC+ChaCha20,5000,3,743,0.03370000922586769,0.14200000441633165,0.10600000678095967,True,4235.965650809835
ECC+ChaCha20,5000,3,744,0.03310000465717167,0.14139999984763563,0.10580000525806099,True,4235.965650809835
ECC+ChaCha20,5000,3,745,0.0585000088904053,0.17810000281315297,0.11660000018309802,True,4235.965650809835
ECC+ChaCha20,5000,3,746,0.03509999078232795,0.1838000025600195,0.11190000805072486,True,4235.965650809835
ECC+ChaCha20,5000,3,747,0.07140000525396317,0.18819999240804464,0.12660000356845558,True,4235.965650809835
ECC+ChaCha20,5000,3,748,0.039399994420818985,0.1996000064536929,0.1328999933321029,True,4235.965650809835
ECC+ChaCha20,5000,3,749,0.033899996196851134,0.1458999904571101,0.11000000813510269,True,4235.965650809835
ECC+ChaCha20,5000,3,750,0.034199998481199145,0.24730000586714596,0.12789999891538173,True,4235.965650809835
ECC+ChaCha20,5000,3,751,0.04739999712910503,0.1875000016298145,0.11989999620709568,True,4235.965650809835
ECC+ChaCha20,5000,3,752,0.037999998312443495,0.16349999350495636,0.11330000415910035,True,4235.965650809835
ECC+ChaCha20,5000,3,753,0.03139999171253294,0.13980000221636146,0.10649999603629112,True,4235.965650809835
ECC+ChaCha20,5000,3,754,0.029799994081258774,0.1379000023007393,0.10650001058820635,True,4235.965650809835
ECC+ChaCha20,5000,3,755,0.02920000406447798,0.1353999978164211,0.10489999840501696,True,4235.965650809835
ECC+ChaCha20,5000,3,756,0.02920000406447798,0.13439999020192772,0.10469999688211828,True,4235.965650809835
ECC+ChaCha20,5000,3,757,0.029300004825927317,0.13529999705497175,0.10479999764356762,True,4235.965650809835
ECC+ChaCha20,5000,3,758,0.02890000178012997,0.13519999629352242,0.10479999764356762,True,4235.965650809835
ECC+ChaCha20,5000,3,759,0.028599999495781958,0.13390000094659626,0.10409999231342226,True,4235.965650809835
ECC+ChaCha20,5000,3,760,0.029100003303028643,0.13529999705497175,0.1049999991664663,True,4235.965650809835
ECC+ChaCha20,5000,3,761,0.02849999873433262,0.13359999866224825,0.10340000153519213,True,4235.965650809835
ECC+ChaCha20,5000,3,762,0.03139999171253294,0.13840000610798597,0.1058999914675951,True,4235.965650809835
ECC+ChaCha20,5000,3,763,0.029300004825927317,0.13500000932253897,0.11049999739043415,True,4235.965650809835
ECC+ChaCha20,5000,3,764,0.03260000084992498,0.14179998834151775,0.10659999679774046,True,4235.965650809835
ECC+ChaCha20,5000,3,765,0.02920000406447798,0.1340000017080456,0.10449999535921961,True,4235.965650809835
ECC+ChaCha20,5000,3,766,0.02920000406447798,0.13580000086221844,0.10540000221226364,True,4235.965650809835
ECC+ChaCha20,5000,3,767,0.02889998722821474,0.13380000018514693,0.10470001143403351,True,4235.965650809835
ECC+ChaCha20,5000,3,768,0.029999995604157448,0.13610000314656645,0.1640999980736524,True,4235.965650809835
ECC+ChaCha20,5000,3,769,0.03189999551977962,0.13899999612476677,0.10609999299049377,True,4235.965650809835
ECC+ChaCha20,5000,3,770,0.029699993319809437,0.14259999443311244,0.106100007542409,True,4235.965650809835
ECC+ChaCha20,5000,3,771,0.029600007110275328,0.13700000999961048,0.10489999840501696,True,4235.965650809835
ECC+ChaCha20,5000,3,772,0.029300004825927317,0.13710001076105982,0.10469999688211828,True,4235.965650809835
ECC+ChaCha20,5000,3,773,0.028700000257231295,0.13549999857787043,0.10469999688211828,True,4235.965650809835
ECC+ChaCha20,5000,3,774,0.029000002541579306,0.13529999705497175,0.10479999764356762,True,4235.965650809835
ECC+ChaCha20,5000,3,775,0.029100003303028643,0.13529999705497175,0.10579999070614576,True,4235.965650809835
ECC+ChaCha20,5000,3,776,0.02950000634882599,0.1357000001007691,0.1049999991664663,True,4235.965650809835
ECC+ChaCha20,5000,3,777,0.02990000939462334,0.13550001312978566,0.10619999375194311,True,4235.965650809835
ECC+ChaCha20,5000,3,778,0.028800001018680632,0.13479999324772507,0.10410000686533749,True,4235.965650809835
ECC+ChaCha20,5000,3,779,0.028800001018680632,0.13380000018514693,0.10380000458098948,True,4235.965650809835
ECC+ChaCha20,5000,3,780,0.028099995688535273,0.1348999940091744,0.1053000014508143,True,4235.965650809835
ECC+ChaCha20,5000,3,781,0.028700000257231295,0.13439999020192772,0.10350000229664147,True,4235.965650809835
ECC+ChaCha20,5000,3,782,0.028700000257231295,0.13410000246949494,0.10400000610388815,True,4235.965650809835
ECC+ChaCha20,5000,3,783,0.028299997211433947,0.13390000094659626,0.10439999459777027,True,4235.965650809835
ECC+ChaCha20,5000,3,784,0.028700000257231295,0.13640000543091446,0.10420000762678683,True,4235.965650809835
ECC+ChaCha20,5000,3,785,0.028299997211433947,0.13460000627674162,0.1036000030580908,True,4235.965650809835
ECC+ChaCha20,5000,3,786,0.028700000257231295,0.1343000039923936,0.10469999688211828,True,4235.965650809835
ECC+ChaCha20,5000,3,787,0.028299997211433947,0.1336999994236976,0.10400000610388815,True,4235.965650809835
ECC+ChaCha20,5000,3,788,0.02819999644998461,0.13469999248627573,0.10389999079052359,True,4235.965650809835
ECC+ChaCha20,5000,3,789,0.028599999495781958,0.13460000627674162,0.10449999535921961,True,4235.965650809835
ECC+ChaCha20,5000,3,790,0.028700000257231295,0.13419998867902905,0.10389999079052359,True,4235.965650809835
ECC+ChaCha20,5000,3,791,0.02890000178012997,0.13449999096337706,0.10369998926762491,True,4235.965650809835
ECC+ChaCha20,5000,3,792,0.028599999495781958,0.13540001236833632,0.10410000686533749,True,4235.965650809835
ECC+ChaCha20,5000,3,793,0.029100003303028643,0.13420000323094428,0.10409999231342226,True,4235.965650809835
ECC+ChaCha20,5000,3,794,0.028399997972883284,0.13410000246949494,0.1036000030580908,True,4235.965650809835
ECC+ChaCha20,5000,3,795,0.02890000178012997,0.13429998944047838,0.10350000229664147,True,4235.965650809835
ECC+ChaCha20,5000,3,796,0.02819999644998461,0.13499999477062374,0.10429999383632094,True,4235.965650809835
ECC+ChaCha20,5000,3,797,0.028599999495781958,0.1357000001007691,0.10569998994469643,True,4235.965650809835
ECC+ChaCha20,5000,3,798,0.029999995604157448,0.13559999933931977,0.10540000221226364,True,4235.965650809835
ECC+ChaCha20,5000,3,799,0.028700000257231295,0.13619998935610056,0.10549998842179775,True,4235.965650809835
ECC+ChaCha20,5000,3,800,0.029300004825927317,0.13549999857787043,0.10459999612066895,True,4235.965650809835
ECC+ChaCha20,5000,3,801,0.028399997972883284,0.18699999782256782,0.11330000415910035,True,4235.965650809835
ECC+ChaCha20,5000,3,802,0.08610000077169389,0.3285999991931021,0.13980000221636146,True,4235.965650809835
ECC+ChaCha20,5000,3,803,0.03919999289792031,0.16789999790489674,0.11530000483617187,True,4235.965650809835
ECC+ChaCha20,5000,3,804,0.031100003980100155,0.14119999832473695,0.10790000669658184,True,4235.965650809835
ECC+ChaCha20,5000,3,805,0.02950000634882599,0.13740001304540783,0.10540000221226364,True,4235.965650809835
ECC+ChaCha20,5000,3,806,0.029000002541579306,0.13580000086221844,0.10509999992791563,True,4235.965650809835
ECC+ChaCha20,5000,3,807,0.02889998722821474,0.1362000039080158,0.1053000014508143,True,4235.965650809835
ECC+ChaCha20,5000,3,808,0.02920000406447798,0.1379000023007393,0.10660001134965569,True,4235.965650809835
ECC+ChaCha20,5000,3,809,0.029699993319809437,0.1365999924018979,0.1053000014508143,True,4235.965650809835
ECC+ChaCha20,5000,3,810,0.02849999873433262,0.13540001236833632,0.10520000068936497,True,4235.965650809835
ECC+ChaCha20,5000,3,811,0.02890000178012997,0.13469999248627573,0.10469999688211828,True,4235.965650809835
ECC+ChaCha20,5000,3,812,0.028700000257231295,0.1348999940091744,0.10469999688211828,True,4235.965650809835
ECC+ChaCha20,5000,3,813,0.02849999873433262,0.1340999879175797,0.10409999231342226,True,4235.965650809835
ECC+ChaCha20,5000,3,814,0.028700000257231295,0.1340000017080456,0.10460001067258418,True,4235.965650809835
ECC+ChaCha20,5000,3,815,0.028700000257231295,0.13309999485500157,0.10479999764356762,True,4235.965650809835
ECC+ChaCha20,5000,3,816,0.028599999495781958,0.1340000017080456,0.10469999688211828,True,4235.965650809835
ECC+ChaCha20,5000,3,817,0.02849999873433262,0.13390000094659626,0.10340000153519213,True,4235.965650809835
ECC+ChaCha20,5000,3,818,0.028700000257231295,0.182400006451644,0.10999999358318746,True,4235.965650809835
ECC+ChaCha20,5000,3,819,0.0340000115102157,0.13780000153928995,0.1049999991664663,True,4235.965650809835
ECC+ChaCha20,5000,3,820,0.02989999484270811,0.13439999020192772,0.10429999383632094,True,4235.965650809835
ECC+ChaCha20,5000,3,821,0.028599999495781958,0.1336999994236976,0.10380000458098948,True,4235.965650809835
ECC+ChaCha20,5000,3,822,0.028400012524798512,0.1336999994236976,0.10399999155197293,True,4235.965650809835
ECC+ChaCha20,5000,3,823,0.028400012524798512,0.13290000788401812,0.10340000153519213,True,4235.965650809835
ECC+ChaCha20,5000,3,824,0.028399997972883284,0.13449999096337706,0.1041999930748716,True,4235.965650809835
ECC+ChaCha20,5000,3,825,0.02849999873433262,0.13390000094659626,0.10450000991113484,True,4235.965650809835
ECC+ChaCha20,5000,3,826,0.028599999495781958,0.13499999477062374,0.10540000221226364,True,4235.965650809835
ECC+ChaCha20,5000,3,827,0.03959999594371766,0.15619999612681568,0.1109000004362315,True,4235.965650809835
ECC+ChaCha20,5000,3,828,0.029600007110275328,0.1396000006934628,0.10729998757597059,True,4235.965650809835
ECC+ChaCha20,5000,3,829,0.02890000178012997,0.13509999553207308,0.10540000221226364,True,4235.965650809835
ECC+ChaCha20,5000,3,830,0.028399997972883284,0.13479999324772507,0.10509999992791563,True,4235.965650809835
ECC+ChaCha20,5000,3,831,0.029000002541579306,0.13440000475384295,0.10460001067258418,True,4235.965650809835
ECC+ChaCha20,5000,3,832,0.028299997211433947,0.1345999917248264,0.10449999535921961,True,4235.965650809835
ECC+ChaCha20,5000,3,833,0.029100003303028643,0.13479999324772507,0.10380000458098948,True,4235.965650809835
ECC+ChaCha20,5000,3,834,0.02920000406447798,0.1424999936716631,0.10570000449661165,True,4235.965650809835
ECC+ChaCha20,5000,3,835,0.028700000257231295,0.1410000113537535,0.10489999840501696,True,4235.965650809835
ECC+ChaCha20,5000,3,836,0.028599999495781958,0.13370001397561282,0.10429999383632094,True,4235.965650809835
ECC+ChaCha20,5000,3,837,0.028099995688535273,0.13949999993201345,0.10479999764356762,True,4235.965650809835
ECC+ChaCha20,5000,3,838,0.028599999495781958,0.1336999994236976,0.10410000686533749,True,4235.965650809835
ECC+ChaCha20,5000,3,839,0.028099995688535273,0.1328999933321029,0.11230001109652221,True,4235.965650809835
ECC+ChaCha20,5000,3,840,0.028599999495781958,0.13410000246949494,0.1049999991664663,True,4235.965650809835
ECC+ChaCha20,5000,3,841,0.02889998722821474,0.13670000771526247,0.10550000297371298,True,4235.965650809835
ECC+ChaCha20,5000,3,842,0.029100003303028643,0.13509999553207308,0.10509999992791563,True,4235.965650809835
ECC+ChaCha20,5000,3,843,0.028099995688535273,0.1343000039923936,0.10450000991113484,True,4235.965650809835
ECC+ChaCha20,5000,3,844,0.028800001018680632,0.1345999917248264,0.10459999612066895,True,4235.965650809835
ECC+ChaCha20,5000,3,845,0.028299997211433947,0.13380000018514693,0.10469999688211828,True,4235.965650809835
ECC+ChaCha20,5000,3,846,0.028399997972883284,0.13529999705497175,0.1053000014508143,True,4235.965650809835
ECC+ChaCha20,5000,3,847,0.02849999873433262,0.13420000323094428,0.10380000458098948,True,4235.965650809835
ECC+ChaCha20,5000,3,848,0.02819999644998461,0.14039999223314226,0.10549998842179775,True,4235.965650809835
ECC+ChaCha20,5000,3,849,0.02890000178012997,0.13359999866224825,0.10469999688211828,True,4235.965650809835
ECC+ChaCha20,5000,3,850,0.029000002541579306,0.17050000315066427,0.1235999952768907,True,4235.965650809835
ECC+ChaCha20,5000,3,851,0.03199999628122896,0.14060000830795616,0.10699999984353781,True,4235.965650809835
ECC+ChaCha20,5000,3,852,0.02890000178012997,0.14210000517778099,0.10450000991113484,True,4235.965650809835
ECC+ChaCha20,5000,3,853,0.02890000178012997,0.13479999324772507,0.10549998842179775,True,4235.965650809835
ECC+ChaCha20,5000,3,854,0.028800001018680632,0.1351000100839883,0.11480000102892518,True,4235.965650809835
ECC+ChaCha20,5000,3,855,0.02920000406447798,0.13390000094659626,0.10389999079052359,True,4235.965650809835
ECC+ChaCha20,5000,3,856,0.029199989512562752,0.1345000055152923,0.11389999417588115,True,4235.965650809835
ECC+ChaCha20,5000,3,857,0.02920000406447798,0.13580000086221844,0.1053000014508143,True,4235.965650809835
ECC+ChaCha20,5000,3,858,0.028299997211433947,0.13339999713934958,0.10340000153519213,True,4235.965650809835
ECC+ChaCha20,5000,3,859,0.029100003303028643,0.1336999994236976,0.10449999535921961,True,4235.965650809835
ECC+ChaCha20,5000,3,860,0.02849999873433262,0.13500000932253897,0.10420000762678683,True,4235.965650809835
ECC+ChaCha20,5000,3,861,0.028599999495781958,0.1345999917248264,0.10409999231342226,True,4235.965650809835
ECC+ChaCha20,5000,3,862,0.053499999921768904,0.17759999900590628,0.11569999333005399,True,4235.965650809835
ECC+ChaCha20,5000,3,863,0.03890000516548753,0.15910000365693122,0.11320000339765102,True,4235.965650809835
ECC+ChaCha20,5000,3,864,0.031499992473982275,0.13780000153928995,0.10659999679774046,True,4235.965650809835
ECC+ChaCha20,5000,3,865,0.030100010917522013,0.13559999933931977,0.10569998994469643,True,4235.965650809835
ECC+ChaCha20,5000,3,866,0.029700007871724665,0.14489999739453197,0.10590000601951033,True,4235.965650809835
ECC+ChaCha20,5000,3,867,0.029799994081258774,0.13479999324772507,0.10479999764356762,True,4235.965650809835
ECC+ChaCha20,5000,3,868,0.029799994081258774,0.13490000856108963,0.10509999992791563,True,4235.965650809835
ECC+ChaCha20,5000,3,869,0.029700007871724665,0.1345000055152923,0.10430000838823617,True,4235.965650809835
ECC+ChaCha20,5000,3,870,0.029199989512562752,0.13590000162366778,0.10509999992791563,True,4235.965650809835
ECC+ChaCha20,5000,3,871,0.029999995604157448,0.1348999940091744,0.1049999991664663,True,4235.965650809835
ECC+ChaCha20,5000,3,872,0.029699993319809437,0.13749999925494194,0.1053000014508143,True,4235.965650809835
ECC+ChaCha20,5000,3,873,0.029000002541579306,0.1348000077996403,0.10449999535921961,True,4235.965650809835
ECC+ChaCha20,5000,3,874,0.029100003303028643,0.13470000703819096,0.10420000762678683,True,4235.965650809835
ECC+ChaCha20,5000,3,875,0.028399997972883284,0.1323000033153221,0.10400000610388815,True,4235.965650809835
ECC+ChaCha20,5000,3,876,0.028999987989664078,0.13470000703819096,0.10449999535921961,True,4235.965650809835
ECC+ChaCha20,5000,3,877,0.028800001018680632,0.13390000094659626,0.1041999930748716,True,4235.965650809835
ECC+ChaCha20,5000,3,878,0.02819999644998461,0.13420000323094428,0.10509999992791563,True,4235.965650809835
ECC+ChaCha20,5000,3,879,0.029000002541579306,0.13410000246949494,0.10390000534243882,True,4235.965650809835
ECC+ChaCha20,5000,3,880,0.028999987989664078,0.13440000475384295,0.10390000534243882,True,4235.965650809835
ECC+ChaCha20,5000,3,881,0.029099988751113415,0.13440000475384295,0.10410000686533749,True,4235.965650809835
ECC+ChaCha20,5000,3,882,0.028700000257231295,0.13509999553207308,0.1041999930748716,True,4235.965650809835
ECC+ChaCha20,5000,3,883,0.028700000257231295,0.13500000932253897,0.10410000686533749,True,4235.965650809835
ECC+ChaCha20,5000,3,884,0.028399997972883284,0.13329999637790024,0.10379999002907425,True,4235.965650809835
ECC+ChaCha20,5000,3,885,0.028700000257231295,0.13390000094659626,0.10509999992791563,True,4235.965650809835
ECC+ChaCha20,5000,3,886,0.029100003303028643,0.1351000100839883,0.10479999764356762,True,4235.965650809835
ECC+ChaCha20,5000,3,887,0.029099988751113415,0.13460000627674162,0.10469999688211828,True,4235.965650809835
ECC+ChaCha20,5000,3,888,0.028700000257231295,0.13420000323094428,0.10469999688211828,True,4235.965650809835
ECC+ChaCha20,5000,3,889,0.028599999495781958,0.13420000323094428,0.10420000762678683,True,4235.965650809835
ECC+ChaCha20,5000,3,890,0.028399997972883284,0.1345000055152923,0.1049999991664663,True,4235.965650809835
ECC+ChaCha20,5000,3,891,0.028600014047697186,0.13380000018514693,0.10489999840501696,True,4235.965650809835
ECC+ChaCha20,5000,3,892,0.02819999644998461,0.1331999956164509,0.10379999002907425,True,4235.965650809835
ECC+ChaCha20,5000,3,893,0.028299997211433947,0.18940000154543668,0.1086000120267272,True,4235.965650809835
ECC+ChaCha20,5000,3,894,0.032500000088475645,0.13700000999961048,0.10590000601951033,True,4235.965650809835
ECC+ChaCha20,5000,3,895,0.029000002541579306,0.13330001092981547,0.1053000014508143,True,4235.965650809835
ECC+ChaCha20,5000,3,896,0.02890000178012997,0.13530001160688698,0.10600000678095967,True,4235.965650809835
ECC+ChaCha20,5000,3,897,0.02929999027401209,0.13479999324772507,0.10359998850617558,True,4235.965650809835
ECC+ChaCha20,5000,3,898,0.029400005587376654,0.1421999913873151,0.10560000373516232,True,4235.965650809835
ECC+ChaCha20,5000,3,899,0.029999995604157448,0.13470000703819096,0.10489999840501696,True,4235.965650809835
ECC+ChaCha20,5000,3,900,0.028700000257231295,0.1340000017080456,0.10420000762678683,True,4235.965650809835
ECC+ChaCha20,5000,3,901,0.028700000257231295,0.1340999879175797,0.10489999840501696,True,4235.965650809835
ECC+ChaCha20,5000,3,902,0.029300004825927317,0.1343000039923936,0.10449999535921961,True,4235.965650809835
ECC+ChaCha20,5000,3,903,0.029100003303028643,0.1348999940091744,0.1049999991664663,True,4235.965650809835
ECC+ChaCha20,5000,3,904,0.02890000178012997,0.13599998783320189,0.10479999764356762,True,4235.965650809835
ECC+ChaCha20,5000,3,905,0.028700000257231295,0.13420000323094428,0.10659999679774046,True,4235.965650809835
ECC+ChaCha20,5000,3,906,0.03090000245720148,0.1365000061923638,0.10640000982675701,True,4235.965650809835
ECC+ChaCha20,5000,3,907,0.02849999873433262,0.13509999553207308,0.10449999535921961,True,4235.965650809835
ECC+ChaCha20,5000,3,908,0.02989999484270811,0.13689999468624592,0.1049999991664663,True,4235.965650809835
ECC+ChaCha20,5000,3,909,0.028700000257231295,0.13410000246949494,0.1041999930748716,True,4235.965650809835
ECC+ChaCha20,5000,3,910,0.029100003303028643,0.13529999705497175,0.10469999688211828,True,4235.965650809835
ECC+ChaCha20,5000,3,911,0.028400012524798512,0.13470000703819096,0.10380000458098948,True,4235.965650809835
ECC+ChaCha20,5000,3,912,0.028299997211433947,0.13479999324772507,0.10489999840501696,True,4235.965650809835
ECC+ChaCha20,5000,3,913,0.028700000257231295,0.13580000086221844,0.10720000136643648,True,4235.965650809835
ECC+ChaCha20,5000,3,914,0.029800008633174002,0.13500000932253897,0.10489999840501696,True,4235.965650809835
ECC+ChaCha20,5000,3,915,0.029199989512562752,0.13559999933931977,0.10580000525806099,True,4235.965650809835
ECC+ChaCha20,5000,3,916,0.028800001018680632,0.13559999933931977,0.10429999383632094,True,4235.965650809835
ECC+ChaCha20,5000,3,917,0.028399997972883284,0.13390000094659626,0.10509999992791563,True,4235.965650809835
ECC+ChaCha20,5000,3,918,0.028599999495781958,0.13810000382363796,0.10619999375194311,True,4235.965650809835
ECC+ChaCha20,5000,3,919,0.030700000934302807,0.1379000023007393,0.10640000982675701,True,4235.965650809835
ECC+ChaCha20,5000,3,920,0.030399998649954796,0.13670000771526247,0.10590000601951033,True,4235.965650809835
ECC+ChaCha20,5000,3,921,0.02920000406447798,0.13470000703819096,0.10410000686533749,True,4235.965650809835
ECC+ChaCha20,5000,3,922,0.030700000934302807,0.13809998927172273,0.10609999299049377,True,4235.965650809835
ECC+ChaCha20,5000,3,923,0.03170000854879618,0.1373999984934926,0.10459999612066895,True,4235.965650809835
ECC+ChaCha20,5000,3,924,0.05149999924469739,0.17549999756738544,0.11490000179037452,True,4235.965650809835
ECC+ChaCha20,5000,3,925,0.03330000618007034,0.14250000822357833,0.15600000915583223,True,4235.965650809835
ECC+ChaCha20,5000,3,926,0.03460000152699649,0.14319999900180846,0.11119998816866428,True,4235.965650809835
ECC+ChaCha20,5000,3,927,0.03260000084992498,0.1424999936716631,0.11079999967478216,True,4235.965650809835
ECC+ChaCha20,5000,3,928,0.031800009310245514,0.1357999863103032,0.10469999688211828,True,4235.965650809835
ECC+ChaCha20,5000,3,929,0.02950000634882599,0.13479999324772507,0.10420000762678683,True,4235.965650809835
ECC+ChaCha20,5000,3,930,0.03339999238960445,0.152299995534122,0.1078000059351325,True,4235.965650809835
ECC+ChaCha20,5000,3,931,0.030199997127056122,0.13699999544769526,0.10560000373516232,True,4235.965650809835
ECC+ChaCha20,5000,3,932,0.029800008633174002,0.13800000306218863,0.10630000906530768,True,4235.965650809835
ECC+ChaCha20,5000,3,933,0.03029999788850546,0.13549999857787043,0.10569998994469643,True,4235.965650809835
ECC+ChaCha20,5000,3,934,0.02989999484270811,0.13549999857787043,0.1053000014508143,True,4235.965650809835
ECC+ChaCha20,5000,3,935,0.02920000406447798,0.1336999994236976,0.10370000381954014,True,4235.965650809835
ECC+ChaCha20,5000,3,936,0.030400013201870024,0.1360000023851171,0.10470001143403351,True,4235.965650809835
ECC+ChaCha20,5000,3,937,0.029199989512562752,0.13630000466946512,0.10489999840501696,True,4235.965650809835
ECC+ChaCha20,5000,3,938,0.029300004825927317,0.13360001321416348,0.10509999992791563,True,4235.965650809835
ECC+ChaCha20,5000,3,939,0.028800001018680632,0.13520001084543765,0.10459999612066895,True,4235.965650809835
ECC+ChaCha20,5000,3,940,0.02849999873433262,0.13479999324772507,0.10560000373516232,True,4235.965650809835
ECC+ChaCha20,5000,3,941,0.029100003303028643,0.13380000018514693,0.1053000014508143,True,4235.965650809835
ECC+ChaCha20,5000,3,942,0.028800001018680632,0.1765000051818788,0.10799999290611595,True,4235.965650809835
ECC+ChaCha20,5000,3,943,0.03170000854879618,0.1365999924018979,0.10480001219548285,True,4235.965650809835
ECC+ChaCha20,5000,3,944,0.028999987989664078,0.1345000055152923,0.10410000686533749,True,4235.965650809835
ECC+ChaCha20,5000,3,945,0.02849999873433262,0.13390000094659626,0.1049999991664663,True,4235.965650809835
ECC+ChaCha20,5000,3,946,0.028700000257231295,0.13470000703819096,0.10490001295693219,True,4235.965650809835
ECC+ChaCha20,5000,3,947,0.028599999495781958,0.1340000017080456,0.10429999383632094,True,4235.965650809835
ECC+ChaCha20,5000,3,948,0.028800001018680632,0.13559999933931977,0.10509999992791563,True,4235.965650809835
ECC+ChaCha20,5000,3,949,0.028700000257231295,0.1345000055152923,0.10380000458098948,True,4235.965650809835
ECC+ChaCha20,5000,3,950,0.028700000257231295,0.13449999096337706,0.10559998918324709,True,4235.965650809835
ECC+ChaCha20,5000,3,951,0.02890000178012997,0.1336999994236976,0.10410000686533749,True,4235.965650809835
ECC+ChaCha20,5000,3,952,0.029100003303028643,0.1348000077996403,0.10449999535921961,True,4235.965650809835
ECC+ChaCha20,5000,3,953,0.02950000634882599,0.13449999096337706,0.10529998689889908,True,4235.965650809835
ECC+ChaCha20,5000,3,954,0.029099988751113415,0.13410000246949494,0.10489999840501696,True,4235.965650809835
ECC+ChaCha20,5000,3,955,0.029000002541579306,0.13460000627674162,0.10550000297371298,True,4235.965650809835
ECC+ChaCha20,5000,3,956,0.02849999873433262,0.13320001016836613,0.1044000091496855,True,4235.965650809835
ECC+ChaCha20,5000,3,957,0.028399997972883284,0.13339999713934958,0.10399999155197293,True,4235.965650809835
ECC+ChaCha20,5000,3,958,0.029800008633174002,0.13880000915378332,0.10900000052060932,True,4235.965650809835
ECC+ChaCha20,5000,3,959,0.0295999925583601,0.13460000627674162,0.10429999383632094,True,4235.965650809835
ECC+ChaCha20,5000,3,960,0.028599999495781958,0.1336999994236976,0.10380000458098948,True,4235.965650809835
ECC+ChaCha20,5000,3,961,0.02889998722821474,0.14040000678505749,0.1049999991664663,True,4235.965650809835
ECC+ChaCha20,5000,3,962,0.028599999495781958,0.13490000856108963,0.10450000991113484,True,4235.965650809835
ECC+ChaCha20,5000,3,963,0.029000002541579306,0.1345000055152923,0.10460001067258418,True,4235.965650809835
ECC+ChaCha20,5000,3,964,0.028599999495781958,0.13470000703819096,0.10590000601951033,True,4235.965650809835
ECC+ChaCha20,5000,3,965,0.02989999484270811,0.13519999629352242,0.10609999299049377,True,4235.965650809835
ECC+ChaCha20,5000,3,966,0.029799994081258774,0.13580000086221844,0.10520000068936497,True,4235.965650809835
ECC+ChaCha20,5000,3,967,0.02890000178012997,0.13470000703819096,0.1036000030580908,True,4235.965650809835
ECC+ChaCha20,5000,3,968,0.029199989512562752,0.1348000077996403,0.1041999930748716,True,4235.965650809835
ECC+ChaCha20,5000,3,969,0.02950000634882599,0.13849999231752008,0.10679999832063913,True,4235.965650809835
ECC+ChaCha20,5000,3,970,0.02920000406447798,0.13490000856108963,0.10560000373516232,True,4235.965650809835
ECC+ChaCha20,5000,3,971,0.028300011763349175,0.13410000246949494,0.10369998926762491,True,4235.965650809835
ECC+ChaCha20,5000,3,972,0.028099995688535273,0.13349999790079892,0.1033000007737428,True,4235.965650809835
ECC+ChaCha20,5000,3,973,0.029000002541579306,0.1345999917248264,0.10399999155197293,True,4235.965650809835
ECC+ChaCha20,5000,3,974,0.028599999495781958,0.13490000856108963,0.10380000458098948,True,4235.965650809835
ECC+ChaCha20,5000,3,975,0.028700000257231295,0.13399998715613037,0.10409999231342226,True,4235.965650809835
ECC+ChaCha20,5000,3,976,0.028800001018680632,0.1345999917248264,0.10389999079052359,True,4235.965650809835
ECC+ChaCha20,5000,3,977,0.028299997211433947,0.13300000864546746,0.10380000458098948,True,4235.965650809835
ECC+ChaCha20,5000,3,978,0.02890000178012997,0.13529999705497175,0.1049999991664663,True,4235.965650809835
ECC+ChaCha20,5000,3,979,0.029100003303028643,0.13419998867902905,0.10369998926762491,True,4235.965650809835
ECC+ChaCha20,5000,3,980,0.028599999495781958,0.13559999933931977,0.10429999383632094,True,4235.965650809835
ECC+ChaCha20,5000,3,981,0.028299997211433947,0.13349999790079892,0.10350000229664147,True,4235.965650809835
ECC+ChaCha20,5000,3,982,0.028599999495781958,0.1328999933321029,0.10379999002907425,True,4235.965650809835
ECC+ChaCha20,5000,3,983,0.028800001018680632,0.13519999629352242,0.10420000762678683,True,4235.965650809835
ECC+ChaCha20,5000,3,984,0.028599999495781958,0.1345000055152923,0.1044000091496855,True,4235.965650809835
ECC+ChaCha20,5000,3,985,0.028599999495781958,0.1334000116912648,0.10390000534243882,True,4235.965650809835
ECC+ChaCha20,5000,3,986,0.028299997211433947,0.1348000077996403,0.10489999840501696,True,4235.965650809835
ECC+ChaCha20,5000,3,987,0.028399997972883284,0.13299999409355223,0.10389999079052359,True,4235.965650809835
ECC+ChaCha20,5000,3,988,0.028099995688535273,0.13380000018514693,0.10450000991113484,True,4235.965650809835
ECC+ChaCha20,5000,3,989,0.028099995688535273,0.13410000246949494,0.10400000610388815,True,4235.965650809835
ECC+ChaCha20,5000,3,990,0.028300011763349175,0.13390000094659626,0.10489999840501696,True,4235.965650809835
ECC+ChaCha20,5000,3,991,0.02850001328624785,0.15950000670272857,0.10879999899771065,True,4235.965650809835
ECC+ChaCha20,5000,3,992,0.03029999788850546,0.13529999705497175,0.10359998850617558,True,4235.965650809835
ECC+ChaCha20,5000,3,993,0.028599999495781958,0.13949999993201345,0.10459999612066895,True,4235.965650809835
ECC+ChaCha20,5000,3,994,0.029100003303028643,0.13580000086221844,0.10430000838823617,True,4235.965650809835
ECC+ChaCha20,5000,3,995,0.028599999495781958,0.13419998867902905,0.10409999231342226,True,4235.965650809835
ECC+ChaCha20,5000,3,996,0.028599999495781958,0.13380000018514693,0.10449999535921961,True,4235.965650809835
ECC+ChaCha20,5000,3,997,0.028299997211433947,0.13329999637790024,0.10320000001229346,True,4235.965650809835
ECC+ChaCha20,5000,3,998,0.028399997972883284,0.1340000017080456,0.10390000534243882,True,4235.965650809835
ECC+ChaCha20,5000,3,999,0.02890000178012997,0.13359999866224825,0.1033000007737428,True,4235.965650809835
ECC+ChaCha20,5000,3,1000,0.029100003303028643,0.1345999917248264,0.10399999155197293,True,4235.965650809835
ECC+ChaCha20,5000,3,1001,0.028299997211433947,0.1336999994236976,0.10359998850617558,True,4235.965650809835
ECC+ChaCha20,5000,3,1002,0.028400012524798512,0.13660000695381314,0.1049999991664663,True,4235.965650809835
ECC+ChaCha20,5000,3,1003,0.028799986466765404,0.13349999790079892,0.10399999155197293,True,4235.965650809835
ECC+ChaCha20,5000,3,1004,0.028599999495781958,0.1336999994236976,0.1036000030580908,True,4235.965650809835
ECC+ChaCha20,5000,3,1005,0.028299997211433947,0.1336999994236976,0.10399999155197293,True,4235.965650809835
ECC+ChaCha20,5000,3,1006,0.028399997972883284,0.13449999096337706,0.10409999231342226,True,4235.965650809835
ECC+ChaCha20,5000,3,1007,0.028299997211433947,0.13380000018514693,0.10390000534243882,True,4235.965650809835
ECC+ChaCha20,5000,3,1008,0.029000002541579306,0.1328999933321029,0.10390000534243882,True,4235.965650809835
ECC+ChaCha20,5000,3,1009,0.029499991796910763,0.13679999392479658,0.10340000153519213,True,4235.965650809835
ECC+ChaCha20,5000,3,1010,0.028700000257231295,0.13660000695381314,0.10710000060498714,True,4235.965650809835
ECC+ChaCha20,5000,3,1011,0.03130000550299883,0.13949999993201345,0.10670001211110502,True,4235.965650809835
ECC+ChaCha20,5000,3,1012,0.030899987905286252,0.13610000314656645,0.10420000762678683,True,4235.965650809835
ECC+ChaCha20,5000,3,1013,0.029099988751113415,0.13470000703819096,0.10320000001229346,True,4235.965650809835
ECC+ChaCha20,5000,3,1014,0.02849999873433262,0.13640000543091446,0.10479999764356762,True,4235.965650809835
ECC+ChaCha20,5000,3,1015,0.029400005587376654,0.13520001084543765,0.1041999930748716,True,4235.965650809835
ECC+ChaCha20,5000,3,1016,0.028599999495781958,0.1336999994236976,0.10370000381954014,True,4235.965650809835
ECC+ChaCha20,5000,3,1017,0.03029999788850546,0.13399998715613037,0.10409999231342226,True,4235.965650809835
ECC+ChaCha20,5000,3,1018,0.028800001018680632,0.13370001397561282,0.1041999930748716,True,4235.965650809835
ECC+ChaCha20,5000,3,1019,0.02890000178012997,0.1348999940091744,0.10320000001229346,True,4235.965650809835
ECC+ChaCha20,5000,3,1020,0.028800001018680632,0.13320001016836613,0.10309999925084412,True,4235.965650809835
ECC+ChaCha20,5000,3,1021,0.028399997972883284,0.13250000483822078,0.1036000030580908,True,4235.965650809835
ECC+ChaCha20,5000,3,1022,0.028600014047697186,0.13440000475384295,0.1033000007737428,True,4235.965650809835
ECC+ChaCha20,5000,3,1023,0.02890000178012997,0.13519999629352242,0.10469999688211828,True,4235.965650809835
ECC+ChaCha20,5000,3,1024,0.028800001018680632,0.1345999917248264,0.19659999816212803,True,4235.965650809835
ECC+ChaCha20,5000,3,1025,0.047299996367655694,0.1664000010350719,0.11389999417588115,True,4235.965650809835
ECC+ChaCha20,5000,3,1026,0.03440000000409782,0.13889999536331743,0.1053000014508143,True,4235.965650809835
ECC+ChaCha20,5000,3,1027,0.030800001695752144,0.13509999553207308,0.10450000991113484,True,4235.965650809835
ECC+ChaCha20,5000,3,1028,0.034199998481199145,0.14319999900180846,0.10689999908208847,True,4235.965650809835
ECC+ChaCha20,5000,3,1029,0.0295999925583601,0.13580000086221844,0.10509999992791563,True,4235.965650809835
ECC+ChaCha20,5000,3,1030,0.0295999925583601,0.1348000077996403,0.10459999612066895,True,4235.965650809835
ECC+ChaCha20,5000,3,1031,0.030399998649954796,0.1362000039080158,0.10469999688211828,True,4235.965650809835
ECC+ChaCha20,5000,3,1032,0.02890000178012997,0.1357000001007691,0.10409999231342226,True,4235.965650809835
ECC+ChaCha20,5000,3,1033,0.028700000257231295,0.13729999773204327,0.10449999535921961,True,4235.965650809835
ECC+ChaCha20,5000,3,1034,0.029800008633174002,0.13469999248627573,0.10410000686533749,True,4235.965650809835
ECC+ChaCha20,5000,3,1035,0.029600007110275328,0.13500000932253897,0.10420000762678683,True,4235.965650809835
ECC+ChaCha20,5000,3,1036,0.029000002541579306,0.1348999940091744,0.10489999840501696,True,4235.965650809835
ECC+ChaCha20,5000,3,1037,0.029000002541579306,0.13469999248627573,0.10329998622182757,True,4235.965650809835
ECC+ChaCha20,5000,3,1038,0.028600014047697186,0.1340000017080456,0.10369998926762491,True,4235.965650809835
ECC+ChaCha20,5000,3,1039,0.028700000257231295,0.13299999409355223,0.10340000153519213,True,4235.965650809835
ECC+ChaCha20,5000,3,1040,0.02819999644998461,0.13359999866224825,0.10420000762678683,True,4235.965650809835
ECC+ChaCha20,5000,3,1041,0.028400012524798512,0.13380000018514693,0.10299999848939478,True,4235.965650809835
ECC+ChaCha20,5000,3,1042,0.02929999027401209,0.13299999409355223,0.1033000007737428,True,4235.965650809835
ECC+ChaCha20,5000,3,1043,0.028700000257231295,0.13360001321416348,0.10340000153519213,True,4235.965650809835
ECC+ChaCha20,5000,3,1044,0.028399997972883284,0.13580000086221844,0.10370000381954014,True,4235.965650809835
ECC+ChaCha20,5000,3,1045,0.02849999873433262,0.13370001397561282,0.10380000458098948,True,4235.965650809835
ECC+ChaCha20,5000,3,1046,0.02820001100189984,0.13359999866224825,0.10479999764356762,True,4235.965650809835
ECC+ChaCha20,5000,3,1047,0.028099995688535273,0.13249999028630555,0.10350000229664147,True,4235.965650809835
ECC+ChaCha20,5000,3,1048,0.028700000257231295,0.1340999879175797,0.1036000030580908,True,4235.965650809835
ECC+ChaCha20,5000,3,1049,0.02820001100189984,0.13270000636111945,0.10400000610388815,True,4235.965650809835
ECC+ChaCha20,5000,3,1050,0.027999994927085936,0.1345999917248264,0.10389999079052359,True,4235.965650809835
ECC+ChaCha20,5000,3,1051,0.027999994927085936,0.1331999956164509,0.10309999925084412,True,4235.965650809835
ECC+ChaCha20,5000,3,1052,0.028399997972883284,0.16650000179652125,0.10750000365078449,True,4235.965650809835
ECC+ChaCha20,5000,3,1053,0.03170000854879618,0.13519999629352242,0.10340000153519213,True,4235.965650809835
ECC+ChaCha20,5000,3,1054,0.0295999925583601,0.13580000086221844,0.10390000534243882,True,4235.965650809835
ECC+ChaCha20,5000,3,1055,0.029000002541579306,0.1345000055152923,0.10509999992791563,True,4235.965650809835
ECC+ChaCha20,5000,3,1056,0.02989999484270811,0.1345999917248264,0.10369998926762491,True,4235.965650809835
ECC+ChaCha20,5000,3,1057,0.02929999027401209,0.14029999147169292,0.10370000381954014,True,4235.965650809835
ECC+ChaCha20,5000,3,1058,0.0295999925583601,0.13440000475384295,0.10410000686533749,True,4235.965650809835
ECC+ChaCha20,5000,3,1059,0.029100003303028643,0.13290000788401812,0.10390000534243882,True,4235.965650809835
ECC+ChaCha20,5000,3,1060,0.028599999495781958,0.1340000017080456,0.10439999459777027,True,4235.965650809835
ECC+ChaCha20,5000,3,1061,0.02929999027401209,0.1345000055152923,0.1041999930748716,True,4235.965650809835
ECC+ChaCha20,5000,3,1062,0.028599999495781958,0.13380000018514693,0.10489999840501696,True,4235.965650809835
ECC+ChaCha20,5000,3,1063,0.029199989512562752,0.1345000055152923,0.10390000534243882,True,4235.965650809835
ECC+ChaCha20,5000,3,1064,0.028099995688535273,0.13380000018514693,0.1036000030580908,True,4235.965650809835
ECC+ChaCha20,5000,3,1065,0.028399997972883284,0.13470000703819096,0.10380000458098948,True,4235.965650809835
ECC+ChaCha20,5000,3,1066,0.028599999495781958,0.13300000864546746,0.10380000458098948,True,4235.965650809835
ECC+ChaCha20,5000,3,1067,0.028099995688535273,0.13270000636111945,0.1033000007737428,True,4235.965650809835
ECC+ChaCha20,5000,3,1068,0.028399997972883284,0.13229998876340687,0.1033000007737428,True,4235.965650809835
ECC+ChaCha20,5000,3,1069,0.028700000257231295,0.13349999790079892,0.10409999231342226,True,4235.965650809835
ECC+ChaCha20,5000,3,1070,0.028299997211433947,0.13250000483822078,0.10299999848939478,True,4235.965650809835
ECC+ChaCha20,5000,3,1071,0.029000002541579306,0.13410000246949494,0.10289999772794545,True,4235.965650809835
ECC+ChaCha20,5000,3,1072,0.02820001100189984,0.13240000407677144,0.10280001151841134,True,4235.965650809835
ECC+ChaCha20,5000,3,1073,0.028700000257231295,0.13330001092981547,0.10390000534243882,True,4235.965650809835
ECC+ChaCha20,5000,3,1074,0.028399997972883284,0.1328999933321029,0.1041999930748716,True,4235.965650809835
ECC+ChaCha20,5000,3,1075,0.02850001328624785,0.13179999950807542,0.10359998850617558,True,4235.965650809835
ECC+ChaCha20,5000,3,1076,0.028300011763349175,0.1343000039923936,0.10420000762678683,True,4235.965650809835
ECC+ChaCha20,5000,3,1077,0.0281000102404505,0.1326000055996701,0.10320000001229346,True,4235.965650809835
ECC+ChaCha20,5000,3,1078,0.0281000102404505,0.13250000483822078,0.10309999925084412,True,4235.965650809835
ECC+ChaCha20,5000,3,1079,0.028000009479001164,0.13349999790079892,0.10370000381954014,True,4235.965650809835
ECC+ChaCha20,5000,3,1080,0.02820001100189984,0.18370000179857016,0.10790000669658184,True,4235.965650809835
ECC+ChaCha20,5000,3,1081,0.032800002372823656,0.13580000086221844,0.1049999991664663,True,4235.965650809835
ECC+ChaCha20,5000,3,1082,0.02819999644998461,0.13390000094659626,0.10300001304131001,True,4235.965650809835
ECC+ChaCha20,5000,3,1083,0.029300004825927317,0.1357000001007691,0.10429999383632094,True,4235.965650809835
ECC+ChaCha20,5000,3,1084,0.02920000406447798,0.1331000094069168,0.1036000030580908,True,4235.965650809835
ECC+ChaCha20,5000,3,1085,0.02890000178012997,0.13309999485500157,0.10289999772794545,True,4235.965650809835
ECC+ChaCha20,5000,3,1086,0.02890000178012997,0.13440000475384295,0.1033000007737428,True,4235.965650809835
ECC+ChaCha20,5000,3,1087,0.029000002541579306,0.13210000179242343,0.10379999002907425,True,4235.965650809835
ECC+ChaCha20,5000,3,1088,0.028000009479001164,0.13240000407677144,0.10320000001229346,True,4235.965650809835
ECC+ChaCha20,5000,3,1089,0.02890000178012997,0.14089999604038894,0.10409999231342226,True,4235.965650809835
ECC+ChaCha20,5000,3,1090,0.02990000939462334,0.13419998867902905,0.10369998926762491,True,4235.965650809835
ECC+ChaCha20,5000,3,1091,0.028399997972883284,0.13349999790079892,0.10460001067258418,True,4235.965650809835
ECC+ChaCha20,5000,3,1092,0.02849999873433262,0.13359999866224825,0.10409999231342226,True,4235.965650809835
ECC+ChaCha20,5000,3,1093,0.02819999644998461,0.13339999713934958,0.10309999925084412,True,4235.965650809835
ECC+ChaCha20,5000,3,1094,0.02849999873433262,0.1336999994236976,0.1036000030580908,True,4235.965650809835
ECC+ChaCha20,5000,3,1095,0.029000002541579306,0.13410000246949494,0.1036000030580908,True,4235.965650809835
ECC+ChaCha20,5000,3,1096,0.028800001018680632,0.1331999956164509,0.10340000153519213,True,4235.965650809835
ECC+ChaCha20,5000,3,1097,0.028300011763349175,0.13390000094659626,0.10449999535921961,True,4235.965650809835
ECC+ChaCha20,5000,3,1098,0.02820001100189984,0.1328000071225688,0.1036000030580908,True,4235.965650809835
ECC+ChaCha20,5000,3,1099,0.02849999873433262,0.13349999790079892,0.10359998850617558,True,4235.965650809835
ECC+ChaCha20,5000,3,1100,0.028700000257231295,0.13339999713934958,0.1033000007737428,True,4235.965650809835
ECC+ChaCha20,5000,3,1101,0.02849999873433262,0.1336999994236976,0.10370000381954014,True,4235.965650809835
ECC+ChaCha20,5000,3,1102,0.02849999873433262,0.13300000864546746,0.1036000030580908,True,4235.965650809835
ECC+ChaCha20,5000,3,1103,0.028399997972883284,0.1340000017080456,0.10359998850617558,True,4235.965650809835
ECC+ChaCha20,5000,3,1104,0.028099995688535273,0.13309999485500157,0.10350000229664147,True,4235.965650809835
ECC+ChaCha20,5000,3,1105,0.028599999495781958,0.13339999713934958,0.10349998774472624,True,4235.965650809835
ECC+ChaCha20,5000,3,1106,0.028299997211433947,0.13279999257065356,0.1041999930748716,True,4235.965650809835
ECC+ChaCha20,5000,3,1107,0.02819999644998461,0.1331999956164509,0.10390000534243882,True,4235.965650809835
ECC+ChaCha20,5000,3,1108,0.028299997211433947,0.15579999308101833,0.1066999975591898,True,4235.965650809835
ECC+ChaCha20,5000,3,1109,0.03090000245720148,0.13639999087899923,0.10379999002907425,True,4235.965650809835
ECC+ChaCha20,5000,3,1110,0.02890000178012997,0.1343000039923936,0.10449999535921961,True,4235.965650809835
ECC+ChaCha20,5000,3,1111,0.02890000178012997,0.1331999956164509,0.10350000229664147,True,4235.965650809835
ECC+ChaCha20,5000,3,1112,0.02890000178012997,0.13390000094659626,0.1033999869832769,True,4235.965650809835
ECC+ChaCha20,5000,3,1113,0.02920000406447798,0.13300000864546746,0.10400000610388815,True,4235.965650809835
ECC+ChaCha20,5000,3,1114,0.0281000102404505,0.13359999866224825,0.10370000381954014,True,4235.965650809835
ECC+ChaCha20,5000,3,1115,0.02890000178012997,0.13330001092981547,0.1033000007737428,True,4235.965650809835
ECC+ChaCha20,5000,3,1116,0.028300011763349175,0.13270000636111945,0.10309999925084412,True,4235.965650809835
ECC+ChaCha20,5000,3,1117,0.028700000257231295,0.13240000407677144,0.1036000030580908,True,4235.965650809835
ECC+ChaCha20,5000,3,1118,0.028299997211433947,0.18000000272877514,0.10889999975915998,True,4235.965650809835
ECC+ChaCha20,5000,3,1119,0.03330000618007034,0.13719999697059393,0.10509999992791563,True,4235.965650809835
ECC+ChaCha20,5000,3,1120,0.028700000257231295,0.1345000055152923,0.10410000686533749,True,4235.965650809835
ECC+ChaCha20,5000,3,1121,0.028700000257231295,0.14080000983085483,0.10299999848939478,True,4235.965650809835
ECC+ChaCha20,5000,3,1122,0.02890000178012997,0.1340000017080456,0.10449999535921961,True,4235.965650809835
ECC+ChaCha20,5000,3,1123,0.02849999873433262,0.13380000018514693,0.10410000686533749,True,4235.965650809835
ECC+ChaCha20,5000,3,1124,0.02849999873433262,0.13359999866224825,0.10390000534243882,True,4235.965650809835
ECC+ChaCha20,5000,3,1125,0.028399997972883284,0.1336999994236976,0.10379999002907425,True,4235.965650809835
ECC+ChaCha20,5000,3,1126,0.029499991796910763,0.13440000475384295,0.10459999612066895,True,4235.965650809835
ECC+ChaCha20,5000,3,1127,0.029100003303028643,0.13330001092981547,0.10409999231342226,True,4235.965650809835
ECC+ChaCha20,5000,3,1128,0.028800001018680632,0.13320001016836613,0.1036000030580908,True,4235.965650809835
ECC+ChaCha20,5000,3,1129,0.028700000257231295,0.1343000039923936,0.1044000091496855,True,4235.965650809835
ECC+ChaCha20,5000,3,1130,0.028599999495781958,0.1336999994236976,0.10399999155197293,True,4235.965650809835
ECC+ChaCha20,5000,3,1131,0.028099995688535273,0.13240000407677144,0.10289999772794545,True,4235.965650809835
ECC+ChaCha20,5000,3,1132,0.02849999873433262,0.13129999570082873,0.10320000001229346,True,4235.965650809835
ECC+ChaCha20,5000,3,1133,0.027999994927085936,0.1323999895248562,0.10369998926762491,True,4235.965650809835
ECC+ChaCha20,5000,3,1134,0.028099995688535273,0.14779999037273228,0.10449999535921961,True,4235.965650809835
ECC+ChaCha20,5000,3,1135,0.02890000178012997,0.1348000077996403,0.10350000229664147,True,4235.965650809835
ECC+ChaCha20,5000,3,1136,0.02819999644998461,0.13229998876340687,0.10309999925084412,True,4235.965650809835
ECC+ChaCha20,5000,3,1137,0.0337999954354018,0.1404999929945916,0.10580000525806099,True,4235.965650809835
ECC+ChaCha20,5000,3,1138,0.028999987989664078,0.13410000246949494,0.10370000381954014,True,4235.965650809835
ECC+ChaCha20,5000,3,1139,0.029699993319809437,0.1348999940091744,0.10410000686533749,True,4235.965650809835
ECC+ChaCha20,5000,3,1140,0.028700000257231295,0.1343000039923936,0.1049999991664663,True,4235.965650809835
ECC+ChaCha20,5000,3,1141,0.028099995688535273,0.13339999713934958,0.10340000153519213,True,4235.965650809835
ECC+ChaCha20,5000,3,1142,0.02819999644998461,0.13299999409355223,0.10370000381954014,True,4235.965650809835
ECC+ChaCha20,5000,3,1143,0.028799986466765404,0.13210000179242343,0.10280001151841134,True,4235.965650809835
ECC+ChaCha20,5000,3,1144,0.028099995688535273,0.13259999104775488,0.1033999869832769,True,4235.965650809835
ECC+ChaCha20,5000,3,1145,0.028399997972883284,0.13339999713934958,0.10369998926762491,True,4235.965650809835
ECC+ChaCha20,5000,3,1146,0.029000002541579306,0.13519999629352242,0.1041999930748716,True,4235.965650809835
ECC+ChaCha20,5000,3,1147,0.028399997972883284,0.13270000636111945,0.10350000229664147,True,4235.965650809835
ECC+ChaCha20,5000,3,1148,0.028399997972883284,0.13349999790079892,0.10369998926762491,True,4235.965650809835
ECC+ChaCha20,5000,3,1149,0.028299997211433947,0.13210000179242343,0.10379999002907425,True,4235.965650809835
ECC+ChaCha20,5000,3,1150,0.028300011763349175,0.13300000864546746,0.1033000007737428,True,4235.965650809835
ECC+ChaCha20,5000,3,1151,0.028800001018680632,0.13309999485500157,0.10389999079052359,True,4235.965650809835
ECC+ChaCha20,5000,3,1152,0.0281000102404505,0.13240000407677144,0.10290001227986068,True,4235.965650809835
ECC+ChaCha20,5000,3,1153,0.028299997211433947,0.13929999840911478,0.10340000153519213,True,4235.965650809835
ECC+ChaCha20,5000,3,1154,0.028599999495781958,0.13500000932253897,0.10449999535921961,True,4235.965650809835
ECC+ChaCha20,5000,3,1155,0.027999994927085936,0.1326000055996701,0.10370000381954014,True,4235.965650809835
ECC+ChaCha20,5000,3,1156,0.02849999873433262,0.13339999713934958,0.10420000762678683,True,4235.965650809835
ECC+ChaCha20,5000,3,1157,0.028800001018680632,0.13339999713934958,0.10259999544359744,True,4235.965650809835
ECC+ChaCha20,5000,3,1158,0.028599999495781958,0.13380000018514693,0.10390000534243882,True,4235.965650809835
ECC+ChaCha20,5000,3,1159,0.027999994927085936,0.1326000055996701,0.1033000007737428,True,4235.965650809835
ECC+ChaCha20,5000,3,1160,0.028299997211433947,0.13300000864546746,0.10350000229664147,True,4235.965650809835
ECC+ChaCha20,5000,3,1161,0.028099995688535273,0.13380000018514693,0.10449999535921961,True,4235.965650809835
ECC+ChaCha20,5000,3,1162,0.028299997211433947,0.13390000094659626,0.10350000229664147,True,4235.965650809835
ECC+ChaCha20,5000,3,1163,0.028400012524798512,0.13339999713934958,0.10289999772794545,True,4235.965650809835
ECC+ChaCha20,5000,3,1164,0.028000009479001164,0.13299999409355223,0.1044000091496855,True,4235.965650809835
ECC+ChaCha20,5000,3,1165,0.028399997972883284,0.1779000012902543,0.10689999908208847,True,4235.965650809835
ECC+ChaCha20,5000,3,1166,0.03130000550299883,0.13460000627674162,0.1033000007737428,True,4235.965650809835
ECC+ChaCha20,5000,3,1167,0.028400012524798512,0.13410000246949494,0.1041999930748716,True,4235.965650809835
ECC+ChaCha20,5000,3,1168,0.028399997972883284,0.13460000627674162,0.1041999930748716,True,4235.965650809835
ECC+ChaCha20,5000,3,1169,0.028599999495781958,0.13440000475384295,0.10279999696649611,True,4235.965650809835
ECC+ChaCha20,5000,3,1170,0.02849999873433262,0.13380000018514693,0.10309999925084412,True,4235.965650809835
ECC+ChaCha20,5000,3,1171,0.028299997211433947,0.1331000094069168,0.1033000007737428,True,4235.965650809835
ECC+ChaCha20,5000,3,1172,0.02890000178012997,0.13479999324772507,0.10420000762678683,True,4235.965650809835
ECC+ChaCha20,5000,3,1173,0.029300004825927317,0.1340000017080456,0.10389999079052359,True,4235.965650809835
ECC+ChaCha20,5000,3,1174,0.02920000406447798,0.13429998944047838,0.10469999688211828,True,4235.965650809835
ECC+ChaCha20,5000,3,1175,0.028299997211433947,0.13329999637790024,0.10370000381954014,True,4235.965650809835
ECC+ChaCha20,5000,3,1176,0.028299997211433947,0.13220000255387276,0.1033000007737428,True,4235.965650809835
ECC+ChaCha20,5000,3,1177,0.028399997972883284,0.13299999409355223,0.10340000153519213,True,4235.965650809835
ECC+ChaCha20,5000,3,1178,0.028399997972883284,0.13359999866224825,0.10439999459777027,True,4235.965650809835
ECC+ChaCha20,5000,3,1179,0.028399997972883284,0.13259999104775488,0.1033999869832769,True,4235.965650809835
ECC+ChaCha20,5000,3,1180,0.028800001018680632,0.13359999866224825,0.1036000030580908,True,4235.965650809835
ECC+ChaCha20,5000,3,1181,0.02819999644998461,0.13309999485500157,0.10290001227986068,True,4235.965650809835
ECC+ChaCha20,5000,3,1182,0.027999994927085936,0.1348999940091744,0.10350000229664147,True,4235.965650809835
ECC+ChaCha20,5000,3,1183,0.028599999495781958,0.13270000636111945,0.1033000007737428,True,4235.965650809835
ECC+ChaCha20,5000,3,1184,0.028299997211433947,0.13479999324772507,0.10420000762678683,True,4235.965650809835
ECC+ChaCha20,5000,3,1185,0.02849999873433262,0.13930001296103,0.10279999696649611,True,4235.965650809835
ECC+ChaCha20,5000,3,1186,0.028399997972883284,0.13240000407677144,0.10340000153519213,True,4235.965650809835
ECC+ChaCha20,5000,3,1187,0.02849999873433262,0.1323999895248562,0.10689999908208847,True,4235.965650809835
ECC+ChaCha20,5000,3,1188,0.02820001100189984,0.1331000094069168,0.10380000458098948,True,4235.965650809835
ECC+ChaCha20,5000,3,1189,0.02849999873433262,0.13249999028630555,0.10379999002907425,True,4235.965650809835
ECC+ChaCha20,5000,3,1190,0.028800001018680632,0.13380000018514693,0.10390000534243882,True,4235.965650809835
ECC+ChaCha20,5000,3,1191,0.028299997211433947,0.13380000018514693,0.10350000229664147,True,4235.965650809835
ECC+ChaCha20,5000,3,1192,0.02819999644998461,0.13269999180920422,0.10379999002907425,True,4235.965650809835
ECC+ChaCha20,5000,3,1193,0.02890000178012997,0.17189999925903976,0.10930000280495733,True,4235.965650809835
ECC+ChaCha20,5000,3,1194,0.031800009310245514,0.13770000077784061,0.10559998918324709,True,4235.965650809835
ECC+ChaCha20,5000,3,1195,0.02990000939462334,0.13410000246949494,0.1049999991664663,True,4235.965650809835
ECC+ChaCha20,5000,3,1196,0.028800001018680632,0.13419998867902905,0.10380000458098948,True,4235.965650809835
ECC+ChaCha20,5000,3,1197,0.029000002541579306,0.1343000039923936,0.1041999930748716,True,4235.965650809835
ECC+ChaCha20,5000,3,1198,0.029099988751113415,0.13499999477062374,0.10439999459777027,True,4235.965650809835
ECC+ChaCha20,5000,3,1199,0.029000002541579306,0.13380000018514693,0.10429999383632094,True,4235.965650809835
ECC+ChaCha20,5000,3,1200,0.029399991035461426,0.13479999324772507,0.10489999840501696,True,4235.965650809835
ECC+ChaCha20,5000,3,1201,0.029000002541579306,0.1343000039923936,0.10380000458098948,True,4235.965650809835
ECC+ChaCha20,5000,3,1202,0.028399997972883284,0.13320001016836613,0.1033000007737428,True,4235.965650809835
ECC+ChaCha20,5000,3,1203,0.028599999495781958,0.13410000246949494,0.10459999612066895,True,4235.965650809835
ECC+ChaCha20,5000,3,1204,0.02849999873433262,0.13419998867902905,0.10449999535921961,True,4235.965650809835
ECC+ChaCha20,5000,3,1205,0.028599999495781958,0.13240000407677144,0.1036000030580908,True,4235.965650809835
ECC+ChaCha20,5000,3,1206,0.02820001100189984,0.13179999950807542,0.10340000153519213,True,4235.965650809835
ECC+ChaCha20,5000,3,1207,0.028700000257231295,0.13300000864546746,0.10380000458098948,True,4235.965650809835
ECC+ChaCha20,5000,3,1208,0.032199997804127634,0.14000000373926014,0.10560000373516232,True,4235.965650809835
ECC+ChaCha20,5000,3,1209,0.029300004825927317,0.13339999713934958,0.10390000534243882,True,4235.965650809835
ECC+ChaCha20,5000,3,1210,0.029099988751113415,0.13490000856108963,0.10509999992791563,True,4235.965650809835
ECC+ChaCha20,5000,3,1211,0.02849999873433262,0.13420000323094428,0.1036000030580908,True,4235.965650809835
ECC+ChaCha20,5000,3,1212,0.02929999027401209,0.13390000094659626,0.10380000458098948,True,4235.965650809835
ECC+ChaCha20,5000,3,1213,0.02890000178012997,0.1331999956164509,0.10299999848939478,True,4235.965650809835
ECC+ChaCha20,5000,3,1214,0.028700000257231295,0.13349999790079892,0.10389999079052359,True,4235.965650809835
ECC+ChaCha20,5000,3,1215,0.028599999495781958,0.1331999956164509,0.1033000007737428,True,4235.965650809835
ECC+ChaCha20,5000,3,1216,0.028700000257231295,0.17980000120587647,0.10840001050382853,True,4235.965650809835
ECC+ChaCha20,5000,3,1217,0.03169999399688095,0.13549999857787043,0.10469999688211828,True,4235.965650809835
ECC+ChaCha20,5000,3,1218,0.029499991796910763,0.13559999933931977,0.10439999459777027,True,4235.965650809835
ECC+ChaCha20,5000,3,1219,0.028800001018680632,0.13339999713934958,0.1041999930748716,True,4235.965650809835
ECC+ChaCha20,5000,3,1220,0.029399991035461426,0.15900000289548188,0.10570000449661165,True,4235.965650809835
ECC+ChaCha20,5000,3,1221,0.031000003218650818,0.13499999477062374,0.10450000991113484,True,4235.965650809835
ECC+ChaCha20,5000,3,1222,0.03029999788850546,0.13550001312978566,0.1049999991664663,True,4235.965650809835
ECC+ChaCha20,5000,3,1223,0.029699993319809437,0.13509999553207308,0.10439999459777027,True,4235.965650809835
ECC+ChaCha20,5000,3,1224,0.030399998649954796,0.1345000055152923,0.10489999840501696,True,4235.965650809835
ECC+ChaCha20,5000,3,1225,0.02929999027401209,0.13469999248627573,0.10389999079052359,True,4235.965650809835
ECC+ChaCha20,5000,3,1226,0.030300012440420687,0.1343000039923936,0.10390000534243882,True,4235.965650809835
ECC+ChaCha20,5000,3,1227,0.029100003303028643,0.13229998876340687,0.10389999079052359,True,4235.965650809835
ECC+ChaCha20,5000,3,1228,0.0295999925583601,0.1343000039923936,0.10390000534243882,True,4235.965650809835
ECC+ChaCha20,5000,3,1229,0.029099988751113415,0.1336999994236976,0.10380000458098948,True,4235.965650809835
ECC+ChaCha20,5000,3,1230,0.029099988751113415,0.1340000017080456,0.10420000762678683,True,4235.965650809835
ECC+ChaCha20,5000,3,1231,0.02890000178012997,0.13210000179242343,0.1036000030580908,True,4235.965650809835
ECC+ChaCha20,5000,3,1232,0.029000002541579306,0.13359999866224825,0.10370000381954014,True,4235.965650809835
ECC+ChaCha20,5000,3,1233,0.029000002541579306,0.13269999180920422,0.1033000007737428,True,4235.965650809835
ECC+ChaCha20,5000,3,1234,0.02890000178012997,0.13269999180920422,0.1036000030580908,True,4235.965650809835
ECC+ChaCha20,5000,3,1235,0.029400005587376654,0.1331999956164509,0.10320000001229346,True,4235.965650809835
ECC+ChaCha20,5000,3,1236,0.029000002541579306,0.13330001092981547,0.10309999925084412,True,4235.965650809835
ECC+ChaCha20,5000,3,1237,0.02849999873433262,0.1326000055996701,0.1033000007737428,True,4235.965650809835
ECC+ChaCha20,5000,3,1238,0.02849999873433262,0.13309999485500157,0.10359998850617558,True,4235.965650809835
ECC+ChaCha20,5000,3,1239,0.029199989512562752,0.13349999790079892,0.10350000229664147,True,4235.965650809835
ECC+ChaCha20,5000,3,1240,0.028800001018680632,0.13269999180920422,0.1041999930748716,True,4235.965650809835
ECC+ChaCha20,5000,3,1241,0.028599999495781958,0.1343000039923936,0.10420000762678683,True,4235.965650809835
ECC+ChaCha20,5000,3,1242,0.029000002541579306,0.13359999866224825,0.10449999535921961,True,4235.965650809835
ECC+ChaCha20,5000,3,1243,0.02890000178012997,0.13329999637790024,0.10340000153519213,True,4235.965650809835
ECC+ChaCha20,5000,3,1244,0.028599999495781958,0.13429998944047838,0.10469999688211828,True,4235.965650809835
ECC+ChaCha20,5000,3,1245,0.028800001018680632,0.13270000636111945,0.10380000458098948,True,4235.965650809835
ECC+ChaCha20,5000,3,1246,0.028399997972883284,0.13349999790079892,0.10390000534243882,True,4235.965650809835
ECC+ChaCha20,5000,3,1247,0.02850001328624785,0.1336999994236976,0.10340000153519213,True,4235.965650809835
ECC+ChaCha20,5000,3,1248,0.028599999495781958,0.1576000067871064,0.10889999975915998,True,4235.965650809835
ECC+ChaCha20,5000,3,1249,0.03029999788850546,0.13499999477062374,0.1041999930748716,True,4235.965650809835
ECC+ChaCha20,5000,3,1250,0.029499991796910763,0.1353999978164211,0.10459999612066895,True,4235.965650809835
ECC+ChaCha20,5000,3,1251,0.029099988751113415,0.13329999637790024,0.10389999079052359,True,4235.965650809835
ECC+ChaCha20,5000,3,1252,0.027699992642737925,0.1286000042455271,0.10059999476652592,True,4235.965650809835
ECC+ChaCha20,5000,3,1253,0.029099988751113415,0.1306000049225986,0.10060000931844115,True,4235.965650809835
ECC+ChaCha20,5000,3,1254,0.028700000257231295,0.1306000049225986,0.10110001312568784,True,4235.965650809835
ECC+ChaCha20,5000,3,1255,0.027700007194653153,0.12909999350085855,0.1002000062726438,True,4235.965650809835
ECC+ChaCha20,5000,3,1256,0.027900008717551827,0.12969999806955457,0.10089999705087394,True,4235.965650809835
ECC+ChaCha20,5000,3,1257,0.028099995688535273,0.12959999730810523,0.0999000039882958,True,4235.965650809835
ECC+ChaCha20,5000,3,1258,0.027999994927085936,0.12889999197795987,0.10089999705087394,True,4235.965650809835
ECC+ChaCha20,5000,3,1259,0.027900008717551827,0.12919999426230788,0.10099999781232327,True,4235.965650809835
ECC+ChaCha20,5000,3,1260,0.02850001328624785,0.12910000805277377,0.10089999705087394,True,4235.965650809835
ECC+ChaCha20,5000,3,1261,0.028099995688535273,0.1294999965466559,0.10030000703409314,True,4235.965650809835
ECC+ChaCha20,5000,3,1262,0.02819999644998461,0.1294999965466559,0.10120001388713717,True,4235.965650809835
ECC+ChaCha20,5000,3,1263,0.028099995688535273,0.13020000187680125,0.10130000009667128,True,4235.965650809835
ECC+ChaCha20,5000,3,1264,0.027900008717551827,0.12930000957567245,0.10010000551119447,True,4235.965650809835
ECC+ChaCha20,5000,3,1265,0.028400012524798512,0.12959999730810523,0.10069999552797526,True,4235.965650809835
ECC+ChaCha20,5000,3,1266,0.027799993404187262,0.1294999965466559,0.10030000703409314,True,4235.965650809835
ECC+ChaCha20,5000,3,1267,0.0278999941656366,0.12989999959245324,0.10029999248217791,True,4235.965650809835
ECC+ChaCha20,5000,3,1268,0.027999994927085936,0.13020000187680125,0.10119999933522195,True,4235.965650809835
ECC+ChaCha20,5000,3,1269,0.027600006433203816,0.1283999881707132,0.10049999400507659,True,4235.965650809835
ECC+ChaCha20,5000,3,1270,0.0278999941656366,0.13000000035390258,0.10099999781232327,True,4235.965650809835
ECC+ChaCha20,5000,3,1271,0.027900008717551827,0.12939999578520656,0.10119999933522195,True,4235.965650809835
ECC+ChaCha20,5000,3,1272,0.027799993404187262,0.12900000729132444,0.10059999476652592,True,4235.965650809835
ECC+ChaCha20,5000,3,1273,0.027600006433203816,0.1286999904550612,0.10029999248217791,True,4235.965650809835
ECC+ChaCha20,5000,3,1274,0.027699992642737925,0.12870000500697643,0.10049999400507659,True,4235.965650809835
ECC+ChaCha20,5000,3,1275,0.027400004910305142,0.1286999904550612,0.0999999901978299,True,4235.965650809835
ECC+ChaCha20,5000,3,1276,0.027600006433203816,0.12879999121651053,0.10099999781232327,True,4235.965650809835
ECC+ChaCha20,5000,3,1277,0.027799993404187262,0.12789999891538173,0.10010000551119447,True,4235.965650809835
ECC+ChaCha20,5000,3,1278,0.032199997804127634,0.13689999468624592,0.10150000161956996,True,4235.965650809835
ECC+ChaCha20,5000,3,1279,0.027900008717551827,0.12969999806955457,0.10049999400507659,True,4235.965650809835
ECC+ChaCha20,5000,3,1280,0.027700007194653153,0.13520001084543765,0.10130000009667128,True,4235.965650809835
ECC+ChaCha20,5000,3,1281,0.027900008717551827,0.13070000568404794,0.10250000923406333,True,4235.965650809835
ECC+ChaCha20,5000,3,1282,0.027799993404187262,0.12929999502375722,0.10029999248217791,True,4235.965650809835
ECC+ChaCha20,5000,3,1283,0.027600006433203816,0.1292000088142231,0.10050000855699182,True,4235.965650809835
ECC+ChaCha20,5000,3,1284,0.02750000567175448,0.13000000035390258,0.10049999400507659,True,4235.965650809835
ECC+ChaCha20,5000,3,1285,0.027999994927085936,0.12989999959245324,0.1007999962894246,True,4235.965650809835
ECC+ChaCha20,5000,3,1286,0.027700007194653153,0.12959999730810523,0.10019999172072858,True,4235.965650809835
ECC+ChaCha20,5000,3,1287,0.027399990358389914,0.12910000805277377,0.09970000246539712,True,4235.965650809835
ECC+ChaCha20,5000,3,1288,0.027600006433203816,0.12840000272262841,0.10089999705087394,True,4235.965650809835
ECC+ChaCha20,5000,3,1289,0.02750000567175448,0.13000000035390258,0.1007999962894246,True,4235.965650809835
ECC+ChaCha20,5000,3,1290,0.027300004148855805,0.12929999502375722,0.10089999705087394,True,4235.965650809835
ECC+ChaCha20,5000,3,1291,0.027400004910305142,0.12889999197795987,0.10099999781232327,True,4235.965650809835
ECC+ChaCha20,5000,3,1292,0.027299989596940577,0.1294999965466559,0.10119999933522195,True,4235.965650809835
ECC+ChaCha20,5000,3,1293,0.027399990358389914,0.1289000065298751,0.10049999400507659,True,4235.965650809835
ECC+ChaCha20,5000,3,1294,0.02780000795610249,0.12960001186002046,0.10180000390391797,True,4235.965650809835
ECC+ChaCha20,5000,3,1295,0.02780000795610249,0.12799999967683107,0.09970000246539712,True,4235.965650809835
ECC+ChaCha20,5000,3,1296,0.027300004148855805,0.1289000065298751,0.10060000931844115,True,4235.965650809835
ECC+ChaCha20,5000,3,1297,0.027599991881288588,0.1289000065298751,0.1002000062726438,True,4235.965650809835
ECC+ChaCha20,5000,3,1298,0.027299989596940577,0.12820000119972974,0.10070001007989049,True,4235.965650809835
ECC+ChaCha20,5000,3,1299,0.02750000567175448,0.12850000348407775,0.10039999324362725,True,4235.965650809835
ECC+ChaCha20,5000,3,1300,0.03479998849797994,0.145500001963228,0.10599999222904444,True,4235.965650809835
ECC+ChaCha20,5000,3,1301,0.028599999495781958,0.13210000179242343,0.10209999163635075,True,4235.965650809835
ECC+ChaCha20,5000,3,1302,0.02849999873433262,0.13070000568404794,0.10140000085812062,True,4235.965650809835
ECC+ChaCha20,5000,3,1303,0.027599991881288588,0.12929999502375722,0.1007999962894246,True,4235.965650809835
ECC+ChaCha20,5000,3,1304,0.027900008717551827,0.12930000957567245,0.1007999962894246,True,4235.965650809835
ECC+ChaCha20,5000,3,1305,0.0278999941656366,0.1294999965466559,0.10069999552797526,True,4235.965650809835
ECC+ChaCha20,5000,3,1306,0.027799993404187262,0.13020000187680125,0.10119999933522195,True,4235.965650809835
ECC+ChaCha20,5000,3,1307,0.02780000795610249,0.12989999959245324,0.13429998944047838,True,4235.965650809835
ECC+ChaCha20,5000,3,1308,0.03460000152699649,0.14139999984763563,0.10239999392069876,True,4235.965650809835
ECC+ChaCha20,5000,3,1309,0.029100003303028643,0.13010000111535192,0.10089999705087394,True,4235.965650809835
ECC+ChaCha20,5000,3,1310,0.027999994927085936,0.13210000179242343,0.10130000009667128,True,4235.965650809835
ECC+ChaCha20,5000,3,1311,0.028300011763349175,0.1292000088142231,0.10089999705087394,True,4235.965650809835
ECC+ChaCha20,5000,3,1312,0.02849999873433262,0.13679999392479658,0.10140000085812062,True,4235.965650809835
ECC+ChaCha20,5000,3,1313,0.028599999495781958,0.12909999350085855,0.10039999324362725,True,4235.965650809835
ECC+ChaCha20,5000,3,1314,0.028599999495781958,0.1289999927394092,0.11690000246744603,True,4235.965650809835
ECC+ChaCha20,5000,3,1315,0.029600007110275328,0.1314999972237274,0.10130000009667128,True,4235.965650809835
ECC+ChaCha20,5000,3,1316,0.02780000795610249,0.12909999350085855,0.10099999781232327,True,4235.965650809835
ECC+ChaCha20,5000,3,1317,0.028300011763349175,0.13120000949129462,0.10099999781232327,True,4235.965650809835
ECC+ChaCha20,5000,3,1318,0.027700007194653153,0.12950001109857112,0.10109999857377261,True,4235.965650809835
ECC+ChaCha20,5000,3,1319,0.02749999111983925,0.12939999578520656,0.10089999705087394,True,4235.965650809835
ECC+ChaCha20,5000,3,1320,0.02750000567175448,0.12929999502375722,0.1010000123642385,True,4235.965650809835
ECC+ChaCha20,5000,3,1321,0.027799993404187262,0.1303000026382506,0.1007999962894246,True,4235.965650809835
ECC+ChaCha20,5000,3,1322,0.02749999111983925,0.1286000042455271,0.10040000779554248,True,4235.965650809835
ECC+ChaCha20,5000,3,1323,0.0278999941656366,0.13000000035390258,0.10110001312568784,True,4235.965650809835
ECC+ChaCha20,5000,3,1324,0.02780000795610249,0.12989999959245324,0.10049999400507659,True,4235.965650809835
ECC+ChaCha20,5000,3,1325,0.027600006433203816,0.12959999730810523,0.10060000931844115,True,4235.965650809835
ECC+ChaCha20,5000,3,1326,0.02749999111983925,0.13020000187680125,0.10109999857377261,True,4235.965650809835
ECC+ChaCha20,5000,3,1327,0.02720000338740647,0.12889999197795987,0.10019999172072858,True,4235.965650809835
ECC+ChaCha20,5000,3,1328,0.027399990358389914,0.1303000026382506,0.10090001160278916,True,4235.965650809835
ECC+ChaCha20,5000,3,1329,0.0278999941656366,0.12969999806955457,0.10009999095927924,True,4235.965650809835
ECC+ChaCha20,5000,3,1330,0.02710000262595713,0.12870000500697643,0.10070001007989049,True,4235.965650809835
ECC+ChaCha20,5000,3,1331,0.027999994927085936,0.12989999959245324,0.10029999248217791,True,4235.965650809835
ECC+ChaCha20,5000,3,1332,0.027699992642737925,0.12929999502375722,0.10099999781232327,True,4235.965650809835
ECC+ChaCha20,5000,3,1333,0.027600006433203816,0.12870000500697643,0.10069999552797526,True,4235.965650809835
ECC+ChaCha20,5000,3,1334,0.02750000567175448,0.12989999959245324,0.1007999962894246,True,4235.965650809835
ECC+ChaCha20,5000,3,1335,0.02750000567175448,0.12879999121651053,0.10009999095927924,True,4235.965650809835
ECC+ChaCha20,5000,3,1336,0.027599991881288588,0.12850000348407775,0.10080001084133983,True,4235.965650809835
ECC+ChaCha20,5000,3,1337,0.05259999306872487,0.17600000137463212,0.17090000619646162,True,4235.965650809835
ECC+ChaCha20,5000,3,1338,0.058299992815591395,0.19549998978618532,0.11510000331327319,True,4235.965650809835
ECC+ChaCha20,5000,3,1339,0.03479998849797994,0.14350000128615648,0.10600000678095967,True,4235.965650809835
ECC+ChaCha20,5000,3,1340,0.031800009310245514,0.13920001219958067,0.10459999612066895,True,4235.965650809835
ECC+ChaCha20,5000,3,1341,0.029099988751113415,0.13190000026952475,0.10250000923406333,True,4235.965650809835
ECC+ChaCha20,5000,3,1342,0.02849999873433262,0.13169999874662608,0.10269999620504677,True,4235.965650809835
ECC+ChaCha20,5000,3,1343,0.028800001018680632,0.1336999994236976,0.10290001227986068,True,4235.965650809835
ECC+ChaCha20,5000,3,1344,0.029000002541579306,0.13229998876340687,0.1024999946821481,True,4235.965650809835
ECC+ChaCha20,5000,3,1345,0.027900008717551827,0.13020000187680125,0.10119999933522195,True,4235.965650809835
ECC+ChaCha20,5000,3,1346,0.027699992642737925,0.13129999570082873,0.1016000023810193,True,4235.965650809835
ECC+ChaCha20,5000,3,1347,0.028099995688535273,0.13000000035390258,0.1007999962894246,True,4235.965650809835
ECC+ChaCha20,5000,3,1348,0.027599991881288588,0.1309000072069466,0.10150000161956996,True,4235.965650809835
ECC+ChaCha20,5000,3,1349,0.028700000257231295,0.13179999950807542,0.1016000023810193,True,4235.965650809835
ECC+ChaCha20,5000,3,1350,0.0278999941656366,0.13080000644549727,0.10109999857377261,True,4235.965650809835
ECC+ChaCha20,5000,3,1351,0.027599991881288588,0.12939999578520656,0.10029999248217791,True,4235.965650809835
ECC+ChaCha20,5000,3,1352,0.028099995688535273,0.13059999037068337,0.10109999857377261,True,4235.965650809835
ECC+ChaCha20,5000,3,1353,0.027599991881288588,0.12969999806955457,0.10039999324362725,True,4235.965650809835
ECC+ChaCha20,5000,3,1354,0.02819999644998461,0.1309000072069466,0.10119999933522195,True,4235.965650809835
ECC+ChaCha20,5000,3,1355,0.0278999941656366,0.12939999578520656,0.10080001084133983,True,4235.965650809835
ECC+ChaCha20,5000,3,1356,0.027699992642737925,0.12989999959245324,0.10099999781232327,True,4235.965650809835
ECC+ChaCha20,5000,3,1357,0.027600006433203816,0.12820000119972974,0.10040000779554248,True,4235.965650809835
ECC+ChaCha20,5000,3,1358,0.02749999111983925,0.12840000272262841,0.10040000779554248,True,4235.965650809835
ECC+ChaCha20,5000,3,1359,0.027700007194653153,0.13029998808633536,0.1007999962894246,True,4235.965650809835
ECC+ChaCha20,5000,3,1360,0.027600006433203816,0.12909999350085855,0.10059999476652592,True,4235.965650809835
ECC+ChaCha20,5000,3,1361,0.02749999111983925,0.12880000576842576,0.10040000779554248,True,4235.965650809835
ECC+ChaCha20,5000,3,1362,0.027400004910305142,0.13000000035390258,0.10089999705087394,True,4235.965650809835
ECC+ChaCha20,5000,3,1363,0.027600006433203816,0.12929999502375722,0.10089999705087394,True,4235.965650809835
ECC+ChaCha20,5000,3,1364,0.02749999111983925,0.13179999950807542,0.10060000931844115,True,4235.965650809835
ECC+ChaCha20,5000,3,1365,0.034199998481199145,0.1390999968862161,0.10220000694971532,True,4235.965650809835
ECC+ChaCha20,5000,3,1366,0.028300011763349175,0.13070000568404794,0.1016000023810193,True,4235.965650809835
ECC+ChaCha20,5000,3,1367,0.027600006433203816,0.12879999121651053,0.10119999933522195,True,4235.965650809835
ECC+ChaCha20,5000,3,1368,0.028000009479001164,0.13040000339969993,0.10080001084133983,True,4235.965650809835
ECC+ChaCha20,5000,3,1369,0.027699992642737925,0.12929999502375722,0.10049999400507659,True,4235.965650809835
ECC+ChaCha20,5000,3,1370,0.028299997211433947,0.1303999888477847,0.10099999781232327,True,4235.965650809835
ECC+ChaCha20,5000,3,1371,0.027300004148855805,0.13070000568404794,0.10099999781232327,True,4235.965650809835
ECC+ChaCha20,5000,3,1372,0.02819999644998461,0.13070000568404794,0.10089999705087394,True,4235.965650809835
ECC+ChaCha20,5000,3,1373,0.027300004148855805,0.12900000729132444,0.10050000855699182,True,4235.965650809835
ECC+ChaCha20,5000,3,1374,0.027699992642737925,0.13000000035390258,0.10110001312568784,True,4235.965650809835
ECC+ChaCha20,5000,3,1375,0.02720000338740647,0.13010000111535192,0.1007999962894246,True,4235.965650809835
ECC+ChaCha20,5000,3,1376,0.02750000567175448,0.13729999773204327,0.10109999857377261,True,4235.965650809835
ECC+ChaCha20,5000,3,1377,0.027699992642737925,0.13049998960923404,0.1016000023810193,True,4235.965650809835
ECC+ChaCha20,5000,3,1378,0.027999994927085936,0.13010000111535192,0.1019000046653673,True,4235.965650809835
ECC+ChaCha20,5000,3,1379,0.028299997211433947,0.12959999730810523,0.10120001388713717,True,4235.965650809835
ECC+ChaCha20,5000,3,1380,0.02780000795610249,0.13049998960923404,0.10089999705087394,True,4235.965650809835
ECC+ChaCha20,5000,3,1381,0.02750000567175448,0.12969999806955457,0.10060000931844115,True,4235.965650809835
ECC+ChaCha20,5000,3,1382,0.02750000567175448,0.12959999730810523,0.10130000009667128,True,4235.965650809835
ECC+ChaCha20,5000,3,1383,0.027600006433203816,0.12930000957567245,0.10049999400507659,True,4235.965650809835
ECC+ChaCha20,5000,3,1384,0.027900008717551827,0.12930000957567245,0.1016000023810193,True,4235.965650809835
ECC+ChaCha20,5000,3,1385,0.027600006433203816,0.13040000339969993,0.10029999248217791,True,4235.965650809835
ECC+ChaCha20,5000,3,1386,0.0278999941656366,0.13010000111535192,0.1007999962894246,True,4235.965650809835
ECC+ChaCha20,5000,3,1387,0.027400004910305142,0.12880000576842576,0.10140000085812062,True,4235.965650809835
ECC+ChaCha20,5000,3,1388,0.027399990358389914,0.13000000035390258,0.10029999248217791,True,4235.965650809835
ECC+ChaCha20,5000,3,1389,0.027600006433203816,0.1297999988310039,0.10030000703409314,True,4235.965650809835
ECC+ChaCha20,5000,3,1390,0.027299989596940577,0.1286000042455271,0.10089999705087394,True,4235.965650809835
ECC+ChaCha20,5000,3,1391,0.02749999111983925,0.12939999578520656,0.10130000009667128,True,4235.965650809835
ECC+ChaCha20,5000,3,1392,0.027600006433203816,0.12850000348407775,0.10069999552797526,True,4235.965650809835
ECC+ChaCha20,5000,3,1393,0.02720000338740647,0.12859998969361186,0.10019999172072858,True,4235.965650809835
ECC+ChaCha20,5000,3,1394,0.04569999873638153,0.15729998995084316,0.10999999358318746,True,4235.965650809835
ECC+ChaCha20,5000,3,1395,0.03409999771974981,0.1404999929945916,0.10260000999551266,True,4235.965650809835
ECC+ChaCha20,5000,3,1396,0.028299997211433947,0.13249999028630555,0.1016000023810193,True,4235.965650809835
ECC+ChaCha20,5000,3,1397,0.02780000795610249,0.13070000568404794,0.10210000618826598,True,4235.965650809835
ECC+ChaCha20,5000,3,1398,0.028099995688535273,0.13159999798517674,0.10240000847261399,True,4235.965650809835
ECC+ChaCha20,5000,3,1399,0.027900008717551827,0.13080000644549727,0.10109999857377261,True,4235.965650809835
ECC+ChaCha20,5000,3,1400,0.028099995688535273,0.12969999806955457,0.10109999857377261,True,4235.965650809835
ECC+ChaCha20,5000,3,1401,0.0278999941656366,0.1303999888477847,0.10099999781232327,True,4235.965650809835
ECC+ChaCha20,5000,3,1402,0.027799993404187262,0.12939999578520656,0.10069999552797526,True,4235.965650809835
ECC+ChaCha20,5000,3,1403,0.027799993404187262,0.12959999730810523,0.10130000009667128,True,4235.965650809835
ECC+ChaCha20,5000,3,1404,0.027399990358389914,0.12909999350085855,0.10059999476652592,True,4235.965650809835
ECC+ChaCha20,5000,3,1405,0.027699992642737925,0.1289000065298751,0.10030000703409314,True,4235.965650809835
ECC+ChaCha20,5000,3,1406,0.02819999644998461,0.12969999806955457,0.10099999781232327,True,4235.965650809835
ECC+ChaCha20,5000,3,1407,0.027599991881288588,0.13099999341648072,0.10089999705087394,True,4235.965650809835
ECC+ChaCha20,5000,3,1408,0.02780000795610249,0.13549999857787043,0.10150000161956996,True,4235.965650809835
ECC+ChaCha20,5000,3,1409,0.02849999873433262,0.1303000026382506,0.10159998782910407,True,4235.965650809835
ECC+ChaCha20,5000,3,1410,0.027600006433203816,0.13000000035390258,0.1007999962894246,True,4235.965650809835
ECC+ChaCha20,5000,3,1411,0.028000009479001164,0.1292000088142231,0.10109999857377261,True,4235.965650809835
ECC+ChaCha20,5000,3,1412,0.028700000257231295,0.13220000255387276,0.10140000085812062,True,4235.965650809835
ECC+ChaCha20,5000,3,1413,0.027700007194653153,0.13050000416114926,0.10149998706765473,True,4235.965650809835
ECC+ChaCha20,5000,3,1414,0.027600006433203816,0.13070000568404794,0.10489999840501696,True,4235.965650809835
ECC+ChaCha20,5000,3,1415,0.027799993404187262,0.1303000026382506,0.10099999781232327,True,4235.965650809835
ECC+ChaCha20,5000,3,1416,0.0278999941656366,0.12969999806955457,0.1010000123642385,True,4235.965650809835
ECC+ChaCha20,5000,3,1417,0.028000009479001164,0.13050000416114926,0.10089999705087394,True,4235.965650809835
ECC+ChaCha20,5000,3,1418,0.02820001100189984,0.13120000949129462,0.10130000009667128,True,4235.965650809835
ECC+ChaCha20,5000,3,1419,0.02819999644998461,0.1306000049225986,0.10069999552797526,True,4235.965650809835
ECC+ChaCha20,5000,3,1420,0.028099995688535273,0.1303000026382506,0.10150000161956996,True,4235.965650809835
ECC+ChaCha20,5000,3,1421,0.028000009479001164,0.12910000805277377,0.10010000551119447,True,4235.965650809835
ECC+ChaCha20,5000,3,1422,0.030799987143836915,0.13519999629352242,0.10119999933522195,True,4235.965650809835
ECC+ChaCha20,5000,3,1423,0.02850001328624785,0.13139999646227807,0.10059999476652592,True,4235.965650809835
ECC+ChaCha20,5000,3,1424,0.028099995688535273,0.1294999965466559,0.10150000161956996,True,4235.965650809835
ECC+ChaCha20,5000,3,1425,0.02819999644998461,0.1303999888477847,0.10049999400507659,True,4235.965650809835
ECC+ChaCha20,5000,3,1426,0.028399997972883284,0.13099999341648072,0.10109999857377261,True,4235.965650809835
ECC+ChaCha20,5000,3,1427,0.02849999873433262,0.13059999037068337,0.10109999857377261,True,4235.965650809835
ECC+ChaCha20,5000,3,1428,0.02819999644998461,0.13079999189358205,0.10109999857377261,True,4235.965650809835
ECC+ChaCha20,5000,3,1429,0.027900008717551827,0.1300999865634367,0.10099999781232327,True,4235.965650809835
ECC+ChaCha20,5000,3,1430,0.028099995688535273,0.1297999988310039,0.0999000039882958,True,4235.965650809835
ECC+ChaCha20,5000,3,1431,0.027599991881288588,0.1297999988310039,0.10109999857377261,True,4235.965650809835
ECC+ChaCha20,5000,3,1432,0.027699992642737925,0.12880000576842576,0.10010000551119447,True,4235.965650809835
ECC+ChaCha20,5000,3,1433,0.027699992642737925,0.13010000111535192,0.1002000062726438,True,4235.965650809835
ECC+ChaCha20,5000,3,1434,0.027400004910305142,0.12799999967683107,0.10019999172072858,True,4235.965650809835
ECC+ChaCha20,5000,3,1435,0.027599991881288588,0.13050000416114926,0.10080001084133983,True,4235.965650809835
ECC+ChaCha20,5000,3,1436,0.02749999111983925,0.12900000729132444,0.10029999248217791,True,4235.965650809835
ECC+ChaCha20,5000,3,1437,0.027799993404187262,0.1286999904550612,0.10089999705087394,True,4235.965650809835
ECC+ChaCha20,5000,3,1438,0.027400004910305142,0.12940001033712178,0.10170000314246863,True,4235.965650809835
ECC+ChaCha20,5000,3,1439,0.02780000795610249,0.13000000035390258,0.10140000085812062,True,4235.965650809835
ECC+ChaCha20,5000,3,1440,0.028000009479001164,0.13700000999961048,0.10180000390391797,True,4235.965650809835
ECC+ChaCha20,5000,3,1441,0.028000009479001164,0.12959999730810523,0.10069999552797526,True,4235.965650809835
ECC+ChaCha20,5000,3,1442,0.027700007194653153,0.13010000111535192,0.10099999781232327,True,4235.965650809835
ECC+ChaCha20,5000,3,1443,0.027600006433203816,0.1286000042455271,0.09980000322684646,True,4235.965650809835
ECC+ChaCha20,5000,3,1444,0.028700000257231295,0.13089999265503138,0.10099999781232327,True,4235.965650809835
ECC+ChaCha20,5000,3,1445,0.027999994927085936,0.12939999578520656,0.10019999172072858,True,4235.965650809835
ECC+ChaCha20,5000,3,1446,0.027799993404187262,0.1306000049225986,0.10140000085812062,True,4235.965650809835
ECC+ChaCha20,5000,3,1447,0.027799993404187262,0.1294999965466559,0.10030000703409314,True,4235.965650809835
ECC+ChaCha20,5000,3,1448,0.027699992642737925,0.1294999965466559,0.10099999781232327,True,4235.965650809835
ECC+ChaCha20,5000,3,1449,0.027399990358389914,0.12820000119972974,0.09969998791348189,True,4235.965650809835
ECC+ChaCha20,5000,3,1450,0.027699992642737925,0.1294999965466559,0.09979998867493123,True,4235.965650809835
ECC+ChaCha20,5000,3,1451,0.027599991881288588,0.1281000004382804,0.10030000703409314,True,4235.965650809835
ECC+ChaCha20,5000,3,1452,0.033800009987317026,0.14109999756328762,0.10489999840501696,True,4235.965650809835
ECC+ChaCha20,5000,3,1453,0.02819999644998461,0.13199998647905886,0.1016000023810193,True,4235.965650809835
ECC+ChaCha20,5000,3,1454,0.027900008717551827,0.1294999965466559,0.10089999705087394,True,4235.965650809835
ECC+ChaCha20,5000,3,1455,0.0278999941656366,0.12969999806955457,0.1010000123642385,True,4235.965650809835
ECC+ChaCha20,5000,3,1456,0.02849999873433262,0.13179999950807542,0.10109999857377261,True,4235.965650809835
ECC+ChaCha20,5000,3,1457,0.028299997211433947,0.1303999888477847,0.10320000001229346,True,4235.965650809835
ECC+ChaCha20,5000,3,1458,0.02849999873433262,0.1314999972237274,0.10090001160278916,True,4235.965650809835
ECC+ChaCha20,5000,3,1459,0.028800001018680632,0.13070000568404794,0.10170000314246863,True,4235.965650809835
ECC+ChaCha20,5000,3,1460,0.028299997211433947,0.13020000187680125,0.1010000123642385,True,4235.965650809835
ECC+ChaCha20,5000,3,1461,0.027900008717551827,0.13070000568404794,0.10070001007989049,True,4235.965650809835
ECC+ChaCha20,5000,3,1462,0.02749999111983925,0.13010000111535192,0.10090001160278916,True,4235.965650809835
ECC+ChaCha20,5000,3,1463,0.0278999941656366,0.13000000035390258,0.10099999781232327,True,4235.965650809835
ECC+ChaCha20,5000,3,1464,0.027600006433203816,0.1303999888477847,0.10119999933522195,True,4235.965650809835
ECC+ChaCha20,5000,3,1465,0.02780000795610249,0.1292000088142231,0.10040000779554248,True,4235.965650809835
ECC+ChaCha20,5000,3,1466,0.027299989596940577,0.1297999988310039,0.09969998791348189,True,4235.965650809835
ECC+ChaCha20,5000,3,1467,0.027599991881288588,0.1297999988310039,0.10059999476652592,True,4235.965650809835
ECC+ChaCha20,5000,3,1468,0.027599991881288588,0.12989999959245324,0.10019999172072858,True,4235.965650809835
ECC+ChaCha20,5000,3,1469,0.028099995688535273,0.12870000500697643,0.10050000855699182,True,4235.965650809835
ECC+ChaCha20,5000,3,1470,0.027699992642737925,0.12929999502375722,0.10140000085812062,True,4235.965650809835
ECC+ChaCha20,5000,3,1471,0.02749999111983925,0.13519999629352242,0.10069999552797526,True,4235.965650809835
ECC+ChaCha20,5000,3,1472,0.027400004910305142,0.12929999502375722,0.10080001084133983,True,4235.965650809835
ECC+ChaCha20,5000,3,1473,0.02849999873433262,0.13010000111535192,0.10109999857377261,True,4235.965650809835
ECC+ChaCha20,5000,3,1474,0.027700007194653153,0.12900000729132444,0.1007999962894246,True,4235.965650809835
ECC+ChaCha20,5000,3,1475,0.027599991881288588,0.1297999988310039,0.1016000023810193,True,4235.965650809835
ECC+ChaCha20,5000,3,1476,0.02819999644998461,0.13040000339969993,0.10060000931844115,True,4235.965650809835
ECC+ChaCha20,5000,3,1477,0.027900008717551827,0.13080000644549727,0.10030000703409314,True,4235.965650809835
ECC+ChaCha20,5000,3,1478,0.02749999111983925,0.12939999578520656,0.10059999476652592,True,4235.965650809835
ECC+ChaCha20,5000,3,1479,0.02749999111983925,0.1292000088142231,0.10089999705087394,True,4235.965650809835
ECC+ChaCha20,5000,3,1480,0.027600006433203816,0.12840000272262841,0.09969998791348189,True,4235.965650809835
ECC+ChaCha20,5000,3,1481,0.05439999222289771,0.1399000029778108,0.10810000821948051,True,4235.965650809835
ECC+ChaCha20,5000,3,1482,0.02950000634882599,0.13380000018514693,0.10199999087490141,True,4235.965650809835
ECC+ChaCha20,5000,3,1483,0.027999994927085936,0.13020000187680125,0.10070001007989049,True,4235.965650809835
ECC+ChaCha20,5000,3,1484,0.028399997972883284,0.1306000049225986,0.10099999781232327,True,4235.965650809835
ECC+ChaCha20,5000,3,1485,0.027900008717551827,0.13020000187680125,0.10150000161956996,True,4235.965650809835
ECC+ChaCha20,5000,3,1486,0.02719998883549124,0.1289000065298751,0.10130000009667128,True,4235.965650809835
ECC+ChaCha20,5000,3,1487,0.029000002541579306,0.13020000187680125,0.12599999899975955,True,4235.965650809835
ECC+ChaCha20,5000,3,1488,0.03229999856557697,0.13640000543091446,0.10289999772794545,True,4235.965650809835
ECC+ChaCha20,5000,3,1489,0.02819999644998461,0.1297999988310039,0.10090001160278916,True,4235.965650809835
ECC+ChaCha20,5000,3,1490,0.02780000795610249,0.1306000049225986,0.1010000123642385,True,4235.965650809835
ECC+ChaCha20,5000,3,1491,0.02780000795610249,0.12900000729132444,0.10030000703409314,True,4235.965650809835
ECC+ChaCha20,5000,3,1492,0.027400004910305142,0.12969999806955457,0.10199999087490141,True,4235.965650809835
ECC+ChaCha20,5000,3,1493,0.027599991881288588,0.12989999959245324,0.10080001084133983,True,4235.965650809835
ECC+ChaCha20,5000,3,1494,0.027600006433203816,0.12799999967683107,0.10089999705087394,True,4235.965650809835
ECC+ChaCha20,5000,3,1495,0.027999994927085936,0.13089999265503138,0.10099999781232327,True,4235.965650809835
ECC+ChaCha20,5000,3,1496,0.027300004148855805,0.12909999350085855,0.10059999476652592,True,4235.965650809835
ECC+ChaCha20,5000,3,1497,0.027400004910305142,0.12850000348407775,0.1002000062726438,True,4235.965650809835
ECC+ChaCha20,5000,3,1498,0.027300004148855805,0.1289000065298751,0.10040000779554248,True,4235.965650809835
ECC+ChaCha20,5000,3,1499,0.02750000567175448,0.12830000196117908,0.09970000246539712,True,4235.965650809835
ECC+ChaCha20,5000,3,1500,0.02719998883549124,0.12820000119972974,0.10000000474974513,True,4235.965650809835
ECC+ChaCha20,5000,3,1501,0.027399990358389914,0.12880000576842576,0.1002000062726438,True,4235.965650809835
ECC+ChaCha20,5000,3,1502,0.03199999628122896,0.13970000145491213,0.1044000091496855,True,4235.965650809835
ECC+ChaCha20,5000,3,1503,0.028299997211433947,0.13809998927172273,0.10279999696649611,True,4235.965650809835
ECC+ChaCha20,5000,3,1504,0.0278999941656366,0.12969999806955457,0.10110001312568784,True,4235.965650809835
ECC+ChaCha20,5000,3,1505,0.028099995688535273,0.12889999197795987,0.10019999172072858,True,4235.965650809835
ECC+ChaCha20,5000,3,1506,0.028299997211433947,0.13109999417793006,0.10150000161956996,True,4235.965650809835
ECC+ChaCha20,5000,3,1507,0.029100003303028643,0.1303000026382506,0.10039999324362725,True,4235.965650809835
ECC+ChaCha20,5000,3,1508,0.0278999941656366,0.12969999806955457,0.10069999552797526,True,4235.965650809835
ECC+ChaCha20,5000,3,1509,0.027999994927085936,0.12830000196117908,0.10080001084133983,True,4235.965650809835
ECC+ChaCha20,5000,3,1510,0.028099995688535273,0.12929999502375722,0.13750001380685717,True,4235.965650809835
ECC+ChaCha20,5000,3,1511,0.04539999645203352,0.15389999316539615,0.10520000068936497,True,4235.965650809835
ECC+ChaCha20,5000,3,1512,0.031199990189634264,0.1336999994236976,0.10219999239780009,True,4235.965650809835
ECC+ChaCha20,5000,3,1513,0.029699993319809437,0.1328999933321029,0.10089999705087394,True,4235.965650809835
ECC+ChaCha20,5000,3,1514,0.03029999788850546,0.1323000033153221,0.10099999781232327,True,4235.965650809835
ECC+ChaCha20,5000,3,1515,0.030700000934302807,0.13059999037068337,0.10019999172072858,True,4235.965650809835
ECC+ChaCha20,5000,3,1516,0.030399998649954796,0.13139999646227807,0.10109999857377261,True,4235.965650809835
ECC+ChaCha20,5000,3,1517,0.029999995604157448,0.13040000339969993,0.10070001007989049,True,4235.965650809835
ECC+ChaCha20,5000,3,1518,0.02990000939462334,0.13020000187680125,0.09960000170394778,True,4235.965650809835
ECC+ChaCha20,5000,3,1519,0.02929999027401209,0.13309999485500157,0.10150000161956996,True,4235.965650809835
ECC+ChaCha20,5000,3,1520,0.029100003303028643,0.13110000872984529,0.1036000030580908,True,4235.965650809835
ECC+ChaCha20,5000,3,1521,0.0295999925583601,0.1306000049225986,0.10059999476652592,True,4235.965650809835
ECC+ChaCha20,5000,3,1522,0.02890000178012997,0.1297999988310039,0.10029999248217791,True,4235.965650809835
ECC+ChaCha20,5000,3,1523,0.0295999925583601,0.12969999806955457,0.10050000855699182,True,4235.965650809835
ECC+ChaCha20,5000,3,1524,0.03029999788850546,0.13089999265503138,0.1019000046653673,True,4235.965650809835
ECC+ChaCha20,5000,3,1525,0.029699993319809437,0.13080000644549727,0.10099999781232327,True,4235.965650809835
ECC+ChaCha20,5000,3,1526,0.028999987989664078,0.13040000339969993,0.10060000931844115,True,4235.965650809835
ECC+ChaCha20,5000,3,1527,0.029099988751113415,0.13110000872984529,0.10140000085812062,True,4235.965650809835
ECC+ChaCha20,5000,3,1528,0.029499991796910763,0.12959999730810523,0.10019999172072858,True,4235.965650809835
ECC+ChaCha20,5000,3,1529,0.02849999873433262,0.13089999265503138,0.10089999705087394,True,4235.965650809835
ECC+ChaCha20,5000,3,1530,0.029099988751113415,0.1303000026382506,0.10120001388713717,True,4235.965650809835
ECC+ChaCha20,5000,3,1531,0.029100003303028643,0.13080000644549727,0.10050000855699182,True,4235.965650809835
ECC+ChaCha20,5000,3,1532,0.028600014047697186,0.12929999502375722,0.10019999172072858,True,4235.965650809835
ECC+ChaCha20,5000,3,1533,0.02950000634882599,0.13050000416114926,0.10110001312568784,True,4235.965650809835
ECC+ChaCha20,5000,3,1534,0.028999987989664078,0.1314999972237274,0.10130000009667128,True,4235.965650809835
ECC+ChaCha20,5000,3,1535,0.028800001018680632,0.1390999968862161,0.10229999315924942,True,4235.965650809835
ECC+ChaCha20,5000,3,1536,0.029600007110275328,0.13059999037068337,0.10130000009667128,True,4235.965650809835
ECC+ChaCha20,5000,3,1537,0.029100003303028643,0.1311999949393794,0.10149998706765473,True,4235.965650809835
ECC+ChaCha20,5000,3,1538,0.028599999495781958,0.12940001033712178,0.10030000703409314,True,4235.965650809835
ECC+ChaCha20,5000,3,1539,0.02890000178012997,0.13059999037068337,0.10059999476652592,True,4235.965650809835
ECC+ChaCha20,5000,3,1540,0.028700000257231295,0.1294999965466559,0.10009999095927924,True,4235.965650809835
ECC+ChaCha20,5000,3,1541,0.02890000178012997,0.12969999806955457,0.10029999248217791,True,4235.965650809835
ECC+ChaCha20,5000,3,1542,0.02890000178012997,0.12909999350085855,0.0999999901978299,True,4235.965650809835
ECC+ChaCha20,5000,3,1543,0.02849999873433262,0.12879999121651053,0.16500000492669642,True,4235.965650809835
ECC+ChaCha20,5000,3,1544,0.038700003642588854,0.14600000577047467,0.10550000297371298,True,4235.965650809835
ECC+ChaCha20,5000,3,1545,0.030499999411404133,0.13469999248627573,0.10150000161956996,True,4235.965650809835
ECC+ChaCha20,5000,3,1546,0.030100010917522013,0.1323000033153221,0.10219999239780009,True,4235.965650809835
ECC+ChaCha20,5000,3,1547,0.028299997211433947,0.13129999570082873,0.10059999476652592,True,4235.965650809835
ECC+ChaCha20,5000,3,1548,0.029400005587376654,0.13020000187680125,0.10210000618826598,True,4235.965650809835
ECC+ChaCha20,5000,3,1549,0.029999995604157448,0.13110000872984529,0.10109999857377261,True,4235.965650809835
ECC+ChaCha20,5000,3,1550,0.02920000406447798,0.13110000872984529,0.10089999705087394,True,4235.965650809835
ECC+ChaCha20,5000,3,1551,0.028799986466765404,0.13020000187680125,0.10149998706765473,True,4235.965650809835
ECC+ChaCha20,5000,3,1552,0.02920000406447798,0.13099999341648072,0.10049999400507659,True,4235.965650809835
ECC+ChaCha20,5000,3,1553,0.029199989512562752,0.1294999965466559,0.10019999172072858,True,4235.965650809835
ECC+ChaCha20,5000,3,1554,0.028599999495781958,0.13109999417793006,0.10109999857377261,True,4235.965650809835
ECC+ChaCha20,5000,3,1555,0.02920000406447798,0.12909999350085855,0.09929999941959977,True,4235.965650809835
ECC+ChaCha20,5000,3,1556,0.02890000178012997,0.13050000416114926,0.1010000123642385,True,4235.965650809835
ECC+ChaCha20,5000,3,1557,0.028400012524798512,0.13040000339969993,0.10109999857377261,True,4235.965650809835
ECC+ChaCha20,5000,3,1558,0.029099988751113415,0.13080000644549727,0.10059999476652592,True,4235.965650809835
ECC+ChaCha20,5000,3,1559,0.029100003303028643,0.13159999798517674,0.10109999857377261,True,4235.965650809835
ECC+ChaCha20,5000,3,1560,0.029300004825927317,0.1311999949393794,0.10109999857377261,True,4235.965650809835
ECC+ChaCha20,5000,3,1561,0.029100003303028643,0.13020000187680125,0.10200000542681664,True,4235.965650809835
ECC+ChaCha20,5000,3,1562,0.028700000257231295,0.1323000033153221,0.10150000161956996,True,4235.965650809835
ECC+ChaCha20,5000,3,1563,0.028599999495781958,0.13109999417793006,0.09979998867493123,True,4235.965650809835
ECC+ChaCha20,5000,3,1564,0.028599999495781958,0.13100000796839595,0.10180000390391797,True,4235.965650809835
ECC+ChaCha20,5000,3,1565,0.02890000178012997,0.13019998732488602,0.09950000094249845,True,4235.965650809835
ECC+ChaCha20,5000,3,1566,0.02890000178012997,0.13000000035390258,0.10030000703409314,True,4235.965650809835
ECC+ChaCha20,5000,3,1567,0.028800001018680632,0.13939999917056412,0.10140000085812062,True,4235.965650809835
ECC+ChaCha20,5000,3,1568,0.02890000178012997,0.12929999502375722,0.10019999172072858,True,4235.965650809835
ECC+ChaCha20,5000,3,1569,0.028700000257231295,0.12940001033712178,0.10109999857377261,True,4235.965650809835
ECC+ChaCha20,5000,3,1570,0.02890000178012997,0.13000000035390258,0.10099999781232327,True,4235.965650809835
ECC+ChaCha20,5000,3,1571,0.028799986466765404,0.1303000026382506,0.1007999962894246,True,4235.965650809835
ECC+ChaCha20,5000,3,1572,0.028800001018680632,0.12969999806955457,0.10089999705087394,True,4235.965650809835
ECC+ChaCha20,5000,3,1573,0.031499992473982275,0.13610000314656645,0.10259999544359744,True,4235.965650809835
ECC+ChaCha20,5000,3,1574,0.03130000550299883,0.13549999857787043,0.10299999848939478,True,4235.965650809835
ECC+ChaCha20,5000,3,1575,0.030199997127056122,0.13259999104775488,0.10239999392069876,True,4235.965650809835
ECC+ChaCha20,5000,3,1576,0.028399997972883284,0.1314999972237274,0.10199999087490141,True,4235.965650809835
ECC+ChaCha20,5000,3,1577,0.027700007194653153,0.12989999959245324,0.10049999400507659,True,4235.965650809835
ECC+ChaCha20,5000,3,1578,0.027700007194653153,0.1303999888477847,0.10059999476652592,True,4235.965650809835
ECC+ChaCha20,5000,3,1579,0.02749999111983925,0.12850000348407775,0.10030000703409314,True,4235.965650809835
ECC+ChaCha20,5000,3,1580,0.0278999941656366,0.13169999874662608,0.10199999087490141,True,4235.965650809835
ECC+ChaCha20,5000,3,1581,0.02819999644998461,0.13040000339969993,0.10070001007989049,True,4235.965650809835
ECC+ChaCha20,5000,3,1582,0.028099995688535273,0.12989999959245324,0.10110001312568784,True,4235.965650809835
ECC+ChaCha20,5000,3,1583,0.027400004910305142,0.12859998969361186,0.10119999933522195,True,4235.965650809835
ECC+ChaCha20,5000,3,1584,0.02750000567175448,0.12870000500697643,0.10040000779554248,True,4235.965650809835
ECC+ChaCha20,5000,3,1585,0.027400004910305142,0.1294999965466559,0.1162000116892159,True,4235.965650809835
ECC+ChaCha20,5000,3,1586,0.031199990189634264,0.13499999477062374,0.10189999011345208,True,4235.965650809835
ECC+ChaCha20,5000,3,1587,0.027900008717551827,0.1292000088142231,0.10060000931844115,True,4235.965650809835
ECC+ChaCha20,5000,3,1588,0.027700007194653153,0.12929999502375722,0.10010000551119447,True,4235.965650809835
ECC+ChaCha20,5000,3,1589,0.027799993404187262,0.13010000111535192,0.10139998630620539,True,4235.965650809835
ECC+ChaCha20,5000,3,1590,0.02780000795610249,0.12940001033712178,0.10059999476652592,True,4235.965650809835
ECC+ChaCha20,5000,3,1591,0.027400004910305142,0.1289999927394092,0.10080001084133983,True,4235.965650809835
ECC+ChaCha20,5000,3,1592,0.027300004148855805,0.12939999578520656,0.10119999933522195,True,4235.965650809835
ECC+ChaCha20,5000,3,1593,0.027600006433203816,0.12900000729132444,0.10140000085812062,True,4235.965650809835
ECC+ChaCha20,5000,3,1594,0.02749999111983925,0.12900000729132444,0.10059999476652592,True,4235.965650809835
ECC+ChaCha20,5000,3,1595,0.027999994927085936,0.12840000272262841,0.10050000855699182,True,4235.965650809835
ECC+ChaCha20,5000,3,1596,0.027999994927085936,0.1306000049225986,0.10099999781232327,True,4235.965650809835
ECC+ChaCha20,5000,3,1597,0.027299989596940577,0.12880000576842576,0.09980000322684646,True,4235.965650809835
ECC+ChaCha20,5000,3,1598,0.02750000567175448,0.13029998808633536,0.10059999476652592,True,4235.965650809835
ECC+ChaCha20,5000,3,1599,0.027700007194653153,0.13910001143813133,0.10060000931844115,True,4235.965650809835
ECC+ChaCha20,5000,3,1600,0.028099995688535273,0.12939999578520656,0.10080001084133983,True,4235.965650809835
ECC+ChaCha20,5000,3,1601,0.02750000567175448,0.12799999967683107,0.10050000855699182,True,4235.965650809835
ECC+ChaCha20,5000,3,1602,0.027400004910305142,0.12859998969361186,0.14400000509340316,True,4235.965650809835
ECC+ChaCha20,5000,3,1603,0.04839999019168317,0.17329999536741525,0.11189999349880964,True,4235.965650809835
ECC+ChaCha20,5000,3,1604,0.046900007873773575,0.1571000029798597,0.1078000059351325,True,4235.965650809835
ECC+ChaCha20,5000,3,1605,0.03229999856557697,0.1360000023851171,0.10350000229664147,True,4235.965650809835
ECC+ChaCha20,5000,3,1606,0.04980000085197389,0.16939999477472156,0.11300000187475234,True,4235.965650809835
ECC+ChaCha20,5000,3,1607,0.043100008042529225,0.1640999980736524,0.10740000288933516,True,4235.965650809835
ECC+ChaCha20,5000,3,1608,0.0295999925583601,0.13359999866224825,0.10230000771116465,True,4235.965650809835
ECC+ChaCha20,5000,3,1609,0.02819999644998461,0.1314999972237274,0.10199999087490141,True,4235.965650809835
ECC+ChaCha20,5000,3,1610,0.027600006433203816,0.13070000568404794,0.10170000314246863,True,4235.965650809835
ECC+ChaCha20,5000,3,1611,0.027400004910305142,0.1303000026382506,0.10030000703409314,True,4235.965650809835
ECC+ChaCha20,5000,3,1612,0.028000009479001164,0.13120000949129462,0.10180000390391797,True,4235.965650809835
ECC+ChaCha20,5000,3,1613,0.027699992642737925,0.12969999806955457,0.10019999172072858,True,4235.965650809835
ECC+ChaCha20,5000,3,1614,0.028599999495781958,0.13099999341648072,0.1016000023810193,True,4235.965650809835
ECC+ChaCha20,5000,3,1615,0.02819999644998461,0.12929999502375722,0.10150000161956996,True,4235.965650809835
ECC+ChaCha20,5000,3,1616,0.0278999941656366,0.13080000644549727,0.10119999933522195,True,4235.965650809835
ECC+ChaCha20,5000,3,1617,0.029099988751113415,0.13139999646227807,0.10019999172072858,True,4235.965650809835
ECC+ChaCha20,5000,3,1618,0.027799993404187262,0.12910000805277377,0.10130000009667128,True,4235.965650809835
ECC+ChaCha20,5000,3,1619,0.027699992642737925,0.12909999350085855,0.10069999552797526,True,4235.965650809835
ECC+ChaCha20,5000,3,1620,0.027700007194653153,0.1289999927394092,0.10140000085812062,True,4235.965650809835
ECC+ChaCha20,5000,3,1621,0.029400005587376654,0.1311999949393794,0.10090001160278916,True,4235.965650809835
ECC+ChaCha20,5000,3,1622,0.028099995688535273,0.1311999949393794,0.10059999476652592,True,4235.965650809835
ECC+ChaCha20,5000,3,1623,0.027600006433203816,0.1300999865634367,0.10039999324362725,True,4235.965650809835
ECC+ChaCha20,5000,3,1624,0.0278999941656366,0.1294999965466559,0.10039999324362725,True,4235.965650809835
ECC+ChaCha20,5000,3,1625,0.028000009479001164,0.12960001186002046,0.10050000855699182,True,4235.965650809835
ECC+ChaCha20,5000,3,1626,0.027799993404187262,0.1404999929945916,0.10199999087490141,True,4235.965650809835
ECC+ChaCha20,5000,3,1627,0.028599999495781958,0.13020000187680125,0.10000000474974513,True,4235.965650809835
ECC+ChaCha20,5000,3,1628,0.027699992642737925,0.12929999502375722,0.10099999781232327,True,4235.965650809835
ECC+ChaCha20,5000,3,1629,0.027000001864507794,0.13000000035390258,0.10380000458098948,True,4235.965650809835
ECC+ChaCha20,5000,3,1630,0.029300004825927317,0.13199998647905886,0.10180000390391797,True,4235.965650809835
ECC+ChaCha20,5000,3,1631,0.030100010917522013,0.14060000830795616,0.10140000085812062,True,4235.965650809835
ECC+ChaCha20,5000,3,1632,0.11539999104570597,0.1627000019652769,0.1306000049225986,True,4235.965650809835
ECC+ChaCha20,5000,3,1633,0.0509000092279166,0.1551000023027882,0.1066999975591898,True,4235.965650809835
ECC+ChaCha20,5000,3,1634,0.0329999893438071,0.1365000061923638,0.1036000030580908,True,4235.965650809835
ECC+ChaCha20,5000,3,1635,0.03640000068116933,0.14150000060908496,0.1036000030580908,True,4235.965650809835
ECC+ChaCha20,5000,3,1636,0.028800001018680632,0.13079999189358205,0.10140000085812062,True,4235.965650809835
ECC+ChaCha20,5000,3,1637,0.028299997211433947,0.1303000026382506,0.1016999885905534,True,4235.965650809835
ECC+ChaCha20,5000,3,1638,0.027900008717551827,0.13080000644549727,0.10130000009667128,True,4235.965650809835
ECC+ChaCha20,5000,3,1639,0.027799993404187262,0.13169999874662608,0.10180000390391797,True,4235.965650809835
ECC+ChaCha20,5000,3,1640,0.027799993404187262,0.13029998808633536,0.10089999705087394,True,4235.965650809835
ECC+ChaCha20,5000,3,1641,0.02750000567175448,0.12989999959245324,0.1007999962894246,True,4235.965650809835
ECC+ChaCha20,5000,3,1642,0.027700007194653153,0.13079999189358205,0.10219999239780009,True,4235.965650809835
ECC+ChaCha20,5000,3,1643,0.027600006433203816,0.1309000072069466,0.10130000009667128,True,4235.965650809835
ECC+ChaCha20,5000,3,1644,0.02750000567175448,0.1297999988310039,0.10060000931844115,True,4235.965650809835
ECC+ChaCha20,5000,3,1645,0.027600006433203816,0.1294999965466559,0.10070001007989049,True,4235.965650809835
ECC+ChaCha20,5000,3,1646,0.028000009479001164,0.12910000805277377,0.10109999857377261,True,4235.965650809835
ECC+ChaCha20,5000,3,1647,0.027600006433203816,0.1289000065298751,0.10099999781232327,True,4235.965650809835
ECC+ChaCha20,5000,3,1648,0.02749999111983925,0.12910000805277377,0.10040000779554248,True,4235.965650809835
ECC+ChaCha20,5000,3,1649,0.027700007194653153,0.12940001033712178,0.10030000703409314,True,4235.965650809835
ECC+ChaCha20,5000,3,1650,0.027999994927085936,0.12939999578520656,0.10149998706765473,True,4235.965650809835
ECC+ChaCha20,5000,3,1651,0.028099995688535273,0.12909999350085855,0.10209999163635075,True,4235.965650809835
ECC+ChaCha20,5000,3,1652,0.02749999111983925,0.12989999959245324,0.1016000023810193,True,4235.965650809835
ECC+ChaCha20,5000,3,1653,0.027699992642737925,0.13780000153928995,0.10030000703409314,True,4235.965650809835
ECC+ChaCha20,5000,3,1654,0.027799993404187262,0.13010000111535192,0.10059999476652592,True,4235.965650809835
ECC+ChaCha20,5000,3,1655,0.027399990358389914,0.12900000729132444,0.10030000703409314,True,4235.965650809835
ECC+ChaCha20,5000,3,1656,0.027400004910305142,0.12939999578520656,0.10050000855699182,True,4235.965650809835
ECC+ChaCha20,5000,3,1657,0.027699992642737925,0.12939999578520656,0.10119999933522195,True,4235.965650809835
ECC+ChaCha20,5000,3,1658,0.02780000795610249,0.13010000111535192,0.10089999705087394,True,4235.965650809835
ECC+ChaCha20,5000,3,1659,0.027099988074041903,0.12969999806955457,0.10099999781232327,True,4235.965650809835
ECC+ChaCha20,5000,3,1660,0.027600006433203816,0.13019998732488602,0.10150000161956996,True,4235.965650809835
ECC+ChaCha20,5000,3,1661,0.02749999111983925,0.12769999739248306,0.0999000039882958,True,4235.965650809835
ECC+ChaCha20,5000,3,1662,0.03940000897273421,0.1871999993454665,0.11199999426025897,True,4235.965650809835
ECC+ChaCha20,5000,3,1663,0.0315000070258975,0.1466999965487048,0.10429999383632094,True,4235.965650809835
ECC+ChaCha20,5000,3,1664,0.031100003980100155,0.13679999392479658,0.10380000458098948,True,4235.965650809835
ECC+ChaCha20,5000,3,1665,0.028399997972883284,0.13159999798517674,0.10170000314246863,True,4235.965650809835
ECC+ChaCha20,5000,3,1666,0.02890000178012997,0.1323000033153221,0.10210000618826598,True,4235.965650809835
ECC+ChaCha20,5000,3,1667,0.02850001328624785,0.13040000339969993,0.10130000009667128,True,4235.965650809835
ECC+ChaCha20,5000,3,1668,0.0278999941656366,0.1294999965466559,0.10140000085812062,True,4235.965650809835
ECC+ChaCha20,5000,3,1669,0.028399997972883284,0.1306000049225986,0.10119999933522195,True,4235.965650809835
ECC+ChaCha20,5000,3,1670,0.028000009479001164,0.1297999988310039,0.10039999324362725,True,4235.965650809835
ECC+ChaCha20,5000,3,1671,0.027599991881288588,0.12870000500697643,0.10119999933522195,True,4235.965650809835
ECC+ChaCha20,5000,3,1672,0.028300011763349175,0.13110000872984529,0.1016000023810193,True,4235.965650809835
ECC+ChaCha20,5000,3,1673,0.027700007194653153,0.12930000957567245,0.10350000229664147,True,4235.965650809835
ECC+ChaCha20,5000,3,1674,0.027700007194653153,0.1289999927394092,0.10149998706765473,True,4235.965650809835
ECC+ChaCha20,5000,3,1675,0.027700007194653153,0.13020000187680125,0.10130000009667128,True,4235.965650809835
ECC+ChaCha20,5000,3,1676,0.027699992642737925,0.12850000348407775,0.10040000779554248,True,4235.965650809835
ECC+ChaCha20,5000,3,1677,0.027799993404187262,0.12910000805277377,0.10099999781232327,True,4235.965650809835
ECC+ChaCha20,5000,3,1678,0.027700007194653153,0.12930000957567245,0.10060000931844115,True,4235.965650809835
ECC+ChaCha20,5000,3,1679,0.02750000567175448,0.1277999981539324,0.09980000322684646,True,4235.965650809835
ECC+ChaCha20,5000,3,1680,0.027599991881288588,0.1289999927394092,0.10029999248217791,True,4235.965650809835
ECC+ChaCha20,5000,3,1681,0.027399990358389914,0.12910000805277377,0.10010000551119447,True,4235.965650809835
ECC+ChaCha20,5000,3,1682,0.02750000567175448,0.16880000475794077,0.10640000982675701,True,4235.965650809835
ECC+ChaCha20,5000,3,1683,0.02950000634882599,0.13049998960923404,0.10099999781232327,True,4235.965650809835
ECC+ChaCha20,5000,3,1684,0.028299997211433947,0.1286999904550612,0.10039999324362725,True,4235.965650809835
ECC+ChaCha20,5000,3,1685,0.027900008717551827,0.12880000576842576,0.1016000023810193,True,4235.965650809835
ECC+ChaCha20,5000,3,1686,0.0281000102404505,0.13050000416114926,0.10029999248217791,True,4235.965650809835
ECC+ChaCha20,5000,3,1687,0.02750000567175448,0.1286000042455271,0.10090001160278916,True,4235.965650809835
ECC+ChaCha20,5000,3,1688,0.02750000567175448,0.12879999121651053,0.12060000153724104,True,4235.965650809835
ECC+ChaCha20,5000,3,1689,0.02890000178012997,0.1297999988310039,0.10080001084133983,True,4235.965650809835
ECC+ChaCha20,5000,3,1690,0.027900008717551827,0.12989999959245324,0.10109999857377261,True,4235.965650809835
ECC+ChaCha20,5000,3,1691,0.027599991881288588,0.12889999197795987,0.10069999552797526,True,4235.965650809835
ECC+ChaCha20,5000,3,1692,0.02749999111983925,0.1281000004382804,0.10080001084133983,True,4235.965650809835
ECC+ChaCha20,5000,3,1693,0.02749999111983925,0.12900000729132444,0.10000000474974513,True,4235.965650809835
ECC+ChaCha20,5000,3,1694,0.02720000338740647,0.1286000042455271,0.12989999959245324,True,4235.965650809835
ECC+ChaCha20,5000,3,1695,0.03759999526664615,0.15049999637994915,0.10580000525806099,True,4235.965650809835
ECC+ChaCha20,5000,3,1696,0.029399991035461426,0.14600000577047467,0.1024999946821481,True,4235.965650809835
ECC+ChaCha20,5000,3,1697,0.02820001100189984,0.13110000872984529,0.10130000009667128,True,4235.965650809835
ECC+ChaCha20,5000,3,1698,0.02849999873433262,0.13169999874662608,0.10150000161956996,True,4235.965650809835
ECC+ChaCha20,5000,3,1699,0.027700007194653153,0.12969999806955457,0.1016000023810193,True,4235.965650809835
ECC+ChaCha20,5000,3,1700,0.02820001100189984,0.12910000805277377,0.10030000703409314,True,4235.965650809835
ECC+ChaCha20,5000,3,1701,0.0278999941656366,0.13020000187680125,0.10089999705087394,True,4235.965650809835
ECC+ChaCha20,5000,3,1702,0.028599999495781958,0.13139999646227807,0.10120001388713717,True,4235.965650809835
ECC+ChaCha20,5000,3,1703,0.027999994927085936,0.1289000065298751,0.10030000703409314,True,4235.965650809835
ECC+ChaCha20,5000,3,1704,0.028099995688535273,0.13080000644549727,0.10119999933522195,True,4235.965650809835
ECC+ChaCha20,5000,3,1705,0.027400004910305142,0.1292000088142231,0.1002000062726438,True,4235.965650809835
ECC+ChaCha20,5000,3,1706,0.027699992642737925,0.1297999988310039,0.10090001160278916,True,4235.965650809835
ECC+ChaCha20,5000,3,1707,0.027700007194653153,0.1292000088142231,0.10130000009667128,True,4235.965650809835
ECC+ChaCha20,5000,3,1708,0.027799993404187262,0.12909999350085855,0.10150000161956996,True,4235.965650809835
ECC+ChaCha20,5000,3,1709,0.02749999111983925,0.12929999502375722,0.10039999324362725,True,4235.965650809835
ECC+ChaCha20,5000,3,1710,0.027400004910305142,0.12939999578520656,0.10059999476652592,True,4235.965650809835
ECC+ChaCha20,5000,3,1711,0.027700007194653153,0.12969999806955457,0.10119999933522195,True,4235.965650809835
ECC+ChaCha20,5000,3,1712,0.027700007194653153,0.12940001033712178,0.1002000062726438,True,4235.965650809835
ECC+ChaCha20,5000,3,1713,0.027600006433203816,0.1297999988310039,0.10039999324362725,True,4235.965650809835
ECC+ChaCha20,5000,3,1714,0.027599991881288588,0.1289000065298751,0.10000000474974513,True,4235.965650809835
ECC+ChaCha20,5000,3,1715,0.027400004910305142,0.12940001033712178,0.10109999857377261,True,4235.965650809835
ECC+ChaCha20,5000,3,1716,0.02750000567175448,0.13059999037068337,0.0999999901978299,True,4235.965650809835
ECC+ChaCha20,5000,3,1717,0.027799993404187262,0.13059999037068337,0.10049999400507659,True,4235.965650809835
ECC+ChaCha20,5000,3,1718,0.028700000257231295,0.13179999950807542,0.10089999705087394,True,4235.965650809835
ECC+ChaCha20,5000,3,1719,0.02819999644998461,0.12929999502375722,0.10060000931844115,True,4235.965650809835
ECC+ChaCha20,5000,3,1720,0.027999994927085936,0.1306000049225986,0.10089999705087394,True,4235.965650809835
ECC+ChaCha20,5000,3,1721,0.027799993404187262,0.1294999965466559,0.10070001007989049,True,4235.965650809835
ECC+ChaCha20,5000,3,1722,0.02780000795610249,0.13010000111535192,0.10059999476652592,True,4235.965650809835
ECC+ChaCha20,5000,3,1723,0.027799993404187262,0.1289000065298751,0.10040000779554248,True,4235.965650809835
ECC+ChaCha20,5000,3,1724,0.027300004148855805,0.13020000187680125,0.12240000069141388,True,4235.965650809835
ECC+ChaCha20,5000,3,1725,0.03020001167897135,0.1343000039923936,0.10179998935200274,True,4235.965650809835
ECC+ChaCha20,5000,3,1726,0.028300011763349175,0.1390999968862161,0.1019000046653673,True,4235.965650809835
ECC+ChaCha20,5000,3,1727,0.028399997972883284,0.13059999037068337,0.10119999933522195,True,4235.965650809835
ECC+ChaCha20,5000,3,1728,0.027999994927085936,0.1303000026382506,0.10150000161956996,True,4235.965650809835
ECC+ChaCha20,5000,3,1729,0.027699992642737925,0.1292000088142231,0.10119999933522195,True,4235.965650809835
ECC+ChaCha20,5000,3,1730,0.02750000567175448,0.13070000568404794,0.10130000009667128,True,4235.965650809835
ECC+ChaCha20,5000,3,1731,0.02749999111983925,0.13040000339969993,0.10099999781232327,True,4235.965650809835
ECC+ChaCha20,5000,3,1732,0.02820001100189984,0.1306000049225986,0.10090001160278916,True,4235.965650809835
ECC+ChaCha20,5000,3,1733,0.027799993404187262,0.12939999578520656,0.10089999705087394,True,4235.965650809835
ECC+ChaCha20,5000,3,1734,0.02720000338740647,0.12969999806955457,0.10170000314246863,True,4235.965650809835
ECC+ChaCha20,5000,3,1735,0.027400004910305142,0.12879999121651053,0.10130000009667128,True,4235.965650809835
ECC+ChaCha20,5000,3,1736,0.027299989596940577,0.1303000026382506,0.10070001007989049,True,4235.965650809835
ECC+ChaCha20,5000,3,1737,0.02750000567175448,0.12929999502375722,0.10019999172072858,True,4235.965650809835
ECC+ChaCha20,5000,3,1738,0.027300004148855805,0.12930000957567245,0.1007999962894246,True,4235.965650809835
ECC+ChaCha20,5000,3,1739,0.027399990358389914,0.12989999959245324,0.10040000779554248,True,4235.965650809835
ECC+ChaCha20,5000,3,1740,0.027400004910305142,0.1297999988310039,0.10099999781232327,True,4235.965650809835
ECC+ChaCha20,5000,3,1741,0.02749999111983925,0.12880000576842576,0.09980000322684646,True,4235.965650809835
ECC+ChaCha20,5000,3,1742,0.027699992642737925,0.13000000035390258,0.1007999962894246,True,4235.965650809835
ECC+ChaCha20,5000,3,1743,0.02750000567175448,0.1297999988310039,0.0999000039882958,True,4235.965650809835
ECC+ChaCha20,5000,3,1744,0.02750000567175448,0.1297999988310039,0.10049999400507659,True,4235.965650809835
ECC+ChaCha20,5000,3,1745,0.02749999111983925,0.12969999806955457,0.0999999901978299,True,4235.965650809835
ECC+ChaCha20,5000,3,1746,0.02749999111983925,0.12850000348407775,0.10090001160278916,True,4235.965650809835
ECC+ChaCha20,5000,3,1747,0.027299989596940577,0.12789999891538173,0.10039999324362725,True,4235.965650809835
ECC+ChaCha20,5000,3,1748,0.027300004148855805,0.1289000065298751,0.10060000931844115,True,4235.965650809835
ECC+ChaCha20,5000,3,1749,0.027300004148855805,0.1286000042455271,0.0999000039882958,True,4235.965650809835
ECC+ChaCha20,5000,3,1750,0.02749999111983925,0.13020000187680125,0.10080001084133983,True,4235.965650809835
ECC+ChaCha20,5000,3,1751,0.02750000567175448,0.12930000957567245,0.10030000703409314,True,4235.965650809835
ECC+ChaCha20,5000,3,1752,0.02720000338740647,0.1289999927394092,0.10039999324362725,True,4235.965650809835
ECC+ChaCha20,5000,3,1753,0.027000001864507794,0.12859998969361186,0.10019999172072858,True,4235.965650809835
ECC+ChaCha20,5000,3,1754,0.027299989596940577,0.12959999730810523,0.15159999020397663,True,4235.965650809835
ECC+ChaCha20,5000,3,1755,0.034900003811344504,0.14180000289343297,0.10520000068936497,True,4235.965650809835
ECC+ChaCha20,5000,3,1756,0.028599999495781958,0.13089999265503138,0.10239999392069876,True,4235.965650809835
ECC+ChaCha20,5000,3,1757,0.028099995688535273,0.1303999888477847,0.10150000161956996,True,4235.965650809835
ECC+ChaCha20,5000,3,1758,0.027600006433203816,0.13559999933931977,0.10180000390391797,True,4235.965650809835
ECC+ChaCha20,5000,3,1759,0.0278999941656366,0.1289000065298751,0.10039999324362725,True,4235.965650809835
ECC+ChaCha20,5000,3,1760,0.027799993404187262,0.13020000187680125,0.10150000161956996,True,4235.965650809835
ECC+ChaCha20,5000,3,1761,0.02820001100189984,0.12950001109857112,0.10069999552797526,True,4235.965650809835
ECC+ChaCha20,5000,3,1762,0.02820001100189984,0.1303000026382506,0.1016000023810193,True,4235.965650809835
ECC+ChaCha20,5000,3,1763,0.027400004910305142,0.12929999502375722,0.10059999476652592,True,4235.965650809835
ECC+ChaCha20,5000,3,1764,0.027699992642737925,0.12939999578520656,0.10119999933522195,True,4235.965650809835
ECC+ChaCha20,5000,3,1765,0.027299989596940577,0.1289000065298751,0.10039999324362725,True,4235.965650809835
ECC+ChaCha20,5000,3,1766,0.027400004910305142,0.12880000576842576,0.10040000779554248,True,4235.965650809835
ECC+ChaCha20,5000,3,1767,0.027600006433203816,0.12980001338291913,0.10059999476652592,True,4235.965650809835
ECC+ChaCha20,5000,3,1768,0.02749999111983925,0.1303000026382506,0.1007999962894246,True,4235.965650809835
ECC+ChaCha20,5000,3,1769,0.0278999941656366,0.1311999949393794,0.10099999781232327,True,4235.965650809835
ECC+ChaCha20,5000,3,1770,0.027900008717551827,0.12969999806955457,0.10109999857377261,True,4235.965650809835
ECC+ChaCha20,5000,3,1771,0.028099995688535273,0.1311999949393794,0.10259999544359744,True,4235.965650809835
ECC+ChaCha20,5000,3,1772,0.0281000102404505,0.1289000065298751,0.1002000062726438,True,4235.965650809835
ECC+ChaCha20,5000,3,1773,0.027999994927085936,0.1311999949393794,0.1019000046653673,True,4235.965650809835
ECC+ChaCha20,5000,3,1774,0.027299989596940577,0.12939999578520656,0.10019999172072858,True,4235.965650809835
ECC+ChaCha20,5000,3,1775,0.027700007194653153,0.12940001033712178,0.09980000322684646,True,4235.965650809835
ECC+ChaCha20,5000,3,1776,0.027799993404187262,0.1297999988310039,0.10130000009667128,True,4235.965650809835
ECC+ChaCha20,5000,3,1777,0.027300004148855805,0.1286000042455271,0.10000000474974513,True,4235.965650809835
ECC+ChaCha20,5000,3,1778,0.027300004148855805,0.12799999967683107,0.10009999095927924,True,4235.965650809835
ECC+ChaCha20,5000,3,1779,0.027799993404187262,0.12929999502375722,0.11829999857582152,True,4235.965650809835
ECC+ChaCha20,5000,3,1780,0.03300000389572233,0.14180000289343297,0.10479999764356762,True,4235.965650809835
ECC+ChaCha20,5000,3,1781,0.02849999873433262,0.1306000049225986,0.10140000085812062,True,4235.965650809835
ECC+ChaCha20,5000,3,1782,0.027799993404187262,0.12880000576842576,0.10099999781232327,True,4235.965650809835
ECC+ChaCha20,5000,3,1783,0.027700007194653153,0.12989999959245324,0.1019000046653673,True,4235.965650809835
ECC+ChaCha20,5000,3,1784,0.031800009310245514,0.13830000534653664,0.10340000153519213,True,4235.965650809835
ECC+ChaCha20,5000,3,1785,0.029600007110275328,0.13190000026952475,0.10259999544359744,True,4235.965650809835
ECC+ChaCha20,5000,3,1786,0.028299997211433947,0.13059999037068337,0.10140000085812062,True,4235.965650809835
ECC+ChaCha20,5000,3,1787,0.02849999873433262,0.12969999806955457,0.10119999933522195,True,4235.965650809835
ECC+ChaCha20,5000,3,1788,0.027599991881288588,0.1306000049225986,0.10130000009667128,True,4235.965650809835
ECC+ChaCha20,5000,3,1789,0.0278999941656366,0.1289999927394092,0.10140000085812062,True,4235.965650809835
ECC+ChaCha20,5000,3,1790,0.027699992642737925,0.13689999468624592,0.10259999544359744,True,4235.965650809835
ECC+ChaCha20,5000,3,1791,0.02850001328624785,0.13139999646227807,0.10140000085812062,True,4235.965650809835
ECC+ChaCha20,5000,3,1792,0.027699992642737925,0.13080000644549727,0.10119999933522195,True,4235.965650809835
ECC+ChaCha20,5000,3,1793,0.027999994927085936,0.1297999988310039,0.10109999857377261,True,4235.965650809835
ECC+ChaCha20,5000,3,1794,0.02750000567175448,0.12999998580198735,0.10069999552797526,True,4235.965650809835
ECC+ChaCha20,5000,3,1795,0.027600006433203816,0.12939999578520656,0.10040000779554248,True,4235.965650809835
ECC+ChaCha20,5000,3,1796,0.027799993404187262,0.13000000035390258,0.10080001084133983,True,4235.965650809835
ECC+ChaCha20,5000,3,1797,0.02720000338740647,0.12879999121651053,0.10039999324362725,True,4235.965650809835
ECC+ChaCha20,5000,3,1798,0.027999994927085936,0.12959999730810523,0.10130000009667128,True,4235.965650809835
ECC+ChaCha20,5000,3,1799,0.027799993404187262,0.1297999988310039,0.10109999857377261,True,4235.965650809835
ECC+ChaCha20,5000,3,1800,0.0278999941656366,0.13070000568404794,0.10140000085812062,True,4235.965650809835
ECC+ChaCha20,5000,3,1801,0.028099995688535273,0.1294999965466559,0.10049999400507659,True,4235.965650809835
ECC+ChaCha20,5000,3,1802,0.027300004148855805,0.12929999502375722,0.10069999552797526,True,4235.965650809835
ECC+ChaCha20,5000,3,1803,0.027400004910305142,0.13029998808633536,0.10029999248217791,True,4235.965650809835
ECC+ChaCha20,5000,3,1804,0.027300004148855805,0.1289999927394092,0.10119999933522195,True,4235.965650809835
ECC+ChaCha20,5000,3,1805,0.027599991881288588,0.12919999426230788,0.10059999476652592,True,4235.965650809835
ECC+ChaCha20,5000,3,1806,0.02750000567175448,0.1292000088142231,0.10109999857377261,True,4235.965650809835
ECC+ChaCha20,5000,3,1807,0.02750000567175448,0.12939999578520656,0.10040000779554248,True,4235.965650809835
ECC+ChaCha20,5000,3,1808,0.027399990358389914,0.12939999578520656,0.10059999476652592,True,4235.965650809835
ECC+ChaCha20,5000,3,1809,0.027599991881288588,0.12880000576842576,0.10089999705087394,True,4235.965650809835
ECC+ChaCha20,5000,3,1810,0.027300004148855805,0.1280000142287463,0.10029999248217791,True,4235.965650809835
ECC+ChaCha20,5000,3,1811,0.02720000338740647,0.12859998969361186,0.10009999095927924,True,4235.965650809835
ECC+ChaCha20,5000,3,1812,0.027099988074041903,0.12759999663103372,0.10069999552797526,True,4235.965650809835
ECC+ChaCha20,5000,3,1813,0.02750000567175448,0.1286000042455271,0.10089999705087394,True,4235.965650809835
ECC+ChaCha20,5000,3,1814,0.06659999780822545,0.2055000077234581,0.11399999493733048,True,4235.965650809835
ECC+ChaCha20,5000,3,1815,0.042100000428035855,0.16139999206643552,0.11230001109652221,True,4235.965650809835
ECC+ChaCha20,5000,3,1816,0.03060000017285347,0.13670000771526247,0.1041999930748716,True,4235.965650809835
ECC+ChaCha20,5000,3,1817,0.028599999495781958,0.13130001025274396,0.10150000161956996,True,4235.965650809835
ECC+ChaCha20,5000,3,1818,0.02849999873433262,0.13139999646227807,0.10150000161956996,True,4235.965650809835
ECC+ChaCha20,5000,3,1819,0.028700000257231295,0.1314999972237274,0.10150000161956996,True,4235.965650809835
ECC+ChaCha20,5000,3,1820,0.028099995688535273,0.13240000407677144,0.10240000847261399,True,4235.965650809835
ECC+ChaCha20,5000,3,1821,0.02849999873433262,0.13099999341648072,0.10089999705087394,True,4235.965650809835
ECC+ChaCha20,5000,3,1822,0.027699992642737925,0.14099999680183828,0.10259999544359744,True,4235.965650809835
ECC+ChaCha20,5000,3,1823,0.028099995688535273,0.1314999972237274,0.10099999781232327,True,4235.965650809835
ECC+ChaCha20,5000,3,1824,0.028399997972883284,0.1289999927394092,0.10090001160278916,True,4235.965650809835
ECC+ChaCha20,5000,3,1825,0.029000002541579306,0.13210000179242343,0.10130000009667128,True,4235.965650809835
ECC+ChaCha20,5000,3,1826,0.02819999644998461,0.1297999988310039,0.1016000023810193,True,4235.965650809835
ECC+ChaCha20,5000,3,1827,0.02819999644998461,0.13010000111535192,0.10090001160278916,True,4235.965650809835
ECC+ChaCha20,5000,3,1828,0.027399990358389914,0.12989999959245324,0.10110001312568784,True,4235.965650809835
ECC+ChaCha20,5000,3,1829,0.027300004148855805,0.1289999927394092,0.10049999400507659,True,4235.965650809835
ECC+ChaCha20,5000,3,1830,0.027799993404187262,0.12989999959245324,0.10140000085812062,True,4235.965650809835
ECC+ChaCha20,5000,3,1831,0.02889998722821474,0.13080000644549727,0.10119999933522195,True,4235.965650809835
ECC+ChaCha20,5000,3,1832,0.02749999111983925,0.13100000796839595,0.10089999705087394,True,4235.965650809835
ECC+ChaCha20,5000,3,1833,0.028099995688535273,0.13020000187680125,0.10060000931844115,True,4235.965650809835
ECC+ChaCha20,5000,3,1834,0.027599991881288588,0.13079999189358205,0.10150000161956996,True,4235.965650809835
ECC+ChaCha20,5000,3,1835,0.028099995688535273,0.13049998960923404,0.1007999962894246,True,4235.965650809835
ECC+ChaCha20,5000,3,1836,0.027300004148855805,0.1314000110141933,0.10130000009667128,True,4235.965650809835
ECC+ChaCha20,5000,3,1837,0.02780000795610249,0.12989999959245324,0.10140000085812062,True,4235.965650809835
ECC+ChaCha20,5000,3,1838,0.028700000257231295,0.13040000339969993,0.10149998706765473,True,4235.965650809835
ECC+ChaCha20,5000,3,1839,0.028800001018680632,0.12989999959245324,0.10119999933522195,True,4235.965650809835
ECC+ChaCha20,5000,3,1840,0.029100003303028643,0.13410000246949494,0.20379999477881938,True,4235.965650809835
ECC+ChaCha20,5000,3,1841,0.035900011425837874,0.14350000128615648,0.10409999231342226,True,4235.965650809835
ECC+ChaCha20,5000,3,1842,0.02989999484270811,0.13179999950807542,0.10109999857377261,True,4235.965650809835
ECC+ChaCha20,5000,3,1843,0.028399997972883284,0.13029998808633536,0.11409999569877982,True,4235.965650809835
ECC+ChaCha20,5000,3,1844,0.028800001018680632,0.13210000179242343,0.10189999011345208,True,4235.965650809835
ECC+ChaCha20,5000,3,1845,0.028700000257231295,0.13129999570082873,0.1016999885905534,True,4235.965650809835
ECC+ChaCha20,5000,3,1846,0.0278999941656366,0.1306000049225986,0.10150000161956996,True,4235.965650809835
ECC+ChaCha20,5000,3,1847,0.03399999695830047,0.13770000077784061,0.10210000618826598,True,4235.965650809835
ECC+ChaCha20,5000,3,1848,0.028399997972883284,0.1382999907946214,0.10260000999551266,True,4235.965650809835
ECC+ChaCha20,5000,3,1849,0.028299997211433947,0.12940001033712178,0.10109999857377261,True,4235.965650809835
ECC+ChaCha20,5000,3,1850,0.028400012524798512,0.1306000049225986,0.11010000889655203,True,4235.965650809835
ECC+ChaCha20,5000,3,1851,0.028300011763349175,0.1309000072069466,0.10119999933522195,True,4235.965650809835
ECC+ChaCha20,5000,3,1852,0.02780000795610249,0.12989999959245324,0.10119999933522195,True,4235.965650809835
ECC+ChaCha20,5000,3,1853,0.028599999495781958,0.12959999730810523,0.10029999248217791,True,4235.965650809835
ECC+ChaCha20,5000,3,1854,0.028299997211433947,0.13760000001639128,0.10140000085812062,True,4235.965650809835
ECC+ChaCha20,5000,3,1855,0.029000002541579306,0.13070000568404794,0.10140000085812062,True,4235.965650809835
ECC+ChaCha20,5000,3,1856,0.027999994927085936,0.12989999959245324,0.10059999476652592,True,4235.965650809835
ECC+ChaCha20,5000,3,1857,0.02819999644998461,0.1385000068694353,0.10130000009667128,True,4235.965650809835
ECC+ChaCha20,5000,3,1858,0.027999994927085936,0.12889999197795987,0.10379999002907425,True,4235.965650809835
ECC+ChaCha20,5000,3,1859,0.027699992642737925,0.12909999350085855,0.1083999959519133,True,4235.965650809835
ECC+ChaCha20,5000,3,1860,0.028300011763349175,0.1289000065298751,0.10010000551119447,True,4235.965650809835
ECC+ChaCha20,5000,3,1861,0.02750000567175448,0.12930000957567245,0.0999000039882958,True,4235.965650809835
ECC+ChaCha20,5000,3,1862,0.02819999644998461,0.1297999988310039,0.10090001160278916,True,4235.965650809835
ECC+ChaCha20,5000,3,1863,0.028000009479001164,0.12870000500697643,0.10039999324362725,True,4235.965650809835
ECC+ChaCha20,5000,3,1864,0.02890000178012997,0.1286999904550612,0.10069999552797526,True,4235.965650809835
ECC+ChaCha20,5000,3,1865,0.028700000257231295,0.13000000035390258,0.10090001160278916,True,4235.965650809835
ECC+ChaCha20,5000,3,1866,0.02819999644998461,0.13669999316334724,0.10080001084133983,True,4235.965650809835
ECC+ChaCha20,5000,3,1867,0.029199989512562752,0.12840000272262841,0.10010000551119447,True,4235.965650809835
ECC+ChaCha20,5000,3,1868,0.029000002541579306,0.1348999940091744,0.10410000686533749,True,4235.965650809835
ECC+ChaCha20,5000,3,1869,0.029400005587376654,0.12919999426230788,0.09989998943638057,True,4235.965650809835
ECC+ChaCha20,5000,3,1870,0.029000002541579306,0.12850000348407775,0.10699999984353781,True,4235.965650809835
ECC+ChaCha20,5000,3,1871,0.028800001018680632,0.1294999965466559,0.10029999248217791,True,4235.965650809835
ECC+ChaCha20,5000,3,1872,0.02850001328624785,0.12900000729132444,0.10119999933522195,True,4235.965650809835
ECC+ChaCha20,5000,3,1873,0.03850000211969018,0.14930000179447234,0.10649999603629112,True,4235.965650809835
ECC+ChaCha20,5000,3,1874,0.039099992136470973,0.15110000094864517,0.12759999663103372,True,4235.965650809835
ECC+ChaCha20,5000,3,1875,0.0320999970426783,0.1353999978164211,0.10289999772794545,True,4235.965650809835
ECC+ChaCha20,5000,3,1876,0.03609999839682132,0.13139999646227807,0.10140000085812062,True,4235.965650809835
ECC+ChaCha20,5000,3,1877,0.02849999873433262,0.13040000339969993,0.1019000046653673,True,4235.965650809835
ECC+ChaCha20,5000,3,1878,0.028799986466765404,0.12959999730810523,0.10099999781232327,True,4235.965650809835
ECC+ChaCha20,5000,3,1879,0.028299997211433947,0.13079999189358205,0.10009999095927924,True,4235.965650809835
ECC+ChaCha20,5000,3,1880,0.028399997972883284,0.12999998580198735,0.1016000023810193,True,4235.965650809835
ECC+ChaCha20,5000,3,1881,0.028099995688535273,0.12909999350085855,0.10059999476652592,True,4235.965650809835
ECC+ChaCha20,5000,3,1882,0.027799993404187262,0.1297999988310039,0.10119999933522195,True,4235.965650809835
ECC+ChaCha20,5000,3,1883,0.0281000102404505,0.12870000500697643,0.09979998867493123,True,4235.965650809835
ECC+ChaCha20,5000,3,1884,0.027599991881288588,0.12840000272262841,0.10150000161956996,True,4235.965650809835
ECC+ChaCha20,5000,3,1885,0.0278999941656366,0.12989999959245324,0.1002000062726438,True,4235.965650809835
ECC+ChaCha20,5000,3,1886,0.028800001018680632,0.1390999968862161,0.10110001312568784,True,4235.965650809835
ECC+ChaCha20,5000,3,1887,0.0278999941656366,0.12959999730810523,0.10029999248217791,True,4235.965650809835
ECC+ChaCha20,5000,3,1888,0.02819999644998461,0.13000000035390258,0.10080001084133983,True,4235.965650809835
ECC+ChaCha20,5000,3,1889,0.027600006433203816,0.1289999927394092,0.10029999248217791,True,4235.965650809835
ECC+ChaCha20,5000,3,1890,0.027599991881288588,0.13040000339969993,0.10060000931844115,True,4235.965650809835
ECC+ChaCha20,5000,3,1891,0.027399990358389914,0.13000000035390258,0.10019999172072858,True,4235.965650809835
ECC+ChaCha20,5000,3,1892,0.02750000567175448,0.12989999959245324,0.10109999857377261,True,4235.965650809835
ECC+ChaCha20,5000,3,1893,0.02750000567175448,0.12850000348407775,0.10070001007989049,True,4235.965650809835
ECC+ChaCha20,5000,3,1894,0.027099988074041903,0.12830000196117908,0.10050000855699182,True,4235.965650809835
ECC+ChaCha20,5000,3,1895,0.02710000262595713,0.1281000004382804,0.09969998791348189,True,4235.965650809835
ECC+ChaCha20,5000,3,1896,0.02720000338740647,0.13020000187680125,0.1007999962894246,True,4235.965650809835
ECC+ChaCha20,5000,3,1897,0.02749999111983925,0.12909999350085855,0.1007999962894246,True,4235.965650809835
ECC+ChaCha20,5000,3,1898,0.027300004148855805,0.1294999965466559,0.10060000931844115,True,4235.965650809835
ECC+ChaCha20,5000,3,1899,0.027300004148855805,0.12879999121651053,0.10019999172072858,True,4235.965650809835
ECC+ChaCha20,5000,3,1900,0.027400004910305142,0.13019998732488602,0.10059999476652592,True,4235.965650809835
ECC+ChaCha20,5000,3,1901,0.027400004910305142,0.12880000576842576,0.10029999248217791,True,4235.965650809835
ECC+ChaCha20,5000,3,1902,0.02719998883549124,0.12919999426230788,0.10069999552797526,True,4235.965650809835
ECC+ChaCha20,5000,3,1903,0.031499992473982275,0.14910000027157366,0.11159999121446162,True,4235.965650809835
ECC+ChaCha20,5000,3,1904,0.0788999896030873,0.21859999105799943,0.11819999781437218,True,4235.965650809835
ECC+ChaCha20,5000,3,1905,0.043499996536411345,0.1618999958736822,0.10879999899771065,True,4235.965650809835
ECC+ChaCha20,5000,3,1906,0.03460000152699649,0.13889999536331743,0.1044000091496855,True,4235.965650809835
ECC+ChaCha20,5000,3,1907,0.033500007702969015,0.13979998766444623,0.10369998926762491,True,4235.965650809835
ECC+ChaCha20,5000,3,1908,0.029400005587376654,0.13390000094659626,0.10320000001229346,True,4235.965650809835
ECC+ChaCha20,5000,3,1909,0.030199997127056122,0.13639999087899923,0.10489999840501696,True,4235.965650809835
ECC+ChaCha20,5000,3,1910,0.031799994758330286,0.13609998859465122,0.10539998766034842,True,4235.965650809835
ECC+ChaCha20,5000,3,1911,0.031799994758330286,0.1379999885102734,0.10469999688211828,True,4235.965650809835
ECC+ChaCha20,5000,3,1912,0.032199997804127634,0.14289999671746045,0.10570000449661165,True,4235.965650809835
ECC+ChaCha20,5000,3,1913,0.03199999628122896,0.13800000306218863,0.10410000686533749,True,4235.965650809835
ECC+ChaCha20,5000,3,1914,0.03069998638238758,0.13640000543091446,0.10390000534243882,True,4235.965650809835
ECC+ChaCha20,5000,3,1915,0.031799994758330286,0.13590000162366778,0.10290001227986068,True,4235.965650809835
ECC+ChaCha20,5000,3,1916,0.029400005587376654,0.13359999866224825,0.10299999848939478,True,4235.965650809835
ECC+ChaCha20,5000,3,1917,0.029999995604157448,0.1323000033153221,0.1019000046653673,True,4235.965650809835
ECC+ChaCha20,5000,3,1918,0.028299997211433947,0.14439999358728528,0.1010000123642385,True,4235.965650809835
ECC+ChaCha20,5000,3,1919,0.029300004825927317,0.13100000796839595,0.10089999705087394,True,4235.965650809835
ECC+ChaCha20,5000,3,1920,0.0281000102404505,0.12950001109857112,0.10150000161956996,True,4235.965650809835
ECC+ChaCha20,5000,3,1921,0.027000001864507794,0.12939999578520656,0.10029999248217791,True,4235.965650809835
ECC+ChaCha20,5000,3,1922,0.0278999941656366,0.12989999959245324,0.10099999781232327,True,4235.965650809835
ECC+ChaCha20,5000,3,1923,0.027799993404187262,0.12989999959245324,0.10040000779554248,True,4235.965650809835
ECC+ChaCha20,5000,3,1924,0.02780000795610249,0.12929999502375722,0.10109999857377261,True,4235.965650809835
ECC+ChaCha20,5000,3,1925,0.03199999628122896,0.13590000162366778,0.10180000390391797,True,4235.965650809835
ECC+ChaCha20,5000,3,1926,0.028700000257231295,0.12989999959245324,0.10089999705087394,True,4235.965650809835
ECC+ChaCha20,5000,3,1927,0.028000009479001164,0.1297000126214698,0.10089999705087394,True,4235.965650809835
ECC+ChaCha20,5000,3,1928,0.0281000102404505,0.1300999865634367,0.10119999933522195,True,4235.965650809835
ECC+ChaCha20,5000,3,1929,0.027999994927085936,0.12909999350085855,0.10010000551119447,True,4235.965650809835
ECC+ChaCha20,5000,3,1930,0.02820001100189984,0.1297999988310039,0.10150000161956996,True,4235.965650809835
ECC+ChaCha20,5000,3,1931,0.027700007194653153,0.12969999806955457,0.10089999705087394,True,4235.965650809835
ECC+ChaCha20,5000,3,1932,0.027600006433203816,0.12990001414436847,0.10150000161956996,True,4235.965650809835
ECC+ChaCha20,5000,3,1933,0.027700007194653153,0.12940001033712178,0.1007999962894246,True,4235.965650809835
ECC+ChaCha20,5000,3,1934,0.02749999111983925,0.12870000500697643,0.10010000551119447,True,4235.965650809835
ECC+ChaCha20,5000,3,1935,0.02720000338740647,0.13050000416114926,0.10060000931844115,True,4235.965650809835
ECC+ChaCha20,5000,3,1936,0.02819999644998461,0.1297999988310039,0.10099999781232327,True,4235.965650809835
ECC+ChaCha20,5000,3,1937,0.0278999941656366,0.1294999965466559,0.10130000009667128,True,4235.965650809835
ECC+ChaCha20,5000,3,1938,0.02750000567175448,0.12930000957567245,0.1007999962894246,True,4235.965650809835
ECC+ChaCha20,5000,3,1939,0.02719998883549124,0.12880000576842576,0.10070001007989049,True,4235.965650809835
ECC+ChaCha20,5000,3,1940,0.027799993404187262,0.1286000042455271,0.1007999962894246,True,4235.965650809835
ECC+ChaCha20,5000,3,1941,0.027699992642737925,0.13070000568404794,0.1007999962894246,True,4235.965650809835
ECC+ChaCha20,5000,3,1942,0.027400004910305142,0.12929999502375722,0.1002000062726438,True,4235.965650809835
ECC+ChaCha20,5000,3,1943,0.027599991881288588,0.12969999806955457,0.10080001084133983,True,4235.965650809835
ECC+ChaCha20,5000,3,1944,0.0281000102404505,0.1314000110141933,0.10130000009667128,True,4235.965650809835
ECC+ChaCha20,5000,3,1945,0.027599991881288588,0.12909999350085855,0.0999000039882958,True,4235.965650809835
ECC+ChaCha20,5000,3,1946,0.02750000567175448,0.12889999197795987,0.10099999781232327,True,4235.965650809835
ECC+ChaCha20,5000,3,1947,0.027699992642737925,0.1294999965466559,0.1010000123642385,True,4235.965650809835
ECC+ChaCha20,5000,3,1948,0.02749999111983925,0.1297999988310039,0.10099999781232327,True,4235.965650809835
ECC+ChaCha20,5000,3,1949,0.027399990358389914,0.1286000042455271,0.10040000779554248,True,4235.965650809835
ECC+ChaCha20,5000,3,1950,0.02720000338740647,0.13719999697059393,0.10170000314246863,True,4235.965650809835
ECC+ChaCha20,5000,3,1951,0.02720000338740647,0.1277999981539324,0.10049999400507659,True,4235.965650809835
ECC+ChaCha20,5000,3,1952,0.027900008717551827,0.13010000111535192,0.1838000025600195,True,4235.965650809835
ECC+ChaCha20,5000,3,1953,0.033800009987317026,0.1396000006934628,0.10259999544359744,True,4235.965650809835
ECC+ChaCha20,5000,3,1954,0.028399997972883284,0.13139999646227807,0.10199999087490141,True,4235.965650809835
ECC+ChaCha20,5000,3,1955,0.0278999941656366,0.1303000026382506,0.10030000703409314,True,4235.965650809835
ECC+ChaCha20,5000,3,1956,0.027400004910305142,0.12880000576842576,0.10089999705087394,True,4235.965650809835
ECC+ChaCha20,5000,3,1957,0.028000009479001164,0.1303000026382506,0.10019999172072858,True,4235.965650809835
ECC+ChaCha20,5000,3,1958,0.028400012524798512,0.12969999806955457,0.10170000314246863,True,4235.965650809835
ECC+ChaCha20,5000,3,1959,0.028099995688535273,0.14570000348612666,0.1016000023810193,True,4235.965650809835
ECC+ChaCha20,5000,3,1960,0.028399997972883284,0.13179999950807542,0.10140000085812062,True,4235.965650809835
ECC+ChaCha20,5000,3,1961,0.027300004148855805,0.12799999967683107,0.10040000779554248,True,4235.965650809835
ECC+ChaCha20,5000,3,1962,0.02749999111983925,0.13020000187680125,0.1016000023810193,True,4235.965650809835
ECC+ChaCha20,5000,3,1963,0.02720000338740647,0.12959999730810523,0.10030000703409314,True,4235.965650809835
ECC+ChaCha20,5000,3,1964,0.027300004148855805,0.12929999502375722,0.10060000931844115,True,4235.965650809835
ECC+ChaCha20,5000,3,1965,0.027599991881288588,0.13059999037068337,0.10130000009667128,True,4235.965650809835
ECC+ChaCha20,5000,3,1966,0.02750000567175448,0.12959999730810523,0.10029999248217791,True,4235.965650809835
ECC+ChaCha20,5000,3,1967,0.027600006433203816,0.12900000729132444,0.10040000779554248,True,4235.965650809835
ECC+ChaCha20,5000,3,1968,0.02749999111983925,0.13000000035390258,0.10110001312568784,True,4235.965650809835
ECC+ChaCha20,5000,3,1969,0.027300004148855805,0.1286000042455271,0.10029999248217791,True,4235.965650809835
ECC+ChaCha20,5000,3,1970,0.027600006433203816,0.12900000729132444,0.10000000474974513,True,4235.965650809835
ECC+ChaCha20,5000,3,1971,0.027600006433203816,0.12969999806955457,0.10059999476652592,True,4235.965650809835
ECC+ChaCha20,5000,3,1972,0.02750000567175448,0.12969999806955457,0.10090001160278916,True,4235.965650809835
ECC+ChaCha20,5000,3,1973,0.02749999111983925,0.12789999891538173,0.10019999172072858,True,4235.965650809835
ECC+ChaCha20,5000,3,1974,0.02720000338740647,0.12889999197795987,0.10069999552797526,True,4235.965650809835
ECC+ChaCha20,5000,3,1975,0.027400004910305142,0.12909999350085855,0.10039999324362725,True,4235.965650809835
ECC+ChaCha20,5000,3,1976,0.027699992642737925,0.13050000416114926,0.10140000085812062,True,4235.965650809835
ECC+ChaCha20,5000,3,1977,0.027399990358389914,0.12939999578520656,0.10059999476652592,True,4235.965650809835
ECC+ChaCha20,5000,3,1978,0.0278999941656366,0.12939999578520656,0.1007999962894246,True,4235.965650809835
ECC+ChaCha20,5000,3,1979,0.02749999111983925,0.1294999965466559,0.10099999781232327,True,4235.965650809835
ECC+ChaCha20,5000,3,1980,0.02749999111983925,0.1286000042455271,0.10010000551119447,True,4235.965650809835
ECC+ChaCha20,5000,3,1981,0.02929999027401209,0.13869999384041876,0.10229999315924942,True,4235.965650809835
ECC+ChaCha20,5000,3,1982,0.028700000257231295,0.13899999612476677,0.10159998782910407,True,4235.965650809835
ECC+ChaCha20,5000,3,1983,0.028599999495781958,0.13089999265503138,0.10009999095927924,True,4235.965650809835
ECC+ChaCha20,5000,3,1984,0.0278999941656366,0.13089999265503138,0.10089999705087394,True,4235.965650809835
ECC+ChaCha20,5000,3,1985,0.027599991881288588,0.13040000339969993,0.10059999476652592,True,4235.965650809835
ECC+ChaCha20,5000,3,1986,0.027700007194653153,0.13070000568404794,0.10090001160278916,True,4235.965650809835
ECC+ChaCha20,5000,3,1987,0.02780000795610249,0.1297000126214698,0.1002000062726438,True,4235.965650809835
ECC+ChaCha20,5000,3,1988,0.027599991881288588,0.12919999426230788,0.10059999476652592,True,4235.965650809835
ECC+ChaCha20,5000,3,1989,0.027599991881288588,0.12930000957567245,0.1019000046653673,True,4235.965650809835
ECC+ChaCha20,5000,3,1990,0.027799993404187262,0.12900000729132444,0.10099999781232327,True,4235.965650809835
ECC+ChaCha20,5000,3,1991,0.028299997211433947,0.1297999988310039,0.10059999476652592,True,4235.965650809835
ECC+ChaCha20,5000,3,1992,0.028000009479001164,0.1309000072069466,0.1016000023810193,True,4235.965650809835
ECC+ChaCha20,5000,3,1993,0.027299989596940577,0.12929999502375722,0.0999000039882958,True,4235.965650809835
ECC+ChaCha20,5000,3,1994,0.027299989596940577,0.12919999426230788,0.10069999552797526,True,4235.965650809835
ECC+ChaCha20,5000,3,1995,0.02750000567175448,0.12889999197795987,0.10029999248217791,True,4235.965650809835
ECC+ChaCha20,5000,3,1996,0.02710000262595713,0.12930000957567245,0.10059999476652592,True,4235.965650809835
ECC+ChaCha20,5000,3,1997,0.027299989596940577,0.13010000111535192,0.10070001007989049,True,4235.965650809835
ECC+ChaCha20,5000,3,1998,0.02710000262595713,0.12870000500697643,0.09970000246539712,True,4235.965650809835
ECC+ChaCha20,5000,3,1999,0.027400004910305142,0.12919999426230788,0.10090001160278916,True,4235.965650809835
ECC+ChaCha20,5000,3,2000,0.028099995688535273,0.12939999578520656,0.10029999248217791,True,4235.965650809835
ECC+ChaCha20,5000,3,2001,0.028000009479001164,0.12910000805277377,0.10050000855699182,True,4235.965650809835
ECC+ChaCha20,5000,3,2002,0.02710000262595713,0.12850000348407775,0.10069999552797526,True,4235.965650809835
ECC+ChaCha20,5000,3,2003,0.02720000338740647,0.1289999927394092,0.10070001007989049,True,4235.965650809835
ECC+ChaCha20,5000,3,2004,0.027400004910305142,0.1283999881707132,0.10059999476652592,True,4235.965650809835
ECC+ChaCha20,5000,3,2005,0.02749999111983925,0.12919999426230788,0.10019999172072858,True,4235.965650809835
ECC+ChaCha20,5000,3,2006,0.027299989596940577,0.12880000576842576,0.10060000931844115,True,4235.965650809835
ECC+ChaCha20,5000,3,2007,0.027699992642737925,0.12880000576842576,0.10040000779554248,True,4235.965650809835
ECC+ChaCha20,5000,3,2008,0.027299989596940577,0.1292000088142231,0.10099999781232327,True,4235.965650809835
ECC+ChaCha20,5000,3,2009,0.027600006433203816,0.12830000196117908,0.10099999781232327,True,4235.965650809835
ECC+ChaCha20,5000,3,2010,0.027600006433203816,0.12930000957567245,0.18149999959859997,True,4235.965650809835
ECC+ChaCha20,5000,3,2011,0.08110000635497272,0.7206000009318814,0.20290000247769058,True,4235.965650809835
ECC+ChaCha20,5000,3,2012,0.05329999839887023,0.17529999604448676,0.115999995614402,True,4235.965650809835
ECC+ChaCha20,5000,3,2013,0.05119999696034938,0.17389999993611127,0.11159999121446162,True,4235.965650809835
ECC+ChaCha20,5000,3,2014,0.03749999450519681,0.14180000289343297,0.1049999991664663,True,4235.965650809835
ECC+ChaCha20,5000,3,2015,0.030099996365606785,0.1331999956164509,0.10210000618826598,True,4235.965650809835
ECC+ChaCha20,5000,3,2016,0.02920000406447798,0.13290000788401812,0.1019000046653673,True,4235.965650809835
ECC+ChaCha20,5000,3,2017,0.028799986466765404,0.13020000187680125,0.10080001084133983,True,4235.965650809835
ECC+ChaCha20,5000,3,2018,0.028599999495781958,0.12939999578520656,0.10089999705087394,True,4235.965650809835
ECC+ChaCha20,5000,3,2019,0.030199997127056122,0.13329999637790024,0.1019000046653673,True,4235.965650809835
ECC+ChaCha20,5000,3,2020,0.06299999949987978,0.19979999342467636,0.11819999781437218,True,4235.965650809835
ECC+ChaCha20,5000,3,2021,0.03170000854879618,0.1416000013705343,0.10630000906530768,True,4235.965650809835
ECC+ChaCha20,5000,3,2022,0.11020000965800136,0.4371999966679141,0.294700002996251,True,4235.965650809835
ECC+ChaCha20,5000,3,2023,0.043199994252063334,0.2297999890288338,0.2911999908974394,True,4235.965650809835
ECC+ChaCha20,5000,3,2024,0.03399999695830047,0.1452000142307952,0.10729998757597059,True,4235.965650809835
ECC+ChaCha20,5000,3,2025,0.029699993319809437,0.13240000407677144,0.1024999946821481,True,4235.965650809835
ECC+ChaCha20,5000,3,2026,0.035899996873922646,0.14689999807160348,0.1053000014508143,True,4235.965650809835
ECC+ChaCha20,5000,3,2027,0.02920000406447798,0.1303000026382506,0.0999999901978299,True,4235.965650809835
ECC+ChaCha20,5000,3,2028,0.032500000088475645,0.14689999807160348,0.10429999383632094,True,4235.965650809835
ECC+ChaCha20,5000,3,2029,0.02920000406447798,0.12980001338291913,0.10109999857377261,True,4235.965650809835
ECC+ChaCha20,5000,3,2030,0.03579999611247331,0.14170000213198364,0.10289999772794545,True,4235.965650809835
ECC+ChaCha20,5000,3,2031,0.04069998976774514,0.15669999993406236,0.10849999671336263,True,4235.965650809835
ECC+ChaCha20,5000,3,2032,0.03460000152699649,0.14390000433195382,0.10220000694971532,True,4235.965650809835
ECC+ChaCha20,5000,3,2033,0.028800001018680632,0.1281000004382804,0.10000000474974513,True,4235.965650809835
ECC+ChaCha20,5000,3,2034,0.03200001083314419,0.1483000087318942,0.10570000449661165,True,4235.965650809835
ECC+ChaCha20,5000,3,2035,0.02950000634882599,0.1320000010309741,0.10199999087490141,True,4235.965650809835
ECC+ChaCha20,5000,3,2036,0.02849999873433262,0.13110000872984529,0.10119999933522195,True,4235.965650809835
ECC+ChaCha20,5000,3,2037,0.036999990697950125,0.13519999629352242,0.10170000314246863,True,4235.965650809835
ECC+ChaCha20,5000,3,2038,0.03950000973418355,0.14879999798722565,0.10620000830385834,True,4235.965650809835
ECC+ChaCha20,5000,3,2039,0.029799994081258774,0.13800000306218863,0.10210000618826598,True,4235.965650809835
ECC+ChaCha20,5000,3,2040,0.028399997972883284,0.1286000042455271,0.10140000085812062,True,4235.965650809835
ECC+ChaCha20,5000,3,2041,0.033200005418621004,0.13920001219958067,0.10320000001229346,True,4235.965650809835
ECC+ChaCha20,5000,3,2042,0.030800001695752144,0.13869999384041876,0.1036000030580908,True,4235.965650809835
ECC+ChaCha20,5000,3,2043,0.03680000372696668,0.14209999062586576,0.10259999544359744,True,4235.965650809835
ECC+ChaCha20,5000,3,2044,0.030199997127056122,0.13559999933931977,0.10210000618826598,True,4235.965650809835
ECC+ChaCha20,5000,3,2045,0.02849999873433262,0.1387999946018681,0.10080001084133983,True,4235.965650809835
ECC+ChaCha20,5000,3,2046,0.03160000778734684,0.1328999933321029,0.10149998706765473,True,4235.965650809835
ECC+ChaCha20,5000,3,2047,0.030700000934302807,0.13519999629352242,0.10220000694971532,True,4235.965650809835
ECC+ChaCha20,5000,3,2048,0.02950000634882599,0.13329999637790024,0.10220000694971532,True,4235.965650809835
ECC+ChaCha20,5000,3,2049,0.035599994589574635,0.14099999680183828,0.10320000001229346,True,4235.965650809835
ECC+ChaCha20,5000,3,2050,0.03310000465717167,0.14869999722577631,0.1041999930748716,True,4235.965650809835
ECC+ChaCha20,5000,3,2051,0.029100003303028643,0.1331999956164509,0.1016999885905534,True,4235.965650809835
ECC+ChaCha20,5000,3,2052,0.030199997127056122,0.13429998944047838,0.10109999857377261,True,4235.965650809835
ECC+ChaCha20,5000,3,2053,0.028700000257231295,0.1326000055996701,0.10150000161956996,True,4235.965650809835
ECC+ChaCha20,5000,3,2054,0.07760000880807638,0.29429999995045364,0.2035999932559207,True,4235.965650809835
ECC+ChaCha20,5000,3,2055,0.0577000027988106,0.1742999884299934,0.11239999730605632,True,4235.965650809835
ECC+ChaCha20,5000,3,2056,0.035899996873922646,0.14010000450070947,0.10380000458098948,True,4235.965650809835
ECC+ChaCha20,5000,3,2057,0.03560000914148986,0.139000010676682,0.10389999079052359,True,4235.965650809835
ECC+ChaCha20,5000,3,2058,0.0315000070258975,0.1362000039080158,0.10570000449661165,True,4235.965650809835
ECC+ChaCha20,5000,3,2059,0.030899987905286252,0.13630000466946512,0.10740000288933516,True,4235.965650809835
ECC+ChaCha20,5000,3,2060,0.031800009310245514,0.1385000068694353,0.10619999375194311,True,4235.965650809835
ECC+ChaCha20,5000,3,2061,0.03199999628122896,0.13949999993201345,0.10600000678095967,True,4235.965650809835
ECC+ChaCha20,5000,3,2062,0.03229999856557697,0.13350001245271415,0.10150000161956996,True,4235.965650809835
ECC+ChaCha20,5000,3,2063,0.02819999644998461,0.13020000187680125,0.1007999962894246,True,4235.965650809835
ECC+ChaCha20,5000,3,2064,0.027599991881288588,0.1289999927394092,0.10119999933522195,True,4235.965650809835
ECC+ChaCha20,5000,3,2065,0.027900008717551827,0.12910000805277377,0.10089999705087394,True,4235.965650809835
ECC+ChaCha20,5000,3,2066,0.027699992642737925,0.12900000729132444,0.10050000855699182,True,4235.965650809835
ECC+ChaCha20,5000,3,2067,0.027600006433203816,0.12900000729132444,0.10089999705087394,True,4235.965650809835
ECC+ChaCha20,5000,3,2068,0.02720000338740647,0.12939999578520656,0.10059999476652592,True,4235.965650809835
ECC+ChaCha20,5000,3,2069,0.027400004910305142,0.12929999502375722,0.10080001084133983,True,4235.965650809835
ECC+ChaCha20,5000,3,2070,0.028099995688535273,0.1289999927394092,0.10209999163635075,True,4235.965650809835
ECC+ChaCha20,5000,3,2071,0.02749999111983925,0.1331999956164509,0.10280001151841134,True,4235.965650809835
ECC+ChaCha20,5000,3,2072,0.028399997972883284,0.12879999121651053,0.10039999324362725,True,4235.965650809835
ECC+ChaCha20,5000,3,2073,0.027699992642737925,0.13000000035390258,0.1010000123642385,True,4235.965650809835
ECC+ChaCha20,5000,3,2074,0.027700007194653153,0.1286000042455271,0.10070001007989049,True,4235.965650809835
ECC+ChaCha20,5000,3,2075,0.027700007194653153,0.12910000805277377,0.10040000779554248,True,4235.965650809835
ECC+ChaCha20,5000,3,2076,0.027399990358389914,0.12850000348407775,0.10099999781232327,True,4235.965650809835
ECC+ChaCha20,5000,3,2077,0.027400004910305142,0.1373999984934926,0.10150000161956996,True,4235.965650809835
ECC+ChaCha20,5000,3,2078,0.028099995688535273,0.12900000729132444,0.10099999781232327,True,4235.965650809835
ECC+ChaCha20,5000,3,2079,0.027699992642737925,0.12909999350085855,0.10059999476652592,True,4235.965650809835
ECC+ChaCha20,5000,3,2080,0.027600006433203816,0.1294999965466559,0.10099999781232327,True,4235.965650809835
ECC+ChaCha20,5000,3,2081,0.028600014047697186,0.13220000255387276,0.10230000771116465,True,4235.965650809835
ECC+ChaCha20,5000,3,2082,0.02889998722821474,0.13139999646227807,0.10239999392069876,True,4235.965650809835
ECC+ChaCha20,5000,3,2083,0.029199989512562752,0.13120000949129462,0.10130000009667128,True,4235.965650809835
ECC+ChaCha20,5000,3,2084,0.028299997211433947,0.16719999257475138,0.10949998977594078,True,4235.965650809835
ECC+ChaCha20,5000,3,2085,0.03159999323543161,0.13499999477062374,0.10349998774472624,True,4235.965650809835
ECC+ChaCha20,5000,3,2086,0.0281000102404505,0.13120000949129462,0.10130000009667128,True,4235.965650809835
ECC+ChaCha20,5000,3,2087,0.028700000257231295,0.13359999866224825,0.12080000306013972,True,4235.965650809835
ECC+ChaCha20,5000,3,2088,0.02950000634882599,0.1317000132985413,0.10140000085812062,True,4235.965650809835
ECC+ChaCha20,5000,3,2089,0.027600006433203816,0.13089999265503138,0.10140000085812062,True,4235.965650809835
ECC+ChaCha20,5000,3,2090,0.027700007194653153,0.13049998960923404,0.10189999011345208,True,4235.965650809835
ECC+ChaCha20,5000,3,2091,0.02749999111983925,0.12909999350085855,0.10089999705087394,True,4235.965650809835
ECC+ChaCha20,5000,3,2092,0.027799993404187262,0.13040000339969993,0.10089999705087394,True,4235.965650809835
ECC+ChaCha20,5000,3,2093,0.027600006433203816,0.13000000035390258,0.10109999857377261,True,4235.965650809835
ECC+ChaCha20,5000,3,2094,0.027600006433203816,0.12870000500697643,0.10139998630620539,True,4235.965650809835
ECC+ChaCha20,5000,3,2095,0.02849999873433262,0.13099999341648072,0.10119999933522195,True,4235.965650809835
ECC+ChaCha20,5000,3,2096,0.0281000102404505,0.13020000187680125,0.10099999781232327,True,4235.965650809835
ECC+ChaCha20,5000,3,2097,0.027999994927085936,0.12989999959245324,0.10170000314246863,True,4235.965650809835
ECC+ChaCha20,5000,3,2098,0.028300011763349175,0.12989999959245324,0.10109999857377261,True,4235.965650809835
ECC+ChaCha20,5000,3,2099,0.027799993404187262,0.1297999988310039,0.0999999901978299,True,4235.965650809835
ECC+ChaCha20,5000,3,2100,0.0295999925583601,0.13070000568404794,0.10000000474974513,True,4235.965650809835
ECC+ChaCha20,5000,3,2101,0.027599991881288588,0.12799999967683107,0.10010000551119447,True,4235.965650809835
ECC+ChaCha20,5000,3,2102,0.02750000567175448,0.12900000729132444,0.1002000062726438,True,4235.965650809835
ECC+ChaCha20,5000,3,2103,0.027600006433203816,0.1306999911321327,0.10140000085812062,True,4235.965650809835
ECC+ChaCha20,5000,3,2104,0.0295999925583601,0.13070000568404794,0.10130000009667128,True,4235.965650809835
ECC+ChaCha20,5000,3,2105,0.029099988751113415,0.13190000026952475,0.10089999705087394,True,4235.965650809835
ECC+ChaCha20,5000,3,2106,0.029300004825927317,0.1314000110141933,0.10049999400507659,True,4235.965650809835
ECC+ChaCha20,5000,3,2107,0.028800001018680632,0.12980001338291913,0.10069999552797526,True,4235.965650809835
ECC+ChaCha20,5000,3,2108,0.028099995688535273,0.13349999790079892,0.10109999857377261,True,4235.965650809835
ECC+ChaCha20,5000,3,2109,0.027799993404187262,0.13830000534653664,0.0999000039882958,True,4235.965650809835
ECC+ChaCha20,5000,3,2110,0.027700007194653153,0.13010000111535192,0.10130000009667128,True,4235.965650809835
ECC+ChaCha20,5000,3,2111,0.027700007194653153,0.12969999806955457,0.1016000023810193,True,4235.965650809835
ECC+ChaCha20,5000,3,2112,0.027900008717551827,0.1292000088142231,0.10099999781232327,True,4235.965650809835
ECC+ChaCha20,5000,3,2113,0.02720000338740647,0.12849998893216252,0.16379999578930438,True,4235.965650809835
ECC+ChaCha20,5000,3,2114,0.04510000871960074,0.16089998825918883,0.11919999087695032,True,4235.965650809835
ECC+ChaCha20,5000,3,2115,0.03279998782090843,0.13490000856108963,0.10200000542681664,True,4235.965650809835
ECC+ChaCha20,5000,3,2116,0.02819999644998461,0.13240000407677144,0.10089999705087394,True,4235.965650809835
ECC+ChaCha20,5000,3,2117,0.027999994927085936,0.1303000026382506,0.10109999857377261,True,4235.965650809835
ECC+ChaCha20,5000,3,2118,0.04939999780617654,0.1357000001007691,0.10269999620504677,True,4235.965650809835
ECC+ChaCha20,5000,3,2119,0.027900008717551827,0.13040000339969993,0.10069999552797526,True,4235.965650809835
ECC+ChaCha20,5000,3,2120,0.028099995688535273,0.13050000416114926,0.10050000855699182,True,4235.965650809835
ECC+ChaCha20,5000,3,2121,0.027799993404187262,0.13050000416114926,0.10070001007989049,True,4235.965650809835
ECC+ChaCha20,5000,3,2122,0.027799993404187262,0.12969999806955457,0.10070001007989049,True,4235.965650809835
ECC+ChaCha20,5000,3,2123,0.02750000567175448,0.1294999965466559,0.10000000474974513,True,4235.965650809835
ECC+ChaCha20,5000,3,2124,0.02819999644998461,0.13000000035390258,0.10089999705087394,True,4235.965650809835
ECC+ChaCha20,5000,3,2125,0.027600006433203816,0.12859998969361186,0.09989998943638057,True,4235.965650809835
ECC+ChaCha20,5000,3,2126,0.027700007194653153,0.1306999911321327,0.10059999476652592,True,4235.965650809835
ECC+ChaCha20,5000,3,2127,0.027799993404187262,0.1303000026382506,0.1002000062726438,True,4235.965650809835
ECC+ChaCha20,5000,3,2128,0.027300004148855805,0.12939999578520656,0.10030000703409314,True,4235.965650809835
ECC+ChaCha20,5000,3,2129,0.027700007194653153,0.12939999578520656,0.10030000703409314,True,4235.965650809835
ECC+ChaCha20,5000,3,2130,0.027600006433203816,0.1303000026382506,0.10069999552797526,True,4235.965650809835
ECC+ChaCha20,5000,3,2131,0.02750000567175448,0.12900000729132444,0.09980000322684646,True,4235.965650809835
ECC+ChaCha20,5000,3,2132,0.027300004148855805,0.1297000126214698,0.10089999705087394,True,4235.965650809835
ECC+ChaCha20,5000,3,2133,0.027300004148855805,0.12880000576842576,0.09970000246539712,True,4235.965650809835
ECC+ChaCha20,5000,3,2134,0.027799993404187262,0.12959999730810523,0.12510000669863075,True,4235.965650809835
ECC+ChaCha20,5000,3,2135,0.03599999763537198,0.1640999980736524,0.10750000365078449,True,4235.965650809835
ECC+ChaCha20,5000,3,2136,0.03060000017285347,0.13320001016836613,0.1033000007737428,True,4235.965650809835
ECC+ChaCha20,5000,3,2137,0.02819999644998461,0.13129999570082873,0.10069999552797526,True,4235.965650809835
ECC+ChaCha20,5000,3,2138,0.02819999644998461,0.13000000035390258,0.10049999400507659,True,4235.965650809835
ECC+ChaCha20,5000,3,2139,0.027799993404187262,0.12840000272262841,0.10069999552797526,True,4235.965650809835
ECC+ChaCha20,5000,3,2140,0.027900008717551827,0.12989999959245324,0.10130000009667128,True,4235.965650809835
ECC+ChaCha20,5000,3,2141,0.027999994927085936,0.13800000306218863,0.10080001084133983,True,4235.965650809835
ECC+ChaCha20,5000,3,2142,0.028800001018680632,0.1303000026382506,0.1002000062726438,True,4235.965650809835
ECC+ChaCha20,5000,3,2143,0.02749999111983925,0.1303000026382506,0.14590000500902534,True,4235.965650809835
ECC+ChaCha20,5000,3,2144,0.05149999924469739,0.1664000010350719,0.10990000737365335,True,4235.965650809835
ECC+ChaCha20,5000,3,2145,0.03809999907389283,0.14229999214876443,0.10170000314246863,True,4235.965650809835
ECC+ChaCha20,5000,3,2146,0.029700007871724665,0.13500000932253897,0.10430000838823617,True,4235.965650809835
ECC+ChaCha20,5000,3,2147,0.041399995097890496,0.15969999367371202,0.10849999671336263,True,4235.965650809835
ECC+ChaCha20,5000,3,2148,0.0312999909510836,0.13749999925494194,0.10439999459777027,True,4235.965650809835
ECC+ChaCha20,5000,3,2149,0.02849999873433262,0.13270000636111945,0.10150000161956996,True,4235.965650809835
ECC+ChaCha20,5000,3,2150,0.0278999941656366,0.13070000568404794,0.10150000161956996,True,4235.965650809835
ECC+ChaCha20,5000,3,2151,0.027600006433203816,0.12940001033712178,0.10130000009667128,True,4235.965650809835
ECC+ChaCha20,5000,3,2152,0.027599991881288588,0.13000000035390258,0.10140000085812062,True,4235.965650809835
ECC+ChaCha20,5000,3,2153,0.02780000795610249,0.12940001033712178,0.10039999324362725,True,4235.965650809835
ECC+ChaCha20,5000,3,2154,0.027400004910305142,0.12930000957567245,0.10070001007989049,True,4235.965650809835
ECC+ChaCha20,5000,3,2155,0.027799993404187262,0.13000000035390258,0.10109999857377261,True,4235.965650809835
ECC+ChaCha20,5000,3,2156,0.02750000567175448,0.1294999965466559,0.10150000161956996,True,4235.965650809835
ECC+ChaCha20,5000,3,2157,0.027799993404187262,0.12959999730810523,0.10000000474974513,True,4235.965650809835
ECC+ChaCha20,5000,3,2158,0.027699992642737925,0.12959999730810523,0.10059999476652592,True,4235.965650809835
ECC+ChaCha20,5000,3,2159,0.027700007194653153,0.13050000416114926,0.10130000009667128,True,4235.965650809835
ECC+ChaCha20,5000,3,2160,0.027600006433203816,0.12880000576842576,0.10030000703409314,True,4235.965650809835
ECC+ChaCha20,5000,3,2161,0.027399990358389914,0.13010000111535192,0.10059999476652592,True,4235.965650809835
ECC+ChaCha20,5000,3,2162,0.027900008717551827,0.13130001025274396,0.10109999857377261,True,4235.965650809835
ECC+ChaCha20,5000,3,2163,0.0278999941656366,0.1303000026382506,0.10130000009667128,True,4235.965650809835
ECC+ChaCha20,5000,3,2164,0.027599991881288588,0.1303000026382506,0.10150000161956996,True,4235.965650809835
ECC+ChaCha20,5000,3,2165,0.027600006433203816,0.12879999121651053,0.10109999857377261,True,4235.965650809835
ECC+ChaCha20,5000,3,2166,0.027799993404187262,0.13010000111535192,0.10150000161956996,True,4235.965650809835
ECC+ChaCha20,5000,3,2167,0.0281000102404505,0.13080000644549727,0.10119999933522195,True,4235.965650809835
ECC+ChaCha20,5000,3,2168,0.027600006433203816,0.1294999965466559,0.10130000009667128,True,4235.965650809835
ECC+ChaCha20,5000,3,2169,0.02819999644998461,0.12989999959245324,0.16710000636521727,True,4235.965650809835
ECC+ChaCha20,5000,3,2170,0.03470000228844583,0.13360001321416348,0.1019000046653673,True,4235.965650809835
ECC+ChaCha20,5000,3,2171,0.029600007110275328,0.13100000796839595,0.1019000046653673,True,4235.965650809835
ECC+ChaCha20,5000,3,2172,0.02920000406447798,0.13179999950807542,0.10209999163635075,True,4235.965650809835
ECC+ChaCha20,5000,3,2173,0.02950000634882599,0.1449999981559813,0.10200000542681664,True,4235.965650809835
ECC+ChaCha20,5000,3,2174,0.031000003218650818,0.13299999409355223,0.10250000923406333,True,4235.965650809835
ECC+ChaCha20,5000,3,2175,0.030399998649954796,0.1328000071225688,0.10200000542681664,True,4235.965650809835
ECC+ChaCha20,5000,3,2176,0.029000002541579306,0.13089999265503138,0.10130000009667128,True,4235.965650809835
ECC+ChaCha20,5000,3,2177,0.029000002541579306,0.13109999417793006,0.0999000039882958,True,4235.965650809835
ECC+ChaCha20,5000,3,2178,0.02819999644998461,0.13049998960923404,0.10150000161956996,True,4235.965650809835
ECC+ChaCha20,5000,3,2179,0.02849999873433262,0.1297999988310039,0.10119999933522195,True,4235.965650809835
ECC+ChaCha20,5000,3,2180,0.028299997211433947,0.13079999189358205,0.10179998935200274,True,4235.965650809835
ECC+ChaCha20,5000,3,2181,0.027900008717551827,0.1289000065298751,0.10040000779554248,True,4235.965650809835
ECC+ChaCha20,5000,3,2182,0.028399997972883284,0.12910000805277377,0.10109999857377261,True,4235.965650809835
ECC+ChaCha20,5000,3,2183,0.02850001328624785,0.13010000111535192,0.1007999962894246,True,4235.965650809835
ECC+ChaCha20,5000,3,2184,0.02890000178012997,0.13010000111535192,0.10170000314246863,True,4235.965650809835
ECC+ChaCha20,5000,3,2185,0.028599999495781958,0.12939999578520656,0.1007999962894246,True,4235.965650809835
ECC+ChaCha20,5000,3,2186,0.029199989512562752,0.13050000416114926,0.10109999857377261,True,4235.965650809835
ECC+ChaCha20,5000,3,2187,0.02889998722821474,0.13110000872984529,0.10119999933522195,True,4235.965650809835
ECC+ChaCha20,5000,3,2188,0.02849999873433262,0.13159999798517674,0.10370000381954014,True,4235.965650809835
ECC+ChaCha20,5000,3,2189,0.028099995688535273,0.1297999988310039,0.10109999857377261,True,4235.965650809835
ECC+ChaCha20,5000,3,2190,0.028299997211433947,0.1306999911321327,0.10150000161956996,True,4235.965650809835
ECC+ChaCha20,5000,3,2191,0.028599999495781958,0.1306000049225986,0.10049999400507659,True,4235.965650809835
ECC+ChaCha20,5000,3,2192,0.028099995688535273,0.1303000026382506,0.10180000390391797,True,4235.965650809835
ECC+ChaCha20,5000,3,2193,0.02849999873433262,0.12989999959245324,0.10060000931844115,True,4235.965650809835
ECC+ChaCha20,5000,3,2194,0.02849999873433262,0.12929999502375722,0.10199999087490141,True,4235.965650809835
ECC+ChaCha20,5000,3,2195,0.0278999941656366,0.1289999927394092,0.10130000009667128,True,4235.965650809835
ECC+ChaCha20,5000,3,2196,0.027900008717551827,0.13010000111535192,0.10099999781232327,True,4235.965650809835
ECC+ChaCha20,5000,3,2197,0.027700007194653153,0.1286000042455271,0.10050000855699182,True,4235.965650809835
ECC+ChaCha20,5000,3,2198,0.02749999111983925,0.1286999904550612,0.1365999924018979,True,4235.965650809835
ECC+ChaCha20,5000,3,2199,0.03470000228844583,0.13530001160688698,0.1049999991664663,True,4235.965650809835
ECC+ChaCha20,5000,3,2200,0.028800001018680632,0.1311999949393794,0.10170000314246863,True,4235.965650809835
ECC+ChaCha20,5000,3,2201,0.028299997211433947,0.12960001186002046,0.10040000779554248,True,4235.965650809835
ECC+ChaCha20,5000,3,2202,0.028399997972883284,0.13099999341648072,0.10119999933522195,True,4235.965650809835
ECC+ChaCha20,5000,3,2203,0.028399997972883284,0.13000000035390258,0.1007999962894246,True,4235.965650809835
ECC+ChaCha20,5000,3,2204,0.028299997211433947,0.12919999426230788,0.10069999552797526,True,4235.965650809835
ECC+ChaCha20,5000,3,2205,0.027999994927085936,0.13899999612476677,0.10050000855699182,True,4235.965650809835
ECC+ChaCha20,5000,3,2206,0.030100010917522013,0.12969999806955457,0.10039999324362725,True,4235.965650809835
ECC+ChaCha20,5000,3,2207,0.02850001328624785,0.13040000339969993,0.10090001160278916,True,4235.965650809835
ECC+ChaCha20,5000,3,2208,0.027999994927085936,0.12959999730810523,0.10089999705087394,True,4235.965650809835
ECC+ChaCha20,5000,3,2209,0.02750000567175448,0.12969999806955457,0.10050000855699182,True,4235.965650809835
ECC+ChaCha20,5000,3,2210,0.027900008717551827,0.12919999426230788,0.10030000703409314,True,4235.965650809835
ECC+ChaCha20,5000,3,2211,0.027699992642737925,0.12900000729132444,0.10099999781232327,True,4235.965650809835
ECC+ChaCha20,5000,3,2212,0.02749999111983925,0.1286000042455271,0.10070001007989049,True,4235.965650809835
ECC+ChaCha20,5000,3,2213,0.02780000795610249,0.12980001338291913,0.10119999933522195,True,4235.965650809835
ECC+ChaCha20,5000,3,2214,0.02820001100189984,0.12969999806955457,0.10109999857377261,True,4235.965650809835
ECC+ChaCha20,5000,3,2215,0.02819999644998461,0.12910000805277377,0.10069999552797526,True,4235.965650809835
ECC+ChaCha20,5000,3,2216,0.027799993404187262,0.12919999426230788,0.10019999172072858,True,4235.965650809835
ECC+ChaCha20,5000,3,2217,0.027599991881288588,0.12889999197795987,0.10170000314246863,True,4235.965650809835
ECC+ChaCha20,5000,3,2218,0.02849999873433262,0.13079999189358205,0.10159998782910407,True,4235.965650809835
ECC+ChaCha20,5000,3,2219,0.0281000102404505,0.13120000949129462,0.10140000085812062,True,4235.965650809835
ECC+ChaCha20,5000,3,2220,0.028299997211433947,0.13050000416114926,0.10180000390391797,True,4235.965650809835
ECC+ChaCha20,5000,3,2221,0.027400004910305142,0.1289999927394092,0.09979998867493123,True,4235.965650809835
ECC+ChaCha20,5000,3,2222,0.0278999941656366,0.12959999730810523,0.10090001160278916,True,4235.965650809835
ECC+ChaCha20,5000,3,2223,0.027999994927085936,0.1286999904550612,0.09970000246539712,True,4235.965650809835
ECC+ChaCha20,5000,3,2224,0.02749999111983925,0.17830000433605164,0.10439999459777027,True,4235.965650809835
ECC+ChaCha20,5000,3,2225,0.031200004741549492,0.13219998800195754,0.10189999011345208,True,4235.965650809835
ECC+ChaCha20,5000,3,2226,0.027599991881288588,0.12939999578520656,0.10099999781232327,True,4235.965650809835
ECC+ChaCha20,5000,3,2227,0.027900008717551827,0.12940001033712178,0.14150000060908496,True,4235.965650809835
ECC+ChaCha20,5000,3,2228,0.041399995097890496,0.14769998961128294,0.10519998613744974,True,4235.965650809835
ECC+ChaCha20,5000,3,2229,0.042100000428035855,0.15500000154133886,0.10720000136643648,True,4235.965650809835
ECC+ChaCha20,5000,3,2230,0.04990000161342323,0.16730000788811594,0.11199999426025897,True,4235.965650809835
ECC+ChaCha20,5000,3,2231,0.032500000088475645,0.1399000029778108,0.10340000153519213,True,4235.965650809835
ECC+ChaCha20,5000,3,2232,0.027999994927085936,0.13099999341648072,0.1016999885905534,True,4235.965650809835
ECC+ChaCha20,5000,3,2233,0.0281000102404505,0.13010000111535192,0.10009999095927924,True,4235.965650809835
ECC+ChaCha20,5000,3,2234,0.027799993404187262,0.12929999502375722,0.10159998782910407,True,4235.965650809835
ECC+ChaCha20,5000,3,2235,0.02780000795610249,0.1292000088142231,0.10049999400507659,True,4235.965650809835
ECC+ChaCha20,5000,3,2236,0.02749999111983925,0.13440000475384295,0.10220000694971532,True,4235.965650809835
ECC+ChaCha20,5000,3,2237,0.028700000257231295,0.13240000407677144,0.10119999933522195,True,4235.965650809835
ECC+ChaCha20,5000,3,2238,0.029100003303028643,0.1314999972237274,0.10130000009667128,True,4235.965650809835
ECC+ChaCha20,5000,3,2239,0.028000009479001164,0.13020000187680125,0.10159998782910407,True,4235.965650809835
ECC+ChaCha20,5000,3,2240,0.02780000795610249,0.13000000035390258,0.10130000009667128,True,4235.965650809835
ECC+ChaCha20,5000,3,2241,0.0278999941656366,0.12909999350085855,0.10140000085812062,True,4235.965650809835
ECC+ChaCha20,5000,3,2242,0.027600006433203816,0.12930000957567245,0.10069999552797526,True,4235.965650809835
ECC+ChaCha20,5000,3,2243,0.027399990358389914,0.12900000729132444,0.10049999400507659,True,4235.965650809835
ECC+ChaCha20,5000,3,2244,0.027599991881288588,0.1294999965466559,0.10099999781232327,True,4235.965650809835
ECC+ChaCha20,5000,3,2245,0.02750000567175448,0.1292000088142231,0.10000000474974513,True,4235.965650809835
ECC+ChaCha20,5000,3,2246,0.02750000567175448,0.1289000065298751,0.10010000551119447,True,4235.965650809835
ECC+ChaCha20,5000,3,2247,0.027400004910305142,0.12910000805277377,0.10089999705087394,True,4235.965650809835
ECC+ChaCha20,5000,3,2248,0.027599991881288588,0.13020000187680125,0.10130000009667128,True,4235.965650809835
ECC+ChaCha20,5000,3,2249,0.02780000795610249,0.12930000957567245,0.10030000703409314,True,4235.965650809835
ECC+ChaCha20,5000,3,2250,0.027399990358389914,0.12820000119972974,0.10030000703409314,True,4235.965650809835
ECC+ChaCha20,5000,3,2251,0.027300004148855805,0.1292000088142231,0.10080001084133983,True,4235.965650809835
ECC+ChaCha20,5000,3,2252,0.027399990358389914,0.12850000348407775,0.10030000703409314,True,4235.965650809835
ECC+ChaCha20,5000,3,2253,0.027600006433203816,0.1286999904550612,0.10039999324362725,True,4235.965650809835
ECC+ChaCha20,5000,3,2254,0.05709999823011458,0.18879999697674066,0.11480000102892518,True,4235.965650809835
ECC+ChaCha20,5000,3,2255,0.049299997044727206,0.16630000027362257,0.11180000728927553,True,4235.965650809835
ECC+ChaCha20,5000,3,2256,0.03640000068116933,0.14569998893421143,0.10819999442901462,True,4235.965650809835
ECC+ChaCha20,5000,3,2257,0.03170000854879618,0.14110001211520284,0.10800000745803118,True,4235.965650809835
ECC+ChaCha20,5000,3,2258,0.03060000017285347,0.13500000932253897,0.10509999992791563,True,4235.965650809835
ECC+ChaCha20,5000,3,2259,0.03329999162815511,0.14059999375604093,0.10730000212788582,True,4235.965650809835
ECC+ChaCha20,5000,3,2260,0.03260000084992498,0.14810000720899552,0.10590000601951033,True,4235.965650809835
ECC+ChaCha20,5000,3,2261,0.04329999501351267,0.16650000179652125,0.11920000542886555,True,4235.965650809835
ECC+ChaCha20,5000,3,2262,0.031199990189634264,0.13899999612476677,0.10519998613744974,True,4235.965650809835
ECC+ChaCha20,5000,3,2263,0.029800008633174002,0.13460000627674162,0.10340000153519213,True,4235.965650809835
ECC+ChaCha20,5000,3,2264,0.03609999839682132,0.1429999974789098,0.10309999925084412,True,4235.965650809835
ECC+ChaCha20,5000,3,2265,0.03890000516548753,0.1644000003580004,0.10930000280495733,True,4235.965650809835
ECC+ChaCha20,5000,3,2266,0.029999995604157448,0.13390000094659626,0.10299999848939478,True,4235.965650809835
ECC+ChaCha20,5000,3,2267,0.028700000257231295,0.13190000026952475,0.10230000771116465,True,4235.965650809835
ECC+ChaCha20,5000,3,2268,0.02849999873433262,0.1379000023007393,0.10180000390391797,True,4235.965650809835
ECC+ChaCha20,5000,3,2269,0.028800001018680632,0.13050000416114926,0.1007999962894246,True,4235.965650809835
ECC+ChaCha20,5000,3,2270,0.028299997211433947,0.13050000416114926,0.10109999857377261,True,4235.965650809835
ECC+ChaCha20,5000,3,2271,0.028099995688535273,0.1297999988310039,0.10050000855699182,True,4235.965650809835
ECC+ChaCha20,5000,3,2272,0.027799993404187262,0.13000000035390258,0.10200000542681664,True,4235.965650809835
ECC+ChaCha20,5000,3,2273,0.028099995688535273,0.1297999988310039,0.10070001007989049,True,4235.965650809835
ECC+ChaCha20,5000,3,2274,0.028000009479001164,0.1317000132985413,0.10069999552797526,True,4235.965650809835
ECC+ChaCha20,5000,3,2275,0.0278999941656366,0.12969999806955457,0.10119999933522195,True,4235.965650809835
ECC+ChaCha20,5000,3,2276,0.0278999941656366,0.12849998893216252,0.1007999962894246,True,4235.965650809835
ECC+ChaCha20,5000,3,2277,0.027599991881288588,0.12850000348407775,0.10119999933522195,True,4235.965650809835
ECC+ChaCha20,5000,3,2278,0.027699992642737925,0.12919999426230788,0.10039999324362725,True,4235.965650809835
ECC+ChaCha20,5000,3,2279,0.027799993404187262,0.12989999959245324,0.1399000029778108,True,4235.965650809835
ECC+ChaCha20,5000,3,2280,0.032500000088475645,0.13870000839233398,0.10390000534243882,True,4235.965650809835
ECC+ChaCha20,5000,3,2281,0.028700000257231295,0.13129999570082873,0.10720000136643648,True,4235.965650809835
ECC+ChaCha20,5000,3,2282,0.029800008633174002,0.13240000407677144,0.10159998782910407,True,4235.965650809835
ECC+ChaCha20,5000,3,2283,0.02990000939462334,0.13290000788401812,0.10220000694971532,True,4235.965650809835
ECC+ChaCha20,5000,3,2284,0.02820001100189984,0.1297999988310039,0.10059999476652592,True,4235.965650809835
ECC+ChaCha20,5000,3,2285,0.027699992642737925,0.12989999959245324,0.10279999696649611,True,4235.965650809835
ECC+ChaCha20,5000,3,2286,0.027399990358389914,0.12850000348407775,0.10000000474974513,True,4235.965650809835
ECC+ChaCha20,5000,3,2287,0.027599991881288588,0.1303000026382506,0.10059999476652592,True,4235.965650809835
ECC+ChaCha20,5000,3,2288,0.027300004148855805,0.12959999730810523,0.10089999705087394,True,4235.965650809835
ECC+ChaCha20,5000,3,2289,0.027399990358389914,0.13050000416114926,0.10080001084133983,True,4235.965650809835
ECC+ChaCha20,5000,3,2290,0.0278999941656366,0.12919999426230788,0.10039999324362725,True,4235.965650809835
ECC+ChaCha20,5000,3,2291,0.02749999111983925,0.12939999578520656,0.10099999781232327,True,4235.965650809835
ECC+ChaCha20,5000,3,2292,0.027300004148855805,0.12940001033712178,0.10089999705087394,True,4235.965650809835
ECC+ChaCha20,5000,3,2293,0.027000001864507794,0.12830000196117908,0.0999000039882958,True,4235.965650809835
ECC+ChaCha20,5000,3,2294,0.027300004148855805,0.1297999988310039,0.10089999705087394,True,4235.965650809835
ECC+ChaCha20,5000,3,2295,0.027300004148855805,0.12950001109857112,0.10150000161956996,True,4235.965650809835
ECC+ChaCha20,5000,3,2296,0.02720000338740647,0.13050000416114926,0.10099999781232327,True,4235.965650809835
ECC+ChaCha20,5000,3,2297,0.02720000338740647,0.12940001033712178,0.10040000779554248,True,4235.965650809835
ECC+ChaCha20,5000,3,2298,0.027699992642737925,0.12969999806955457,0.10109999857377261,True,4235.965650809835
ECC+ChaCha20,5000,3,2299,0.027999994927085936,0.13040000339969993,0.10140000085812062,True,4235.965650809835
ECC+ChaCha20,5000,3,2300,0.027600006433203816,0.13529999705497175,0.10180000390391797,True,4235.965650809835
ECC+ChaCha20,5000,3,2301,0.02819999644998461,0.13010000111535192,0.10109999857377261,True,4235.965650809835
ECC+ChaCha20,5000,3,2302,0.027799993404187262,0.13010000111535192,0.10199999087490141,True,4235.965650809835
ECC+ChaCha20,5000,3,2303,0.02750000567175448,0.12850000348407775,0.10109999857377261,True,4235.965650809835
ECC+ChaCha20,5000,3,2304,0.02750000567175448,0.12889999197795987,0.10049999400507659,True,4235.965650809835
ECC+ChaCha20,5000,3,2305,0.027600006433203816,0.12909999350085855,0.10059999476652592,True,4235.965650809835
ECC+ChaCha20,5000,3,2306,0.02749999111983925,0.12910000805277377,0.10039999324362725,True,4235.965650809835
ECC+ChaCha20,5000,3,2307,0.027000001864507794,0.12840000272262841,0.10050000855699182,True,4235.965650809835
ECC+ChaCha20,5000,3,2308,0.027399990358389914,0.1289999927394092,0.1007999962894246,True,4235.965650809835
ECC+ChaCha20,5000,3,2309,0.03569999535102397,0.1390999968862161,0.10199999087490141,True,4235.965650809835
ECC+ChaCha20,5000,3,2310,0.028700000257231295,0.1297999988310039,0.10080001084133983,True,4235.965650809835
ECC+ChaCha20,5000,3,2311,0.03959999594371766,0.14949998876545578,0.10630000906530768,True,4235.965650809835
ECC+ChaCha20,5000,3,2312,0.03090000245720148,0.13339999713934958,0.10259999544359744,True,4235.965650809835
ECC+ChaCha20,5000,3,2313,0.02890000178012997,0.1328000071225688,0.10220000694971532,True,4235.965650809835
ECC+ChaCha20,5000,3,2314,0.029400005587376654,0.13210000179242343,0.10859999747481197,True,4235.965650809835
ECC+ChaCha20,5000,3,2315,0.028399997972883284,0.13300000864546746,0.1016000023810193,True,4235.965650809835
ECC+ChaCha20,5000,3,2316,0.029000002541579306,0.1326000055996701,0.10140000085812062,True,4235.965650809835
ECC+ChaCha20,5000,3,2317,0.02819999644998461,0.1311999949393794,0.10110001312568784,True,4235.965650809835
ECC+ChaCha20,5000,3,2318,0.027599991881288588,0.1303000026382506,0.10070001007989049,True,4235.965650809835
ECC+ChaCha20,5000,3,2319,0.027700007194653153,0.13000000035390258,0.1007999962894246,True,4235.965650809835
ECC+ChaCha20,5000,3,2320,0.027900008717551827,0.12969999806955457,0.10099999781232327,True,4235.965650809835
ECC+ChaCha20,5000,3,2321,0.02749999111983925,0.13050000416114926,0.10039999324362725,True,4235.965650809835
ECC+ChaCha20,5000,3,2322,0.02819999644998461,0.1300999865634367,0.10059999476652592,True,4235.965650809835
ECC+ChaCha20,5000,3,2323,0.028000009479001164,0.1289000065298751,0.10089999705087394,True,4235.965650809835
ECC+ChaCha20,5000,3,2324,0.027599991881288588,0.1286999904550612,0.10000000474974513,True,4235.965650809835
ECC+ChaCha20,5000,3,2325,0.028399997972883284,0.13120000949129462,0.1019000046653673,True,4235.965650809835
ECC+ChaCha20,5000,3,2326,0.02819999644998461,0.12909999350085855,0.10109999857377261,True,4235.965650809835
ECC+ChaCha20,5000,3,2327,0.0278999941656366,0.13000000035390258,0.10520000068936497,True,4235.965650809835
ECC+ChaCha20,5000,3,2328,0.03339999238960445,0.13780000153928995,0.10269999620504677,True,4235.965650809835
ECC+ChaCha20,5000,3,2329,0.02820001100189984,0.13130001025274396,0.10040000779554248,True,4235.965650809835
ECC+ChaCha20,5000,3,2330,0.02780000795610249,0.13190000026952475,0.10189999011345208,True,4235.965650809835
ECC+ChaCha20,5000,3,2331,0.028299997211433947,0.1303000026382506,0.10060000931844115,True,4235.965650809835
ECC+ChaCha20,5000,3,2332,0.027799993404187262,0.13590000162366778,0.10170000314246863,True,4235.965650809835
ECC+ChaCha20,5000,3,2333,0.02849999873433262,0.13089999265503138,0.10029999248217791,True,4235.965650809835
ECC+ChaCha20,5000,3,2334,0.027400004910305142,0.12959999730810523,0.10040000779554248,True,4235.965650809835
ECC+ChaCha20,5000,3,2335,0.027999994927085936,0.13019998732488602,0.10039999324362725,True,4235.965650809835
ECC+ChaCha20,5000,3,2336,0.027699992642737925,0.1289999927394092,0.10049999400507659,True,4235.965650809835
ECC+ChaCha20,5000,3,2337,0.028099995688535273,0.12919999426230788,0.10150000161956996,True,4235.965650809835
ECC+ChaCha20,5000,3,2338,0.027599991881288588,0.13000000035390258,0.10060000931844115,True,4235.965650809835
ECC+ChaCha20,5000,3,2339,0.027799993404187262,0.16260000120382756,0.10449999535921961,True,4235.965650809835
ECC+ChaCha20,5000,3,2340,0.02950000634882599,0.1317000132985413,0.10140000085812062,True,4235.965650809835
ECC+ChaCha20,5000,3,2341,0.030300012440420687,0.13580000086221844,0.10189999011345208,True,4235.965650809835
ECC+ChaCha20,5000,3,2342,0.02890000178012997,0.13089999265503138,0.10109999857377261,True,4235.965650809835
ECC+ChaCha20,5000,3,2343,0.027599991881288588,0.1289999927394092,0.10049999400507659,True,4235.965650809835
ECC+ChaCha20,5000,3,2344,0.027600006433203816,0.12910000805277377,0.10050000855699182,True,4235.965650809835
ECC+ChaCha20,5000,3,2345,0.027600006433203816,0.12909999350085855,0.09980000322684646,True,4235.965650809835
ECC+ChaCha20,5000,3,2346,0.02780000795610249,0.12969999806955457,0.10119999933522195,True,4235.965650809835
ECC+ChaCha20,5000,3,2347,0.027599991881288588,0.1294999965466559,0.10019999172072858,True,4235.965650809835
ECC+ChaCha20,5000,3,2348,0.027600006433203816,0.12929999502375722,0.10039999324362725,True,4235.965650809835
ECC+ChaCha20,5000,3,2349,0.02750000567175448,0.1294999965466559,0.10030000703409314,True,4235.965650809835
ECC+ChaCha20,5000,3,2350,0.027299989596940577,0.12959999730810523,0.1007999962894246,True,4235.965650809835
ECC+ChaCha20,5000,3,2351,0.02750000567175448,0.1289999927394092,0.10069999552797526,True,4235.965650809835
ECC+ChaCha20,5000,3,2352,0.02749999111983925,0.1286000042455271,0.10130000009667128,True,4235.965650809835
ECC+ChaCha20,5000,3,2353,0.027599991881288588,0.12989999959245324,0.10099999781232327,True,4235.965650809835
ECC+ChaCha20,5000,3,2354,0.02750000567175448,0.1292000088142231,0.1002000062726438,True,4235.965650809835
ECC+ChaCha20,5000,3,2355,0.027799993404187262,0.1286999904550612,0.10089999705087394,True,4235.965650809835
ECC+ChaCha20,5000,3,2356,0.027699992642737925,0.13040000339969993,0.10099999781232327,True,4235.965650809835
ECC+ChaCha20,5000,3,2357,0.027600006433203816,0.1292000088142231,0.1007999962894246,True,4235.965650809835
ECC+ChaCha20,5000,3,2358,0.027399990358389914,0.12939999578520656,0.10119999933522195,True,4235.965650809835
ECC+ChaCha20,5000,3,2359,0.027799993404187262,0.12789999891538173,0.0999000039882958,True,4235.965650809835
ECC+ChaCha20,5000,3,2360,0.02749999111983925,0.13020000187680125,0.10110001312568784,True,4235.965650809835
ECC+ChaCha20,5000,3,2361,0.02780000795610249,0.1309000072069466,0.10170000314246863,True,4235.965650809835
ECC+ChaCha20,5000,3,2362,0.02750000567175448,0.13029998808633536,0.10130000009667128,True,4235.965650809835
ECC+ChaCha20,5000,3,2363,0.027600006433203816,0.12919999426230788,0.0999999901978299,True,4235.965650809835
ECC+ChaCha20,5000,3,2364,0.027399990358389914,0.13490000856108963,0.10429999383632094,True,4235.965650809835
ECC+ChaCha20,5000,3,2365,0.0281000102404505,0.13110000872984529,0.10109999857377261,True,4235.965650809835
ECC+ChaCha20,5000,3,2366,0.02750000567175448,0.12969999806955457,0.10039999324362725,True,4235.965650809835
ECC+ChaCha20,5000,3,2367,0.027699992642737925,0.12939999578520656,0.10029999248217791,True,4235.965650809835
ECC+ChaCha20,5000,3,2368,0.027299989596940577,0.12929999502375722,0.10029999248217791,True,4235.965650809835
ECC+ChaCha20,5000,3,2369,0.02749999111983925,0.12910000805277377,0.1002000062726438,True,4235.965650809835
ECC+ChaCha20,5000,3,2370,0.027400004910305142,0.12969999806955457,0.10060000931844115,True,4235.965650809835
ECC+ChaCha20,5000,3,2371,0.027399990358389914,0.1289999927394092,0.10010000551119447,True,4235.965650809835
ECC+ChaCha20,5000,3,2372,0.027399990358389914,0.12919999426230788,0.10150000161956996,True,4235.965650809835
ECC+ChaCha20,5000,3,2373,0.027400004910305142,0.12820000119972974,0.10000000474974513,True,4235.965650809835
ECC+ChaCha20,5000,3,2374,0.027000001864507794,0.1286999904550612,0.10029999248217791,True,4235.965650809835
ECC+ChaCha20,5000,3,2375,0.027299989596940577,0.1289000065298751,0.15859999984968454,True,4235.965650809835
ECC+ChaCha20,5000,3,2376,0.03369999467395246,0.13749999925494194,0.10309999925084412,True,4235.965650809835
ECC+ChaCha20,5000,3,2377,0.028700000257231295,0.13159999798517674,0.10149998706765473,True,4235.965650809835
ECC+ChaCha20,5000,3,2378,0.0278999941656366,0.12959999730810523,0.10070001007989049,True,4235.965650809835
ECC+ChaCha20,5000,3,2379,0.02750000567175448,0.12940001033712178,0.10130000009667128,True,4235.965650809835
ECC+ChaCha20,5000,3,2380,0.027700007194653153,0.12919999426230788,0.10029999248217791,True,4235.965650809835
ECC+ChaCha20,5000,3,2381,0.027799993404187262,0.13109999417793006,0.10099999781232327,True,4235.965650809835
ECC+ChaCha20,5000,3,2382,0.027699992642737925,0.1297999988310039,0.10049999400507659,True,4235.965650809835
ECC+ChaCha20,5000,3,2383,0.0278999941656366,0.12880000576842576,0.10099999781232327,True,4235.965650809835
ECC+ChaCha20,5000,3,2384,0.027699992642737925,0.12840000272262841,0.10050000855699182,True,4235.965650809835
ECC+ChaCha20,5000,3,2385,0.02720000338740647,0.12930000957567245,0.10059999476652592,True,4235.965650809835
ECC+ChaCha20,5000,3,2386,0.02720000338740647,0.1281000004382804,0.10030000703409314,True,4235.965650809835
ECC+ChaCha20,5000,3,2387,0.02720000338740647,0.12820000119972974,0.10009999095927924,True,4235.965650809835
ECC+ChaCha20,5000,3,2388,0.027600006433203816,0.12840000272262841,0.09980000322684646,True,4235.965650809835
ECC+ChaCha20,5000,3,2389,0.027700007194653153,0.12930000957567245,0.10109999857377261,True,4235.965650809835
ECC+ChaCha20,5000,3,2390,0.027300004148855805,0.12799999967683107,0.10000000474974513,True,4235.965650809835
ECC+ChaCha20,5000,3,2391,0.027700007194653153,0.12940001033712178,0.1007999962894246,True,4235.965650809835
ECC+ChaCha20,5000,3,2392,0.02710000262595713,0.12919999426230788,0.0999000039882958,True,4235.965650809835
ECC+ChaCha20,5000,3,2393,0.027099988074041903,0.1289000065298751,0.10030000703409314,True,4235.965650809835
ECC+ChaCha20,5000,3,2394,0.02750000567175448,0.13010000111535192,0.10099999781232327,True,4235.965650809835
ECC+ChaCha20,5000,3,2395,0.027600006433203816,0.12889999197795987,0.10000000474974513,True,4235.965650809835
ECC+ChaCha20,5000,3,2396,0.027799993404187262,0.13299999409355223,0.10089999705087394,True,4235.965650809835
ECC+ChaCha20,5000,3,2397,0.027599991881288588,0.1289000065298751,0.10059999476652592,True,4235.965650809835
ECC+ChaCha20,5000,3,2398,0.027299989596940577,0.12820000119972974,0.10050000855699182,True,4235.965650809835
ECC+ChaCha20,5000,3,2399,0.027300004148855805,0.12909999350085855,0.10050000855699182,True,4235.965650809835
ECC+ChaCha20,5000,3,2400,0.02780000795610249,0.12919999426230788,0.10130000009667128,True,4235.965650809835
ECC+ChaCha20,5000,3,2401,0.027400004910305142,0.1283999881707132,0.1007999962894246,True,4235.965650809835
ECC+ChaCha20,5000,3,2402,0.027599991881288588,0.12919999426230788,0.10099999781232327,True,4235.965650809835
ECC+ChaCha20,5000,3,2403,0.03789999755099416,0.12939999578520656,0.10099999781232327,True,4235.965650809835
ECC+ChaCha20,5000,3,2404,0.027300004148855805,0.12940001033712178,0.10150000161956996,True,4235.965650809835
ECC+ChaCha20,5000,3,2405,0.027900008717551827,0.1303000026382506,0.10029999248217791,True,4235.965650809835
ECC+ChaCha20,5000,3,2406,0.02750000567175448,0.12919999426230788,0.10089999705087394,True,4235.965650809835
ECC+ChaCha20,5000,3,2407,0.027000001864507794,0.1286999904550612,0.10099999781232327,True,4235.965650809835
ECC+ChaCha20,5000,3,2408,0.027299989596940577,0.12909999350085855,0.10069999552797526,True,4235.965650809835
ECC+ChaCha20,5000,3,2409,0.026900001103058457,0.1277999981539324,0.09940000018104911,True,4235.965650809835
ECC+ChaCha20,5000,3,2410,0.027000001864507794,0.12959999730810523,0.10039999324362725,True,4235.965650809835
ECC+ChaCha20,5000,3,2411,0.0281000102404505,0.12930000957567245,0.13240000407677144,True,4235.965650809835
ECC+ChaCha20,5000,3,2412,0.03220001235604286,0.13949999993201345,0.10229999315924942,True,4235.965650809835
ECC+ChaCha20,5000,3,2413,0.0278999941656366,0.1303999888477847,0.10049999400507659,True,4235.965650809835
ECC+ChaCha20,5000,3,2414,0.027999994927085936,0.13040000339969993,0.10099999781232327,True,4235.965650809835
ECC+ChaCha20,5000,3,2415,0.027700007194653153,0.12939999578520656,0.09980000322684646,True,4235.965650809835
ECC+ChaCha20,5000,3,2416,0.027599991881288588,0.12939999578520656,0.10089999705087394,True,4235.965650809835
ECC+ChaCha20,5000,3,2417,0.027799993404187262,0.12939999578520656,0.1007999962894246,True,4235.965650809835
ECC+ChaCha20,5000,3,2418,0.02749999111983925,0.12880000576842576,0.10000000474974513,True,4235.965650809835
ECC+ChaCha20,5000,3,2419,0.02720000338740647,0.12799999967683107,0.09989998943638057,True,4235.965650809835
ECC+ChaCha20,5000,3,2420,0.027000001864507794,0.12770001194439828,0.09950000094249845,True,4235.965650809835
ECC+ChaCha20,5000,3,2421,0.027400004910305142,0.12880000576842576,0.12370001059025526,True,4235.965650809835
ECC+ChaCha20,5000,3,2422,0.030499999411404133,0.13530001160688698,0.10239999392069876,True,4235.965650809835
ECC+ChaCha20,5000,3,2423,0.027600006433203816,0.1297999988310039,0.10109999857377261,True,4235.965650809835
ECC+ChaCha20,5000,3,2424,0.027300004148855805,0.12909999350085855,0.10009999095927924,True,4235.965650809835
ECC+ChaCha20,5000,3,2425,0.02749999111983925,0.12959999730810523,0.10050000855699182,True,4235.965650809835
ECC+ChaCha20,5000,3,2426,0.02720000338740647,0.12799999967683107,0.1002000062726438,True,4235.965650809835
ECC+ChaCha20,5000,3,2427,0.02710000262595713,0.12870000500697643,0.10039999324362725,True,4235.965650809835
ECC+ChaCha20,5000,3,2428,0.027799993404187262,0.1320000010309741,0.10040000779554248,True,4235.965650809835
ECC+ChaCha20,5000,3,2429,0.02929999027401209,0.13159999798517674,0.10030000703409314,True,4235.965650809835
ECC+ChaCha20,5000,3,2430,0.027700007194653153,0.12969999806955457,0.10069999552797526,True,4235.965650809835
ECC+ChaCha20,5000,3,2431,0.02750000567175448,0.12929999502375722,0.10080001084133983,True,4235.965650809835
ECC+ChaCha20,5000,3,2432,0.027700007194653153,0.12889999197795987,0.09960000170394778,True,4235.965650809835
ECC+ChaCha20,5000,3,2433,0.027399990358389914,0.12939999578520656,0.10109999857377261,True,4235.965650809835
ECC+ChaCha20,5000,3,2434,0.027699992642737925,0.13079999189358205,0.10099999781232327,True,4235.965650809835
ECC+ChaCha20,5000,3,2435,0.02750000567175448,0.12880000576842576,0.09980000322684646,True,4235.965650809835
ECC+ChaCha20,5000,3,2436,0.027700007194653153,0.12940001033712178,0.10059999476652592,True,4235.965650809835
ECC+ChaCha20,5000,3,2437,0.027300004148855805,0.1286000042455271,0.09970000246539712,True,4235.965650809835
ECC+ChaCha20,5000,3,2438,0.027600006433203816,0.1286000042455271,0.10050000855699182,True,4235.965650809835
ECC+ChaCha20,5000,3,2439,0.02780000795610249,0.1286999904550612,0.09970000246539712,True,4235.965650809835
ECC+ChaCha20,5000,3,2440,0.027799993404187262,0.1289000065298751,0.0999000039882958,True,4235.965650809835
ECC+ChaCha20,5000,3,2441,0.027699992642737925,0.12850000348407775,0.10030000703409314,True,4235.965650809835
ECC+ChaCha20,5000,3,2442,0.02750000567175448,0.12830000196117908,0.1002000062726438,True,4235.965650809835
ECC+ChaCha20,5000,3,2443,0.02720000338740647,0.12879999121651053,0.10069999552797526,True,4235.965650809835
ECC+ChaCha20,5000,3,2444,0.027599991881288588,0.12879999121651053,0.10010000551119447,True,4235.965650809835
ECC+ChaCha20,5000,3,2445,0.027400004910305142,0.12849998893216252,0.10039999324362725,True,4235.965650809835
ECC+ChaCha20,5000,3,2446,0.027700007194653153,0.1303000026382506,0.10059999476652592,True,4235.965650809835
ECC+ChaCha20,5000,3,2447,0.027599991881288588,0.12969999806955457,0.10049999400507659,True,4235.965650809835
ECC+ChaCha20,5000,3,2448,0.034900003811344504,0.14370000280905515,0.10560000373516232,True,4235.965650809835
ECC+ChaCha20,5000,3,2449,0.02920000406447798,0.1340000017080456,0.1016000023810193,True,4235.965650809835
ECC+ChaCha20,5000,3,2450,0.029000002541579306,0.13210000179242343,0.10170000314246863,True,4235.965650809835
ECC+ChaCha20,5000,3,2451,0.02780000795610249,0.12930000957567245,0.10140000085812062,True,4235.965650809835
ECC+ChaCha20,5000,3,2452,0.0281000102404505,0.13040000339969993,0.10149998706765473,True,4235.965650809835
ECC+ChaCha20,5000,3,2453,0.028299997211433947,0.13059999037068337,0.10039999324362725,True,4235.965650809835
ECC+ChaCha20,5000,3,2454,0.027999994927085936,0.13010000111535192,0.10180000390391797,True,4235.965650809835
ECC+ChaCha20,5000,3,2455,0.027599991881288588,0.13000000035390258,0.10090001160278916,True,4235.965650809835
ECC+ChaCha20,5000,3,2456,0.02750000567175448,0.12969999806955457,0.10119999933522195,True,4235.965650809835
ECC+ChaCha20,5000,3,2457,0.027600006433203816,0.1289000065298751,0.10080001084133983,True,4235.965650809835
ECC+ChaCha20,5000,3,2458,0.027300004148855805,0.12799999967683107,0.1007999962894246,True,4235.965650809835
ECC+ChaCha20,5000,3,2459,0.02720000338740647,0.12850000348407775,0.0990999978967011,True,4235.965650809835
ECC+ChaCha20,5000,3,2460,0.027700007194653153,0.13359999866224825,0.10119999933522195,True,4235.965650809835
ECC+ChaCha20,5000,3,2461,0.027900008717551827,0.1292000088142231,0.10040000779554248,True,4235.965650809835
ECC+ChaCha20,5000,3,2462,0.027300004148855805,0.12849998893216252,0.10089999705087394,True,4235.965650809835
ECC+ChaCha20,5000,3,2463,0.027300004148855805,0.12989999959245324,0.10060000931844115,True,4235.965650809835
ECC+ChaCha20,5000,3,2464,0.02720000338740647,0.12859998969361186,0.10029999248217791,True,4235.965650809835
ECC+ChaCha20,5000,3,2465,0.027400004910305142,0.12900000729132444,0.10040000779554248,True,4235.965650809835
ECC+ChaCha20,5000,3,2466,0.02720000338740647,0.12939999578520656,0.10000000474974513,True,4235.965650809835
ECC+ChaCha20,5000,3,2467,0.027300004148855805,0.12919999426230788,0.10099999781232327,True,4235.965650809835
ECC+ChaCha20,5000,3,2468,0.027400004910305142,0.12830000196117908,0.09950000094249845,True,4235.965650809835
ECC+ChaCha20,5000,3,2469,0.02750000567175448,0.12889999197795987,0.10070001007989049,True,4235.965650809835
ECC+ChaCha20,5000,3,2470,0.027400004910305142,0.1292000088142231,0.10109999857377261,True,4235.965650809835
ECC+ChaCha20,5000,3,2471,0.027299989596940577,0.12880000576842576,0.1002000062726438,True,4235.965650809835
ECC+ChaCha20,5000,3,2472,0.027700007194653153,0.12910000805277377,0.1007999962894246,True,4235.965650809835
ECC+ChaCha20,5000,3,2473,0.027799993404187262,0.12959999730810523,0.10039999324362725,True,4235.965650809835
ECC+ChaCha20,5000,3,2474,0.027600006433203816,0.12950001109857112,0.10040000779554248,True,4235.965650809835
ECC+ChaCha20,5000,3,2475,0.027299989596940577,0.12989999959245324,0.10130000009667128,True,4235.965650809835
ECC+ChaCha20,5000,3,2476,0.02749999111983925,0.12870000500697643,0.10080001084133983,True,4235.965650809835
ECC+ChaCha20,5000,3,2477,0.027300004148855805,0.13029998808633536,0.10039999324362725,True,4235.965650809835
ECC+ChaCha20,5000,3,2478,0.027600006433203816,0.1286000042455271,0.10060000931844115,True,4235.965650809835
ECC+ChaCha20,5000,3,2479,0.027699992642737925,0.12739999510813504,0.09970000246539712,True,4235.965650809835
ECC+ChaCha20,5000,3,2480,0.027000001864507794,0.12880000576842576,0.10050000855699182,True,4235.965650809835
ECC+ChaCha20,5000,3,2481,0.0278999941656366,0.12989999959245324,0.10070001007989049,True,4235.965650809835
ECC+ChaCha20,5000,3,2482,0.027400004910305142,0.1286000042455271,0.14099999680183828,True,4235.965650809835
ECC+ChaCha20,5000,3,2483,0.03190001007169485,0.1382000045850873,0.10380000458098948,True,4235.965650809835
ECC+ChaCha20,5000,3,2484,0.02929999027401209,0.1306000049225986,0.10090001160278916,True,4235.965650809835
ECC+ChaCha20,5000,3,2485,0.02819999644998461,0.12989999959245324,0.10099999781232327,True,4235.965650809835
ECC+ChaCha20,5000,3,2486,0.027999994927085936,0.13010000111535192,0.10140000085812062,True,4235.965650809835
ECC+ChaCha20,5000,3,2487,0.027799993404187262,0.12900000729132444,0.10089999705087394,True,4235.965650809835
ECC+ChaCha20,5000,3,2488,0.029600007110275328,0.13519999629352242,0.10150000161956996,True,4235.965650809835
ECC+ChaCha20,5000,3,2489,0.028299997211433947,0.12919999426230788,0.10060000931844115,True,4235.965650809835
ECC+ChaCha20,5000,3,2490,0.0278999941656366,0.1297999988310039,0.10070001007989049,True,4235.965650809835
ECC+ChaCha20,5000,3,2491,0.0281000102404505,0.13580000086221844,0.10119999933522195,True,4235.965650809835
ECC+ChaCha20,5000,3,2492,0.027799993404187262,0.13129999570082873,0.10119999933522195,True,4235.965650809835
ECC+ChaCha20,5000,3,2493,0.027999994927085936,0.12959999730810523,0.10090001160278916,True,4235.965650809835
ECC+ChaCha20,5000,3,2494,0.028099995688535273,0.1297999988310039,0.10080001084133983,True,4235.965650809835
ECC+ChaCha20,5000,3,2495,0.027700007194653153,0.1289000065298751,0.10010000551119447,True,4235.965650809835
ECC+ChaCha20,5000,3,2496,0.0278999941656366,0.13040000339969993,0.10039999324362725,True,4235.965650809835
ECC+ChaCha20,5000,3,2497,0.027799993404187262,0.1289000065298751,0.09940000018104911,True,4235.965650809835
ECC+ChaCha20,5000,3,2498,0.028399997972883284,0.1306000049225986,0.1002000062726438,True,4235.965650809835
ECC+ChaCha20,5000,3,2499,0.027699992642737925,0.12909999350085855,0.0999999901978299,True,4235.965650809835
ECC+ChaCha20,5000,3,2500,0.027400004910305142,0.1294999965466559,0.10070001007989049,True,4235.965650809835
ECC+ChaCha20,5000,3,2501,0.027399990358389914,0.12900000729132444,0.10000000474974513,True,4235.965650809835
ECC+ChaCha20,5000,3,2502,0.027700007194653153,0.12879999121651053,0.10029999248217791,True,4235.965650809835
ECC+ChaCha20,5000,3,2503,0.02749999111983925,0.12830000196117908,0.10010000551119447,True,4235.965650809835
ECC+ChaCha20,5000,3,2504,0.027799993404187262,0.12959999730810523,0.10089999705087394,True,4235.965650809835
ECC+ChaCha20,5000,3,2505,0.027700007194653153,0.12909999350085855,0.10070001007989049,True,4235.965650809835
ECC+ChaCha20,5000,3,2506,0.027900008717551827,0.12879999121651053,0.10069999552797526,True,4235.965650809835
ECC+ChaCha20,5000,3,2507,0.027699992642737925,0.12919999426230788,0.10049999400507659,True,4235.965650809835
ECC+ChaCha20,5000,3,2508,0.028099995688535273,0.1294999965466559,0.10039999324362725,True,4235.965650809835
ECC+ChaCha20,5000,3,2509,0.028099995688535273,0.13159999798517674,0.10040000779554248,True,4235.965650809835
ECC+ChaCha20,5000,3,2510,0.027799993404187262,0.1294999965466559,0.10050000855699182,True,4235.965650809835
ECC+ChaCha20,5000,3,2511,0.02750000567175448,0.12959999730810523,0.10130000009667128,True,4235.965650809835
ECC+ChaCha20,5000,3,2512,0.027400004910305142,0.1289999927394092,0.10049999400507659,True,4235.965650809835
ECC+ChaCha20,5000,3,2513,0.027599991881288588,0.1289000065298751,0.09960000170394778,True,4235.965650809835
ECC+ChaCha20,5000,3,2514,0.027300004148855805,0.12880000576842576,0.10060000931844115,True,4235.965650809835
ECC+ChaCha20,5000,3,2515,0.027300004148855805,0.12930000957567245,0.10010000551119447,True,4235.965650809835
ECC+ChaCha20,5000,3,2516,0.027900008717551827,0.12830000196117908,0.09980000322684646,True,4235.965650809835
ECC+ChaCha20,5000,3,2517,0.02720000338740647,0.12959999730810523,0.10119999933522195,True,4235.965650809835
ECC+ChaCha20,5000,3,2518,0.03189999551977962,0.13669999316334724,0.1024999946821481,True,4235.965650809835
ECC+ChaCha20,5000,3,2519,0.029699993319809437,0.13380000018514693,0.10109999857377261,True,4235.965650809835
ECC+ChaCha20,5000,3,2520,0.028700000257231295,0.12989999959245324,0.10069999552797526,True,4235.965650809835
ECC+ChaCha20,5000,3,2521,0.02820001100189984,0.13000000035390258,0.10089999705087394,True,4235.965650809835
ECC+ChaCha20,5000,3,2522,0.02750000567175448,0.13019998732488602,0.10089999705087394,True,4235.965650809835
ECC+ChaCha20,5000,3,2523,0.0278999941656366,0.13329999637790024,0.09980000322684646,True,4235.965650809835
ECC+ChaCha20,5000,3,2524,0.027400004910305142,0.12939999578520656,0.09980000322684646,True,4235.965650809835
ECC+ChaCha20,5000,3,2525,0.02750000567175448,0.12820000119972974,0.09980000322684646,True,4235.965650809835
ECC+ChaCha20,5000,3,2526,0.02720000338740647,0.12879999121651053,0.10039999324362725,True,4235.965650809835
ECC+ChaCha20,5000,3,2527,0.027300004148855805,0.12880000576842576,0.09979998867493123,True,4235.965650809835
ECC+ChaCha20,5000,3,2528,0.02720000338740647,0.12940001033712178,0.10109999857377261,True,4235.965650809835
ECC+ChaCha20,5000,3,2529,0.02710000262595713,0.12910000805277377,0.1002000062726438,True,4235.965650809835
ECC+ChaCha20,5000,3,2530,0.02720000338740647,0.12919999426230788,0.10080001084133983,True,4235.965650809835
ECC+ChaCha20,5000,3,2531,0.027000001864507794,0.12840000272262841,0.10019999172072858,True,4235.965650809835
ECC+ChaCha20,5000,3,2532,0.027299989596940577,0.12840000272262841,0.10000000474974513,True,4235.965650809835
ECC+ChaCha20,5000,3,2533,0.027000001864507794,0.12759999663103372,0.09960000170394778,True,4235.965650809835
ECC+ChaCha20,5000,3,2534,0.035299992305226624,0.14289999671746045,0.10479999764356762,True,4235.965650809835
ECC+ChaCha20,5000,3,2535,0.029100003303028643,0.13290000788401812,0.10230000771116465,True,4235.965650809835
ECC+ChaCha20,5000,3,2536,0.028299997211433947,0.1303000026382506,0.10260000999551266,True,4235.965650809835
ECC+ChaCha20,5000,3,2537,0.02819999644998461,0.13049998960923404,0.10089999705087394,True,4235.965650809835
ECC+ChaCha20,5000,3,2538,0.027799993404187262,0.12909999350085855,0.10089999705087394,True,4235.965650809835
ECC+ChaCha20,5000,3,2539,0.028000009479001164,0.12969999806955457,0.10099999781232327,True,4235.965650809835
ECC+ChaCha20,5000,3,2540,0.027600006433203816,0.12959999730810523,0.10069999552797526,True,4235.965650809835
ECC+ChaCha20,5000,3,2541,0.027900008717551827,0.1297999988310039,0.09940000018104911,True,4235.965650809835
ECC+ChaCha20,5000,3,2542,0.027799993404187262,0.13000000035390258,0.1019000046653673,True,4235.965650809835
ECC+ChaCha20,5000,3,2543,0.02749999111983925,0.1289000065298751,0.10059999476652592,True,4235.965650809835
ECC+ChaCha20,5000,3,2544,0.027799993404187262,0.12919999426230788,0.10140000085812062,True,4235.965650809835
ECC+ChaCha20,5000,3,2545,0.02780000795610249,0.12950001109857112,0.10069999552797526,True,4235.965650809835
ECC+ChaCha20,5000,3,2546,0.027600006433203816,0.12919999426230788,0.10090001160278916,True,4235.965650809835
ECC+ChaCha20,5000,3,2547,0.027300004148855805,0.12879999121651053,0.10119999933522195,True,4235.965650809835
ECC+ChaCha20,5000,3,2548,0.027599991881288588,0.12879999121651053,0.10069999552797526,True,4235.965650809835
ECC+ChaCha20,5000,3,2549,0.027600006433203816,0.12820000119972974,0.10010000551119447,True,4235.965650809835
ECC+ChaCha20,5000,3,2550,0.028000009479001164,0.12959999730810523,0.10099999781232327,True,4235.965650809835
ECC+ChaCha20,5000,3,2551,0.027299989596940577,0.12799999967683107,0.10000000474974513,True,4235.965650809835
ECC+ChaCha20,5000,3,2552,0.030499999411404133,0.1362999901175499,0.1024999946821481,True,4235.965650809835
ECC+ChaCha20,5000,3,2553,0.0281000102404505,0.1303000026382506,0.10109999857377261,True,4235.965650809835
ECC+ChaCha20,5000,3,2554,0.027799993404187262,0.1303999888477847,0.10049999400507659,True,4235.965650809835
ECC+ChaCha20,5000,3,2555,0.0278999941656366,0.1331999956164509,0.10109999857377261,True,4235.965650809835
ECC+ChaCha20,5000,3,2556,0.027699992642737925,0.12929999502375722,0.10099999781232327,True,4235.965650809835
ECC+ChaCha20,5000,3,2557,0.02780000795610249,0.13050000416114926,0.10109999857377261,True,4235.965650809835
ECC+ChaCha20,5000,3,2558,0.027799993404187262,0.13000000035390258,0.10170000314246863,True,4235.965650809835
ECC+ChaCha20,5000,3,2559,0.027599991881288588,0.12850000348407775,0.10059999476652592,True,4235.965650809835
ECC+ChaCha20,5000,3,2560,0.02710000262595713,0.12859998969361186,0.10119999933522195,True,4235.965650809835
ECC+ChaCha20,5000,3,2561,0.02710000262595713,0.1277999981539324,0.10009999095927924,True,4235.965650809835
ECC+ChaCha20,5000,3,2562,0.027300004148855805,0.12849998893216252,0.10009999095927924,True,4235.965650809835
ECC+ChaCha20,5000,3,2563,0.027300004148855805,0.12769999739248306,0.1002000062726438,True,4235.965650809835
ECC+ChaCha20,5000,3,2564,0.02720000338740647,0.1294999965466559,0.10039999324362725,True,4235.965650809835
ECC+ChaCha20,5000,3,2565,0.027399990358389914,0.12969999806955457,0.10039999324362725,True,4235.965650809835
ECC+ChaCha20,5000,3,2566,0.02749999111983925,0.12929999502375722,0.09960000170394778,True,4235.965650809835
ECC+ChaCha20,5000,3,2567,0.02710000262595713,0.12830000196117908,0.10049999400507659,True,4235.965650809835
ECC+ChaCha20,5000,3,2568,0.027400004910305142,0.12969999806955457,0.10069999552797526,True,4235.965650809835
ECC+ChaCha20,5000,3,2569,0.027399990358389914,0.13010000111535192,0.10030000703409314,True,4235.965650809835
ECC+ChaCha20,5000,3,2570,0.02719998883549124,0.1294999965466559,0.09989998943638057,True,4235.965650809835
ECC+ChaCha20,5000,3,2571,0.026900001103058457,0.12820000119972974,0.0999000039882958,True,4235.965650809835
ECC+ChaCha20,5000,3,2572,0.0329999893438071,0.14229999214876443,0.1041999930748716,True,4235.965650809835
ECC+ChaCha20,5000,3,2573,0.02819999644998461,0.1314999972237274,0.10140000085812062,True,4235.965650809835
ECC+ChaCha20,5000,3,2574,0.027699992642737925,0.12959999730810523,0.10089999705087394,True,4235.965650809835
ECC+ChaCha20,5000,3,2575,0.02749999111983925,0.12959999730810523,0.10019999172072858,True,4235.965650809835
ECC+ChaCha20,5000,3,2576,0.027699992642737925,0.12850000348407775,0.10030000703409314,True,4235.965650809835
ECC+ChaCha20,5000,3,2577,0.027400004910305142,0.12910000805277377,0.10000000474974513,True,4235.965650809835
ECC+ChaCha20,5000,3,2578,0.027299989596940577,0.13000000035390258,0.10030000703409314,True,4235.965650809835
ECC+ChaCha20,5000,3,2579,0.027400004910305142,0.1294999965466559,0.10000000474974513,True,4235.965650809835
ECC+ChaCha20,5000,3,2580,0.02750000567175448,0.12889999197795987,0.10130000009667128,True,4235.965650809835
ECC+ChaCha20,5000,3,2581,0.027400004910305142,0.1286999904550612,0.09979998867493123,True,4235.965650809835
ECC+ChaCha20,5000,3,2582,0.027600006433203816,0.12919999426230788,0.10060000931844115,True,4235.965650809835
ECC+ChaCha20,5000,3,2583,0.02720000338740647,0.12799999967683107,0.10039999324362725,True,4235.965650809835
ECC+ChaCha20,5000,3,2584,0.027600006433203816,0.1294999965466559,0.10030000703409314,True,4235.965650809835
ECC+ChaCha20,5000,3,2585,0.02750000567175448,0.12889999197795987,0.10059999476652592,True,4235.965650809835
ECC+ChaCha20,5000,3,2586,0.027700007194653153,0.1286999904550612,0.09960000170394778,True,4235.965650809835
ECC+ChaCha20,5000,3,2587,0.027700007194653153,0.13050000416114926,0.10010000551119447,True,4235.965650809835
ECC+ChaCha20,5000,3,2588,0.02780000795610249,0.12990001414436847,0.1078000059351325,True,4235.965650809835
ECC+ChaCha20,5000,3,2589,0.03680000372696668,0.14409999130293727,0.10540000221226364,True,4235.965650809835
ECC+ChaCha20,5000,3,2590,0.030700000934302807,0.13339999713934958,0.10279999696649611,True,4235.965650809835
ECC+ChaCha20,5000,3,2591,0.02890000178012997,0.13040000339969993,0.10080001084133983,True,4235.965650809835
ECC+ChaCha20,5000,3,2592,0.02850001328624785,0.12969999806955457,0.10130000009667128,True,4235.965650809835
ECC+ChaCha20,5000,3,2593,0.028700000257231295,0.12969999806955457,0.10000000474974513,True,4235.965650809835
ECC+ChaCha20,5000,3,2594,0.028800001018680632,0.1320000010309741,0.1019000046653673,True,4235.965650809835
ECC+ChaCha20,5000,3,2595,0.029100003303028643,0.13190000026952475,0.10239999392069876,True,4235.965650809835
ECC+ChaCha20,5000,3,2596,0.029499991796910763,0.13309999485500157,0.1033000007737428,True,4235.965650809835
ECC+ChaCha20,5000,3,2597,0.030300012440420687,0.13349999790079892,0.10850001126527786,True,4235.965650809835
ECC+ChaCha20,5000,3,2598,0.03050001396331936,0.13339999713934958,0.10269999620504677,True,4235.965650809835
ECC+ChaCha20,5000,3,2599,0.030199997127056122,0.12959999730810523,0.10010000551119447,True,4235.965650809835
ECC+ChaCha20,5000,3,2600,0.027999994927085936,0.13000000035390258,0.10059999476652592,True,4235.965650809835
ECC+ChaCha20,5000,3,2601,0.027699992642737925,0.12959999730810523,0.10009999095927924,True,4235.965650809835
ECC+ChaCha20,5000,3,2602,0.028299997211433947,0.12939999578520656,0.10040000779554248,True,4235.965650809835
ECC+ChaCha20,5000,3,2603,0.027799993404187262,0.13020000187680125,0.10010000551119447,True,4235.965650809835
ECC+ChaCha20,5000,3,2604,0.027799993404187262,0.12880000576842576,0.10060000931844115,True,4235.965650809835
ECC+ChaCha20,5000,3,2605,0.02819999644998461,0.13040000339969993,0.10040000779554248,True,4235.965650809835
ECC+ChaCha20,5000,3,2606,0.027700007194653153,0.12880000576842576,0.09989998943638057,True,4235.965650809835
ECC+ChaCha20,5000,3,2607,0.028399997972883284,0.12909999350085855,0.10080001084133983,True,4235.965650809835
ECC+ChaCha20,5000,3,2608,0.028099995688535273,0.13000000035390258,0.10119999933522195,True,4235.965650809835
ECC+ChaCha20,5000,3,2609,0.027699992642737925,0.12880000576842576,0.10050000855699182,True,4235.965650809835
ECC+ChaCha20,5000,3,2610,0.02780000795610249,0.12959999730810523,0.10119999933522195,True,4235.965650809835
ECC+ChaCha20,5000,3,2611,0.027799993404187262,0.12939999578520656,0.10049999400507659,True,4235.965650809835
ECC+ChaCha20,5000,3,2612,0.02819999644998461,0.1289999927394092,0.1007999962894246,True,4235.965650809835
ECC+ChaCha20,5000,3,2613,0.027999994927085936,0.12870000500697643,0.1002000062726438,True,4235.965650809835
ECC+ChaCha20,5000,3,2614,0.027900008717551827,0.12960001186002046,0.10059999476652592,True,4235.965650809835
ECC+ChaCha20,5000,3,2615,0.027699992642737925,0.12830000196117908,0.0999000039882958,True,4235.965650809835
ECC+ChaCha20,5000,3,2616,0.027799993404187262,0.13100000796839595,0.10089999705087394,True,4235.965650809835
ECC+ChaCha20,5000,3,2617,0.027600006433203816,0.12789999891538173,0.09970000246539712,True,4235.965650809835
ECC+ChaCha20,5000,3,2618,0.027999994927085936,0.12870000500697643,0.10040000779554248,True,4235.965650809835
ECC+ChaCha20,5000,3,2619,0.0295999925583601,0.1343000039923936,0.10119999933522195,True,4235.965650809835
ECC+ChaCha20,5000,3,2620,0.028599999495781958,0.13059999037068337,0.10059999476652592,True,4235.965650809835
ECC+ChaCha20,5000,3,2621,0.02820001100189984,0.12850000348407775,0.09979998867493123,True,4235.965650809835
ECC+ChaCha20,5000,3,2622,0.028099995688535273,0.12919999426230788,0.10060000931844115,True,4235.965650809835
ECC+ChaCha20,5000,3,2623,0.028999987989664078,0.16429999959655106,0.10800000745803118,True,4235.965650809835
ECC+ChaCha20,5000,3,2624,0.035899996873922646,0.13410000246949494,0.10210000618826598,True,4235.965650809835
ECC+ChaCha20,5000,3,2625,0.02920000406447798,0.13139999646227807,0.10060000931844115,True,4235.965650809835
ECC+ChaCha20,5000,3,2626,0.029100003303028643,0.13150001177564263,0.10059999476652592,True,4235.965650809835
ECC+ChaCha20,5000,3,2627,0.029400005587376654,0.12930000957567245,0.10069999552797526,True,4235.965650809835
ECC+ChaCha20,5000,3,2628,0.029000002541579306,0.12929999502375722,0.10050000855699182,True,4235.965650809835
ECC+ChaCha20,5000,3,2629,0.02890000178012997,0.12960001186002046,0.10040000779554248,True,4235.965650809835
ECC+ChaCha20,5000,3,2630,0.028599999495781958,0.12969999806955457,0.1007999962894246,True,4235.965650809835
ECC+ChaCha20,5000,3,2631,0.028999987989664078,0.12880000576842576,0.10089999705087394,True,4235.965650809835
ECC+ChaCha20,5000,3,2632,0.02929999027401209,0.12820000119972974,0.09980000322684646,True,4235.965650809835
ECC+ChaCha20,5000,3,2633,0.029300004825927317,0.1289000065298751,0.10140000085812062,True,4235.965650809835
ECC+ChaCha20,5000,3,2634,0.029300004825927317,0.1294999965466559,0.10049999400507659,True,4235.965650809835
ECC+ChaCha20,5000,3,2635,0.02920000406447798,0.12919999426230788,0.10000000474974513,True,4235.965650809835
ECC+ChaCha20,5000,3,2636,0.028700000257231295,0.13020000187680125,0.10060000931844115,True,4235.965650809835
ECC+ChaCha20,5000,3,2637,0.02890000178012997,0.13079999189358205,0.10069999552797526,True,4235.965650809835
ECC+ChaCha20,5000,3,2638,0.02920000406447798,0.12889999197795987,0.10039999324362725,True,4235.965650809835
ECC+ChaCha20,5000,3,2639,0.029000002541579306,0.12909999350085855,0.10059999476652592,True,4235.965650809835
ECC+ChaCha20,5000,3,2640,0.028799986466765404,0.12900000729132444,0.1002000062726438,True,4235.965650809835
ECC+ChaCha20,5000,3,2641,0.028600014047697186,0.1289000065298751,0.0999000039882958,True,4235.965650809835
ECC+ChaCha20,5000,3,2642,0.028700000257231295,0.12859998969361186,0.10019999172072858,True,4235.965650809835
ECC+ChaCha20,5000,3,2643,0.028999987989664078,0.1281000004382804,0.09959998715203255,True,4235.965650809835
ECC+ChaCha20,5000,3,2644,0.029099988751113415,0.12870000500697643,0.10070001007989049,True,4235.965650809835
ECC+ChaCha20,5000,3,2645,0.03300000389572233,0.1399999891873449,0.10320000001229346,True,4235.965650809835
ECC+ChaCha20,5000,3,2646,0.027900008717551827,0.13070000568404794,0.10250000923406333,True,4235.965650809835
ECC+ChaCha20,5000,3,2647,0.027699992642737925,0.12969999806955457,0.10040000779554248,True,4235.965650809835
ECC+ChaCha20,5000,3,2648,0.03190001007169485,0.1390999968862161,0.1033000007737428,True,4235.965650809835
ECC+ChaCha20,5000,3,2649,0.028999987989664078,0.13070000568404794,0.10180000390391797,True,4235.965650809835
ECC+ChaCha20,5000,3,2650,0.028300011763349175,0.13120000949129462,0.10220000694971532,True,4235.965650809835
ECC+ChaCha20,5000,3,2651,0.02819999644998461,0.13370001397561282,0.10010000551119447,True,4235.965650809835
ECC+ChaCha20,5000,3,2652,0.027599991881288588,0.1286000042455271,0.10130000009667128,True,4235.965650809835
ECC+ChaCha20,5000,3,2653,0.02819999644998461,0.14540000120177865,0.10289999772794545,True,4235.965650809835
ECC+ChaCha20,5000,3,2654,0.029499991796910763,0.13040000339969993,0.10089999705087394,True,4235.965650809835
ECC+ChaCha20,5000,3,2655,0.027699992642737925,0.12959999730810523,0.10119999933522195,True,4235.965650809835
ECC+ChaCha20,5000,3,2656,0.027900008717551827,0.1292000088142231,0.10040000779554248,True,4235.965650809835
ECC+ChaCha20,5000,3,2657,0.02720000338740647,0.12889999197795987,0.10019999172072858,True,4235.965650809835
ECC+ChaCha20,5000,3,2658,0.02780000795610249,0.13020000187680125,0.1019000046653673,True,4235.965650809835
ECC+ChaCha20,5000,3,2659,0.028599999495781958,0.13040000339969993,0.1002000062726438,True,4235.965650809835
ECC+ChaCha20,5000,3,2660,0.028399997972883284,0.13099999341648072,0.10109999857377261,True,4235.965650809835
ECC+ChaCha20,5000,3,2661,0.02819999644998461,0.1294999965466559,0.10080001084133983,True,4235.965650809835
ECC+ChaCha20,5000,3,2662,0.027599991881288588,0.1294999965466559,0.10029999248217791,True,4235.965650809835
ECC+ChaCha20,5000,3,2663,0.0281000102404505,0.12969999806955457,0.10030000703409314,True,4235.965650809835
ECC+ChaCha20,5000,3,2664,0.027600006433203816,0.1289999927394092,0.10009999095927924,True,4235.965650809835
ECC+ChaCha20,5000,3,2665,0.028000009479001164,0.1297999988310039,0.10130000009667128,True,4235.965650809835
ECC+ChaCha20,5000,3,2666,0.027799993404187262,0.1297999988310039,0.10009999095927924,True,4235.965650809835
ECC+ChaCha20,5000,3,2667,0.03169999399688095,0.12599999899975955,0.09770000178832561,True,4235.965650809835
ECC+ChaCha20,5000,3,2668,0.02710000262595713,0.12539999443106353,0.09780000254977494,True,4235.965650809835
ECC+ChaCha20,5000,3,2669,0.027000001864507794,0.12490000517573208,0.09740001405589283,True,4235.965650809835
ECC+ChaCha20,5000,3,2670,0.026699999580159783,0.12430000060703605,0.09709999721962959,True,4235.965650809835
ECC+ChaCha20,5000,3,2671,0.027000001864507794,0.12589999823831022,0.09780000254977494,True,4235.965650809835
ECC+ChaCha20,5000,3,2672,0.026599998818710446,0.1250000059371814,0.09690001024864614,True,4235.965650809835
ECC+ChaCha20,5000,3,2673,0.02710000262595713,0.12460000289138407,0.09750000026542693,True,4235.965650809835
ECC+ChaCha20,5000,3,2674,0.026900001103058457,0.12510000669863075,0.09729999874252826,True,4235.965650809835
ECC+ChaCha20,5000,3,2675,0.027099988074041903,0.12440000136848539,0.09690001024864614,True,4235.965650809835
ECC+ChaCha20,5000,3,2676,0.02710000262595713,0.12539999443106353,0.09860000864136964,True,4235.965650809835
ECC+ChaCha20,5000,3,2677,0.026699999580159783,0.12430000060703605,0.09679999493528157,True,4235.965650809835
ECC+ChaCha20,5000,3,2678,0.02710000262595713,0.12630000128410757,0.09860000864136964,True,4235.965650809835
ECC+ChaCha20,5000,3,2679,0.02680000034160912,0.12549999519251287,0.09810000483412296,True,4235.965650809835
ECC+ChaCha20,5000,3,2680,0.02649999805726111,0.1250000059371814,0.09719999798107892,True,4235.965650809835
ECC+ChaCha20,5000,3,2681,0.026900001103058457,0.12620000052265823,0.09770000178832561,True,4235.965650809835
ECC+ChaCha20,5000,3,2682,0.02710000262595713,0.12549999519251287,0.09750000026542693,True,4235.965650809835
ECC+ChaCha20,5000,3,2683,0.02649999805726111,0.13099999341648072,0.09839999256655574,True,4235.965650809835
ECC+ChaCha20,5000,3,2684,0.027099988074041903,0.12540000898297876,0.09750000026542693,True,4235.965650809835
ECC+ChaCha20,5000,3,2685,0.026599998818710446,0.12490000517573208,0.09770000178832561,True,4235.965650809835
ECC+ChaCha20,5000,3,2686,0.026400011847727,0.12540000898297876,0.09750000026542693,True,4235.965650809835
ECC+ChaCha20,5000,3,2687,0.026599998818710446,0.12579999747686088,0.09650000720284879,True,4235.965650809835
ECC+ChaCha20,5000,3,2688,0.026699999580159783,0.12480000441428274,0.09760000102687627,True,4235.965650809835
ECC+ChaCha20,5000,3,2689,0.026599998818710446,0.1255999959539622,0.09789998875930905,True,4235.965650809835
ECC+ChaCha20,5000,3,2690,0.026300011086277664,0.1264000020455569,0.0973999995039776,True,4235.965650809835
ECC+ChaCha20,5000,3,2691,0.02649999805726111,0.12499999138526618,0.09760000102687627,True,4235.965650809835
ECC+ChaCha20,5000,3,2692,0.026599998818710446,0.12579999747686088,0.09819999104365706,True,4235.965650809835
ECC+ChaCha20,5000,3,2693,0.026699999580159783,0.12479998986236751,0.0973999995039776,True,4235.965650809835
ECC+ChaCha20,5000,3,2694,0.02680000034160912,0.1247000036528334,0.0973999995039776,True,4235.965650809835
ECC+ChaCha20,5000,3,2695,0.02649999805726111,0.12440000136848539,0.09670000872574747,True,4235.965650809835
ECC+ChaCha20,5000,3,2696,0.026599998818710446,0.12440000136848539,0.09690001024864614,True,4235.965650809835
ECC+ChaCha20,5000,3,2697,0.027799993404187262,0.1269000058528036,0.0973999995039776,True,4235.965650809835
ECC+ChaCha20,5000,3,2698,0.027300004148855805,0.12689999130088836,0.09869999485090375,True,4235.965650809835
ECC+ChaCha20,5000,3,2699,0.027700007194653153,0.1272000081371516,0.09820000559557229,True,4235.965650809835
ECC+ChaCha20,5000,3,2700,0.02680000034160912,0.12709999282378703,0.09929999941959977,True,4235.965650809835
ECC+ChaCha20,5000,3,2701,0.026900001103058457,0.1269000058528036,0.09929999941959977,True,4235.965650809835
ECC+ChaCha20,5000,3,2702,0.02710000262595713,0.12599999899975955,0.09790000331122428,True,4235.965650809835
ECC+ChaCha20,5000,3,2703,0.02680000034160912,0.1260999997612089,0.09789998875930905,True,4235.965650809835
ECC+ChaCha20,5000,3,2704,0.02649999805726111,0.12519999290816486,0.0973999995039776,True,4235.965650809835
ECC+ChaCha20,5000,3,2705,0.026699999580159783,0.12480000441428274,0.09760000102687627,True,4235.965650809835
ECC+ChaCha20,5000,3,2706,0.02710000262595713,0.12539999443106353,0.09780000254977494,True,4235.965650809835
ECC+ChaCha20,5000,3,2707,0.026599998818710446,0.12539999443106353,0.09849999332800508,True,4235.965650809835
ECC+ChaCha20,5000,3,2708,0.026599998818710446,0.1252000074600801,0.09859999408945441,True,4235.965650809835
ECC+ChaCha20,5000,3,2709,0.026699999580159783,0.12569999671541154,0.09809999028220773,True,4235.965650809835
ECC+ChaCha20,5000,3,2710,0.026599998818710446,0.12509999214671552,0.0973999995039776,True,4235.965650809835
ECC+ChaCha20,5000,3,2711,0.026399997295811772,0.12519999290816486,0.09839999256655574,True,4235.965650809835
ECC+ChaCha20,5000,3,2712,0.026900001103058457,0.12569999671541154,0.09779998799785972,True,4235.965650809835
ECC+ChaCha20,5000,3,2713,0.026699999580159783,0.12569999671541154,0.09780000254977494,True,4235.965650809835
ECC+ChaCha20,5000,3,2714,0.026900001103058457,0.12650000280700624,0.09810000483412296,True,4235.965650809835
ECC+ChaCha20,5000,3,2715,0.027000001864507794,0.12989999959245324,0.09730001329444349,True,4235.965650809835
ECC+ChaCha20,5000,3,2716,0.02680000034160912,0.12549999519251287,0.09769998723641038,True,4235.965650809835
ECC+ChaCha20,5000,3,2717,0.026699999580159783,0.12630000128410757,0.09790000331122428,True,4235.965650809835
ECC+ChaCha20,5000,3,2718,0.026699999580159783,0.12549999519251287,0.0973999995039776,True,4235.965650809835
ECC+ChaCha20,5000,3,2719,0.02649999805726111,0.12549999519251287,0.09719999798107892,True,4235.965650809835
ECC+ChaCha20,5000,3,2720,0.02649999805726111,0.12670000432990491,0.09770000178832561,True,4235.965650809835
ECC+ChaCha20,5000,3,2721,0.02680000034160912,0.12589999823831022,0.09750000026542693,True,4235.965650809835
ECC+ChaCha20,5000,3,2722,0.026299996534362435,0.12620000052265823,0.09750000026542693,True,4235.965650809835
ECC+ChaCha20,5000,3,2723,0.026599998818710446,0.12499999138526618,0.09689999569673091,True,4235.965650809835
ECC+ChaCha20,5000,3,2724,0.026699999580159783,0.12510000669863075,0.09699999645818025,True,4235.965650809835
ECC+ChaCha20,5000,3,2725,0.02680000034160912,0.1250000059371814,0.09760000102687627,True,4235.965650809835
ECC+ChaCha20,5000,3,2726,0.026599998818710446,0.1250000059371814,0.09730001329444349,True,4235.965650809835
ECC+ChaCha20,5000,3,2727,0.026900001103058457,0.12589999823831022,0.09780000254977494,True,4235.965650809835
ECC+ChaCha20,5000,3,2728,0.026699999580159783,0.12499999138526618,0.09790000331122428,True,4235.965650809835
ECC+ChaCha20,5000,3,2729,0.026299996534362435,0.1255999959539622,0.0973999995039776,True,4235.965650809835
ECC+ChaCha20,5000,3,2730,0.02680000034160912,0.12579999747686088,0.09810000483412296,True,4235.965650809835
ECC+ChaCha20,5000,3,2731,0.026500012609176338,0.12570001126732677,0.0973999995039776,True,4235.965650809835
ECC+ChaCha20,5000,3,2732,0.026900001103058457,0.12510000669863075,0.09719999798107892,True,4235.965650809835
ECC+ChaCha20,5000,3,2733,0.026299996534362435,0.12599999899975955,0.09819999104365706,True,4235.965650809835
ECC+ChaCha20,5000,3,2734,0.027000001864507794,0.12509999214671552,0.09750000026542693,True,4235.965650809835
ECC+ChaCha20,5000,3,2735,0.026500012609176338,0.12419999984558672,0.09719999798107892,True,4235.965650809835
ECC+ChaCha20,5000,3,2736,0.03860000288113952,0.1779000012902543,0.10230000771116465,True,4235.965650809835
ECC+ChaCha20,5000,3,2737,0.034500000765547156,0.15799999528098851,0.10140000085812062,True,4235.965650809835
ECC+ChaCha20,5000,3,2738,0.0320999970426783,0.14309999824035913,0.10170000314246863,True,4235.965650809835
ECC+ChaCha20,5000,3,2739,0.027799993404187262,0.12840000272262841,0.09830000635702163,True,4235.965650809835
ECC+ChaCha20,5000,3,2740,0.027000001864507794,0.1269999920623377,0.09859999408945441,True,4235.965650809835
ECC+ChaCha20,5000,3,2741,0.027000001864507794,0.12590001279022545,0.09790000331122428,True,4235.965650809835
ECC+ChaCha20,5000,3,2742,0.026999987312592566,0.12599999899975955,0.09879999561235309,True,4235.965650809835
ECC+ChaCha20,5000,3,2743,0.02680000034160912,0.12599999899975955,0.09780000254977494,True,4235.965650809835
ECC+ChaCha20,5000,3,2744,0.026900001103058457,0.12629998673219234,0.09790000331122428,True,4235.965650809835
ECC+ChaCha20,5000,3,2745,0.026900001103058457,0.12620000052265823,0.09820000559557229,True,4235.965650809835
ECC+ChaCha20,5000,3,2746,0.027299989596940577,0.13079999189358205,0.09800000407267362,True,4235.965650809835
ECC+ChaCha20,5000,3,2747,0.026599998818710446,0.1264000020455569,0.09819999104365706,True,4235.965650809835
ECC+ChaCha20,5000,3,2748,0.026900001103058457,0.12660000356845558,0.09799998952075839,True,4235.965650809835
ECC+ChaCha20,5000,3,2749,0.026599998818710446,0.12440000136848539,0.09790000331122428,True,4235.965650809835
ECC+ChaCha20,5000,3,2750,0.026500012609176338,0.12490000517573208,0.09780000254977494,True,4235.965650809835
ECC+ChaCha20,5000,3,2751,0.02680000034160912,0.1250000059371814,0.09750000026542693,True,4235.965650809835
ECC+ChaCha20,5000,3,2752,0.026599998818710446,0.12579999747686088,0.09859999408945441,True,4235.965650809835
ECC+ChaCha20,5000,3,2753,0.026599998818710446,0.1258000120287761,0.09750000026542693,True,4235.965650809835
ECC+ChaCha20,5000,3,2754,0.02649999805726111,0.12569999671541154,0.09750000026542693,True,4235.965650809835
ECC+ChaCha20,5000,3,2755,0.02710000262595713,0.12560001050587744,0.09780000254977494,True,4235.965650809835
ECC+ChaCha20,5000,3,2756,0.02680000034160912,0.12579999747686088,0.09779998799785972,True,4235.965650809835
ECC+ChaCha20,5000,3,2757,0.026900001103058457,0.1264000020455569,0.09760000102687627,True,4235.965650809835
ECC+ChaCha20,5000,3,2758,0.027799993404187262,0.12630000128410757,0.09709999721962959,True,4235.965650809835
ECC+ChaCha20,5000,3,2759,0.026500012609176338,0.12570001126732677,0.09709999721962959,True,4235.965650809835
ECC+ChaCha20,5000,3,2760,0.026699999580159783,0.12519999290816486,0.09679999493528157,True,4235.965650809835
ECC+ChaCha20,5000,3,2761,0.026599998818710446,0.12539999443106353,0.09809999028220773,True,4235.965650809835
ECC+ChaCha20,5000,3,2762,0.026900001103058457,0.1255000097444281,0.09719999798107892,True,4235.965650809835
ECC+ChaCha20,5000,3,2763,0.026699999580159783,0.1255000097444281,0.0973999995039776,True,4235.965650809835
ECC+ChaCha20,5000,3,2764,0.02680000034160912,0.12569999671541154,0.09770000178832561,True,4235.965650809835
ECC+ChaCha20,5000,3,2765,0.02719998883549124,0.12620000052265823,0.09779998799785972,True,4235.965650809835
ECC+ChaCha20,5000,3,2766,0.02680000034160912,0.12589999823831022,0.09719999798107892,True,4235.965650809835
ECC+ChaCha20,5000,3,2767,0.026699999580159783,0.12450000212993473,0.09690001024864614,True,4235.965650809835
ECC+ChaCha20,5000,3,2768,0.026699999580159783,0.1424999936716631,0.09869999485090375,True,4235.965650809835
ECC+ChaCha20,5000,3,2769,0.027699992642737925,0.12630000128410757,0.09719999798107892,True,4235.965650809835
ECC+ChaCha20,5000,3,2770,0.027300004148855805,0.1260999997612089,0.09770000178832561,True,4235.965650809835
ECC+ChaCha20,5000,3,2771,0.02710000262595713,0.12589999823831022,0.09770000178832561,True,4235.965650809835
ECC+ChaCha20,5000,3,2772,0.02649999805726111,0.1252999936696142,0.13040000339969993,True,4235.965650809835
ECC+ChaCha20,5000,3,2773,0.028800001018680632,0.12700000661425292,0.09780000254977494,True,4235.965650809835
ECC+ChaCha20,5000,3,2774,0.026900001103058457,0.12689999130088836,0.09789998875930905,True,4235.965650809835
ECC+ChaCha20,5000,3,2775,0.026900001103058457,0.12620000052265823,0.09789998875930905,True,4235.965650809835
ECC+ChaCha20,5000,3,2776,0.030499999411404133,0.13679999392479658,0.10109999857377261,True,4235.965650809835
ECC+ChaCha20,5000,3,2777,0.027999994927085936,0.13010000111535192,0.09820000559557229,True,4235.965650809835
ECC+ChaCha20,5000,3,2778,0.027399990358389914,0.1309000072069466,0.09860000864136964,True,4235.965650809835
ECC+ChaCha20,5000,3,2779,0.027400004910305142,0.12660000356845558,0.09780000254977494,True,4235.965650809835
ECC+ChaCha20,5000,3,2780,0.02680000034160912,0.12650000280700624,0.09780000254977494,True,4235.965650809835
ECC+ChaCha20,5000,3,2781,0.026699999580159783,0.1258000120287761,0.09750000026542693,True,4235.965650809835
ECC+ChaCha20,5000,3,2782,0.026599998818710446,0.12650000280700624,0.0973999995039776,True,4235.965650809835
ECC+ChaCha20,5000,3,2783,0.026599998818710446,0.1250000059371814,0.09689999569673091,True,4235.965650809835
ECC+ChaCha20,5000,3,2784,0.02710000262595713,0.12680000509135425,0.09800000407267362,True,4235.965650809835
ECC+ChaCha20,5000,3,2785,0.02680000034160912,0.1247000036528334,0.09750000026542693,True,4235.965650809835
ECC+ChaCha20,5000,3,2786,0.026599998818710446,0.1269999920623377,0.09770000178832561,True,4235.965650809835
ECC+ChaCha20,5000,3,2787,0.026599998818710446,0.12589999823831022,0.09760000102687627,True,4235.965650809835
ECC+ChaCha20,5000,3,2788,0.026399997295811772,0.12499999138526618,0.09760000102687627,True,4235.965650809835
ECC+ChaCha20,5000,3,2789,0.026699999580159783,0.12590001279022545,0.09770000178832561,True,4235.965650809835
ECC+ChaCha20,5000,3,2790,0.02710000262595713,0.12749999586958438,0.09780000254977494,True,4235.965650809835
ECC+ChaCha20,5000,3,2791,0.02649999805726111,0.1260999997612089,0.09810000483412296,True,4235.965650809835
ECC+ChaCha20,5000,3,2792,0.02680000034160912,0.1252999936696142,0.09820000559557229,True,4235.965650809835
ECC+ChaCha20,5000,3,2793,0.02649999805726111,0.12499999138526618,0.09760000102687627,True,4235.965650809835
ECC+ChaCha20,5000,3,2794,0.026400011847727,0.12540000898297876,0.09750000026542693,True,4235.965650809835
ECC+ChaCha20,5000,3,2795,0.026699999580159783,0.12480000441428274,0.0973999995039776,True,4235.965650809835
ECC+ChaCha20,5000,3,2796,0.026699999580159783,0.12569999671541154,0.09770000178832561,True,4235.965650809835
ECC+ChaCha20,5000,3,2797,0.02649999805726111,0.12570001126732677,0.09750000026542693,True,4235.965650809835
ECC+ChaCha20,5000,3,2798,0.026400011847727,0.1264000020455569,0.09799998952075839,True,4235.965650809835
ECC+ChaCha20,5000,3,2799,0.026299996534362435,0.12599999899975955,0.09719999798107892,True,4235.965650809835
ECC+ChaCha20,5000,3,2800,0.026300011086277664,0.1255000097444281,0.0973999995039776,True,4235.965650809835
ECC+ChaCha20,5000,3,2801,0.02649999805726111,0.12460000289138407,0.09709999721962959,True,4235.965650809835
ECC+ChaCha20,5000,3,2802,0.026300011086277664,0.1260999997612089,0.09750000026542693,True,4235.965650809835
ECC+ChaCha20,5000,3,2803,0.026299996534362435,0.12519999290816486,0.09689999569673091,True,4235.965650809835
ECC+ChaCha20,5000,3,2804,0.026299996534362435,0.12539999443106353,0.09769998723641038,True,4235.965650809835
ECC+ChaCha20,5000,3,2805,0.02649999805726111,0.12639998749364167,0.0973999995039776,True,4235.965650809835
ECC+ChaCha20,5000,3,2806,0.027000001864507794,0.12620000052265823,0.0973999995039776,True,4235.965650809835
ECC+ChaCha20,5000,3,2807,0.02649999805726111,0.12540000898297876,0.09670000872574747,True,4235.965650809835
ECC+ChaCha20,5000,3,2808,0.02649999805726111,0.12560001050587744,0.09800000407267362,True,4235.965650809835
ECC+ChaCha20,5000,3,2809,0.027000001864507794,0.12589999823831022,0.0973999995039776,True,4235.965650809835
ECC+ChaCha20,5000,3,2810,0.02710000262595713,0.1297999988310039,0.09810000483412296,True,4235.965650809835
ECC+ChaCha20,5000,3,2811,0.029600007110275328,0.1303000026382506,0.09839999256655574,True,4235.965650809835
ECC+ChaCha20,5000,3,2812,0.027099988074041903,0.12680000509135425,0.09800000407267362,True,4235.965650809835
ECC+ChaCha20,5000,3,2813,0.027000001864507794,0.1264000020455569,0.09750000026542693,True,4235.965650809835
ECC+ChaCha20,5000,3,2814,0.028399997972883284,0.1294999965466559,0.09799998952075839,True,4235.965650809835
ECC+ChaCha20,5000,3,2815,0.02720000338740647,0.1281000004382804,0.09790000331122428,True,4235.965650809835
ECC+ChaCha20,5000,3,2816,0.02720000338740647,0.12680000509135425,0.09760000102687627,True,4235.965650809835
ECC+ChaCha20,5000,3,2817,0.026900001103058457,0.12660000356845558,0.09750000026542693,True,4235.965650809835
ECC+ChaCha20,5000,3,2818,0.026900001103058457,0.1272000081371516,0.09840000711847097,True,4235.965650809835
ECC+ChaCha20,5000,3,2819,0.026699999580159783,0.12680000509135425,0.09769998723641038,True,4235.965650809835
ECC+ChaCha20,5000,3,2820,0.026600013370625675,0.1272000081371516,0.09790000331122428,True,4235.965650809835
ECC+ChaCha20,5000,3,2821,0.026299996534362435,0.12670000432990491,0.09800000407267362,True,4235.965650809835
ECC+ChaCha20,5000,3,2822,0.02649999805726111,0.126499988255091,0.0973999995039776,True,4235.965650809835
ECC+ChaCha20,5000,3,2823,0.02689998655114323,0.12749999586958438,0.09770000178832561,True,4235.965650809835
ECC+ChaCha20,5000,3,2824,0.026599998818710446,0.12629998673219234,0.09699999645818025,True,4235.965650809835
ECC+ChaCha20,5000,3,2825,0.026599998818710446,0.1269000058528036,0.09760000102687627,True,4235.965650809835
ECC+ChaCha20,5000,3,2826,0.026300011086277664,0.12530000822152942,0.09709999721962959,True,4235.965650809835
ECC+ChaCha20,5000,3,2827,0.027000001864507794,0.1269000058528036,0.09719999798107892,True,4235.965650809835
ECC+ChaCha20,5000,3,2828,0.026599998818710446,0.12599999899975955,0.09760000102687627,True,4235.965650809835
ECC+ChaCha20,5000,3,2829,0.02680000034160912,0.12660000356845558,0.09770000178832561,True,4235.965650809835
ECC+ChaCha20,5000,3,2830,0.02670001413207501,0.12630000128410757,0.09769998723641038,True,4235.965650809835
ECC+ChaCha20,5000,3,2831,0.026599998818710446,0.1269000058528036,0.09689999569673091,True,4235.965650809835
ECC+ChaCha20,5000,3,2832,0.02680000034160912,0.1260999997612089,0.09800000407267362,True,4235.965650809835
ECC+ChaCha20,5000,3,2833,0.02670001413207501,0.12680000509135425,0.09770000178832561,True,4235.965650809835
ECC+ChaCha20,5000,3,2834,0.026200010324828327,0.12490000517573208,0.09700001101009548,True,4235.965650809835
ECC+ChaCha20,5000,3,2835,0.026599998818710446,0.12549999519251287,0.09789998875930905,True,4235.965650809835
ECC+ChaCha20,5000,3,2836,0.026599998818710446,0.12560001050587744,0.0973999995039776,True,4235.965650809835
ECC+ChaCha20,5000,3,2837,0.026399997295811772,0.1252000074600801,0.09689999569673091,True,4235.965650809835
ECC+ChaCha20,5000,3,2838,0.026900001103058457,0.12650000280700624,0.09809999028220773,True,4235.965650809835
ECC+ChaCha20,5000,3,2839,0.02720000338740647,0.12700000661425292,0.09790000331122428,True,4235.965650809835
ECC+ChaCha20,5000,3,2840,0.02720000338740647,0.12760001118294895,0.09790000331122428,True,4235.965650809835
ECC+ChaCha20,5000,3,2841,0.026900001103058457,0.12799999967683107,0.09889999637380242,True,4235.965650809835
ECC+ChaCha20,5000,3,2842,0.027000001864507794,0.1303000026382506,0.09919999865815043,True,4235.965650809835
ECC+ChaCha20,5000,3,2843,0.026900001103058457,0.12650000280700624,0.09780000254977494,True,4235.965650809835
ECC+ChaCha20,5000,3,2844,0.027099988074041903,0.12630000128410757,0.0973999995039776,True,4235.965650809835
ECC+ChaCha20,5000,3,2845,0.02680000034160912,0.12549999519251287,0.09729999874252826,True,4235.965650809835
ECC+ChaCha20,5000,3,2846,0.026599998818710446,0.12569999671541154,0.09800000407267362,True,4235.965650809835
ECC+ChaCha20,5000,3,2847,0.02649999805726111,0.12510000669863075,0.09760000102687627,True,4235.965650809835
ECC+ChaCha20,5000,3,2848,0.02680000034160912,0.12630000128410757,0.0973999995039776,True,4235.965650809835
ECC+ChaCha20,5000,3,2849,0.027400004910305142,0.1269999920623377,0.09750000026542693,True,4235.965650809835
ECC+ChaCha20,5000,3,2850,0.026900001103058457,0.12759999663103372,0.09760000102687627,True,4235.965650809835
ECC+ChaCha20,5000,3,2851,0.026900001103058457,0.12620000052265823,0.09770000178832561,True,4235.965650809835
ECC+ChaCha20,5000,3,2852,0.027000001864507794,0.1260999997612089,0.09800000407267362,True,4235.965650809835
ECC+ChaCha20,5000,3,2853,0.027000001864507794,0.12599999899975955,0.09790000331122428,True,4235.965650809835
ECC+ChaCha20,5000,3,2854,0.027000001864507794,0.12599999899975955,0.09799998952075839,True,4235.965650809835
ECC+ChaCha20,5000,3,2855,0.02680000034160912,0.12460000289138407,0.09760000102687627,True,4235.965650809835
ECC+ChaCha20,5000,3,2856,0.026500012609176338,0.12560001050587744,0.09770000178832561,True,4235.965650809835
ECC+ChaCha20,5000,3,2857,0.026599998818710446,0.12579999747686088,0.09709999721962959,True,4235.965650809835
ECC+ChaCha20,5000,3,2858,0.026500012609176338,0.12530000822152942,0.09709999721962959,True,4235.965650809835
ECC+ChaCha20,5000,3,2859,0.02649999805726111,0.12539999443106353,0.09760000102687627,True,4235.965650809835
ECC+ChaCha20,5000,3,2860,0.02689998655114323,0.1255000097444281,0.09810000483412296,True,4235.965650809835
ECC+ChaCha20,5000,3,2861,0.02649999805726111,0.1255000097444281,0.09820000559557229,True,4235.965650809835
ECC+ChaCha20,5000,3,2862,0.026699999580159783,0.12620000052265823,0.09790000331122428,True,4235.965650809835
ECC+ChaCha20,5000,3,2863,0.026699999580159783,0.1250000059371814,0.09770000178832561,True,4235.965650809835
ECC+ChaCha20,5000,3,2864,0.026699999580159783,0.12650000280700624,0.09760000102687627,True,4235.965650809835
ECC+ChaCha20,5000,3,2865,0.026699999580159783,0.12589999823831022,0.09879999561235309,True,4235.965650809835
ECC+ChaCha20,5000,3,2866,0.02710000262595713,0.12599999899975955,0.0973999995039776,True,4235.965650809835
ECC+ChaCha20,5000,3,2867,0.026400011847727,0.1255000097444281,0.09790000331122428,True,4235.965650809835
ECC+ChaCha20,5000,3,2868,0.026599998818710446,0.12659998901654035,0.09760000102687627,True,4235.965650809835
ECC+ChaCha20,5000,3,2869,0.026900001103058457,0.12670000432990491,0.09719999798107892,True,4235.965650809835
ECC+ChaCha20,5000,3,2870,0.026699999580159783,0.12620000052265823,0.09729999874252826,True,4235.965650809835
ECC+ChaCha20,5000,3,2871,0.02649999805726111,0.12590001279022545,0.09760000102687627,True,4235.965650809835
ECC+ChaCha20,5000,3,2872,0.02649999805726111,0.12769999739248306,0.09799998952075839,True,4235.965650809835
ECC+ChaCha20,5000,3,2873,0.026900001103058457,0.12679999053943902,0.09760000102687627,True,4235.965650809835
ECC+ChaCha20,5000,3,2874,0.02680000034160912,0.1297000126214698,0.09750000026542693,True,4235.965650809835
ECC+ChaCha20,5000,3,2875,0.026900001103058457,0.12569999671541154,0.09690001024864614,True,4235.965650809835
ECC+ChaCha20,5000,3,2876,0.026699999580159783,0.1264000020455569,0.09800000407267362,True,4235.965650809835
ECC+ChaCha20,5000,3,2877,0.026699999580159783,0.12679999053943902,0.09780000254977494,True,4235.965650809835
ECC+ChaCha20,5000,3,2878,0.026600013370625675,0.1255000097444281,0.09790000331122428,True,4235.965650809835
ECC+ChaCha20,5000,3,2879,0.026599998818710446,0.12710000737570226,0.0973999995039776,True,4235.965650809835
ECC+ChaCha20,5000,3,2880,0.026900001103058457,0.12599999899975955,0.09720001253299415,True,4235.965650809835
ECC+ChaCha20,5000,3,2881,0.027000001864507794,0.1247000036528334,0.09759998647496104,True,4235.965650809835
ECC+ChaCha20,5000,3,2882,0.02680000034160912,0.12579999747686088,0.0968000094871968,True,4235.965650809835
ECC+ChaCha20,5000,3,2883,0.027000001864507794,0.12519999290816486,0.09760000102687627,True,4235.965650809835
ECC+ChaCha20,5000,3,2884,0.02680000034160912,0.12509999214671552,0.09799998952075839,True,4235.965650809835
ECC+ChaCha20,5000,3,2885,0.027000001864507794,0.1252999936696142,0.0973999995039776,True,4235.965650809835
ECC+ChaCha20,5000,3,2886,0.027000001864507794,0.12490000517573208,0.09770000178832561,True,4235.965650809835
ECC+ChaCha20,5000,3,2887,0.02680000034160912,0.12599999899975955,0.0973999995039776,True,4235.965650809835
ECC+ChaCha20,5000,3,2888,0.07420001202262938,0.2170999941881746,0.11750000703614205,True,4235.965650809835
ECC+ChaCha20,5000,3,2889,0.04410000110510737,0.16149999282788485,0.10879999899771065,True,4235.965650809835
ECC+ChaCha20,5000,3,2890,0.032800002372823656,0.15810001059435308,0.1117999927373603,True,4235.965650809835
ECC+ChaCha20,5000,3,2891,0.029499991796910763,0.12909999350085855,0.09960000170394778,True,4235.965650809835
ECC+ChaCha20,5000,3,2892,0.027400004910305142,0.12959999730810523,0.10000000474974513,True,4235.965650809835
ECC+ChaCha20,5000,3,2893,0.027000001864507794,0.12650000280700624,0.09899999713525176,True,4235.965650809835
ECC+ChaCha20,5000,3,2894,0.028099995688535273,0.1306999911321327,0.09879999561235309,True,4235.965650809835
ECC+ChaCha20,5000,3,2895,0.027099988074041903,0.1272000081371516,0.09830000635702163,True,4235.965650809835
ECC+ChaCha20,5000,3,2896,0.02680000034160912,0.1269000058528036,0.09820000559557229,True,4235.965650809835
ECC+ChaCha20,5000,3,2897,0.026900001103058457,0.1258000120287761,0.09790000331122428,True,4235.965650809835
ECC+ChaCha20,5000,3,2898,0.026599998818710446,0.12739999510813504,0.09879999561235309,True,4235.965650809835
ECC+ChaCha20,5000,3,2899,0.02680000034160912,0.12569999671541154,0.09719999798107892,True,4235.965650809835
ECC+ChaCha20,5000,3,2900,0.026900001103058457,0.12629998673219234,0.09810000483412296,True,4235.965650809835
ECC+ChaCha20,5000,3,2901,0.026699999580159783,0.12540000898297876,0.09760000102687627,True,4235.965650809835
ECC+ChaCha20,5000,3,2902,0.026599998818710446,0.1264000020455569,0.09800000407267362,True,4235.965650809835
ECC+ChaCha20,5000,3,2903,0.026699999580159783,0.12620000052265823,0.09819999104365706,True,4235.965650809835
ECC+ChaCha20,5000,3,2904,0.027299989596940577,0.12650000280700624,0.09820000559557229,True,4235.965650809835
ECC+ChaCha20,5000,3,2905,0.026699999580159783,0.12719999358523637,0.09790000331122428,True,4235.965650809835
ECC+ChaCha20,5000,3,2906,0.026399997295811772,0.13020000187680125,0.09750000026542693,True,4235.965650809835
ECC+ChaCha20,5000,3,2907,0.026699999580159783,0.12599999899975955,0.09780000254977494,True,4235.965650809835
ECC+ChaCha20,5000,3,2908,0.026599998818710446,0.12589999823831022,0.09799998952075839,True,4235.965650809835
ECC+ChaCha20,5000,3,2909,0.02649999805726111,0.12570001126732677,0.0973999995039776,True,4235.965650809835
ECC+ChaCha20,5000,3,2910,0.02649999805726111,0.12589999823831022,0.09799998952075839,True,4235.965650809835
ECC+ChaCha20,5000,3,2911,0.02649999805726111,0.1260999997612089,0.09709999721962959,True,4235.965650809835
ECC+ChaCha20,5000,3,2912,0.02649999805726111,0.12569999671541154,0.09709999721962959,True,4235.965650809835
ECC+ChaCha20,5000,3,2913,0.026900001103058457,0.12630000128410757,0.09709999721962959,True,4235.965650809835
ECC+ChaCha20,5000,3,2914,0.027399990358389914,0.12650000280700624,0.09750000026542693,True,4235.965650809835
ECC+ChaCha20,5000,3,2915,0.02680000034160912,0.126499988255091,0.09709999721962959,True,4235.965650809835
ECC+ChaCha20,5000,3,2916,0.02649999805726111,0.12680000509135425,0.09839999256655574,True,4235.965650809835
ECC+ChaCha20,5000,3,2917,0.026900001103058457,0.12590001279022545,0.09719999798107892,True,4235.965650809835
ECC+ChaCha20,5000,3,2918,0.026299996534362435,0.12599999899975955,0.09819999104365706,True,4235.965650809835
ECC+ChaCha20,5000,3,2919,0.072900002123788,0.18309999722987413,0.10789999214466661,True,4235.965650809835
ECC+ChaCha20,5000,3,2920,0.032500000088475645,0.13949999993201345,0.10209999163635075,True,4235.965650809835
ECC+ChaCha20,5000,3,2921,0.034500000765547156,0.1292000088142231,0.09830000635702163,True,4235.965650809835
ECC+ChaCha20,5000,3,2922,0.02720000338740647,0.12659998901654035,0.0990999978967011,True,4235.965650809835
ECC+ChaCha20,5000,3,2923,0.02780000795610249,0.12769999739248306,0.10720000136643648,True,4235.965650809835
ECC+ChaCha20,5000,3,2924,0.027999994927085936,0.1281000004382804,0.09940000018104911,True,4235.965650809835
ECC+ChaCha20,5000,3,2925,0.027699992642737925,0.12710000737570226,0.09869999485090375,True,4235.965650809835
ECC+ChaCha20,5000,3,2926,0.032500000088475645,0.12939999578520656,0.09869999485090375,True,4235.965650809835
ECC+ChaCha20,5000,3,2927,0.027399990358389914,0.1292000088142231,0.09830000635702163,True,4235.965650809835
ECC+ChaCha20,5000,3,2928,0.027400004910305142,0.12740000966005027,0.1328000071225688,True,4235.965650809835
ECC+ChaCha20,5000,3,2929,0.0416000111727044,0.13150001177564263,0.10000000474974513,True,4235.965650809835
ECC+ChaCha20,5000,3,2930,0.027400004910305142,0.13190000026952475,0.10089999705087394,True,4235.965650809835
ECC+ChaCha20,5000,3,2931,0.027699992642737925,0.1260999997612089,0.09809999028220773,True,4235.965650809835
ECC+ChaCha20,5000,3,2932,0.027099988074041903,0.12650000280700624,0.09760000102687627,True,4235.965650809835
ECC+ChaCha20,5000,3,2933,0.029700007871724665,0.1331999956164509,0.10010000551119447,True,4235.965650809835
ECC+ChaCha20,5000,3,2934,0.02680000034160912,0.12569999671541154,0.09819999104365706,True,4235.965650809835
ECC+ChaCha20,5000,3,2935,0.032899988582357764,0.12739999510813504,0.09849999332800508,True,4235.965650809835
ECC+ChaCha20,5000,3,2936,0.027400004910305142,0.12630000128410757,0.09770000178832561,True,4235.965650809835
ECC+ChaCha20,5000,3,2937,0.027300004148855805,0.1260999997612089,0.10650001058820635,True,4235.965650809835
ECC+ChaCha20,5000,3,2938,0.02710000262595713,0.13179999950807542,0.0973999995039776,True,4235.965650809835
ECC+ChaCha20,5000,3,2939,0.02710000262595713,0.12650000280700624,0.09760000102687627,True,4235.965650809835
ECC+ChaCha20,5000,3,2940,0.027400004910305142,0.12659998901654035,0.09810000483412296,True,4235.965650809835
ECC+ChaCha20,5000,3,2941,0.02710000262595713,0.12539999443106353,0.09800000407267362,True,4235.965650809835
ECC+ChaCha20,5000,3,2942,0.026599998818710446,0.12480000441428274,0.10609999299049377,True,4235.965650809835
ECC+ChaCha20,5000,3,2943,0.026699999580159783,0.12509999214671552,0.09770000178832561,True,4235.965650809835
ECC+ChaCha20,5000,3,2944,0.026900001103058457,0.12530000822152942,0.09790000331122428,True,4235.965650809835
ECC+ChaCha20,5000,3,2945,0.027300004148855805,0.1269999920623377,0.09849999332800508,True,4235.965650809835
ECC+ChaCha20,5000,3,2946,0.026699999580159783,0.1260999997612089,0.09780000254977494,True,4235.965650809835
ECC+ChaCha20,5000,3,2947,0.026399997295811772,0.12530000822152942,0.10550000297371298,True,4235.965650809835
ECC+ChaCha20,5000,3,2948,0.02680000034160912,0.12570001126732677,0.09790000331122428,True,4235.965650809835
ECC+ChaCha20,5000,3,2949,0.026399997295811772,0.12490000517573208,0.09780000254977494,True,4235.965650809835
ECC+ChaCha20,5000,3,2950,0.027300004148855805,0.12599999899975955,0.09750000026542693,True,4235.965650809835
ECC+ChaCha20,5000,3,2951,0.026900001103058457,0.1247000036528334,0.09670000872574747,True,4235.965650809835
ECC+ChaCha20,5000,3,2952,0.026599998818710446,0.12399999832268804,0.10540000221226364,True,4235.965650809835
ECC+ChaCha20,5000,3,2953,0.026399997295811772,0.12600001355167478,0.09699999645818025,True,4235.965650809835
ECC+ChaCha20,5000,3,2954,0.026599998818710446,0.12599999899975955,0.09840000711847097,True,4235.965650809835
ECC+ChaCha20,5000,3,2955,0.027000001864507794,0.12509999214671552,0.0973999995039776,True,4235.965650809835
ECC+ChaCha20,5000,3,2956,0.026599998818710446,0.12589999823831022,0.09849999332800508,True,4235.965650809835
ECC+ChaCha20,5000,3,2957,0.026900001103058457,0.12530000822152942,0.10600000678095967,True,4235.965650809835
ECC+ChaCha20,5000,3,2958,0.026900001103058457,0.12670000432990491,0.09900001168716699,True,4235.965650809835
ECC+ChaCha20,5000,3,2959,0.04410000110510737,0.16179999511223286,0.10699999984353781,True,4235.965650809835
ECC+ChaCha20,5000,3,2960,0.03090000245720148,0.13529999705497175,0.10140000085812062,True,4235.965650809835
ECC+ChaCha20,5000,3,2961,0.03029999788850546,0.13089999265503138,0.09899999713525176,True,4235.965650809835
ECC+ChaCha20,5000,3,2962,0.02929999027401209,0.12969999806955457,0.09879999561235309,True,4235.965650809835
ECC+ChaCha20,5000,3,2963,0.02819999644998461,0.12760001118294895,0.09879999561235309,True,4235.965650809835
ECC+ChaCha20,5000,3,2964,0.0278999941656366,0.12799999967683107,0.09820000559557229,True,4235.965650809835
ECC+ChaCha20,5000,3,2965,0.028599999495781958,0.12650000280700624,0.09800000407267362,True,4235.965650809835
ECC+ChaCha20,5000,3,2966,0.028399997972883284,0.12689999130088836,0.09790000331122428,True,4235.965650809835
ECC+ChaCha20,5000,3,2967,0.02749999111983925,0.12630000128410757,0.09780000254977494,True,4235.965650809835
ECC+ChaCha20,5000,3,2968,0.0278999941656366,0.1272999943466857,0.09719999798107892,True,4235.965650809835
ECC+ChaCha20,5000,3,2969,0.027900008717551827,0.12660000356845558,0.09770000178832561,True,4235.965650809835
ECC+ChaCha20,5000,3,2970,0.028300011763349175,0.13100000796839595,0.09879999561235309,True,4235.965650809835
ECC+ChaCha20,5000,3,2971,0.02780000795610249,0.12670000432990491,0.0985000078799203,True,4235.965650809835
ECC+ChaCha20,5000,3,2972,0.027599991881288588,0.1264000020455569,0.09800000407267362,True,4235.965650809835
ECC+ChaCha20,5000,3,2973,0.027600006433203816,0.12630000128410757,0.09709999721962959,True,4235.965650809835
ECC+ChaCha20,5000,3,2974,0.027799993404187262,0.12509999214671552,0.09869999485090375,True,4235.965650809835
ECC+ChaCha20,5000,3,2975,0.02750000567175448,0.12560001050587744,0.09770000178832561,True,4235.965650809835
ECC+ChaCha20,5000,3,2976,0.027400004910305142,0.12599999899975955,0.09770000178832561,True,4235.965650809835
ECC+ChaCha20,5000,3,2977,0.027000001864507794,0.12579999747686088,0.09809999028220773,True,4235.965650809835
ECC+ChaCha20,5000,3,2978,0.027099988074041903,0.1264000020455569,0.09750000026542693,True,4235.965650809835
ECC+ChaCha20,5000,3,2979,0.02720000338740647,0.1260999997612089,0.09800000407267362,True,4235.965650809835
ECC+ChaCha20,5000,3,2980,0.027099988074041903,0.12650000280700624,0.09760000102687627,True,4235.965650809835
ECC+ChaCha20,5000,3,2981,0.02710000262595713,0.12620000052265823,0.09729999874252826,True,4235.965650809835
ECC+ChaCha20,5000,3,2982,0.02720000338740647,0.12620000052265823,0.09730001329444349,True,4235.965650809835
ECC+ChaCha20,5000,3,2983,0.02680000034160912,0.12549999519251287,0.09760000102687627,True,4235.965650809835
ECC+ChaCha20,5000,3,2984,0.026299996534362435,0.12539999443106353,0.09750000026542693,True,4235.965650809835
ECC+ChaCha20,5000,3,2985,0.02649999805726111,0.12620000052265823,0.09790000331122428,True,4235.965650809835
ECC+ChaCha20,5000,3,2986,0.02649999805726111,0.12579999747686088,0.09820000559557229,True,4235.965650809835
ECC+ChaCha20,5000,3,2987,0.02680000034160912,0.12539999443106353,0.09709999721962959,True,4235.965650809835
ECC+ChaCha20,5000,3,2988,0.02680000034160912,0.1258000120287761,0.09960000170394778,True,4235.965650809835
ECC+ChaCha20,5000,3,2989,0.026399997295811772,0.12530000822152942,0.09729999874252826,True,4235.965650809835
ECC+ChaCha20,5000,3,2990,0.026699999580159783,0.1258000120287761,0.09790000331122428,True,4235.965650809835
ECC+ChaCha20,5000,3,2991,0.026399997295811772,0.1269000058528036,0.09800000407267362,True,4235.965650809835
ECC+ChaCha20,5000,3,2992,0.026400011847727,0.1255000097444281,0.0968000094871968,True,4235.965650809835
ECC+ChaCha20,5000,3,2993,0.026699999580159783,0.12630000128410757,0.09760000102687627,True,4235.965650809835
ECC+ChaCha20,5000,3,2994,0.026699999580159783,0.1255999959539622,0.09830000635702163,True,4235.965650809835
ECC+ChaCha20,5000,3,2995,0.027000001864507794,0.12490000517573208,0.09760000102687627,True,4235.965650809835
ECC+ChaCha20,5000,3,2996,0.02890000178012997,0.12980001338291913,0.09919999865815043,True,4235.965650809835
ECC+ChaCha20,5000,3,2997,0.02720000338740647,0.12749999586958438,0.09919999865815043,True,4235.965650809835
ECC+ChaCha20,5000,3,2998,0.028800001018680632,0.1294999965466559,0.1033000007737428,True,4235.965650809835
ECC+ChaCha20,5000,3,2999,0.028599999495781958,0.12799999967683107,0.10609999299049377,True,4235.965650809835
ECC+ChaCha20,5000,3,3000,0.027299989596940577,0.12670000432990491,0.09810000483412296,True,4235.965650809835
ECC+ChaCha20,5000,3,3001,0.027000001864507794,0.1286000042455271,0.0982999918051064,True,4235.965650809835
ECC+ChaCha20,5000,3,3002,0.026900001103058457,0.12670000432990491,0.09729999874252826,True,4235.965650809835
ECC+ChaCha20,5000,3,3003,0.02710000262595713,0.12519999290816486,0.09799998952075839,True,4235.965650809835
ECC+ChaCha20,5000,3,3004,0.026599998818710446,0.1252000074600801,0.09750000026542693,True,4235.965650809835
ECC+ChaCha20,5000,3,3005,0.02680000034160912,0.12509999214671552,0.09699999645818025,True,4235.965650809835
ECC+ChaCha20,5000,3,3006,0.02649999805726111,0.12519999290816486,0.09770000178832561,True,4235.965650809835
ECC+ChaCha20,5000,3,3007,0.02649999805726111,0.12540000898297876,0.09700001101009548,True,4235.965650809835
ECC+ChaCha20,5000,3,3008,0.02680000034160912,0.1252000074600801,0.09729999874252826,True,4235.965650809835
ECC+ChaCha20,5000,3,3009,0.026299996534362435,0.12460000289138407,0.09699999645818025,True,4235.965650809835
ECC+ChaCha20,5000,3,3010,0.0261999957729131,0.12450000212993473,0.09730001329444349,True,4235.965650809835
ECC+ChaCha20,5000,3,3011,0.026000008801929653,0.1255000097444281,0.10010000551119447,True,4235.965650809835
ECC+ChaCha20,5000,3,3012,0.02610000956337899,0.1250000059371814,0.09759998647496104,True,4235.965650809835
ECC+ChaCha20,5000,3,3013,0.056899996707215905,0.12959999730810523,0.09919999865815043,True,4235.965650809835
ECC+ChaCha20,5000,3,3014,0.027300004148855805,0.12709999282378703,0.09869999485090375,True,4235.965650809835
ECC+ChaCha20,5000,3,3015,0.026500012609176338,0.12530000822152942,0.0973999995039776,True,4235.965650809835
ECC+ChaCha20,5000,3,3016,0.026999987312592566,0.12569999671541154,0.09729999874252826,True,4235.965650809835
ECC+ChaCha20,5000,3,3017,0.02680000034160912,0.12509999214671552,0.09779998799785972,True,4235.965650809835
ECC+ChaCha20,5000,3,3018,0.02710000262595713,0.12570001126732677,0.09729999874252826,True,4235.965650809835
ECC+ChaCha20,5000,3,3019,0.026599998818710446,0.1264000020455569,0.0973999995039776,True,4235.965650809835
ECC+ChaCha20,5000,3,3020,0.02670001413207501,0.12510000669863075,0.09800000407267362,True,4235.965650809835
ECC+ChaCha20,5000,3,3021,0.02649999805726111,0.1250000059371814,0.09779998799785972,True,4235.965650809835
ECC+ChaCha20,5000,3,3022,0.026500012609176338,0.12530000822152942,0.09770000178832561,True,4235.965650809835
ECC+ChaCha20,5000,3,3023,0.026400011847727,0.1264000020455569,0.09780000254977494,True,4235.965650809835
ECC+ChaCha20,5000,3,3024,0.026599998818710446,0.1252999936696142,0.09809999028220773,True,4235.965650809835
ECC+ChaCha20,5000,3,3025,0.026599998818710446,0.12499999138526618,0.09780000254977494,True,4235.965650809835
ECC+ChaCha20,5000,3,3026,0.026399997295811772,0.12509999214671552,0.09770000178832561,True,4235.965650809835
ECC+ChaCha20,5000,3,3027,0.02680000034160912,0.12589999823831022,0.09750000026542693,True,4235.965650809835
ECC+ChaCha20,5000,3,3028,0.027300004148855805,0.12620000052265823,0.09760000102687627,True,4235.965650809835
ECC+ChaCha20,5000,3,3029,0.02649999805726111,0.12450000212993473,0.0973999995039776,True,4235.965650809835
ECC+ChaCha20,5000,3,3030,0.027000001864507794,0.12599999899975955,0.09819999104365706,True,4235.965650809835
ECC+ChaCha20,5000,3,3031,0.027299989596940577,0.12630000128410757,0.09750000026542693,True,4235.965650809835
ECC+ChaCha20,5000,3,3032,0.02680000034160912,0.12569999671541154,0.09760000102687627,True,4235.965650809835
ECC+ChaCha20,5000,3,3033,0.026299996534362435,0.12929999502375722,0.09779998799785972,True,4235.965650809835
ECC+ChaCha20,5000,3,3034,0.043799998820759356,0.12929999502375722,0.09830000635702163,True,4235.965650809835
ECC+ChaCha20,5000,3,3035,0.02710000262595713,0.1269999920623377,0.09819999104365706,True,4235.965650809835
ECC+ChaCha20,5000,3,3036,0.026699999580159783,0.12479998986236751,0.09699999645818025,True,4235.965650809835
ECC+ChaCha20,5000,3,3037,0.027599991881288588,0.1272999943466857,0.09839999256655574,True,4235.965650809835
ECC+ChaCha20,5000,3,3038,0.026699999580159783,0.12539999443106353,0.09729999874252826,True,4235.965650809835
ECC+ChaCha20,5000,3,3039,0.027000001864507794,0.12840000272262841,0.09969998791348189,True,4235.965650809835
ECC+ChaCha20,5000,3,3040,0.02720000338740647,0.12589999823831022,0.09780000254977494,True,4235.965650809835
ECC+ChaCha20,5000,3,3041,0.027700007194653153,0.12740000966005027,0.09890001092571765,True,4235.965650809835
ECC+ChaCha20,5000,3,3042,0.02710000262595713,0.1264000020455569,0.09849999332800508,True,4235.965650809835
ECC+ChaCha20,5000,3,3043,0.026999987312592566,0.12620000052265823,0.09860000864136964,True,4235.965650809835
ECC+ChaCha20,5000,3,3044,0.027099988074041903,0.1277999981539324,0.09899999713525176,True,4235.965650809835
ECC+ChaCha20,5000,3,3045,0.02680000034160912,0.12519999290816486,0.09769998723641038,True,4235.965650809835
ECC+ChaCha20,5000,3,3046,0.026599998818710446,0.12490000517573208,0.09769998723641038,True,4235.965650809835
ECC+ChaCha20,5000,3,3047,0.026900001103058457,0.12569999671541154,0.09800000407267362,True,4235.965650809835
ECC+ChaCha20,5000,3,3048,0.026599998818710446,0.12539999443106353,0.09810000483412296,True,4235.965650809835
ECC+ChaCha20,5000,3,3049,0.02680000034160912,0.12490000517573208,0.0973999995039776,True,4235.965650809835
ECC+ChaCha20,5000,3,3050,0.026699999580159783,0.1255000097444281,0.09800000407267362,True,4235.965650809835
ECC+ChaCha20,5000,3,3051,0.02680000034160912,0.12480000441428274,0.09690001024864614,True,4235.965650809835
ECC+ChaCha20,5000,3,3052,0.026699999580159783,0.1255000097444281,0.0985000078799203,True,4235.965650809835
ECC+ChaCha20,5000,3,3053,0.026599998818710446,0.1255999959539622,0.09700001101009548,True,4235.965650809835
ECC+ChaCha20,5000,3,3054,0.02680000034160912,0.12569999671541154,0.09799998952075839,True,4235.965650809835
ECC+ChaCha20,5000,3,3055,0.02680000034160912,0.12599999899975955,0.09820000559557229,True,4235.965650809835
ECC+ChaCha20,5000,3,3056,0.027299989596940577,0.1255000097444281,0.09859999408945441,True,4235.965650809835
ECC+ChaCha20,5000,3,3057,0.02710000262595713,0.12709999282378703,0.09789998875930905,True,4235.965650809835
ECC+ChaCha20,5000,3,3058,0.02680000034160912,0.12639998749364167,0.09859999408945441,True,4235.965650809835
ECC+ChaCha20,5000,3,3059,0.027000001864507794,0.12630000128410757,0.09770000178832561,True,4235.965650809835
ECC+ChaCha20,5000,3,3060,0.02649999805726111,0.1252999936696142,0.09770000178832561,True,4235.965650809835
ECC+ChaCha20,5000,3,3061,0.026399997295811772,0.12480000441428274,0.09830000635702163,True,4235.965650809835
ECC+ChaCha20,5000,3,3062,0.027300004148855805,0.12730000889860094,0.10000000474974513,True,4235.965650809835
ECC+ChaCha20,5000,3,3063,0.028700000257231295,0.12870000500697643,0.09760000102687627,True,4235.965650809835
ECC+ChaCha20,5000,3,3064,0.027000001864507794,0.1252000074600801,0.09790000331122428,True,4235.965650809835
ECC+ChaCha20,5000,3,3065,0.026900001103058457,0.12939999578520656,0.09810000483412296,True,4235.965650809835
ECC+ChaCha20,5000,3,3066,0.026999987312592566,0.1272999943466857,0.09879999561235309,True,4235.965650809835
ECC+ChaCha20,5000,3,3067,0.027400004910305142,0.12680000509135425,0.09790000331122428,True,4235.965650809835
ECC+ChaCha20,5000,3,3068,0.02710000262595713,0.12509999214671552,0.09819999104365706,True,4235.965650809835
ECC+ChaCha20,5000,3,3069,0.026399997295811772,0.12450000212993473,0.0973999995039776,True,4235.965650809835
ECC+ChaCha20,5000,3,3070,0.02710000262595713,0.12480000441428274,0.09679999493528157,True,4235.965650809835
ECC+ChaCha20,5000,3,3071,0.02680000034160912,0.12530000822152942,0.09750000026542693,True,4235.965650809835
ECC+ChaCha20,5000,3,3072,0.02680000034160912,0.13360001321416348,0.09859999408945441,True,4235.965650809835
ECC+ChaCha20,5000,3,3073,0.027300004148855805,0.12759999663103372,0.0982999918051064,True,4235.965650809835
ECC+ChaCha20,5000,3,3074,0.02680000034160912,0.12679999053943902,0.09750000026542693,True,4235.965650809835
ECC+ChaCha20,5000,3,3075,0.027000001864507794,0.1260999997612089,0.09889999637380242,True,4235.965650809835
ECC+ChaCha20,5000,3,3076,0.030099996365606785,0.1297999988310039,0.09799998952075839,True,4235.965650809835
ECC+ChaCha20,5000,3,3077,0.027000001864507794,0.12490000517573208,0.09760000102687627,True,4235.965650809835
ECC+ChaCha20,5000,3,3078,0.026699999580159783,0.12669998977798969,0.0973999995039776,True,4235.965650809835
ECC+ChaCha20,5000,3,3079,0.02649999805726111,0.1255999959539622,0.09750000026542693,True,4235.965650809835
ECC+ChaCha20,5000,3,3080,0.027299989596940577,0.12670000432990491,0.09780000254977494,True,4235.965650809835
ECC+ChaCha20,5000,3,3081,0.026400011847727,0.12589999823831022,0.0973999995039776,True,4235.965650809835
ECC+ChaCha20,5000,3,3082,0.02680000034160912,0.1247000036528334,0.09760000102687627,True,4235.965650809835
ECC+ChaCha20,5000,3,3083,0.026600013370625675,0.12510000669863075,0.0973999995039776,True,4235.965650809835
ECC+ChaCha20,5000,3,3084,0.026299996534362435,0.1252999936696142,0.09780000254977494,True,4235.965650809835
ECC+ChaCha20,5000,3,3085,0.02680000034160912,0.12499999138526618,0.09800000407267362,True,4235.965650809835
ECC+ChaCha20,5000,3,3086,0.026699999580159783,0.12569999671541154,0.09790000331122428,True,4235.965650809835
ECC+ChaCha20,5000,3,3087,0.026699999580159783,0.12679999053943902,0.09800000407267362,True,4235.965650809835
ECC+ChaCha20,5000,3,3088,0.026399997295811772,0.12549999519251287,0.09750000026542693,True,4235.965650809835
ECC+ChaCha20,5000,3,3089,0.02649999805726111,0.1258000120287761,0.09770000178832561,True,4235.965650809835
ECC+ChaCha20,5000,3,3090,0.02649999805726111,0.12579999747686088,0.09729999874252826,True,4235.965650809835
ECC+ChaCha20,5000,3,3091,0.026699999580159783,0.12539999443106353,0.09789998875930905,True,4235.965650809835
ECC+ChaCha20,5000,3,3092,0.026699999580159783,0.12599999899975955,0.09819999104365706,True,4235.965650809835
ECC+ChaCha20,5000,3,3093,0.027000001864507794,0.12509999214671552,0.09760000102687627,True,4235.965650809835
ECC+ChaCha20,5000,3,3094,0.026699999580159783,0.1252000074600801,0.09770000178832561,True,4235.965650809835
ECC+ChaCha20,5000,3,3095,0.027000001864507794,0.1260999997612089,0.09760000102687627,True,4235.965650809835
ECC+ChaCha20,5000,3,3096,0.02819999644998461,0.1286999904550612,0.09869999485090375,True,4235.965650809835
ECC+ChaCha20,5000,3,3097,0.02750000567175448,0.1306000049225986,0.09810000483412296,True,4235.965650809835
ECC+ChaCha20,5000,3,3098,0.027099988074041903,0.1272000081371516,0.09810000483412296,True,4235.965650809835
ECC+ChaCha20,5000,3,3099,0.027000001864507794,0.12569999671541154,0.09780000254977494,True,4235.965650809835
ECC+ChaCha20,5000,3,3100,0.027000001864507794,0.12589999823831022,0.09810000483412296,True,4235.965650809835
ECC+ChaCha20,5000,3,3101,0.026299996534362435,0.12519999290816486,0.09750000026542693,True,4235.965650809835
ECC+ChaCha20,5000,3,3102,0.026500012609176338,0.1252000074600801,0.09790000331122428,True,4235.965650809835
ECC+ChaCha20,5000,3,3103,0.027000001864507794,0.12589999823831022,0.09709999721962959,True,4235.965650809835
ECC+ChaCha20,5000,3,3104,0.026299996534362435,0.12519999290816486,0.09750000026542693,True,4235.965650809835
ECC+ChaCha20,5000,3,3105,0.02680000034160912,0.1250000059371814,0.09689999569673091,True,4235.965650809835
ECC+ChaCha20,5000,3,3106,0.02680000034160912,0.12599999899975955,0.09760000102687627,True,4235.965650809835
ECC+ChaCha20,5000,3,3107,0.026599998818710446,0.12569999671541154,0.09719999798107892,True,4235.965650809835
ECC+ChaCha20,5000,3,3108,0.026399997295811772,0.12539999443106353,0.09759998647496104,True,4235.965650809835
ECC+ChaCha20,5000,3,3109,0.0261999957729131,0.12489999062381685,0.0973999995039776,True,4235.965650809835
ECC+ChaCha20,5000,3,3110,0.026900001103058457,0.12499999138526618,0.0973999995039776,True,4235.965650809835
ECC+ChaCha20,5000,3,3111,0.031199990189634264,0.13499999477062374,0.10019999172072858,True,4235.965650809835
ECC+ChaCha20,5000,3,3112,0.027699992642737925,0.12749999586958438,0.09859999408945441,True,4235.965650809835
ECC+ChaCha20,5000,3,3113,0.026699999580159783,0.12939999578520656,0.09940000018104911,True,4235.965650809835
ECC+ChaCha20,5000,3,3114,0.02720000338740647,0.12660000356845558,0.0985000078799203,True,4235.965650809835
ECC+ChaCha20,5000,3,3115,0.027399990358389914,0.1272999943466857,0.09879999561235309,True,4235.965650809835
ECC+ChaCha20,5000,3,3116,0.02989999484270811,0.12830000196117908,0.09840000711847097,True,4235.965650809835
ECC+ChaCha20,5000,3,3117,0.02710000262595713,0.12659998901654035,0.09780000254977494,True,4235.965650809835
ECC+ChaCha20,5000,3,3118,0.027000001864507794,0.1260999997612089,0.09780000254977494,True,4235.965650809835
ECC+ChaCha20,5000,3,3119,0.026699999580159783,0.1255999959539622,0.09750000026542693,True,4235.965650809835
ECC+ChaCha20,5000,3,3120,0.02670001413207501,0.12569999671541154,0.09770000178832561,True,4235.965650809835
ECC+ChaCha20,5000,3,3121,0.026599998818710446,0.12479998986236751,0.09689999569673091,True,4235.965650809835
ECC+ChaCha20,5000,3,3122,0.026900001103058457,0.12579999747686088,0.09800000407267362,True,4235.965650809835
ECC+ChaCha20,5000,3,3123,0.026599998818710446,0.12530000822152942,0.0973999995039776,True,4235.965650809835
ECC+ChaCha20,5000,3,3124,0.02649999805726111,0.13129999570082873,0.09810000483412296,True,4235.965650809835
ECC+ChaCha20,5000,3,3125,0.026699999580159783,0.12579999747686088,0.09840000711847097,True,4235.965650809835
ECC+ChaCha20,5000,3,3126,0.026900001103058457,0.12730000889860094,0.09830000635702163,True,4235.965650809835
ECC+ChaCha20,5000,3,3127,0.027400004910305142,0.12590001279022545,0.09760000102687627,True,4235.965650809835
ECC+ChaCha20,5000,3,3128,0.026900001103058457,0.12579999747686088,0.09729999874252826,True,4235.965650809835
ECC+ChaCha20,5000,3,3129,0.026900001103058457,0.1252000074600801,0.09750000026542693,True,4235.965650809835
ECC+ChaCha20,5000,3,3130,0.027299989596940577,0.12680000509135425,0.09760000102687627,True,4235.965650809835
ECC+ChaCha20,5000,3,3131,0.02649999805726111,0.12579999747686088,0.0982999918051064,True,4235.965650809835
ECC+ChaCha20,5000,3,3132,0.026600013370625675,0.12460000289138407,0.0968000094871968,True,4235.965650809835
ECC+ChaCha20,5000,3,3133,0.026399997295811772,0.12519999290816486,0.09760000102687627,True,4235.965650809835
ECC+ChaCha20,5000,3,3134,0.026599998818710446,0.12450000212993473,0.09750000026542693,True,4235.965650809835
ECC+ChaCha20,5000,3,3135,0.02649999805726111,0.1247000036528334,0.09729999874252826,True,4235.965650809835
ECC+ChaCha20,5000,3,3136,0.026599998818710446,0.1500999933341518,0.1007999962894246,True,4235.965650809835
ECC+ChaCha20,5000,3,3137,0.030700000934302807,0.1283999881707132,0.11249999806750566,True,4235.965650809835
ECC+ChaCha20,5000,3,3138,0.02749999111983925,0.1269999920623377,0.09869999485090375,True,4235.965650809835
ECC+ChaCha20,5000,3,3139,0.026599998818710446,0.12579999747686088,0.0973999995039776,True,4235.965650809835
ECC+ChaCha20,5000,3,3140,0.026599998818710446,0.1260999997612089,0.09760000102687627,True,4235.965650809835
ECC+ChaCha20,5000,3,3141,0.026400011847727,0.12579999747686088,0.09810000483412296,True,4235.965650809835
ECC+ChaCha20,5000,3,3142,0.026599998818710446,0.1260999997612089,0.09729999874252826,True,4235.965650809835
ECC+ChaCha20,5000,3,3143,0.026599998818710446,0.1258000120287761,0.09790000331122428,True,4235.965650809835
ECC+ChaCha20,5000,3,3144,0.026400011847727,0.1250000059371814,0.09750000026542693,True,4235.965650809835
ECC+ChaCha20,5000,3,3145,0.026200010324828327,0.12510000669863075,0.09810000483412296,True,4235.965650809835
ECC+ChaCha20,5000,3,3146,0.02649999805726111,0.12460000289138407,0.09750000026542693,True,4235.965650809835
ECC+ChaCha20,5000,3,3147,0.0261999957729131,0.12439998681657016,0.09760000102687627,True,4235.965650809835
ECC+ChaCha20,5000,3,3148,0.02750000567175448,0.12730000889860094,0.09830000635702163,True,4235.965650809835
ECC+ChaCha20,5000,3,3149,0.07069999992381781,0.1824999926611781,0.10740000288933516,True,4235.965650809835
ECC+ChaCha20,5000,3,3150,0.037300007534213364,0.13899999612476677,0.10309999925084412,True,4235.965650809835
ECC+ChaCha20,5000,3,3151,0.028399997972883284,0.1320000010309741,0.09889999637380242,True,4235.965650809835
ECC+ChaCha20,5000,3,3152,0.027599991881288588,0.12739999510813504,0.09810000483412296,True,4235.965650809835
ECC+ChaCha20,5000,3,3153,0.028299997211433947,0.1649999903747812,0.09929999941959977,True,4235.965650809835
ECC+ChaCha20,5000,3,3154,0.02920000406447798,0.13000000035390258,0.12799999967683107,True,4235.965650809835
ECC+ChaCha20,5000,3,3155,0.03650000144261867,0.37379999412223697,0.11630001245066524,True,4235.965650809835
ECC+ChaCha20,5000,3,3156,0.03310000465717167,0.1421999913873151,0.10109999857377261,True,4235.965650809835
ECC+ChaCha20,5000,3,3157,0.02920000406447798,0.12840000272262841,0.09879999561235309,True,4235.965650809835
ECC+ChaCha20,5000,3,3158,0.0278999941656366,0.12850000348407775,0.1309000072069466,True,4235.965650809835
ECC+ChaCha20,5000,3,3159,0.036999990697950125,0.14519999967887998,0.10350000229664147,True,4235.965650809835
ECC+ChaCha20,5000,3,3160,0.02920000406447798,0.13159999798517674,0.10050000855699182,True,4235.965650809835
ECC+ChaCha20,5000,3,3161,0.02819999644998461,0.13220000255387276,0.09780000254977494,True,4235.965650809835
ECC+ChaCha20,5000,3,3162,0.027900008717551827,0.12770001194439828,0.09879999561235309,True,4235.965650809835
ECC+ChaCha20,5000,3,3163,0.027299989596940577,0.1272999943466857,0.09800000407267362,True,4235.965650809835
ECC+ChaCha20,5000,3,3164,0.027699992642737925,0.12680000509135425,0.09729999874252826,True,4235.965650809835
ECC+ChaCha20,5000,3,3165,0.02819999644998461,0.12629998673219234,0.09790000331122428,True,4235.965650809835
ECC+ChaCha20,5000,3,3166,0.027599991881288588,0.12719999358523637,0.09889999637380242,True,4235.965650809835
ECC+ChaCha20,5000,3,3167,0.02720000338740647,0.12589999823831022,0.09760000102687627,True,4235.965650809835
ECC+ChaCha20,5000,3,3168,0.02720000338740647,0.1255999959539622,0.09750000026542693,True,4235.965650809835
ECC+ChaCha20,5000,3,3169,0.027600006433203816,0.12620000052265823,0.09790000331122428,True,4235.965650809835
ECC+ChaCha20,5000,3,3170,0.027600006433203816,0.1264000020455569,0.09890001092571765,True,4235.965650809835
ECC+ChaCha20,5000,3,3171,0.027599991881288588,0.12670000432990491,0.09820000559557229,True,4235.965650809835
ECC+ChaCha20,5000,3,3172,0.026900001103058457,0.12460000289138407,0.09750000026542693,True,4235.965650809835
ECC+ChaCha20,5000,3,3173,0.02710000262595713,0.12599999899975955,0.09750000026542693,True,4235.965650809835
ECC+ChaCha20,5000,3,3174,0.027900008717551827,0.12540000898297876,0.09690001024864614,True,4235.965650809835
ECC+ChaCha20,5000,3,3175,0.02680000034160912,0.12519999290816486,0.09810000483412296,True,4235.965650809835
ECC+ChaCha20,5000,3,3176,0.02720000338740647,0.1250000059371814,0.09760000102687627,True,4235.965650809835
ECC+ChaCha20,5000,3,3177,0.027000001864507794,0.1252000074600801,0.09650000720284879,True,4235.965650809835
ECC+ChaCha20,5000,3,3178,0.027000001864507794,0.12539999443106353,0.09750000026542693,True,4235.965650809835
ECC+ChaCha20,5000,3,3179,0.02750000567175448,0.12499999138526618,0.09709999721962959,True,4235.965650809835
ECC+ChaCha20,5000,3,3180,0.02680000034160912,0.1252999936696142,0.09760000102687627,True,4235.965650809835
ECC+ChaCha20,5000,3,3181,0.02710000262595713,0.12579999747686088,0.09790000331122428,True,4235.965650809835
ECC+ChaCha20,5000,3,3182,0.026999987312592566,0.12530000822152942,0.09760000102687627,True,4235.965650809835
ECC+ChaCha20,5000,3,3183,0.027700007194653153,0.12589999823831022,0.09760000102687627,True,4235.965650809835
ECC+ChaCha20,5000,3,3184,0.029799994081258774,0.1320000010309741,0.10010000551119447,True,4235.965650809835
ECC+ChaCha20,5000,3,3185,0.03929999365936965,0.12759999663103372,0.09839999256655574,True,4235.965650809835
ECC+ChaCha20,5000,3,3186,0.027599991881288588,0.12660000356845558,0.09889999637380242,True,4235.965650809835
ECC+ChaCha20,5000,3,3187,0.027400004910305142,0.1255999959539622,0.09750000026542693,True,4235.965650809835
ECC+ChaCha20,5000,3,3188,0.02720000338740647,0.12670000432990491,0.09830000635702163,True,4235.965650809835
ECC+ChaCha20,5000,3,3189,0.02680000034160912,0.12460000289138407,0.09729999874252826,True,4235.965650809835
ECC+ChaCha20,5000,3,3190,0.02720000338740647,0.12660000356845558,0.09719999798107892,True,4235.965650809835
ECC+ChaCha20,5000,3,3191,0.02680000034160912,0.1255999959539622,0.09679999493528157,True,4235.965650809835
ECC+ChaCha20,5000,3,3192,0.026699999580159783,0.1260999997612089,0.09750000026542693,True,4235.965650809835
ECC+ChaCha20,5000,3,3193,0.026699999580159783,0.12969999806955457,0.09700001101009548,True,4235.965650809835
ECC+ChaCha20,5000,3,3194,0.026699999580159783,0.12659998901654035,0.09849999332800508,True,4235.965650809835
ECC+ChaCha20,5000,3,3195,0.026699999580159783,0.1260999997612089,0.09770000178832561,True,4235.965650809835
ECC+ChaCha20,5000,3,3196,0.02649999805726111,0.1252000074600801,0.09760000102687627,True,4235.965650809835
ECC+ChaCha20,5000,3,3197,0.026699999580159783,0.1247000036528334,0.0968000094871968,True,4235.965650809835
ECC+ChaCha20,5000,3,3198,0.026599998818710446,0.12579999747686088,0.09809999028220773,True,4235.965650809835
ECC+ChaCha20,5000,3,3199,0.026900001103058457,0.12440000136848539,0.09719999798107892,True,4235.965650809835
ECC+ChaCha20,5000,3,3200,0.026900001103058457,0.12549999519251287,0.09690001024864614,True,4235.965650809835
ECC+ChaCha20,5000,3,3201,0.02649999805726111,0.12539999443106353,0.09769998723641038,True,4235.965650809835
ECC+ChaCha20,5000,3,3202,0.026599998818710446,0.1252000074600801,0.09750000026542693,True,4235.965650809835
ECC+ChaCha20,5000,3,3203,0.026900001103058457,0.12599999899975955,0.09780000254977494,True,4235.965650809835
ECC+ChaCha20,5000,3,3204,0.026599998818710446,0.12579999747686088,0.09790000331122428,True,4235.965650809835
ECC+ChaCha20,5000,3,3205,0.02710000262595713,0.126499988255091,0.09699999645818025,True,4235.965650809835
ECC+ChaCha20,5000,3,3206,0.026699999580159783,0.12620000052265823,0.09860000864136964,True,4235.965650809835
ECC+ChaCha20,5000,3,3207,0.026699999580159783,0.12710000737570226,0.09869999485090375,True,4235.965650809835
ECC+ChaCha20,5000,3,3208,0.02719998883549124,0.12660000356845558,0.09890001092571765,True,4235.965650809835
ECC+ChaCha20,5000,3,3209,0.027900008717551827,0.1260999997612089,0.09819999104365706,True,4235.965650809835
ECC+ChaCha20,5000,3,3210,0.026600013370625675,0.1260999997612089,0.0982999918051064,True,4235.965650809835
ECC+ChaCha20,5000,3,3211,0.026599998818710446,0.1247000036528334,0.09780000254977494,True,4235.965650809835
ECC+ChaCha20,5000,3,3212,0.026599998818710446,0.1264000020455569,0.09780000254977494,True,4235.965650809835
ECC+ChaCha20,5000,3,3213,0.026200010324828327,0.12620000052265823,0.09750000026542693,True,4235.965650809835
ECC+ChaCha20,5000,3,3214,0.02680000034160912,0.12670000432990491,0.0985000078799203,True,4235.965650809835
ECC+ChaCha20,5000,3,3215,0.026900001103058457,0.12560001050587744,0.09709999721962959,True,4235.965650809835
ECC+ChaCha20,5000,3,3216,0.02680000034160912,0.12660000356845558,0.0982999918051064,True,4235.965650809835
ECC+ChaCha20,5000,3,3217,0.02710000262595713,0.12569999671541154,0.09750000026542693,True,4235.965650809835
ECC+ChaCha20,5000,3,3218,0.02649999805726111,0.12680000509135425,0.09820000559557229,True,4235.965650809835
ECC+ChaCha20,5000,3,3219,0.02680000034160912,0.12549999519251287,0.09750000026542693,True,4235.965650809835
ECC+ChaCha20,5000,3,3220,0.026299996534362435,0.12430000060703605,0.09810000483412296,True,4235.965650809835
ECC+ChaCha20,5000,3,3221,0.026400011847727,0.12680000509135425,0.09750000026542693,True,4235.965650809835
ECC+ChaCha20,5000,3,3222,0.026699999580159783,0.1272999943466857,0.09729999874252826,True,4235.965650809835
ECC+ChaCha20,5000,3,3223,0.027299989596940577,0.12739999510813504,0.09790000331122428,True,4235.965650809835
ECC+ChaCha20,5000,3,3224,0.029800008633174002,0.13420000323094428,0.10320000001229346,True,4235.965650809835
ECC+ChaCha20,5000,3,3225,0.028399997972883284,0.13380000018514693,0.09929999941959977,True,4235.965650809835
ECC+ChaCha20,5000,3,3226,0.02780000795610249,0.12770001194439828,0.09820000559557229,True,4235.965650809835
ECC+ChaCha20,5000,3,3227,0.02710000262595713,0.12739999510813504,0.09820000559557229,True,4235.965650809835
ECC+ChaCha20,5000,3,3228,0.027000001864507794,0.12670000432990491,0.09780000254977494,True,4235.965650809835
ECC+ChaCha20,5000,3,3229,0.026599998818710446,0.1250000059371814,0.09719999798107892,True,4235.965650809835
ECC+ChaCha20,5000,3,3230,0.02720000338740647,0.1269000058528036,0.09790000331122428,True,4235.965650809835
ECC+ChaCha20,5000,3,3231,0.02710000262595713,0.12669998977798969,0.09770000178832561,True,4235.965650809835
ECC+ChaCha20,5000,3,3232,0.026699999580159783,0.12579999747686088,0.09770000178832561,True,4235.965650809835
ECC+ChaCha20,5000,3,3233,0.02680000034160912,0.1264000020455569,0.09800000407267362,True,4235.965650809835
ECC+ChaCha20,5000,3,3234,0.026699999580159783,0.1260999997612089,0.09790000331122428,True,4235.965650809835
ECC+ChaCha20,5000,3,3235,0.027000001864507794,0.12659998901654035,0.09729999874252826,True,4235.965650809835
ECC+ChaCha20,5000,3,3236,0.026599998818710446,0.12530000822152942,0.09760000102687627,True,4235.965650809835
ECC+ChaCha20,5000,3,3237,0.027300004148855805,0.12670000432990491,0.0973999995039776,True,4235.965650809835
ECC+ChaCha20,5000,3,3238,0.026900001103058457,0.12540000898297876,0.09719999798107892,True,4235.965650809835
ECC+ChaCha20,5000,3,3239,0.026599998818710446,0.12589999823831022,0.09880001016426831,True,4235.965650809835
ECC+ChaCha20,5000,3,3240,0.02680000034160912,0.12709999282378703,0.09869999485090375,True,4235.965650809835
ECC+ChaCha20,5000,3,3241,0.026699999580159783,0.1272999943466857,0.09899999713525176,True,4235.965650809835
ECC+ChaCha20,5000,3,3242,0.027700007194653153,0.12539999443106353,0.09799998952075839,True,4235.965650809835
ECC+ChaCha20,5000,3,3243,0.026599998818710446,0.12509999214671552,0.09799998952075839,True,4235.965650809835
ECC+ChaCha20,5000,3,3244,0.02710000262595713,0.1255000097444281,0.09790000331122428,True,4235.965650809835
ECC+ChaCha20,5000,3,3245,0.026699999580159783,0.12519999290816486,0.09729999874252826,True,4235.965650809835
ECC+ChaCha20,5000,3,3246,0.026599998818710446,0.12549999519251287,0.0965999934123829,True,4235.965650809835
ECC+ChaCha20,5000,3,3247,0.0261999957729131,0.12569999671541154,0.09730001329444349,True,4235.965650809835
ECC+ChaCha20,5000,3,3248,0.026399997295811772,0.12840000272262841,0.09719999798107892,True,4235.965650809835
ECC+ChaCha20,5000,3,3249,0.027799993404187262,0.1277999981539324,0.09770000178832561,True,4235.965650809835
ECC+ChaCha20,5000,3,3250,0.027699992642737925,0.12739999510813504,0.0982999918051064,True,4235.965650809835
ECC+ChaCha20,5000,3,3251,0.027000001864507794,0.12620000052265823,0.09750000026542693,True,4235.965650809835
ECC+ChaCha20,5000,3,3252,0.026599998818710446,0.12630000128410757,0.09780000254977494,True,4235.965650809835
ECC+ChaCha20,5000,3,3253,0.02649999805726111,0.12589999823831022,0.09830000635702163,True,4235.965650809835
ECC+ChaCha20,5000,3,3254,0.028599999495781958,0.12989999959245324,0.09950000094249845,True,4235.965650809835
ECC+ChaCha20,5000,3,3255,0.027300004148855805,0.12789999891538173,0.09900001168716699,True,4235.965650809835
ECC+ChaCha20,5000,3,3256,0.02680000034160912,0.1297999988310039,0.09870000940281898,True,4235.965650809835
ECC+ChaCha20,5000,3,3257,0.02749999111983925,0.1255999959539622,0.09879999561235309,True,4235.965650809835
ECC+ChaCha20,5000,3,3258,0.02680000034160912,0.12530000822152942,0.09750000026542693,True,4235.965650809835
ECC+ChaCha20,5000,3,3259,0.026599998818710446,0.12549999519251287,0.09789998875930905,True,4235.965650809835
ECC+ChaCha20,5000,3,3260,0.026900001103058457,0.14239999291021377,0.09929999941959977,True,4235.965650809835
ECC+ChaCha20,5000,3,3261,0.028700000257231295,0.12660000356845558,0.09729999874252826,True,4235.965650809835
ECC+ChaCha20,5000,3,3262,0.026699999580159783,0.12599999899975955,0.09760000102687627,True,4235.965650809835
ECC+ChaCha20,5000,3,3263,0.02719998883549124,0.1264000020455569,0.09779998799785972,True,4235.965650809835
ECC+ChaCha20,5000,3,3264,0.02680000034160912,0.12530000822152942,0.12399999832268804,True,4235.965650809835
ECC+ChaCha20,5000,3,3265,0.04510000871960074,0.16199999663513154,0.10869999823626131,True,4235.965650809835
ECC+ChaCha20,5000,3,3266,0.03670000296551734,0.14650000957772136,0.10579999070614576,True,4235.965650809835
ECC+ChaCha20,5000,3,3267,0.028599999495781958,0.12900000729132444,0.09880001016426831,True,4235.965650809835
ECC+ChaCha20,5000,3,3268,0.03339999238960445,0.12820000119972974,0.09920001321006566,True,4235.965650809835
ECC+ChaCha20,5000,3,3269,0.027299989596940577,0.12709999282378703,0.09800000407267362,True,4235.965650809835
ECC+ChaCha20,5000,3,3270,0.027400004910305142,0.126499988255091,0.09889999637380242,True,4235.965650809835
ECC+ChaCha20,5000,3,3271,0.027599991881288588,0.12589999823831022,0.09799998952075839,True,4235.965650809835
ECC+ChaCha20,5000,3,3272,0.027000001864507794,0.1255000097444281,0.09780000254977494,True,4235.965650809835
ECC+ChaCha20,5000,3,3273,0.027300004148855805,0.12589999823831022,0.09760000102687627,True,4235.965650809835
ECC+ChaCha20,5000,3,3274,0.02710000262595713,0.12579999747686088,0.09760000102687627,True,4235.965650809835
ECC+ChaCha20,5000,3,3275,0.027299989596940577,0.1255999959539622,0.09719999798107892,True,4235.965650809835
ECC+ChaCha20,5000,3,3276,0.027300004148855805,0.12620000052265823,0.09810000483412296,True,4235.965650809835
ECC+ChaCha20,5000,3,3277,0.027400004910305142,0.1264000020455569,0.09709999721962959,True,4235.965650809835
ECC+ChaCha20,5000,3,3278,0.027599991881288588,0.12599999899975955,0.09789998875930905,True,4235.965650809835
ECC+ChaCha20,5000,3,3279,0.027299989596940577,0.12490000517573208,0.09800000407267362,True,4235.965650809835
ECC+ChaCha20,5000,3,3280,0.02680000034160912,0.12540000898297876,0.09800000407267362,True,4235.965650809835
ECC+ChaCha20,5000,3,3281,0.026900001103058457,0.12630000128410757,0.09729999874252826,True,4235.965650809835
ECC+ChaCha20,5000,3,3282,0.027000001864507794,0.12579999747686088,0.09820000559557229,True,4235.965650809835
ECC+ChaCha20,5000,3,3283,0.02680000034160912,0.1264000020455569,0.09719999798107892,True,4235.965650809835
ECC+ChaCha20,5000,3,3284,0.027099988074041903,0.1260999997612089,0.0973999995039776,True,4235.965650809835
ECC+ChaCha20,5000,3,3285,0.02720000338740647,0.12599999899975955,0.09859999408945441,True,4235.965650809835
ECC+ChaCha20,5000,3,3286,0.02710000262595713,0.12620000052265823,0.09820000559557229,True,4235.965650809835
ECC+ChaCha20,5000,3,3287,0.026699999580159783,0.1250000059371814,0.0973999995039776,True,4235.965650809835
ECC+ChaCha20,5000,3,3288,0.026699999580159783,0.13019998732488602,0.0982999918051064,True,4235.965650809835
ECC+ChaCha20,5000,3,3289,0.026900001103058457,0.12519999290816486,0.0973999995039776,True,4235.965650809835
ECC+ChaCha20,5000,3,3290,0.026400011847727,0.12490000517573208,0.09780000254977494,True,4235.965650809835
ECC+ChaCha20,5000,3,3291,0.026699999580159783,0.12629998673219234,0.09899999713525176,True,4235.965650809835
ECC+ChaCha20,5000,3,3292,0.02710000262595713,0.12669998977798969,0.09719999798107892,True,4235.965650809835
ECC+ChaCha20,5000,3,3293,0.02680000034160912,0.12589999823831022,0.0973999995039776,True,4235.965650809835
ECC+ChaCha20,5000,3,3294,0.02680000034160912,0.12599999899975955,0.09859999408945441,True,4235.965650809835
ECC+ChaCha20,5000,3,3295,0.02680000034160912,0.12599999899975955,0.09820000559557229,True,4235.965650809835
ECC+ChaCha20,5000,3,3296,0.026699999580159783,0.12579999747686088,0.09770000178832561,True,4235.965650809835
ECC+ChaCha20,5000,3,3297,0.02710000262595713,0.12540000898297876,0.09719999798107892,True,4235.965650809835
ECC+ChaCha20,5000,3,3298,0.026699999580159783,0.12579999747686088,0.09760000102687627,True,4235.965650809835
ECC+ChaCha20,5000,3,3299,0.02680000034160912,0.12540000898297876,0.09760000102687627,True,4235.965650809835
ECC+ChaCha20,5000,3,3300,0.02649999805726111,0.12510000669863075,0.09830000635702163,True,4235.965650809835
ECC+ChaCha20,5000,3,3301,0.0261999957729131,0.12409999908413738,0.09719999798107892,True,4235.965650809835
ECC+ChaCha20,5000,3,3302,0.026699999580159783,0.12579999747686088,0.09839999256655574,True,4235.965650809835
ECC+ChaCha20,5000,3,3303,0.026500012609176338,0.1255000097444281,0.09790000331122428,True,4235.965650809835
ECC+ChaCha20,5000,3,3304,0.029099988751113415,0.1328999933321029,0.10049999400507659,True,4235.965650809835
ECC+ChaCha20,5000,3,3305,0.027700007194653153,0.1281000004382804,0.09960000170394778,True,4235.965650809835
ECC+ChaCha20,5000,3,3306,0.027699992642737925,0.12680000509135425,0.0999000039882958,True,4235.965650809835
ECC+ChaCha20,5000,3,3307,0.027700007194653153,0.12679999053943902,0.09819999104365706,True,4235.965650809835
ECC+ChaCha20,5000,3,3308,0.026699999580159783,0.1269999920623377,0.09830000635702163,True,4235.965650809835
ECC+ChaCha20,5000,3,3309,0.02720000338740647,0.1272000081371516,0.09810000483412296,True,4235.965650809835
ECC+ChaCha20,5000,3,3310,0.026699999580159783,0.12719999358523637,0.09869999485090375,True,4235.965650809835
ECC+ChaCha20,5000,3,3311,0.026900001103058457,0.12569999671541154,0.09839999256655574,True,4235.965650809835
ECC+ChaCha20,5000,3,3312,0.026599998818710446,0.12570001126732677,0.09770000178832561,True,4235.965650809835
ECC+ChaCha20,5000,3,3313,0.027099988074041903,0.12589999823831022,0.09819999104365706,True,4235.965650809835
ECC+ChaCha20,5000,3,3314,0.027000001864507794,0.12660000356845558,0.09849999332800508,True,4235.965650809835
ECC+ChaCha20,5000,3,3315,0.026900001103058457,0.12539999443106353,0.09750000026542693,True,4235.965650809835
ECC+ChaCha20,5000,3,3316,0.026900001103058457,0.12509999214671552,0.09780000254977494,True,4235.965650809835
ECC+ChaCha20,5000,3,3317,0.027400004910305142,0.1264000020455569,0.09810000483412296,True,4235.965650809835
ECC+ChaCha20,5000,3,3318,0.02680000034160912,0.1252999936696142,0.09780000254977494,True,4235.965650809835
ECC+ChaCha20,5000,3,3319,0.026999987312592566,0.12540000898297876,0.09830000635702163,True,4235.965650809835
ECC+ChaCha20,5000,3,3320,0.027299989596940577,0.12959999730810523,0.09819999104365706,True,4235.965650809835
ECC+ChaCha20,5000,3,3321,0.027000001864507794,0.1275000104214996,0.09820000559557229,True,4235.965650809835
ECC+ChaCha20,5000,3,3322,0.028700000257231295,0.12789999891538173,0.09860000864136964,True,4235.965650809835
ECC+ChaCha20,5000,3,3323,0.026699999580159783,0.12490000517573208,0.0973999995039776,True,4235.965650809835
ECC+ChaCha20,5000,3,3324,0.02680000034160912,0.1260999997612089,0.09760000102687627,True,4235.965650809835
ECC+ChaCha20,5000,3,3325,0.026399997295811772,0.12590001279022545,0.09770000178832561,True,4235.965650809835
ECC+ChaCha20,5000,3,3326,0.02649999805726111,0.12569999671541154,0.0973999995039776,True,4235.965650809835
ECC+ChaCha20,5000,3,3327,0.026399997295811772,0.1255999959539622,0.09860000864136964,True,4235.965650809835
ECC+ChaCha20,5000,3,3328,0.026299996534362435,0.12519999290816486,0.09809999028220773,True,4235.965650809835
ECC+ChaCha20,5000,3,3329,0.0261999957729131,0.12419999984558672,0.09729999874252826,True,4235.965650809835
ECC+ChaCha20,5000,3,3330,0.026900001103058457,0.1260999997612089,0.09790000331122428,True,4235.965650809835
ECC+ChaCha20,5000,3,3331,0.026699999580159783,0.1255999959539622,0.09799998952075839,True,4235.965650809835
ECC+ChaCha20,5000,3,3332,0.026699999580159783,0.12540000898297876,0.09770000178832561,True,4235.965650809835
ECC+ChaCha20,5000,3,3333,0.026699999580159783,0.12589999823831022,0.09699999645818025,True,4235.965650809835
ECC+ChaCha20,5000,3,3334,0.026200010324828327,0.12589999823831022,0.0973999995039776,True,4235.965650809835
ECC+ChaCha20,5000,3,3335,0.026299996534362435,0.12519999290816486,0.0973999995039776,True,4235.965650809835
ECC+ChaCha20,5000,3,3336,0.026699999580159783,0.12669998977798969,0.09819999104365706,True,4235.965650809835
ECC+ChaCha20,5000,3,3337,0.026900001103058457,0.12689999130088836,0.09809999028220773,True,4235.965650809835
ECC+ChaCha20,5000,3,3338,0.027000001864507794,0.12630000128410757,0.0982999918051064,True,4235.965650809835
ECC+ChaCha20,5000,3,3339,0.02649999805726111,0.12539999443106353,0.09780000254977494,True,4235.965650809835
ECC+ChaCha20,5000,3,3340,0.02680000034160912,0.1252999936696142,0.09729999874252826,True,4235.965650809835
ECC+ChaCha20,5000,3,3341,0.026399997295811772,0.12549999519251287,0.09800000407267362,True,4235.965650809835
ECC+ChaCha20,5000,3,3342,0.026399997295811772,0.12480000441428274,0.09729999874252826,True,4235.965650809835
ECC+ChaCha20,5000,3,3343,0.02649999805726111,0.12490000517573208,0.09729999874252826,True,4235.965650809835
ECC+ChaCha20,5000,3,3344,0.028099995688535273,0.12989999959245324,0.0999000039882958,True,4235.965650809835
ECC+ChaCha20,5000,3,3345,0.027400004910305142,0.1281000004382804,0.09869999485090375,True,4235.965650809835
ECC+ChaCha20,5000,3,3346,0.027099988074041903,0.12820000119972974,0.10000000474974513,True,4235.965650809835
ECC+ChaCha20,5000,3,3347,0.027900008717551827,0.12590001279022545,0.09750000026542693,True,4235.965650809835
ECC+ChaCha20,5000,3,3348,0.026900001103058457,0.1252999936696142,0.09799998952075839,True,4235.965650809835
ECC+ChaCha20,5000,3,3349,0.027699992642737925,0.12759999663103372,0.09819999104365706,True,4235.965650809835
ECC+ChaCha20,5000,3,3350,0.027300004148855805,0.1260999997612089,0.09750000026542693,True,4235.965650809835
ECC+ChaCha20,5000,3,3351,0.027000001864507794,0.1269999920623377,0.09980000322684646,True,4235.965650809835
ECC+ChaCha20,5000,3,3352,0.026900001103058457,0.13000000035390258,0.09830000635702163,True,4235.965650809835
ECC+ChaCha20,5000,3,3353,0.02710000262595713,0.12740000966005027,0.09790000331122428,True,4235.965650809835
ECC+ChaCha20,5000,3,3354,0.027400004910305142,0.126199985970743,0.09750000026542693,True,4235.965650809835
ECC+ChaCha20,5000,3,3355,0.027299989596940577,0.12569999671541154,0.09699999645818025,True,4235.965650809835
ECC+ChaCha20,5000,3,3356,0.02710000262595713,0.12579999747686088,0.09770000178832561,True,4235.965650809835
ECC+ChaCha20,5000,3,3357,0.026599998818710446,0.1252999936696142,0.09800000407267362,True,4235.965650809835
ECC+ChaCha20,5000,3,3358,0.026399997295811772,0.12530000822152942,0.09800000407267362,True,4235.965650809835
ECC+ChaCha20,5000,3,3359,0.026699999580159783,0.12530000822152942,0.09760000102687627,True,4235.965650809835
ECC+ChaCha20,5000,3,3360,0.026599998818710446,0.12659998901654035,0.0982999918051064,True,4235.965650809835
ECC+ChaCha20,5000,3,3361,0.026699999580159783,0.1247000036528334,0.0973999995039776,True,4235.965650809835
ECC+ChaCha20,5000,3,3362,0.026399997295811772,0.12530000822152942,0.09750000026542693,True,4235.965650809835
ECC+ChaCha20,5000,3,3363,0.02720000338740647,0.1255000097444281,0.0973999995039776,True,4235.965650809835
ECC+ChaCha20,5000,3,3364,0.02680000034160912,0.12669998977798969,0.09679999493528157,True,4235.965650809835
ECC+ChaCha20,5000,3,3365,0.026599998818710446,0.12560001050587744,0.09709999721962959,True,4235.965650809835
ECC+ChaCha20,5000,3,3366,0.026699999580159783,0.12650000280700624,0.09790000331122428,True,4235.965650809835
ECC+ChaCha20,5000,3,3367,0.027400004910305142,0.12620000052265823,0.09699999645818025,True,4235.965650809835
ECC+ChaCha20,5000,3,3368,0.02649999805726111,0.12570001126732677,0.09729999874252826,True,4235.965650809835
ECC+ChaCha20,5000,3,3369,0.026299996534362435,0.12479998986236751,0.09709999721962959,True,4235.965650809835
ECC+ChaCha20,5000,3,3370,0.02680000034160912,0.1252000074600801,0.09699999645818025,True,4235.965650809835
ECC+ChaCha20,5000,3,3371,0.026900001103058457,0.12440000136848539,0.09689999569673091,True,4235.965650809835
ECC+ChaCha20,5000,3,3372,0.02680000034160912,0.1252999936696142,0.09729999874252826,True,4235.965650809835
ECC+ChaCha20,5000,3,3373,0.026699999580159783,0.12390001211315393,0.09670000872574747,True,4235.965650809835
ECC+ChaCha20,5000,3,3374,0.02649999805726111,0.12599999899975955,0.09810000483412296,True,4235.965650809835
ECC+ChaCha20,5000,3,3375,0.026599998818710446,0.1255999959539622,0.09809999028220773,True,4235.965650809835
ECC+ChaCha20,5000,3,3376,0.02649999805726111,0.1252999936696142,0.09760000102687627,True,4235.965650809835
ECC+ChaCha20,5000,3,3377,0.026600013370625675,0.12569999671541154,0.09790000331122428,True,4235.965650809835
ECC+ChaCha20,5000,3,3378,0.026599998818710446,0.12549999519251287,0.09679999493528157,True,4235.965650809835
ECC+ChaCha20,5000,3,3379,0.02680000034160912,0.12570001126732677,0.10069999552797526,True,4235.965650809835
ECC+ChaCha20,5000,3,3380,0.02680000034160912,0.1252000074600801,0.0973999995039776,True,4235.965650809835
ECC+ChaCha20,5000,3,3381,0.027300004148855805,0.12680000509135425,0.09780000254977494,True,4235.965650809835
ECC+ChaCha20,5000,3,3382,0.027400004910305142,0.12659998901654035,0.09800000407267362,True,4235.965650809835
ECC+ChaCha20,5000,3,3383,0.026699999580159783,0.12549999519251287,0.09789998875930905,True,4235.965650809835
ECC+ChaCha20,5000,3,3384,0.02649999805726111,0.20960000983905047,0.15900000289548188,True,4235.965650809835
ECC+ChaCha20,5000,3,3385,0.04820000322069973,0.16020001203287393,0.10809999366756529,True,4235.965650809835
ECC+ChaCha20,5000,3,3386,0.03339999238960445,0.13640000543091446,0.10150000161956996,True,4235.965650809835
ECC+ChaCha20,5000,3,3387,0.04259998968336731,0.16039999900385737,0.11100000119768083,True,4235.965650809835
ECC+ChaCha20,5000,3,3388,0.031799994758330286,0.13809998927172273,0.10399999155197293,True,4235.965650809835
ECC+ChaCha20,5000,3,3389,0.029999995604157448,0.13190000026952475,0.10070001007989049,True,4235.965650809835
ECC+ChaCha20,5000,3,3390,0.037299992982298136,0.14519999967887998,0.10469999688211828,True,4235.965650809835
ECC+ChaCha20,5000,3,3391,0.03029999788850546,0.13259999104775488,0.10130000009667128,True,4235.965650809835
ECC+ChaCha20,5000,3,3392,0.029600007110275328,0.13169999874662608,0.10150000161956996,True,4235.965650809835
ECC+ChaCha20,5000,3,3393,0.0295999925583601,0.1297999988310039,0.10069999552797526,True,4235.965650809835
ECC+ChaCha20,5000,3,3394,0.0295999925583601,0.13010000111535192,0.10120001388713717,True,4235.965650809835
ECC+ChaCha20,5000,3,3395,0.029300004825927317,0.13059999037068337,0.10150000161956996,True,4235.965650809835
ECC+ChaCha20,5000,3,3396,0.029800008633174002,0.13120000949129462,0.10140000085812062,True,4235.965650809835
ECC+ChaCha20,5000,3,3397,0.04369999805931002,0.16630000027362257,0.11379999341443181,True,4235.965650809835
ECC+ChaCha20,5000,3,3398,0.03189999551977962,0.1390999968862161,0.10450000991113484,True,4235.965650809835
ECC+ChaCha20,5000,3,3399,0.029999995604157448,0.13420000323094428,0.10299999848939478,True,4235.965650809835
ECC+ChaCha20,5000,3,3400,0.02920000406447798,0.13359999866224825,0.10369998926762491,True,4235.965650809835
ECC+ChaCha20,5000,3,3401,0.029399991035461426,0.13159999798517674,0.10180000390391797,True,4235.965650809835
ECC+ChaCha20,5000,3,3402,0.028799986466765404,0.13020000187680125,0.10210000618826598,True,4235.965650809835
ECC+ChaCha20,5000,3,3403,0.03850000211969018,0.15100000018719584,0.10820000898092985,True,4235.965650809835
ECC+ChaCha20,5000,3,3404,0.030499999411404133,0.13729999773204327,0.10450000991113484,True,4235.965650809835
ECC+ChaCha20,5000,3,3405,0.030000010156072676,0.13320001016836613,0.10320000001229346,True,4235.965650809835
ECC+ChaCha20,5000,3,3406,0.02890000178012997,0.13169999874662608,0.10099999781232327,True,4235.965650809835
ECC+ChaCha20,5000,3,3407,0.028300011763349175,0.13040000339969993,0.1007999962894246,True,4235.965650809835
ECC+ChaCha20,5000,3,3408,0.028399997972883284,0.13359999866224825,0.102700010756962,True,4235.965650809835
ECC+ChaCha20,5000,3,3409,0.029000002541579306,0.13050000416114926,0.10309999925084412,True,4235.965650809835
ECC+ChaCha20,5000,3,3410,0.02920000406447798,0.13159999798517674,0.10109999857377261,True,4235.965650809835
ECC+ChaCha20,5000,3,3411,0.02849999873433262,0.13050000416114926,0.10099999781232327,True,4235.965650809835
ECC+ChaCha20,5000,3,3412,0.028700000257231295,0.13169999874662608,0.10200000542681664,True,4235.965650809835
ECC+ChaCha20,5000,3,3413,0.02849999873433262,0.13530001160688698,0.10819999442901462,True,4235.965650809835
ECC+ChaCha20,5000,3,3414,0.049299997044727206,0.1677999971434474,0.11249999806750566,True,4235.965650809835
ECC+ChaCha20,5000,3,3415,0.04270000499673188,0.17860000662039965,0.149200001033023,True,4235.965650809835
ECC+ChaCha20,5000,3,3416,0.033200005418621004,0.1478000049246475,0.10489999840501696,True,4235.965650809835
ECC+ChaCha20,5000,3,3417,0.029799994081258774,0.13339999713934958,0.10220000694971532,True,4235.965650809835
ECC+ChaCha20,5000,3,3418,0.027799993404187262,0.1314999972237274,0.1019000046653673,True,4235.965650809835
ECC+ChaCha20,5000,3,3419,0.027599991881288588,0.12939999578520656,0.10099999781232327,True,4235.965650809835
ECC+ChaCha20,5000,3,3420,0.02819999644998461,0.13129999570082873,0.10179998935200274,True,4235.965650809835
ECC+ChaCha20,5000,3,3421,0.02819999644998461,0.1306999911321327,0.10089999705087394,True,4235.965650809835
ECC+ChaCha20,5000,3,3422,0.028000009479001164,0.13120000949129462,0.10180000390391797,True,4235.965650809835
ECC+ChaCha20,5000,3,3423,0.0278999941656366,0.12929999502375722,0.10049999400507659,True,4235.965650809835
ECC+ChaCha20,5000,3,3424,0.028400012524798512,0.13040000339969993,0.10039999324362725,True,4235.965650809835
ECC+ChaCha20,5000,3,3425,0.0278999941656366,0.12969999806955457,0.10049999400507659,True,4235.965650809835
ECC+ChaCha20,5000,3,3426,0.027300004148855805,0.12919999426230788,0.10130000009667128,True,4235.965650809835
ECC+ChaCha20,5000,3,3427,0.028399997972883284,0.12959999730810523,0.10119999933522195,True,4235.965650809835
ECC+ChaCha20,5000,3,3428,0.027699992642737925,0.13079999189358205,0.10069999552797526,True,4235.965650809835
ECC+ChaCha20,5000,3,3429,0.027599991881288588,0.12919999426230788,0.10089999705087394,True,4235.965650809835
ECC+ChaCha20,5000,3,3430,0.02780000795610249,0.12840000272262841,0.0999999901978299,True,4235.965650809835
ECC+ChaCha20,5000,3,3431,0.027999994927085936,0.1297999988310039,0.10109999857377261,True,4235.965650809835
ECC+ChaCha20,5000,3,3432,0.028000009479001164,0.12969999806955457,0.10019999172072858,True,4235.965650809835
ECC+ChaCha20,5000,3,3433,0.027300004148855805,0.12989999959245324,0.10069999552797526,True,4235.965650809835
ECC+ChaCha20,5000,3,3434,0.027999994927085936,0.13049998960923404,0.10019999172072858,True,4235.965650809835
ECC+ChaCha20,5000,3,3435,0.027399990358389914,0.12880000576842576,0.10089999705087394,True,4235.965650809835
ECC+ChaCha20,5000,3,3436,0.02720000338740647,0.13000000035390258,0.10089999705087394,True,4235.965650809835
ECC+ChaCha20,5000,3,3437,0.02749999111983925,0.1286000042455271,0.10050000855699182,True,4235.965650809835
ECC+ChaCha20,5000,3,3438,0.027299989596940577,0.1289000065298751,0.10069999552797526,True,4235.965650809835
ECC+ChaCha20,5000,3,3439,0.027300004148855805,0.12919999426230788,0.10029999248217791,True,4235.965650809835
ECC+ChaCha20,5000,3,3440,0.027700007194653153,0.13000000035390258,0.10089999705087394,True,4235.965650809835
ECC+ChaCha20,5000,3,3441,0.027599991881288588,0.13040000339969993,0.1007999962894246,True,4235.965650809835
ECC+ChaCha20,5000,3,3442,0.027900008717551827,0.12929999502375722,0.1002000062726438,True,4235.965650809835
ECC+ChaCha20,5000,3,3443,0.02720000338740647,0.12799999967683107,0.10060000931844115,True,4235.965650809835
ECC+ChaCha20,5000,3,3444,0.028299997211433947,0.13070000568404794,0.10089999705087394,True,4235.965650809835
ECC+ChaCha20,5000,3,3445,0.027599991881288588,0.12879999121651053,0.10009999095927924,True,4235.965650809835
ECC+ChaCha20,5000,3,3446,0.027799993404187262,0.12989999959245324,0.10099999781232327,True,4235.965650809835
ECC+ChaCha20,5000,3,3447,0.0281000102404505,0.1294999965466559,0.10029999248217791,True,4235.965650809835
ECC+ChaCha20,5000,3,3448,0.028400012524798512,0.13490000856108963,0.10049999400507659,True,4235.965650809835
ECC+ChaCha20,5000,3,3449,0.029000002541579306,0.13020000187680125,0.10040000779554248,True,4235.965650809835
ECC+ChaCha20,5000,3,3450,0.028299997211433947,0.12989999959245324,0.10130000009667128,True,4235.965650809835
ECC+ChaCha20,5000,3,3451,0.02820001100189984,0.12940001033712178,0.10099999781232327,True,4235.965650809835
ECC+ChaCha20,5000,3,3452,0.02819999644998461,0.12879999121651053,0.10029999248217791,True,4235.965650809835
ECC+ChaCha20,5000,3,3453,0.027599991881288588,0.12840000272262841,0.09970000246539712,True,4235.965650809835
ECC+ChaCha20,5000,3,3454,0.027799993404187262,0.19809999503195286,0.10900000052060932,True,4235.965650809835
ECC+ChaCha20,5000,3,3455,0.03340000694151968,0.13320001016836613,0.10170000314246863,True,4235.965650809835
ECC+ChaCha20,5000,3,3456,0.029100003303028643,0.1328999933321029,0.10279999696649611,True,4235.965650809835
ECC+ChaCha20,5000,3,3457,0.029000002541579306,0.13099999341648072,0.10130000009667128,True,4235.965650809835
ECC+ChaCha20,5000,3,3458,0.028099995688535273,0.13050000416114926,0.10069999552797526,True,4235.965650809835
ECC+ChaCha20,5000,3,3459,0.0278999941656366,0.1306000049225986,0.10099999781232327,True,4235.965650809835
ECC+ChaCha20,5000,3,3460,0.027599991881288588,0.13099999341648072,0.10099999781232327,True,4235.965650809835
ECC+ChaCha20,5000,3,3461,0.027799993404187262,0.13000000035390258,0.10119999933522195,True,4235.965650809835
ECC+ChaCha20,5000,3,3462,0.0278999941656366,0.13010000111535192,0.10109999857377261,True,4235.965650809835
ECC+ChaCha20,5000,3,3463,0.027600006433203816,0.1289999927394092,0.10089999705087394,True,4235.965650809835
ECC+ChaCha20,5000,3,3464,0.027799993404187262,0.1297999988310039,0.10040000779554248,True,4235.965650809835
ECC+ChaCha20,5000,3,3465,0.02749999111983925,0.1297999988310039,0.10049999400507659,True,4235.965650809835
ECC+ChaCha20,5000,3,3466,0.02820001100189984,0.1328000071225688,0.10210000618826598,True,4235.965650809835
ECC+ChaCha20,5000,3,3467,0.02890000178012997,0.13159999798517674,0.10180000390391797,True,4235.965650809835
ECC+ChaCha20,5000,3,3468,0.0278999941656366,0.13019998732488602,0.10170000314246863,True,4235.965650809835
ECC+ChaCha20,5000,3,3469,0.027400004910305142,0.12919999426230788,0.10099999781232327,True,4235.965650809835
ECC+ChaCha20,5000,3,3470,0.02750000567175448,0.1294999965466559,0.10019999172072858,True,4235.965650809835
ECC+ChaCha20,5000,3,3471,0.027700007194653153,0.12980001338291913,0.1007999962894246,True,4235.965650809835
ECC+ChaCha20,5000,3,3472,0.027600006433203816,0.12929999502375722,0.10090001160278916,True,4235.965650809835
ECC+ChaCha20,5000,3,3473,0.02720000338740647,0.13040000339969993,0.10030000703409314,True,4235.965650809835
ECC+ChaCha20,5000,3,3474,0.02720000338740647,0.12929999502375722,0.10059999476652592,True,4235.965650809835
ECC+ChaCha20,5000,3,3475,0.028099995688535273,0.12969999806955457,0.10049999400507659,True,4235.965650809835
ECC+ChaCha20,5000,3,3476,0.028300011763349175,0.1306000049225986,0.10110001312568784,True,4235.965650809835
ECC+ChaCha20,5000,3,3477,0.027700007194653153,0.13059999037068337,0.10029999248217791,True,4235.965650809835
ECC+ChaCha20,5000,3,3478,0.027400004910305142,0.13000000035390258,0.10039999324362725,True,4235.965650809835
ECC+ChaCha20,5000,3,3479,0.02749999111983925,0.12870000500697643,0.10040000779554248,True,4235.965650809835
ECC+ChaCha20,5000,3,3480,0.027600006433203816,0.13500000932253897,0.10150000161956996,True,4235.965650809835
ECC+ChaCha20,5000,3,3481,0.027400004910305142,0.12919999426230788,0.10039999324362725,True,4235.965650809835
ECC+ChaCha20,5000,3,3482,0.027699992642737925,0.12989999959245324,0.10109999857377261,True,4235.965650809835
ECC+ChaCha20,5000,3,3483,0.02750000567175448,0.1294999965466559,0.10069999552797526,True,4235.965650809835
ECC+ChaCha20,5000,3,3484,0.02750000567175448,0.12889999197795987,0.09969998791348189,True,4235.965650809835
ECC+ChaCha20,5000,3,3485,0.02719998883549124,0.1286000042455271,0.10030000703409314,True,4235.965650809835
ECC+ChaCha20,5000,3,3486,0.028000009479001164,0.12930000957567245,0.10039999324362725,True,4235.965650809835
ECC+ChaCha20,5000,3,3487,0.027700007194653153,0.12969999806955457,0.10049999400507659,True,4235.965650809835
ECC+ChaCha20,5000,3,3488,0.027300004148855805,0.1292000088142231,0.10109999857377261,True,4235.965650809835
ECC+ChaCha20,5000,3,3489,0.027399990358389914,0.12850000348407775,0.10070001007989049,True,4235.965650809835
ECC+ChaCha20,5000,3,3490,0.02710000262595713,0.12799999967683107,0.1002000062726438,True,4235.965650809835
ECC+ChaCha20,5000,3,3491,0.02780000795610249,0.12989999959245324,0.10130000009667128,True,4235.965650809835
ECC+ChaCha20,5000,3,3492,0.028400012524798512,0.13020000187680125,0.10320000001229346,True,4235.965650809835
ECC+ChaCha20,5000,3,3493,0.027999994927085936,0.16239999968092889,0.10230000771116465,True,4235.965650809835
ECC+ChaCha20,5000,3,3494,0.030499999411404133,0.13320001016836613,0.10269999620504677,True,4235.965650809835
ECC+ChaCha20,5000,3,3495,0.028700000257231295,0.13020000187680125,0.09980000322684646,True,4235.965650809835
ECC+ChaCha20,5000,3,3496,0.028299997211433947,0.13079999189358205,0.1041999930748716,True,4235.965650809835
ECC+ChaCha20,5000,3,3497,0.030399998649954796,0.149500003317371,0.10309999925084412,True,4235.965650809835
ECC+ChaCha20,5000,3,3498,0.028399997972883284,0.13159999798517674,0.10119999933522195,True,4235.965650809835
ECC+ChaCha20,5000,3,3499,0.027999994927085936,0.13079999189358205,0.10109999857377261,True,4235.965650809835
ECC+ChaCha20,5000,3,3500,0.02780000795610249,0.1300999865634367,0.10140000085812062,True,4235.965650809835
ECC+ChaCha20,5000,3,3501,0.027099988074041903,0.12930000957567245,0.10000000474974513,True,4235.965650809835
ECC+ChaCha20,5000,3,3502,0.02749999111983925,0.12929999502375722,0.10059999476652592,True,4235.965650809835
ECC+ChaCha20,5000,3,3503,0.02750000567175448,0.1281999866478145,0.10089999705087394,True,4235.965650809835
ECC+ChaCha20,5000,3,3504,0.02750000567175448,0.12850000348407775,0.10039999324362725,True,4235.965650809835
ECC+ChaCha20,5000,3,3505,0.027299989596940577,0.12900000729132444,0.10069999552797526,True,4235.965650809835
ECC+ChaCha20,5000,3,3506,0.027799993404187262,0.14730000111740083,0.1016000023810193,True,4235.965650809835
ECC+ChaCha20,5000,3,3507,0.029100003303028643,0.13309999485500157,0.10070001007989049,True,4235.965650809835
ECC+ChaCha20,5000,3,3508,0.02819999644998461,0.1306000049225986,0.10130000009667128,True,4235.965650809835
ECC+ChaCha20,5000,3,3509,0.027600006433203816,0.13010000111535192,0.10049999400507659,True,4235.965650809835
ECC+ChaCha20,5000,3,3510,0.027700007194653153,0.13010000111535192,0.10069999552797526,True,4235.965650809835
ECC+ChaCha20,5000,3,3511,0.027699992642737925,0.1326000055996701,0.10010000551119447,True,4235.965650809835
ECC+ChaCha20,5000,3,3512,0.027600006433203816,0.12969999806955457,0.10089999705087394,True,4235.965650809835
ECC+ChaCha20,5000,3,3513,0.0278999941656366,0.1294999965466559,0.0999000039882958,True,4235.965650809835
ECC+ChaCha20,5000,3,3514,0.027400004910305142,0.12830000196117908,0.10029999248217791,True,4235.965650809835
ECC+ChaCha20,5000,3,3515,0.02749999111983925,0.1292000088142231,0.10010000551119447,True,4235.965650809835
ECC+ChaCha20,5000,3,3516,0.027300004148855805,0.12919999426230788,0.10040000779554248,True,4235.965650809835
ECC+ChaCha20,5000,3,3517,0.027299989596940577,0.1292000088142231,0.10059999476652592,True,4235.965650809835
ECC+ChaCha20,5000,3,3518,0.027600006433203816,0.1303999888477847,0.10049999400507659,True,4235.965650809835
ECC+ChaCha20,5000,3,3519,0.02750000567175448,0.12930000957567245,0.10049999400507659,True,4235.965650809835
ECC+ChaCha20,5000,3,3520,0.027399990358389914,0.1292000088142231,0.10109999857377261,True,4235.965650809835
ECC+ChaCha20,5000,3,3521,0.027699992642737925,0.12840000272262841,0.09970000246539712,True,4235.965650809835
ECC+ChaCha20,5000,3,3522,0.027600006433203816,0.12939999578520656,0.10080001084133983,True,4235.965650809835
ECC+ChaCha20,5000,3,3523,0.02750000567175448,0.12909999350085855,0.1002000062726438,True,4235.965650809835
ECC+ChaCha20,5000,3,3524,0.028299997211433947,0.12950001109857112,0.10000000474974513,True,4235.965650809835
ECC+ChaCha20,5000,3,3525,0.028000009479001164,0.1292000088142231,0.10170000314246863,True,4235.965650809835
ECC+ChaCha20,5000,3,3526,0.028599999495781958,0.13129999570082873,0.10130000009667128,True,4235.965650809835
ECC+ChaCha20,5000,3,3527,0.029400005587376654,0.1292000088142231,0.10089999705087394,True,4235.965650809835
ECC+ChaCha20,5000,3,3528,0.027400004910305142,0.12799999967683107,0.10080001084133983,True,4235.965650809835
ECC+ChaCha20,5000,3,3529,0.027799993404187262,0.1292000088142231,0.10040000779554248,True,4235.965650809835
ECC+ChaCha20,5000,3,3530,0.027700007194653153,0.12859998969361186,0.09980000322684646,True,4235.965650809835
ECC+ChaCha20,5000,3,3531,0.027300004148855805,0.12820000119972974,0.09970000246539712,True,4235.965650809835
ECC+ChaCha20,5000,3,3532,0.031799994758330286,0.15969999367371202,0.195699991309084,True,4235.965650809835
ECC+ChaCha20,5000,3,3533,0.03840000135824084,0.18790000467561185,0.12509999214671552,True,4235.965650809835
ECC+ChaCha20,5000,3,3534,0.03270000161137432,0.14130001363810152,0.1053000014508143,True,4235.965650809835
ECC+ChaCha20,5000,3,3535,0.029800008633174002,0.1306000049225986,0.10199999087490141,True,4235.965650809835
ECC+ChaCha20,5000,3,3536,0.030800001695752144,0.13169999874662608,0.10150000161956996,True,4235.965650809835
ECC+ChaCha20,5000,3,3537,0.029800008633174002,0.13000000035390258,0.10049999400507659,True,4235.965650809835
ECC+ChaCha20,5000,3,3538,0.031000003218650818,0.1323000033153221,0.10140000085812062,True,4235.965650809835
ECC+ChaCha20,5000,3,3539,0.03060000017285347,0.13129999570082873,0.10090001160278916,True,4235.965650809835
ECC+ChaCha20,5000,3,3540,0.030100010917522013,0.1320000010309741,0.10189999011345208,True,4235.965650809835
ECC+ChaCha20,5000,3,3541,0.028599999495781958,0.12910000805277377,0.10010000551119447,True,4235.965650809835
ECC+ChaCha20,5000,3,3542,0.029000002541579306,0.12989999959245324,0.10099999781232327,True,4235.965650809835
ECC+ChaCha20,5000,3,3543,0.029600007110275328,0.13390000094659626,0.10140000085812062,True,4235.965650809835
ECC+ChaCha20,5000,3,3544,0.029699993319809437,0.12929999502375722,0.10019999172072858,True,4235.965650809835
ECC+ChaCha20,5000,3,3545,0.02890000178012997,0.12830000196117908,0.1002000062726438,True,4235.965650809835
ECC+ChaCha20,5000,3,3546,0.029699993319809437,0.1314999972237274,0.1016999885905534,True,4235.965650809835
ECC+ChaCha20,5000,3,3547,0.028399997972883284,0.1289999927394092,0.10069999552797526,True,4235.965650809835
ECC+ChaCha20,5000,3,3548,0.028800001018680632,0.12939999578520656,0.10039999324362725,True,4235.965650809835
ECC+ChaCha20,5000,3,3549,0.028700000257231295,0.1303000026382506,0.10170000314246863,True,4235.965650809835
ECC+ChaCha20,5000,3,3550,0.028700000257231295,0.1306000049225986,0.10059999476652592,True,4235.965650809835
ECC+ChaCha20,5000,3,3551,0.029000002541579306,0.13040000339969993,0.10080001084133983,True,4235.965650809835
ECC+ChaCha20,5000,3,3552,0.029000002541579306,0.12889999197795987,0.10059999476652592,True,4235.965650809835
ECC+ChaCha20,5000,3,3553,0.02950000634882599,0.1289999927394092,0.10069999552797526,True,4235.965650809835
ECC+ChaCha20,5000,3,3554,0.029600007110275328,0.12960001186002046,0.10109999857377261,True,4235.965650809835
ECC+ChaCha20,5000,3,3555,0.029300004825927317,0.12859998969361186,0.09970000246539712,True,4235.965650809835
ECC+ChaCha20,5000,3,3556,0.028800001018680632,0.13000000035390258,0.10049999400507659,True,4235.965650809835
ECC+ChaCha20,5000,3,3557,0.028700000257231295,0.12900000729132444,0.09950000094249845,True,4235.965650809835
ECC+ChaCha20,5000,3,3558,0.028999987989664078,0.1292000088142231,0.10039999324362725,True,4235.965650809835
ECC+ChaCha20,5000,3,3559,0.029000002541579306,0.12919999426230788,0.10119999933522195,True,4235.965650809835
ECC+ChaCha20,5000,3,3560,0.02890000178012997,0.1286999904550612,0.09940000018104911,True,4235.965650809835
ECC+ChaCha20,5000,3,3561,0.029000002541579306,0.13029998808633536,0.10039999324362725,True,4235.965650809835
ECC+ChaCha20,5000,3,3562,0.02819999644998461,0.1303999888477847,0.10010000551119447,True,4235.965650809835
ECC+ChaCha20,5000,3,3563,0.02890000178012997,0.1289000065298751,0.09980000322684646,True,4235.965650809835
ECC+ChaCha20,5000,3,3564,0.028800001018680632,0.1297999988310039,0.10009999095927924,True,4235.965650809835
ECC+ChaCha20,5000,3,3565,0.028599999495781958,0.12989999959245324,0.10069999552797526,True,4235.965650809835
ECC+ChaCha20,5000,3,3566,0.028999987989664078,0.12870000500697643,0.09980000322684646,True,4235.965650809835
ECC+ChaCha20,5000,3,3567,0.029700007871724665,0.1286000042455271,0.10120001388713717,True,4235.965650809835
ECC+ChaCha20,5000,3,3568,0.03090000245720148,0.12969999806955457,0.10180000390391797,True,4235.965650809835
ECC+ChaCha20,5000,3,3569,0.030000010156072676,0.13040000339969993,0.10179998935200274,True,4235.965650809835
ECC+ChaCha20,5000,3,3570,0.03290000313427299,0.13410000246949494,0.10179998935200274,True,4235.965650809835
ECC+ChaCha20,5000,3,3571,0.030800001695752144,0.13159999798517674,0.10150000161956996,True,4235.965650809835
ECC+ChaCha20,5000,3,3572,0.029799994081258774,0.13220000255387276,0.10180000390391797,True,4235.965650809835
ECC+ChaCha20,5000,3,3573,0.029999995604157448,0.13179999950807542,0.1016000023810193,True,4235.965650809835
ECC+ChaCha20,5000,3,3574,0.031499992473982275,0.13040000339969993,0.10170000314246863,True,4235.965650809835
ECC+ChaCha20,5000,3,3575,0.030099996365606785,0.13420000323094428,0.10069999552797526,True,4235.965650809835
ECC+ChaCha20,5000,3,3576,0.029699993319809437,0.13050000416114926,0.10069999552797526,True,4235.965650809835
ECC+ChaCha20,5000,3,3577,0.030799987143836915,0.13240000407677144,0.10140000085812062,True,4235.965650809835
ECC+ChaCha20,5000,3,3578,0.029600007110275328,0.13000000035390258,0.10089999705087394,True,4235.965650809835
ECC+ChaCha20,5000,3,3579,0.029499991796910763,0.12969999806955457,0.1007999962894246,True,4235.965650809835
ECC+ChaCha20,5000,3,3580,0.03020001167897135,0.13000000035390258,0.10109999857377261,True,4235.965650809835
ECC+ChaCha20,5000,3,3581,0.027999994927085936,0.12840000272262841,0.10000000474974513,True,4235.965650809835
ECC+ChaCha20,5000,3,3582,0.029600007110275328,0.13040000339969993,0.10039999324362725,True,4235.965650809835
ECC+ChaCha20,5000,3,3583,0.029000002541579306,0.13020000187680125,0.10030000703409314,True,4235.965650809835
ECC+ChaCha20,5000,3,3584,0.02890000178012997,0.1286999904550612,0.0999999901978299,True,4235.965650809835
ECC+ChaCha20,5000,3,3585,0.0295999925583601,0.12969999806955457,0.10040000779554248,True,4235.965650809835
ECC+ChaCha20,5000,3,3586,0.029300004825927317,0.1297999988310039,0.10069999552797526,True,4235.965650809835
ECC+ChaCha20,5000,3,3587,0.029000002541579306,0.1294999965466559,0.10220000694971532,True,4235.965650809835
ECC+ChaCha20,5000,3,3588,0.029699993319809437,0.13169999874662608,0.10069999552797526,True,4235.965650809835
ECC+ChaCha20,5000,3,3589,0.029800008633174002,0.13270000636111945,0.10130000009667128,True,4235.965650809835
ECC+ChaCha20,5000,3,3590,0.02990000939462334,0.13080000644549727,0.10140000085812062,True,4235.965650809835
ECC+ChaCha20,5000,3,3591,0.028700000257231295,0.13000000035390258,0.10099999781232327,True,4235.965650809835
ECC+ChaCha20,5000,3,3592,0.028599999495781958,0.13159999798517674,0.10170000314246863,True,4235.965650809835
ECC+ChaCha20,5000,3,3593,0.029000002541579306,0.12950001109857112,0.10119999933522195,True,4235.965650809835
ECC+ChaCha20,5000,3,3594,0.028800001018680632,0.13089999265503138,0.1007999962894246,True,4235.965650809835
ECC+ChaCha20,5000,3,3595,0.029700007871724665,0.1289000065298751,0.09960000170394778,True,4235.965650809835
ECC+ChaCha20,5000,3,3596,0.028700000257231295,0.1297999988310039,0.10060000931844115,True,4235.965650809835
ECC+ChaCha20,5000,3,3597,0.029100003303028643,0.13099999341648072,0.10089999705087394,True,4235.965650809835
ECC+ChaCha20,5000,3,3598,0.028599999495781958,0.13080000644549727,0.10069999552797526,True,4235.965650809835
ECC+ChaCha20,5000,3,3599,0.028700000257231295,0.13080000644549727,0.10200000542681664,True,4235.965650809835
ECC+ChaCha20,5000,3,3600,0.02920000406447798,0.13020000187680125,0.10089999705087394,True,4235.965650809835
ECC+ChaCha20,5000,3,3601,0.028700000257231295,0.12959999730810523,0.10049999400507659,True,4235.965650809835
ECC+ChaCha20,5000,3,3602,0.029100003303028643,0.1289000065298751,0.10010000551119447,True,4235.965650809835
ECC+ChaCha20,5000,3,3603,0.02920000406447798,0.13010000111535192,0.10040000779554248,True,4235.965650809835
ECC+ChaCha20,5000,3,3604,0.027599991881288588,0.13000000035390258,0.10049999400507659,True,4235.965650809835
ECC+ChaCha20,5000,3,3605,0.02750000567175448,0.12919999426230788,0.10059999476652592,True,4235.965650809835
ECC+ChaCha20,5000,3,3606,0.02750000567175448,0.13020000187680125,0.10109999857377261,True,4235.965650809835
ECC+ChaCha20,5000,3,3607,0.027299989596940577,0.13270000636111945,0.10109999857377261,True,4235.965650809835
ECC+ChaCha20,5000,3,3608,0.027399990358389914,0.12769999739248306,0.10019999172072858,True,4235.965650809835
ECC+ChaCha20,5000,3,3609,0.0320999970426783,0.13610000314656645,0.10099999781232327,True,4235.965650809835
ECC+ChaCha20,5000,3,3610,0.029300004825927317,0.13269999180920422,0.10209999163635075,True,4235.965650809835
ECC+ChaCha20,5000,3,3611,0.02819999644998461,0.13089999265503138,0.10049999400507659,True,4235.965650809835
ECC+ChaCha20,5000,3,3612,0.028099995688535273,0.13050000416114926,0.10150000161956996,True,4235.965650809835
ECC+ChaCha20,5000,3,3613,0.028299997211433947,0.13390000094659626,0.10140000085812062,True,4235.965650809835
ECC+ChaCha20,5000,3,3614,0.02819999644998461,0.1297999988310039,0.10060000931844115,True,4235.965650809835
ECC+ChaCha20,5000,3,3615,0.027299989596940577,0.1294999965466559,0.10059999476652592,True,4235.965650809835
ECC+ChaCha20,5000,3,3616,0.027799993404187262,0.13040000339969993,0.10150000161956996,True,4235.965650809835
ECC+ChaCha20,5000,3,3617,0.027400004910305142,0.12910000805277377,0.10000000474974513,True,4235.965650809835
ECC+ChaCha20,5000,3,3618,0.02720000338740647,0.12930000957567245,0.10089999705087394,True,4235.965650809835
ECC+ChaCha20,5000,3,3619,0.02750000567175448,0.1289999927394092,0.10049999400507659,True,4235.965650809835
ECC+ChaCha20,5000,3,3620,0.027299989596940577,0.12880000576842576,0.10050000855699182,True,4235.965650809835
ECC+ChaCha20,5000,3,3621,0.027999994927085936,0.13010000111535192,0.10000000474974513,True,4235.965650809835
ECC+ChaCha20,5000,3,3622,0.02720000338740647,0.12960001186002046,0.10039999324362725,True,4235.965650809835
ECC+ChaCha20,5000,3,3623,0.02750000567175448,0.12929999502375722,0.10040000779554248,True,4235.965650809835
ECC+ChaCha20,5000,3,3624,0.027400004910305142,0.12879999121651053,0.10119999933522195,True,4235.965650809835
ECC+ChaCha20,5000,3,3625,0.027399990358389914,0.12919999426230788,0.10059999476652592,True,4235.965650809835
ECC+ChaCha20,5000,3,3626,0.027400004910305142,0.12950001109857112,0.10059999476652592,True,4235.965650809835
ECC+ChaCha20,5000,3,3627,0.02749999111983925,0.1294999965466559,0.10030000703409314,True,4235.965650809835
ECC+ChaCha20,5000,3,3628,0.02720000338740647,0.15750000602565706,0.10540000221226364,True,4235.965650809835
ECC+ChaCha20,5000,3,3629,0.03060000017285347,0.13250000483822078,0.10309999925084412,True,4235.965650809835
ECC+ChaCha20,5000,3,3630,0.02890000178012997,0.13049998960923404,0.11779999476857483,True,4235.965650809835
ECC+ChaCha20,5000,3,3631,0.03399999695830047,0.13770000077784061,0.1033000007737428,True,4235.965650809835
ECC+ChaCha20,5000,3,3632,0.02849999873433262,0.1314999972237274,0.10140000085812062,True,4235.965650809835
ECC+ChaCha20,5000,3,3633,0.027599991881288588,0.1297999988310039,0.10119999933522195,True,4235.965650809835
ECC+ChaCha20,5000,3,3634,0.027700007194653153,0.12960001186002046,0.10130000009667128,True,4235.965650809835
ECC+ChaCha20,5000,3,3635,0.028099995688535273,0.13050000416114926,0.10060000931844115,True,4235.965650809835
ECC+ChaCha20,5000,3,3636,0.027799993404187262,0.13010000111535192,0.10109999857377261,True,4235.965650809835
ECC+ChaCha20,5000,3,3637,0.02750000567175448,0.1297999988310039,0.0999000039882958,True,4235.965650809835
ECC+ChaCha20,5000,3,3638,0.028000009479001164,0.13020000187680125,0.10119999933522195,True,4235.965650809835
ECC+ChaCha20,5000,3,3639,0.027300004148855805,0.13240000407677144,0.09979998867493123,True,4235.965650809835
ECC+ChaCha20,5000,3,3640,0.028099995688535273,0.13020000187680125,0.10109999857377261,True,4235.965650809835
ECC+ChaCha20,5000,3,3641,0.027699992642737925,0.12940001033712178,0.10000000474974513,True,4235.965650809835
ECC+ChaCha20,5000,3,3642,0.027999994927085936,0.1297999988310039,0.10040000779554248,True,4235.965650809835
ECC+ChaCha20,5000,3,3643,0.027700007194653153,0.13010000111535192,0.10059999476652592,True,4235.965650809835
ECC+ChaCha20,5000,3,3644,0.027700007194653153,0.12910000805277377,0.10010000551119447,True,4235.965650809835
ECC+ChaCha20,5000,3,3645,0.027600006433203816,0.13000000035390258,0.10000000474974513,True,4235.965650809835
ECC+ChaCha20,5000,3,3646,0.02720000338740647,0.12950001109857112,0.10030000703409314,True,4235.965650809835
ECC+ChaCha20,5000,3,3647,0.02710000262595713,0.12850000348407775,0.10010000551119447,True,4235.965650809835
ECC+ChaCha20,5000,3,3648,0.03409999771974981,0.14789999113418162,0.10559998918324709,True,4235.965650809835
ECC+ChaCha20,5000,3,3649,0.028300011763349175,0.13129999570082873,0.10150000161956996,True,4235.965650809835
ECC+ChaCha20,5000,3,3650,0.027699992642737925,0.1419000036548823,0.10299999848939478,True,4235.965650809835
ECC+ChaCha20,5000,3,3651,0.027700007194653153,0.13010000111535192,0.10049999400507659,True,4235.965650809835
ECC+ChaCha20,5000,3,3652,0.0278999941656366,0.13079999189358205,0.10199999087490141,True,4235.965650809835
ECC+ChaCha20,5000,3,3653,0.028299997211433947,0.13040000339969993,0.10150000161956996,True,4235.965650809835
ECC+ChaCha20,5000,3,3654,0.027999994927085936,0.12929999502375722,0.10069999552797526,True,4235.965650809835
ECC+ChaCha20,5000,3,3655,0.02750000567175448,0.13020000187680125,0.10070001007989049,True,4235.965650809835
ECC+ChaCha20,5000,3,3656,0.027999994927085936,0.13099999341648072,0.1002000062726438,True,4235.965650809835
ECC+ChaCha20,5000,3,3657,0.02750000567175448,0.12910000805277377,0.10060000931844115,True,4235.965650809835
ECC+ChaCha20,5000,3,3658,0.02780000795610249,0.12909999350085855,0.10119999933522195,True,4235.965650809835
ECC+ChaCha20,5000,3,3659,0.027999994927085936,0.12840000272262841,0.10000000474974513,True,4235.965650809835
ECC+ChaCha20,5000,3,3660,0.027600006433203816,0.12939999578520656,0.10119999933522195,True,4235.965650809835
ECC+ChaCha20,5000,3,3661,0.02720000338740647,0.13040000339969993,0.10030000703409314,True,4235.965650809835
ECC+ChaCha20,5000,3,3662,0.0281000102404505,0.13100000796839595,0.1007999962894246,True,4235.965650809835
ECC+ChaCha20,5000,3,3663,0.0278999941656366,0.12989999959245324,0.10049999400507659,True,4235.965650809835
ECC+ChaCha20,5000,3,3664,0.0278999941656366,0.12850000348407775,0.10089999705087394,True,4235.965650809835
ECC+ChaCha20,5000,3,3665,0.027599991881288588,0.1289999927394092,0.0999000039882958,True,4235.965650809835
ECC+ChaCha20,5000,3,3666,0.027900008717551827,0.13000000035390258,0.10069999552797526,True,4235.965650809835
ECC+ChaCha20,5000,3,3667,0.027400004910305142,0.12820000119972974,0.0990999978967011,True,4235.965650809835
ECC+ChaCha20,5000,3,3668,0.027599991881288588,0.13010000111535192,0.10089999705087394,True,4235.965650809835
ECC+ChaCha20,5000,3,3669,0.027400004910305142,0.12989999959245324,0.1007999962894246,True,4235.965650809835
ECC+ChaCha20,5000,3,3670,0.027400004910305142,0.12939999578520656,0.10050000855699182,True,4235.965650809835
ECC+ChaCha20,5000,3,3671,0.027599991881288588,0.1340000017080456,0.10010000551119447,True,4235.965650809835
ECC+ChaCha20,5000,3,3672,0.027699992642737925,0.12969999806955457,0.10109999857377261,True,4235.965650809835
ECC+ChaCha20,5000,3,3673,0.027299989596940577,0.12929999502375722,0.0999000039882958,True,4235.965650809835
ECC+ChaCha20,5000,3,3674,0.027700007194653153,0.12870000500697643,0.10109999857377261,True,4235.965650809835
ECC+ChaCha20,5000,3,3675,0.027700007194653153,0.1297999988310039,0.1007999962894246,True,4235.965650809835
ECC+ChaCha20,5000,3,3676,0.02749999111983925,0.12939999578520656,0.10140000085812062,True,4235.965650809835
ECC+ChaCha20,5000,3,3677,0.02780000795610249,0.12880000576842576,0.1002000062726438,True,4235.965650809835
ECC+ChaCha20,5000,3,3678,0.027799993404187262,0.1306000049225986,0.10150000161956996,True,4235.965650809835
ECC+ChaCha20,5000,3,3679,0.027599991881288588,0.12909999350085855,0.10059999476652592,True,4235.965650809835
ECC+ChaCha20,5000,3,3680,0.027600006433203816,0.12959999730810523,0.10040000779554248,True,4235.965650809835
ECC+ChaCha20,5000,3,3681,0.027600006433203816,0.1289000065298751,0.10099999781232327,True,4235.965650809835
ECC+ChaCha20,5000,3,3682,0.02750000567175448,0.13019998732488602,0.10180000390391797,True,4235.965650809835
ECC+ChaCha20,5000,3,3683,0.02780000795610249,0.12829998740926385,0.10029999248217791,True,4235.965650809835
ECC+ChaCha20,5000,3,3684,0.027600006433203816,0.1297999988310039,0.10059999476652592,True,4235.965650809835
ECC+ChaCha20,5000,3,3685,0.027600006433203816,0.1297000126214698,0.10069999552797526,True,4235.965650809835
ECC+ChaCha20,5000,3,3686,0.027099988074041903,0.12820000119972974,0.09950000094249845,True,4235.965650809835
ECC+ChaCha20,5000,3,3687,0.035899996873922646,0.14220000593923032,0.10540000221226364,True,4235.965650809835
ECC+ChaCha20,5000,3,3688,0.03170000854879618,0.13580000086221844,0.10219999239780009,True,4235.965650809835
ECC+ChaCha20,5000,3,3689,0.028099995688535273,0.13309999485500157,0.10090001160278916,True,4235.965650809835
ECC+ChaCha20,5000,3,3690,0.027799993404187262,0.13159999798517674,0.10109999857377261,True,4235.965650809835
ECC+ChaCha20,5000,3,3691,0.02819999644998461,0.13020000187680125,0.10040000779554248,True,4235.965650809835
ECC+ChaCha20,5000,3,3692,0.027600006433203816,0.1289999927394092,0.10069999552797526,True,4235.965650809835
ECC+ChaCha20,5000,3,3693,0.0278999941656366,0.13010000111535192,0.10109999857377261,True,4235.965650809835
ECC+ChaCha20,5000,3,3694,0.028599999495781958,0.12980001338291913,0.1007999962894246,True,4235.965650809835
ECC+ChaCha20,5000,3,3695,0.027400004910305142,0.12950001109857112,0.10049999400507659,True,4235.965650809835
ECC+ChaCha20,5000,3,3696,0.02720000338740647,0.12989999959245324,0.10130000009667128,True,4235.965650809835
ECC+ChaCha20,5000,3,3697,0.027599991881288588,0.12900000729132444,0.10069999552797526,True,4235.965650809835
ECC+ChaCha20,5000,3,3698,0.02780000795610249,0.1306999911321327,0.10140000085812062,True,4235.965650809835
ECC+ChaCha20,5000,3,3699,0.027799993404187262,0.12959999730810523,0.10029999248217791,True,4235.965650809835
ECC+ChaCha20,5000,3,3700,0.027399990358389914,0.1306000049225986,0.10040000779554248,True,4235.965650809835
ECC+ChaCha20,5000,3,3701,0.02780000795610249,0.12959999730810523,0.10039999324362725,True,4235.965650809835
ECC+ChaCha20,5000,3,3702,0.027399990358389914,0.12959999730810523,0.10039999324362725,True,4235.965650809835
ECC+ChaCha20,5000,3,3703,0.027300004148855805,0.1336999994236976,0.09960000170394778,True,4235.965650809835
ECC+ChaCha20,5000,3,3704,0.02820001100189984,0.13010000111535192,0.10089999705087394,True,4235.965650809835
ECC+ChaCha20,5000,3,3705,0.027400004910305142,0.1294999965466559,0.10010000551119447,True,4235.965650809835
ECC+ChaCha20,5000,3,3706,0.02720000338740647,0.1297000126214698,0.10069999552797526,True,4235.965650809835
ECC+ChaCha20,5000,3,3707,0.02710000262595713,0.12959999730810523,0.10019999172072858,True,4235.965650809835
ECC+ChaCha20,5000,3,3708,0.02750000567175448,0.12959999730810523,0.10070001007989049,True,4235.965650809835
ECC+ChaCha20,5000,3,3709,0.02749999111983925,0.12909999350085855,0.09950000094249845,True,4235.965650809835
ECC+ChaCha20,5000,3,3710,0.027799993404187262,0.12919999426230788,0.10019999172072858,True,4235.965650809835
ECC+ChaCha20,5000,3,3711,0.027699992642737925,0.12889999197795987,0.10019999172072858,True,4235.965650809835
ECC+ChaCha20,5000,3,3712,0.02710000262595713,0.12909999350085855,0.10099999781232327,True,4235.965650809835
ECC+ChaCha20,5000,3,3713,0.027699992642737925,0.12850000348407775,0.10069999552797526,True,4235.965650809835
ECC+ChaCha20,5000,3,3714,0.027599991881288588,0.13020000187680125,0.10089999705087394,True,4235.965650809835
ECC+ChaCha20,5000,3,3715,0.027600006433203816,0.12940001033712178,0.10059999476652592,True,4235.965650809835
ECC+ChaCha20,5000,3,3716,0.028099995688535273,0.1297999988310039,0.10040000779554248,True,4235.965650809835
ECC+ChaCha20,5000,3,3717,0.0281000102404505,0.1297000126214698,0.10029999248217791,True,4235.965650809835
ECC+ChaCha20,5000,3,3718,0.02750000567175448,0.1294999965466559,0.10050000855699182,True,4235.965650809835
ECC+ChaCha20,5000,3,3719,0.027399990358389914,0.12910000805277377,0.10000000474974513,True,4235.965650809835
ECC+ChaCha20,5000,3,3720,0.02720000338740647,0.12870000500697643,0.10040000779554248,True,4235.965650809835
ECC+ChaCha20,5000,3,3721,0.027300004148855805,0.12919999426230788,0.10039999324362725,True,4235.965650809835
ECC+ChaCha20,5000,3,3722,0.02720000338740647,0.12959999730810523,0.10019999172072858,True,4235.965650809835
ECC+ChaCha20,5000,3,3723,0.02720000338740647,0.12879999121651053,0.10039999324362725,True,4235.965650809835
ECC+ChaCha20,5000,3,3724,0.027700007194653153,0.1289000065298751,0.10099999781232327,True,4235.965650809835
ECC+ChaCha20,5000,3,3725,0.027299989596940577,0.12850000348407775,0.09970000246539712,True,4235.965650809835
ECC+ChaCha20,5000,3,3726,0.03270000161137432,0.14139999984763563,0.10619999375194311,True,4235.965650809835
ECC+ChaCha20,5000,3,3727,0.028800001018680632,0.145500001963228,0.10550000297371298,True,4235.965650809835
ECC+ChaCha20,5000,3,3728,0.030700000934302807,0.1331999956164509,0.10230000771116465,True,4235.965650809835
ECC+ChaCha20,5000,3,3729,0.029099988751113415,0.1328000071225688,0.10219999239780009,True,4235.965650809835
ECC+ChaCha20,5000,3,3730,0.02890000178012997,0.13089999265503138,0.10119999933522195,True,4235.965650809835
ECC+ChaCha20,5000,3,3731,0.0278999941656366,0.12969999806955457,0.10159998782910407,True,4235.965650809835
ECC+ChaCha20,5000,3,3732,0.027999994927085936,0.13139999646227807,0.10099999781232327,True,4235.965650809835
ECC+ChaCha20,5000,3,3733,0.027599991881288588,0.13000000035390258,0.10070001007989049,True,4235.965650809835
ECC+ChaCha20,5000,3,3734,0.028099995688535273,0.12959999730810523,0.10110001312568784,True,4235.965650809835
ECC+ChaCha20,5000,3,3735,0.027799993404187262,0.13359999866224825,0.10119999933522195,True,4235.965650809835
ECC+ChaCha20,5000,3,3736,0.027600006433203816,0.1286000042455271,0.1002000062726438,True,4235.965650809835
ECC+ChaCha20,5000,3,3737,0.027400004910305142,0.12880000576842576,0.10070001007989049,True,4235.965650809835
ECC+ChaCha20,5000,3,3738,0.027700007194653153,0.12969999806955457,0.10089999705087394,True,4235.965650809835
ECC+ChaCha20,5000,3,3739,0.027600006433203816,0.1289999927394092,0.10039999324362725,True,4235.965650809835
ECC+ChaCha20,5000,3,3740,0.027699992642737925,0.12919999426230788,0.10049999400507659,True,4235.965650809835
ECC+ChaCha20,5000,3,3741,0.0278999941656366,0.13000000035390258,0.1007999962894246,True,4235.965650809835
ECC+ChaCha20,5000,3,3742,0.027600006433203816,0.12850000348407775,0.10089999705087394,True,4235.965650809835
ECC+ChaCha20,5000,3,3743,0.02749999111983925,0.13020000187680125,0.10109999857377261,True,4235.965650809835
ECC+ChaCha20,5000,3,3744,0.027600006433203816,0.12770001194439828,0.0999000039882958,True,4235.965650809835
ECC+ChaCha20,5000,3,3745,0.027400004910305142,0.12880000576842576,0.10060000931844115,True,4235.965650809835
ECC+ChaCha20,5000,3,3746,0.027999994927085936,0.13010000111535192,0.1007999962894246,True,4235.965650809835
ECC+ChaCha20,5000,3,3747,0.027599991881288588,0.12959999730810523,0.0999999901978299,True,4235.965650809835
ECC+ChaCha20,5000,3,3748,0.027700007194653153,0.12870000500697643,0.10130000009667128,True,4235.965650809835
ECC+ChaCha20,5000,3,3749,0.027799993404187262,0.1289000065298751,0.1007999962894246,True,4235.965650809835
ECC+ChaCha20,5000,3,3750,0.027600006433203816,0.12950001109857112,0.10109999857377261,True,4235.965650809835
ECC+ChaCha20,5000,3,3751,0.027299989596940577,0.12900000729132444,0.10030000703409314,True,4235.965650809835
ECC+ChaCha20,5000,3,3752,0.02750000567175448,0.12880000576842576,0.10049999400507659,True,4235.965650809835
ECC+ChaCha20,5000,3,3753,0.02749999111983925,0.1294999965466559,0.10069999552797526,True,4235.965650809835
ECC+ChaCha20,5000,3,3754,0.03170000854879618,0.13719999697059393,0.10219999239780009,True,4235.965650809835
ECC+ChaCha20,5000,3,3755,0.02780000795610249,0.12929999502375722,0.10080001084133983,True,4235.965650809835
ECC+ChaCha20,5000,3,3756,0.02750000567175448,0.12930000957567245,0.10050000855699182,True,4235.965650809835
ECC+ChaCha20,5000,3,3757,0.02749999111983925,0.12929999502375722,0.09970000246539712,True,4235.965650809835
ECC+ChaCha20,5000,3,3758,0.027399990358389914,0.13000000035390258,0.10070001007989049,True,4235.965650809835
ECC+ChaCha20,5000,3,3759,0.027700007194653153,0.12900000729132444,0.09929999941959977,True,4235.965650809835
ECC+ChaCha20,5000,3,3760,0.027000001864507794,0.13020000187680125,0.10050000855699182,True,4235.965650809835
ECC+ChaCha20,5000,3,3761,0.027600006433203816,0.12939999578520656,0.10010000551119447,True,4235.965650809835
ECC+ChaCha20,5000,3,3762,0.028099995688535273,0.13099999341648072,0.12799999967683107,True,4235.965650809835
ECC+ChaCha20,5000,3,3763,0.029499991796910763,0.13309999485500157,0.1016999885905534,True,4235.965650809835
ECC+ChaCha20,5000,3,3764,0.029100003303028643,0.13240000407677144,0.10379999002907425,True,4235.965650809835
ECC+ChaCha20,5000,3,3765,0.028599999495781958,0.13050000416114926,0.10150000161956996,True,4235.965650809835
ECC+ChaCha20,5000,3,3766,0.028800001018680632,0.13640000543091446,0.10040000779554248,True,4235.965650809835
ECC+ChaCha20,5000,3,3767,0.028800001018680632,0.12959999730810523,0.10130000009667128,True,4235.965650809835
ECC+ChaCha20,5000,3,3768,0.034199998481199145,0.14119999832473695,0.10370000381954014,True,4235.965650809835
ECC+ChaCha20,5000,3,3769,0.027600006433203816,0.13179999950807542,0.1007999962894246,True,4235.965650809835
ECC+ChaCha20,5000,3,3770,0.027600006433203816,0.13000000035390258,0.10059999476652592,True,4235.965650809835
ECC+ChaCha20,5000,3,3771,0.027699992642737925,0.1297999988310039,0.10030000703409314,True,4235.965650809835
ECC+ChaCha20,5000,3,3772,0.027799993404187262,0.12969999806955457,0.10050000855699182,True,4235.965650809835
ECC+ChaCha20,5000,3,3773,0.027400004910305142,0.12870000500697643,0.1010000123642385,True,4235.965650809835
ECC+ChaCha20,5000,3,3774,0.027700007194653153,0.12850000348407775,0.10069999552797526,True,4235.965650809835
ECC+ChaCha20,5000,3,3775,0.027300004148855805,0.12919999426230788,0.09989998943638057,True,4235.965650809835
ECC+ChaCha20,5000,3,3776,0.02720000338740647,0.12760001118294895,0.1002000062726438,True,4235.965650809835
ECC+ChaCha20,5000,3,3777,0.027299989596940577,0.1289999927394092,0.0999000039882958,True,4235.965650809835
ECC+ChaCha20,5000,3,3778,0.027300004148855805,0.12889999197795987,0.10069999552797526,True,4235.965650809835
ECC+ChaCha20,5000,3,3779,0.027700007194653153,0.12879999121651053,0.1007999962894246,True,4235.965650809835
ECC+ChaCha20,5000,3,3780,0.0278999941656366,0.12929999502375722,0.10049999400507659,True,4235.965650809835
ECC+ChaCha20,5000,3,3781,0.027299989596940577,0.12919999426230788,0.10059999476652592,True,4235.965650809835
ECC+ChaCha20,5000,3,3782,0.027799993404187262,0.13010000111535192,0.10099999781232327,True,4235.965650809835
ECC+ChaCha20,5000,3,3783,0.02750000567175448,0.1289000065298751,0.10060000931844115,True,4235.965650809835
ECC+ChaCha20,5000,3,3784,0.02749999111983925,0.12989999959245324,0.10090001160278916,True,4235.965650809835
ECC+ChaCha20,5000,3,3785,0.026900001103058457,0.12849998893216252,0.10049999400507659,True,4235.965650809835
ECC+ChaCha20,5000,3,3786,0.02719998883549124,0.1289000065298751,0.10099999781232327,True,4235.965650809835
ECC+ChaCha20,5000,3,3787,0.027600006433203816,0.12930000957567245,0.10059999476652592,True,4235.965650809835
ECC+ChaCha20,5000,3,3788,0.027299989596940577,0.12939999578520656,0.10000000474974513,True,4235.965650809835
ECC+ChaCha20,5000,3,3789,0.02750000567175448,0.12870000500697643,0.1002000062726438,True,4235.965650809835
ECC+ChaCha20,5000,3,3790,0.027400004910305142,0.1303000026382506,0.10089999705087394,True,4235.965650809835
ECC+ChaCha20,5000,3,3791,0.028399997972883284,0.12989999959245324,0.10030000703409314,True,4235.965650809835
ECC+ChaCha20,5000,3,3792,0.02819999644998461,0.1297999988310039,0.10090001160278916,True,4235.965650809835
ECC+ChaCha20,5000,3,3793,0.02780000795610249,0.12880000576842576,0.0999000039882958,True,4235.965650809835
ECC+ChaCha20,5000,3,3794,0.027900008717551827,0.12930000957567245,0.10119999933522195,True,4235.965650809835
ECC+ChaCha20,5000,3,3795,0.028000009479001164,0.12799999967683107,0.09989998943638057,True,4235.965650809835
ECC+ChaCha20,5000,3,3796,0.027299989596940577,0.1306000049225986,0.10060000931844115,True,4235.965650809835
ECC+ChaCha20,5000,3,3797,0.02749999111983925,0.13040000339969993,0.10070001007989049,True,4235.965650809835
ECC+ChaCha20,5000,3,3798,0.027600006433203816,0.1331999956164509,0.10089999705087394,True,4235.965650809835
ECC+ChaCha20,5000,3,3799,0.05190000229049474,0.1753999968059361,0.11269999959040433,True,4235.965650809835
ECC+ChaCha20,5000,3,3800,0.043799998820759356,0.155699992319569,0.10560000373516232,True,4235.965650809835
ECC+ChaCha20,5000,3,3801,0.04090000584255904,0.14760000340174884,0.10689999908208847,True,4235.965650809835
ECC+ChaCha20,5000,3,3802,0.02920000406447798,0.1357000001007691,0.10400000610388815,True,4235.965650809835
ECC+ChaCha20,5000,3,3803,0.02819999644998461,0.13040000339969993,0.10099999781232327,True,4235.965650809835
ECC+ChaCha20,5000,3,3804,0.02750000567175448,0.13109999417793006,0.1016999885905534,True,4235.965650809835
ECC+ChaCha20,5000,3,3805,0.027699992642737925,0.13000000035390258,0.10410000686533749,True,4235.965650809835
ECC+ChaCha20,5000,3,3806,0.027700007194653153,0.12960001186002046,0.10130000009667128,True,4235.965650809835
ECC+ChaCha20,5000,3,3807,0.027600006433203816,0.12969999806955457,0.10029999248217791,True,4235.965650809835
ECC+ChaCha20,5000,3,3808,0.02780000795610249,0.13089999265503138,0.10140000085812062,True,4235.965650809835
ECC+ChaCha20,5000,3,3809,0.027700007194653153,0.13050000416114926,0.10029999248217791,True,4235.965650809835
ECC+ChaCha20,5000,3,3810,0.027400004910305142,0.12960001186002046,0.1007999962894246,True,4235.965650809835
ECC+ChaCha20,5000,3,3811,0.02749999111983925,0.12929999502375722,0.10119999933522195,True,4235.965650809835
ECC+ChaCha20,5000,3,3812,0.02719998883549124,0.1289000065298751,0.1016000023810193,True,4235.965650809835
ECC+ChaCha20,5000,3,3813,0.027599991881288588,0.12959999730810523,0.10090001160278916,True,4235.965650809835
ECC+ChaCha20,5000,3,3814,0.027599991881288588,0.12959999730810523,0.0999000039882958,True,4235.965650809835
ECC+ChaCha20,5000,3,3815,0.02719998883549124,0.12929999502375722,0.10029999248217791,True,4235.965650809835
ECC+ChaCha20,5000,3,3816,0.027400004910305142,0.12840000272262841,0.10059999476652592,True,4235.965650809835
ECC+ChaCha20,5000,3,3817,0.027999994927085936,0.1289000065298751,0.1002000062726438,True,4235.965650809835
ECC+ChaCha20,5000,3,3818,0.027700007194653153,0.12959999730810523,0.10080001084133983,True,4235.965650809835
ECC+ChaCha20,5000,3,3819,0.02780000795610249,0.12930000957567245,0.10040000779554248,True,4235.965650809835
ECC+ChaCha20,5000,3,3820,0.027699992642737925,0.12959999730810523,0.10070001007989049,True,4235.965650809835
ECC+ChaCha20,5000,3,3821,0.027400004910305142,0.12930000957567245,0.0999000039882958,True,4235.965650809835
ECC+ChaCha20,5000,3,3822,0.027699992642737925,0.1294999965466559,0.10109999857377261,True,4235.965650809835
ECC+ChaCha20,5000,3,3823,0.02749999111983925,0.12900000729132444,0.10010000551119447,True,4235.965650809835
ECC+ChaCha20,5000,3,3824,0.027000001864507794,0.12880000576842576,0.09929999941959977,True,4235.965650809835
ECC+ChaCha20,5000,3,3825,0.027900008717551827,0.1300999865634367,0.10130000009667128,True,4235.965650809835
ECC+ChaCha20,5000,3,3826,0.028000009479001164,0.13070000568404794,0.1010000123642385,True,4235.965650809835
ECC+ChaCha20,5000,3,3827,0.028299997211433947,0.13000000035390258,0.1016999885905534,True,4235.965650809835
ECC+ChaCha20,5000,3,3828,0.02720000338740647,0.12929999502375722,0.10119999933522195,True,4235.965650809835
ECC+ChaCha20,5000,3,3829,0.027299989596940577,0.13129999570082873,0.10239999392069876,True,4235.965650809835
ECC+ChaCha20,5000,3,3830,0.028000009479001164,0.13580000086221844,0.10149998706765473,True,4235.965650809835
ECC+ChaCha20,5000,3,3831,0.028599999495781958,0.13150001177564263,0.10199999087490141,True,4235.965650809835
ECC+ChaCha20,5000,3,3832,0.028000009479001164,0.12930000957567245,0.10119999933522195,True,4235.965650809835
ECC+ChaCha20,5000,3,3833,0.027300004148855805,0.1294999965466559,0.10099999781232327,True,4235.965650809835
ECC+ChaCha20,5000,3,3834,0.027900008717551827,0.13000000035390258,0.10099999781232327,True,4235.965650809835
ECC+ChaCha20,5000,3,3835,0.027699992642737925,0.12989999959245324,0.10040000779554248,True,4235.965650809835
ECC+ChaCha20,5000,3,3836,0.031200004741549492,0.13329999637790024,0.10200000542681664,True,4235.965650809835
ECC+ChaCha20,5000,3,3837,0.02780000795610249,0.1297999988310039,0.10109999857377261,True,4235.965650809835
ECC+ChaCha20,5000,3,3838,0.028999987989664078,0.13129999570082873,0.10130000009667128,True,4235.965650809835
ECC+ChaCha20,5000,3,3839,0.028099995688535273,0.12969999806955457,0.10060000931844115,True,4235.965650809835
ECC+ChaCha20,5000,3,3840,0.02819999644998461,0.1314999972237274,0.10219999239780009,True,4235.965650809835
ECC+ChaCha20,5000,3,3841,0.02849999873433262,0.13129999570082873,0.10130000009667128,True,4235.965650809835
ECC+ChaCha20,5000,3,3842,0.0278999941656366,0.12929999502375722,0.10019999172072858,True,4235.965650809835
ECC+ChaCha20,5000,3,3843,0.028099995688535273,0.12889999197795987,0.10039999324362725,True,4235.965650809835
ECC+ChaCha20,5000,3,3844,0.027400004910305142,0.12930000957567245,0.09980000322684646,True,4235.965650809835
ECC+ChaCha20,5000,3,3845,0.027099988074041903,0.12820000119972974,0.10019999172072858,True,4235.965650809835
ECC+ChaCha20,5000,3,3846,0.02720000338740647,0.12919999426230788,0.10099999781232327,True,4235.965650809835
ECC+ChaCha20,5000,3,3847,0.027300004148855805,0.12919999426230788,0.10069999552797526,True,4235.965650809835
ECC+ChaCha20,5000,3,3848,0.027400004910305142,0.12830000196117908,0.10099999781232327,True,4235.965650809835
ECC+ChaCha20,5000,3,3849,0.027400004910305142,0.12870000500697643,0.10029999248217791,True,4235.965650809835
ECC+ChaCha20,5000,3,3850,0.028000009479001164,0.12950001109857112,0.10089999705087394,True,4235.965650809835
ECC+ChaCha20,5000,3,3851,0.0278999941656366,0.12889999197795987,0.0999999901978299,True,4235.965650809835
ECC+ChaCha20,5000,3,3852,0.02720000338740647,0.12799999967683107,0.10170000314246863,True,4235.965650809835
ECC+ChaCha20,5000,3,3853,0.02710000262595713,0.12850000348407775,0.10039999324362725,True,4235.965650809835
ECC+ChaCha20,5000,3,3854,0.027400004910305142,0.12840000272262841,0.10089999705087394,True,4235.965650809835
ECC+ChaCha20,5000,3,3855,0.027699992642737925,0.12879999121651053,0.10039999324362725,True,4235.965650809835
ECC+ChaCha20,5000,3,3856,0.028800001018680632,0.1334000116912648,0.10119999933522195,True,4235.965650809835
ECC+ChaCha20,5000,3,3857,0.028300011763349175,0.1303000026382506,0.10030000703409314,True,4235.965650809835
ECC+ChaCha20,5000,3,3858,0.027900008717551827,0.12960001186002046,0.10030000703409314,True,4235.965650809835
ECC+ChaCha20,5000,3,3859,0.027300004148855805,0.12830000196117908,0.10049999400507659,True,4235.965650809835
ECC+ChaCha20,5000,3,3860,0.027599991881288588,0.12929999502375722,0.10059999476652592,True,4235.965650809835
ECC+ChaCha20,5000,3,3861,0.02750000567175448,0.1303999888477847,0.10029999248217791,True,4235.965650809835
ECC+ChaCha20,5000,3,3862,0.027000001864507794,0.1320000010309741,0.09969998791348189,True,4235.965650809835
ECC+ChaCha20,5000,3,3863,0.027600006433203816,0.12859998969361186,0.10009999095927924,True,4235.965650809835
ECC+ChaCha20,5000,3,3864,0.02710000262595713,0.12989999959245324,0.1007999962894246,True,4235.965650809835
ECC+ChaCha20,5000,3,3865,0.027700007194653153,0.12900000729132444,0.10060000931844115,True,4235.965650809835
ECC+ChaCha20,5000,3,3866,0.027400004910305142,0.12830000196117908,0.10009999095927924,True,4235.965650809835
ECC+ChaCha20,5000,3,3867,0.02710000262595713,0.12850000348407775,0.12070000229869038,True,4235.965650809835
ECC+ChaCha20,5000,3,3868,0.029199989512562752,0.13139999646227807,0.10059999476652592,True,4235.965650809835
ECC+ChaCha20,5000,3,3869,0.027599991881288588,0.12870000500697643,0.10049999400507659,True,4235.965650809835
ECC+ChaCha20,5000,3,3870,0.027400004910305142,0.12880000576842576,0.0999000039882958,True,4235.965650809835
ECC+ChaCha20,5000,3,3871,0.027799993404187262,0.14269999519456178,0.10170000314246863,True,4235.965650809835
ECC+ChaCha20,5000,3,3872,0.02920000406447798,0.1326000055996701,0.10130000009667128,True,4235.965650809835
ECC+ChaCha20,5000,3,3873,0.027599991881288588,0.1286000042455271,0.1213000068673864,True,4235.965650809835
ECC+ChaCha20,5000,3,3874,0.03130000550299883,0.13390000094659626,0.10389999079052359,True,4235.965650809835
ECC+ChaCha20,5000,3,3875,0.029000002541579306,0.1331999956164509,0.10230000771116465,True,4235.965650809835
ECC+ChaCha20,5000,3,3876,0.028099995688535273,0.13010000111535192,0.10099999781232327,True,4235.965650809835
ECC+ChaCha20,5000,3,3877,0.0278999941656366,0.13040000339969993,0.10080001084133983,True,4235.965650809835
ECC+ChaCha20,5000,3,3878,0.027699992642737925,0.13010000111535192,0.10089999705087394,True,4235.965650809835
ECC+ChaCha20,5000,3,3879,0.027699992642737925,0.13050000416114926,0.1007999962894246,True,4235.965650809835
ECC+ChaCha20,5000,3,3880,0.02780000795610249,0.1286000042455271,0.10099999781232327,True,4235.965650809835
ECC+ChaCha20,5000,3,3881,0.027699992642737925,0.12870000500697643,0.10059999476652592,True,4235.965650809835
ECC+ChaCha20,5000,3,3882,0.027799993404187262,0.12969999806955457,0.10189999011345208,True,4235.965650809835
ECC+ChaCha20,5000,3,3883,0.02750000567175448,0.1297999988310039,0.10119999933522195,True,4235.965650809835
ECC+ChaCha20,5000,3,3884,0.027400004910305142,0.12919999426230788,0.10119999933522195,True,4235.965650809835
ECC+ChaCha20,5000,3,3885,0.02710000262595713,0.12830000196117908,0.10059999476652592,True,4235.965650809835
ECC+ChaCha20,5000,3,3886,0.027400004910305142,0.12969999806955457,0.1007999962894246,True,4235.965650809835
ECC+ChaCha20,5000,3,3887,0.027300004148855805,0.1289999927394092,0.10059999476652592,True,4235.965650809835
ECC+ChaCha20,5000,3,3888,0.02750000567175448,0.12989999959245324,0.1007999962894246,True,4235.965650809835
ECC+ChaCha20,5000,3,3889,0.028299997211433947,0.13109999417793006,0.10099999781232327,True,4235.965650809835
ECC+ChaCha20,5000,3,3890,0.027600006433203816,0.12909999350085855,0.10110001312568784,True,4235.965650809835
ECC+ChaCha20,5000,3,3891,0.027400004910305142,0.12910000805277377,0.10040000779554248,True,4235.965650809835
ECC+ChaCha20,5000,3,3892,0.027700007194653153,0.12889999197795987,0.10109999857377261,True,4235.965650809835
ECC+ChaCha20,5000,3,3893,0.027300004148855805,0.12959999730810523,0.10060000931844115,True,4235.965650809835
ECC+ChaCha20,5000,3,3894,0.02749999111983925,0.13279999257065356,0.10069999552797526,True,4235.965650809835
ECC+ChaCha20,5000,3,3895,0.02820001100189984,0.13040000339969993,0.10099999781232327,True,4235.965650809835
ECC+ChaCha20,5000,3,3896,0.0278999941656366,0.12959999730810523,0.10009999095927924,True,4235.965650809835
ECC+ChaCha20,5000,3,3897,0.027699992642737925,0.12929999502375722,0.10029999248217791,True,4235.965650809835
ECC+ChaCha20,5000,3,3898,0.02750000567175448,0.1297999988310039,0.1016000023810193,True,4235.965650809835
ECC+ChaCha20,5000,3,3899,0.027799993404187262,0.12939999578520656,0.10099999781232327,True,4235.965650809835
ECC+ChaCha20,5000,3,3900,0.027900008717551827,0.1289000065298751,0.10080001084133983,True,4235.965650809835
ECC+ChaCha20,5000,3,3901,0.027900008717551827,0.12969999806955457,0.10130000009667128,True,4235.965650809835
ECC+ChaCha20,5000,3,3902,0.02819999644998461,0.13129999570082873,0.10080001084133983,True,4235.965650809835
ECC+ChaCha20,5000,3,3903,0.027799993404187262,0.1303999888477847,0.10069999552797526,True,4235.965650809835
ECC+ChaCha20,5000,3,3904,0.028800001018680632,0.13190000026952475,0.10119999933522195,True,4235.965650809835
ECC+ChaCha20,5000,3,3905,0.028099995688535273,0.12859998969361186,0.10000000474974513,True,4235.965650809835
ECC+ChaCha20,5000,3,3906,0.027400004910305142,0.12749999586958438,0.1007999962894246,True,4235.965650809835
ECC+ChaCha20,5000,3,3907,0.027600006433203816,0.1297999988310039,0.10220000694971532,True,4235.965650809835
ECC+ChaCha20,5000,3,3908,0.027799993404187262,0.12929999502375722,0.10089999705087394,True,4235.965650809835
ECC+ChaCha20,5000,3,3909,0.02750000567175448,0.1286000042455271,0.10099999781232327,True,4235.965650809835
ECC+ChaCha20,5000,3,3910,0.03199999628122896,0.13830000534653664,0.10409999231342226,True,4235.965650809835
ECC+ChaCha20,5000,3,3911,0.02849999873433262,0.13159999798517674,0.10059999476652592,True,4235.965650809835
ECC+ChaCha20,5000,3,3912,0.02929999027401209,0.13210000179242343,0.10080001084133983,True,4235.965650809835
ECC+ChaCha20,5000,3,3913,0.0281000102404505,0.13050000416114926,0.1002000062726438,True,4235.965650809835
ECC+ChaCha20,5000,3,3914,0.027799993404187262,0.12919999426230788,0.10029999248217791,True,4235.965650809835
ECC+ChaCha20,5000,3,3915,0.027700007194653153,0.1309000072069466,0.10109999857377261,True,4235.965650809835
ECC+ChaCha20,5000,3,3916,0.027300004148855805,0.1286999904550612,0.10059999476652592,True,4235.965650809835
ECC+ChaCha20,5000,3,3917,0.02750000567175448,0.13010000111535192,0.10349998774472624,True,4235.965650809835
ECC+ChaCha20,5000,3,3918,0.028000009479001164,0.12969999806955457,0.10109999857377261,True,4235.965650809835
ECC+ChaCha20,5000,3,3919,0.027600006433203816,0.12989999959245324,0.10199999087490141,True,4235.965650809835
ECC+ChaCha20,5000,3,3920,0.02849999873433262,0.13190000026952475,0.10250000923406333,True,4235.965650809835
ECC+ChaCha20,5000,3,3921,0.027699992642737925,0.13040000339969993,0.10279999696649611,True,4235.965650809835
ECC+ChaCha20,5000,3,3922,0.028700000257231295,0.12989999959245324,0.1019000046653673,True,4235.965650809835
ECC+ChaCha20,5000,3,3923,0.027600006433203816,0.1294999965466559,0.10200000542681664,True,4235.965650809835
ECC+ChaCha20,5000,3,3924,0.027999994927085936,0.12929999502375722,0.10069999552797526,True,4235.965650809835
ECC+ChaCha20,5000,3,3925,0.02750000567175448,0.13169999874662608,0.10059999476652592,True,4235.965650809835
ECC+ChaCha20,5000,3,3926,0.027699992642737925,0.13420000323094428,0.10030000703409314,True,4235.965650809835
ECC+ChaCha20,5000,3,3927,0.027699992642737925,0.12959999730810523,0.10060000931844115,True,4235.965650809835
ECC+ChaCha20,5000,3,3928,0.027700007194653153,0.1281000004382804,0.1007999962894246,True,4235.965650809835
ECC+ChaCha20,5000,3,3929,0.027400004910305142,0.12840000272262841,0.10050000855699182,True,4235.965650809835
ECC+ChaCha20,5000,3,3930,0.02720000338740647,0.1281000004382804,0.10119999933522195,True,4235.965650809835
ECC+ChaCha20,5000,3,3931,0.027299989596940577,0.12870000500697643,0.10089999705087394,True,4235.965650809835
ECC+ChaCha20,5000,3,3932,0.02720000338740647,0.13000000035390258,0.0999999901978299,True,4235.965650809835
ECC+ChaCha20,5000,3,3933,0.0278999941656366,0.12989999959245324,0.1007999962894246,True,4235.965650809835
ECC+ChaCha20,5000,3,3934,0.027300004148855805,0.12879999121651053,0.10000000474974513,True,4235.965650809835
ECC+ChaCha20,5000,3,3935,0.02750000567175448,0.12989999959245324,0.10089999705087394,True,4235.965650809835
ECC+ChaCha20,5000,3,3936,0.027300004148855805,0.12989999959245324,0.10070001007989049,True,4235.965650809835
ECC+ChaCha20,5000,3,3937,0.027400004910305142,0.12940001033712178,0.10099999781232327,True,4235.965650809835
ECC+ChaCha20,5000,3,3938,0.027399990358389914,0.12939999578520656,0.10140000085812062,True,4235.965650809835
ECC+ChaCha20,5000,3,3939,0.027300004148855805,0.13020000187680125,0.10029999248217791,True,4235.965650809835
ECC+ChaCha20,5000,3,3940,0.02780000795610249,0.13010000111535192,0.10119999933522195,True,4235.965650809835
ECC+ChaCha20,5000,3,3941,0.027400004910305142,0.12830000196117908,0.10039999324362725,True,4235.965650809835
ECC+ChaCha20,5000,3,3942,0.02719998883549124,0.1286000042455271,0.10080001084133983,True,4235.965650809835
ECC+ChaCha20,5000,3,3943,0.027400004910305142,0.12909999350085855,0.10049999400507659,True,4235.965650809835
ECC+ChaCha20,5000,3,3944,0.027799993404187262,0.1303000026382506,0.10060000931844115,True,4235.965650809835
ECC+ChaCha20,5000,3,3945,0.02750000567175448,0.12919999426230788,0.1007999962894246,True,4235.965650809835
ECC+ChaCha20,5000,3,3946,0.032199997804127634,0.14040000678505749,0.10720000136643648,True,4235.965650809835
ECC+ChaCha20,5000,3,3947,0.029000002541579306,0.13249999028630555,0.10140000085812062,True,4235.965650809835
ECC+ChaCha20,5000,3,3948,0.027999994927085936,0.13099999341648072,0.10059999476652592,True,4235.965650809835
ECC+ChaCha20,5000,3,3949,0.027900008717551827,0.1320000010309741,0.10289999772794545,True,4235.965650809835
ECC+ChaCha20,5000,3,3950,0.02750000567175448,0.1297999988310039,0.10089999705087394,True,4235.965650809835
ECC+ChaCha20,5000,3,3951,0.027799993404187262,0.1303000026382506,0.10070001007989049,True,4235.965650809835
ECC+ChaCha20,5000,3,3952,0.028099995688535273,0.13049998960923404,0.10099999781232327,True,4235.965650809835
ECC+ChaCha20,5000,3,3953,0.027699992642737925,0.13040000339969993,0.10170000314246863,True,4235.965650809835
ECC+ChaCha20,5000,3,3954,0.02819999644998461,0.13160001253709197,0.10200000542681664,True,4235.965650809835
ECC+ChaCha20,5000,3,3955,0.027699992642737925,0.12939999578520656,0.1007999962894246,True,4235.965650809835
ECC+ChaCha20,5000,3,3956,0.027699992642737925,0.13049998960923404,0.10140000085812062,True,4235.965650809835
ECC+ChaCha20,5000,3,3957,0.027400004910305142,0.13099999341648072,0.10449999535921961,True,4235.965650809835
ECC+ChaCha20,5000,3,3958,0.027600006433203816,0.13359999866224825,0.10180000390391797,True,4235.965650809835
ECC+ChaCha20,5000,3,3959,0.028000009479001164,0.1306000049225986,0.10069999552797526,True,4235.965650809835
ECC+ChaCha20,5000,3,3960,0.027399990358389914,0.1286000042455271,0.10119999933522195,True,4235.965650809835
ECC+ChaCha20,5000,3,3961,0.027700007194653153,0.12940001033712178,0.10089999705087394,True,4235.965650809835
ECC+ChaCha20,5000,3,3962,0.02749999111983925,0.12850000348407775,0.1010000123642385,True,4235.965650809835
ECC+ChaCha20,5000,3,3963,0.02750000567175448,0.12980001338291913,0.10059999476652592,True,4235.965650809835
ECC+ChaCha20,5000,3,3964,0.02750000567175448,0.1286999904550612,0.09989998943638057,True,4235.965650809835
ECC+ChaCha20,5000,3,3965,0.027599991881288588,0.12909999350085855,0.10039999324362725,True,4235.965650809835
ECC+ChaCha20,5000,3,3966,0.027700007194653153,0.1289999927394092,0.10029999248217791,True,4235.965650809835
ECC+ChaCha20,5000,3,3967,0.027299989596940577,0.12870000500697643,0.10119999933522195,True,4235.965650809835
ECC+ChaCha20,5000,3,3968,0.027799993404187262,0.13049998960923404,0.10089999705087394,True,4235.965650809835
ECC+ChaCha20,5000,3,3969,0.027699992642737925,0.13020000187680125,0.10069999552797526,True,4235.965650809835
ECC+ChaCha20,5000,3,3970,0.02749999111983925,0.12929999502375722,0.10009999095927924,True,4235.965650809835
ECC+ChaCha20,5000,3,3971,0.027400004910305142,0.12909999350085855,0.10059999476652592,True,4235.965650809835
ECC+ChaCha20,5000,3,3972,0.027399990358389914,0.12820000119972974,0.10070001007989049,True,4235.965650809835
ECC+ChaCha20,5000,3,3973,0.02750000567175448,0.12870000500697643,0.1002000062726438,True,4235.965650809835
ECC+ChaCha20,5000,3,3974,0.02720000338740647,0.12909999350085855,0.10030000703409314,True,4235.965650809835
ECC+ChaCha20,5000,3,3975,0.027599991881288588,0.1286000042455271,0.10060000931844115,True,4235.965650809835
ECC+ChaCha20,5000,3,3976,0.027300004148855805,0.1292000088142231,0.10050000855699182,True,4235.965650809835
ECC+ChaCha20,5000,3,3977,0.02780000795610249,0.1286000042455271,0.10089999705087394,True,4235.965650809835
ECC+ChaCha20,5000,3,3978,0.02750000567175448,0.12870000500697643,0.10070001007989049,True,4235.965650809835
ECC+ChaCha20,5000,3,3979,0.027700007194653153,0.1300999865634367,0.10130000009667128,True,4235.965650809835
ECC+ChaCha20,5000,3,3980,0.028000009479001164,0.13110000872984529,0.10170000314246863,True,4235.965650809835
ECC+ChaCha20,5000,3,3981,0.027599991881288588,0.12929999502375722,0.1007999962894246,True,4235.965650809835
ECC+ChaCha20,5000,3,3982,0.027699992642737925,0.17780000052880496,0.10849999671336263,True,4235.965650809835
ECC+ChaCha20,5000,3,3983,0.03190001007169485,0.12740000966005027,0.10010000551119447,True,4235.965650809835
ECC+ChaCha20,5000,3,3984,0.028000009479001164,0.1275000104214996,0.09879999561235309,True,4235.965650809835
ECC+ChaCha20,5000,3,3985,0.02819999644998461,0.1269999920623377,0.09839999256655574,True,4235.965650809835
ECC+ChaCha20,5000,3,3986,0.02720000338740647,0.12569999671541154,0.09770000178832561,True,4235.965650809835
ECC+ChaCha20,5000,3,3987,0.02719998883549124,0.14109999756328762,0.10009999095927924,True,4235.965650809835
ECC+ChaCha20,5000,3,3988,0.030800001695752144,0.1277999981539324,0.09820000559557229,True,4235.965650809835
ECC+ChaCha20,5000,3,3989,0.02819999644998461,0.12749999586958438,0.0973999995039776,True,4235.965650809835
ECC+ChaCha20,5000,3,3990,0.02720000338740647,0.1294999965466559,0.09869999485090375,True,4235.965650809835
ECC+ChaCha20,5000,3,3991,0.028700000257231295,0.1264000020455569,0.09729999874252826,True,4235.965650809835
ECC+ChaCha20,5000,3,3992,0.027400004910305142,0.12599999899975955,0.09810000483412296,True,4235.965650809835
ECC+ChaCha20,5000,3,3993,0.027599991881288588,0.1260999997612089,0.09769998723641038,True,4235.965650809835
ECC+ChaCha20,5000,3,3994,0.027600006433203816,0.1260999997612089,0.09790000331122428,True,4235.965650809835
ECC+ChaCha20,5000,3,3995,0.027300004148855805,0.12599999899975955,0.09780000254977494,True,4235.965650809835
ECC+ChaCha20,5000,3,3996,0.02780000795610249,0.1250000059371814,0.09890001092571765,True,4235.965650809835
ECC+ChaCha20,5000,3,3997,0.02710000262595713,0.1252000074600801,0.09729999874252826,True,4235.965650809835
ECC+ChaCha20,5000,3,3998,0.02720000338740647,0.12589999823831022,0.09830000635702163,True,4235.965650809835
ECC+ChaCha20,5000,3,3999,0.027399990358389914,0.12530000822152942,0.09699999645818025,True,4235.965650809835
ECC+ChaCha20,5000,3,4000,0.027000001864507794,0.12599999899975955,0.09849999332800508,True,4235.965650809835
ECC+ChaCha20,5000,3,4001,0.02750000567175448,0.12460000289138407,0.0968000094871968,True,4235.965650809835
ECC+ChaCha20,5000,3,4002,0.027300004148855805,0.12509999214671552,0.09760000102687627,True,4235.965650809835
ECC+ChaCha20,5000,3,4003,0.02649999805726111,0.1260999997612089,0.09760000102687627,True,4235.965650809835
ECC+ChaCha20,5000,3,4004,0.026599998818710446,0.12509999214671552,0.09839999256655574,True,4235.965650809835
ECC+ChaCha20,5000,3,4005,0.026799985789693892,0.12490000517573208,0.09660000796429813,True,4235.965650809835
ECC+ChaCha20,5000,3,4006,0.02720000338740647,0.1252999936696142,0.09780000254977494,True,4235.965650809835
ECC+ChaCha20,5000,3,4007,0.026900001103058457,0.1250000059371814,0.09770000178832561,True,4235.965650809835
ECC+ChaCha20,5000,3,4008,0.027000001864507794,0.12599999899975955,0.09840000711847097,True,4235.965650809835
ECC+ChaCha20,5000,3,4009,0.02780000795610249,0.1252999936696142,0.09840000711847097,True,4235.965650809835
ECC+ChaCha20,5000,3,4010,0.027400004910305142,0.1258000120287761,0.09820000559557229,True,4235.965650809835
ECC+ChaCha20,5000,3,4011,0.027000001864507794,0.12589999823831022,0.09750000026542693,True,4235.965650809835
ECC+ChaCha20,5000,3,4012,0.02710000262595713,0.12459998833946884,0.09760000102687627,True,4235.965650809835
ECC+ChaCha20,5000,3,4013,0.027300004148855805,0.12539999443106353,0.09730001329444349,True,4235.965650809835
ECC+ChaCha20,5000,3,4014,0.027400004910305142,0.1264000020455569,0.09799998952075839,True,4235.965650809835
ECC+ChaCha20,5000,3,4015,0.02680000034160912,0.12489999062381685,0.09839999256655574,True,4235.965650809835
ECC+ChaCha20,5000,3,4016,0.027700007194653153,0.12659998901654035,0.09750000026542693,True,4235.965650809835
ECC+ChaCha20,5000,3,4017,0.02680000034160912,0.1252999936696142,0.09770000178832561,True,4235.965650809835
ECC+ChaCha20,5000,3,4018,0.026699999580159783,0.12440000136848539,0.09719999798107892,True,4235.965650809835
ECC+ChaCha20,5000,3,4019,0.026999987312592566,0.12480000441428274,0.09830000635702163,True,4235.965650809835
ECC+ChaCha20,5000,3,4020,0.029700007871724665,0.14030000602360815,0.10299999848939478,True,4235.965650809835
ECC+ChaCha20,5000,3,4021,0.03090000245720148,0.1357000001007691,0.09910001244861633,True,4235.965650809835
ECC+ChaCha20,5000,3,4022,0.027599991881288588,0.12830000196117908,0.09940000018104911,True,4235.965650809835
ECC+ChaCha20,5000,3,4023,0.02849999873433262,0.1277999981539324,0.09769998723641038,True,4235.965650809835
ECC+ChaCha20,5000,3,4024,0.02710000262595713,0.1250000059371814,0.09740001405589283,True,4235.965650809835
ECC+ChaCha20,5000,3,4025,0.02680000034160912,0.12630000128410757,0.09800000407267362,True,4235.965650809835
ECC+ChaCha20,5000,3,4026,0.026699999580159783,0.12589999823831022,0.09750000026542693,True,4235.965650809835
ECC+ChaCha20,5000,3,4027,0.02710000262595713,0.12590001279022545,0.09820000559557229,True,4235.965650809835
ECC+ChaCha20,5000,3,4028,0.02680000034160912,0.12579999747686088,0.09760000102687627,True,4235.965650809835
ECC+ChaCha20,5000,3,4029,0.0281000102404505,0.1272000081371516,0.09770000178832561,True,4235.965650809835
ECC+ChaCha20,5000,3,4030,0.026399997295811772,0.12499999138526618,0.09790000331122428,True,4235.965650809835
ECC+ChaCha20,5000,3,4031,0.026599998818710446,0.12590001279022545,0.09800000407267362,True,4235.965650809835
ECC+ChaCha20,5000,3,4032,0.02710000262595713,0.12650000280700624,0.0973999995039776,True,4235.965650809835
ECC+ChaCha20,5000,3,4033,0.026900001103058457,0.12479998986236751,0.09750000026542693,True,4235.965650809835
ECC+ChaCha20,5000,3,4034,0.026599998818710446,0.12549999519251287,0.09780000254977494,True,4235.965650809835
ECC+ChaCha20,5000,3,4035,0.026699999580159783,0.12530000822152942,0.09750000026542693,True,4235.965650809835
ECC+ChaCha20,5000,3,4036,0.026399997295811772,0.1247000036528334,0.09729999874252826,True,4235.965650809835
ECC+ChaCha20,5000,3,4037,0.027300004148855805,0.1252999936696142,0.09789998875930905,True,4235.965650809835
ECC+ChaCha20,5000,3,4038,0.026699999580159783,0.12460000289138407,0.09719999798107892,True,4235.965650809835
ECC+ChaCha20,5000,3,4039,0.026699999580159783,0.1250000059371814,0.09719999798107892,True,4235.965650809835
ECC+ChaCha20,5000,3,4040,0.02649999805726111,0.12490000517573208,0.09780000254977494,True,4235.965650809835
ECC+ChaCha20,5000,3,4041,0.02680000034160912,0.12509999214671552,0.09729999874252826,True,4235.965650809835
ECC+ChaCha20,5000,3,4042,0.026599998818710446,0.1252000074600801,0.09719999798107892,True,4235.965650809835
ECC+ChaCha20,5000,3,4043,0.026900001103058457,0.12589999823831022,0.09699999645818025,True,4235.965650809835
ECC+ChaCha20,5000,3,4044,0.026900001103058457,0.1250000059371814,0.09719999798107892,True,4235.965650809835
ECC+ChaCha20,5000,3,4045,0.02680000034160912,0.12759999663103372,0.106100007542409,True,4235.965650809835
ECC+ChaCha20,5000,3,4046,0.03189999551977962,0.13139999646227807,0.09869999485090375,True,4235.965650809835
ECC+ChaCha20,5000,3,4047,0.027600006433203816,0.12569999671541154,0.09770000178832561,True,4235.965650809835
ECC+ChaCha20,5000,3,4048,0.026399997295811772,0.12589999823831022,0.09779998799785972,True,4235.965650809835
ECC+ChaCha20,5000,3,4049,0.02680000034160912,0.12499999138526618,0.09770000178832561,True,4235.965650809835
ECC+ChaCha20,5000,3,4050,0.026900001103058457,0.12620000052265823,0.09790000331122428,True,4235.965650809835
ECC+ChaCha20,5000,3,4051,0.023999993572942913,0.12060000153724104,0.09750000026542693,True,4235.965650809835
ECC+ChaCha20,5000,3,4052,0.023300002794712782,0.11909999011550099,0.09919999865815043,True,4235.965650809835
ECC+ChaCha20,5000,3,4053,0.028399997972883284,0.13249999028630555,0.3690000012284145,True,4235.965650809835
ECC+ChaCha20,5000,3,4054,0.05190000229049474,0.4285000031813979,0.17329999536741525,True,4235.965650809835
ECC+ChaCha20,5000,3,4055,0.04299999272916466,0.15639999764971435,0.10800000745803118,True,4235.965650809835
ECC+ChaCha20,5000,3,4056,0.04569999873638153,0.16089998825918883,0.10720000136643648,True,4235.965650809835
ECC+ChaCha20,5000,3,4057,0.041799998143687844,0.1573999907122925,0.1652000064495951,True,4235.965650809835
ECC+ChaCha20,5000,3,4058,0.09309999586548656,0.3282999969087541,0.2116999967256561,True,4235.965650809835
ECC+ChaCha20,5000,3,4059,0.059300000430084765,0.2612999960547313,0.19570000586099923,True,4235.965650809835
ECC+ChaCha20,5000,3,4060,0.06150000263005495,0.2573000092525035,0.19339998834766448,True,4235.965650809835
ECC+ChaCha20,5000,3,4061,0.06050000956747681,0.255300008575432,0.19299999985378236,True,4235.965650809835
ECC+ChaCha20,5000,3,4062,0.06010000652167946,0.2271999983349815,0.16239999968092889,True,4235.965650809835
ECC+ChaCha20,5000,3,4063,0.052100003813393414,0.21919999562669545,0.15570000687148422,True,4235.965650809835
ECC+ChaCha20,5000,3,4064,0.04710000939667225,0.19230000907555223,0.14280001050792634,True,4235.965650809835
ECC+ChaCha20,5000,3,4065,0.043799998820759356,0.18479999562259763,0.13190000026952475,True,4235.965650809835
ECC+ChaCha20,5000,3,4066,0.035299992305226624,0.1635999942664057,0.12579999747686088,True,4235.965650809835
ECC+ChaCha20,5000,3,4067,0.033200005418621004,0.15330000314861536,0.11330000415910035,True,4235.965650809835
ECC+ChaCha20,5000,3,4068,0.032199997804127634,0.1238999975612387,0.09610000415705144,True,4235.965650809835
ECC+ChaCha20,5000,3,4069,0.02750000567175448,0.12919999426230788,0.10309999925084412,True,4235.965650809835
ECC+ChaCha20,5000,3,4070,0.032500000088475645,0.12569999671541154,0.09689999569673091,True,4235.965650809835
ECC+ChaCha20,5000,3,4071,0.027400004910305142,0.12489999062381685,0.09709999721962959,True,4235.965650809835
ECC+ChaCha20,5000,3,4072,0.027300004148855805,0.1247000036528334,0.09729999874252826,True,4235.965650809835
ECC+ChaCha20,5000,3,4073,0.02710000262595713,0.12430000060703605,0.09679999493528157,True,4235.965650809835
ECC+ChaCha20,5000,3,4074,0.02710000262595713,0.12399999832268804,0.09700001101009548,True,4235.965650809835
ECC+ChaCha20,5000,3,4075,0.027799993404187262,0.12440000136848539,0.09620000491850078,True,4235.965650809835
ECC+ChaCha20,5000,3,4076,0.027400004910305142,0.12480000441428274,0.09729999874252826,True,4235.965650809835
ECC+ChaCha20,5000,3,4077,0.027000001864507794,0.12390001211315393,0.09709999721962959,True,4235.965650809835
ECC+ChaCha20,5000,3,4078,0.027900008717551827,0.12660000356845558,0.0973999995039776,True,4235.965650809835
ECC+ChaCha20,5000,3,4079,0.0281000102404505,0.12599999899975955,0.09719999798107892,True,4235.965650809835
ECC+ChaCha20,5000,3,4080,0.027300004148855805,0.12489999062381685,0.09750000026542693,True,4235.965650809835
ECC+ChaCha20,5000,3,4081,0.027300004148855805,0.12579999747686088,0.15360000543296337,True,4235.965650809835
ECC+ChaCha20,5000,3,4082,0.03090000245720148,0.13339999713934958,0.10060000931844115,True,4235.965650809835
ECC+ChaCha20,5000,3,4083,0.027699992642737925,0.12759999663103372,0.09769998723641038,True,4235.965650809835
ECC+ChaCha20,5000,3,4084,0.027400004910305142,0.12669998977798969,0.09789998875930905,True,4235.965650809835
ECC+ChaCha20,5000,3,4085,0.027400004910305142,0.12950001109857112,0.09660000796429813,True,4235.965650809835
ECC+ChaCha20,5000,3,4086,0.09440000576432794,0.39169999945443124,0.26729999808594584,True,4235.965650809835
ECC+ChaCha20,5000,3,4087,0.06710000161547214,0.13970000145491213,0.10380000458098948,True,4235.965650809835
ECC+ChaCha20,5000,3,4088,0.028800001018680632,0.12969999806955457,0.10069999552797526,True,4235.965650809835
ECC+ChaCha20,5000,3,4089,0.027000001864507794,0.1272000081371516,0.09889999637380242,True,4235.965650809835
ECC+ChaCha20,5000,3,4090,0.028800001018680632,0.13010000111535192,0.0999000039882958,True,4235.965650809835
ECC+ChaCha20,5000,3,4091,0.02720000338740647,0.12680000509135425,0.09840000711847097,True,4235.965650809835
ECC+ChaCha20,5000,3,4092,0.02680000034160912,0.1269000058528036,0.09870000940281898,True,4235.965650809835
ECC+ChaCha20,5000,3,4093,0.026599998818710446,0.1252999936696142,0.09759998647496104,True,4235.965650809835
ECC+ChaCha20,5000,3,4094,0.02680000034160912,0.12710000737570226,0.09820000559557229,True,4235.965650809835
ECC+ChaCha20,5000,3,4095,0.02680000034160912,0.12519999290816486,0.09750000026542693,True,4235.965650809835
ECC+ChaCha20,5000,3,4096,0.02649999805726111,0.1247000036528334,0.0973999995039776,True,4235.965650809835
ECC+ChaCha20,5000,3,4097,0.02719998883549124,0.13919999764766544,0.10260000999551266,True,4235.965650809835
ECC+ChaCha20,5000,3,4098,0.02750000567175448,0.12709999282378703,0.09770000178832561,True,4235.965650809835
ECC+ChaCha20,5000,3,4099,0.027000001864507794,0.1258000120287761,0.09719999798107892,True,4235.965650809835
ECC+ChaCha20,5000,3,4100,0.026699999580159783,0.1297999988310039,0.10300001304131001,True,4235.965650809835
ECC+ChaCha20,5000,3,4101,0.02710000262595713,0.13290000788401812,0.1033000007737428,True,4235.965650809835
ECC+ChaCha20,5000,3,4102,0.04090000584255904,0.14800000644754618,0.10279999696649611,True,4235.965650809835
ECC+ChaCha20,5000,3,4103,0.04400000034365803,0.3539999888744205,0.28049999673385173,True,4235.965650809835
ECC+ChaCha20,5000,3,4104,0.08189999789465219,0.3212000010535121,0.15150000399444252,True,4235.965650809835
ECC+ChaCha20,5000,3,4105,0.03340000694151968,0.13910001143813133,0.10409999231342226,True,4235.965650809835
ECC+ChaCha20,5000,3,4106,0.024599998141638935,0.12369999603834003,0.10039999324362725,True,4235.965650809835
ECC+ChaCha20,5000,3,4107,0.029000002541579306,0.13129999570082873,0.10050000855699182,True,4235.965650809835
ECC+ChaCha20,5000,3,4108,0.028400012524798512,0.13110000872984529,0.10089999705087394,True,4235.965650809835
ECC+ChaCha20,5000,3,4109,0.02819999644998461,0.12969999806955457,0.10059999476652592,True,4235.965650809835
ECC+ChaCha20,5000,3,4110,0.028299997211433947,0.13159999798517674,0.10080001084133983,True,4235.965650809835
ECC+ChaCha20,5000,3,4111,0.029300004825927317,0.13109999417793006,0.1007999962894246,True,4235.965650809835
ECC+ChaCha20,5000,3,4112,0.028000009479001164,0.13089999265503138,0.10139998630620539,True,4235.965650809835
ECC+ChaCha20,5000,3,4113,0.028099995688535273,0.13250000483822078,0.10059999476652592,True,4235.965650809835
ECC+ChaCha20,5000,3,4114,0.027400004910305142,0.12989999959245324,0.10130000009667128,True,4235.965650809835
ECC+ChaCha20,5000,3,4115,0.02780000795610249,0.12940001033712178,0.10089999705087394,True,4235.965650809835
ECC+ChaCha20,5000,3,4116,0.02819999644998461,0.13099999341648072,0.10609999299049377,True,4235.965650809835
ECC+ChaCha20,5000,3,4117,0.029400005587376654,0.13899999612476677,0.10059999476652592,True,4235.965650809835
ECC+ChaCha20,5000,3,4118,0.024200009647756815,0.12319999223109335,0.0990999978967011,True,4235.965650809835
ECC+ChaCha20,5000,3,4119,0.026300011086277664,0.12799999967683107,0.09940000018104911,True,4235.965650809835
ECC+ChaCha20,5000,3,4120,0.027799993404187262,0.13050000416114926,0.10099999781232327,True,4235.965650809835
ECC+ChaCha20,5000,3,4121,0.02989999484270811,0.21090000518597662,0.1863999932538718,True,4235.965650809835
ECC+ChaCha20,5000,3,4122,0.04339999577496201,0.1598999951966107,0.10930000280495733,True,4235.965650809835
ECC+ChaCha20,5000,3,4123,0.03170000854879618,0.1379000023007393,0.10450000991113484,True,4235.965650809835
ECC+ChaCha20,5000,3,4124,0.030399998649954796,0.13279999257065356,0.10310001380275935,True,4235.965650809835
ECC+ChaCha20,5000,3,4125,0.02990000939462334,0.13010000111535192,0.10119999933522195,True,4235.965650809835
ECC+ChaCha20,5000,3,4126,0.030799987143836915,0.13610000314656645,0.10340000153519213,True,4235.965650809835
ECC+ChaCha20,5000,3,4127,0.030000010156072676,0.13210000179242343,0.10139998630620539,True,4235.965650809835
ECC+ChaCha20,5000,3,4128,0.02920000406447798,0.13040000339969993,0.10140000085812062,True,4235.965650809835
ECC+ChaCha20,5000,3,4129,0.02929999027401209,0.1306000049225986,0.10140000085812062,True,4235.965650809835
ECC+ChaCha20,5000,3,4130,0.029600007110275328,0.1303000026382506,0.1016000023810193,True,4235.965650809835
ECC+ChaCha20,5000,3,4131,0.029499991796910763,0.1297999988310039,0.10090001160278916,True,4235.965650809835
ECC+ChaCha20,5000,3,4132,0.02890000178012997,0.1306999911321327,0.10109999857377261,True,4235.965650809835
ECC+ChaCha20,5000,3,4133,0.02920000406447798,0.13020000187680125,0.10039999324362725,True,4235.965650809835
ECC+ChaCha20,5000,3,4134,0.029100003303028643,0.12959999730810523,0.10109999857377261,True,4235.965650809835
ECC+ChaCha20,5000,3,4135,0.029100003303028643,0.12910000805277377,0.10000000474974513,True,4235.965650809835
ECC+ChaCha20,5000,3,4136,0.029300004825927317,0.13010000111535192,0.10049999400507659,True,4235.965650809835
ECC+ChaCha20,5000,3,4137,0.02890000178012997,0.1294999965466559,0.10069999552797526,True,4235.965650809835
ECC+ChaCha20,5000,3,4138,0.027900008717551827,0.13020000187680125,0.10109999857377261,True,4235.965650809835
ECC+ChaCha20,5000,3,4139,0.027299989596940577,0.1286000042455271,0.10050000855699182,True,4235.965650809835
ECC+ChaCha20,5000,3,4140,0.027599991881288588,0.1303000026382506,0.1007999962894246,True,4235.965650809835
ECC+ChaCha20,5000,3,4141,0.027700007194653153,0.12929999502375722,0.10060000931844115,True,4235.965650809835
ECC+ChaCha20,5000,3,4142,0.027700007194653153,0.13020000187680125,0.10069999552797526,True,4235.965650809835
ECC+ChaCha20,5000,3,4143,0.028299997211433947,0.13129999570082873,0.10039999324362725,True,4235.965650809835
ECC+ChaCha20,5000,3,4144,0.02819999644998461,0.1294999965466559,0.10119999933522195,True,4235.965650809835
ECC+ChaCha20,5000,3,4145,0.02749999111983925,0.12939999578520656,0.10819999442901462,True,4235.965650809835
ECC+ChaCha20,5000,3,4146,0.027799993404187262,0.12969999806955457,0.10069999552797526,True,4235.965650809835
ECC+ChaCha20,5000,3,4147,0.028000009479001164,0.1289000065298751,0.09970000246539712,True,4235.965650809835
ECC+ChaCha20,5000,3,4148,0.027799993404187262,0.1294999965466559,0.10019999172072858,True,4235.965650809835
ECC+ChaCha20,5000,3,4149,0.02780000795610249,0.1343000039923936,0.10039999324362725,True,4235.965650809835
ECC+ChaCha20,5000,3,4150,0.029700007871724665,0.13020000187680125,0.10139998630620539,True,4235.965650809835
ECC+ChaCha20,5000,3,4151,0.028099995688535273,0.12909999350085855,0.10130000009667128,True,4235.965650809835
ECC+ChaCha20,5000,3,4152,0.02890000178012997,0.13010000111535192,0.1010000123642385,True,4235.965650809835
ECC+ChaCha20,5000,3,4153,0.028399997972883284,0.13099999341648072,0.10059999476652592,True,4235.965650809835
ECC+ChaCha20,5000,3,4154,0.028099995688535273,0.12939999578520656,0.10140000085812062,True,4235.965650809835
ECC+ChaCha20,5000,3,4155,0.02780000795610249,0.12950001109857112,0.10309999925084412,True,4235.965650809835
ECC+ChaCha20,5000,3,4156,0.027700007194653153,0.1292000088142231,0.10140000085812062,True,4235.965650809835
ECC+ChaCha20,5000,3,4157,0.028099995688535273,0.12989999959245324,0.09989998943638057,True,4235.965650809835
ECC+ChaCha20,5000,3,4158,0.5288999964250252,0.5735999875469133,0.2381000085733831,True,4235.965650809835
ECC+ChaCha20,5000,3,4159,0.05390000296756625,0.1660999987507239,0.11190000805072486,True,4235.965650809835
ECC+ChaCha20,5000,3,4160,0.0337999954354018,0.14030000602360815,0.10420000762678683,True,4235.965650809835
ECC+ChaCha20,5000,3,4161,0.03189999551977962,0.13500000932253897,0.10170000314246863,True,4235.965650809835
ECC+ChaCha20,5000,3,4162,0.031000003218650818,0.13329999637790024,0.10130000009667128,True,4235.965650809835
ECC+ChaCha20,5000,3,4163,0.028599999495781958,0.13499999477062374,0.10509999992791563,True,4235.965650809835
ECC+ChaCha20,5000,3,4164,0.030099996365606785,0.13800000306218863,0.10590000601951033,True,4235.965650809835
ECC+ChaCha20,5000,3,4165,0.031100003980100155,0.14179998834151775,0.11559999256860465,True,4235.965650809835
ECC+ChaCha20,5000,3,4166,0.0329999893438071,0.1505999971413985,0.11799999629147351,True,4235.965650809835
ECC+ChaCha20,5000,3,4167,0.03540000761859119,0.15640001220162958,0.12199999764561653,True,4235.965650809835
ECC+ChaCha20,5000,3,4168,0.03270000161137432,0.15020000864751637,0.1171000039903447,True,4235.965650809835
ECC+ChaCha20,5000,3,4169,0.0329999893438071,0.14679999731015414,0.109200002043508,True,4235.965650809835
ECC+ChaCha20,5000,3,4170,0.02990000939462334,0.14060000830795616,0.10350000229664147,True,4235.965650809835
ECC+ChaCha20,5000,3,4171,0.029199989512562752,0.13220000255387276,0.1033000007737428,True,4235.965650809835
ECC+ChaCha20,5000,3,4172,0.028399997972883284,0.1289000065298751,0.09950000094249845,True,4235.965650809835
ECC+ChaCha20,5000,3,4173,0.02780000795610249,0.12789999891538173,0.09980000322684646,True,4235.965650809835
ECC+ChaCha20,5000,3,4174,0.028599999495781958,0.13000000035390258,0.10050000855699182,True,4235.965650809835
ECC+ChaCha20,5000,3,4175,0.02849999873433262,0.1286000042455271,0.10029999248217791,True,4235.965650809835
ECC+ChaCha20,5000,3,4176,0.027999994927085936,0.1281000004382804,0.0999000039882958,True,4235.965650809835
ECC+ChaCha20,5000,3,4177,0.0278999941656366,0.1286000042455271,0.10000000474974513,True,4235.965650809835
ECC+ChaCha20,5000,3,4178,0.028099995688535273,0.1294999965466559,0.10029999248217791,True,4235.965650809835
ECC+ChaCha20,5000,3,4179,0.027900008717551827,0.1281000004382804,0.10009999095927924,True,4235.965650809835
ECC+ChaCha20,5000,3,4180,0.027799993404187262,0.12840000272262841,0.09960000170394778,True,4235.965650809835
ECC+ChaCha20,5000,3,4181,0.027999994927085936,0.1328999933321029,0.09989998943638057,True,4235.965650809835
ECC+ChaCha20,5000,3,4182,0.027699992642737925,0.12830000196117908,0.09970000246539712,True,4235.965650809835
ECC+ChaCha20,5000,3,4183,0.02780000795610249,0.1275000104214996,0.09919999865815043,True,4235.965650809835
ECC+ChaCha20,5000,3,4184,0.027699992642737925,0.1277999981539324,0.09899999713525176,True,4235.965650809835
ECC+ChaCha20,5000,3,4185,0.02849999873433262,0.12859998969361186,0.0999000039882958,True,4235.965650809835
ECC+ChaCha20,5000,3,4186,0.02780000795610249,0.1281000004382804,0.0999000039882958,True,4235.965650809835
ECC+ChaCha20,5000,3,4187,0.02780000795610249,0.12820000119972974,0.10029999248217791,True,4235.965650809835
ECC+ChaCha20,5000,3,4188,0.11900000390596688,0.44750000233761966,0.11619999713730067,True,4235.965650809835
ECC+ChaCha20,5000,3,4189,0.038699989090673625,0.1453000004403293,0.10689999908208847,True,4235.965650809835
ECC+ChaCha20,5000,3,4190,0.031400006264448166,0.1373999984934926,0.10520000068936497,True,4235.965650809835
ECC+ChaCha20,5000,3,4191,0.029700007871724665,0.15060001169331372,0.10769999062176794,True,4235.965650809835
ECC+ChaCha20,5000,3,4192,0.04610000178217888,0.16469998809043318,0.11240001185797155,True,4235.965650809835
ECC+ChaCha20,5000,3,4193,0.033800009987317026,0.13899999612476677,0.10320000001229346,True,4235.965650809835
ECC+ChaCha20,5000,3,4194,0.03239999932702631,0.18400000408291817,0.19279999833088368,True,4235.965650809835
ECC+ChaCha20,5000,3,4195,0.03139999171253294,0.13349999790079892,0.10039999324362725,True,4235.965650809835
ECC+ChaCha20,5000,3,4196,0.0281000102404505,0.1294999965466559,0.10059999476652592,True,4235.965650809835
ECC+ChaCha20,5000,3,4197,0.028400012524798512,0.1286000042455271,0.10050000855699182,True,4235.965650809835
ECC+ChaCha20,5000,3,4198,0.028099995688535273,0.12880000576842576,0.10049999400507659,True,4235.965650809835
ECC+ChaCha20,5000,3,4199,0.028299997211433947,0.12789999891538173,0.09969998791348189,True,4235.965650809835
ECC+ChaCha20,5000,3,4200,0.02819999644998461,0.12749999586958438,0.10019999172072858,True,4235.965650809835
ECC+ChaCha20,5000,3,4201,0.028099995688535273,0.12870000500697643,0.1002000062726438,True,4235.965650809835
ECC+ChaCha20,5000,3,4202,0.0278999941656366,0.12850000348407775,0.09970000246539712,True,4235.965650809835
ECC+ChaCha20,5000,3,4203,0.02819999644998461,0.12909999350085855,0.10089999705087394,True,4235.965650809835
ECC+ChaCha20,5000,3,4204,0.027799993404187262,0.12850000348407775,0.0999000039882958,True,4235.965650809835
ECC+ChaCha20,5000,3,4205,0.027799993404187262,0.12929999502375722,0.10059999476652592,True,4235.965650809835
ECC+ChaCha20,5000,3,4206,0.028700000257231295,0.12939999578520656,0.10039999324362725,True,4235.965650809835
ECC+ChaCha20,5000,3,4207,0.028299997211433947,0.12879999121651053,0.10059999476652592,True,4235.965650809835
ECC+ChaCha20,5000,3,4208,0.028399997972883284,0.12929999502375722,0.10099999781232327,True,4235.965650809835
ECC+ChaCha20,5000,3,4209,0.028299997211433947,0.12909999350085855,0.10009999095927924,True,4235.965650809835
ECC+ChaCha20,5000,3,4210,0.027799993404187262,0.12820000119972974,0.09980000322684646,True,4235.965650809835
ECC+ChaCha20,5000,3,4211,0.0281000102404505,0.12740000966005027,0.09960000170394778,True,4235.965650809835
ECC+ChaCha20,5000,3,4212,0.028399997972883284,0.12780001270584762,0.09960000170394778,True,4235.965650809835
ECC+ChaCha20,5000,3,4213,0.044500004150904715,0.16999999934341758,0.11300000187475234,True,4235.965650809835
ECC+ChaCha20,5000,3,4214,0.034199998481199145,0.14429999282583594,0.106100007542409,True,4235.965650809835
ECC+ChaCha20,5000,3,4215,0.02920000406447798,0.13349999790079892,0.1016999885905534,True,4235.965650809835
ECC+ChaCha20,5000,3,4216,0.03090000245720148,0.13479999324772507,0.10279999696649611,True,4235.965650809835
ECC+ChaCha20,5000,3,4217,0.02850001328624785,0.13110000872984529,0.10170000314246863,True,4235.965650809835
ECC+ChaCha20,5000,3,4218,0.028399997972883284,0.13040000339969993,0.10089999705087394,True,4235.965650809835
ECC+ChaCha20,5000,3,4219,0.028299997211433947,0.13020000187680125,0.09940000018104911,True,4235.965650809835
ECC+ChaCha20,5000,3,4220,0.028399997972883284,0.12989999959245324,0.10060000931844115,True,4235.965650809835
ECC+ChaCha20,5000,3,4221,0.02820001100189984,0.12840000272262841,0.09969998791348189,True,4235.965650809835
ECC+ChaCha20,5000,3,4222,0.02849999873433262,0.1286999904550612,0.10039999324362725,True,4235.965650809835
ECC+ChaCha20,5000,3,4223,0.028599999495781958,0.1294999965466559,0.10019999172072858,True,4235.965650809835
ECC+ChaCha20,5000,3,4224,0.028099995688535273,0.1289999927394092,0.10059999476652592,True,4235.965650809835
ECC+ChaCha20,5000,3,4225,0.027900008717551827,0.1281999866478145,0.10029999248217791,True,4235.965650809835
ECC+ChaCha20,5000,3,4226,0.04749999789055437,0.1581999968038872,0.10910000128205866,True,4235.965650809835
ECC+ChaCha20,5000,3,4227,0.030700000934302807,0.13500000932253897,0.10279999696649611,True,4235.965650809835
ECC+ChaCha20,5000,3,4228,0.029400005587376654,0.1303000026382506,0.10059999476652592,True,4235.965650809835
ECC+ChaCha20,5000,3,4229,0.02890000178012997,0.1294999965466559,0.10119999933522195,True,4235.965650809835
ECC+ChaCha20,5000,3,4230,0.02849999873433262,0.12929999502375722,0.10080001084133983,True,4235.965650809835
ECC+ChaCha20,5000,3,4231,0.028099995688535273,0.12799999967683107,0.10040000779554248,True,4235.965650809835
ECC+ChaCha20,5000,3,4232,0.028299997211433947,0.12959999730810523,0.10069999552797526,True,4235.965650809835
ECC+ChaCha20,5000,3,4233,0.02819999644998461,0.12969999806955457,0.10069999552797526,True,4235.965650809835
ECC+ChaCha20,5000,3,4234,0.028700000257231295,0.12859998969361186,0.10059999476652592,True,4235.965650809835
ECC+ChaCha20,5000,3,4235,0.028000009479001164,0.12880000576842576,0.10039999324362725,True,4235.965650809835
ECC+ChaCha20,5000,3,4236,0.02780000795610249,0.12889999197795987,0.09989998943638057,True,4235.965650809835
ECC+ChaCha20,5000,3,4237,0.028099995688535273,0.1297999988310039,0.09910001244861633,True,4235.965650809835
ECC+ChaCha20,5000,3,4238,0.028700000257231295,0.12989999959245324,0.10000000474974513,True,4235.965650809835
ECC+ChaCha20,5000,3,4239,0.027700007194653153,0.12830000196117908,0.0999999901978299,True,4235.965650809835
ECC+ChaCha20,5000,3,4240,0.02780000795610249,0.12909999350085855,0.10039999324362725,True,4235.965650809835
ECC+ChaCha20,5000,3,4241,0.028000009479001164,0.12769999739248306,0.09970000246539712,True,4235.965650809835
ECC+ChaCha20,5000,3,4242,0.0281000102404505,0.1281000004382804,0.0999000039882958,True,4235.965650809835
ECC+ChaCha20,5000,3,4243,0.027900008717551827,0.12850000348407775,0.09969998791348189,True,4235.965650809835
ECC+ChaCha20,5000,3,4244,0.02780000795610249,0.12880000576842576,0.10039999324362725,True,4235.965650809835
ECC+ChaCha20,5000,3,4245,0.028000009479001164,0.13359999866224825,0.09940000018104911,True,4235.965650809835
ECC+ChaCha20,5000,3,4246,0.028599999495781958,0.12959999730810523,0.10019999172072858,True,4235.965650809835
ECC+ChaCha20,5000,3,4247,0.027699992642737925,0.1286000042455271,0.09980000322684646,True,4235.965650809835
ECC+ChaCha20,5000,3,4248,0.028399997972883284,0.12910000805277377,0.10140000085812062,True,4235.965650809835
ECC+ChaCha20,5000,3,4249,0.02750000567175448,0.12790001346729696,0.09929999941959977,True,4235.965650809835
ECC+ChaCha20,5000,3,4250,0.027799993404187262,0.12929999502375722,0.10099999781232327,True,4235.965650809835
ECC+ChaCha20,5000,3,4251,0.028000009479001164,0.1286000042455271,0.09949998639058322,True,4235.965650809835
ECC+ChaCha20,5000,3,4252,0.027700007194653153,0.12850000348407775,0.09989998943638057,True,4235.965650809835
ECC+ChaCha20,5000,3,4253,0.028099995688535273,0.12849998893216252,0.10029999248217791,True,4235.965650809835
ECC+ChaCha20,5000,3,4254,0.027700007194653153,0.1280000142287463,0.1002000062726438,True,4235.965650809835
ECC+ChaCha20,5000,3,4255,0.02820001100189984,0.12840000272262841,0.10019999172072858,True,4235.965650809835
ECC+ChaCha20,5000,3,4256,0.027399990358389914,0.12799999967683107,0.1007999962894246,True,4235.965650809835
ECC+ChaCha20,5000,3,4257,0.027700007194653153,0.12820000119972974,0.09940000018104911,True,4235.965650809835
ECC+ChaCha20,5000,3,4258,0.027700007194653153,0.12830000196117908,0.09950000094249845,True,4235.965650809835
ECC+ChaCha20,5000,3,4259,0.027900008717551827,0.12910000805277377,0.10050000855699182,True,4235.965650809835
ECC+ChaCha20,5000,3,4260,0.027799993404187262,0.12789999891538173,0.0999000039882958,True,4235.965650809835
ECC+ChaCha20,5000,3,4261,0.02819999644998461,0.12830000196117908,0.09980000322684646,True,4235.965650809835
ECC+ChaCha20,5000,3,4262,0.0281000102404505,0.12820000119972974,0.09970000246539712,True,4235.965650809835
ECC+ChaCha20,5000,3,4263,0.0281000102404505,0.12799999967683107,0.09960000170394778,True,4235.965650809835
ECC+ChaCha20,5000,3,4264,0.02849999873433262,0.3584000078262761,0.12419999984558672,True,4235.965650809835
ECC+ChaCha20,5000,3,4265,0.04939999780617654,0.1677000109339133,0.15029999485705048,True,4235.965650809835
ECC+ChaCha20,5000,3,4266,0.040700004319660366,0.15019999409560114,0.10590000601951033,True,4235.965650809835
ECC+ChaCha20,5000,3,4267,0.04400000034365803,0.1765000051818788,0.1142999972216785,True,4235.965650809835
ECC+ChaCha20,5000,3,4268,0.031200004741549492,0.13899999612476677,0.10520000068936497,True,4235.965650809835
ECC+ChaCha20,5000,3,4269,0.029000002541579306,0.13380000018514693,0.10400000610388815,True,4235.965650809835
ECC+ChaCha20,5000,3,4270,0.029300004825927317,0.1323999895248562,0.10159998782910407,True,4235.965650809835
ECC+ChaCha20,5000,3,4271,0.028800001018680632,0.1309000072069466,0.10070001007989049,True,4235.965650809835
ECC+ChaCha20,5000,3,4272,0.02849999873433262,0.13040000339969993,0.10109999857377261,True,4235.965650809835
ECC+ChaCha20,5000,3,4273,0.028399997972883284,0.12969999806955457,0.10060000931844115,True,4235.965650809835
ECC+ChaCha20,5000,3,4274,0.027999994927085936,0.12959999730810523,0.10059999476652592,True,4235.965650809835
ECC+ChaCha20,5000,3,4275,0.027900008717551827,0.13019998732488602,0.10150000161956996,True,4235.965650809835
ECC+ChaCha20,5000,3,4276,0.028299997211433947,0.13350001245271415,0.10119999933522195,True,4235.965650809835
ECC+ChaCha20,5000,3,4277,0.027999994927085936,0.12989999959245324,0.1010000123642385,True,4235.965650809835
ECC+ChaCha20,5000,3,4278,0.02819999644998461,0.12959999730810523,0.10070001007989049,True,4235.965650809835
ECC+ChaCha20,5000,3,4279,0.02819999644998461,0.12919999426230788,0.10099999781232327,True,4235.965650809835
ECC+ChaCha20,5000,3,4280,0.028000009479001164,0.1303000026382506,0.10089999705087394,True,4235.965650809835
ECC+ChaCha20,5000,3,4281,0.0278999941656366,0.12939999578520656,0.10109999857377261,True,4235.965650809835
ECC+ChaCha20,5000,3,4282,0.028299997211433947,0.12989999959245324,0.10080001084133983,True,4235.965650809835
ECC+ChaCha20,5000,3,4283,0.027699992642737925,0.1286000042455271,0.09980000322684646,True,4235.965650809835
ECC+ChaCha20,5000,3,4284,0.0278999941656366,0.1277999981539324,0.09989998943638057,True,4235.965650809835
ECC+ChaCha20,5000,3,4285,0.028099995688535273,0.12969999806955457,0.10119999933522195,True,4235.965650809835
ECC+ChaCha20,5000,3,4286,0.028400012524798512,0.13110000872984529,0.10030000703409314,True,4235.965650809835
ECC+ChaCha20,5000,3,4287,0.027900008717551827,0.1297000126214698,0.10150000161956996,True,4235.965650809835
ECC+ChaCha20,5000,3,4288,0.0278999941656366,0.13159999798517674,0.10089999705087394,True,4235.965650809835
ECC+ChaCha20,5000,3,4289,0.027399990358389914,0.12939999578520656,0.10049999400507659,True,4235.965650809835
ECC+ChaCha20,5000,3,4290,0.027999994927085936,0.1314999972237274,0.10060000931844115,True,4235.965650809835
ECC+ChaCha20,5000,3,4291,0.028099995688535273,0.12919999426230788,0.09970000246539712,True,4235.965650809835
ECC+ChaCha20,5000,3,4292,0.028299997211433947,0.1306000049225986,0.1007999962894246,True,4235.965650809835
ECC+ChaCha20,5000,3,4293,0.02819999644998461,0.12959999730810523,0.10009999095927924,True,4235.965650809835
ECC+ChaCha20,5000,3,4294,0.029100003303028643,0.13099999341648072,0.10140000085812062,True,4235.965650809835
ECC+ChaCha20,5000,3,4295,0.027999994927085936,0.12919999426230788,0.09950000094249845,True,4235.965650809835
ECC+ChaCha20,5000,3,4296,0.02849999873433262,0.12959999730810523,0.10150000161956996,True,4235.965650809835
ECC+ChaCha20,5000,3,4297,0.02819999644998461,0.12959999730810523,0.09980000322684646,True,4235.965650809835
ECC+ChaCha20,5000,3,4298,0.028700000257231295,0.12900000729132444,0.17210000078193843,True,4235.965650809835
ECC+ChaCha20,5000,3,4299,0.03440000000409782,0.13580000086221844,0.10309999925084412,True,4235.965650809835
ECC+ChaCha20,5000,3,4300,0.030000010156072676,0.13110000872984529,0.10099999781232327,True,4235.965650809835
ECC+ChaCha20,5000,3,4301,0.02989999484270811,0.13259999104775488,0.10140000085812062,True,4235.965650809835
ECC+ChaCha20,5000,3,4302,0.029999995604157448,0.13159999798517674,0.10130000009667128,True,4235.965650809835
ECC+ChaCha20,5000,3,4303,0.08689999231137335,0.1402000052621588,0.10389999079052359,True,4235.965650809835
ECC+ChaCha20,5000,3,4304,0.032800002372823656,0.13899999612476677,0.10639999527484179,True,4235.965650809835
ECC+ChaCha20,5000,3,4305,0.02890000178012997,0.13079999189358205,0.10049999400507659,True,4235.965650809835
ECC+ChaCha20,5000,3,4306,0.028599999495781958,0.13040000339969993,0.10260000999551266,True,4235.965650809835
ECC+ChaCha20,5000,3,4307,0.027999994927085936,0.13050000416114926,0.10039999324362725,True,4235.965650809835
ECC+ChaCha20,5000,3,4308,0.027300004148855805,0.13479999324772507,0.10150000161956996,True,4235.965650809835
ECC+ChaCha20,5000,3,4309,0.027700007194653153,0.12930000957567245,0.10060000931844115,True,4235.965650809835
ECC+ChaCha20,5000,3,4310,0.027399990358389914,0.12989999959245324,0.10039999324362725,True,4235.965650809835
ECC+ChaCha20,5000,3,4311,0.027300004148855805,0.12939999578520656,0.10089999705087394,True,4235.965650809835
ECC+ChaCha20,5000,3,4312,0.027300004148855805,0.1306999911321327,0.10059999476652592,True,4235.965650809835
ECC+ChaCha20,5000,3,4313,0.027399990358389914,0.1303000026382506,0.10070001007989049,True,4235.965650809835
ECC+ChaCha20,5000,3,4314,0.027399990358389914,0.1297999988310039,0.10060000931844115,True,4235.965650809835
ECC+ChaCha20,5000,3,4315,0.02750000567175448,0.12909999350085855,0.10019999172072858,True,4235.965650809835
ECC+ChaCha20,5000,3,4316,0.027399990358389914,0.12939999578520656,0.10119999933522195,True,4235.965650809835
ECC+ChaCha20,5000,3,4317,0.027599991881288588,0.12840000272262841,0.10040000779554248,True,4235.965650809835
ECC+ChaCha20,5000,3,4318,0.027700007194653153,0.13000000035390258,0.10049999400507659,True,4235.965650809835
ECC+ChaCha20,5000,3,4319,0.02750000567175448,0.12919999426230788,0.10040000779554248,True,4235.965650809835
ECC+ChaCha20,5000,3,4320,0.02719998883549124,0.1286000042455271,0.10050000855699182,True,4235.965650809835
ECC+ChaCha20,5000,3,4321,0.02750000567175448,0.1297999988310039,0.10089999705087394,True,4235.965650809835
ECC+ChaCha20,5000,3,4322,0.028700000257231295,0.13329999637790024,0.1010000123642385,True,4235.965650809835
ECC+ChaCha20,5000,3,4323,0.02710000262595713,0.12989999959245324,0.10059999476652592,True,4235.965650809835
ECC+ChaCha20,5000,3,4324,0.027400004910305142,0.12950001109857112,0.10099999781232327,True,4235.965650809835
ECC+ChaCha20,5000,3,4325,0.027299989596940577,0.12799999967683107,0.0999000039882958,True,4235.965650809835
ECC+ChaCha20,5000,3,4326,0.02720000338740647,0.12820000119972974,0.10060000931844115,True,4235.965650809835
ECC+ChaCha20,5000,3,4327,0.02749999111983925,0.12900000729132444,0.10039999324362725,True,4235.965650809835
ECC+ChaCha20,5000,3,4328,0.02749999111983925,0.12840000272262841,0.0999000039882958,True,4235.965650809835
ECC+ChaCha20,5000,3,4329,0.027799993404187262,0.1294999965466559,0.10029999248217791,True,4235.965650809835
ECC+ChaCha20,5000,3,4330,0.028000009479001164,0.1309000072069466,0.10180000390391797,True,4235.965650809835
ECC+ChaCha20,5000,3,4331,0.029999995604157448,0.12959999730810523,0.10050000855699182,True,4235.965650809835
ECC+ChaCha20,5000,3,4332,0.027900008717551827,0.1297000126214698,0.10089999705087394,True,4235.965650809835
ECC+ChaCha20,5000,3,4333,0.028099995688535273,0.13120000949129462,0.10050000855699182,True,4235.965650809835
ECC+ChaCha20,5000,3,4334,0.028599999495781958,0.1314999972237274,0.10220000694971532,True,4235.965650809835
ECC+ChaCha20,5000,3,4335,0.028599999495781958,0.1300999865634367,0.10119999933522195,True,4235.965650809835
ECC+ChaCha20,5000,3,4336,0.02750000567175448,0.12989999959245324,0.10040000779554248,True,4235.965650809835
ECC+ChaCha20,5000,3,4337,0.027400004910305142,0.12909999350085855,0.10010000551119447,True,4235.965650809835
ECC+ChaCha20,5000,3,4338,0.02749999111983925,0.13020000187680125,0.10070001007989049,True,4235.965650809835
ECC+ChaCha20,5000,3,4339,0.02750000567175448,0.1289000065298751,0.10030000703409314,True,4235.965650809835
ECC+ChaCha20,5000,3,4340,0.027599991881288588,0.13380000018514693,0.10119999933522195,True,4235.965650809835
ECC+ChaCha20,5000,3,4341,0.027300004148855805,0.12969999806955457,0.10010000551119447,True,4235.965650809835
ECC+ChaCha20,5000,3,4342,0.027699992642737925,0.13079999189358205,0.10130000009667128,True,4235.965650809835
ECC+ChaCha20,5000,3,4343,0.02750000567175448,0.12889999197795987,0.10049999400507659,True,4235.965650809835
ECC+ChaCha20,5000,3,4344,0.02749999111983925,0.13040000339969993,0.10180000390391797,True,4235.965650809835
ECC+ChaCha20,5000,3,4345,0.027999994927085936,0.12969999806955457,0.10110001312568784,True,4235.965650809835
ECC+ChaCha20,5000,3,4346,0.027300004148855805,0.12889999197795987,0.10130000009667128,True,4235.965650809835
ECC+ChaCha20,5000,3,4347,0.02749999111983925,0.12909999350085855,0.10039999324362725,True,4235.965650809835
ECC+ChaCha20,5000,3,4348,0.027400004910305142,0.12880000576842576,0.1002000062726438,True,4235.965650809835
ECC+ChaCha20,5000,3,4349,0.02720000338740647,0.12820000119972974,0.09980000322684646,True,4235.965650809835
ECC+ChaCha20,5000,3,4350,0.02780000795610249,0.1294999965466559,0.10030000703409314,True,4235.965650809835
ECC+ChaCha20,5000,3,4351,0.02749999111983925,0.12959999730810523,0.1007999962894246,True,4235.965650809835
ECC+ChaCha20,5000,3,4352,0.02749999111983925,0.1289000065298751,0.10040000779554248,True,4235.965650809835
ECC+ChaCha20,5000,3,4353,0.027400004910305142,0.1286000042455271,0.10089999705087394,True,4235.965650809835
ECC+ChaCha20,5000,3,4354,0.02720000338740647,0.13020000187680125,0.10069999552797526,True,4235.965650809835
ECC+ChaCha20,5000,3,4355,0.02749999111983925,0.12820000119972974,0.10000000474974513,True,4235.965650809835
ECC+ChaCha20,5000,3,4356,0.027700007194653153,0.12969999806955457,0.10089999705087394,True,4235.965650809835
ECC+ChaCha20,5000,3,4357,0.027300004148855805,0.12850000348407775,0.10299999848939478,True,4235.965650809835
ECC+ChaCha20,5000,3,4358,0.028299997211433947,0.1306000049225986,0.1007999962894246,True,4235.965650809835
ECC+ChaCha20,5000,3,4359,0.027399990358389914,0.1286000042455271,0.10069999552797526,True,4235.965650809835
ECC+ChaCha20,5000,3,4360,0.02720000338740647,0.12870000500697643,0.0999000039882958,True,4235.965650809835
ECC+ChaCha20,5000,3,4361,0.02749999111983925,0.12939999578520656,0.10019999172072858,True,4235.965650809835
ECC+ChaCha20,5000,3,4362,0.02750000567175448,0.12980001338291913,0.10089999705087394,True,4235.965650809835
ECC+ChaCha20,5000,3,4363,0.027300004148855805,0.12910000805277377,0.10050000855699182,True,4235.965650809835
ECC+ChaCha20,5000,3,4364,0.027300004148855805,0.12849998893216252,0.10059999476652592,True,4235.965650809835
ECC+ChaCha20,5000,3,4365,0.027999994927085936,0.12989999959245324,0.10049999400507659,True,4235.965650809835
ECC+ChaCha20,5000,3,4366,0.027699992642737925,0.12989999959245324,0.10000000474974513,True,4235.965650809835
ECC+ChaCha20,5000,3,4367,0.02719998883549124,0.12820000119972974,0.1002000062726438,True,4235.965650809835
ECC+ChaCha20,5000,3,4368,0.027300004148855805,0.12840000272262841,0.10019999172072858,True,4235.965650809835
ECC+ChaCha20,5000,3,4369,0.027599991881288588,0.12989999959245324,0.10089999705087394,True,4235.965650809835
ECC+ChaCha20,5000,3,4370,0.027699992642737925,0.12909999350085855,0.10119999933522195,True,4235.965650809835
ECC+ChaCha20,5000,3,4371,0.037699996028095484,0.14679999731015414,0.10740000288933516,True,4235.965650809835
ECC+ChaCha20,5000,3,4372,0.029700007871724665,0.13710001076105982,0.10170000314246863,True,4235.965650809835
ECC+ChaCha20,5000,3,4373,0.028000009479001164,0.13010000111535192,0.10179998935200274,True,4235.965650809835
ECC+ChaCha20,5000,3,4374,0.02750000567175448,0.12959999730810523,0.10060000931844115,True,4235.965650809835
ECC+ChaCha20,5000,3,4375,0.027700007194653153,0.12909999350085855,0.10050000855699182,True,4235.965650809835
ECC+ChaCha20,5000,3,4376,0.02750000567175448,0.12990001414436847,0.10069999552797526,True,4235.965650809835
ECC+ChaCha20,5000,3,4377,0.027400004910305142,0.13109999417793006,0.10059999476652592,True,4235.965650809835
ECC+ChaCha20,5000,3,4378,0.0278999941656366,0.12989999959245324,0.10040000779554248,True,4235.965650809835
ECC+ChaCha20,5000,3,4379,0.027699992642737925,0.1294999965466559,0.10029999248217791,True,4235.965650809835
ECC+ChaCha20,5000,3,4380,0.027700007194653153,0.1289000065298751,0.10070001007989049,True,4235.965650809835
ECC+ChaCha20,5000,3,4381,0.02750000567175448,0.12969999806955457,0.10039999324362725,True,4235.965650809835
ECC+ChaCha20,5000,3,4382,0.027700007194653153,0.12959999730810523,0.10010000551119447,True,4235.965650809835
ECC+ChaCha20,5000,3,4383,0.02749999111983925,0.12820000119972974,0.10080001084133983,True,4235.965650809835
ECC+ChaCha20,5000,3,4384,0.027399990358389914,0.12830000196117908,0.10050000855699182,True,4235.965650809835
ECC+ChaCha20,5000,3,4385,0.02780000795610249,0.12909999350085855,0.10069999552797526,True,4235.965650809835
ECC+ChaCha20,5000,3,4386,0.02750000567175448,0.13000000035390258,0.10099999781232327,True,4235.965650809835
ECC+ChaCha20,5000,3,4387,0.027400004910305142,0.12939999578520656,0.10350000229664147,True,4235.965650809835
ECC+ChaCha20,5000,3,4388,0.027099988074041903,0.12880000576842576,0.10060000931844115,True,4235.965650809835
ECC+ChaCha20,5000,3,4389,0.02710000262595713,0.12950001109857112,0.10040000779554248,True,4235.965650809835
ECC+ChaCha20,5000,3,4390,0.02710000262595713,0.12840000272262841,0.10060000931844115,True,4235.965650809835
ECC+ChaCha20,5000,3,4391,0.02710000262595713,0.1289999927394092,0.10019999172072858,True,4235.965650809835
ECC+ChaCha20,5000,3,4392,0.027700007194653153,0.12820000119972974,0.10000000474974513,True,4235.965650809835
ECC+ChaCha20,5000,3,4393,0.02720000338740647,0.12929999502375722,0.10059999476652592,True,4235.965650809835
ECC+ChaCha20,5000,3,4394,0.027399990358389914,0.13020000187680125,0.10070001007989049,True,4235.965650809835
ECC+ChaCha20,5000,3,4395,0.027400004910305142,0.1286999904550612,0.10059999476652592,True,4235.965650809835
ECC+ChaCha20,5000,3,4396,0.02719998883549124,0.12929999502375722,0.10059999476652592,True,4235.965650809835
ECC+ChaCha20,5000,3,4397,0.02780000795610249,0.13159999798517674,0.1007999962894246,True,4235.965650809835
ECC+ChaCha20,5000,3,4398,0.027400004910305142,0.12919999426230788,0.10099999781232327,True,4235.965650809835
ECC+ChaCha20,5000,3,4399,0.027299989596940577,0.12880000576842576,0.10010000551119447,True,4235.965650809835
ECC+ChaCha20,5000,3,4400,0.027300004148855805,0.12929999502375722,0.09970000246539712,True,4235.965650809835
ECC+ChaCha20,5000,3,4401,0.02750000567175448,0.1286999904550612,0.10009999095927924,True,4235.965650809835
ECC+ChaCha20,5000,3,4402,0.027300004148855805,0.12929999502375722,0.10030000703409314,True,4235.965650809835
ECC+ChaCha20,5000,3,4403,0.02749999111983925,0.12870000500697643,0.09960000170394778,True,4235.965650809835
ECC+ChaCha20,5000,3,4404,0.027000001864507794,0.13299999409355223,0.0999000039882958,True,4235.965650809835
ECC+ChaCha20,5000,3,4405,0.028299997211433947,0.13169999874662608,0.1019000046653673,True,4235.965650809835
ECC+ChaCha20,5000,3,4406,0.027399990358389914,0.13089999265503138,0.10019999172072858,True,4235.965650809835
ECC+ChaCha20,5000,3,4407,0.026900001103058457,0.1292000088142231,0.13590000162366778,True,4235.965650809835
ECC+ChaCha20,5000,3,4408,0.029100003303028643,0.13159999798517674,0.10140000085812062,True,4235.965650809835
ECC+ChaCha20,5000,3,4409,0.0281000102404505,0.13050000416114926,0.1010000123642385,True,4235.965650809835
ECC+ChaCha20,5000,3,4410,0.02719998883549124,0.13100000796839595,0.1007999962894246,True,4235.965650809835
ECC+ChaCha20,5000,3,4411,0.02750000567175448,0.13000000035390258,0.10049999400507659,True,4235.965650809835
ECC+ChaCha20,5000,3,4412,0.027300004148855805,0.12959999730810523,0.10000000474974513,True,4235.965650809835
ECC+ChaCha20,5000,3,4413,0.02749999111983925,0.1294999965466559,0.10039999324362725,True,4235.965650809835
ECC+ChaCha20,5000,3,4414,0.027700007194653153,0.12950001109857112,0.10069999552797526,True,4235.965650809835
ECC+ChaCha20,5000,3,4415,0.02750000567175448,0.12989999959245324,0.10039999324362725,True,4235.965650809835
ECC+ChaCha20,5000,3,4416,0.027699992642737925,0.12880000576842576,0.10010000551119447,True,4235.965650809835
ECC+ChaCha20,5000,3,4417,0.02749999111983925,0.1286000042455271,0.09970000246539712,True,4235.965650809835
ECC+ChaCha20,5000,3,4418,0.027699992642737925,0.12919999426230788,0.10049999400507659,True,4235.965650809835
ECC+ChaCha20,5000,3,4419,0.027300004148855805,0.12930000957567245,0.10069999552797526,True,4235.965650809835
ECC+ChaCha20,5000,3,4420,0.02750000567175448,0.13020000187680125,0.10119999933522195,True,4235.965650809835
ECC+ChaCha20,5000,3,4421,0.02750000567175448,0.12929999502375722,0.1007999962894246,True,4235.965650809835
ECC+ChaCha20,5000,3,4422,0.027599991881288588,0.12939999578520656,0.10109999857377261,True,4235.965650809835
ECC+ChaCha20,5000,3,4423,0.02710000262595713,0.1283999881707132,0.10039999324362725,True,4235.965650809835
ECC+ChaCha20,5000,3,4424,0.02720000338740647,0.12880000576842576,0.10050000855699182,True,4235.965650809835
ECC+ChaCha20,5000,3,4425,0.02720000338740647,0.12940001033712178,0.14370000280905515,True,4235.965650809835
ECC+ChaCha20,5000,3,4426,0.031000003218650818,0.13359999866224825,0.10289999772794545,True,4235.965650809835
ECC+ChaCha20,5000,3,4427,0.027999994927085936,0.13010000111535192,0.10170000314246863,True,4235.965650809835
ECC+ChaCha20,5000,3,4428,0.029000002541579306,0.13059999037068337,0.10150000161956996,True,4235.965650809835
ECC+ChaCha20,5000,3,4429,0.027700007194653153,0.1297999988310039,0.10149998706765473,True,4235.965650809835
ECC+ChaCha20,5000,3,4430,0.028599999495781958,0.13089999265503138,0.1007999962894246,True,4235.965650809835
ECC+ChaCha20,5000,3,4431,0.027399990358389914,0.12900000729132444,0.10030000703409314,True,4235.965650809835
ECC+ChaCha20,5000,3,4432,0.028099995688535273,0.13000000035390258,0.10099999781232327,True,4235.965650809835
ECC+ChaCha20,5000,3,4433,0.027300004148855805,0.12840000272262841,0.10049999400507659,True,4235.965650809835
ECC+ChaCha20,5000,3,4434,0.02750000567175448,0.12840000272262841,0.1002000062726438,True,4235.965650809835
ECC+ChaCha20,5000,3,4435,0.027600006433203816,0.13020000187680125,0.10130000009667128,True,4235.965650809835
ECC+ChaCha20,5000,3,4436,0.02720000338740647,0.13440000475384295,0.09960000170394778,True,4235.965650809835
ECC+ChaCha20,5000,3,4437,0.027699992642737925,0.12880000576842576,0.10039999324362725,True,4235.965650809835
ECC+ChaCha20,5000,3,4438,0.02750000567175448,0.12929999502375722,0.10130000009667128,True,4235.965650809835
ECC+ChaCha20,5000,3,4439,0.02710000262595713,0.12960001186002046,0.10050000855699182,True,4235.965650809835
ECC+ChaCha20,5000,3,4440,0.02720000338740647,0.12989999959245324,0.10040000779554248,True,4235.965650809835
ECC+ChaCha20,5000,3,4441,0.027399990358389914,0.12910000805277377,0.10050000855699182,True,4235.965650809835
ECC+ChaCha20,5000,3,4442,0.027699992642737925,0.12959999730810523,0.10130000009667128,True,4235.965650809835
ECC+ChaCha20,5000,3,4443,0.027300004148855805,0.12930000957567245,0.12430000060703605,True,4235.965650809835
ECC+ChaCha20,5000,3,4444,0.03609999839682132,0.1483999949414283,0.10550000297371298,True,4235.965650809835
ECC+ChaCha20,5000,3,4445,0.029000002541579306,0.13329999637790024,0.10390000534243882,True,4235.965650809835
ECC+ChaCha20,5000,3,4446,0.028099995688535273,0.13089999265503138,0.11819999781437218,True,4235.965650809835
ECC+ChaCha20,5000,3,4447,0.028099995688535273,0.13159999798517674,0.10090001160278916,True,4235.965650809835
ECC+ChaCha20,5000,3,4448,0.02819999644998461,0.1306000049225986,0.10109999857377261,True,4235.965650809835
ECC+ChaCha20,5000,3,4449,0.028299997211433947,0.12939999578520656,0.10070001007989049,True,4235.965650809835
ECC+ChaCha20,5000,3,4450,0.027999994927085936,0.13079999189358205,0.10150000161956996,True,4235.965650809835
ECC+ChaCha20,5000,3,4451,0.027900008717551827,0.13080000644549727,0.10060000931844115,True,4235.965650809835
ECC+ChaCha20,5000,3,4452,0.027700007194653153,0.13049998960923404,0.1007999962894246,True,4235.965650809835
ECC+ChaCha20,5000,3,4453,0.02750000567175448,0.1303000026382506,0.10089999705087394,True,4235.965650809835
ECC+ChaCha20,5000,3,4454,0.02819999644998461,0.12989999959245324,0.1010000123642385,True,4235.965650809835
ECC+ChaCha20,5000,3,4455,0.027999994927085936,0.12879999121651053,0.10109999857377261,True,4235.965650809835
ECC+ChaCha20,5000,3,4456,0.027400004910305142,0.12929999502375722,0.10090001160278916,True,4235.965650809835
ECC+ChaCha20,5000,3,4457,0.027900008717551827,0.12950001109857112,0.10010000551119447,True,4235.965650809835
ECC+ChaCha20,5000,3,4458,0.027999994927085936,0.13040000339969993,0.10150000161956996,True,4235.965650809835
ECC+ChaCha20,5000,3,4459,0.02750000567175448,0.12959999730810523,0.10080001084133983,True,4235.965650809835
ECC+ChaCha20,5000,3,4460,0.0281000102404505,0.13080000644549727,0.10230000771116465,True,4235.965650809835
ECC+ChaCha20,5000,3,4461,0.028099995688535273,0.12989999959245324,0.10060000931844115,True,4235.965650809835
ECC+ChaCha20,5000,3,4462,0.027700007194653153,0.12989999959245324,0.10150000161956996,True,4235.965650809835
ECC+ChaCha20,5000,3,4463,0.027599991881288588,0.13000000035390258,0.10000000474974513,True,4235.965650809835
ECC+ChaCha20,5000,3,4464,0.02710000262595713,0.12630000128410757,0.09800000407267362,True,4235.965650809835
ECC+ChaCha20,5000,3,4465,0.026900001103058457,0.12509999214671552,0.09779998799785972,True,4235.965650809835
ECC+ChaCha20,5000,3,4466,0.027300004148855805,0.12630000128410757,0.09800000407267362,True,4235.965650809835
ECC+ChaCha20,5000,3,4467,0.027000001864507794,0.12620000052265823,0.09760000102687627,True,4235.965650809835
ECC+ChaCha20,5000,3,4468,0.026999987312592566,0.13070000568404794,0.09780000254977494,True,4235.965650809835
ECC+ChaCha20,5000,3,4469,0.02720000338740647,0.12680000509135425,0.09710001177154481,True,4235.965650809835
ECC+ChaCha20,5000,3,4470,0.02710000262595713,0.1264000020455569,0.1002000062726438,True,4235.965650809835
ECC+ChaCha20,5000,3,4471,0.026599998818710446,0.12680000509135425,0.09760000102687627,True,4235.965650809835
ECC+ChaCha20,5000,3,4472,0.026699999580159783,0.12670000432990491,0.09820000559557229,True,4235.965650809835
ECC+ChaCha20,5000,3,4473,0.026599998818710446,0.12659998901654035,0.09780000254977494,True,4235.965650809835
ECC+ChaCha20,5000,3,4474,0.027599991881288588,0.12620000052265823,0.09840000711847097,True,4235.965650809835
ECC+ChaCha20,5000,3,4475,0.026699999580159783,0.1252999936696142,0.0973999995039776,True,4235.965650809835
ECC+ChaCha20,5000,3,4476,0.026699999580159783,0.12579999747686088,0.09789998875930905,True,4235.965650809835
ECC+ChaCha20,5000,3,4477,0.027400004910305142,0.12599999899975955,0.09770000178832561,True,4235.965650809835
ECC+ChaCha20,5000,3,4478,0.027299989596940577,0.1252999936696142,0.09750000026542693,True,4235.965650809835
ECC+ChaCha20,5000,3,4479,0.026699999580159783,0.12509999214671552,0.09719999798107892,True,4235.965650809835
ECC+ChaCha20,5000,3,4480,0.028800001018680632,0.12789999891538173,0.09770000178832561,True,4235.965650809835
ECC+ChaCha20,5000,3,4481,0.027299989596940577,0.12650000280700624,0.09830000635702163,True,4235.965650809835
ECC+ChaCha20,5000,3,4482,0.02750000567175448,0.12669998977798969,0.09849999332800508,True,4235.965650809835
ECC+ChaCha20,5000,3,4483,0.02710000262595713,0.12689999130088836,0.09750000026542693,True,4235.965650809835
ECC+ChaCha20,5000,3,4484,0.026699999580159783,0.1252000074600801,0.09770000178832561,True,4235.965650809835
ECC+ChaCha20,5000,3,4485,0.027000001864507794,0.12589999823831022,0.09729999874252826,True,4235.965650809835
ECC+ChaCha20,5000,3,4486,0.02689998655114323,0.12569999671541154,0.09709999721962959,True,4235.965650809835
ECC+ChaCha20,5000,3,4487,0.026699999580159783,0.12440000136848539,0.0973999995039776,True,4235.965650809835
ECC+ChaCha20,5000,3,4488,0.027000001864507794,0.1255999959539622,0.09780000254977494,True,4235.965650809835
ECC+ChaCha20,5000,3,4489,0.02710000262595713,0.1264000020455569,0.09810000483412296,True,4235.965650809835
ECC+ChaCha20,5000,3,4490,0.02680000034160912,0.1264000020455569,0.09770000178832561,True,4235.965650809835
ECC+ChaCha20,5000,3,4491,0.027400004910305142,0.12689999130088836,0.09800000407267362,True,4235.965650809835
ECC+ChaCha20,5000,3,4492,0.027900008717551827,0.12680000509135425,0.09760000102687627,True,4235.965650809835
ECC+ChaCha20,5000,3,4493,0.026699999580159783,0.12749999586958438,0.09810000483412296,True,4235.965650809835
ECC+ChaCha20,5000,3,4494,0.02680000034160912,0.12490000517573208,0.09729999874252826,True,4235.965650809835
ECC+ChaCha20,5000,3,4495,0.026699999580159783,0.12569999671541154,0.09799998952075839,True,4235.965650809835
ECC+ChaCha20,5000,3,4496,0.02649999805726111,0.12549999519251287,0.09709999721962959,True,4235.965650809835
ECC+ChaCha20,5000,3,4497,0.026599998818710446,0.12490000517573208,0.09670000872574747,True,4235.965650809835
ECC+ChaCha20,5000,3,4498,0.02649999805726111,0.12530000822152942,0.09700001101009548,True,4235.965650809835
ECC+ChaCha20,5000,3,4499,0.026900001103058457,0.12440000136848539,0.0968000094871968,True,4235.965650809835
ECC+ChaCha20,5000,3,4500,0.026599998818710446,0.12980001338291913,0.09709999721962959,True,4235.965650809835
ECC+ChaCha20,5000,3,4501,0.026699999580159783,0.1252999936696142,0.09760000102687627,True,4235.965650809835
ECC+ChaCha20,5000,3,4502,0.026999987312592566,0.12620000052265823,0.09789998875930905,True,4235.965650809835
ECC+ChaCha20,5000,3,4503,0.026599998818710446,0.1252000074600801,0.09670000872574747,True,4235.965650809835
ECC+ChaCha20,5000,3,4504,0.02719998883549124,0.12650000280700624,0.09719999798107892,True,4235.965650809835
ECC+ChaCha20,5000,3,4505,0.02680000034160912,0.12549999519251287,0.09780000254977494,True,4235.965650809835
ECC+ChaCha20,5000,3,4506,0.026900001103058457,0.12660000356845558,0.09760000102687627,True,4235.965650809835
ECC+ChaCha20,5000,3,4507,0.02680000034160912,0.1255999959539622,0.09719999798107892,True,4235.965650809835
ECC+ChaCha20,5000,3,4508,0.026299996534362435,0.12539999443106353,0.09699999645818025,True,4235.965650809835
ECC+ChaCha20,5000,3,4509,0.026299996534362435,0.12480000441428274,0.09750000026542693,True,4235.965650809835
ECC+ChaCha20,5000,3,4510,0.026599998818710446,0.12620000052265823,0.09719999798107892,True,4235.965650809835
ECC+ChaCha20,5000,3,4511,0.026299996534362435,0.1252999936696142,0.09780000254977494,True,4235.965650809835
ECC+ChaCha20,5000,3,4512,0.026699999580159783,0.12599999899975955,0.09760000102687627,True,4235.965650809835
ECC+ChaCha20,5000,3,4513,0.026599998818710446,0.1252999936696142,0.09709999721962959,True,4235.965650809835
ECC+ChaCha20,5000,3,4514,0.026599998818710446,0.12499999138526618,0.09750000026542693,True,4235.965650809835
ECC+ChaCha20,5000,3,4515,0.026599998818710446,0.12539999443106353,0.0973999995039776,True,4235.965650809835
ECC+ChaCha20,5000,3,4516,0.026699999580159783,0.1255999959539622,0.09810000483412296,True,4235.965650809835
ECC+ChaCha20,5000,3,4517,0.026300011086277664,0.12450000212993473,0.09689999569673091,True,4235.965650809835
ECC+ChaCha20,5000,3,4518,0.026699999580159783,0.1252000074600801,0.09729999874252826,True,4235.965650809835
ECC+ChaCha20,5000,3,4519,0.03310000465717167,0.1336999994236976,0.10000000474974513,True,4235.965650809835
ECC+ChaCha20,5000,3,4520,0.027600006433203816,0.12820000119972974,0.09889999637380242,True,4235.965650809835
ECC+ChaCha20,5000,3,4521,0.02710000262595713,0.12579999747686088,0.09729999874252826,True,4235.965650809835
ECC+ChaCha20,5000,3,4522,0.02720000338740647,0.12700000661425292,0.09839999256655574,True,4235.965650809835
ECC+ChaCha20,5000,3,4523,0.026999987312592566,0.12589999823831022,0.09819999104365706,True,4235.965650809835
ECC+ChaCha20,5000,3,4524,0.027699992642737925,0.12759999663103372,0.09799998952075839,True,4235.965650809835
ECC+ChaCha20,5000,3,4525,0.027400004910305142,0.12630000128410757,0.09840000711847097,True,4235.965650809835
ECC+ChaCha20,5000,3,4526,0.027299989596940577,0.1260999997612089,0.09779998799785972,True,4235.965650809835
ECC+ChaCha20,5000,3,4527,0.027000001864507794,0.1264000020455569,0.09819999104365706,True,4235.965650809835
ECC+ChaCha20,5000,3,4528,0.026900001103058457,0.1260999997612089,0.09790000331122428,True,4235.965650809835
ECC+ChaCha20,5000,3,4529,0.02720000338740647,0.12569999671541154,0.09789998875930905,True,4235.965650809835
ECC+ChaCha20,5000,3,4530,0.02710000262595713,0.12539999443106353,0.09729999874252826,True,4235.965650809835
ECC+ChaCha20,5000,3,4531,0.02710000262595713,0.13040000339969993,0.09750000026542693,True,4235.965650809835
ECC+ChaCha20,5000,3,4532,0.027300004148855805,0.12569999671541154,0.09760000102687627,True,4235.965650809835
ECC+ChaCha20,5000,3,4533,0.027000001864507794,0.12540000898297876,0.0985000078799203,True,4235.965650809835
ECC+ChaCha20,5000,3,4534,0.026599998818710446,0.12509999214671552,0.09750000026542693,True,4235.965650809835
ECC+ChaCha20,5000,3,4535,0.026900001103058457,0.12540000898297876,0.09719999798107892,True,4235.965650809835
ECC+ChaCha20,5000,3,4536,0.02680000034160912,0.126499988255091,0.09729999874252826,True,4235.965650809835
ECC+ChaCha20,5000,3,4537,0.026599998818710446,0.12480000441428274,0.0973999995039776,True,4235.965650809835
ECC+ChaCha20,5000,3,4538,0.026399997295811772,0.12599999899975955,0.09780000254977494,True,4235.965650809835
ECC+ChaCha20,5000,3,4539,0.027000001864507794,0.12479998986236751,0.09790000331122428,True,4235.965650809835
ECC+ChaCha20,5000,3,4540,0.027000001864507794,0.1252999936696142,0.09760000102687627,True,4235.965650809835
ECC+ChaCha20,5000,3,4541,0.026900001103058457,0.12659998901654035,0.09760000102687627,True,4235.965650809835
ECC+ChaCha20,5000,3,4542,0.02680000034160912,0.12680000509135425,0.09770000178832561,True,4235.965650809835
ECC+ChaCha20,5000,3,4543,0.026900001103058457,0.1250000059371814,0.09750000026542693,True,4235.965650809835
ECC+ChaCha20,5000,3,4544,0.026599998818710446,0.1252999936696142,0.09759998647496104,True,4235.965650809835
ECC+ChaCha20,5000,3,4545,0.026599998818710446,0.1255999959539622,0.09750000026542693,True,4235.965650809835
ECC+ChaCha20,5000,3,4546,0.026599998818710446,0.12680000509135425,0.09760000102687627,True,4235.965650809835
ECC+ChaCha20,5000,3,4547,0.02649999805726111,0.12460000289138407,0.09729999874252826,True,4235.965650809835
ECC+ChaCha20,5000,3,4548,0.0261999957729131,0.12480000441428274,0.09750000026542693,True,4235.965650809835
ECC+ChaCha20,5000,3,4549,0.026399997295811772,0.12510000669863075,0.09770000178832561,True,4235.965650809835
ECC+ChaCha20,5000,3,4550,0.026900001103058457,0.12549999519251287,0.0973999995039776,True,4235.965650809835
ECC+ChaCha20,5000,3,4551,0.02649999805726111,0.1255999959539622,0.09760000102687627,True,4235.965650809835
ECC+ChaCha20,5000,3,4552,0.026299996534362435,0.1252000074600801,0.09760000102687627,True,4235.965650809835
ECC+ChaCha20,5000,3,4553,0.026399997295811772,0.12510000669863075,0.09760000102687627,True,4235.965650809835
ECC+ChaCha20,5000,3,4554,0.026399997295811772,0.12549999519251287,0.09719999798107892,True,4235.965650809835
ECC+ChaCha20,5000,3,4555,0.026599998818710446,0.12490000517573208,0.09689999569673091,True,4235.965650809835
ECC+ChaCha20,5000,3,4556,0.026599998818710446,0.12569999671541154,0.09709999721962959,True,4235.965650809835
ECC+ChaCha20,5000,3,4557,0.03479998849797994,0.15979999443516135,0.17749999824445695,True,4235.965650809835
ECC+ChaCha20,5000,3,4558,0.04400000034365803,0.15150000399444252,0.10679999832063913,True,4235.965650809835
ECC+ChaCha20,5000,3,4559,0.03739999374374747,0.13800000306218863,0.10389999079052359,True,4235.965650809835
ECC+ChaCha20,5000,3,4560,0.034500000765547156,0.13749999925494194,0.112900001113303,True,4235.965650809835
ECC+ChaCha20,5000,3,4561,0.029100003303028643,0.1272999943466857,0.09779998799785972,True,4235.965650809835
ECC+ChaCha20,5000,3,4562,0.02649999805726111,0.12509999214671552,0.09799998952075839,True,4235.965650809835
ECC+ChaCha20,5000,3,4563,0.02649999805726111,0.1306999911321327,0.09879999561235309,True,4235.965650809835
ECC+ChaCha20,5000,3,4564,0.02710000262595713,0.12659998901654035,0.09810000483412296,True,4235.965650809835
ECC+ChaCha20,5000,3,4565,0.03199999628122896,0.13159999798517674,0.09920001321006566,True,4235.965650809835
ECC+ChaCha20,5000,3,4566,0.027799993404187262,0.12759999663103372,0.09849999332800508,True,4235.965650809835
ECC+ChaCha20,5000,3,4567,0.026900001103058457,0.12620000052265823,0.09800000407267362,True,4235.965650809835
ECC+ChaCha20,5000,3,4568,0.026900001103058457,0.1275000104214996,0.0985000078799203,True,4235.965650809835
ECC+ChaCha20,5000,3,4569,0.026900001103058457,0.12650000280700624,0.09870000940281898,True,4235.965650809835
ECC+ChaCha20,5000,3,4570,0.026599998818710446,0.1269000058528036,0.09810000483412296,True,4235.965650809835
ECC+ChaCha20,5000,3,4571,0.027000001864507794,0.12570001126732677,0.09760000102687627,True,4235.965650809835
ECC+ChaCha20,5000,3,4572,0.02649999805726111,0.12479998986236751,0.09750000026542693,True,4235.965650809835
ECC+ChaCha20,5000,3,4573,0.027000001864507794,0.12589999823831022,0.09750000026542693,True,4235.965650809835
ECC+ChaCha20,5000,3,4574,0.026699999580159783,0.12489999062381685,0.09719999798107892,True,4235.965650809835
ECC+ChaCha20,5000,3,4575,0.026699999580159783,0.12490000517573208,0.09720001253299415,True,4235.965650809835
ECC+ChaCha20,5000,3,4576,0.026200010324828327,0.12570001126732677,0.09780000254977494,True,4235.965650809835
ECC+ChaCha20,5000,3,4577,0.02680000034160912,0.12489999062381685,0.09679999493528157,True,4235.965650809835
ECC+ChaCha20,5000,3,4578,0.026699999580159783,0.12579999747686088,0.09860000864136964,True,4235.965650809835
ECC+ChaCha20,5000,3,4579,0.026699999580159783,0.1255999959539622,0.09839999256655574,True,4235.965650809835
ECC+ChaCha20,5000,3,4580,0.02649999805726111,0.12539999443106353,0.09689999569673091,True,4235.965650809835
ECC+ChaCha20,5000,3,4581,0.026400011847727,0.12510000669863075,0.09700001101009548,True,4235.965650809835
ECC+ChaCha20,5000,3,4582,0.02680000034160912,0.12519999290816486,0.09719999798107892,True,4235.965650809835
ECC+ChaCha20,5000,3,4583,0.02649999805726111,0.12579999747686088,0.09660000796429813,True,4235.965650809835
ECC+ChaCha20,5000,3,4584,0.026599998818710446,0.12469998910091817,0.09820000559557229,True,4235.965650809835
ECC+ChaCha20,5000,3,4585,0.026599998818710446,0.1252999936696142,0.09709999721962959,True,4235.965650809835
ECC+ChaCha20,5000,3,4586,0.026399997295811772,0.12489999062381685,0.09750000026542693,True,4235.965650809835
ECC+ChaCha20,5000,3,4587,0.026599998818710446,0.12630000128410757,0.09800000407267362,True,4235.965650809835
ECC+ChaCha20,5000,3,4588,0.026400011847727,0.12419999984558672,0.09729999874252826,True,4235.965650809835
ECC+ChaCha20,5000,3,4589,0.026599998818710446,0.12589999823831022,0.09839999256655574,True,4235.965650809835
ECC+ChaCha20,5000,3,4590,0.02649999805726111,0.12489999062381685,0.09699999645818025,True,4235.965650809835
ECC+ChaCha20,5000,3,4591,0.026399997295811772,0.12480000441428274,0.09699999645818025,True,4235.965650809835
ECC+ChaCha20,5000,3,4592,0.046499990276061,0.17470000602770597,0.1221999991685152,True,4235.965650809835
ECC+ChaCha20,5000,3,4593,0.04440000338945538,0.16260000120382756,0.13259999104775488,True,4235.965650809835
ECC+ChaCha20,5000,3,4594,0.0329999893438071,0.13919999764766544,0.1049999991664663,True,4235.965650809835
ECC+ChaCha20,5000,3,4595,0.02890000178012997,0.13460000627674162,0.10070001007989049,True,4235.965650809835
ECC+ChaCha20,5000,3,4596,0.0278999941656366,0.12929999502375722,0.10080001084133983,True,4235.965650809835
ECC+ChaCha20,5000,3,4597,0.028099995688535273,0.12919999426230788,0.09970000246539712,True,4235.965650809835
ECC+ChaCha20,5000,3,4598,0.02720000338740647,0.1277999981539324,0.09940000018104911,True,4235.965650809835
ECC+ChaCha20,5000,3,4599,0.027300004148855805,0.12709999282378703,0.09859999408945441,True,4235.965650809835
ECC+ChaCha20,5000,3,4600,0.027000001864507794,0.12629998673219234,0.09899999713525176,True,4235.965650809835
ECC+ChaCha20,5000,3,4601,0.026900001103058457,0.1269999920623377,0.09759998647496104,True,4235.965650809835
ECC+ChaCha20,5000,3,4602,0.02680000034160912,0.12770001194439828,0.09940000018104911,True,4235.965650809835
ECC+ChaCha20,5000,3,4603,0.026900001103058457,0.12560001050587744,0.09719999798107892,True,4235.965650809835
ECC+ChaCha20,5000,3,4604,0.02710000262595713,0.12969999806955457,0.10060000931844115,True,4235.965650809835
ECC+ChaCha20,5000,3,4605,0.027600006433203816,0.12959999730810523,0.1007999962894246,True,4235.965650809835
ECC+ChaCha20,5000,3,4606,0.02720000338740647,0.12889999197795987,0.1007999962894246,True,4235.965650809835
ECC+ChaCha20,5000,3,4607,0.02750000567175448,0.12880000576842576,0.10070001007989049,True,4235.965650809835
ECC+ChaCha20,5000,3,4608,0.027699992642737925,0.12850000348407775,0.0999000039882958,True,4235.965650809835
ECC+ChaCha20,5000,3,4609,0.027399990358389914,0.12969999806955457,0.10130000009667128,True,4235.965650809835
ECC+ChaCha20,5000,3,4610,0.027299989596940577,0.12850000348407775,0.10050000855699182,True,4235.965650809835
ECC+ChaCha20,5000,3,4611,0.027799993404187262,0.13020000187680125,0.10180000390391797,True,4235.965650809835
ECC+ChaCha20,5000,3,4612,0.027799993404187262,0.1294999965466559,0.10109999857377261,True,4235.965650809835
ECC+ChaCha20,5000,3,4613,0.02819999644998461,0.13000000035390258,0.10099999781232327,True,4235.965650809835
ECC+ChaCha20,5000,3,4614,0.027900008717551827,0.13029998808633536,0.10150000161956996,True,4235.965650809835
ECC+ChaCha20,5000,3,4615,0.027700007194653153,0.1303000026382506,0.1007999962894246,True,4235.965650809835
ECC+ChaCha20,5000,3,4616,0.027999994927085936,0.13010000111535192,0.10040000779554248,True,4235.965650809835
ECC+ChaCha20,5000,3,4617,0.02780000795610249,0.12870000500697643,0.10059999476652592,True,4235.965650809835
ECC+ChaCha20,5000,3,4618,0.02750000567175448,0.13000000035390258,0.10049999400507659,True,4235.965650809835
ECC+ChaCha20,5000,3,4619,0.02749999111983925,0.1297999988310039,0.10039999324362725,True,4235.965650809835
ECC+ChaCha20,5000,3,4620,0.027399990358389914,0.12830000196117908,0.10050000855699182,True,4235.965650809835
ECC+ChaCha20,5000,3,4621,0.02750000567175448,0.12969999806955457,0.1002000062726438,True,4235.965650809835
ECC+ChaCha20,5000,3,4622,0.02719998883549124,0.12989999959245324,0.10039999324362725,True,4235.965650809835
ECC+ChaCha20,5000,3,4623,0.027400004910305142,0.12820000119972974,0.10029999248217791,True,4235.965650809835
ECC+ChaCha20,5000,3,4624,0.02749999111983925,0.13020000187680125,0.10089999705087394,True,4235.965650809835
ECC+ChaCha20,5000,3,4625,0.026599998818710446,0.12509999214671552,0.09709999721962959,True,4235.965650809835
ECC+ChaCha20,5000,3,4626,0.02649999805726111,0.12499999138526618,0.09789998875930905,True,4235.965650809835
ECC+ChaCha20,5000,3,4627,0.026699999580159783,0.1292000088142231,0.14279999595601112,True,4235.965650809835
ECC+ChaCha20,5000,3,4628,0.03579999611247331,0.1390999968862161,0.09979998867493123,True,4235.965650809835
ECC+ChaCha20,5000,3,4629,0.028099995688535273,0.12799999967683107,0.09950000094249845,True,4235.965650809835
ECC+ChaCha20,5000,3,4630,0.028800001018680632,0.1272999943466857,0.09879999561235309,True,4235.965650809835
ECC+ChaCha20,5000,3,4631,0.02710000262595713,0.12659998901654035,0.09810000483412296,True,4235.965650809835
ECC+ChaCha20,5000,3,4632,0.02720000338740647,0.12519999290816486,0.09760000102687627,True,4235.965650809835
ECC+ChaCha20,5000,3,4633,0.027000001864507794,0.12630000128410757,0.09719999798107892,True,4235.965650809835
ECC+ChaCha20,5000,3,4634,0.026900001103058457,0.12570001126732677,0.09810000483412296,True,4235.965650809835
ECC+ChaCha20,5000,3,4635,0.027300004148855805,0.12579999747686088,0.09820000559557229,True,4235.965650809835
ECC+ChaCha20,5000,3,4636,0.026900001103058457,0.126499988255091,0.09770000178832561,True,4235.965650809835
ECC+ChaCha20,5000,3,4637,0.02750000567175448,0.12579999747686088,0.09870000940281898,True,4235.965650809835
ECC+ChaCha20,5000,3,4638,0.02720000338740647,0.12679999053943902,0.09790000331122428,True,4235.965650809835
ECC+ChaCha20,5000,3,4639,0.026900001103058457,0.12489999062381685,0.09719999798107892,True,4235.965650809835
ECC+ChaCha20,5000,3,4640,0.026599998818710446,0.1260999997612089,0.09770000178832561,True,4235.965650809835
ECC+ChaCha20,5000,3,4641,0.027000001864507794,0.12509999214671552,0.09709999721962959,True,4235.965650809835
ECC+ChaCha20,5000,3,4642,0.02710000262595713,0.12539999443106353,0.09820000559557229,True,4235.965650809835
ECC+ChaCha20,5000,3,4643,0.027000001864507794,0.1260999997612089,0.09750000026542693,True,4235.965650809835
ECC+ChaCha20,5000,3,4644,0.026599998818710446,0.12630000128410757,0.0985000078799203,True,4235.965650809835
ECC+ChaCha20,5000,3,4645,0.027300004148855805,0.1252999936696142,0.09790000331122428,True,4235.965650809835
ECC+ChaCha20,5000,3,4646,0.027700007194653153,0.12670000432990491,0.09780000254977494,True,4235.965650809835
ECC+ChaCha20,5000,3,4647,0.02720000338740647,0.1252999936696142,0.09760000102687627,True,4235.965650809835
ECC+ChaCha20,5000,3,4648,0.026900001103058457,0.12549999519251287,0.09750000026542693,True,4235.965650809835
ECC+ChaCha20,5000,3,4649,0.02710000262595713,0.12560001050587744,0.09699999645818025,True,4235.965650809835
ECC+ChaCha20,5000,3,4650,0.026999987312592566,0.12670000432990491,0.09810000483412296,True,4235.965650809835
ECC+ChaCha20,5000,3,4651,0.027599991881288588,0.12709999282378703,0.0973999995039776,True,4235.965650809835
ECC+ChaCha20,5000,3,4652,0.02720000338740647,0.12660000356845558,0.09729999874252826,True,4235.965650809835
ECC+ChaCha20,5000,3,4653,0.026599998818710446,0.12600001355167478,0.0973999995039776,True,4235.965650809835
ECC+ChaCha20,5000,3,4654,0.026699999580159783,0.12579999747686088,0.09710001177154481,True,4235.965650809835
ECC+ChaCha20,5000,3,4655,0.026600013370625675,0.12560001050587744,0.09770000178832561,True,4235.965650809835
ECC+ChaCha20,5000,3,4656,0.026900001103058457,0.12569999671541154,0.09729999874252826,True,4235.965650809835
ECC+ChaCha20,5000,3,4657,0.026399997295811772,0.12479998986236751,0.09699999645818025,True,4235.965650809835
ECC+ChaCha20,5000,3,4658,0.02710000262595713,0.12650000280700624,0.09790000331122428,True,4235.965650809835
ECC+ChaCha20,5000,3,4659,0.02680000034160912,0.13020000187680125,0.09809999028220773,True,4235.965650809835
ECC+ChaCha20,5000,3,4660,0.027400004910305142,0.12590001279022545,0.09790000331122428,True,4235.965650809835
ECC+ChaCha20,5000,3,4661,0.026900001103058457,0.1258000120287761,0.09780000254977494,True,4235.965650809835
ECC+ChaCha20,5000,3,4662,0.02680000034160912,0.12589999823831022,0.09830000635702163,True,4235.965650809835
ECC+ChaCha20,5000,3,4663,0.02649999805726111,0.12409999908413738,0.09819999104365706,True,4235.965650809835
ECC+ChaCha20,5000,3,4664,0.026599998818710446,0.12509999214671552,0.09750000026542693,True,4235.965650809835
ECC+ChaCha20,5000,3,4665,0.027300004148855805,0.12669998977798969,0.0973999995039776,True,4235.965650809835
ECC+ChaCha20,5000,3,4666,0.040099999750964344,0.15259999781847,0.10590000601951033,True,4235.965650809835
ECC+ChaCha20,5000,3,4667,0.0295999925583601,0.13220000255387276,0.1002000062726438,True,4235.965650809835
ECC+ChaCha20,5000,3,4668,0.02890000178012997,0.12700000661425292,0.09880001016426831,True,4235.965650809835
ECC+ChaCha20,5000,3,4669,0.029199989512562752,0.1269000058528036,0.09810000483412296,True,4235.965650809835
ECC+ChaCha20,5000,3,4670,0.028599999495781958,0.12680000509135425,0.09820000559557229,True,4235.965650809835
ECC+ChaCha20,5000,3,4671,0.02890000178012997,0.12919999426230788,0.09849999332800508,True,4235.965650809835
ECC+ChaCha20,5000,3,4672,0.028799986466765404,0.12820000119972974,0.09770000178832561,True,4235.965650809835
ECC+ChaCha20,5000,3,4673,0.027900008717551827,0.12570001126732677,0.09830000635702163,True,4235.965650809835
ECC+ChaCha20,5000,3,4674,0.028099995688535273,0.12630000128410757,0.09729999874252826,True,4235.965650809835
ECC+ChaCha20,5000,3,4675,0.027300004148855805,0.12569999671541154,0.09719999798107892,True,4235.965650809835
ECC+ChaCha20,5000,3,4676,0.02710000262595713,0.12620000052265823,0.09819999104365706,True,4235.965650809835
ECC+ChaCha20,5000,3,4677,0.027400004910305142,0.12489999062381685,0.09750000026542693,True,4235.965650809835
ECC+ChaCha20,5000,3,4678,0.02780000795610249,0.12659998901654035,0.09819999104365706,True,4235.965650809835
ECC+ChaCha20,5000,3,4679,0.027300004148855805,0.12539999443106353,0.09780000254977494,True,4235.965650809835
ECC+ChaCha20,5000,3,4680,0.02720000338740647,0.12569999671541154,0.09780000254977494,True,4235.965650809835
ECC+ChaCha20,5000,3,4681,0.027299989596940577,0.1247000036528334,0.09690001024864614,True,4235.965650809835
ECC+ChaCha20,5000,3,4682,0.028599999495781958,0.12670000432990491,0.09840000711847097,True,4235.965650809835
ECC+ChaCha20,5000,3,4683,0.028000009479001164,0.12589999823831022,0.09780000254977494,True,4235.965650809835
ECC+ChaCha20,5000,3,4684,0.028599999495781958,0.12799999967683107,0.09879999561235309,True,4235.965650809835
ECC+ChaCha20,5000,3,4685,0.0281000102404505,0.12630000128410757,0.09819999104365706,True,4235.965650809835
ECC+ChaCha20,5000,3,4686,0.027799993404187262,0.12709999282378703,0.09839999256655574,True,4235.965650809835
ECC+ChaCha20,5000,3,4687,0.027000001864507794,0.12510000669863075,0.10090001160278916,True,4235.965650809835
ECC+ChaCha20,5000,3,4688,0.026699999580159783,0.1255000097444281,0.09750000026542693,True,4235.965650809835
ECC+ChaCha20,5000,3,4689,0.026399997295811772,0.12509999214671552,0.09709999721962959,True,4235.965650809835
ECC+ChaCha20,5000,3,4690,0.026599998818710446,0.12510000669863075,0.09780000254977494,True,4235.965650809835
ECC+ChaCha20,5000,3,4691,0.026600013370625675,0.13120000949129462,0.09800000407267362,True,4235.965650809835
ECC+ChaCha20,5000,3,4692,0.027099988074041903,0.12480000441428274,0.0973999995039776,True,4235.965650809835
ECC+ChaCha20,5000,3,4693,0.02680000034160912,0.1260999997612089,0.0973999995039776,True,4235.965650809835
ECC+ChaCha20,5000,3,4694,0.026900001103058457,0.12460000289138407,0.09729999874252826,True,4235.965650809835
ECC+ChaCha20,5000,3,4695,0.02680000034160912,0.12480000441428274,0.09700001101009548,True,4235.965650809835
ECC+ChaCha20,5000,3,4696,0.026699999580159783,0.1255999959539622,0.09810000483412296,True,4235.965650809835
ECC+ChaCha20,5000,3,4697,0.02680000034160912,0.12579999747686088,0.09719999798107892,True,4235.965650809835
ECC+ChaCha20,5000,3,4698,0.027000001864507794,0.12590001279022545,0.09780000254977494,True,4235.965650809835
ECC+ChaCha20,5000,3,4699,0.02710000262595713,0.12509999214671552,0.09750000026542693,True,4235.965650809835
ECC+ChaCha20,5000,3,4700,0.026400011847727,0.12460000289138407,0.09779998799785972,True,4235.965650809835
ECC+ChaCha20,5000,3,4701,0.026599998818710446,0.1264000020455569,0.0973999995039776,True,4235.965650809835
ECC+ChaCha20,5000,3,4702,0.04389999958220869,0.13029998808633536,0.09899999713525176,True,4235.965650809835
ECC+ChaCha20,5000,3,4703,0.028099995688535273,0.12880000576842576,0.09940000018104911,True,4235.965650809835
ECC+ChaCha20,5000,3,4704,0.028099995688535273,0.12660000356845558,0.09810000483412296,True,4235.965650809835
ECC+ChaCha20,5000,3,4705,0.026900001103058457,0.12539999443106353,0.09789998875930905,True,4235.965650809835
ECC+ChaCha20,5000,3,4706,0.02680000034160912,0.12490000517573208,0.09760000102687627,True,4235.965650809835
ECC+ChaCha20,5000,3,4707,0.027000001864507794,0.12530000822152942,0.09700001101009548,True,4235.965650809835
ECC+ChaCha20,5000,3,4708,0.026200010324828327,0.12440000136848539,0.09760000102687627,True,4235.965650809835
ECC+ChaCha20,5000,3,4709,0.02649999805726111,0.12510000669863075,0.09760000102687627,True,4235.965650809835
ECC+ChaCha20,5000,3,4710,0.026399997295811772,0.12549999519251287,0.09740001405589283,True,4235.965650809835
ECC+ChaCha20,5000,3,4711,0.02649999805726111,0.1252999936696142,0.09750000026542693,True,4235.965650809835
ECC+ChaCha20,5000,3,4712,0.02680000034160912,0.12570001126732677,0.09709999721962959,True,4235.965650809835
ECC+ChaCha20,5000,3,4713,0.026399997295811772,0.12459998833946884,0.09709999721962959,True,4235.965650809835
ECC+ChaCha20,5000,3,4714,0.02680000034160912,0.12549999519251287,0.09689999569673091,True,4235.965650809835
ECC+ChaCha20,5000,3,4715,0.026699999580159783,0.12549999519251287,0.09770000178832561,True,4235.965650809835
ECC+ChaCha20,5000,3,4716,0.026699999580159783,0.12620000052265823,0.09760000102687627,True,4235.965650809835
ECC+ChaCha20,5000,3,4717,0.026599998818710446,0.12419999984558672,0.09719999798107892,True,4235.965650809835
ECC+ChaCha20,5000,3,4718,0.02670001413207501,0.1264000020455569,0.09779998799785972,True,4235.965650809835
ECC+ChaCha20,5000,3,4719,0.02649999805726111,0.1247000036528334,0.09750000026542693,True,4235.965650809835
ECC+ChaCha20,5000,3,4720,0.026299996534362435,0.12440000136848539,0.09650000720284879,True,4235.965650809835
ECC+ChaCha20,5000,3,4721,0.026399997295811772,0.12440000136848539,0.09790000331122428,True,4235.965650809835
ECC+ChaCha20,5000,3,4722,0.02649999805726111,0.12460000289138407,0.09699999645818025,True,4235.965650809835
ECC+ChaCha20,5000,3,4723,0.026299996534362435,0.12909999350085855,0.09750000026542693,True,4235.965650809835
ECC+ChaCha20,5000,3,4724,0.02680000034160912,0.12579999747686088,0.09750000026542693,True,4235.965650809835
ECC+ChaCha20,5000,3,4725,0.026900001103058457,0.1260999997612089,0.09780000254977494,True,4235.965650809835
ECC+ChaCha20,5000,3,4726,0.0261999957729131,0.12430000060703605,0.09760000102687627,True,4235.965650809835
ECC+ChaCha20,5000,3,4727,0.026399997295811772,0.12509999214671552,0.09750000026542693,True,4235.965650809835
ECC+ChaCha20,5000,3,4728,0.026299996534362435,0.12419999984558672,0.0982999918051064,True,4235.965650809835
ECC+ChaCha20,5000,3,4729,0.027400004910305142,0.12670000432990491,0.09780000254977494,True,4235.965650809835
ECC+ChaCha20,5000,3,4730,0.02710000262595713,0.1255999959539622,0.09790000331122428,True,4235.965650809835
ECC+ChaCha20,5000,3,4731,0.026900001103058457,0.12679999053943902,0.09980000322684646,True,4235.965650809835
ECC+ChaCha20,5000,3,4732,0.027599991881288588,0.1255999959539622,0.09759998647496104,True,4235.965650809835
ECC+ChaCha20,5000,3,4733,0.02849999873433262,0.1269000058528036,0.09790000331122428,True,4235.965650809835
ECC+ChaCha20,5000,3,4734,0.027599991881288588,0.1272999943466857,0.09839999256655574,True,4235.965650809835
ECC+ChaCha20,5000,3,4735,0.02710000262595713,0.12549999519251287,0.09750000026542693,True,4235.965650809835
ECC+ChaCha20,5000,3,4736,0.02719998883549124,0.1252000074600801,0.0973999995039776,True,4235.965650809835
ECC+ChaCha20,5000,3,4737,0.026600013370625675,0.12540000898297876,0.09719999798107892,True,4235.965650809835
ECC+ChaCha20,5000,3,4738,0.026599998818710446,0.12419999984558672,0.09780000254977494,True,4235.965650809835
ECC+ChaCha20,5000,3,4739,0.02680000034160912,0.12509999214671552,0.09679999493528157,True,4235.965650809835
ECC+ChaCha20,5000,3,4740,0.026399997295811772,0.12639998749364167,0.09719999798107892,True,4235.965650809835
ECC+ChaCha20,5000,3,4741,0.029600007110275328,0.1317000132985413,0.1002000062726438,True,4235.965650809835
ECC+ChaCha20,5000,3,4742,0.027599991881288588,0.12660000356845558,0.09820000559557229,True,4235.965650809835
ECC+ChaCha20,5000,3,4743,0.026699999580159783,0.12490000517573208,0.09770000178832561,True,4235.965650809835
ECC+ChaCha20,5000,3,4744,0.026699999580159783,0.1255999959539622,0.09750000026542693,True,4235.965650809835
ECC+ChaCha20,5000,3,4745,0.02710000262595713,0.12569999671541154,0.0973999995039776,True,4235.965650809835
ECC+ChaCha20,5000,3,4746,0.027400004910305142,0.1264000020455569,0.09810000483412296,True,4235.965650809835
ECC+ChaCha20,5000,3,4747,0.02680000034160912,0.1250000059371814,0.0968000094871968,True,4235.965650809835
ECC+ChaCha20,5000,3,4748,0.02720000338740647,0.1255999959539622,0.09750000026542693,True,4235.965650809835
ECC+ChaCha20,5000,3,4749,0.02710000262595713,0.12539999443106353,0.09799998952075839,True,4235.965650809835
ECC+ChaCha20,5000,3,4750,0.027399990358389914,0.1264000020455569,0.09789998875930905,True,4235.965650809835
ECC+ChaCha20,5000,3,4751,0.027000001864507794,0.12749999586958438,0.09800000407267362,True,4235.965650809835
ECC+ChaCha20,5000,3,4752,0.026399997295811772,0.12590001279022545,0.09709999721962959,True,4235.965650809835
ECC+ChaCha20,5000,3,4753,0.026900001103058457,0.12569999671541154,0.09770000178832561,True,4235.965650809835
ECC+ChaCha20,5000,3,4754,0.02720000338740647,0.12630000128410757,0.09760000102687627,True,4235.965650809835
ECC+ChaCha20,5000,3,4755,0.026699999580159783,0.1303999888477847,0.09760000102687627,True,4235.965650809835
ECC+ChaCha20,5000,3,4756,0.027300004148855805,0.12599999899975955,0.09830000635702163,True,4235.965650809835
ECC+ChaCha20,5000,3,4757,0.026599998818710446,0.1250000059371814,0.09800000407267362,True,4235.965650809835
ECC+ChaCha20,5000,3,4758,0.026399997295811772,0.12650000280700624,0.09770000178832561,True,4235.965650809835
ECC+ChaCha20,5000,3,4759,0.02680000034160912,0.1260999997612089,0.0982999918051064,True,4235.965650809835
ECC+ChaCha20,5000,3,4760,0.026399997295811772,0.12579999747686088,0.0982999918051064,True,4235.965650809835
ECC+ChaCha20,5000,3,4761,0.02680000034160912,0.1272000081371516,0.09820000559557229,True,4235.965650809835
ECC+ChaCha20,5000,3,4762,0.026399997295811772,0.12539999443106353,0.09719999798107892,True,4235.965650809835
ECC+ChaCha20,5000,3,4763,0.027000001864507794,0.12579999747686088,0.09790000331122428,True,4235.965650809835
ECC+ChaCha20,5000,3,4764,0.026399997295811772,0.12560001050587744,0.09729999874252826,True,4235.965650809835
ECC+ChaCha20,5000,3,4765,0.026399997295811772,0.1258000120287761,0.09770000178832561,True,4235.965650809835
ECC+ChaCha20,5000,3,4766,0.026699999580159783,0.12540000898297876,0.09750000026542693,True,4235.965650809835
ECC+ChaCha20,5000,3,4767,0.026399997295811772,0.12540000898297876,0.0973999995039776,True,4235.965650809835
ECC+ChaCha20,5000,3,4768,0.02670001413207501,0.1264000020455569,0.09809999028220773,True,4235.965650809835
ECC+ChaCha20,5000,3,4769,0.026699999580159783,0.12480000441428274,0.09719999798107892,True,4235.965650809835
ECC+ChaCha20,5000,3,4770,0.026699999580159783,0.12620000052265823,0.09849999332800508,True,4235.965650809835
ECC+ChaCha20,5000,3,4771,0.026299996534362435,0.1255999959539622,0.09719999798107892,True,4235.965650809835
ECC+ChaCha20,5000,3,4772,0.026900001103058457,0.12739999510813504,0.0982999918051064,True,4235.965650809835
ECC+ChaCha20,5000,3,4773,0.026599998818710446,0.1255999959539622,0.09770000178832561,True,4235.965650809835
ECC+ChaCha20,5000,3,4774,0.026599998818710446,0.12620000052265823,0.09790000331122428,True,4235.965650809835
ECC+ChaCha20,5000,3,4775,0.026699999580159783,0.1252999936696142,0.09770000178832561,True,4235.965650809835
ECC+ChaCha20,5000,3,4776,0.026699999580159783,0.1252999936696142,0.09800000407267362,True,4235.965650809835
ECC+ChaCha20,5000,3,4777,0.026599998818710446,0.1269000058528036,0.09800000407267362,True,4235.965650809835
ECC+ChaCha20,5000,3,4778,0.02710000262595713,0.1269999920623377,0.09789998875930905,True,4235.965650809835
ECC+ChaCha20,5000,3,4779,0.028000009479001164,0.12950001109857112,0.1007999962894246,True,4235.965650809835
ECC+ChaCha20,5000,3,4780,0.027999994927085936,0.1286000042455271,0.09840000711847097,True,4235.965650809835
ECC+ChaCha20,5000,3,4781,0.027000001864507794,0.12630000128410757,0.09770000178832561,True,4235.965650809835
ECC+ChaCha20,5000,3,4782,0.026699999580159783,0.12680000509135425,0.09800000407267362,True,4235.965650809835
ECC+ChaCha20,5000,3,4783,0.026599998818710446,0.1255999959539622,0.09750000026542693,True,4235.965650809835
ECC+ChaCha20,5000,3,4784,0.026399997295811772,0.12530000822152942,0.09710001177154481,True,4235.965650809835
ECC+ChaCha20,5000,3,4785,0.027000001864507794,0.12499999138526618,0.09769998723641038,True,4235.965650809835
ECC+ChaCha20,5000,3,4786,0.02780000795610249,0.13029998808633536,0.09960000170394778,True,4235.965650809835
ECC+ChaCha20,5000,3,4787,0.027099988074041903,0.12650000280700624,0.0973999995039776,True,4235.965650809835
ECC+ChaCha20,5000,3,4788,0.02710000262595713,0.1260999997612089,0.0973999995039776,True,4235.965650809835
ECC+ChaCha20,5000,3,4789,0.02750000567175448,0.1269000058528036,0.09770000178832561,True,4235.965650809835
ECC+ChaCha20,5000,3,4790,0.026400011847727,0.1247000036528334,0.0973999995039776,True,4235.965650809835
ECC+ChaCha20,5000,3,4791,0.0261999957729131,0.12460000289138407,0.09729999874252826,True,4235.965650809835
ECC+ChaCha20,5000,3,4792,0.02649999805726111,0.1252000074600801,0.09810000483412296,True,4235.965650809835
ECC+ChaCha20,5000,3,4793,0.026299996534362435,0.12479998986236751,0.09709999721962959,True,4235.965650809835
ECC+ChaCha20,5000,3,4794,0.02649999805726111,0.1250000059371814,0.09759998647496104,True,4235.965650809835
ECC+ChaCha20,5000,3,4795,0.02850001328624785,0.13080000644549727,0.09950000094249845,True,4235.965650809835
ECC+ChaCha20,5000,3,4796,0.028000009479001164,0.12780001270584762,0.10039999324362725,True,4235.965650809835
ECC+ChaCha20,5000,3,4797,0.027099988074041903,0.12660000356845558,0.09880001016426831,True,4235.965650809835
ECC+ChaCha20,5000,3,4798,0.0278999941656366,0.12589999823831022,0.09840000711847097,True,4235.965650809835
ECC+ChaCha20,5000,3,4799,0.02710000262595713,0.12519999290816486,0.09770000178832561,True,4235.965650809835
ECC+ChaCha20,5000,3,4800,0.026699999580159783,0.1260999997612089,0.09820000559557229,True,4235.965650809835
ECC+ChaCha20,5000,3,4801,0.026900001103058457,0.1260999997612089,0.09869999485090375,True,4235.965650809835
ECC+ChaCha20,5000,3,4802,0.02649999805726111,0.12579999747686088,0.09790000331122428,True,4235.965650809835
ECC+ChaCha20,5000,3,4803,0.026599998818710446,0.12629998673219234,0.09760000102687627,True,4235.965650809835
ECC+ChaCha20,5000,3,4804,0.02680000034160912,0.1258000120287761,0.09810000483412296,True,4235.965650809835
ECC+ChaCha20,5000,3,4805,0.026900001103058457,0.12569999671541154,0.09750000026542693,True,4235.965650809835
ECC+ChaCha20,5000,3,4806,0.02649999805726111,0.12510000669863075,0.09790000331122428,True,4235.965650809835
ECC+ChaCha20,5000,3,4807,0.026600013370625675,0.1252000074600801,0.09760000102687627,True,4235.965650809835
ECC+ChaCha20,5000,3,4808,0.03199999628122896,0.13889999536331743,0.10200000542681664,True,4235.965650809835
ECC+ChaCha20,5000,3,4809,0.028099995688535273,0.12900000729132444,0.09899999713525176,True,4235.965650809835
ECC+ChaCha20,5000,3,4810,0.02749999111983925,0.12689999130088836,0.09820000559557229,True,4235.965650809835
ECC+ChaCha20,5000,3,4811,0.026699999580159783,0.1247000036528334,0.09719999798107892,True,4235.965650809835
ECC+ChaCha20,5000,3,4812,0.02680000034160912,0.1264000020455569,0.09880001016426831,True,4235.965650809835
ECC+ChaCha20,5000,3,4813,0.027000001864507794,0.12700000661425292,0.09790000331122428,True,4235.965650809835
ECC+ChaCha20,5000,3,4814,0.02680000034160912,0.12599999899975955,0.09719999798107892,True,4235.965650809835
ECC+ChaCha20,5000,3,4815,0.026900001103058457,0.12569999671541154,0.09760000102687627,True,4235.965650809835
ECC+ChaCha20,5000,3,4816,0.027000001864507794,0.12589999823831022,0.09800000407267362,True,4235.965650809835
ECC+ChaCha20,5000,3,4817,0.02750000567175448,0.12639998749364167,0.1615999935893342,True,4235.965650809835
ECC+ChaCha20,5000,3,4818,0.0320999970426783,0.1404999929945916,0.10140000085812062,True,4235.965650809835
ECC+ChaCha20,5000,3,4819,0.03170000854879618,0.13210000179242343,0.09960000170394778,True,4235.965650809835
ECC+ChaCha20,5000,3,4820,0.02710000262595713,0.1272999943466857,0.09790000331122428,True,4235.965650809835
ECC+ChaCha20,5000,3,4821,0.02680000034160912,0.12620000052265823,0.09819999104365706,True,4235.965650809835
ECC+ChaCha20,5000,3,4822,0.02670001413207501,0.1255000097444281,0.09820000559557229,True,4235.965650809835
ECC+ChaCha20,5000,3,4823,0.02720000338740647,0.12569999671541154,0.09839999256655574,True,4235.965650809835
ECC+ChaCha20,5000,3,4824,0.026699999580159783,0.1255999959539622,0.09810000483412296,True,4235.965650809835
ECC+ChaCha20,5000,3,4825,0.026699999580159783,0.12630000128410757,0.09780000254977494,True,4235.965650809835
ECC+ChaCha20,5000,3,4826,0.026699999580159783,0.12490000517573208,0.09869999485090375,True,4235.965650809835
ECC+ChaCha20,5000,3,4827,0.02649999805726111,0.12589999823831022,0.0973999995039776,True,4235.965650809835
ECC+ChaCha20,5000,3,4828,0.026699999580159783,0.1250000059371814,0.09710001177154481,True,4235.965650809835
ECC+ChaCha20,5000,3,4829,0.026599998818710446,0.12620000052265823,0.09800000407267362,True,4235.965650809835
ECC+ChaCha20,5000,3,4830,0.026399997295811772,0.12509999214671552,0.09839999256655574,True,4235.965650809835
ECC+ChaCha20,5000,3,4831,0.02609999501146376,0.12599999899975955,0.09819999104365706,True,4235.965650809835
ECC+ChaCha20,5000,3,4832,0.02649999805726111,0.12460000289138407,0.0973999995039776,True,4235.965650809835
ECC+ChaCha20,5000,3,4833,0.026299996534362435,0.12489999062381685,0.09750000026542693,True,4235.965650809835
ECC+ChaCha20,5000,3,4834,0.026300011086277664,0.12540000898297876,0.09760000102687627,True,4235.965650809835
ECC+ChaCha20,5000,3,4835,0.026599998818710446,0.12579999747686088,0.09770000178832561,True,4235.965650809835
ECC+ChaCha20,5000,3,4836,0.026599998818710446,0.12620000052265823,0.0985000078799203,True,4235.965650809835
ECC+ChaCha20,5000,3,4837,0.02680000034160912,0.12460000289138407,0.09790000331122428,True,4235.965650809835
ECC+ChaCha20,5000,3,4838,0.027300004148855805,0.12499999138526618,0.09709999721962959,True,4235.965650809835
ECC+ChaCha20,5000,3,4839,0.02680000034160912,0.1252999936696142,0.09760000102687627,True,4235.965650809835
ECC+ChaCha20,5000,3,4840,0.026699999580159783,0.12519999290816486,0.0973999995039776,True,4235.965650809835
ECC+ChaCha20,5000,3,4841,0.027000001864507794,0.12599999899975955,0.09719999798107892,True,4235.965650809835
ECC+ChaCha20,5000,3,4842,0.02649999805726111,0.1255000097444281,0.09719999798107892,True,4235.965650809835
ECC+ChaCha20,5000,3,4843,0.026599998818710446,0.12510000669863075,0.09820000559557229,True,4235.965650809835
ECC+ChaCha20,5000,3,4844,0.026399997295811772,0.12499999138526618,0.09770000178832561,True,4235.965650809835
ECC+ChaCha20,5000,3,4845,0.026599998818710446,0.12490000517573208,0.09780000254977494,True,4235.965650809835
ECC+ChaCha20,5000,3,4846,0.026599998818710446,0.1272999943466857,0.09740001405589283,True,4235.965650809835
ECC+ChaCha20,5000,3,4847,0.026699999580159783,0.1252999936696142,0.09810000483412296,True,4235.965650809835
ECC+ChaCha20,5000,3,4848,0.026399997295811772,0.1255000097444281,0.10130000009667128,True,4235.965650809835
ECC+ChaCha20,5000,3,4849,0.026699999580159783,0.12459998833946884,0.09699999645818025,True,4235.965650809835
ECC+ChaCha20,5000,3,4850,0.026699999580159783,0.13029998808633536,0.09770000178832561,True,4235.965650809835
ECC+ChaCha20,5000,3,4851,0.02680000034160912,0.1252999936696142,0.09799998952075839,True,4235.965650809835
ECC+ChaCha20,5000,3,4852,0.02720000338740647,0.12660000356845558,0.09820000559557229,True,4235.965650809835
ECC+ChaCha20,5000,3,4853,0.02680000034160912,0.12589999823831022,0.09699999645818025,True,4235.965650809835
ECC+ChaCha20,5000,3,4854,0.026299996534362435,0.12419999984558672,0.09719999798107892,True,4235.965650809835
ECC+ChaCha20,5000,3,4855,0.030700000934302807,0.1311999949393794,0.09900001168716699,True,4235.965650809835
ECC+ChaCha20,5000,3,4856,0.027600006433203816,0.12630000128410757,0.09770000178832561,True,4235.965650809835
ECC+ChaCha20,5000,3,4857,0.02720000338740647,0.1258000120287761,0.09820000559557229,True,4235.965650809835
ECC+ChaCha20,5000,3,4858,0.026599998818710446,0.12620000052265823,0.09729999874252826,True,4235.965650809835
ECC+ChaCha20,5000,3,4859,0.02710000262595713,0.12670000432990491,0.0973999995039776,True,4235.965650809835
ECC+ChaCha20,5000,3,4860,0.027299989596940577,0.12589999823831022,0.09779998799785972,True,4235.965650809835
ECC+ChaCha20,5000,3,4861,0.03670000296551734,0.12969999806955457,0.09940000018104911,True,4235.965650809835
ECC+ChaCha20,5000,3,4862,0.026399997295811772,0.126199985970743,0.09800000407267362,True,4235.965650809835
ECC+ChaCha20,5000,3,4863,0.027400004910305142,0.1275000104214996,0.09790000331122428,True,4235.965650809835
ECC+ChaCha20,5000,3,4864,0.026600013370625675,0.12569999671541154,0.0973999995039776,True,4235.965650809835
ECC+ChaCha20,5000,3,4865,0.027400004910305142,0.12769999739248306,0.09820000559557229,True,4235.965650809835
ECC+ChaCha20,5000,3,4866,0.026599998818710446,0.12590001279022545,0.09750000026542693,True,4235.965650809835
ECC+ChaCha20,5000,3,4867,0.027000001864507794,0.1269999920623377,0.09849999332800508,True,4235.965650809835
ECC+ChaCha20,5000,3,4868,0.026900001103058457,0.12579999747686088,0.09769998723641038,True,4235.965650809835
ECC+ChaCha20,5000,3,4869,0.026599998818710446,0.1269999920623377,0.09760000102687627,True,4235.965650809835
ECC+ChaCha20,5000,3,4870,0.02750000567175448,0.12710000737570226,0.09970000246539712,True,4235.965650809835
ECC+ChaCha20,5000,3,4871,0.026900001103058457,0.12450000212993473,0.09669999417383224,True,4235.965650809835
ECC+ChaCha20,5000,3,4872,0.02649999805726111,0.12540000898297876,0.09800000407267362,True,4235.965650809835
ECC+ChaCha20,5000,3,4873,0.02680000034160912,0.12560001050587744,0.09729999874252826,True,4235.965650809835
ECC+ChaCha20,5000,3,4874,0.02680000034160912,0.12459998833946884,0.09729999874252826,True,4235.965650809835
ECC+ChaCha20,5000,3,4875,0.026599998818710446,0.12489999062381685,0.09729999874252826,True,4235.965650809835
ECC+ChaCha20,5000,3,4876,0.02720000338740647,0.12589999823831022,0.0973999995039776,True,4235.965650809835
ECC+ChaCha20,5000,3,4877,0.02680000034160912,0.1252000074600801,0.09760000102687627,True,4235.965650809835
ECC+ChaCha20,5000,3,4878,0.026599998818710446,0.12579999747686088,0.09760000102687627,True,4235.965650809835
ECC+ChaCha20,5000,3,4879,0.02649999805726111,0.12519999290816486,0.09760000102687627,True,4235.965650809835
ECC+ChaCha20,5000,3,4880,0.026399997295811772,0.12599999899975955,0.09760000102687627,True,4235.965650809835
ECC+ChaCha20,5000,3,4881,0.026900001103058457,0.1250000059371814,0.0973999995039776,True,4235.965650809835
ECC+ChaCha20,5000,3,4882,0.026400011847727,0.12910000805277377,0.0985000078799203,True,4235.965650809835
ECC+ChaCha20,5000,3,4883,0.02710000262595713,0.12620000052265823,0.09790000331122428,True,4235.965650809835
ECC+ChaCha20,5000,3,4884,0.02710000262595713,0.12549999519251287,0.09770000178832561,True,4235.965650809835
ECC+ChaCha20,5000,3,4885,0.026900001103058457,0.12579999747686088,0.09729999874252826,True,4235.965650809835
ECC+ChaCha20,5000,3,4886,0.026599998818710446,0.12510000669863075,0.09649999265093356,True,4235.965650809835
ECC+ChaCha20,5000,3,4887,0.026699999580159783,0.12569999671541154,0.09770000178832561,True,4235.965650809835
ECC+ChaCha20,5000,3,4888,0.026599998818710446,0.12620000052265823,0.09699999645818025,True,4235.965650809835
ECC+ChaCha20,5000,3,4889,0.026699999580159783,0.12579999747686088,0.09800000407267362,True,4235.965650809835
ECC+ChaCha20,5000,3,4890,0.027000001864507794,0.12549999519251287,0.0973999995039776,True,4235.965650809835
ECC+ChaCha20,5000,3,4891,0.026900001103058457,0.12579999747686088,0.09799998952075839,True,4235.965650809835
ECC+ChaCha20,5000,3,4892,0.026699999580159783,0.12509999214671552,0.09719999798107892,True,4235.965650809835
ECC+ChaCha20,5000,3,4893,0.03029999788850546,0.1336999994236976,0.0999000039882958,True,4235.965650809835
ECC+ChaCha20,5000,3,4894,0.02680000034160912,0.12849998893216252,0.09849999332800508,True,4235.965650809835
ECC+ChaCha20,5000,3,4895,0.02710000262595713,0.14010000450070947,0.10120001388713717,True,4235.965650809835
ECC+ChaCha20,5000,3,4896,0.028599999495781958,0.13000000035390258,0.09980000322684646,True,4235.965650809835
ECC+ChaCha20,5000,3,4897,0.027799993404187262,0.12689999130088836,0.09810000483412296,True,4235.965650809835
ECC+ChaCha20,5000,3,4898,0.027400004910305142,0.12579999747686088,0.09780000254977494,True,4235.965650809835
ECC+ChaCha20,5000,3,4899,0.027400004910305142,0.12770001194439828,0.09820000559557229,True,4235.965650809835
ECC+ChaCha20,5000,3,4900,0.026900001103058457,0.12650000280700624,0.09819999104365706,True,4235.965650809835
ECC+ChaCha20,5000,3,4901,0.026900001103058457,0.12560001050587744,0.09780000254977494,True,4235.965650809835
ECC+ChaCha20,5000,3,4902,0.026699999580159783,0.12620000052265823,0.09699999645818025,True,4235.965650809835
ECC+ChaCha20,5000,3,4903,0.02680000034160912,0.12570001126732677,0.09830000635702163,True,4235.965650809835
ECC+ChaCha20,5000,3,4904,0.026699999580159783,0.1258000120287761,0.09770000178832561,True,4235.965650809835
ECC+ChaCha20,5000,3,4905,0.027400004910305142,0.12599999899975955,0.09820000559557229,True,4235.965650809835
ECC+ChaCha20,5000,3,4906,0.026699999580159783,0.1255999959539622,0.09729999874252826,True,4235.965650809835
ECC+ChaCha20,5000,3,4907,0.02680000034160912,0.12460000289138407,0.09729999874252826,True,4235.965650809835
ECC+ChaCha20,5000,3,4908,0.026399997295811772,0.12539999443106353,0.09710001177154481,True,4235.965650809835
ECC+ChaCha20,5000,3,4909,0.026600013370625675,0.1255000097444281,0.09810000483412296,True,4235.965650809835
ECC+ChaCha20,5000,3,4910,0.026599998818710446,0.12539999443106353,0.09750000026542693,True,4235.965650809835
ECC+ChaCha20,5000,3,4911,0.02719998883549124,0.1252000074600801,0.09820000559557229,True,4235.965650809835
ECC+ChaCha20,5000,3,4912,0.026900001103058457,0.12620000052265823,0.0973999995039776,True,4235.965650809835
ECC+ChaCha20,5000,3,4913,0.026900001103058457,0.12530000822152942,0.09790000331122428,True,4235.965650809835
ECC+ChaCha20,5000,3,4914,0.026699999580159783,0.12939999578520656,0.09759998647496104,True,4235.965650809835
ECC+ChaCha20,5000,3,4915,0.027000001864507794,0.12599999899975955,0.09770000178832561,True,4235.965650809835
ECC+ChaCha20,5000,3,4916,0.026399997295811772,0.12469998910091817,0.09770000178832561,True,4235.965650809835
ECC+ChaCha20,5000,3,4917,0.026900001103058457,0.12539999443106353,0.09780000254977494,True,4235.965650809835
ECC+ChaCha20,5000,3,4918,0.026599998818710446,0.1252999936696142,0.09799998952075839,True,4235.965650809835
ECC+ChaCha20,5000,3,4919,0.02680000034160912,0.1247000036528334,0.09720001253299415,True,4235.965650809835
ECC+ChaCha20,5000,3,4920,0.026699999580159783,0.1255000097444281,0.09820000559557229,True,4235.965650809835
ECC+ChaCha20,5000,3,4921,0.02680000034160912,0.12549999519251287,0.09760000102687627,True,4235.965650809835
ECC+ChaCha20,5000,3,4922,0.026900001103058457,0.12499999138526618,0.09819999104365706,True,4235.965650809835
ECC+ChaCha20,5000,3,4923,0.02710000262595713,0.1250000059371814,0.0973999995039776,True,4235.965650809835
ECC+ChaCha20,5000,3,4924,0.026699999580159783,0.12569999671541154,0.09809999028220773,True,4235.965650809835
ECC+ChaCha20,5000,3,4925,0.026500012609176338,0.1247000036528334,0.09709999721962959,True,4235.965650809835
ECC+ChaCha20,5000,3,4926,0.026399997295811772,0.1250000059371814,0.09779998799785972,True,4235.965650809835
ECC+ChaCha20,5000,3,4927,0.02710000262595713,0.12549999519251287,0.09699999645818025,True,4235.965650809835
ECC+ChaCha20,5000,3,4928,0.048699992476031184,0.16659998800605536,0.1083999959519133,True,4235.965650809835
ECC+ChaCha20,5000,3,4929,0.03340000694151968,0.14250000822357833,0.10289999772794545,True,4235.965650809835
ECC+ChaCha20,5000,3,4930,0.030399998649954796,0.13559999933931977,0.10119999933522195,True,4235.965650809835
ECC+ChaCha20,5000,3,4931,0.027900008717551827,0.12789999891538173,0.0985000078799203,True,4235.965650809835
ECC+ChaCha20,5000,3,4932,0.027299989596940577,0.12700000661425292,0.09800000407267362,True,4235.965650809835
ECC+ChaCha20,5000,3,4933,0.027699992642737925,0.12749999586958438,0.09889999637380242,True,4235.965650809835
ECC+ChaCha20,5000,3,4934,0.02720000338740647,0.12589999823831022,0.09709999721962959,True,4235.965650809835
ECC+ChaCha20,5000,3,4935,0.02689998655114323,0.12680000509135425,0.09760000102687627,True,4235.965650809835
ECC+ChaCha20,5000,3,4936,0.026999987312592566,0.12680000509135425,0.0985000078799203,True,4235.965650809835
ECC+ChaCha20,5000,3,4937,0.027300004148855805,0.12669998977798969,0.09770000178832561,True,4235.965650809835
ECC+ChaCha20,5000,3,4938,0.02680000034160912,0.1255000097444281,0.09800000407267362,True,4235.965650809835
ECC+ChaCha20,5000,3,4939,0.026900001103058457,0.12549999519251287,0.09790000331122428,True,4235.965650809835
ECC+ChaCha20,5000,3,4940,0.02710000262595713,0.1252999936696142,0.0973999995039776,True,4235.965650809835
ECC+ChaCha20,5000,3,4941,0.026599998818710446,0.12490000517573208,0.09809999028220773,True,4235.965650809835
ECC+ChaCha20,5000,3,4942,0.027099988074041903,0.12549999519251287,0.0973999995039776,True,4235.965650809835
ECC+ChaCha20,5000,3,4943,0.02680000034160912,0.12539999443106353,0.09709999721962959,True,4235.965650809835
ECC+ChaCha20,5000,3,4944,0.026599998818710446,0.1255999959539622,0.09729999874252826,True,4235.965650809835
ECC+ChaCha20,5000,3,4945,0.02649999805726111,0.1252999936696142,0.09689999569673091,True,4235.965650809835
ECC+ChaCha20,5000,3,4946,0.026900001103058457,0.13029998808633536,0.0973999995039776,True,4235.965650809835
ECC+ChaCha20,5000,3,4947,0.026900001103058457,0.1252999936696142,0.09760000102687627,True,4235.965650809835
ECC+ChaCha20,5000,3,4948,0.026699999580159783,0.12539999443106353,0.09750000026542693,True,4235.965650809835
ECC+ChaCha20,5000,3,4949,0.02649999805726111,0.12530000822152942,0.09660000796429813,True,4235.965650809835
ECC+ChaCha20,5000,3,4950,0.026900001103058457,0.12599999899975955,0.09750000026542693,True,4235.965650809835
ECC+ChaCha20,5000,3,4951,0.02680000034160912,0.1255999959539622,0.09750000026542693,True,4235.965650809835
ECC+ChaCha20,5000,3,4952,0.02710000262595713,0.1260999997612089,0.09719999798107892,True,4235.965650809835
ECC+ChaCha20,5000,3,4953,0.026599998818710446,0.12460000289138407,0.09719999798107892,True,4235.965650809835
ECC+ChaCha20,5000,3,4954,0.026599998818710446,0.12519999290816486,0.0973999995039776,True,4235.965650809835
ECC+ChaCha20,5000,3,4955,0.026400011847727,0.12460000289138407,0.09699999645818025,True,4235.965650809835
ECC+ChaCha20,5000,3,4956,0.026900001103058457,0.12579999747686088,0.09760000102687627,True,4235.965650809835
ECC+ChaCha20,5000,3,4957,0.02680000034160912,0.12499999138526618,0.09709999721962959,True,4235.965650809835
ECC+ChaCha20,5000,3,4958,0.026399997295811772,0.1252000074600801,0.09730001329444349,True,4235.965650809835
ECC+ChaCha20,5000,3,4959,0.02710000262595713,0.12519999290816486,0.09720001253299415,True,4235.965650809835
ECC+ChaCha20,5000,3,4960,0.026900001103058457,0.12490000517573208,0.09719999798107892,True,4235.965650809835
ECC+ChaCha20,5000,3,4961,0.02720000338740647,0.1264000020455569,0.09770000178832561,True,4235.965650809835
ECC+ChaCha20,5000,3,4962,0.026900001103058457,0.12680000509135425,0.09810000483412296,True,4235.965650809835
ECC+ChaCha20,5000,3,4963,0.027000001864507794,0.1260999997612089,0.09750000026542693,True,4235.965650809835
ECC+ChaCha20,5000,3,4964,0.026699999580159783,0.12539999443106353,0.09819999104365706,True,4235.965650809835
ECC+ChaCha20,5000,3,4965,0.026699999580159783,0.12499999138526618,0.09889999637380242,True,4235.965650809835
ECC+ChaCha20,5000,3,4966,0.026399997295811772,0.12430000060703605,0.09780000254977494,True,4235.965650809835
ECC+ChaCha20,5000,3,4967,0.026699999580159783,0.12549999519251287,0.09750000026542693,True,4235.965650809835
ECC+ChaCha20,5000,3,4968,0.05129999772179872,0.13419998867902905,0.1666999887675047,True,4235.965650809835
ECC+ChaCha20,5000,3,4969,0.03510000533424318,0.13839999155607074,0.10140000085812062,True,4235.965650809835
ECC+ChaCha20,5000,3,4970,0.02849999873433262,0.12859998969361186,0.09929999941959977,True,4235.965650809835
ECC+ChaCha20,5000,3,4971,0.027000001864507794,0.12630000128410757,0.09820000559557229,True,4235.965650809835
ECC+ChaCha20,5000,3,4972,0.027400004910305142,0.12599999899975955,0.09780000254977494,True,4235.965650809835
ECC+ChaCha20,5000,3,4973,0.027599991881288588,0.12540000898297876,0.09729999874252826,True,4235.965650809835
ECC+ChaCha20,5000,3,4974,0.02750000567175448,0.12760001118294895,0.09859999408945441,True,4235.965650809835
ECC+ChaCha20,5000,3,4975,0.02749999111983925,0.12660000356845558,0.09750000026542693,True,4235.965650809835
ECC+ChaCha20,5000,3,4976,0.02719998883549124,0.12599999899975955,0.09819999104365706,True,4235.965650809835
ECC+ChaCha20,5000,3,4977,0.02720000338740647,0.12579999747686088,0.09750000026542693,True,4235.965650809835
ECC+ChaCha20,5000,3,4978,0.027299989596940577,0.13309999485500157,0.09800000407267362,True,4235.965650809835
ECC+ChaCha20,5000,3,4979,0.02750000567175448,0.1260999997612089,0.09729999874252826,True,4235.965650809835
ECC+ChaCha20,5000,3,4980,0.026999987312592566,0.12650000280700624,0.09840000711847097,True,4235.965650809835
ECC+ChaCha20,5000,3,4981,0.02719998883549124,0.12540000898297876,0.09729999874252826,True,4235.965650809835
ECC+ChaCha20,5000,3,4982,0.02720000338740647,0.12769999739248306,0.09830000635702163,True,4235.965650809835
ECC+ChaCha20,5000,3,4983,0.02749999111983925,0.12650000280700624,0.0985000078799203,True,4235.965650809835
ECC+ChaCha20,5000,3,4984,0.02720000338740647,0.126499988255091,0.0982999918051064,True,4235.965650809835
ECC+ChaCha20,5000,3,4985,0.026699999580159783,0.1252000074600801,0.09750000026542693,True,4235.965650809835
ECC+ChaCha20,5000,3,4986,0.026599998818710446,0.12700000661425292,0.0973999995039776,True,4235.965650809835
ECC+ChaCha20,5000,3,4987,0.02680000034160912,0.12589999823831022,0.09800000407267362,True,4235.965650809835
ECC+ChaCha20,5000,3,4988,0.027400004910305142,0.12719999358523637,0.09879999561235309,True,4235.965650809835
ECC+ChaCha20,5000,3,4989,0.026699999580159783,0.12510000669863075,0.0973999995039776,True,4235.965650809835
ECC+ChaCha20,5000,3,4990,0.026900001103058457,0.12589999823831022,0.09790000331122428,True,4235.965650809835
ECC+ChaCha20,5000,3,4991,0.026900001103058457,0.12660000356845558,0.09699999645818025,True,4235.965650809835
ECC+ChaCha20,5000,3,4992,0.02720000338740647,0.12680000509135425,0.0973999995039776,True,4235.965650809835
ECC+ChaCha20,5000,3,4993,0.027699992642737925,0.12670000432990491,0.0973999995039776,True,4235.965650809835
ECC+ChaCha20,5000,3,4994,0.027300004148855805,0.12539999443106353,0.09819999104365706,True,4235.965650809835
ECC+ChaCha20,5000,3,4995,0.026599998818710446,0.12519999290816486,0.09770000178832561,True,4235.965650809835
ECC+ChaCha20,5000,3,4996,0.026900001103058457,0.1252999936696142,0.09750000026542693,True,4235.965650809835
ECC+ChaCha20,5000,3,4997,0.026900001103058457,0.12560001050587744,0.09709999721962959,True,4235.965650809835
ECC+ChaCha20,5000,3,4998,0.026699999580159783,0.12509999214671552,0.09709999721962959,True,4235.965650809835
ECC+ChaCha20,5000,3,4999,0.02720000338740647,0.12620000052265823,0.09810000483412296,True,4235.965650809835
ECC+ChaCha20,5000,3,5000,0.02750000567175448,0.12719999358523637,0.09780000254977494,True,4235.965650809835
