scheme,volume,repetition,transaction_id,key_gen_time,encryption_time,decryption_time,integrity_verified,throughput
RSA+AES-256,1000,1,1,706.179599997995,23.20730000064941,3.1865999990259297,True,272.7661543074061
RSA+AES-256,1000,1,2,1433.2275000051595,0.7352000029641204,3.019599993422162,True,272.7661543074061
RSA+AES-256,1000,1,3,98.77080000296701,0.6327000010060146,3.0573000040021725,True,272.7661543074061
RSA+AES-256,1000,1,4,525.6055999998352,0.6551999977091327,2.914799995778594,True,272.7661543074061
RSA+AES-256,1000,1,5,320.4706999968039,0.6175000016810372,2.953800001705531,True,272.7661543074061
RSA+AES-256,1000,1,6,1370.039600005839,0.6827000033808872,3.002199999173172,True,272.7661543074061
RSA+AES-256,1000,1,7,372.76619999465765,0.6539999958476983,2.9789999971399084,True,272.7661543074061
RSA+AES-256,1000,1,8,601.5850000039791,0.6737000003340654,2.986100000271108,True,272.7661543074061
RSA+AES-256,1000,1,9,1589.7598000010476,0.6811999992351048,3.2800999979372136,True,272.7661543074061
RSA+AES-256,1000,1,10,731.1562000031699,0.6536000000778586,2.939800004241988,True,272.7661543074061
RSA+AES-256,1000,1,11,978.815599999507,0.6601999994018115,3.0262000000220723,True,272.7661543074061
RSA+AES-256,1000,1,12,1339.334799995413,0.6703999970341101,2.9738000012002885,True,272.7661543074061
RSA+AES-256,1000,1,13,274.96249999967404,0.7432999991578981,3.031200001714751,True,272.7661543074061
RSA+AES-256,1000,1,14,632.1081999994931,0.7150000019464642,3.064199998334516,True,272.7661543074061
RSA+AES-256,1000,1,15,461.20410000003176,0.6579999972018413,2.998299998580478,True,272.7661543074061
RSA+AES-256,1000,1,16,1805.9470000007423,0.6643000015174039,2.87910000042757,True,272.7661543074061
RSA+AES-256,1000,1,17,791.2129000033019,0.6673000025330111,2.889600000344217,True,272.7661543074061
RSA+AES-256,1000,1,18,1886.6258999987622,0.6840999994892627,3.005599995958619,True,272.7661543074061
RSA+AES-256,1000,1,19,915.7003000000259,0.6375999946612865,2.9451000009430572,True,272.7661543074061
RSA+AES-256,1000,1,20,1093.8306999960332,0.6600999986403622,2.9107000009389594,True,272.7661543074061
RSA+AES-256,1000,1,21,779.8933000012767,0.7313999958569184,3.0126000056043267,True,272.7661543074061
RSA+AES-256,1000,1,22,1438.4812999996939,0.6810999984736554,2.9308000011951663,True,272.7661543074061
RSA+AES-256,1000,1,23,614.6105000007083,0.6550999969476834,2.9110000032233074,True,272.7661543074061
RSA+AES-256,1000,1,24,602.6264000029187,0.6513999978778884,2.8982000003452413,True,272.7661543074061
RSA+AES-256,1000,1,25,809.7845999946003,0.6455999973695725,3.0060999997658655,True,272.7661543074061
RSA+AES-256,1000,1,26,659.1168000013568,0.7105000040610321,2.98320000001695,True,272.7661543074061
RSA+AES-256,1000,1,27,1366.6352000000188,0.6656000041402876,2.935000004072208,True,272.7661543074061
RSA+AES-256,1000,1,28,1296.6572000004817,0.8199000003514811,3.1846999991103075,True,272.7661543074061
RSA+AES-256,1000,1,29,238.282899998012,0.6015999970259145,2.8972000000067055,True,272.7661543074061
RSA+AES-256,1000,1,30,1182.828700002574,0.8760999990045093,3.0277999976533465,True,272.7661543074061
RSA+AES-256,1000,1,31,414.8371999981464,0.6763999990653247,2.893299999414012,True,272.7661543074061
RSA+AES-256,1000,1,32,708.4281999996165,0.687899999320507,2.9990000039106235,True,272.7661543074061
RSA+AES-256,1000,1,33,392.68239999364596,0.61450000066543,2.96429999434622,True,272.7661543074061
RSA+AES-256,1000,1,34,838.7548999962746,0.6697999997413717,2.904799999669194,True,272.7661543074061
RSA+AES-256,1000,1,35,273.6014000038267,0.6518999944091775,2.980199999001343,True,272.7661543074061
RSA+AES-256,1000,1,36,962.3473999963608,0.6209999992279336,3.0255000019678846,True,272.7661543074061
RSA+AES-256,1000,1,37,1228.160900005605,0.6797000023652799,2.9433000017888844,True,272.7661543074061
RSA+AES-256,1000,1,38,394.68549999583047,0.7120000009308569,3.0270999995991588,True,272.7661543074061
RSA+AES-256,1000,1,39,233.61999999906402,0.6199999988893978,2.941900005680509,True,272.7661543074061
RSA+AES-256,1000,1,40,529.0992000009282,0.6141000048955902,3.009400003065821,True,272.7661543074061
RSA+AES-256,1000,1,41,1549.392799999623,0.6635999961872585,2.8773000012733974,True,272.7661543074061
RSA+AES-256,1000,1,42,494.5115000009537,0.702800003637094,2.9018000059295446,True,272.7661543074061
RSA+AES-256,1000,1,43,313.2581999961985,0.6578000029549003,2.927000001363922,True,272.7661543074061
RSA+AES-256,1000,1,44,371.0868999987724,0.6351999982143752,2.9321999973035417,True,272.7661543074061
RSA+AES-256,1000,1,45,258.1895999974222,0.6192000000737607,2.9358999963733368,True,272.7661543074061
RSA+AES-256,1000,1,46,566.5957000019262,0.6551999977091327,2.8874000054202043,True,272.7661543074061
RSA+AES-256,1000,1,47,2332.5445000009495,0.6897999992361292,2.9524999990826473,True,272.7661543074061
RSA+AES-256,1000,1,48,861.831299996993,0.6930999952601269,3.237100005208049,True,272.7661543074061
RSA+AES-256,1000,1,49,651.3725999975577,0.6640000065090135,2.918199999839999,True,272.7661543074061
RSA+AES-256,1000,1,50,584.5971000017016,0.726799997210037,3.036699999938719,True,272.7661543074061
RSA+AES-256,1000,1,51,547.6389000032214,0.6638000049861148,2.884100002120249,True,272.7661543074061
RSA+AES-256,1000,1,52,1257.4851999961538,0.6750000029569492,2.9132999989087693,True,272.7661543074061
RSA+AES-256,1000,1,53,1831.7410000017844,0.6510000021080486,2.8594000032171607,True,272.7661543074061
RSA+AES-256,1000,1,54,217.67019999970216,0.6926000060047954,3.060400005779229,True,272.7661543074061
RSA+AES-256,1000,1,55,1916.3625000001048,0.7012999994913116,3.034999994270038,True,272.7661543074061
RSA+AES-256,1000,1,56,577.7089000039268,0.6569999968633056,2.903900000092108,True,272.7661543074061
RSA+AES-256,1000,1,57,2145.639599999413,0.672800000756979,3.2290999952238053,True,272.7661543074061
RSA+AES-256,1000,1,58,361.82620000181487,0.6313999983831309,2.924299995356705,True,272.7661543074061
RSA+AES-256,1000,1,59,916.6029999978491,0.6848999983048998,2.9599999979836866,True,272.7661543074061
RSA+AES-256,1000,1,60,222.22480000345968,0.5887000006623566,2.884599998651538,True,272.7661543074061
RSA+AES-256,1000,1,61,1028.2761000053142,0.6088000009185635,2.995599999849219,True,272.7661543074061
RSA+AES-256,1000,1,62,471.285399995395,0.6967999943299219,3.1087999959709123,True,272.7661543074061
RSA+AES-256,1000,1,63,323.82289999804925,0.6274000043049455,3.002600002218969,True,272.7661543074061
RSA+AES-256,1000,1,64,296.8908000038937,0.6416000032913871,2.999299998919014,True,272.7661543074061
RSA+AES-256,1000,1,65,137.19380000111414,0.6345000001601875,2.9350999975576997,True,272.7661543074061
RSA+AES-256,1000,1,66,879.6277000001282,0.6557000015163794,2.8986000033910386,True,272.7661543074061
RSA+AES-256,1000,1,67,1090.8230999993975,0.6852000005892478,2.9972999982419424,True,272.7661543074061
RSA+AES-256,1000,1,68,917.7566000071238,1.1471000034362078,3.0467999968095683,True,272.7661543074061
RSA+AES-256,1000,1,69,291.00109999853885,0.7240999984787777,3.0009999973117374,True,272.7661543074061
RSA+AES-256,1000,1,70,199.49439999618335,0.6246999982977286,3.032000000530388,True,272.7661543074061
RSA+AES-256,1000,1,71,371.97820000437787,0.687700005073566,2.948300003481563,True,272.7661543074061
RSA+AES-256,1000,1,72,522.8171999988263,0.6779999966965988,2.983999998832587,True,272.7661543074061
RSA+AES-256,1000,1,73,602.4065000019618,0.6796000016038306,2.9159999976400286,True,272.7661543074061
RSA+AES-256,1000,1,74,671.4913999967393,0.69449999864446,2.9395999954431318,True,272.7661543074061
RSA+AES-256,1000,1,75,275.92169999843463,0.6797000023652799,2.932600000349339,True,272.7661543074061
RSA+AES-256,1000,1,76,753.0578000005335,0.5907000013394281,2.8703000061796047,True,272.7661543074061
RSA+AES-256,1000,1,77,211.41449999413453,0.6934000048204325,2.995900002133567,True,272.7661543074061
RSA+AES-256,1000,1,78,801.5926999942167,0.6815000015194528,2.897099999245256,True,272.7661543074061
RSA+AES-256,1000,1,79,385.1732000039192,0.6935999990673736,2.94430000212742,True,272.7661543074061
RSA+AES-256,1000,1,80,489.6643999963999,0.6810999984736554,3.1919000030029565,True,272.7661543074061
RSA+AES-256,1000,1,81,170.2612999943085,0.6057999999029562,2.948699999251403,True,272.7661543074061
RSA+AES-256,1000,1,82,1276.8970999968587,0.6387000030372292,3.0721999937668443,True,272.7661543074061
RSA+AES-256,1000,1,83,604.4478000039817,0.6840999994892627,2.9858999987482093,True,272.7661543074061
RSA+AES-256,1000,1,84,1401.5110999971512,0.6723999977111816,3.096400003414601,True,272.7661543074061
RSA+AES-256,1000,1,85,219.25399999599904,0.6341999978758395,2.906599998823367,True,272.7661543074061
RSA+AES-256,1000,1,86,288.77120000106515,0.6083999978727661,2.8671999971265905,True,272.7661543074061
RSA+AES-256,1000,1,87,62.564100000599865,0.5717000021832064,2.8829000002588145,True,272.7661543074061
RSA+AES-256,1000,1,88,88.97930000239285,0.6122999984654598,2.953300005174242,True,272.7661543074061
RSA+AES-256,1000,1,89,254.7926000042935,0.6673000025330111,2.982700003485661,True,272.7661543074061
RSA+AES-256,1000,1,90,180.73220000223955,0.6003999951644801,2.938899997388944,True,272.7661543074061
RSA+AES-256,1000,1,91,488.85400000290247,0.6846999967820011,2.8678000016952865,True,272.7661543074061
RSA+AES-256,1000,1,92,606.355199997779,0.7113000028766692,2.9607999967993237,True,272.7661543074061
RSA+AES-256,1000,1,93,718.7711000005947,0.647900000330992,2.8736000022036023,True,272.7661543074061
RSA+AES-256,1000,1,94,358.245800001896,0.625400003627874,3.070099999604281,True,272.7661543074061
RSA+AES-256,1000,1,95,475.6744999976945,0.6305999995674938,3.061200004594866,True,272.7661543074061
RSA+AES-256,1000,1,96,1128.7193000025582,0.6730000022798777,2.9555000000982545,True,272.7661543074061
RSA+AES-256,1000,1,97,279.2928000053507,0.6592999998247251,2.885299996705726,True,272.7661543074061
RSA+AES-256,1000,1,98,427.5636000020313,0.6594000005861744,3.01949999993667,True,272.7661543074061
RSA+AES-256,1000,1,99,761.4734000017052,0.6734999988111667,3.0133000036585145,True,272.7661543074061
RSA+AES-256,1000,1,100,711.7776000013691,0.9905999977490865,4.109400004381314,True,272.7661543074061
RSA+AES-256,1000,1,101,1177.027999998245,0.668799999402836,2.8686000005109236,True,272.7661543074061
RSA+AES-256,1000,1,102,556.5197999967495,0.6542000046465546,2.889700001105666,True,272.7661543074061
RSA+AES-256,1000,1,103,635.169200002565,0.6491999956779182,2.861300003132783,True,272.7661543074061
RSA+AES-256,1000,1,104,583.5329000037746,0.6892000019433908,2.885899993998464,True,272.7661543074061
RSA+AES-256,1000,1,105,1452.7882999973372,0.6619999985559843,2.8767999974661507,True,272.7661543074061
RSA+AES-256,1000,1,106,456.24140000290936,0.7008999964455143,2.9280000017024577,True,272.7661543074061
RSA+AES-256,1000,1,107,1586.815700000443,0.6747000006726012,2.947200002381578,True,272.7661543074061
RSA+AES-256,1000,1,108,236.93289999937406,0.6569000033778138,3.001699995365925,True,272.7661543074061
RSA+AES-256,1000,1,109,901.7428000006475,0.6595000013476238,2.922200001194142,True,272.7661543074061
RSA+AES-256,1000,1,110,472.6248000006308,0.6958000012673438,2.9158000033930875,True,272.7661543074061
RSA+AES-256,1000,1,111,1948.0503000013414,0.6846000032965094,2.954600000521168,True,272.7661543074061
RSA+AES-256,1000,1,112,360.7332999963546,0.6487999999080785,2.8821000014431775,True,272.7661543074061
RSA+AES-256,1000,1,113,733.2747999971616,0.680199998896569,2.9837999973096885,True,272.7661543074061
RSA+AES-256,1000,1,114,291.1296999955084,0.6633999946643598,2.9130999973858707,True,272.7661543074061
RSA+AES-256,1000,1,115,1602.0075999986148,0.6176999959279783,2.982099998916965,True,272.7661543074061
RSA+AES-256,1000,1,116,776.9971000016085,0.6840999994892627,2.8978000045754015,True,272.7661543074061
RSA+AES-256,1000,1,117,731.419099996856,0.6642000007559545,2.9636999970534816,True,272.7661543074061
RSA+AES-256,1000,1,118,154.33109999867156,0.6727999934810214,3.160699998261407,True,272.7661543074061
RSA+AES-256,1000,1,119,270.76369999849703,0.672800000756979,2.986599996802397,True,272.7661543074061
RSA+AES-256,1000,1,120,335.8736999944085,0.6717999931424856,2.9454000032274053,True,272.7661543074061
RSA+AES-256,1000,1,121,329.3291000009049,0.6313999983831309,2.9495999988284893,True,272.7661543074061
RSA+AES-256,1000,1,122,636.9601000042167,0.6930000017746352,3.1463000050280243,True,272.7661543074061
RSA+AES-256,1000,1,123,1629.8189000008279,0.6263000032049604,2.9759000026388094,True,272.7661543074061
RSA+AES-256,1000,1,124,610.9679000001051,0.6629999988945201,2.905999994254671,True,272.7661543074061
RSA+AES-256,1000,1,125,294.8333999956958,0.6260000009206124,3.028699997230433,True,272.7661543074061
RSA+AES-256,1000,1,126,575.5318000010448,0.6969000023673289,2.8920000040670857,True,272.7661543074061
RSA+AES-256,1000,1,127,492.41230000188807,0.6829999983892776,2.9211000000941567,True,272.7661543074061
RSA+AES-256,1000,1,128,860.0752999991528,0.6719000011798926,2.961899997899309,True,272.7661543074061
RSA+AES-256,1000,1,129,937.3025999957463,0.6804000004194677,2.962999998999294,True,272.7661543074061
RSA+AES-256,1000,1,130,1409.0281000026152,0.7362999967881478,2.975000003061723,True,272.7661543074061
RSA+AES-256,1000,1,131,874.1653000033693,0.6632000004174188,2.9738999946857803,True,272.7661543074061
RSA+AES-256,1000,1,132,569.8180000035791,0.6561999980476685,2.904000000853557,True,272.7661543074061
RSA+AES-256,1000,1,133,778.6026999965543,0.7075000030454248,2.998600000864826,True,272.7661543074061
RSA+AES-256,1000,1,134,289.42810000444297,0.6888999996590428,2.8839000005973503,True,272.7661543074061
RSA+AES-256,1000,1,135,209.0721000058693,0.6121999977040105,2.9712999967159703,True,272.7661543074061
RSA+AES-256,1000,1,136,428.9797000019462,0.6589999975403771,2.9023000024608336,True,272.7661543074061
RSA+AES-256,1000,1,137,1240.5234999969252,0.7244000007631257,2.960899997560773,True,272.7661543074061
RSA+AES-256,1000,1,138,659.0585999947507,0.6936999998288229,2.9444000028888695,True,272.7661543074061
RSA+AES-256,1000,1,139,258.21780000114813,0.6472000022768043,2.9487000065273605,True,272.7661543074061
RSA+AES-256,1000,1,140,778.2595000026049,0.6881999943288974,2.9869999998481944,True,272.7661543074061
RSA+AES-256,1000,1,141,670.0043999953778,0.6950000024517067,3.0225000009522773,True,272.7661543074061
RSA+AES-256,1000,1,142,631.1258999994607,0.7251999995787628,3.020999996806495,True,272.7661543074061
RSA+AES-256,1000,1,143,969.3819000021904,0.6858999986434355,2.8916000010212883,True,272.7661543074061
RSA+AES-256,1000,1,144,53.895699995337054,0.5732999998144805,2.8796999977203086,True,272.7661543074061
RSA+AES-256,1000,1,145,904.8182000042289,0.6596999955945648,2.9399000050034374,True,272.7661543074061
RSA+AES-256,1000,1,146,1817.8693000008934,0.6998999961069785,2.968599997984711,True,272.7661543074061
RSA+AES-256,1000,1,147,940.763300000981,0.6899999934830703,3.067800003918819,True,272.7661543074061
RSA+AES-256,1000,1,148,486.83429999800865,0.657599994156044,2.898899998399429,True,272.7661543074061
RSA+AES-256,1000,1,149,371.6216999964672,0.6768999955966137,2.9309000019566156,True,272.7661543074061
RSA+AES-256,1000,1,150,726.368800002092,0.6836999964434654,2.9063999973004684,True,272.7661543074061
RSA+AES-256,1000,1,151,1059.8575999974855,0.6337000013445504,3.066400000534486,True,272.7661543074061
RSA+AES-256,1000,1,152,1179.0900000050897,0.6712999966111965,2.922399995441083,True,272.7661543074061
RSA+AES-256,1000,1,153,401.9330000010086,0.6563999995705672,2.890700001444202,True,272.7661543074061
RSA+AES-256,1000,1,154,630.0647000025492,0.7364999983110465,3.063500000280328,True,272.7661543074061
RSA+AES-256,1000,1,155,132.18789999518776,0.6036999984644353,2.951599999505561,True,272.7661543074061
RSA+AES-256,1000,1,156,275.4058000064106,0.6906999988132156,2.998100004333537,True,272.7661543074061
RSA+AES-256,1000,1,157,408.32850000151666,0.6315999999060296,2.962999998999294,True,272.7661543074061
RSA+AES-256,1000,1,158,145.0567000065348,0.6209999992279336,2.930399998149369,True,272.7661543074061
RSA+AES-256,1000,1,159,212.91159999964293,0.6554999999934807,2.936799995950423,True,272.7661543074061
RSA+AES-256,1000,1,160,613.5808000035468,0.6170999986352399,2.947500004665926,True,272.7661543074061
RSA+AES-256,1000,1,161,289.9507000038284,0.6490000014309771,2.872899996873457,True,272.7661543074061
RSA+AES-256,1000,1,162,737.3270000025514,0.6676999983028509,2.909300004830584,True,272.7661543074061
RSA+AES-256,1000,1,163,797.556599995005,0.669100001687184,2.991100001963787,True,272.7661543074061
RSA+AES-256,1000,1,164,644.9562999987393,0.651100002869498,3.7937000015517697,True,272.7661543074061
RSA+AES-256,1000,1,165,98.0758000005153,0.6380999984685332,2.9639999993378296,True,272.7661543074061
RSA+AES-256,1000,1,166,578.5716000027605,0.6680000005871989,2.9974000062793493,True,272.7661543074061
RSA+AES-256,1000,1,167,890.6840999989072,0.6909000003361143,3.017900002305396,True,272.7661543074061
RSA+AES-256,1000,1,168,292.2963000019081,0.6828000041423365,3.0255000019678846,True,272.7661543074061
RSA+AES-256,1000,1,169,202.87300000200048,0.625900000159163,2.9906999989179894,True,272.7661543074061
RSA+AES-256,1000,1,170,1006.6643999962253,0.6553999992320314,2.9417000041576102,True,272.7661543074061
RSA+AES-256,1000,1,171,517.1272999941721,0.6958999947528355,2.999799995450303,True,272.7661543074061
RSA+AES-256,1000,1,172,1130.4461999970954,0.6762999983038753,2.9962999979034066,True,272.7661543074061
RSA+AES-256,1000,1,173,255.05339999654097,0.679899996612221,2.9371999989962205,True,272.7661543074061
RSA+AES-256,1000,1,174,445.018300000811,0.6826999961049296,3.0423999996855855,True,272.7661543074061
RSA+AES-256,1000,1,175,531.4132000057725,0.6607999966945499,2.9328000018722378,True,272.7661543074061
RSA+AES-256,1000,1,176,597.3168999989866,0.6730000022798777,2.9746999935014173,True,272.7661543074061
RSA+AES-256,1000,1,177,1175.1043999975082,0.6676999983028509,2.9578999965451658,True,272.7661543074061
RSA+AES-256,1000,1,178,1307.8658999947947,1.4346000025398098,3.391900005226489,True,272.7661543074061
RSA+AES-256,1000,1,179,176.47829999623355,0.6529000020236708,2.9768999957013875,True,272.7661543074061
RSA+AES-256,1000,1,180,1233.7037999968743,1.0640000036801212,4.45179999951506,True,272.7661543074061
RSA+AES-256,1000,1,181,362.0937999949092,0.6720000019413419,2.9634000020450912,True,272.7661543074061
RSA+AES-256,1000,1,182,1500.1075999971363,0.6729000015184283,3.2737000001361594,True,272.7661543074061
RSA+AES-256,1000,1,183,1654.09560000262,0.679599994327873,2.9638999985763803,True,272.7661543074061
RSA+AES-256,1000,1,184,460.2997000038158,0.6557000015163794,2.886000002035871,True,272.7661543074061
RSA+AES-256,1000,1,185,396.94730000337586,0.687400002789218,2.988900007039774,True,272.7661543074061
RSA+AES-256,1000,1,186,819.2924999966635,0.6732000038027763,2.9466999985743314,True,272.7661543074061
RSA+AES-256,1000,1,187,675.4021999950055,0.6809999977122061,3.050500003155321,True,272.7661543074061
RSA+AES-256,1000,1,188,823.0161000028602,0.6993999995756894,2.9005999967921525,True,272.7661543074061
RSA+AES-256,1000,1,189,330.8803000036278,0.6454999966081232,2.9065000053378753,True,272.7661543074061
RSA+AES-256,1000,1,190,819.4025999982841,0.6524999989778735,2.8938000032212585,True,272.7661543074061
RSA+AES-256,1000,1,191,302.32779999641934,0.6605000016861595,2.897499995015096,True,272.7661543074061
RSA+AES-256,1000,1,192,652.5629000025219,0.6519000016851351,2.888799994252622,True,272.7661543074061
RSA+AES-256,1000,1,193,336.2027000039234,0.6772999986424111,2.9582000061054714,True,272.7661543074061
RSA+AES-256,1000,1,194,787.9272999998648,0.6962000043131411,3.091900005529169,True,272.7661543074061
RSA+AES-256,1000,1,195,887.7161999989767,0.6546000004163943,2.8988000049139373,True,272.7661543074061
RSA+AES-256,1000,1,196,557.3586000027717,0.7089999999152496,2.9678999999305233,True,272.7661543074061
RSA+AES-256,1000,1,197,585.8111999987159,0.6254999971133657,2.8781000000890344,True,272.7661543074061
RSA+AES-256,1000,1,198,379.5213999983389,0.6932000032975338,3.0409999963012524,True,272.7661543074061
RSA+AES-256,1000,1,199,441.86359999730485,0.6772999986424111,2.883300003304612,True,272.7661543074061
RSA+AES-256,1000,1,200,1081.325499995728,0.658800003293436,2.908099995693192,True,272.7661543074061
RSA+AES-256,1000,1,201,215.17869999661343,0.7001999983913265,3.2253000026685186,True,272.7661543074061
RSA+AES-256,1000,1,202,1417.3968000031891,0.7244000007631257,3.0192000049282797,True,272.7661543074061
RSA+AES-256,1000,1,203,1106.6327000007732,0.7040999989840202,3.0482000001939014,True,272.7661543074061
RSA+AES-256,1000,1,204,618.6416999989888,0.6687000059173442,3.0072000008658506,True,272.7661543074061
RSA+AES-256,1000,1,205,360.1423000000068,0.6827000033808872,2.9599999979836866,True,272.7661543074061
RSA+AES-256,1000,1,206,357.01960000005784,0.6286999996518716,2.885200003220234,True,272.7661543074061
RSA+AES-256,1000,1,207,569.4886000055703,0.676199997542426,2.918600002885796,True,272.7661543074061
RSA+AES-256,1000,1,208,331.31219999631867,0.6124999999883585,2.858100000594277,True,272.7661543074061
RSA+AES-256,1000,1,209,1288.926300003368,0.6925999987288378,3.016800001205411,True,272.7661543074061
RSA+AES-256,1000,1,210,600.3243999948609,0.6670000002486631,2.976600000692997,True,272.7661543074061
RSA+AES-256,1000,1,211,691.7153000031249,0.6850999998277985,2.9845999961253256,True,272.7661543074061
RSA+AES-256,1000,1,212,354.548800001794,0.6693999966955744,2.9471000016201288,True,272.7661543074061
RSA+AES-256,1000,1,213,99.02990000409773,0.6406000029528514,2.9749999957857653,True,272.7661543074061
RSA+AES-256,1000,1,214,462.148899998283,0.6649000060860999,2.964899998914916,True,272.7661543074061
RSA+AES-256,1000,1,215,195.42319999891333,0.6097000004956499,2.8613999966182746,True,272.7661543074061
RSA+AES-256,1000,1,216,743.113299999095,0.6899999934830703,2.994900001795031,True,272.7661543074061
RSA+AES-256,1000,1,217,442.1222000019043,0.6895999977132306,2.9251999949337915,True,272.7661543074061
RSA+AES-256,1000,1,218,313.24100000347244,0.6336000005831011,2.8928999963682145,True,272.7661543074061
RSA+AES-256,1000,1,219,1499.1978999969433,0.6708000000799075,2.9646000039065257,True,272.7661543074061
RSA+AES-256,1000,1,220,1185.8932000031928,0.6540000031236559,2.85539999458706,True,272.7661543074061
RSA+AES-256,1000,1,221,298.1175000022631,0.6503999975393526,2.96840000373777,True,272.7661543074061
RSA+AES-256,1000,1,222,930.6106000003638,0.6671000010101125,2.9559999966295436,True,272.7661543074061
RSA+AES-256,1000,1,223,301.9798000023002,0.666200001433026,2.8836999990744516,True,272.7661543074061
RSA+AES-256,1000,1,224,1512.7356999946642,0.6495999987237155,2.8736000022036023,True,272.7661543074061
RSA+AES-256,1000,1,225,209.36300000175834,0.6158999967738055,2.9911999954492785,True,272.7661543074061
RSA+AES-256,1000,1,226,101.86200000316603,0.6745999999111518,3.0060999997658655,True,272.7661543074061
RSA+AES-256,1000,1,227,827.6676999957999,0.6730000022798777,2.9893999962951057,True,272.7661543074061
RSA+AES-256,1000,1,228,425.59669999900507,0.6737000003340654,3.049599996302277,True,272.7661543074061
RSA+AES-256,1000,1,229,426.17430000245804,0.6659999999101274,2.996899995196145,True,272.7661543074061
RSA+AES-256,1000,1,230,428.01589999726275,0.7112999956007116,2.8880000027129427,True,272.7661543074061
RSA+AES-256,1000,1,231,1132.3628999962239,0.655400006507989,3.4369999993941747,True,272.7661543074061
RSA+AES-256,1000,1,232,747.2235999957775,0.6064999979571439,2.9680000006919727,True,272.7661543074061
RSA+AES-256,1000,1,233,532.9408999969019,0.6780000039725564,3.048099999432452,True,272.7661543074061
RSA+AES-256,1000,1,234,339.09780000249157,0.6741999968653545,2.8972000000067055,True,272.7661543074061
RSA+AES-256,1000,1,235,1437.4039999966044,0.6592999998247251,2.936500000942033,True,272.7661543074061
RSA+AES-256,1000,1,236,668.178199994145,0.625900000159163,3.0033999937586486,True,272.7661543074061
RSA+AES-256,1000,1,237,425.0315000026603,0.6308000010903925,2.976299998408649,True,272.7661543074061
RSA+AES-256,1000,1,238,875.7002999991528,0.6849999990663491,2.9661000007763505,True,272.7661543074061
RSA+AES-256,1000,1,239,1897.2766000006231,0.6149000037112273,3.012900000612717,True,272.7661543074061
RSA+AES-256,1000,1,240,87.92959999846062,0.7907999970484525,2.9341999979806133,True,272.7661543074061
RSA+AES-256,1000,1,241,154.8467000029632,0.5814999967697076,2.8545000022859313,True,272.7661543074061
RSA+AES-256,1000,1,242,133.73500000307104,0.6367000023601577,2.9416999968816526,True,272.7661543074061
RSA+AES-256,1000,1,243,273.3340000049793,0.6547000011778437,2.951599999505561,True,272.7661543074061
RSA+AES-256,1000,1,244,1487.453399997321,0.6528999947477132,2.892600001359824,True,272.7661543074061
RSA+AES-256,1000,1,245,1154.779000004055,0.6866999974590726,2.9834999950253405,True,272.7661543074061
RSA+AES-256,1000,1,246,144.2763000013656,0.6073000040487386,2.8939999974681996,True,272.7661543074061
RSA+AES-256,1000,1,247,629.788300000655,0.7539999933214858,2.959100005682558,True,272.7661543074061
RSA+AES-256,1000,1,248,149.64830000099028,0.6367000023601577,2.870600001187995,True,272.7661543074061
RSA+AES-256,1000,1,249,839.9738999942201,0.6802999996580184,3.024199999345001,True,272.7661543074061
RSA+AES-256,1000,1,250,163.04390000004787,0.6672999952570535,2.9661000007763505,True,272.7661543074061
RSA+AES-256,1000,1,251,636.1154999976861,0.6221999938134104,2.9968000017106533,True,272.7661543074061
RSA+AES-256,1000,1,252,187.82020000071498,0.6136000010883436,2.9015999971306883,True,272.7661543074061
RSA+AES-256,1000,1,253,2218.2964000021457,0.6687000059173442,3.0102999953669496,True,272.7661543074061
RSA+AES-256,1000,1,254,357.4380999998539,0.6485000048996881,2.8987999976379797,True,272.7661543074061
RSA+AES-256,1000,1,255,1463.1466999999247,0.6674000032944605,3.027800004929304,True,272.7661543074061
RSA+AES-256,1000,1,256,321.173500000441,0.6106000000727363,3.004400001373142,True,272.7661543074061
RSA+AES-256,1000,1,257,766.0619000016595,0.6779000032111071,2.9132000054232776,True,272.7661543074061
RSA+AES-256,1000,1,258,562.6553999973112,0.7086999976309016,2.984200000355486,True,272.7661543074061
RSA+AES-256,1000,1,259,1375.6435999966925,0.6887999988975935,2.9830999992555007,True,272.7661543074061
RSA+AES-256,1000,1,260,1234.0574000045308,0.6698000070173293,3.853299996990245,True,272.7661543074061
RSA+AES-256,1000,1,261,83.49919999454869,0.586200003453996,2.9413999945973046,True,272.7661543074061
RSA+AES-256,1000,1,262,606.604000000516,0.6745999999111518,2.9451000009430572,True,272.7661543074061
RSA+AES-256,1000,1,263,194.30339999962598,0.6710000016028062,3.0115000045043416,True,272.7661543074061
RSA+AES-256,1000,1,264,217.62830000079703,0.6534000058309175,2.9691000017919578,True,272.7661543074061
RSA+AES-256,1000,1,265,447.72440000087954,0.6850999998277985,3.049200000532437,True,272.7661543074061
RSA+AES-256,1000,1,266,588.1724999999278,0.6198000046424568,3.023000004759524,True,272.7661543074061
RSA+AES-256,1000,1,267,458.03069999965373,0.672800000756979,2.939699996204581,True,272.7661543074061
RSA+AES-256,1000,1,268,1888.063799997326,0.6673999960185029,2.9330000033951364,True,272.7661543074061
RSA+AES-256,1000,1,269,223.329599997669,0.662000005831942,2.9529999956139363,True,272.7661543074061
RSA+AES-256,1000,1,270,1289.076799999748,0.6600000051548705,2.8806999980588444,True,272.7661543074061
RSA+AES-256,1000,1,271,415.8596999986912,0.6060000014258549,2.9241999945952557,True,272.7661543074061
RSA+AES-256,1000,1,272,896.9313999987207,0.686499995936174,2.9667999988305382,True,272.7661543074061
RSA+AES-256,1000,1,273,170.34359999524895,0.5971999999019317,2.9187000036472455,True,272.7661543074061
RSA+AES-256,1000,1,274,191.21540000196546,0.7804999986547045,3.027999999176245,True,272.7661543074061
RSA+AES-256,1000,1,275,1051.599400001578,0.6811999992351048,3.1373999954666942,True,272.7661543074061
RSA+AES-256,1000,1,276,1065.6369999996969,0.6827000033808872,2.9910000012023374,True,272.7661543074061
RSA+AES-256,1000,1,277,244.44899999798508,0.6436000039684586,2.9225999969639815,True,272.7661543074061
RSA+AES-256,1000,1,278,228.01430000254186,0.5883000048925169,2.966699998069089,True,272.7661543074061
RSA+AES-256,1000,1,279,293.20480000023963,0.6164000005810522,2.9869999998481944,True,272.7661543074061
RSA+AES-256,1000,1,280,297.5443000032101,0.7025999948382378,3.1553000007988885,True,272.7661543074061
RSA+AES-256,1000,1,281,482.1192000017618,0.8019000015337951,3.0112000022199936,True,272.7661543074061
RSA+AES-256,1000,1,282,507.91949999984354,0.6750000029569492,2.9906000054324977,True,272.7661543074061
RSA+AES-256,1000,1,283,532.7459999971325,0.6699000005028211,2.9857000045012683,True,272.7661543074061
RSA+AES-256,1000,1,284,1392.1158999946783,0.6743999983882532,2.9320000030566007,True,272.7661543074061
RSA+AES-256,1000,1,285,358.34109999996144,0.6536000000778586,2.8922000055899844,True,272.7661543074061
RSA+AES-256,1000,1,286,637.7818000037223,0.6772999986424111,2.9477999996743165,True,272.7661543074061
RSA+AES-256,1000,1,287,879.3991000056849,0.6593999933102168,2.9269000006024726,True,272.7661543074061
RSA+AES-256,1000,1,288,657.3665000032634,0.6649999995715916,2.9423000014503486,True,272.7661543074061
RSA+AES-256,1000,1,289,907.4989999935497,0.6403000006685033,3.0303000021376647,True,272.7661543074061
RSA+AES-256,1000,1,290,397.29029999580234,0.6600999986403622,2.8795999969588593,True,272.7661543074061
RSA+AES-256,1000,1,291,448.5112000038498,0.65080000058515,3.01469999976689,True,272.7661543074061
RSA+AES-256,1000,1,292,1121.0714999979245,0.6522000039694831,2.9103999986546114,True,272.7661543074061
RSA+AES-256,1000,1,293,868.7509000010323,0.7745999973849393,2.9532000044127926,True,272.7661543074061
RSA+AES-256,1000,1,294,841.3765000004787,0.6231000006664544,2.955299998575356,True,272.7661543074061
RSA+AES-256,1000,1,295,1132.3316999987583,0.6690000009257346,2.922300001955591,True,272.7661543074061
RSA+AES-256,1000,1,296,63.60310000309255,0.5950000049779192,2.97580000187736,True,272.7661543074061
RSA+AES-256,1000,1,297,934.2663999996148,0.64080000447575,2.9714000047533773,True,272.7661543074061
RSA+AES-256,1000,1,298,137.35219999944093,0.6367999958456494,2.9140000042389147,True,272.7661543074061
RSA+AES-256,1000,1,299,624.7684999980265,0.6960000027902424,2.963799997814931,True,272.7661543074061
RSA+AES-256,1000,1,300,1224.8426000005566,0.6683999963570386,3.1429000009666197,True,272.7661543074061
RSA+AES-256,1000,1,301,674.7353999962797,0.701400000252761,2.8609000000869855,True,272.7661543074061
RSA+AES-256,1000,1,302,303.2431000028737,0.658800003293436,2.955600000859704,True,272.7661543074061
RSA+AES-256,1000,1,303,650.4796000008355,0.6243000025278889,2.9445999971358106,True,272.7661543074061
RSA+AES-256,1000,1,304,917.5952000005054,0.6683999963570386,3.0123999968054704,True,272.7661543074061
RSA+AES-256,1000,1,305,598.4784000029322,0.6655000033788383,2.912200005084742,True,272.7661543074061
RSA+AES-256,1000,1,306,411.75010000006296,0.6736000068485737,2.971499998238869,True,272.7661543074061
RSA+AES-256,1000,1,307,957.6797999980045,0.6734999988111667,2.982599995448254,True,272.7661543074061
RSA+AES-256,1000,1,308,294.5378000003984,0.6579000037163496,2.9209999993327074,True,272.7661543074061
RSA+AES-256,1000,1,309,809.9273000043468,0.6580999979632907,2.9080000022077,True,272.7661543074061
RSA+AES-256,1000,1,310,280.28310000081547,0.6444999962695874,2.8842000028816983,True,272.7661543074061
RSA+AES-256,1000,1,311,808.2301000031293,0.6680000005871989,2.9596999956993386,True,272.7661543074061
RSA+AES-256,1000,1,312,458.3141000039177,0.6849999990663491,2.9819999981555156,True,272.7661543074061
RSA+AES-256,1000,1,313,538.5911999983364,0.6900999942445196,2.9004000025452115,True,272.7661543074061
RSA+AES-256,1000,1,314,214.94559999700869,0.6493000037153251,2.8810000003431924,True,272.7661543074061
RSA+AES-256,1000,1,315,566.6499999933876,0.6160999982967041,3.3288999984506518,True,272.7661543074061
RSA+AES-256,1000,1,316,623.005599998578,0.6680000005871989,2.9327000011107884,True,272.7661543074061
RSA+AES-256,1000,1,317,536.005900001328,0.651299997116439,2.915099998062942,True,272.7661543074061
RSA+AES-256,1000,1,318,2279.0926000016043,0.7070999999996275,2.9418999984045513,True,272.7661543074061
RSA+AES-256,1000,1,319,627.7840999973705,0.6757000010111369,2.998999996634666,True,272.7661543074061
RSA+AES-256,1000,1,320,422.3446000032709,0.6579000037163496,2.868399998988025,True,272.7661543074061
RSA+AES-256,1000,1,321,300.37889999948675,0.6455999973695725,2.9371999989962205,True,272.7661543074061
RSA+AES-256,1000,1,322,470.35090000281343,0.6260999944061041,2.9584000003524125,True,272.7661543074061
RSA+AES-256,1000,1,323,307.6537000015378,0.6685999978799373,2.9174000010243617,True,272.7661543074061
RSA+AES-256,1000,1,324,2335.1305999967735,0.6760999967809767,2.9264000040711835,True,272.7661543074061
RSA+AES-256,1000,1,325,1286.2974000017857,0.6849000055808574,2.8591999944183044,True,272.7661543074061
RSA+AES-256,1000,1,326,2558.795500000997,0.6786000012652948,2.927000001363922,True,272.7661543074061
RSA+AES-256,1000,1,327,1531.0293000002275,0.7020999983069487,2.989300002809614,True,272.7661543074061
RSA+AES-256,1000,1,328,1556.849799999327,0.6758000017725863,2.958299999590963,True,272.7661543074061
RSA+AES-256,1000,1,329,555.3022000021883,0.7228000031318516,2.999299998919014,True,272.7661543074061
RSA+AES-256,1000,1,330,461.56860000337474,0.6989999965298921,2.956000003905501,True,272.7661543074061
RSA+AES-256,1000,1,331,389.08019999507815,0.6630999996559694,2.950900001451373,True,272.7661543074061
RSA+AES-256,1000,1,332,99.71009999571834,0.6142999991425313,2.8910999972140417,True,272.7661543074061
RSA+AES-256,1000,1,333,2402.267199999187,0.6933999975444749,2.9744999992544763,True,272.7661543074061
RSA+AES-256,1000,1,334,193.79019999905722,0.5900000032852404,2.9050999946775846,True,272.7661543074061
RSA+AES-256,1000,1,335,137.19470000069123,0.6420999998226762,2.949199995782692,True,272.7661543074061
RSA+AES-256,1000,1,336,769.2891999977292,0.6528999947477132,2.8994000022066757,True,272.7661543074061
RSA+AES-256,1000,1,337,383.6163000014494,0.7073000015225261,2.9503999976441264,True,272.7661543074061
RSA+AES-256,1000,1,338,1537.9217000008794,0.6447999985539354,3.060800001549069,True,272.7661543074061
RSA+AES-256,1000,1,339,549.4822999971802,0.5997999978717417,2.999099997396115,True,272.7661543074061
RSA+AES-256,1000,1,340,82.01350000308594,0.6031000011716969,2.9850999999325722,True,272.7661543074061
RSA+AES-256,1000,1,341,1559.4393999999738,0.6676999983028509,3.2726999997976236,True,272.7661543074061
RSA+AES-256,1000,1,342,2241.0534000009648,0.704799997038208,2.9484999977285042,True,272.7661543074061
RSA+AES-256,1000,1,343,690.6997000041883,0.6492999964393675,2.9267999998410232,True,272.7661543074061
RSA+AES-256,1000,1,344,528.6654000010458,0.6977999946684577,3.045399993425235,True,272.7661543074061
RSA+AES-256,1000,1,345,785.62729999976,0.6708000000799075,2.895500001613982,True,272.7661543074061
RSA+AES-256,1000,1,346,1321.7301000040607,0.6608000039705075,2.865800001018215,True,272.7661543074061
RSA+AES-256,1000,1,347,1524.2135000007693,0.6070000017643906,2.8989999991608784,True,272.7661543074061
RSA+AES-256,1000,1,348,204.1795999975875,0.6439999997382984,2.847499999916181,True,272.7661543074061
RSA+AES-256,1000,1,349,694.0175999989151,0.6614000012632459,3.0411000043386593,True,272.7661543074061
RSA+AES-256,1000,1,350,1020.1658000005409,0.6507999933091924,2.875400001357775,True,272.7661543074061
RSA+AES-256,1000,1,351,375.3787000023294,0.683899997966364,2.9338000022107735,True,272.7661543074061
RSA+AES-256,1000,1,352,293.21429999981774,0.6550000034621917,2.940200000011828,True,272.7661543074061
RSA+AES-256,1000,1,353,1532.1215000003576,0.6384000007528812,2.841399997123517,True,272.7661543074061
RSA+AES-256,1000,1,354,382.33020000188844,0.6722999969497323,2.980500001285691,True,272.7661543074061
RSA+AES-256,1000,1,355,376.6950999997789,0.6552999984705821,2.929599999333732,True,272.7661543074061
RSA+AES-256,1000,1,356,450.20990000193706,0.633100004051812,2.9590000049211085,True,272.7661543074061
RSA+AES-256,1000,1,357,561.5280999991228,0.7122999959392473,2.966399995784741,True,272.7661543074061
RSA+AES-256,1000,1,358,574.2466000010609,0.6683999963570386,2.9281999959493987,True,272.7661543074061
RSA+AES-256,1000,1,359,1114.825099997688,0.6622999935643747,2.9940000022179447,True,272.7661543074061
RSA+AES-256,1000,1,360,2192.91169999633,0.676499999826774,2.8429000012692995,True,272.7661543074061
RSA+AES-256,1000,1,361,376.66149999859044,0.6744000056642108,2.9844999953638762,True,272.7661543074061
RSA+AES-256,1000,1,362,1247.9296999954386,0.6850000063423067,3.014200003235601,True,272.7661543074061
RSA+AES-256,1000,1,363,690.5216999948607,0.6604000009247102,2.8835999983130023,True,272.7661543074061
RSA+AES-256,1000,1,364,440.6509000036749,0.6849999990663491,2.992000001540873,True,272.7661543074061
RSA+AES-256,1000,1,365,365.75669999729143,0.6609000047319569,2.9643000016221777,True,272.7661543074061
RSA+AES-256,1000,1,366,599.2044000013266,0.6611999997403473,2.908200003730599,True,272.7661543074061
RSA+AES-256,1000,1,367,1255.6525000036345,0.7072999942465685,2.98320000001695,True,272.7661543074061
RSA+AES-256,1000,1,368,684.3661000020802,0.6797000023652799,2.9320000030566007,True,272.7661543074061
RSA+AES-256,1000,1,369,447.2975000026054,0.6310999960987829,3.0188000018824823,True,272.7661543074061
RSA+AES-256,1000,1,370,336.0793999963789,0.7035999951767735,3.070400001888629,True,272.7661543074061
RSA+AES-256,1000,1,371,547.0854000013787,0.6565000003320165,2.8810000003431924,True,272.7661543074061
RSA+AES-256,1000,1,372,1236.1180999942007,0.7966999983182177,3.209800001059193,True,272.7661543074061
RSA+AES-256,1000,1,373,665.553999999247,0.640500002191402,2.856300001440104,True,272.7661543074061
RSA+AES-256,1000,1,374,1452.9276000030222,0.687400002789218,3.1779000055394135,True,272.7661543074061
RSA+AES-256,1000,1,375,652.9336000021431,0.6906999988132156,3.0337000061990693,True,272.7661543074061
RSA+AES-256,1000,1,376,461.1382000002777,0.6659999999101274,2.9918000000179745,True,272.7661543074061
RSA+AES-256,1000,1,377,265.62449999619275,0.6584000002476387,2.9060000015306287,True,272.7661543074061
RSA+AES-256,1000,1,378,306.9300999995903,0.6598000036319718,2.858299994841218,True,272.7661543074061
RSA+AES-256,1000,1,379,312.20899999607354,0.6633000011788681,2.925699998741038,True,272.7661543074061
RSA+AES-256,1000,1,380,590.0609000018449,0.6406999964383431,2.8602999955182895,True,272.7661543074061
RSA+AES-256,1000,1,381,771.834699997271,0.6523000047309324,2.835700004652608,True,272.7661543074061
RSA+AES-256,1000,1,382,1348.7695000003441,0.6594000005861744,2.8987999976379797,True,272.7661543074061
RSA+AES-256,1000,1,383,384.0609000035329,0.6627000038861297,2.91579999611713,True,272.7661543074061
RSA+AES-256,1000,1,384,113.10560000129044,0.589100003708154,2.930200003902428,True,272.7661543074061
RSA+AES-256,1000,1,385,1100.0913999960176,0.6735999995726161,2.936299999419134,True,272.7661543074061
RSA+AES-256,1000,1,386,249.97829999483656,0.6483999968622811,2.8840000013587996,True,272.7661543074061
RSA+AES-256,1000,1,387,382.6628000024357,0.669599998218473,2.995200004079379,True,272.7661543074061
RSA+AES-256,1000,1,388,1015.9821999986889,0.6590999983018264,2.9247999991639517,True,272.7661543074061
RSA+AES-256,1000,1,389,1111.7366999969818,0.7316999981412664,3.5176000019419007,True,272.7661543074061
RSA+AES-256,1000,1,390,846.9645000004675,0.7852999988244846,3.3960999935516156,True,272.7661543074061
RSA+AES-256,1000,1,391,1029.315100000531,0.6334999998216517,2.9781999983242713,True,272.7661543074061
RSA+AES-256,1000,1,392,974.6595999968122,0.6681000013486482,2.9511999964597635,True,272.7661543074061
RSA+AES-256,1000,1,393,323.01970000116853,0.6703000035486184,2.948099994682707,True,272.7661543074061
RSA+AES-256,1000,1,394,383.4645000024466,0.6448999993153848,2.8578999990713783,True,272.7661543074061
RSA+AES-256,1000,1,395,388.2339999981923,0.6704000043100677,2.966300002299249,True,272.7661543074061
RSA+AES-256,1000,1,396,463.2619000039995,0.8715000003576279,2.9424999956972897,True,272.7661543074061
RSA+AES-256,1000,1,397,1182.6147999963723,0.6711999958497472,2.9441000006045215,True,272.7661543074061
RSA+AES-256,1000,1,398,2028.3463999949163,0.7086000041454099,2.949800000351388,True,272.7661543074061
RSA+AES-256,1000,1,399,564.3796000003931,0.6945999994059093,2.936600001703482,True,272.7661543074061
RSA+AES-256,1000,1,400,231.1076999976649,0.6686999986413866,3.0372999972314574,True,272.7661543074061
RSA+AES-256,1000,1,401,955.2975999977207,0.6609999982174486,2.9063999973004684,True,272.7661543074061
RSA+AES-256,1000,1,402,762.4811000059708,0.6462000019382685,2.9371999989962205,True,272.7661543074061
RSA+AES-256,1000,1,403,527.0510999980615,0.6656000041402876,2.9709000009461306,True,272.7661543074061
RSA+AES-256,1000,1,404,1249.1719000026933,0.6902999957674183,3.0947999985073693,True,272.7661543074061
RSA+AES-256,1000,1,405,872.8598000016063,0.6829999983892776,2.9251999949337915,True,272.7661543074061
RSA+AES-256,1000,1,406,845.6118000030983,0.6789000035496429,2.9253000029711984,True,272.7661543074061
RSA+AES-256,1000,1,407,900.316200000816,0.6729000015184283,2.928299996710848,True,272.7661543074061
RSA+AES-256,1000,1,408,1198.3629000023939,0.7229999973787926,3.1667000002926216,True,272.7661543074061
RSA+AES-256,1000,1,409,530.525200003467,0.6776000009267591,3.282799996668473,True,272.7661543074061
RSA+AES-256,1000,1,410,1029.5912000001408,0.6589999975403771,2.8918999960296787,True,272.7661543074061
RSA+AES-256,1000,1,411,121.25910000031581,0.636800003121607,2.9045999981462955,True,272.7661543074061
RSA+AES-256,1000,1,412,896.2064000006649,0.666200001433026,2.986100000271108,True,272.7661543074061
RSA+AES-256,1000,1,413,1001.6080999994301,0.647100001515355,2.8812999953515828,True,272.7661543074061
RSA+AES-256,1000,1,414,376.945899995917,0.6380000049830414,2.8770999997504987,True,272.7661543074061
RSA+AES-256,1000,1,415,748.2646999997087,0.6608999974559993,2.9558000023826025,True,272.7661543074061
RSA+AES-256,1000,1,416,1535.8484000025783,0.6506999998237006,2.8549999988172203,True,272.7661543074061
RSA+AES-256,1000,1,417,715.6824999983655,0.6958999947528355,3.0619999961345457,True,272.7661543074061
RSA+AES-256,1000,1,418,296.5531000008923,0.6477999995695427,2.895500001613982,True,272.7661543074061
RSA+AES-256,1000,1,419,739.244399999734,0.7225999943329953,2.9839000053470954,True,272.7661543074061
RSA+AES-256,1000,1,420,1173.3087999964482,0.8289000033983029,3.0244000008678995,True,272.7661543074061
RSA+AES-256,1000,1,421,983.0029999939143,0.661599995510187,3.0541000014636666,True,272.7661543074061
RSA+AES-256,1000,1,422,248.61719999898924,0.6014999962644652,2.8920999975525774,True,272.7661543074061
RSA+AES-256,1000,1,423,773.4645000018645,0.6686999986413866,2.950900001451373,True,272.7661543074061
RSA+AES-256,1000,1,424,610.4294000033406,0.6540000031236559,2.869199997803662,True,272.7661543074061
RSA+AES-256,1000,1,425,1694.181999999273,0.680500001180917,2.9357000021263957,True,272.7661543074061
RSA+AES-256,1000,1,426,359.4096999950125,0.6811999992351048,2.9569999969680794,True,272.7661543074061
RSA+AES-256,1000,1,427,662.825100000191,0.665899999148678,2.997899995534681,True,272.7661543074061
RSA+AES-256,1000,1,428,324.0476999999373,0.6620999993174337,2.9178999975556508,True,272.7661543074061
RSA+AES-256,1000,1,429,370.33810000139056,0.6723999977111816,2.9078000006848015,True,272.7661543074061
RSA+AES-256,1000,1,430,448.8928999999189,0.6649999995715916,2.9763999991700985,True,272.7661543074061
RSA+AES-256,1000,1,431,320.8318999968469,0.6466999984695576,2.8767999974661507,True,272.7661543074061
RSA+AES-256,1000,1,432,872.0095999960904,0.65080000058515,2.9599999979836866,True,272.7661543074061
RSA+AES-256,1000,1,433,2156.395399993926,0.6635000027017668,3.226200002245605,True,272.7661543074061
RSA+AES-256,1000,1,434,575.20569999906,0.694199996360112,2.987899999425281,True,272.7661543074061
RSA+AES-256,1000,1,435,517.868199996883,0.7011999987298623,2.916599994932767,True,272.7661543074061
RSA+AES-256,1000,1,436,848.3720000003814,0.6770000036340207,2.9456999982357956,True,272.7661543074061
RSA+AES-256,1000,1,437,224.20489999785786,0.6667000052402727,2.9387999966274947,True,272.7661543074061
RSA+AES-256,1000,1,438,1680.850199998531,0.6523999982164241,2.89840000186814,True,272.7661543074061
RSA+AES-256,1000,1,439,540.3632000015932,0.836300001537893,2.8912999987369403,True,272.7661543074061
RSA+AES-256,1000,1,440,910.1727000015671,0.6807999961893074,2.928599998995196,True,272.7661543074061
RSA+AES-256,1000,1,441,1133.615299993835,0.6769000028725713,2.986100000271108,True,272.7661543074061
RSA+AES-256,1000,1,442,560.7041999974172,0.6852000005892478,2.899999999499414,True,272.7661543074061
RSA+AES-256,1000,1,443,332.81739999802085,0.6680000005871989,2.951200003735721,True,272.7661543074061
RSA+AES-256,1000,1,444,1222.983600004227,0.6738000010955147,2.9687999995076098,True,272.7661543074061
RSA+AES-256,1000,1,445,654.5740000001388,0.6506999998237006,2.8832000025431626,True,272.7661543074061
RSA+AES-256,1000,1,446,438.73249999887776,0.6788000027881935,2.9031000012764707,True,272.7661543074061
RSA+AES-256,1000,1,447,999.3293000006815,0.6984000065131113,2.944099993328564,True,272.7661543074061
RSA+AES-256,1000,1,448,367.10959999618353,0.6307999938144349,2.905300003476441,True,272.7661543074061
RSA+AES-256,1000,1,449,1133.8799000004656,0.6804000004194677,2.9661000007763505,True,272.7661543074061
RSA+AES-256,1000,1,450,120.71480000304291,0.6382999999914318,3.093599996645935,True,272.7661543074061
RSA+AES-256,1000,1,451,237.96930000389693,0.6481999953393824,3.014099995198194,True,272.7661543074061
RSA+AES-256,1000,1,452,626.322700001765,0.6561000045621768,2.9431000002659857,True,272.7661543074061
RSA+AES-256,1000,1,453,636.7676000008942,0.6282999966060743,2.993000001879409,True,272.7661543074061
RSA+AES-256,1000,1,454,344.2942000037874,0.6594999940716662,3.008400002727285,True,272.7661543074061
RSA+AES-256,1000,1,455,164.66959999524988,0.6722999969497323,3.01210000179708,True,272.7661543074061
RSA+AES-256,1000,1,456,1110.6478000001516,0.7082999945851043,3.0359999946085736,True,272.7661543074061
RSA+AES-256,1000,1,457,266.1491999970167,0.6663000021944754,2.955700001621153,True,272.7661543074061
RSA+AES-256,1000,1,458,216.46080000209622,0.6517000001622364,2.927499997895211,True,272.7661543074061
RSA+AES-256,1000,1,459,472.7448999983608,0.7107999990694225,2.962500002468005,True,272.7661543074061
RSA+AES-256,1000,1,460,293.5524999993504,0.6580999979632907,3.00989999959711,True,272.7661543074061
RSA+AES-256,1000,1,461,171.23340000398457,0.6388999972841702,2.9034999970463105,True,272.7661543074061
RSA+AES-256,1000,1,462,263.4239999970305,0.6559999965247698,2.926300003309734,True,272.7661543074061
RSA+AES-256,1000,1,463,543.857399999979,0.6711999958497472,2.944399995612912,True,272.7661543074061
RSA+AES-256,1000,1,464,1013.5821999938344,0.6501000025309622,2.9177000033087097,True,272.7661543074061
RSA+AES-256,1000,1,465,1009.1279999978724,0.6989000030444004,2.9056999992462806,True,272.7661543074061
RSA+AES-256,1000,1,466,280.48690000287024,0.6340000036288984,2.8928000028827228,True,272.7661543074061
RSA+AES-256,1000,1,467,1092.992999998387,0.6736000068485737,2.9879000067012385,True,272.7661543074061
RSA+AES-256,1000,1,468,202.46129999577533,0.6279000008362345,2.9174000010243617,True,272.7661543074061
RSA+AES-256,1000,1,469,337.3321999970358,0.6762999983038753,2.974500006530434,True,272.7661543074061
RSA+AES-256,1000,1,470,432.60300000110874,0.6673000025330111,2.9568000027211383,True,272.7661543074061
RSA+AES-256,1000,1,471,550.4612000004272,0.6572999991476536,2.984999999171123,True,272.7661543074061
RSA+AES-256,1000,1,472,302.31789999379544,0.6525999997393228,2.926000001025386,True,272.7661543074061
RSA+AES-256,1000,1,473,328.9042000033078,0.68710000050487,2.9676999984076247,True,272.7661543074061
RSA+AES-256,1000,1,474,437.9507999983616,0.6547999946633354,2.8981000068597496,True,272.7661543074061
RSA+AES-256,1000,1,475,431.6783999965992,0.6866000039735809,2.999600001203362,True,272.7661543074061
RSA+AES-256,1000,1,476,839.0285999994376,0.6720999954268336,2.9484999977285042,True,272.7661543074061
RSA+AES-256,1000,1,477,242.70289999549277,0.6426999971154146,2.9205000028014183,True,272.7661543074061
RSA+AES-256,1000,1,478,584.7346000009566,0.6492000029538758,2.852300000085961,True,272.7661543074061
RSA+AES-256,1000,1,479,606.4325000043027,0.5913999993936159,2.8501999986474402,True,272.7661543074061
RSA+AES-256,1000,1,480,823.0494000017643,0.661899997794535,2.933100004156586,True,272.7661543074061
RSA+AES-256,1000,1,481,573.8952000028803,0.6657999983872287,3.1609999932697974,True,272.7661543074061
RSA+AES-256,1000,1,482,183.70660000073258,0.607299996772781,2.9419999991660006,True,272.7661543074061
RSA+AES-256,1000,1,483,931.2874000024749,0.6534999993164092,2.9510000022128224,True,272.7661543074061
RSA+AES-256,1000,1,484,1960.8235999985482,0.6614000012632459,2.972299997054506,True,272.7661543074061
RSA+AES-256,1000,1,485,423.4329000028083,0.6846999967820011,2.982400001201313,True,272.7661543074061
RSA+AES-256,1000,1,486,731.7068999982439,0.6954999989829957,3.0937999981688336,True,272.7661543074061
RSA+AES-256,1000,1,487,1597.3682999974699,0.6896000049891882,3.055000001040753,True,272.7661543074061
RSA+AES-256,1000,1,488,239.33100000431295,0.6647999980486929,2.9279999944265,True,272.7661543074061
RSA+AES-256,1000,1,489,635.8304000023054,0.6184999947436154,2.9771999979857355,True,272.7661543074061
RSA+AES-256,1000,1,490,590.5303999970783,0.6422000005841255,2.906599998823367,True,272.7661543074061
RSA+AES-256,1000,1,491,721.3103999965824,0.6706999993184581,2.904399996623397,True,272.7661543074061
RSA+AES-256,1000,1,492,779.8078000050737,0.6431000001612119,2.907399997639004,True,272.7661543074061
RSA+AES-256,1000,1,493,838.7752999988152,0.6413000010070391,2.916099998401478,True,272.7661543074061
RSA+AES-256,1000,1,494,415.2061000058893,0.6578000029549003,2.874799996789079,True,272.7661543074061
RSA+AES-256,1000,1,495,1996.1724000022514,0.6645000030403025,2.8902999983984046,True,272.7661543074061
RSA+AES-256,1000,1,496,42.45360000641085,0.5799000064143911,2.9245000041555613,True,272.7661543074061
RSA+AES-256,1000,1,497,461.17750000121305,0.6715999988955446,2.920899998571258,True,272.7661543074061
RSA+AES-256,1000,1,498,647.0907999973861,0.6745999999111518,2.969399996800348,True,272.7661543074061
RSA+AES-256,1000,1,499,1508.5584999978892,0.6591999990632758,2.9281999959493987,True,272.7661543074061
RSA+AES-256,1000,1,500,2613.037800001621,0.6725999992340803,3.321299998788163,True,272.7661543074061
RSA+AES-256,1000,1,501,871.9707999989623,0.6701000020257197,3.010300002642907,True,272.7661543074061
RSA+AES-256,1000,1,502,1508.5130000006757,0.6811999992351048,3.009699998074211,True,272.7661543074061
RSA+AES-256,1000,1,503,998.558300001605,0.6576000014320016,2.9511999964597635,True,272.7661543074061
RSA+AES-256,1000,1,504,575.9367999999085,0.6931999960215762,3.0017000026418827,True,272.7661543074061
RSA+AES-256,1000,1,505,625.8718999961275,0.6596000021090731,2.91540000034729,True,272.7661543074061
RSA+AES-256,1000,1,506,654.8038000037195,0.6890000004204921,2.923000000009779,True,272.7661543074061
RSA+AES-256,1000,1,507,1306.499400001485,0.683899997966364,2.9823000004398637,True,272.7661543074061
RSA+AES-256,1000,1,508,561.1945999989985,0.6213999949977733,2.992000001540873,True,272.7661543074061
RSA+AES-256,1000,1,509,457.5693999940995,0.6849999990663491,3.0299999998533167,True,272.7661543074061
RSA+AES-256,1000,1,510,1477.2785999957705,0.6752000044798478,2.88909999653697,True,272.7661543074061
RSA+AES-256,1000,1,511,915.6120999978157,0.6723999977111816,2.894700002798345,True,272.7661543074061
RSA+AES-256,1000,1,512,659.690699998464,0.6872000012663193,2.9101999971317127,True,272.7661543074061
RSA+AES-256,1000,1,513,1308.830299996771,0.691400004143361,2.9741000034846365,True,272.7661543074061
RSA+AES-256,1000,1,514,866.0355000029085,0.6829999983892776,2.9434000025503337,True,272.7661543074061
RSA+AES-256,1000,1,515,566.3616000019829,0.7060999996610917,2.970699999423232,True,272.7661543074061
RSA+AES-256,1000,1,516,2315.69540000055,0.6721000027027912,2.9138999962015077,True,272.7661543074061
RSA+AES-256,1000,1,517,248.48019999626558,0.6343999993987381,2.9590999984066,True,272.7661543074061
RSA+AES-256,1000,1,518,433.0982000028598,0.5938000031164847,2.95170000026701,True,272.7661543074061
RSA+AES-256,1000,1,519,846.2442999953055,0.6862999944132753,2.94949999806704,True,272.7661543074061
RSA+AES-256,1000,1,520,677.2474000026705,0.6880000000819564,2.9100999963702634,True,272.7661543074061
RSA+AES-256,1000,1,521,886.3922000018647,0.6337000013445504,2.9635000028065406,True,272.7661543074061
RSA+AES-256,1000,1,522,715.6142000021646,0.7084000026225112,2.9561999981524423,True,272.7661543074061
RSA+AES-256,1000,1,523,319.3286999958218,0.7348999934038147,2.912099997047335,True,272.7661543074061
RSA+AES-256,1000,1,524,371.3370000041323,0.6472000022768043,3.1103000001166947,True,272.7661543074061
RSA+AES-256,1000,1,525,227.96070000185864,0.6632999939029105,3.0079999996814877,True,272.7661543074061
RSA+AES-256,1000,1,526,1780.4609000013443,0.6900999942445196,3.0073999951127917,True,272.7661543074061
RSA+AES-256,1000,1,527,199.32889999472536,0.6307999938144349,2.918900005170144,True,272.7661543074061
RSA+AES-256,1000,1,528,330.911200006085,0.6485999983851798,2.904300003137905,True,272.7661543074061
RSA+AES-256,1000,1,529,1222.5424999996903,0.6648999988101423,2.979899996716995,True,272.7661543074061
RSA+AES-256,1000,1,530,511.7889000030118,0.6826000026194379,2.8867999935755506,True,272.7661543074061
RSA+AES-256,1000,1,531,616.8236000012257,0.6523999982164241,2.9492000030586496,True,272.7661543074061
RSA+AES-256,1000,1,532,541.0408999960055,0.6658000056631863,3.2279000006383285,True,272.7661543074061
RSA+AES-256,1000,1,533,172.7561000006972,0.6350999974529259,2.9085999995004386,True,272.7661543074061
RSA+AES-256,1000,1,534,544.456600000558,0.7033000001683831,2.9796000017086044,True,272.7661543074061
RSA+AES-256,1000,1,535,157.38970000529662,0.6366000015987083,2.9903999966336414,True,272.7661543074061
RSA+AES-256,1000,1,536,698.5406999956467,0.6722000034642406,2.8904999999213032,True,272.7661543074061
RSA+AES-256,1000,1,537,544.137300006696,0.705299993569497,3.0936000039218925,True,272.7661543074061
RSA+AES-256,1000,1,538,1486.4119999983814,0.6718000004184432,2.8848000001744367,True,272.7661543074061
RSA+AES-256,1000,1,539,1022.5529999952414,0.6665999972028658,2.9308000011951663,True,272.7661543074061
RSA+AES-256,1000,1,540,522.481499996502,0.6601999994018115,2.8501999986474402,True,272.7661543074061
RSA+AES-256,1000,1,541,631.5076000028057,0.6659999999101274,3.1751999995321967,True,272.7661543074061
RSA+AES-256,1000,1,542,367.2904999984894,0.6531999970320612,2.96360000356799,True,272.7661543074061
RSA+AES-256,1000,1,543,1123.9909999931115,0.6976000004215166,2.917800004070159,True,272.7661543074061
RSA+AES-256,1000,1,544,891.7970000038622,0.6614999947487377,2.8832000025431626,True,272.7661543074061
RSA+AES-256,1000,1,545,259.00369999726536,0.636199998552911,2.964400002383627,True,272.7661543074061
RSA+AES-256,1000,1,546,846.786100002646,0.6569000033778138,2.965599996969104,True,272.7661543074061
RSA+AES-256,1000,1,547,677.5392000054126,0.6682000021100976,2.958299999590963,True,272.7661543074061
RSA+AES-256,1000,1,548,323.15579999703914,0.890900002559647,3.0501000001095235,True,272.7661543074061
RSA+AES-256,1000,1,549,315.41460000153165,0.6690000009257346,2.9145999942556955,True,272.7661543074061
RSA+AES-256,1000,1,550,827.9360000015004,0.622200001089368,2.9804000005242415,True,272.7661543074061
RSA+AES-256,1000,1,551,887.678799997957,0.6189000050653704,2.954100003989879,True,272.7661543074061
RSA+AES-256,1000,1,552,243.05009999807226,0.6492000029538758,2.919300000939984,True,272.7661543074061
RSA+AES-256,1000,1,553,697.8194999974221,0.6664000029559247,2.889700001105666,True,272.7661543074061
RSA+AES-256,1000,1,554,1073.5321999964071,0.6781999982194975,2.9466999985743314,True,272.7661543074061
RSA+AES-256,1000,1,555,257.85139999788953,0.6732000038027763,2.9532999978982843,True,272.7661543074061
RSA+AES-256,1000,1,556,523.3709999956773,0.6866999974590726,2.996200004417915,True,272.7661543074061
RSA+AES-256,1000,1,557,313.80889999854844,0.6123999992269091,2.9417000041576102,True,272.7661543074061
RSA+AES-256,1000,1,558,268.37849999719765,0.690799999574665,2.961500002129469,True,272.7661543074061
RSA+AES-256,1000,1,559,852.3091000024579,0.6604999944102019,2.9493999973055907,True,272.7661543074061
RSA+AES-256,1000,1,560,931.1071999982232,0.6606999959331006,2.987200001371093,True,272.7661543074061
RSA+AES-256,1000,1,561,446.7831000001752,0.7690999991609715,3.64619999891147,True,272.7661543074061
RSA+AES-256,1000,1,562,371.5721000044141,0.6604000009247102,2.8891000038129278,True,272.7661543074061
RSA+AES-256,1000,1,563,1009.8477999999886,0.6743999983882532,3.0200000037439167,True,272.7661543074061
RSA+AES-256,1000,1,564,527.7782999983174,0.6502000032924116,2.870999996957835,True,272.7661543074061
RSA+AES-256,1000,1,565,599.8261999993701,0.6005999966873787,2.919300000939984,True,272.7661543074061
RSA+AES-256,1000,1,566,864.087499998277,0.6709999943268485,2.877699997043237,True,272.7661543074061
RSA+AES-256,1000,1,567,1300.544700003229,0.6790999977965839,2.919300000939984,True,272.7661543074061
RSA+AES-256,1000,1,568,109.96210000303108,0.6281000023591332,2.9648000054294243,True,272.7661543074061
RSA+AES-256,1000,1,569,1129.7082999954,0.6384000007528812,2.9639999993378296,True,272.7661543074061
RSA+AES-256,1000,1,570,1775.9710999962408,0.6732999972882681,2.9720999955316074,True,272.7661543074061
RSA+AES-256,1000,1,571,634.6133000042755,0.6307000003289431,2.954900002805516,True,272.7661543074061
RSA+AES-256,1000,1,572,1079.2923000044539,0.6838000044808723,2.916000004915986,True,272.7661543074061
RSA+AES-256,1000,1,573,1498.4882999997353,0.686499995936174,3.0075000031501986,True,272.7661543074061
RSA+AES-256,1000,1,574,383.6308000027202,0.6543000054080039,2.8861000027973205,True,272.7661543074061
RSA+AES-256,1000,1,575,910.4154000015114,0.6642000007559545,2.8873999981442466,True,272.7661543074061
RSA+AES-256,1000,1,576,501.4902000039001,0.6637999977101572,3.3408000017516315,True,272.7661543074061
RSA+AES-256,1000,1,577,188.46679999842308,0.6253000028664246,2.98099999781698,True,272.7661543074061
RSA+AES-256,1000,1,578,235.47079999843845,0.6831999999121763,2.995099996041972,True,272.7661543074061
RSA+AES-256,1000,1,579,306.12209999526385,0.6485999983851798,2.875099999073427,True,272.7661543074061
RSA+AES-256,1000,1,580,295.57670000212966,0.6890000004204921,2.9635000028065406,True,272.7661543074061
RSA+AES-256,1000,1,581,780.9425000014016,0.6142999991425313,2.9858999987482093,True,272.7661543074061
RSA+AES-256,1000,1,582,714.4369999950868,0.6968000016058795,3.0006000015418977,True,272.7661543074061
RSA+AES-256,1000,1,583,680.5709000036586,0.6617999970330857,2.9829999984940514,True,272.7661543074061
RSA+AES-256,1000,1,584,702.570100002049,0.6924999979673885,2.950400004920084,True,272.7661543074061
RSA+AES-256,1000,1,585,1027.8818999940995,0.7227000023704022,2.99799999629613,True,272.7661543074061
RSA+AES-256,1000,1,586,329.57100000203354,0.6916000056662597,2.9704999979003333,True,272.7661543074061
RSA+AES-256,1000,1,587,290.4506999984733,0.6866999974590726,3.030299994861707,True,272.7661543074061
RSA+AES-256,1000,1,588,657.7572000023792,0.6643000015174039,2.9635000028065406,True,272.7661543074061
RSA+AES-256,1000,1,589,820.6891000008909,0.698800002282951,2.975499999593012,True,272.7661543074061
RSA+AES-256,1000,1,590,970.8258000027854,0.6119999961811118,2.9503000041586347,True,272.7661543074061
RSA+AES-256,1000,1,591,654.5422000053804,0.6846999967820011,2.9473000031430274,True,272.7661543074061
RSA+AES-256,1000,1,592,445.2787000045646,0.6551999977091327,2.927499997895211,True,272.7661543074061
RSA+AES-256,1000,1,593,339.18119999725604,0.9406000026501715,3.1168999994406477,True,272.7661543074061
RSA+AES-256,1000,1,594,396.40499999950407,0.6635000027017668,2.936999997473322,True,272.7661543074061
RSA+AES-256,1000,1,595,617.4994000029983,0.6734999988111667,2.933299998403527,True,272.7661543074061
RSA+AES-256,1000,1,596,1156.9039999958477,0.6780000039725564,2.959400000690948,True,272.7661543074061
RSA+AES-256,1000,1,597,830.0898000015877,0.7113000028766692,3.034400004253257,True,272.7661543074061
RSA+AES-256,1000,1,598,349.4263000029605,0.6584000002476387,2.9891000012867153,True,272.7661543074061
RSA+AES-256,1000,1,599,772.526699998707,0.6852000005892478,2.9661000007763505,True,272.7661543074061
RSA+AES-256,1000,1,600,362.29569999704836,0.6741000033798628,2.891199997975491,True,272.7661543074061
RSA+AES-256,1000,1,601,1195.2955000015208,0.7016999952611513,3.023800003575161,True,272.7661543074061
RSA+AES-256,1000,1,602,490.3263000014704,0.6820999988121912,2.9674000033992343,True,272.7661543074061
RSA+AES-256,1000,1,603,499.74980000115465,0.7904000012786128,3.0706999968970194,True,272.7661543074061
RSA+AES-256,1000,1,604,746.7917000030866,0.6063000037102029,3.1176999982562847,True,272.7661543074061
RSA+AES-256,1000,1,605,1316.819799998484,0.7029999978840351,2.959400000690948,True,272.7661543074061
RSA+AES-256,1000,1,606,2271.497999994608,0.6884000031277537,2.967799999169074,True,272.7661543074061
RSA+AES-256,1000,1,607,223.31470000062836,0.6159999975352548,3.069100006541703,True,272.7661543074061
RSA+AES-256,1000,1,608,513.2455999992089,0.6587999960174784,2.8850000016973354,True,272.7661543074061
RSA+AES-256,1000,1,609,350.76879999542143,0.6529000020236708,2.911600000516046,True,272.7661543074061
RSA+AES-256,1000,1,610,390.95069999893894,0.6759000025340356,2.930300004663877,True,272.7661543074061
RSA+AES-256,1000,1,611,808.4724000000278,0.6936999998288229,2.8908000022056513,True,272.7661543074061
RSA+AES-256,1000,1,612,482.1063000053982,0.6731999965268187,2.954900002805516,True,272.7661543074061
RSA+AES-256,1000,1,613,338.06350000668317,0.6626999966101721,2.984200000355486,True,272.7661543074061
RSA+AES-256,1000,1,614,873.7046999958693,0.6634999954258092,3.095499996561557,True,272.7661543074061
RSA+AES-256,1000,1,615,1059.6185000031255,0.6712000031257048,2.9649999996763654,True,272.7661543074061
RSA+AES-256,1000,1,616,1025.8591000019806,0.6772000051569194,2.914600001531653,True,272.7661543074061
RSA+AES-256,1000,1,617,261.6379000028246,0.6276999993133359,3.027699996891897,True,272.7661543074061
RSA+AES-256,1000,1,618,448.6352000021725,0.6821999995736405,2.9859999995096587,True,272.7661543074061
RSA+AES-256,1000,1,619,296.1511000030441,0.6711000023642555,2.923300002294127,True,272.7661543074061
RSA+AES-256,1000,1,620,179.24049999419367,0.6015000035404228,2.890700001444202,True,272.7661543074061
RSA+AES-256,1000,1,621,274.54840000427794,0.6935999990673736,3.2302999970852397,True,272.7661543074061
RSA+AES-256,1000,1,622,568.2406000050833,0.6819000045652501,2.998799995111767,True,272.7661543074061
RSA+AES-256,1000,1,623,1605.1649000000907,0.6909000003361143,3.007600003911648,True,272.7661543074061
RSA+AES-256,1000,1,624,108.67630000575446,0.6012000012560748,2.8626999992411584,True,272.7661543074061
RSA+AES-256,1000,1,625,1499.660399997083,0.6481000018538907,2.859699998225551,True,272.7661543074061
RSA+AES-256,1000,1,626,1628.266600004281,0.5898000017623417,2.9518000010284595,True,272.7661543074061
RSA+AES-256,1000,1,627,147.1506000016234,0.6624000016017817,2.9748000015388243,True,272.7661543074061
RSA+AES-256,1000,1,628,142.5537999966764,0.632999996014405,2.9358999963733368,True,272.7661543074061
RSA+AES-256,1000,1,629,165.87109999818495,0.6450000000768341,2.907900001446251,True,272.7661543074061
RSA+AES-256,1000,1,630,801.5319999976782,0.6814000007580034,2.9757000011159107,True,272.7661543074061
RSA+AES-256,1000,1,631,2470.9919999950216,0.6891000011819415,3.0120000010356307,True,272.7661543074061
RSA+AES-256,1000,1,632,893.3570000008331,0.6573999999091029,2.90359999780776,True,272.7661543074061
RSA+AES-256,1000,1,633,1420.7259999966482,0.6895000042277388,2.9358999963733368,True,272.7661543074061
RSA+AES-256,1000,1,634,447.3582999999053,0.6693000032100827,2.8785999966203235,True,272.7661543074061
RSA+AES-256,1000,1,635,1258.310999997775,0.6598999971174635,2.9715999990003183,True,272.7661543074061
RSA+AES-256,1000,1,636,405.559999999241,0.6714999981340952,2.9238999995868653,True,272.7661543074061
RSA+AES-256,1000,1,637,360.44119999860413,0.6628999981330708,2.9590999984066,True,272.7661543074061
RSA+AES-256,1000,1,638,1866.2201999977697,0.8039000022108667,3.002199999173172,True,272.7661543074061
RSA+AES-256,1000,1,639,597.218700000667,0.6451000008382834,3.0177000007824972,True,272.7661543074061
RSA+AES-256,1000,1,640,281.7298000009032,0.6533999985549599,2.946599997812882,True,272.7661543074061
RSA+AES-256,1000,1,641,913.2243999993079,0.672499998472631,2.9104999994160607,True,272.7661543074061
RSA+AES-256,1000,1,642,276.1995999971987,0.7105000040610321,2.9987000016262755,True,272.7661543074061
RSA+AES-256,1000,1,643,1302.620399997977,0.6703999970341101,2.936500000942033,True,272.7661543074061
RSA+AES-256,1000,1,644,1054.4761999990442,0.6767000013496727,2.9834000015398487,True,272.7661543074061
RSA+AES-256,1000,1,645,707.7389999976731,0.6523999982164241,2.939699996204581,True,272.7661543074061
RSA+AES-256,1000,1,646,659.1418999960297,0.6884999966132455,2.9427999979816377,True,272.7661543074061
RSA+AES-256,1000,1,647,387.9910999967251,0.8200000011129305,3.0705000026500784,True,272.7661543074061
RSA+AES-256,1000,1,648,1414.2625000022235,0.6963999985600822,2.9844000018783845,True,272.7661543074061
RSA+AES-256,1000,1,649,171.11939999449532,0.6345000001601875,2.896300000429619,True,272.7661543074061
RSA+AES-256,1000,1,650,547.6150000031339,0.6961000035516918,3.000200005772058,True,272.7661543074061
RSA+AES-256,1000,1,651,226.37759999634,0.6637999977101572,3.0045000021345913,True,272.7661543074061
RSA+AES-256,1000,1,652,260.8251999990898,0.6500000017695129,2.9088000010233372,True,272.7661543074061
RSA+AES-256,1000,1,653,184.2871999979252,0.6196999966050498,2.9107000009389594,True,272.7661543074061
RSA+AES-256,1000,1,654,445.0231000009808,0.640500002191402,3.283400001237169,True,272.7661543074061
RSA+AES-256,1000,1,655,157.756699998572,0.6592999998247251,2.9305999996722676,True,272.7661543074061
RSA+AES-256,1000,1,656,233.755299996119,0.7055000023683533,2.9161999991629273,True,272.7661543074061
RSA+AES-256,1000,1,657,819.745699998748,0.6242000017664395,2.989499997056555,True,272.7661543074061
RSA+AES-256,1000,1,658,326.7264000023715,0.7182999979704618,2.9995000004419126,True,272.7661543074061
RSA+AES-256,1000,1,659,284.5503999997163,0.6270000012591481,2.993800000695046,True,272.7661543074061
RSA+AES-256,1000,1,660,808.5461000009673,0.6716999996569939,2.950299996882677,True,272.7661543074061
RSA+AES-256,1000,1,661,154.30080000078306,0.625400003627874,2.900499996030703,True,272.7661543074061
RSA+AES-256,1000,1,662,1387.6499999969383,0.6735000060871243,3.039299997908529,True,272.7661543074061
RSA+AES-256,1000,1,663,546.4560999971582,0.6877999985590577,2.962900005513802,True,272.7661543074061
RSA+AES-256,1000,1,664,882.3730000003707,0.6599999978789128,2.887199996621348,True,272.7661543074061
RSA+AES-256,1000,1,665,770.0193999990006,0.6790999977965839,2.97100000170758,True,272.7661543074061
RSA+AES-256,1000,1,666,179.02880000474397,0.6057999999029562,3.176700003677979,True,272.7661543074061
RSA+AES-256,1000,1,667,347.7454999956535,0.6716999996569939,2.9597000029752962,True,272.7661543074061
RSA+AES-256,1000,1,668,1144.9960000027204,0.6484999976237305,2.90099999983795,True,272.7661543074061
RSA+AES-256,1000,1,669,382.88830000237795,0.6410000059986487,2.8634999980567954,True,272.7661543074061
RSA+AES-256,1000,1,670,999.8938999997335,0.8239999951911159,3.012400004081428,True,272.7661543074061
RSA+AES-256,1000,1,671,2104.2662000036216,0.6169999978737906,2.9850999999325722,True,272.7661543074061
RSA+AES-256,1000,1,672,1335.2845999979763,0.6431000001612119,2.9404000015347265,True,272.7661543074061
RSA+AES-256,1000,1,673,83.77710000058869,0.5870000022696331,2.8562999941641465,True,272.7661543074061
RSA+AES-256,1000,1,674,187.51440000050934,0.6284000046434812,2.8584999963641167,True,272.7661543074061
RSA+AES-256,1000,1,675,1427.461300001596,0.7917999973869883,3.050699997402262,True,272.7661543074061
RSA+AES-256,1000,1,676,1188.3553000006941,0.680500001180917,2.9815000016242266,True,272.7661543074061
RSA+AES-256,1000,1,677,607.8978000005009,0.658500001009088,2.9225999969639815,True,272.7661543074061
RSA+AES-256,1000,1,678,353.6956000025384,0.7456000021193177,3.0776999992667697,True,272.7661543074061
RSA+AES-256,1000,1,679,697.8877000001376,0.6065000052331015,2.9686999987461604,True,272.7661543074061
RSA+AES-256,1000,1,680,384.9846999946749,0.647400003799703,2.8856000062660314,True,272.7661543074061
RSA+AES-256,1000,1,681,245.46760000521317,0.6607999966945499,2.8995999964536168,True,272.7661543074061
RSA+AES-256,1000,1,682,141.53069999883883,0.6433000016841106,2.916400000685826,True,272.7661543074061
RSA+AES-256,1000,1,683,1530.5248000004212,0.6521000032080337,2.8541000065160915,True,272.7661543074061
RSA+AES-256,1000,1,684,437.5607999972999,0.6572999991476536,2.915299999585841,True,272.7661543074061
RSA+AES-256,1000,1,685,474.5997999998508,0.6677999990643002,2.948600005765911,True,272.7661543074061
RSA+AES-256,1000,1,686,390.95800000359304,0.6682000021100976,2.9570999977295287,True,272.7661543074061
RSA+AES-256,1000,1,687,1261.4458999960334,0.7055000023683533,2.9847000041627325,True,272.7661543074061
RSA+AES-256,1000,1,688,209.1106999941985,0.6101000035414472,3.0006000015418977,True,272.7661543074061
RSA+AES-256,1000,1,689,360.3665999980876,0.655100004223641,2.9393000004347414,True,272.7661543074061
RSA+AES-256,1000,1,690,494.8374000014155,0.6026999981258996,2.9925999988336116,True,272.7661543074061
RSA+AES-256,1000,1,691,825.7120999987819,0.62189999880502,2.943299994512927,True,272.7661543074061
RSA+AES-256,1000,1,692,629.6382000000449,0.7007000021985732,2.9550000035669655,True,272.7661543074061
RSA+AES-256,1000,1,693,843.8081999993301,0.654499999654945,2.9012000013608485,True,272.7661543074061
RSA+AES-256,1000,1,694,552.4017999996431,0.6914999976288527,3.071299994189758,True,272.7661543074061
RSA+AES-256,1000,1,695,812.2521000041161,0.7115999978850596,3.544299994246103,True,272.7661543074061
RSA+AES-256,1000,1,696,1110.9266999992542,0.6884000031277537,3.0439999973168597,True,272.7661543074061
RSA+AES-256,1000,1,697,949.9749999959022,0.6377000026986934,3.0899000048520975,True,272.7661543074061
RSA+AES-256,1000,1,698,694.4032000028528,0.6773999994038604,3.0110999941825867,True,272.7661543074061
RSA+AES-256,1000,1,699,312.38950000260957,0.7082000010996126,3.0250999989220873,True,272.7661543074061
RSA+AES-256,1000,1,700,1372.0269000041299,0.7119000001694076,2.987200001371093,True,272.7661543074061
RSA+AES-256,1000,1,701,924.9120999957086,0.6645999965257943,3.061600000364706,True,272.7661543074061
RSA+AES-256,1000,1,702,677.3480999981984,0.6923000037204474,3.086199998506345,True,272.7661543074061
RSA+AES-256,1000,1,703,2147.745999995095,0.6197999973664992,3.009699998074211,True,272.7661543074061
RSA+AES-256,1000,1,704,579.1945000019041,0.6614999947487377,3.164500005368609,True,272.7661543074061
RSA+AES-256,1000,1,705,477.37539999798173,0.662200000078883,3.0072000008658506,True,272.7661543074061
RSA+AES-256,1000,1,706,644.5935999945505,0.6828000041423365,2.8877000004285946,True,272.7661543074061
RSA+AES-256,1000,1,707,1234.8099000009825,0.6546000004163943,2.8626000057556666,True,272.7661543074061
RSA+AES-256,1000,1,708,494.0585000003921,0.6751000037183985,2.9686000052606687,True,272.7661543074061
RSA+AES-256,1000,1,709,444.93879999936325,0.6532999977935106,2.920899998571258,True,272.7661543074061
RSA+AES-256,1000,1,710,980.0956999970367,0.6633000011788681,2.9236999980639666,True,272.7661543074061
RSA+AES-256,1000,1,711,770.3376999998,0.6785999939893372,2.933100004156586,True,272.7661543074061
RSA+AES-256,1000,1,712,473.0630999983987,0.6527999939862639,2.8721999988192692,True,272.7661543074061
RSA+AES-256,1000,1,713,1049.7017999950913,0.6830999991507269,2.939999998488929,True,272.7661543074061
RSA+AES-256,1000,1,714,346.33429999666987,0.6579999972018413,2.8859999947599135,True,272.7661543074061
RSA+AES-256,1000,1,715,195.53620000078809,0.6580999979632907,2.9362000059336424,True,272.7661543074061
RSA+AES-256,1000,1,716,75.46540000475943,0.6094999989727512,2.9359000036492944,True,272.7661543074061
RSA+AES-256,1000,1,717,318.7217000013334,0.6422000005841255,2.9759000026388094,True,272.7661543074061
RSA+AES-256,1000,1,718,703.9847999985795,0.610499999311287,3.3194999996339902,True,272.7661543074061
RSA+AES-256,1000,1,719,109.91400000057183,0.6189999985508621,3.09729999571573,True,272.7661543074061
RSA+AES-256,1000,1,720,196.09800000034738,0.7383999982266687,4.203700002108235,True,272.7661543074061
RSA+AES-256,1000,1,721,1067.1384000015678,0.6973999988986179,3.057099995203316,True,272.7661543074061
RSA+AES-256,1000,1,722,724.8734999957378,0.6700999947497621,2.9810000050929375,True,272.7661543074061
RSA+AES-256,1000,1,723,172.65400000178488,0.6212000007508323,3.3174999989569187,True,272.7661543074061
RSA+AES-256,1000,1,724,363.57760000100825,0.6603000001632608,2.9724999985774048,True,272.7661543074061
RSA+AES-256,1000,1,725,1379.872899997281,0.6881000008434057,3.3613999985391274,True,272.7661543074061
RSA+AES-256,1000,1,726,448.7275999999838,0.6698000070173293,2.898599996115081,True,272.7661543074061
RSA+AES-256,1000,1,727,432.0875000048545,0.6553999992320314,2.892799995606765,True,272.7661543074061
RSA+AES-256,1000,1,728,239.87669999769423,0.6560000038007274,2.9566000011982396,True,272.7661543074061
RSA+AES-256,1000,1,729,646.5679999964777,0.6644000022788532,2.901799998653587,True,272.7661543074061
RSA+AES-256,1000,1,730,998.6325999998371,0.6528999947477132,2.871599994250573,True,272.7661543074061
RSA+AES-256,1000,1,731,823.2888999991701,0.6646999972872436,3.3767999993870035,True,272.7661543074061
RSA+AES-256,1000,1,732,476.1877000055392,0.6689000001642853,2.9023999959463254,True,272.7661543074061
RSA+AES-256,1000,1,733,471.27069999987725,0.7436999949277379,3.2202000002143905,True,272.7661543074061
RSA+AES-256,1000,1,734,1552.5654000011855,0.6569999968633056,2.891999996791128,True,272.7661543074061
RSA+AES-256,1000,1,735,500.1903000011225,0.7007999956840649,2.984699996886775,True,272.7661543074061
RSA+AES-256,1000,1,736,511.1906999954954,0.6573999999091029,2.919099999417085,True,272.7661543074061
RSA+AES-256,1000,1,737,1299.614499999734,0.7082000010996126,3.0138000001898035,True,272.7661543074061
RSA+AES-256,1000,1,738,211.53939999931026,0.6862000009277835,3.0273000011220574,True,272.7661543074061
RSA+AES-256,1000,1,739,749.098899999808,0.676800002111122,2.8980000060983,True,272.7661543074061
RSA+AES-256,1000,1,740,283.81509999599075,0.636800003121607,2.8964000011910684,True,272.7661543074061
RSA+AES-256,1000,1,741,1145.540899997286,0.6673000025330111,2.985300001455471,True,272.7661543074061
RSA+AES-256,1000,1,742,390.91390000248794,0.6554999999934807,2.9205000028014183,True,272.7661543074061
RSA+AES-256,1000,1,743,1543.9215000005788,0.6745999999111518,2.9236999980639666,True,272.7661543074061
RSA+AES-256,1000,1,744,310.91519999608863,0.6391999995685183,2.9537000009440817,True,272.7661543074061
RSA+AES-256,1000,1,745,367.2422999952687,0.6645999965257943,2.8679999959422275,True,272.7661543074061
RSA+AES-256,1000,1,746,1157.4213999992935,0.6890000004204921,3.0301999941002578,True,272.7661543074061
RSA+AES-256,1000,1,747,1016.427599999588,0.6787000020267442,2.98359999578679,True,272.7661543074061
RSA+AES-256,1000,1,748,707.9731999983778,0.6539000023622066,2.9352999990805984,True,272.7661543074061
RSA+AES-256,1000,1,749,420.454899998731,0.6364000000758097,2.9050999946775846,True,272.7661543074061
RSA+AES-256,1000,1,750,547.8847000049427,0.6818999972892925,2.9323999988264404,True,272.7661543074061
RSA+AES-256,1000,1,751,201.35640000080457,0.6396000026143156,2.8887000007671304,True,272.7661543074061
RSA+AES-256,1000,1,752,970.6100000039442,0.6120999969425611,2.9271000021253712,True,272.7661543074061
RSA+AES-256,1000,1,753,1353.8000000044121,0.7370000021182932,2.9760000034002587,True,272.7661543074061
RSA+AES-256,1000,1,754,1011.5339000039967,0.683400001435075,2.939000005426351,True,272.7661543074061
RSA+AES-256,1000,1,755,187.19920000148704,0.5999999993946403,2.8986000033910386,True,272.7661543074061
RSA+AES-256,1000,1,756,1072.560100001283,0.6591999990632758,2.89649999467656,True,272.7661543074061
RSA+AES-256,1000,1,757,279.1880000004312,0.6103999985498376,2.9603999937535264,True,272.7661543074061
RSA+AES-256,1000,1,758,1621.7752999946242,0.6720999954268336,2.9060000015306287,True,272.7661543074061
RSA+AES-256,1000,1,759,1010.7877999980701,0.6628999981330708,3.095799998845905,True,272.7661543074061
RSA+AES-256,1000,1,760,594.2787999956636,0.6976000004215166,3.068199999688659,True,272.7661543074061
RSA+AES-256,1000,1,761,470.83549999661045,0.672800000756979,2.9030000005150214,True,272.7661543074061
RSA+AES-256,1000,1,762,1594.5348000022932,0.6782999989809468,2.8766999967047013,True,272.7661543074061
RSA+AES-256,1000,1,763,270.68619999772636,0.6332000048132613,2.893700002459809,True,272.7661543074061
RSA+AES-256,1000,1,764,520.6414999993285,0.7236999954329804,3.006200000527315,True,272.7661543074061
RSA+AES-256,1000,1,765,1686.9848999995156,0.6694999974570237,2.9316000000108033,True,272.7661543074061
RSA+AES-256,1000,1,766,145.80209999985527,0.6455999973695725,2.979899996716995,True,272.7661543074061
RSA+AES-256,1000,1,767,262.9067000016221,0.6496999994851649,2.8994999956921674,True,272.7661543074061
RSA+AES-256,1000,1,768,389.2898999984027,0.6919000006746501,2.9358999963733368,True,272.7661543074061
RSA+AES-256,1000,1,769,664.8869999989984,0.6785000005038455,2.933399999164976,True,272.7661543074061
RSA+AES-256,1000,1,770,523.8940999988699,0.687899999320507,3.042999996978324,True,272.7661543074061
RSA+AES-256,1000,1,771,788.5748999979114,0.6272999962675385,2.85730000177864,True,272.7661543074061
RSA+AES-256,1000,1,772,580.0292000058107,0.6757000010111369,2.8894000060972758,True,272.7661543074061
RSA+AES-256,1000,1,773,551.0112999982084,0.6413999944925308,3.028300001460593,True,272.7661543074061
RSA+AES-256,1000,1,774,1412.6972000012756,0.6635000027017668,2.936500000942033,True,272.7661543074061
RSA+AES-256,1000,1,775,554.4238999937079,0.6493000037153251,2.9054000042378902,True,272.7661543074061
RSA+AES-256,1000,1,776,949.9252000023262,0.6572999991476536,2.9298000008566305,True,272.7661543074061
RSA+AES-256,1000,1,777,331.5275000059046,0.6748000014340505,2.962799997476395,True,272.7661543074061
RSA+AES-256,1000,1,778,173.57569999876432,0.6271000020205975,2.9651000004378147,True,272.7661543074061
RSA+AES-256,1000,1,779,790.6249000006937,0.6241999944904819,2.8660000025411136,True,272.7661543074061
RSA+AES-256,1000,1,780,362.12459999660496,0.6500000017695129,2.960099998745136,True,272.7661543074061
RSA+AES-256,1000,1,781,288.06859999895096,0.6825000018579885,2.9614000013680197,True,272.7661543074061
RSA+AES-256,1000,1,782,306.05629999627126,0.6745999999111518,3.0155999993439764,True,272.7661543074061
RSA+AES-256,1000,1,783,627.7827000012621,0.6100000027799979,2.9360000044107437,True,272.7661543074061
RSA+AES-256,1000,1,784,823.4741999985999,0.6794000000809319,2.9995000004419126,True,272.7661543074061
RSA+AES-256,1000,1,785,433.2412999938242,0.6967000008444302,2.9081999964546412,True,272.7661543074061
RSA+AES-256,1000,1,786,1503.2637000040268,0.6664000029559247,3.0409999963012524,True,272.7661543074061
RSA+AES-256,1000,1,787,1051.2982000000193,0.6802999996580184,2.9662000015378,True,272.7661543074061
RSA+AES-256,1000,1,788,1688.7035000036121,0.6919000006746501,3.436799997871276,True,272.7661543074061
RSA+AES-256,1000,1,789,280.35169999930076,0.6128999957581982,2.886899994337,True,272.7661543074061
RSA+AES-256,1000,1,790,477.184400006081,0.6619999985559843,2.848299998731818,True,272.7661543074061
RSA+AES-256,1000,1,791,969.6414999998524,0.6794999935664237,2.9865000033169053,True,272.7661543074061
RSA+AES-256,1000,1,792,1367.584399995394,0.6883999958517961,3.0075999966356903,True,272.7661543074061
RSA+AES-256,1000,1,793,379.8841000025277,0.6812999999965541,2.9298000008566305,True,272.7661543074061
RSA+AES-256,1000,1,794,64.72670000221115,0.6337000013445504,2.8805000038119033,True,272.7661543074061
RSA+AES-256,1000,1,795,172.92530000122497,0.6578000029549003,3.0576999997720122,True,272.7661543074061
RSA+AES-256,1000,1,796,1515.5305000007502,0.6807999961893074,2.9103000051691197,True,272.7661543074061
RSA+AES-256,1000,1,797,486.87889999564504,0.6872000012663193,3.0159000016283244,True,272.7661543074061
RSA+AES-256,1000,1,798,492.5416999976733,0.6627000038861297,2.894400000513997,True,272.7661543074061
RSA+AES-256,1000,1,799,895.3074000019114,0.6611000062548555,2.962500002468005,True,272.7661543074061
RSA+AES-256,1000,1,800,438.9655999984825,0.6566000010934658,3.0012999995960854,True,272.7661543074061
RSA+AES-256,1000,1,801,904.0712999994867,0.7105999975465238,3.0363000041688792,True,272.7661543074061
RSA+AES-256,1000,1,802,810.5788000029861,0.6522999974549748,2.8941000055056065,True,272.7661543074061
RSA+AES-256,1000,1,803,211.77760000136914,0.6490000014309771,2.9179999983171,True,272.7661543074061
RSA+AES-256,1000,1,804,514.4868999996106,0.6496999994851649,2.8731000056723133,True,272.7661543074061
RSA+AES-256,1000,1,805,1556.5392000062275,0.7521000006818213,3.438899999309797,True,272.7661543074061
RSA+AES-256,1000,1,806,331.3399000035133,0.7374000051640905,3.2554999997955747,True,272.7661543074061
RSA+AES-256,1000,1,807,3000.612399999227,0.6780000039725564,3.000400000018999,True,272.7661543074061
RSA+AES-256,1000,1,808,609.49179999443,0.7059999988996424,2.8875999996671453,True,272.7661543074061
RSA+AES-256,1000,1,809,227.2951999984798,0.6170000051497482,2.879300001950469,True,272.7661543074061
RSA+AES-256,1000,1,810,248.16519999876618,0.6694999974570237,2.940499995020218,True,272.7661543074061
RSA+AES-256,1000,1,811,312.6295000038226,0.6562999988091178,2.9881000009481795,True,272.7661543074061
RSA+AES-256,1000,1,812,581.658700000844,0.6626999966101721,2.868099996703677,True,272.7661543074061
RSA+AES-256,1000,1,813,883.0421000020579,0.6745999999111518,2.9715999990003183,True,272.7661543074061
RSA+AES-256,1000,1,814,323.32770000357414,0.6636000034632161,2.950299996882677,True,272.7661543074061
RSA+AES-256,1000,1,815,636.1793000032776,0.6567000018549152,2.88169999839738,True,272.7661543074061
RSA+AES-256,1000,1,816,1034.4792000032612,0.7073000015225261,2.978899996378459,True,272.7661543074061
RSA+AES-256,1000,1,817,451.3769000041066,0.6519999951706268,2.917500001785811,True,272.7661543074061
RSA+AES-256,1000,1,818,739.8873999991338,0.5964000010862947,2.9203000012785196,True,272.7661543074061
RSA+AES-256,1000,1,819,119.18549999973038,0.5674999993061647,2.8945000012754463,True,272.7661543074061
RSA+AES-256,1000,1,820,300.9318999975221,0.6795000008423813,2.8986999968765303,True,272.7661543074061
RSA+AES-256,1000,1,821,848.7475000001723,0.6827000033808872,2.9363000066950917,True,272.7661543074061
RSA+AES-256,1000,1,822,413.08589999971446,0.6460000004153699,2.880899999581743,True,272.7661543074061
RSA+AES-256,1000,1,823,1001.4395999969565,0.646799999231007,2.8953000000910833,True,272.7661543074061
RSA+AES-256,1000,1,824,1572.3712999970303,0.6720000019413419,2.878399995097425,True,272.7661543074061
RSA+AES-256,1000,1,825,1560.3604999996605,0.6547000011778437,2.8968999977223575,True,272.7661543074061
RSA+AES-256,1000,1,826,588.7981000050786,0.6649999995715916,3.0757999993511476,True,272.7661543074061
RSA+AES-256,1000,1,827,923.4290000022156,0.6716999996569939,3.001999997650273,True,272.7661543074061
RSA+AES-256,1000,1,828,1214.2389000000549,0.6719000011798926,2.9140999977244064,True,272.7661543074061
RSA+AES-256,1000,1,829,571.2583999993512,0.683700003719423,2.8652000037254766,True,272.7661543074061
RSA+AES-256,1000,1,830,988.5288000004948,0.6712000031257048,2.946100001281593,True,272.7661543074061
RSA+AES-256,1000,1,831,808.1056000009994,0.6711000023642555,2.9877999986638315,True,272.7661543074061
RSA+AES-256,1000,1,832,232.245300001523,0.6556000007549301,2.8920999975525774,True,272.7661543074061
RSA+AES-256,1000,1,833,1195.7856000008178,0.6829999983892776,2.9630999997607432,True,272.7661543074061
RSA+AES-256,1000,1,834,786.3682999959565,0.6752999979653396,2.9099000021233223,True,272.7661543074061
RSA+AES-256,1000,1,835,2132.824799999071,0.6565000003320165,2.926699999079574,True,272.7661543074061
RSA+AES-256,1000,1,836,79.88949999707984,0.8925000001909211,2.9395999954431318,True,272.7661543074061
RSA+AES-256,1000,1,837,577.8589000037755,0.6659000064246356,2.955099997052457,True,272.7661543074061
RSA+AES-256,1000,1,838,746.3695999977062,0.6601999994018115,2.9161999991629273,True,272.7661543074061
RSA+AES-256,1000,1,839,634.4387999997707,0.6807000027038157,2.979199998662807,True,272.7661543074061
RSA+AES-256,1000,1,840,1308.691700003692,0.6524000054923818,2.9137000019545667,True,272.7661543074061
RSA+AES-256,1000,1,841,428.1406000009156,0.6762999983038753,2.958500001113862,True,272.7661543074061
RSA+AES-256,1000,1,842,1112.046599999303,0.7799000013619661,2.9647999981534667,True,272.7661543074061
RSA+AES-256,1000,1,843,722.3816000041552,0.6565000003320165,2.864499998395331,True,272.7661543074061
RSA+AES-256,1000,1,844,671.2458999973023,0.6250000005820766,2.943399995274376,True,272.7661543074061
RSA+AES-256,1000,1,845,1426.0375000012573,0.6477999995695427,2.9102000044076703,True,272.7661543074061
RSA+AES-256,1000,1,846,308.09189999854425,0.6683000028715469,2.948000001197215,True,272.7661543074061
RSA+AES-256,1000,1,847,236.62289999629138,0.6739000018569641,2.91579999611713,True,272.7661543074061
RSA+AES-256,1000,1,848,1388.5530999978073,0.6724000049871393,3.009399995789863,True,272.7661543074061
RSA+AES-256,1000,1,849,699.2255999939516,0.6855999963590875,2.9054000042378902,True,272.7661543074061
RSA+AES-256,1000,1,850,1119.453600003908,0.6802999996580184,2.977100004500244,True,272.7661543074061
RSA+AES-256,1000,1,851,194.12899999588262,0.7361000025412068,2.9783000063616782,True,272.7661543074061
RSA+AES-256,1000,1,852,313.1074000048102,0.6704999977955595,2.9642000008607283,True,272.7661543074061
RSA+AES-256,1000,1,853,540.8613999970839,0.6714000046486035,3.02949999604607,True,272.7661543074061
RSA+AES-256,1000,1,854,2625.7623999990756,0.6567000018549152,2.868099996703677,True,272.7661543074061
RSA+AES-256,1000,1,855,383.7917000055313,0.6491999956779182,3.1710999974166043,True,272.7661543074061
RSA+AES-256,1000,1,856,237.7686999971047,0.6320000029518269,2.892299999075476,True,272.7661543074061
RSA+AES-256,1000,1,857,292.0758000036585,0.6843000010121614,2.965399995446205,True,272.7661543074061
RSA+AES-256,1000,1,858,805.3641000005882,0.7045999955153093,2.952200004074257,True,272.7661543074061
RSA+AES-256,1000,1,859,1805.2545999962604,0.5936000015935861,2.9617000036523677,True,272.7661543074061
RSA+AES-256,1000,1,860,173.61739999614656,0.6830999991507269,2.953800001705531,True,272.7661543074061
RSA+AES-256,1000,1,861,883.7012000003597,0.6696000054944307,2.9680999941774644,True,272.7661543074061
RSA+AES-256,1000,1,862,778.106799996749,0.6584000002476387,2.8970000057597645,True,272.7661543074061
RSA+AES-256,1000,1,863,526.3486000039848,0.6785000005038455,3.0819000021438114,True,272.7661543074061
RSA+AES-256,1000,1,864,354.973900000914,0.6744999991497025,3.0001000050106086,True,272.7661543074061
RSA+AES-256,1000,1,865,221.91169999859994,0.6953000047360547,3.002199999173172,True,272.7661543074061
RSA+AES-256,1000,1,866,488.4973000007449,0.6991999980527908,2.9456999982357956,True,272.7661543074061
RSA+AES-256,1000,1,867,138.73830000375165,0.6391000060830265,2.9569000034825876,True,272.7661543074061
RSA+AES-256,1000,1,868,843.5004999992088,0.7584999984828755,3.0423999996855855,True,272.7661543074061
RSA+AES-256,1000,1,869,300.09699999936856,0.6420999998226762,3.0168999946909025,True,272.7661543074061
RSA+AES-256,1000,1,870,605.685700000322,0.6603000001632608,2.9045999981462955,True,272.7661543074061
RSA+AES-256,1000,1,871,304.3141000016476,0.665899999148678,2.913699994678609,True,272.7661543074061
RSA+AES-256,1000,1,872,193.80800000362797,0.6679999933112413,2.976600000692997,True,272.7661543074061
RSA+AES-256,1000,1,873,502.508300000045,0.7105000040610321,2.9781999983242713,True,272.7661543074061
RSA+AES-256,1000,1,874,1324.832799997239,0.687599997036159,2.988300002471078,True,272.7661543074061
RSA+AES-256,1000,1,875,463.70390000083717,0.712499997462146,3.1343000009655952,True,272.7661543074061
RSA+AES-256,1000,1,876,629.528700002993,0.705599995853845,2.8915999937453307,True,272.7661543074061
RSA+AES-256,1000,1,877,313.0185000045458,0.6362999993143603,2.897499995015096,True,272.7661543074061
RSA+AES-256,1000,1,878,765.764499999932,0.7121000016923063,2.8961999996681698,True,272.7661543074061
RSA+AES-256,1000,1,879,274.58369999658316,0.6756000002496876,2.913500000431668,True,272.7661543074061
RSA+AES-256,1000,1,880,281.0029000029317,0.60450000455603,2.9869999998481944,True,272.7661543074061
RSA+AES-256,1000,1,881,465.7045999992988,0.6456999981310219,2.9319000022951514,True,272.7661543074061
RSA+AES-256,1000,1,882,148.24940000107745,0.6222999945748597,2.898099999583792,True,272.7661543074061
RSA+AES-256,1000,1,883,849.5662999994238,0.6986999942455441,2.9339999964577146,True,272.7661543074061
RSA+AES-256,1000,1,884,245.6566000037128,0.6541000038851053,2.9906999989179894,True,272.7661543074061
RSA+AES-256,1000,1,885,279.79310000227997,0.6790000043110922,3.2219999993685633,True,272.7661543074061
RSA+AES-256,1000,1,886,571.5930000005756,0.6678999998257495,3.0111000014585443,True,272.7661543074061
RSA+AES-256,1000,1,887,480.83230000338517,0.6971999973757192,2.9642000008607283,True,272.7661543074061
RSA+AES-256,1000,1,888,51.09649999940302,0.6563999995705672,2.9778000025544316,True,272.7661543074061
RSA+AES-256,1000,1,889,575.4860000015469,0.6648999988101423,2.997000003233552,True,272.7661543074061
RSA+AES-256,1000,1,890,224.2400999966776,0.6625999958487228,2.962800004752353,True,272.7661543074061
RSA+AES-256,1000,1,891,452.6915999958874,0.6490000014309771,3.0096000045887195,True,272.7661543074061
RSA+AES-256,1000,1,892,1169.2040999987512,0.7083000018610619,2.9781999983242713,True,272.7661543074061
RSA+AES-256,1000,1,893,598.5067000001436,0.6981000042287633,2.9599999979836866,True,272.7661543074061
RSA+AES-256,1000,1,894,445.720200004871,0.6759999960195273,2.910100003646221,True,272.7661543074061
RSA+AES-256,1000,1,895,532.4184999990393,0.6722999969497323,2.933099996880628,True,272.7661543074061
RSA+AES-256,1000,1,896,222.77340000437107,0.6486999991466291,2.9866000040783547,True,272.7661543074061
RSA+AES-256,1000,1,897,583.3305000051041,0.665100000333041,2.878699997381773,True,272.7661543074061
RSA+AES-256,1000,1,898,1535.6122000011965,0.6645999965257943,2.8762000001734123,True,272.7661543074061
RSA+AES-256,1000,1,899,351.0683999993489,0.7288999986485578,2.9935000056866556,True,272.7661543074061
RSA+AES-256,1000,1,900,406.0161000015796,0.6406000029528514,2.965299994684756,True,272.7661543074061
RSA+AES-256,1000,1,901,1516.498099997989,0.6952999974600971,2.968599997984711,True,272.7661543074061
RSA+AES-256,1000,1,902,338.5887000040384,0.6417999975383282,2.867600000172388,True,272.7661543074061
RSA+AES-256,1000,1,903,1673.1925000058254,0.6857999978819862,2.926399996795226,True,272.7661543074061
RSA+AES-256,1000,1,904,463.79609999712557,0.6596000021090731,3.2222999943769537,True,272.7661543074061
RSA+AES-256,1000,1,905,754.0515000000596,0.6848999983048998,3.0460999987553805,True,272.7661543074061
RSA+AES-256,1000,1,906,345.0133000005735,0.6896999984746799,2.961999998660758,True,272.7661543074061
RSA+AES-256,1000,1,907,948.1798999986495,0.6664000029559247,2.878799998143222,True,272.7661543074061
RSA+AES-256,1000,1,908,1141.2841000055778,0.6644000022788532,2.955700001621153,True,272.7661543074061
RSA+AES-256,1000,1,909,625.0135000009323,0.6675999975414015,2.9128000023774803,True,272.7661543074061
RSA+AES-256,1000,1,910,554.0469000043231,0.6540999966091476,2.86469999991823,True,272.7661543074061
RSA+AES-256,1000,1,911,906.6186999989441,0.655100004223641,2.914600001531653,True,272.7661543074061
RSA+AES-256,1000,1,912,331.4708999969298,0.6579999972018413,2.977299998747185,True,272.7661543074061
RSA+AES-256,1000,1,913,579.2961999977706,0.6524999989778735,2.8945000012754463,True,272.7661543074061
RSA+AES-256,1000,1,914,815.1339000032749,0.6849000055808574,2.947900000435766,True,272.7661543074061
RSA+AES-256,1000,1,915,733.7987999999314,0.6630999996559694,2.8633000038098544,True,272.7661543074061
RSA+AES-256,1000,1,916,886.1953999949037,0.6786000012652948,2.966000000014901,True,272.7661543074061
RSA+AES-256,1000,1,917,1393.8793999986956,0.6396000026143156,3.0263000007835217,True,272.7661543074061
RSA+AES-256,1000,1,918,681.5641000066535,0.6701000020257197,2.9397999969660304,True,272.7661543074061
RSA+AES-256,1000,1,919,1206.240200001048,0.6811999992351048,2.9644999958691187,True,272.7661543074061
RSA+AES-256,1000,1,920,519.7334999975283,0.647599998046644,2.8630000015255064,True,272.7661543074061
RSA+AES-256,1000,1,921,896.9240000005811,0.6928000002517365,3.008599996974226,True,272.7661543074061
RSA+AES-256,1000,1,922,469.02769999724114,0.6787999955122359,2.893799995945301,True,272.7661543074061
RSA+AES-256,1000,1,923,1064.470600002096,0.6559999965247698,2.9068000003462657,True,272.7661543074061
RSA+AES-256,1000,1,924,152.4728000003961,0.6673999960185029,3.198600003088359,True,272.7661543074061
RSA+AES-256,1000,1,925,195.18629999947734,0.6117000011727214,2.891800002544187,True,272.7661543074061
RSA+AES-256,1000,1,926,1026.3826999944285,0.651100002869498,2.888900002290029,True,272.7661543074061
RSA+AES-256,1000,1,927,591.3088000015705,0.6575000006705523,2.9062000030535273,True,272.7661543074061
RSA+AES-256,1000,1,928,434.9304999996093,0.6815000015194528,2.955100004328415,True,272.7661543074061
RSA+AES-256,1000,1,929,373.94879999919794,0.6852999940747395,2.971800000523217,True,272.7661543074061
RSA+AES-256,1000,1,930,737.6541000048746,0.6661000006715767,2.989600005093962,True,272.7661543074061
RSA+AES-256,1000,1,931,915.9147999962443,0.7009999972069636,2.957000004244037,True,272.7661543074061
RSA+AES-256,1000,1,932,671.3488000023062,0.6872000012663193,2.9950000025564805,True,272.7661543074061
RSA+AES-256,1000,1,933,704.391500003112,0.65080000058515,2.9166000022087246,True,272.7661543074061
RSA+AES-256,1000,1,934,1249.665899995307,0.6571999983862042,3.013400004419964,True,272.7661543074061
RSA+AES-256,1000,1,935,539.5286999992095,0.7122000024537556,3.1095000013010576,True,272.7661543074061
RSA+AES-256,1000,1,936,673.2323999967775,0.6751000037183985,2.9741999969701283,True,272.7661543074061
RSA+AES-256,1000,1,937,646.3700999956927,0.6811999992351048,2.9885999974794686,True,272.7661543074061
RSA+AES-256,1000,1,938,918.3124000046519,0.686499995936174,2.9376999955275096,True,272.7661543074061
RSA+AES-256,1000,1,939,84.49990000372054,0.578500003030058,2.8267000016057864,True,272.7661543074061
RSA+AES-256,1000,1,940,902.6264999993145,0.6900000007590279,3.060400005779229,True,272.7661543074061
RSA+AES-256,1000,1,941,841.8050999971456,0.6621000065933913,2.9173000002629124,True,272.7661543074061
RSA+AES-256,1000,1,942,133.7340000027325,0.676800002111122,3.014200003235601,True,272.7661543074061
RSA+AES-256,1000,1,943,446.61030000133906,0.6546000004163943,2.990400003909599,True,272.7661543074061
RSA+AES-256,1000,1,944,1620.109899995441,0.7127000062610023,3.018700001121033,True,272.7661543074061
RSA+AES-256,1000,1,945,1150.7611999986693,0.6242999952519313,2.9508000006899238,True,272.7661543074061
RSA+AES-256,1000,1,946,1046.3812000016333,0.6933999975444749,2.9900000008638017,True,272.7661543074061
RSA+AES-256,1000,1,947,302.99399999785237,0.6655000033788383,2.8762000001734123,True,272.7661543074061
RSA+AES-256,1000,1,948,1840.1362000004156,0.6577999956789427,2.9646000039065257,True,272.7661543074061
RSA+AES-256,1000,1,949,463.12269999907585,0.6563999995705672,3.0016000018804334,True,272.7661543074061
RSA+AES-256,1000,1,950,703.3092000056058,0.6423999948310666,2.9951999968034215,True,272.7661543074061
RSA+AES-256,1000,1,951,379.39580000238493,0.712199995177798,2.9916000057710335,True,272.7661543074061
RSA+AES-256,1000,1,952,510.41609999811044,0.6620999993174337,3.3643999995547347,True,272.7661543074061
RSA+AES-256,1000,1,953,874.8829000032856,0.6880000000819564,2.8904999999213032,True,272.7661543074061
RSA+AES-256,1000,1,954,124.12599999515805,0.6503999975393526,2.9823000004398637,True,272.7661543074061
RSA+AES-256,1000,1,955,1484.8355000067386,0.6929000010131858,3.1556999965687282,True,272.7661543074061
RSA+AES-256,1000,1,956,384.78890000260435,0.6481000018538907,3.0017999961273745,True,272.7661543074061
RSA+AES-256,1000,1,957,869.9268000054872,0.6595000013476238,2.8634999980567954,True,272.7661543074061
RSA+AES-256,1000,1,958,1673.4705999988364,0.6670000002486631,2.908700000261888,True,272.7661543074061
RSA+AES-256,1000,1,959,1080.4875000030734,0.7139000008464791,2.943999999843072,True,272.7661543074061
RSA+AES-256,1000,1,960,1204.6525999976438,0.6061999956727959,2.9451000009430572,True,272.7661543074061
RSA+AES-256,1000,1,961,97.71630000614095,0.6366000015987083,2.979599994432647,True,272.7661543074061
RSA+AES-256,1000,1,962,736.976300002425,0.6719999946653843,2.969599998323247,True,272.7661543074061
RSA+AES-256,1000,1,963,1349.691499999608,0.6682000021100976,3.0116999987512827,True,272.7661543074061
RSA+AES-256,1000,1,964,701.2660000036703,0.6681000013486482,2.9630000062752515,True,272.7661543074061
RSA+AES-256,1000,1,965,510.7646999967983,0.6184000012581237,2.9686999987461604,True,272.7661543074061
RSA+AES-256,1000,1,966,1514.3891999978223,0.6734999988111667,2.900200001022313,True,272.7661543074061
RSA+AES-256,1000,1,967,564.8677999997744,0.9167000025627203,2.973299997393042,True,272.7661543074061
RSA+AES-256,1000,1,968,1370.6792000011774,0.6782999989809468,2.9465000043273903,True,272.7661543074061
RSA+AES-256,1000,1,969,937.5004000030458,0.6186000027810223,3.0222999994293787,True,272.7661543074061
RSA+AES-256,1000,1,970,648.9986999949906,0.6569000033778138,2.953499999421183,True,272.7661543074061
RSA+AES-256,1000,1,971,574.3734999996377,0.6608999974559993,2.9060000015306287,True,272.7661543074061
RSA+AES-256,1000,1,972,926.5760999987833,0.658800003293436,2.8698999958578497,True,272.7661543074061
RSA+AES-256,1000,1,973,266.5673000010429,0.7033000001683831,2.903900000092108,True,272.7661543074061
RSA+AES-256,1000,1,974,967.4933000060264,0.9178999971481971,2.9763000056846067,True,272.7661543074061
RSA+AES-256,1000,1,975,659.7867000018596,0.6063999971956946,2.976999996462837,True,272.7661543074061
RSA+AES-256,1000,1,976,931.6726999968523,0.6094999989727512,2.9603999937535264,True,272.7661543074061
RSA+AES-256,1000,1,977,522.3928999985219,0.6536000000778586,2.881800006434787,True,272.7661543074061
RSA+AES-256,1000,1,978,1293.9251999996486,0.6767000013496727,2.9049000004306436,True,272.7661543074061
RSA+AES-256,1000,1,979,2043.1310999993002,0.6626999966101721,2.8806999980588444,True,272.7661543074061
RSA+AES-256,1000,1,980,687.6142000037362,0.731100000848528,2.9506999999284744,True,272.7661543074061
RSA+AES-256,1000,1,981,463.406800001394,0.6625999958487228,3.16249999741558,True,272.7661543074061
RSA+AES-256,1000,1,982,649.8204000017722,0.6446999977924861,2.885500005504582,True,272.7661543074061
RSA+AES-256,1000,1,983,456.56550000421703,0.7939999995869584,3.0122000025585294,True,272.7661543074061
RSA+AES-256,1000,1,984,735.5697999955737,0.6759999960195273,2.9431000002659857,True,272.7661543074061
RSA+AES-256,1000,1,985,481.26699999556877,0.6673000025330111,3.294499998446554,True,272.7661543074061
RSA+AES-256,1000,1,986,887.8134999977192,0.6914999976288527,2.973299997393042,True,272.7661543074061
RSA+AES-256,1000,1,987,2255.169100004423,0.6904000038048252,2.916899997217115,True,272.7661543074061
RSA+AES-256,1000,1,988,657.2932000053697,0.6770999971195124,2.890200004912913,True,272.7661543074061
RSA+AES-256,1000,1,989,1045.262300001923,0.635599993984215,2.995700000610668,True,272.7661543074061
RSA+AES-256,1000,1,990,1036.358299999847,0.6084999986342154,2.9121000043232925,True,272.7661543074061
RSA+AES-256,1000,1,991,844.0230999985943,0.6804000004194677,2.900799998315051,True,272.7661543074061
RSA+AES-256,1000,1,992,1893.7776000020676,0.7049999985611066,2.979699995194096,True,272.7661543074061
RSA+AES-256,1000,1,993,1401.1328000051435,0.6895999977132306,3.0321000012918375,True,272.7661543074061
RSA+AES-256,1000,1,994,1220.2644999997574,0.7070999999996275,2.937200006272178,True,272.7661543074061
RSA+AES-256,1000,1,995,248.87129999842728,0.6847999975434504,2.949800000351388,True,272.7661543074061
RSA+AES-256,1000,1,996,613.8488000069628,0.6958000012673438,2.981499994348269,True,272.7661543074061
RSA+AES-256,1000,1,997,328.98150000255555,0.6855999963590875,2.873000004910864,True,272.7661543074061
RSA+AES-256,1000,1,998,350.7157000058214,0.6209999992279336,3.0141000024741516,True,272.7661543074061
RSA+AES-256,1000,1,999,715.3198000014527,0.654800001939293,2.9045999981462955,True,272.7661543074061
RSA+AES-256,1000,1,1000,235.56850000022678,0.669599998218473,3.019199997652322,True,272.7661543074061
