scheme,volume,repetition,transaction_id,key_gen_time,encryption_time,decryption_time,integrity_verified,throughput
RSA+AES-256,1000,2,1,1648.9596000028541,23.600900000019465,3.278099997260142,True,271.5861639757305
RSA+AES-256,1000,2,2,336.00870000373106,0.6881000008434057,3.076699998928234,True,271.5861639757305
RSA+AES-256,1000,2,3,513.8218000065535,0.6740000026184134,2.9922999965492636,True,271.5861639757305
RSA+AES-256,1000,2,4,1299.1342000022996,0.6890000004204921,3.007600003911648,True,271.5861639757305
RSA+AES-256,1000,2,5,217.20410000125412,0.6797999958507717,2.912200005084742,True,271.5861639757305
RSA+AES-256,1000,2,6,269.76830000057817,0.6661000006715767,2.951599999505561,True,271.5861639757305
RSA+AES-256,1000,2,7,421.0445999997319,0.6247999990591779,2.9352999990805984,True,271.5861639757305
RSA+AES-256,1000,2,8,495.4448999997112,0.6226000041351654,2.986299994518049,True,271.5861639757305
RSA+AES-256,1000,2,9,380.485999994562,0.6814000007580034,2.947900000435766,True,271.5861639757305
RSA+AES-256,1000,2,10,1474.0896999937831,0.662200000078883,3.2441000003018416,True,271.5861639757305
RSA+AES-256,1000,2,11,416.68319999735104,0.6623999943258241,3.084599993599113,True,271.5861639757305
RSA+AES-256,1000,2,12,1836.9323000006261,0.7428999961121008,2.9348000025493093,True,271.5861639757305
RSA+AES-256,1000,2,13,330.0107000031858,0.6753999987267889,2.898899998399429,True,271.5861639757305
RSA+AES-256,1000,2,14,954.3444000009913,0.6635999961872585,3.0145999990054406,True,271.5861639757305
RSA+AES-256,1000,2,15,626.2169000037829,0.6971000038902275,3.080099995713681,True,271.5861639757305
RSA+AES-256,1000,2,16,678.9234000025317,0.6706999993184581,2.9750999965472147,True,271.5861639757305
RSA+AES-256,1000,2,17,525.5501000065124,0.6619999985559843,2.8645999991567805,True,271.5861639757305
RSA+AES-256,1000,2,18,1152.935800004343,0.7282000005943701,2.956099997390993,True,271.5861639757305
RSA+AES-256,1000,2,19,272.99779999884777,0.6395000018528663,2.8928999963682145,True,271.5861639757305
RSA+AES-256,1000,2,20,149.09040000202367,0.6462999954237603,2.9023000024608336,True,271.5861639757305
RSA+AES-256,1000,2,21,1767.2987000041758,0.6553999992320314,2.9199999989941716,True,271.5861639757305
RSA+AES-256,1000,2,22,524.5485999985249,0.6634999954258092,2.908700000261888,True,271.5861639757305
RSA+AES-256,1000,2,23,1376.2037999986205,0.6655000033788383,2.97580000187736,True,271.5861639757305
RSA+AES-256,1000,2,24,248.71030000213068,0.6450000000768341,2.9070000018691644,True,271.5861639757305
RSA+AES-256,1000,2,25,1150.4155000002356,0.6896999984746799,2.9939000014564954,True,271.5861639757305
RSA+AES-256,1000,2,26,634.1675000003306,0.6783999997423962,2.9198000047472306,True,271.5861639757305
RSA+AES-256,1000,2,27,848.9297999985865,0.6825000018579885,2.988099993672222,True,271.5861639757305
RSA+AES-256,1000,2,28,1246.9578000018373,0.6652000010944903,2.904499997384846,True,271.5861639757305
RSA+AES-256,1000,2,29,783.5017000033986,0.6639999992330559,2.9678000064450316,True,271.5861639757305
RSA+AES-256,1000,2,30,475.61080000014044,0.6671000010101125,2.897100006521214,True,271.5861639757305
RSA+AES-256,1000,2,31,206.95649999834131,0.6654999961028807,2.964700004667975,True,271.5861639757305
RSA+AES-256,1000,2,32,1634.8465999981272,0.6018000058247708,2.8972999934921972,True,271.5861639757305
RSA+AES-256,1000,2,33,817.0615999988513,0.6590000048163347,2.950299996882677,True,271.5861639757305
RSA+AES-256,1000,2,34,1359.4344000011915,0.6699000005028211,2.92250000347849,True,271.5861639757305
RSA+AES-256,1000,2,35,188.93389999720966,0.6682999955955893,3.0186000003595836,True,271.5861639757305
RSA+AES-256,1000,2,36,701.5645999999833,0.6744999991497025,2.8972000000067055,True,271.5861639757305
RSA+AES-256,1000,2,37,276.21569999610074,0.6836999964434654,3.2906999986153096,True,271.5861639757305
RSA+AES-256,1000,2,38,713.1974000003538,0.6715999988955446,2.952300004835706,True,271.5861639757305
RSA+AES-256,1000,2,39,558.6432000054629,0.6854000021121465,2.9961000036564656,True,271.5861639757305
RSA+AES-256,1000,2,40,758.0835000044317,0.6743000049027614,3.461300002527423,True,271.5861639757305
RSA+AES-256,1000,2,41,368.6859000008553,0.6747000006726012,2.980299999762792,True,271.5861639757305
RSA+AES-256,1000,2,42,629.7237999970093,0.6788999962736852,2.912399999331683,True,271.5861639757305
RSA+AES-256,1000,2,43,784.7641999978805,0.7073000015225261,2.9727000001003034,True,271.5861639757305
RSA+AES-256,1000,2,44,1000.4833999992115,0.690199995005969,2.980699995532632,True,271.5861639757305
RSA+AES-256,1000,2,45,1294.3318999969051,0.6685000043944456,2.981300000101328,True,271.5861639757305
RSA+AES-256,1000,2,46,311.1388000033912,0.6406000029528514,2.9802000062773004,True,271.5861639757305
RSA+AES-256,1000,2,47,551.5125999954762,0.6561999980476685,2.9177999967942014,True,271.5861639757305
RSA+AES-256,1000,2,48,398.2516999967629,0.6059000006644055,2.9761999976472,True,271.5861639757305
RSA+AES-256,1000,2,49,898.7708999993629,0.6681000013486482,3.2183000002987683,True,271.5861639757305
RSA+AES-256,1000,2,50,187.42329999804497,0.6936999998288229,2.952700000605546,True,271.5861639757305
RSA+AES-256,1000,2,51,301.7435999936424,0.6340999971143901,2.8930000044056214,True,271.5861639757305
RSA+AES-256,1000,2,52,1465.8367000010912,0.625900000159163,3.013200002897065,True,271.5861639757305
RSA+AES-256,1000,2,53,237.3788000040804,0.7258000041474588,2.968700006022118,True,271.5861639757305
RSA+AES-256,1000,2,54,1247.1946000005119,0.6773999994038604,2.93729999975767,True,271.5861639757305
RSA+AES-256,1000,2,55,257.6608999952441,0.614199998381082,3.0377999937627465,True,271.5861639757305
RSA+AES-256,1000,2,56,589.3245999977808,0.6689000001642853,2.8906999941682443,True,271.5861639757305
RSA+AES-256,1000,2,57,440.1311000037822,0.6906999988132156,3.0477000036626123,True,271.5861639757305
RSA+AES-256,1000,2,58,567.9755999954068,0.6609999982174486,2.886500005843118,True,271.5861639757305
RSA+AES-256,1000,2,59,531.8593000047258,0.6855000028735958,2.891199997975491,True,271.5861639757305
RSA+AES-256,1000,2,60,764.0653000053135,0.9153000064543448,3.0607999942731112,True,271.5861639757305
RSA+AES-256,1000,2,61,647.1691999977338,0.6103999985498376,2.9619000051752664,True,271.5861639757305
RSA+AES-256,1000,2,62,62.17089999699965,0.6186000027810223,2.9996999946888536,True,271.5861639757305
RSA+AES-256,1000,2,63,1410.8162999982596,0.6780999974580482,3.051600004255306,True,271.5861639757305
RSA+AES-256,1000,2,64,644.2827999999281,0.6868000054964796,2.8851999959442765,True,271.5861639757305
RSA+AES-256,1000,2,65,370.99180000222987,0.6572999991476536,2.8935000009369105,True,271.5861639757305
RSA+AES-256,1000,2,66,760.0903999991715,0.6999000033829361,3.0980000010458753,True,271.5861639757305
RSA+AES-256,1000,2,67,229.19240000192076,0.6837999972049147,3.553099995770026,True,271.5861639757305
RSA+AES-256,1000,2,68,936.3824999963981,1.0746999978437088,3.3539999931235798,True,271.5861639757305
RSA+AES-256,1000,2,69,167.2961000003852,0.7322000019485131,3.2346000007237308,True,271.5861639757305
RSA+AES-256,1000,2,70,686.6164000020945,0.6051000018487684,2.991399996972177,True,271.5861639757305
RSA+AES-256,1000,2,71,279.03470000455854,0.7106999983079731,4.34040000254754,True,271.5861639757305
RSA+AES-256,1000,2,72,1863.838900004339,0.6804000004194677,3.301400000054855,True,271.5861639757305
RSA+AES-256,1000,2,73,179.6535999965272,0.6165000013425015,2.921999999671243,True,271.5861639757305
RSA+AES-256,1000,2,74,454.64860000356566,0.6614999947487377,2.941099999588914,True,271.5861639757305
RSA+AES-256,1000,2,75,243.05279999680351,0.65819999872474,3.014500005519949,True,271.5861639757305
RSA+AES-256,1000,2,76,2793.319000003976,0.6844999952591024,2.987399995618034,True,271.5861639757305
RSA+AES-256,1000,2,77,1746.1852000051294,0.6816000022809021,3.0141999959596433,True,271.5861639757305
RSA+AES-256,1000,2,78,382.16510000347625,0.6898000065120868,2.9649999996763654,True,271.5861639757305
RSA+AES-256,1000,2,79,769.4708999988507,0.6702999962726608,3.167400005622767,True,271.5861639757305
RSA+AES-256,1000,2,80,353.7910999948508,0.6208999984664842,2.9467999993357807,True,271.5861639757305
RSA+AES-256,1000,2,81,795.8140000046114,0.654800001939293,2.90320000203792,True,271.5861639757305
RSA+AES-256,1000,2,82,163.41969999484718,0.6664000029559247,2.984699996886775,True,271.5861639757305
RSA+AES-256,1000,2,83,508.4424999949988,0.6529000020236708,2.892100004828535,True,271.5861639757305
RSA+AES-256,1000,2,84,767.8815999970539,0.6433999951696023,2.988500003993977,True,271.5861639757305
RSA+AES-256,1000,2,85,1115.5183000009856,0.7018000032985583,3.046300000278279,True,271.5861639757305
RSA+AES-256,1000,2,86,629.5881000041845,0.6738000010955147,2.9508000006899238,True,271.5861639757305
RSA+AES-256,1000,2,87,715.4822000011336,0.6341999978758395,2.8839000005973503,True,271.5861639757305
RSA+AES-256,1000,2,88,472.1493000033661,0.6788000027881935,2.999799995450303,True,271.5861639757305
RSA+AES-256,1000,2,89,1280.4452999989735,0.6286999996518716,2.9422000006888993,True,271.5861639757305
RSA+AES-256,1000,2,90,2787.8608999963035,0.6770999971195124,2.980499994009733,True,271.5861639757305
RSA+AES-256,1000,2,91,691.4796999990358,0.6655000033788383,2.938099998573307,True,271.5861639757305
RSA+AES-256,1000,2,92,368.3568999986164,0.687599997036159,2.906299996539019,True,271.5861639757305
RSA+AES-256,1000,2,93,796.7403000002378,0.6877999985590577,2.93210000381805,True,271.5861639757305
RSA+AES-256,1000,2,94,710.5316000015591,0.6547999946633354,2.889799994591158,True,271.5861639757305
RSA+AES-256,1000,2,95,389.72199999989243,0.7022999998298474,3.054000000702217,True,271.5861639757305
RSA+AES-256,1000,2,96,1073.5950999951456,0.6638999984716065,2.9327000011107884,True,271.5861639757305
RSA+AES-256,1000,2,97,642.4304000029224,0.6457999988924712,3.0250999989220873,True,271.5861639757305
RSA+AES-256,1000,2,98,217.62329999910435,0.6565000003320165,2.8740000052493997,True,271.5861639757305
RSA+AES-256,1000,2,99,809.945200002403,0.6713999973726459,3.019199997652322,True,271.5861639757305
RSA+AES-256,1000,2,100,2047.4585000047227,0.6589999975403771,3.02430000010645,True,271.5861639757305
RSA+AES-256,1000,2,101,206.2175999963074,0.6645000030403025,3.0145999990054406,True,271.5861639757305
RSA+AES-256,1000,2,102,213.65520000108518,0.6714999981340952,2.8777999978046864,True,271.5861639757305
RSA+AES-256,1000,2,103,284.2210999951931,0.6645999965257943,2.911299998231698,True,271.5861639757305
RSA+AES-256,1000,2,104,319.26049999310635,0.6739000018569641,3.0020999984117225,True,271.5861639757305
RSA+AES-256,1000,2,105,533.0231999978423,0.6742000041413121,2.9359000036492944,True,271.5861639757305
RSA+AES-256,1000,2,106,374.00930000148946,0.635599993984215,3.01210000179708,True,271.5861639757305
RSA+AES-256,1000,2,107,577.9858000023523,0.6695000047329813,2.9810999985784292,True,271.5861639757305
RSA+AES-256,1000,2,108,1060.7290000043577,0.6757000010111369,3.184499997587409,True,271.5861639757305
RSA+AES-256,1000,2,109,1324.8819000000367,0.6681000013486482,3.0116999987512827,True,271.5861639757305
RSA+AES-256,1000,2,110,515.4889999976149,0.8296999949379824,3.176099999109283,True,271.5861639757305
RSA+AES-256,1000,2,111,441.185099996801,0.6666000044788234,3.008100000442937,True,271.5861639757305
RSA+AES-256,1000,2,112,278.2651000015903,0.7126999989850447,2.9804000005242415,True,271.5861639757305
RSA+AES-256,1000,2,113,1491.0212999966461,0.6926999994902872,3.2113000052049756,True,271.5861639757305
RSA+AES-256,1000,2,114,408.5706999976537,0.7426999945892021,6.205799996678252,True,271.5861639757305
RSA+AES-256,1000,2,115,162.72139999637147,0.6947000001673587,3.268300002673641,True,271.5861639757305
RSA+AES-256,1000,2,116,314.31940000038594,0.7110000005923212,3.161499997077044,True,271.5861639757305
RSA+AES-256,1000,2,117,590.6134000033489,0.749400001950562,3.0189999961294234,True,271.5861639757305
RSA+AES-256,1000,2,118,824.9364999937825,0.6645999965257943,2.946599997812882,True,271.5861639757305
RSA+AES-256,1000,2,119,820.0847999978578,0.6646999972872436,2.8891999972984195,True,271.5861639757305
RSA+AES-256,1000,2,120,297.9708000057144,0.687899999320507,2.9267999998410232,True,271.5861639757305
RSA+AES-256,1000,2,121,435.7665999996243,0.6663999956799671,2.9638999985763803,True,271.5861639757305
RSA+AES-256,1000,2,122,1887.6825000043027,0.7179000022006221,3.0578000005334616,True,271.5861639757305
RSA+AES-256,1000,2,123,1838.6372000022675,0.6749000021954998,3.0457999964710325,True,271.5861639757305
RSA+AES-256,1000,2,124,1200.997499996447,0.6739999953424558,3.0287999979918823,True,271.5861639757305
RSA+AES-256,1000,2,125,308.12029999651713,0.6639999992330559,2.983899998071138,True,271.5861639757305
RSA+AES-256,1000,2,126,316.11249999696156,0.6592999998247251,2.9662000015378,True,271.5861639757305
RSA+AES-256,1000,2,127,1144.0244000041275,0.6726999999955297,2.9609000048367307,True,271.5861639757305
RSA+AES-256,1000,2,128,63.88279999373481,0.6261999951675534,2.8748999975505285,True,271.5861639757305
RSA+AES-256,1000,2,129,302.2759000014048,0.7155999992392026,3.0265000023064204,True,271.5861639757305
RSA+AES-256,1000,2,130,2213.325499993516,0.6634000019403175,2.893499993660953,True,271.5861639757305
RSA+AES-256,1000,2,131,1145.4400000002352,0.6666999979643151,2.987599997140933,True,271.5861639757305
RSA+AES-256,1000,2,132,343.8081999993301,0.6857000043964945,3.039100003661588,True,271.5861639757305
RSA+AES-256,1000,2,133,653.9182999986224,0.6624999950872734,2.928900001279544,True,271.5861639757305
RSA+AES-256,1000,2,134,1080.576899999869,0.6657999983872287,2.9201999932411127,True,271.5861639757305
RSA+AES-256,1000,2,135,496.15369999810355,0.7225000008475035,2.9600000052596442,True,271.5861639757305
RSA+AES-256,1000,2,136,924.5731000046362,0.6945999994059093,2.989799999340903,True,271.5861639757305
RSA+AES-256,1000,2,137,545.864799998526,0.6634000019403175,2.9664999965461902,True,271.5861639757305
RSA+AES-256,1000,2,138,509.8188999982085,0.6943000043975189,3.0134999979054555,True,271.5861639757305
RSA+AES-256,1000,2,139,271.5228000015486,0.6667000052402727,2.9805999947711825,True,271.5861639757305
RSA+AES-256,1000,2,140,1317.3231999971904,0.6815000015194528,2.9584000003524125,True,271.5861639757305
RSA+AES-256,1000,2,141,761.6488999992725,0.6859999994048849,2.949800000351388,True,271.5861639757305
RSA+AES-256,1000,2,142,806.6346000050544,0.7076000038068742,2.9781999983242713,True,271.5861639757305
RSA+AES-256,1000,2,143,796.3596999979927,0.7022999998298474,3.0083999954513274,True,271.5861639757305
RSA+AES-256,1000,2,144,1160.1756000018213,0.7111000013537705,2.9044000038993545,True,271.5861639757305
RSA+AES-256,1000,2,145,709.375700003875,0.7096000044839457,2.9786000013700686,True,271.5861639757305
RSA+AES-256,1000,2,146,425.78040000080364,0.6529000020236708,2.998799995111767,True,271.5861639757305
RSA+AES-256,1000,2,147,943.4306999974069,0.6560999972862191,2.8954000008525327,True,271.5861639757305
RSA+AES-256,1000,2,148,257.2398999982397,0.628800000413321,2.977099997224286,True,271.5861639757305
RSA+AES-256,1000,2,149,739.5392000034917,0.6857999978819862,3.08470000163652,True,271.5861639757305
RSA+AES-256,1000,2,150,1165.309800002433,0.690499997290317,2.9202000005170703,True,271.5861639757305
RSA+AES-256,1000,2,151,648.1512999962433,0.6888999996590428,2.9690000010305084,True,271.5861639757305
RSA+AES-256,1000,2,152,702.6681999996072,0.6748999949195422,2.9869999998481944,True,271.5861639757305
RSA+AES-256,1000,2,153,609.4845000043279,0.6796000016038306,2.978099997562822,True,271.5861639757305
RSA+AES-256,1000,2,154,1503.1620999943698,0.6500000017695129,2.976900002977345,True,271.5861639757305
RSA+AES-256,1000,2,155,589.9582999991253,0.683599995682016,2.9825000019627623,True,271.5861639757305
RSA+AES-256,1000,2,156,2951.654700002109,0.6740999961039051,3.2320999962394126,True,271.5861639757305
RSA+AES-256,1000,2,157,586.7026999985683,0.6271000020205975,2.960700003313832,True,271.5861639757305
RSA+AES-256,1000,2,158,734.8564000058104,0.621599996520672,2.9590999984066,True,271.5861639757305
RSA+AES-256,1000,2,159,205.81929999752901,0.6087000001571141,3.1549999985145405,True,271.5861639757305
RSA+AES-256,1000,2,160,994.8726000002353,0.6498000002466142,3.041899995878339,True,271.5861639757305
RSA+AES-256,1000,2,161,285.8399999968242,0.6517000001622364,2.871299999242183,True,271.5861639757305
RSA+AES-256,1000,2,162,1236.9898999968427,0.7046999962767586,2.920400002039969,True,271.5861639757305
RSA+AES-256,1000,2,163,977.1395999996457,0.6657999983872287,2.951099995698314,True,271.5861639757305
RSA+AES-256,1000,2,164,196.37630000215722,0.6785000005038455,2.9630999997607432,True,271.5861639757305
RSA+AES-256,1000,2,165,864.8719999982859,0.6648000053246506,2.95170000026701,True,271.5861639757305
RSA+AES-256,1000,2,166,102.32239999459125,0.5901999975321814,2.8887000007671304,True,271.5861639757305
RSA+AES-256,1000,2,167,1232.8245000026072,0.705400001606904,2.9203000012785196,True,271.5861639757305
RSA+AES-256,1000,2,168,444.45830000040587,0.683400001435075,3.001699995365925,True,271.5861639757305
RSA+AES-256,1000,2,169,281.05800000048475,0.6598000036319718,2.98579999798676,True,271.5861639757305
RSA+AES-256,1000,2,170,302.92659999395255,0.6696999989799224,2.981300000101328,True,271.5861639757305
RSA+AES-256,1000,2,171,81.97739999741316,0.6292000034591183,2.9470000008586794,True,271.5861639757305
RSA+AES-256,1000,2,172,337.34109999932116,0.6481000018538907,3.3511000001453795,True,271.5861639757305
RSA+AES-256,1000,2,173,686.5483000001404,0.846799994178582,3.0086000042501837,True,271.5861639757305
RSA+AES-256,1000,2,174,540.6330000041635,0.6699000005028211,2.973900001961738,True,271.5861639757305
RSA+AES-256,1000,2,175,453.99149999866495,0.6932000032975338,2.964899998914916,True,271.5861639757305
RSA+AES-256,1000,2,176,710.0987000012537,0.6910999945830554,3.0310000001918525,True,271.5861639757305
RSA+AES-256,1000,2,177,839.3980999971973,0.6815999950049445,2.969700006360654,True,271.5861639757305
RSA+AES-256,1000,2,178,636.2104999934672,1.108399999793619,3.0802999972365797,True,271.5861639757305
RSA+AES-256,1000,2,179,378.7614000029862,0.676499999826774,2.9049000004306436,True,271.5861639757305
RSA+AES-256,1000,2,180,392.21399999951245,0.7095000037224963,3.003600002557505,True,271.5861639757305
RSA+AES-256,1000,2,181,1692.4347000021953,0.6863000016892329,3.0457000029855408,True,271.5861639757305
RSA+AES-256,1000,2,182,834.8704999953043,0.6816000022809021,2.9020000001764856,True,271.5861639757305
RSA+AES-256,1000,2,183,394.89599999797065,0.6747000006726012,2.909499999077525,True,271.5861639757305
RSA+AES-256,1000,2,184,120.4862000013236,0.6708000000799075,3.0247999966377392,True,271.5861639757305
RSA+AES-256,1000,2,185,897.006400002283,0.6643000015174039,2.9062000030535273,True,271.5861639757305
RSA+AES-256,1000,2,186,791.0392999983742,0.6198000046424568,3.038499999092892,True,271.5861639757305
RSA+AES-256,1000,2,187,1023.6046000063652,0.6659999999101274,2.9141999984858558,True,271.5861639757305
RSA+AES-256,1000,2,188,1099.6376999974018,0.6517000001622364,2.8925000005983748,True,271.5861639757305
RSA+AES-256,1000,2,189,818.4544000032474,0.6648999988101423,2.9672000018763356,True,271.5861639757305
RSA+AES-256,1000,2,190,793.2963999992353,0.6797000023652799,2.9280000017024577,True,271.5861639757305
RSA+AES-256,1000,2,191,263.514700003725,0.6102000043028966,2.955299998575356,True,271.5861639757305
RSA+AES-256,1000,2,192,1623.5398999997415,0.6616000027861446,2.9302999973879196,True,271.5861639757305
RSA+AES-256,1000,2,193,381.59409999934724,0.6436000039684586,2.9744999992544763,True,271.5861639757305
RSA+AES-256,1000,2,194,477.5498000017251,0.6712999966111965,2.9653000019607134,True,271.5861639757305
RSA+AES-256,1000,2,195,1014.4784999938565,0.6606999959331006,3.0001000050106086,True,271.5861639757305
RSA+AES-256,1000,2,196,1230.0306000033743,0.6559000030392781,2.927000001363922,True,271.5861639757305
RSA+AES-256,1000,2,197,1242.721900001925,0.7045000020298176,2.958900004159659,True,271.5861639757305
RSA+AES-256,1000,2,198,1262.600599999132,0.690499997290317,2.956700001959689,True,271.5861639757305
RSA+AES-256,1000,2,199,406.3834999979008,0.6672999952570535,2.9219000061857514,True,271.5861639757305
RSA+AES-256,1000,2,200,414.69180000422057,0.705700003891252,3.023199999006465,True,271.5861639757305
RSA+AES-256,1000,2,201,258.3751000056509,0.6774999928893521,2.9463999962899834,True,271.5861639757305
RSA+AES-256,1000,2,202,1034.0104999995674,0.7213999997475185,2.9720999955316074,True,271.5861639757305
RSA+AES-256,1000,2,203,316.91919999866514,0.6473000030382536,2.93470000178786,True,271.5861639757305
RSA+AES-256,1000,2,204,181.5855999957421,0.6880000000819564,3.2655000031809323,True,271.5861639757305
RSA+AES-256,1000,2,205,1414.7238000005018,0.6809999977122061,2.983999998832587,True,271.5861639757305
RSA+AES-256,1000,2,206,408.99630000058096,0.65080000058515,2.93729999975767,True,271.5861639757305
RSA+AES-256,1000,2,207,553.892399999313,0.6491999956779182,2.868700001272373,True,271.5861639757305
RSA+AES-256,1000,2,208,522.5968999948236,0.6614000012632459,2.870299998903647,True,271.5861639757305
RSA+AES-256,1000,2,209,645.0766999987536,0.6580000044777989,2.8960999989067204,True,271.5861639757305
RSA+AES-256,1000,2,210,624.750100003439,0.7424000068567693,2.991200002725236,True,271.5861639757305
RSA+AES-256,1000,2,211,1551.1282000006759,0.6654999961028807,2.876700003980659,True,271.5861639757305
RSA+AES-256,1000,2,212,133.5724000018672,0.6590999983018264,2.947699998912867,True,271.5861639757305
RSA+AES-256,1000,2,213,920.5675999983214,0.690799999574665,2.8961999996681698,True,271.5861639757305
RSA+AES-256,1000,2,214,575.1746000023559,0.6783999997423962,2.9066999995848164,True,271.5861639757305
RSA+AES-256,1000,2,215,473.0827999956091,0.6451000008382834,2.9891000012867153,True,271.5861639757305
RSA+AES-256,1000,2,216,1034.8936999944272,0.6588999967789277,2.916000004915986,True,271.5861639757305
RSA+AES-256,1000,2,217,742.3093000033987,0.6768999955966137,2.9752000045846216,True,271.5861639757305
RSA+AES-256,1000,2,218,694.4065999996383,0.6900000007590279,2.93729999975767,True,271.5861639757305
RSA+AES-256,1000,2,219,1657.1234000002733,0.665400002617389,2.951099995698314,True,271.5861639757305
RSA+AES-256,1000,2,220,1272.2049000003608,0.6699000005028211,3.024600002390798,True,271.5861639757305
RSA+AES-256,1000,2,221,513.3971000032034,0.6935999990673736,2.9529000021284446,True,271.5861639757305
RSA+AES-256,1000,2,222,226.0755999959656,0.6082999971113168,2.932999996119179,True,271.5861639757305
RSA+AES-256,1000,2,223,195.54760000028182,0.6073999975342304,2.9653000019607134,True,271.5861639757305
RSA+AES-256,1000,2,224,841.155100002652,0.6999999968684278,3.001599994604476,True,271.5861639757305
RSA+AES-256,1000,2,225,469.1720999981044,0.7058000046527013,3.0413999993470497,True,271.5861639757305
RSA+AES-256,1000,2,226,699.8156999979983,0.6881000008434057,3.008899999258574,True,271.5861639757305
RSA+AES-256,1000,2,227,598.8567000022158,0.6562999988091178,2.9598000037367456,True,271.5861639757305
RSA+AES-256,1000,2,228,855.0825999991503,0.6732999972882681,2.958699995360803,True,271.5861639757305
RSA+AES-256,1000,2,229,1262.4501000027522,0.6629999988945201,2.9016999978921376,True,271.5861639757305
RSA+AES-256,1000,2,230,329.2128999964916,0.6723999977111816,2.96169999637641,True,271.5861639757305
RSA+AES-256,1000,2,231,1177.9165000043577,0.7167000003391877,2.910900002461858,True,271.5861639757305
RSA+AES-256,1000,2,232,509.97570000618,0.6759999960195273,2.9670999938389286,True,271.5861639757305
RSA+AES-256,1000,2,233,49.182299997482914,0.5880999960936606,2.922300001955591,True,271.5861639757305
RSA+AES-256,1000,2,234,1272.3411000042688,0.69449999864446,3.0200000037439167,True,271.5861639757305
RSA+AES-256,1000,2,235,240.22659999900497,0.6431000001612119,2.8912999987369403,True,271.5861639757305
RSA+AES-256,1000,2,236,309.2752000011387,0.6752000044798478,3.0094999965513125,True,271.5861639757305
RSA+AES-256,1000,2,237,357.52729999512667,0.6556000007549301,2.9313999984879047,True,271.5861639757305
RSA+AES-256,1000,2,238,550.4078000012669,0.6983999992371537,2.8659000017796643,True,271.5861639757305
RSA+AES-256,1000,2,239,970.0481999971089,0.6942000036360696,3.0427000019699335,True,271.5861639757305
RSA+AES-256,1000,2,240,796.5674000006402,0.6667999987257645,2.9473000031430274,True,271.5861639757305
RSA+AES-256,1000,2,241,1373.8976000022376,0.7010999979684129,2.9958000013721175,True,271.5861639757305
RSA+AES-256,1000,2,242,400.07360000163317,0.6757000010111369,2.9712999967159703,True,271.5861639757305
RSA+AES-256,1000,2,243,625.386100000469,0.7021000055829063,2.9829999984940514,True,271.5861639757305
RSA+AES-256,1000,2,244,475.7346999977017,0.6442999947466888,2.9657999984920025,True,271.5861639757305
RSA+AES-256,1000,2,245,1385.3547000035178,0.673100003041327,2.970699999423232,True,271.5861639757305
RSA+AES-256,1000,2,246,504.69609999709064,0.6805999946664087,2.9577000022982247,True,271.5861639757305
RSA+AES-256,1000,2,247,150.895999999193,0.6693999966955744,3.2011000002967194,True,271.5861639757305
RSA+AES-256,1000,2,248,562.8189999988535,0.6648999988101423,2.914999997301493,True,271.5861639757305
RSA+AES-256,1000,2,249,1502.7245999954175,0.6859999994048849,3.015800000866875,True,271.5861639757305
RSA+AES-256,1000,2,250,583.9798000015435,0.6592999998247251,2.952399998321198,True,271.5861639757305
RSA+AES-256,1000,2,251,632.0437999966089,0.6575000006705523,2.8669000021182,True,271.5861639757305
RSA+AES-256,1000,2,252,866.4761000036378,0.7287000044016168,3.1663999980082735,True,271.5861639757305
RSA+AES-256,1000,2,253,1337.4870999978157,0.8850999947753735,3.02949999604607,True,271.5861639757305
RSA+AES-256,1000,2,254,255.50839999777963,0.6023000023560598,2.9091000033076853,True,271.5861639757305
RSA+AES-256,1000,2,255,1161.4669999980833,0.6912000026204623,2.9645000031450763,True,271.5861639757305
RSA+AES-256,1000,2,256,2120.8121000017854,0.6141000048955902,2.9950000025564805,True,271.5861639757305
RSA+AES-256,1000,2,257,952.4104000010993,0.6939999948372133,2.989499997056555,True,271.5861639757305
RSA+AES-256,1000,2,258,645.1841999951284,0.6702999962726608,3.1382999950437807,True,271.5861639757305
RSA+AES-256,1000,2,259,1133.514599998307,0.7096999979694374,2.9429999995045364,True,271.5861639757305
RSA+AES-256,1000,2,260,684.9233000029926,0.7142000031308271,3.102399998169858,True,271.5861639757305
RSA+AES-256,1000,2,261,132.77679999737302,0.6963000050745904,2.9983999993419275,True,271.5861639757305
RSA+AES-256,1000,2,262,233.1999000016367,0.6859000059193932,2.935000004072208,True,271.5861639757305
RSA+AES-256,1000,2,263,1015.3052000023308,0.6776000009267591,2.9537000009440817,True,271.5861639757305
RSA+AES-256,1000,2,264,605.674899998121,0.6661000006715767,2.9425000029732473,True,271.5861639757305
RSA+AES-256,1000,2,265,486.91129999497207,0.6945000059204176,3.0067999978200532,True,271.5861639757305
RSA+AES-256,1000,2,266,539.9534000025596,0.6594000005861744,2.914799995778594,True,271.5861639757305
RSA+AES-256,1000,2,267,1530.3651000067475,0.6728999942424707,2.984600003401283,True,271.5861639757305
RSA+AES-256,1000,2,268,503.7159999992582,0.6485000048996881,2.904600005422253,True,271.5861639757305
RSA+AES-256,1000,2,269,576.4540999953169,0.6762999983038753,2.986899999086745,True,271.5861639757305
RSA+AES-256,1000,2,270,185.92319999879692,0.6485999983851798,2.9253000029711984,True,271.5861639757305
RSA+AES-256,1000,2,271,486.6783999968902,0.6702999962726608,2.9168000037316233,True,271.5861639757305
RSA+AES-256,1000,2,272,383.09339999977965,0.6720999954268336,3.052499996556435,True,271.5861639757305
RSA+AES-256,1000,2,273,376.9733000008273,0.6283999973675236,2.946100001281593,True,271.5861639757305
RSA+AES-256,1000,2,274,194.2810999971698,0.6318000014289282,2.8912999987369403,True,271.5861639757305
RSA+AES-256,1000,2,275,1337.3309000016889,0.6609999982174486,2.976900002977345,True,271.5861639757305
RSA+AES-256,1000,2,276,541.1047000015969,0.6620999993174337,2.8864000050816685,True,271.5861639757305
RSA+AES-256,1000,2,277,178.8285000002361,0.665400002617389,2.9313999984879047,True,271.5861639757305
RSA+AES-256,1000,2,278,568.7510999996448,0.6523000047309324,2.903900000092108,True,271.5861639757305
RSA+AES-256,1000,2,279,211.51370000006864,0.6754999994882382,2.9789000036544167,True,271.5861639757305
RSA+AES-256,1000,2,280,689.3252000008943,0.6618000043090433,2.9495999988284893,True,271.5861639757305
RSA+AES-256,1000,2,281,113.41610000090441,0.6098999947425909,2.9037999993306585,True,271.5861639757305
RSA+AES-256,1000,2,282,268.3660999973654,0.6371999988914467,2.912000003561843,True,271.5861639757305
RSA+AES-256,1000,2,283,168.24069999711355,0.690799999574665,3.016199996636715,True,271.5861639757305
RSA+AES-256,1000,2,284,514.6370000002207,0.6576000014320016,2.989499997056555,True,271.5861639757305
RSA+AES-256,1000,2,285,197.40229999297298,0.7039000047370791,2.969099994516,True,271.5861639757305
RSA+AES-256,1000,2,286,720.482800003083,0.6872000012663193,2.947399996628519,True,271.5861639757305
RSA+AES-256,1000,2,287,559.1128999949433,0.7171999968704768,3.027899998414796,True,271.5861639757305
RSA+AES-256,1000,2,288,111.59410000254866,0.6139999968581833,2.91839999408694,True,271.5861639757305
RSA+AES-256,1000,2,289,951.3812999939546,0.6214999957592227,2.9852000006940216,True,271.5861639757305
RSA+AES-256,1000,2,290,181.81239999830723,0.6135000003268942,2.9723000043304637,True,271.5861639757305
RSA+AES-256,1000,2,291,1083.9046000037342,0.6902000022819266,3.153799996653106,True,271.5861639757305
RSA+AES-256,1000,2,292,1028.7749999988591,0.690499997290317,3.0017000026418827,True,271.5861639757305
RSA+AES-256,1000,2,293,1182.352499999979,0.7576999996672384,2.970200002891943,True,271.5861639757305
RSA+AES-256,1000,2,294,1177.6267999957781,0.6586000017705373,2.9190000059315935,True,271.5861639757305
RSA+AES-256,1000,2,295,764.0063999933773,0.7007000021985732,2.978099997562822,True,271.5861639757305
RSA+AES-256,1000,2,296,746.7455999940285,0.661899997794535,3.0024000006960705,True,271.5861639757305
RSA+AES-256,1000,2,297,1514.6542000002228,0.6836999964434654,3.0086999977356754,True,271.5861639757305
RSA+AES-256,1000,2,298,153.14309999666875,0.5875999995623715,2.875099999073427,True,271.5861639757305
RSA+AES-256,1000,2,299,1301.8800999998348,0.6696000054944307,2.897099999245256,True,271.5861639757305
RSA+AES-256,1000,2,300,1719.901700002083,0.671899993903935,3.1539999981760047,True,271.5861639757305
RSA+AES-256,1000,2,301,928.9448000054108,0.6582999994861893,2.9015999971306883,True,271.5861639757305
RSA+AES-256,1000,2,302,133.7612999996054,0.5967000033706427,2.95880000339821,True,271.5861639757305
RSA+AES-256,1000,2,303,599.5854000066174,0.687400002789218,3.042100004677195,True,271.5861639757305
RSA+AES-256,1000,2,304,346.1059999972349,0.6515000059152953,2.857100000255741,True,271.5861639757305
RSA+AES-256,1000,2,305,411.1795000062557,0.683899997966364,2.9151999988243915,True,271.5861639757305
RSA+AES-256,1000,2,306,501.88150000030873,0.6499000010080636,2.885900001274422,True,271.5861639757305
RSA+AES-256,1000,2,307,439.5354000007501,0.7219999970402569,2.991100001963787,True,271.5861639757305
RSA+AES-256,1000,2,308,629.5134000029066,0.8644000045023859,3.005899998242967,True,271.5861639757305
RSA+AES-256,1000,2,309,439.23499999800697,0.666200001433026,2.916599994932767,True,271.5861639757305
RSA+AES-256,1000,2,310,1842.4535000012838,1.0786999991978519,3.0870999980834313,True,271.5861639757305
RSA+AES-256,1000,2,311,918.1489999973564,0.6673999960185029,2.9571000050054863,True,271.5861639757305
RSA+AES-256,1000,2,312,1638.1570000012289,0.6676999983028509,2.94690000009723,True,271.5861639757305
RSA+AES-256,1000,2,313,1421.4330999966478,0.6552000049850903,2.8851000024587847,True,271.5861639757305
RSA+AES-256,1000,2,314,1009.6355999994557,0.665100000333041,2.885699999751523,True,271.5861639757305
RSA+AES-256,1000,2,315,1043.0670999994618,0.6539999958476983,2.876299993658904,True,271.5861639757305
RSA+AES-256,1000,2,316,1376.017700000375,0.6123999992269091,3.0016000018804334,True,271.5861639757305
RSA+AES-256,1000,2,317,1009.8083000048064,0.6582999994861893,2.9015999971306883,True,271.5861639757305
RSA+AES-256,1000,2,318,517.895299999509,0.735100002202671,3.023500001290813,True,271.5861639757305
RSA+AES-256,1000,2,319,685.4198000000906,0.6925000052433461,3.0151000028126873,True,271.5861639757305
RSA+AES-256,1000,2,320,779.469600005541,0.669400003971532,2.9850999999325722,True,271.5861639757305
RSA+AES-256,1000,2,321,675.0646000000415,0.6601999994018115,2.9676999984076247,True,271.5861639757305
RSA+AES-256,1000,2,322,318.63719999819295,0.7006999949226156,3.0122000025585294,True,271.5861639757305
RSA+AES-256,1000,2,323,784.3797999958042,0.6969999958528206,2.89580000389833,True,271.5861639757305
RSA+AES-256,1000,2,324,856.0338000024785,0.6670000002486631,2.938400000857655,True,271.5861639757305
RSA+AES-256,1000,2,325,1086.2888999981806,0.6993999995756894,3.0207000017981045,True,271.5861639757305
RSA+AES-256,1000,2,326,1135.1582999996026,0.6816999957663938,2.995599999849219,True,271.5861639757305
RSA+AES-256,1000,2,327,609.7099999969942,0.6031000011716969,2.86210000194842,True,271.5861639757305
RSA+AES-256,1000,2,328,682.0997000031639,0.6744999991497025,2.9970999967190437,True,271.5861639757305
RSA+AES-256,1000,2,329,1365.0397000019439,0.6655000033788383,3.2400999989476986,True,271.5861639757305
RSA+AES-256,1000,2,330,574.962399994547,0.7345999983954243,3.013599998666905,True,271.5861639757305
RSA+AES-256,1000,2,331,258.1671000007191,0.6403000006685033,3.0038000040804036,True,271.5861639757305
RSA+AES-256,1000,2,332,2155.1200000030803,0.6973000054131262,2.994999995280523,True,271.5861639757305
RSA+AES-256,1000,2,333,393.1088999961503,0.668999993649777,2.9865000033169053,True,271.5861639757305
RSA+AES-256,1000,2,334,333.125299999665,0.6289000011747703,2.895699995860923,True,271.5861639757305
RSA+AES-256,1000,2,335,119.41490000026533,0.6155000010039657,2.8703999996650964,True,271.5861639757305
RSA+AES-256,1000,2,336,1476.4962999979616,0.6098000012570992,2.950100002635736,True,271.5861639757305
RSA+AES-256,1000,2,337,970.9459000005154,0.6613000005017966,2.930200003902428,True,271.5861639757305
RSA+AES-256,1000,2,338,270.6136000051629,0.6382999999914318,2.9173000002629124,True,271.5861639757305
RSA+AES-256,1000,2,339,837.1650999979465,0.716499998816289,2.9998000027262606,True,271.5861639757305
RSA+AES-256,1000,2,340,972.8747999979532,0.6752999979653396,2.998900003149174,True,271.5861639757305
RSA+AES-256,1000,2,341,1254.5361000011326,0.6654999961028807,2.904199995100498,True,271.5861639757305
RSA+AES-256,1000,2,342,639.1371999998228,0.6500999952550046,2.926699999079574,True,271.5861639757305
RSA+AES-256,1000,2,343,408.38349999830825,0.643899998976849,2.889399998821318,True,271.5861639757305
RSA+AES-256,1000,2,344,391.7139000041061,0.6313999983831309,2.9697999998461455,True,271.5861639757305
RSA+AES-256,1000,2,345,1063.8978000060888,0.6664999964414164,3.2403000004705973,True,271.5861639757305
RSA+AES-256,1000,2,346,327.71040000079665,0.6792999993194826,2.912300005846191,True,271.5861639757305
RSA+AES-256,1000,2,347,482.9249999966123,0.665100000333041,2.8873999981442466,True,271.5861639757305
RSA+AES-256,1000,2,348,234.8725000047125,0.6190999993123114,2.939199999673292,True,271.5861639757305
RSA+AES-256,1000,2,349,658.8478000048781,0.7416000007651746,2.999100004672073,True,271.5861639757305
RSA+AES-256,1000,2,350,468.0076999939047,0.6744999991497025,3.2271000018226914,True,271.5861639757305
RSA+AES-256,1000,2,351,451.0098999962793,0.6353999997372739,2.918199999839999,True,271.5861639757305
RSA+AES-256,1000,2,352,697.5370000000112,0.67299999500392,2.9661000007763505,True,271.5861639757305
RSA+AES-256,1000,2,353,1012.9861000023084,0.6909000003361143,3.001500001118984,True,271.5861639757305
RSA+AES-256,1000,2,354,1044.641499996942,0.698199997714255,2.991399996972177,True,271.5861639757305
RSA+AES-256,1000,2,355,710.321999998996,0.6357000020216219,2.962600003229454,True,271.5861639757305
RSA+AES-256,1000,2,356,1804.3644999997923,0.654499999654945,2.9102000044076703,True,271.5861639757305
RSA+AES-256,1000,2,357,1305.1851999989594,0.5989999990561046,3.037000002223067,True,271.5861639757305
RSA+AES-256,1000,2,358,373.7937999976566,0.6627999973716214,2.967300002637785,True,271.5861639757305
RSA+AES-256,1000,2,359,2050.0191999963135,0.6456999981310219,2.8674999994109385,True,271.5861639757305
RSA+AES-256,1000,2,360,2293.8880999936373,0.698800002282951,2.915900004154537,True,271.5861639757305
RSA+AES-256,1000,2,361,939.590899994073,0.7086000041454099,3.056599998672027,True,271.5861639757305
RSA+AES-256,1000,2,362,397.044499994081,0.6718000004184432,2.9936999999335967,True,271.5861639757305
RSA+AES-256,1000,2,363,575.3174999990733,0.6668999994872138,2.97839999984717,True,271.5861639757305
RSA+AES-256,1000,2,364,400.56299999559997,0.6722000034642406,3.224000000045635,True,271.5861639757305
RSA+AES-256,1000,2,365,814.043499995023,0.662500002363231,2.899999999499414,True,271.5861639757305
RSA+AES-256,1000,2,366,575.5082000032417,0.6127000015112571,2.945799998997245,True,271.5861639757305
RSA+AES-256,1000,2,367,404.3753999940236,0.6561000045621768,2.961199999845121,True,271.5861639757305
RSA+AES-256,1000,2,368,783.1487000003108,0.7135999985621311,2.9449999929056503,True,271.5861639757305
RSA+AES-256,1000,2,369,302.798900003836,0.6891000011819415,2.961599995614961,True,271.5861639757305
RSA+AES-256,1000,2,370,606.8583000014769,0.672199996188283,2.958600001875311,True,271.5861639757305
RSA+AES-256,1000,2,371,514.8238000037964,0.6568000026163645,2.8689999962807633,True,271.5861639757305
RSA+AES-256,1000,2,372,77.88499999878695,0.6458000061684288,2.931000002718065,True,271.5861639757305
RSA+AES-256,1000,2,373,633.6923999988358,0.6676999983028509,2.89100000372855,True,271.5861639757305
RSA+AES-256,1000,2,374,330.230899999151,0.6548999954247847,2.88620000355877,True,271.5861639757305
RSA+AES-256,1000,2,375,142.63059999939287,0.8006999996723607,3.002499994181562,True,271.5861639757305
RSA+AES-256,1000,2,376,1390.244200003508,0.6890000004204921,2.930399998149369,True,271.5861639757305
RSA+AES-256,1000,2,377,601.2674000012339,0.6566000010934658,3.068699996219948,True,271.5861639757305
RSA+AES-256,1000,2,378,346.0336999996798,0.603299995418638,2.9708000001846813,True,271.5861639757305
RSA+AES-256,1000,2,379,1608.3818999977666,0.6159000040497631,3.0317999990074895,True,271.5861639757305
RSA+AES-256,1000,2,380,678.2425999990664,0.6701999955112115,2.981300000101328,True,271.5861639757305
RSA+AES-256,1000,2,381,286.8278000023565,0.665700004901737,2.9577999957837164,True,271.5861639757305
RSA+AES-256,1000,2,382,783.1450999947265,0.662800004647579,3.3077000043704174,True,271.5861639757305
RSA+AES-256,1000,2,383,1045.632099994691,0.6682000021100976,3.1642999965697527,True,271.5861639757305
RSA+AES-256,1000,2,384,1020.9304000018165,0.6659999999101274,2.947399996628519,True,271.5861639757305
RSA+AES-256,1000,2,385,178.7181999970926,0.6895999977132306,3.0068999985815026,True,271.5861639757305
RSA+AES-256,1000,2,386,1399.0781999964383,0.6986000007600524,2.953499999421183,True,271.5861639757305
RSA+AES-256,1000,2,387,251.3727999976254,0.6143000064184889,2.939399993920233,True,271.5861639757305
RSA+AES-256,1000,2,388,631.5079999985755,0.7027000028756447,2.983999998832587,True,271.5861639757305
RSA+AES-256,1000,2,389,459.3674000061583,0.647599998046644,3.058700000110548,True,271.5861639757305
RSA+AES-256,1000,2,390,2086.3031999979285,0.6302999972831458,3.0299999998533167,True,271.5861639757305
RSA+AES-256,1000,2,391,658.342900002026,0.6977000011829659,3.390199999557808,True,271.5861639757305
RSA+AES-256,1000,2,392,2431.705700000748,0.7120000009308569,2.950599999167025,True,271.5861639757305
RSA+AES-256,1000,2,393,679.1994999948656,0.662500002363231,3.187099995557219,True,271.5861639757305
RSA+AES-256,1000,2,394,121.8659999940428,0.6336999940685928,2.9467999993357807,True,271.5861639757305
RSA+AES-256,1000,2,395,530.1518999986001,0.6844000017736107,2.9638000050908886,True,271.5861639757305
RSA+AES-256,1000,2,396,693.2144999955199,0.651599999400787,2.955399999336805,True,271.5861639757305
RSA+AES-256,1000,2,397,914.4711999979336,0.6910000010975637,2.9678999999305233,True,271.5861639757305
RSA+AES-256,1000,2,398,775.8709999980056,0.636800003121607,2.8854999982286245,True,271.5861639757305
RSA+AES-256,1000,2,399,206.51530000031926,0.691400004143361,3.0724000025657006,True,271.5861639757305
RSA+AES-256,1000,2,400,327.5644999957876,0.6681000013486482,2.884999994421378,True,271.5861639757305
RSA+AES-256,1000,2,401,378.4001000021817,0.6685999978799373,2.930700000433717,True,271.5861639757305
RSA+AES-256,1000,2,402,390.1800999956322,0.7726000039838254,3.0196000006981194,True,271.5861639757305
RSA+AES-256,1000,2,403,905.5485999997472,0.6572000056621619,2.978099997562822,True,271.5861639757305
RSA+AES-256,1000,2,404,107.22530000202823,0.6740999961039051,3.009200001542922,True,271.5861639757305
RSA+AES-256,1000,2,405,1240.5231000011554,0.6561000045621768,2.942899998743087,True,271.5861639757305
RSA+AES-256,1000,2,406,611.0875000013039,0.6778999959351495,2.9754000061075203,True,271.5861639757305
RSA+AES-256,1000,2,407,277.3391000009724,0.6697999997413717,2.98060000204714,True,271.5861639757305
RSA+AES-256,1000,2,408,624.333799998567,0.7569000008516014,2.989799999340903,True,271.5861639757305
RSA+AES-256,1000,2,409,134.31519999721786,0.6347000016830862,2.998699994350318,True,271.5861639757305
RSA+AES-256,1000,2,410,259.4061999989208,0.7094999964465387,2.991200002725236,True,271.5861639757305
RSA+AES-256,1000,2,411,411.2687000015285,0.6772999986424111,2.9178999975556508,True,271.5861639757305
RSA+AES-256,1000,2,412,862.3424000033992,0.6556000007549301,2.873199999157805,True,271.5861639757305
RSA+AES-256,1000,2,413,283.28009999677306,0.65080000058515,3.0036999960429966,True,271.5861639757305
RSA+AES-256,1000,2,414,637.0037000015145,0.6686999986413866,2.967000000353437,True,271.5861639757305
RSA+AES-256,1000,2,415,611.5099000016926,0.6681000013486482,2.8916000010212883,True,271.5861639757305
RSA+AES-256,1000,2,416,1193.9452000005986,0.6662999949185178,2.9328000018722378,True,271.5861639757305
RSA+AES-256,1000,2,417,907.8682999970624,0.6772000051569194,2.9537000009440817,True,271.5861639757305
RSA+AES-256,1000,2,418,502.32949999917764,0.6668999994872138,2.982400001201313,True,271.5861639757305
RSA+AES-256,1000,2,419,618.0679999961285,0.6986000007600524,3.2091000030050054,True,271.5861639757305
RSA+AES-256,1000,2,420,432.44899999990594,0.6949000016902573,2.9431999937514775,True,271.5861639757305
RSA+AES-256,1000,2,421,751.5368000022136,0.6902999957674183,2.910299997893162,True,271.5861639757305
RSA+AES-256,1000,2,422,653.4102000005078,0.7034000009298325,3.002999997988809,True,271.5861639757305
RSA+AES-256,1000,2,423,191.91549999959534,0.6524999989778735,2.9397999969660304,True,271.5861639757305
RSA+AES-256,1000,2,424,485.86749999958556,0.6147000021883287,2.976999996462837,True,271.5861639757305
RSA+AES-256,1000,2,425,451.32639999792445,0.6741999968653545,2.899999999499414,True,271.5861639757305
RSA+AES-256,1000,2,426,853.5640000045532,0.6902000022819266,2.8732999999192543,True,271.5861639757305
RSA+AES-256,1000,2,427,1080.1935999988928,0.8865999989211559,2.994599999510683,True,271.5861639757305
RSA+AES-256,1000,2,428,493.41930000082357,0.661899997794535,2.986899999086745,True,271.5861639757305
RSA+AES-256,1000,2,429,87.79380000487436,0.5751999997301027,2.8865999993286096,True,271.5861639757305
RSA+AES-256,1000,2,430,210.67919999768492,0.6966000000829808,3.00210000568768,True,271.5861639757305
RSA+AES-256,1000,2,431,433.31490000127815,0.665100000333041,2.8705000004265457,True,271.5861639757305
RSA+AES-256,1000,2,432,1338.7579000045662,0.6635000027017668,2.9092000040691346,True,271.5861639757305
RSA+AES-256,1000,2,433,775.7563999984995,0.6598999971174635,2.9125000000931323,True,271.5861639757305
RSA+AES-256,1000,2,434,776.4295000015409,0.6715999988955446,2.978700002131518,True,271.5861639757305
RSA+AES-256,1000,2,435,502.64939999760827,0.6565000003320165,2.944099993328564,True,271.5861639757305
RSA+AES-256,1000,2,436,2125.700399999914,0.7062999939080328,2.999600001203362,True,271.5861639757305
RSA+AES-256,1000,2,437,361.76479999994626,0.6673000025330111,2.980299999762792,True,271.5861639757305
RSA+AES-256,1000,2,438,1228.7427999981446,0.6580999979632907,2.8715000007650815,True,271.5861639757305
RSA+AES-256,1000,2,439,601.045300005353,0.6549000027007423,2.9466999985743314,True,271.5861639757305
RSA+AES-256,1000,2,440,746.9262000013259,0.7047000035527162,2.9862000010325573,True,271.5861639757305
RSA+AES-256,1000,2,441,522.5169000041205,0.6671999944956042,2.9207999978098087,True,271.5861639757305
RSA+AES-256,1000,2,442,930.1434000008157,0.6560999972862191,2.8711999984807335,True,271.5861639757305
RSA+AES-256,1000,2,443,1456.8820999993477,0.6523000047309324,2.9360000044107437,True,271.5861639757305
RSA+AES-256,1000,2,444,451.08739999704994,0.6472000022768043,2.9055999984848313,True,271.5861639757305
RSA+AES-256,1000,2,445,262.11959999636747,0.6648999988101423,3.3684000009088777,True,271.5861639757305
RSA+AES-256,1000,2,446,614.0425999983563,0.680800003465265,3.0327999993460253,True,271.5861639757305
RSA+AES-256,1000,2,447,134.7371000010753,0.633299998298753,2.9099000021233223,True,271.5861639757305
RSA+AES-256,1000,2,448,221.9480999992811,0.610800001595635,2.8815999976359308,True,271.5861639757305
RSA+AES-256,1000,2,449,630.8269000001019,0.68710000050487,3.126900002826005,True,271.5861639757305
RSA+AES-256,1000,2,450,815.7303000043612,0.6586000017705373,2.9932999968877994,True,271.5861639757305
RSA+AES-256,1000,2,451,760.4241999943042,0.8239999951911159,3.049999999348074,True,271.5861639757305
RSA+AES-256,1000,2,452,462.97120000235736,0.6992000053287484,2.9787999956170097,True,271.5861639757305
RSA+AES-256,1000,2,453,192.03610000113258,0.6484999976237305,2.9243999961181544,True,271.5861639757305
RSA+AES-256,1000,2,454,1236.7470000026515,0.6734999988111667,2.8721000053337775,True,271.5861639757305
RSA+AES-256,1000,2,455,427.29959999996936,0.6919000006746501,2.9971000039950013,True,271.5861639757305
RSA+AES-256,1000,2,456,905.6937999994261,0.6896999984746799,2.9384999943431467,True,271.5861639757305
RSA+AES-256,1000,2,457,884.5321999979205,0.6551999977091327,2.8744000010192394,True,271.5861639757305
RSA+AES-256,1000,2,458,1153.1545000034384,0.6399999983841553,2.9673999961232767,True,271.5861639757305
RSA+AES-256,1000,2,459,495.19449999934295,0.6310000026132911,2.964599996630568,True,271.5861639757305
RSA+AES-256,1000,2,460,761.784299997089,0.6799000038881786,3.0123000033199787,True,271.5861639757305
RSA+AES-256,1000,2,461,286.69390000140993,0.6704999977955595,2.939000005426351,True,271.5861639757305
RSA+AES-256,1000,2,462,626.3265000015963,0.6095999997342005,3.083600000536535,True,271.5861639757305
RSA+AES-256,1000,2,463,980.2675999962958,0.6511999963549897,2.896600002713967,True,271.5861639757305
RSA+AES-256,1000,2,464,475.7344999961788,0.6751999972038902,2.961999998660758,True,271.5861639757305
RSA+AES-256,1000,2,465,201.05599999806145,0.6461000011768192,2.8902999983984046,True,271.5861639757305
RSA+AES-256,1000,2,466,1052.403299996513,0.6798000031267293,2.9338000022107735,True,271.5861639757305
RSA+AES-256,1000,2,467,623.0865999968955,0.6837999972049147,2.9756000003544614,True,271.5861639757305
RSA+AES-256,1000,2,468,845.2821999962907,0.6605000016861595,2.973100003146101,True,271.5861639757305
RSA+AES-256,1000,2,469,468.3581999997841,0.6743999983882532,2.919300000939984,True,271.5861639757305
RSA+AES-256,1000,2,470,331.5824999954202,0.6895999977132306,2.921899998909794,True,271.5861639757305
RSA+AES-256,1000,2,471,393.9306000029319,0.6062000029487535,3.0068999985815026,True,271.5861639757305
RSA+AES-256,1000,2,472,1109.0465999950538,0.6412000002455898,2.950299996882677,True,271.5861639757305
RSA+AES-256,1000,2,473,1056.702399997448,0.632800001767464,2.984699996886775,True,271.5861639757305
RSA+AES-256,1000,2,474,43.890499997360166,0.5793000018456951,2.927800000179559,True,271.5861639757305
RSA+AES-256,1000,2,475,302.43110000446904,0.7065000027068891,3.0221000051824376,True,271.5861639757305
RSA+AES-256,1000,2,476,388.3635000020149,0.6670000002486631,2.8939999974681996,True,271.5861639757305
RSA+AES-256,1000,2,477,512.2443000000203,0.640500002191402,2.9921000023023225,True,271.5861639757305
RSA+AES-256,1000,2,478,1527.9504999998608,0.6760999967809767,2.965699997730553,True,271.5861639757305
RSA+AES-256,1000,2,479,2157.8856999985874,0.5856999996467493,2.8543000007630326,True,271.5861639757305
RSA+AES-256,1000,2,480,507.5963999988744,0.6510999955935404,2.892699994845316,True,271.5861639757305
RSA+AES-256,1000,2,481,1199.5185999985551,0.6945999994059093,2.952399998321198,True,271.5861639757305
RSA+AES-256,1000,2,482,257.4795000036829,0.6347000016830862,2.9508000006899238,True,271.5861639757305
RSA+AES-256,1000,2,483,925.3024999998161,0.7081000003381632,3.0410999970627017,True,271.5861639757305
RSA+AES-256,1000,2,484,326.6370999990613,0.6562999988091178,2.916899997217115,True,271.5861639757305
RSA+AES-256,1000,2,485,318.4945000029984,0.6439999997382984,2.8834000040660612,True,271.5861639757305
RSA+AES-256,1000,2,486,1122.7621999933035,0.6805999946664087,2.962399994430598,True,271.5861639757305
RSA+AES-256,1000,2,487,1284.121500000765,0.6856999971205369,2.9291999962879345,True,271.5861639757305
RSA+AES-256,1000,2,488,1161.339299993415,0.6477999995695427,2.878999999666121,True,271.5861639757305
RSA+AES-256,1000,2,489,449.00999999663327,0.6757000010111369,2.964599996630568,True,271.5861639757305
RSA+AES-256,1000,2,490,137.72310000058496,0.6122999984654598,2.8834000040660612,True,271.5861639757305
RSA+AES-256,1000,2,491,799.8803000009502,0.6891999946674332,2.921200000855606,True,271.5861639757305
RSA+AES-256,1000,2,492,486.085099997581,0.6673999960185029,2.9119999962858856,True,271.5861639757305
RSA+AES-256,1000,2,493,157.1648999961326,0.6732999972882681,2.9709000009461306,True,271.5861639757305
RSA+AES-256,1000,2,494,723.6657999965246,0.6571999983862042,2.8990999999223277,True,271.5861639757305
RSA+AES-256,1000,2,495,732.9977999979747,0.6883999958517961,3.019999996467959,True,271.5861639757305
RSA+AES-256,1000,2,496,558.5579000035068,0.6910000010975637,2.8604000035556965,True,271.5861639757305
RSA+AES-256,1000,2,497,895.9421000035945,0.680199998896569,2.8626000057556666,True,271.5861639757305
RSA+AES-256,1000,2,498,474.76170000300044,0.6776000009267591,2.984200000355486,True,271.5861639757305
RSA+AES-256,1000,2,499,446.051200000511,0.6352999989758246,3.3239999975194223,True,271.5861639757305
RSA+AES-256,1000,2,500,1028.445100004319,0.6747000006726012,2.9918000000179745,True,271.5861639757305
RSA+AES-256,1000,2,501,1017.9520999954548,0.6677999990643002,3.000099997734651,True,271.5861639757305
RSA+AES-256,1000,2,502,453.980500002217,0.6534999993164092,2.8766999967047013,True,271.5861639757305
RSA+AES-256,1000,2,503,369.3275999976322,0.687400002789218,2.8882000042358413,True,271.5861639757305
RSA+AES-256,1000,2,504,622.7456999986316,0.6562000053236261,2.9934000049252063,True,271.5861639757305
RSA+AES-256,1000,2,505,272.4524000004749,0.669100001687184,3.001699995365925,True,271.5861639757305
RSA+AES-256,1000,2,506,817.9893999986234,0.65819999872474,2.8557999976328574,True,271.5861639757305
RSA+AES-256,1000,2,507,367.788899995503,0.6553999992320314,2.926000001025386,True,271.5861639757305
RSA+AES-256,1000,2,508,734.8353999987012,0.6928999937372282,3.1317000029957853,True,271.5861639757305
RSA+AES-256,1000,2,509,217.95120000024326,0.6170999986352399,2.8770999997504987,True,271.5861639757305
RSA+AES-256,1000,2,510,595.7672000004095,0.709100000676699,2.922300001955591,True,271.5861639757305
RSA+AES-256,1000,2,511,498.800499997742,0.6674000032944605,2.8862999970442615,True,271.5861639757305
RSA+AES-256,1000,2,512,660.4608999987249,0.6575000006705523,2.9609000048367307,True,271.5861639757305
RSA+AES-256,1000,2,513,697.5380000003497,0.6880000000819564,3.017099996213801,True,271.5861639757305
RSA+AES-256,1000,2,514,515.8711999974912,0.6642000007559545,2.899200000683777,True,271.5861639757305
RSA+AES-256,1000,2,515,2358.0838999987463,0.6642000007559545,2.8784000023733824,True,271.5861639757305
RSA+AES-256,1000,2,516,1899.8289999944973,0.6902999957674183,2.9821999996784143,True,271.5861639757305
RSA+AES-256,1000,2,517,293.5600999990129,0.6747000006726012,2.923900006862823,True,271.5861639757305
RSA+AES-256,1000,2,518,811.9907000000239,0.6472000022768043,2.879799998481758,True,271.5861639757305
RSA+AES-256,1000,2,519,479.48920000635553,0.6613999939872883,2.972599999338854,True,271.5861639757305
RSA+AES-256,1000,2,520,1150.8641999971587,0.6642999942414463,3.0144999982439913,True,271.5861639757305
RSA+AES-256,1000,2,521,480.72900000261143,0.6203000011737458,2.956399999675341,True,271.5861639757305
RSA+AES-256,1000,2,522,1790.5068000036408,0.6523999982164241,2.9359000036492944,True,271.5861639757305
RSA+AES-256,1000,2,523,1543.957699999737,0.7607000006828457,2.9547000012826174,True,271.5861639757305
RSA+AES-256,1000,2,524,912.6574999972945,0.6742000041413121,2.9850999999325722,True,271.5861639757305
RSA+AES-256,1000,2,525,603.5600000031991,0.6560999972862191,2.9286000062711537,True,271.5861639757305
RSA+AES-256,1000,2,526,998.9942000029259,0.6898999999975786,2.885900001274422,True,271.5861639757305
RSA+AES-256,1000,2,527,142.71189999999478,0.6143999999039806,2.977399999508634,True,271.5861639757305
RSA+AES-256,1000,2,528,72.03289999597473,0.6441000004997477,2.966000000014901,True,271.5861639757305
RSA+AES-256,1000,2,529,1582.588899997063,0.5820000005769543,2.998900003149174,True,271.5861639757305
RSA+AES-256,1000,2,530,895.6137999994098,0.6678999998257495,2.9205000028014183,True,271.5861639757305
RSA+AES-256,1000,2,531,940.8589000013308,0.6709999943268485,2.996200004417915,True,271.5861639757305
RSA+AES-256,1000,2,532,612.4041000002762,0.7030999986454844,2.9290000020409934,True,271.5861639757305
RSA+AES-256,1000,2,533,434.30049999733455,0.6637999977101572,2.9240000003483146,True,271.5861639757305
RSA+AES-256,1000,2,534,449.3801000062376,0.6121999977040105,2.9962999979034066,True,271.5861639757305
RSA+AES-256,1000,2,535,641.0222999984398,0.6880000000819564,2.997699994011782,True,271.5861639757305
RSA+AES-256,1000,2,536,834.4593000001623,0.6081999963498674,3.1087999959709123,True,271.5861639757305
RSA+AES-256,1000,2,537,180.24180000065826,0.6561999980476685,2.9197000039857812,True,271.5861639757305
RSA+AES-256,1000,2,538,667.4937999996473,0.6617999970330857,2.8989999991608784,True,271.5861639757305
RSA+AES-256,1000,2,539,2671.0997999980464,0.6823000003350899,2.958999997645151,True,271.5861639757305
RSA+AES-256,1000,2,540,680.4896999965422,0.6751999972038902,2.9155000011087395,True,271.5861639757305
RSA+AES-256,1000,2,541,902.7434999952675,0.7035000016912818,2.9442999948514625,True,271.5861639757305
RSA+AES-256,1000,2,542,1474.9620000002324,0.7219000035547651,2.965200001199264,True,271.5861639757305
RSA+AES-256,1000,2,543,991.2058000045363,0.6718000004184432,2.9608000040752813,True,271.5861639757305
RSA+AES-256,1000,2,544,637.6553999944008,0.6573999999091029,2.904500004660804,True,271.5861639757305
RSA+AES-256,1000,2,545,808.6587999932817,0.6610999989788979,3.2008999987738207,True,271.5861639757305
RSA+AES-256,1000,2,546,565.565400000196,0.7116000051610172,2.9613000006065704,True,271.5861639757305
RSA+AES-256,1000,2,547,225.72090000176104,0.6321000037132762,2.9847999976482242,True,271.5861639757305
RSA+AES-256,1000,2,548,748.2426999995369,0.6304999988060445,3.078100002312567,True,271.5861639757305
RSA+AES-256,1000,2,549,758.963499996753,0.6577999956789427,2.882600005250424,True,271.5861639757305
RSA+AES-256,1000,2,550,640.087500003574,0.6280999950831756,3.0054000017116778,True,271.5861639757305
RSA+AES-256,1000,2,551,99.10800000216113,0.6395000018528663,2.914999997301493,True,271.5861639757305
RSA+AES-256,1000,2,552,433.87230000371346,0.6715000054100528,2.964899998914916,True,271.5861639757305
RSA+AES-256,1000,2,553,635.7900000002701,0.6590999983018264,2.9133999996702187,True,271.5861639757305
RSA+AES-256,1000,2,554,409.53049999370705,0.684200000250712,3.174199999193661,True,271.5861639757305
RSA+AES-256,1000,2,555,263.0767000009655,0.7020999983069487,2.9555000000982545,True,271.5861639757305
RSA+AES-256,1000,2,556,588.3849000019836,0.6637999977101572,2.948000001197215,True,271.5861639757305
RSA+AES-256,1000,2,557,620.8448999968823,0.6640999999945052,2.940200000011828,True,271.5861639757305
RSA+AES-256,1000,2,558,216.30649999860907,0.6415000025299378,2.9910000012023374,True,271.5861639757305
RSA+AES-256,1000,2,559,1714.3737000005785,0.6747000006726012,2.92059999628691,True,271.5861639757305
RSA+AES-256,1000,2,560,310.4765000025509,0.7038999974611215,2.9567999954451807,True,271.5861639757305
RSA+AES-256,1000,2,561,1947.3316999938106,0.6385000015143305,3.0742000017198734,True,271.5861639757305
RSA+AES-256,1000,2,562,295.33039999660105,0.6829000049037859,3.0549000002793036,True,271.5861639757305
RSA+AES-256,1000,2,563,1311.8768999993335,0.6964999993215315,2.976499999931548,True,271.5861639757305
RSA+AES-256,1000,2,564,330.99780000338797,0.6714999981340952,2.979800003231503,True,271.5861639757305
RSA+AES-256,1000,2,565,1906.4495999991777,0.6367999958456494,3.381399998033885,True,271.5861639757305
RSA+AES-256,1000,2,566,323.2531999965431,0.6804000004194677,2.9708000001846813,True,271.5861639757305
RSA+AES-256,1000,2,567,808.3810000025551,0.6689000001642853,2.9155000011087395,True,271.5861639757305
RSA+AES-256,1000,2,568,324.05580000340706,0.6778000024496578,3.000899996550288,True,271.5861639757305
RSA+AES-256,1000,2,569,936.2705999956233,0.6732999972882681,2.9537999944295734,True,271.5861639757305
RSA+AES-256,1000,2,570,310.7101999994484,0.6848999983048998,2.9066999995848164,True,271.5861639757305
RSA+AES-256,1000,2,571,1357.5993999984348,0.6766000005882233,2.9741000034846365,True,271.5861639757305
RSA+AES-256,1000,2,572,118.27210000046762,0.5860000019310974,2.9761999976472,True,271.5861639757305
RSA+AES-256,1000,2,573,1199.6807999967132,0.6712999966111965,2.9601999995065853,True,271.5861639757305
RSA+AES-256,1000,2,574,653.6254000020563,0.6575000006705523,2.9654000027221628,True,271.5861639757305
RSA+AES-256,1000,2,575,519.9558999956935,0.6250000005820766,2.9928000003565103,True,271.5861639757305
RSA+AES-256,1000,2,576,1754.1864000013447,0.6524000054923818,2.910299997893162,True,271.5861639757305
RSA+AES-256,1000,2,577,1063.4514000048512,0.6259999936446548,3.028200000699144,True,271.5861639757305
RSA+AES-256,1000,2,578,905.8039000010467,0.6699999939883128,2.9540999967139214,True,271.5861639757305
RSA+AES-256,1000,2,579,137.27719999587862,0.6012000012560748,2.8986999968765303,True,271.5861639757305
RSA+AES-256,1000,2,580,578.7615000008373,0.6491000021924265,2.868200004741084,True,271.5861639757305
RSA+AES-256,1000,2,581,480.86049999983516,0.6173999936436303,2.9781999983242713,True,271.5861639757305
RSA+AES-256,1000,2,582,849.2698999980348,0.6945999994059093,3.1109999981708825,True,271.5861639757305
RSA+AES-256,1000,2,583,332.9751999990549,0.6885999973746948,2.959400000690948,True,271.5861639757305
RSA+AES-256,1000,2,584,943.3871000001091,0.6572999991476536,2.9494000045815483,True,271.5861639757305
RSA+AES-256,1000,2,585,1135.905000002822,0.680500001180917,2.9779999968013726,True,271.5861639757305
RSA+AES-256,1000,2,586,129.6784000005573,0.5802000014227815,2.8747000033035874,True,271.5861639757305
RSA+AES-256,1000,2,587,1147.0178000017768,0.6963000050745904,2.9577999957837164,True,271.5861639757305
RSA+AES-256,1000,2,588,1191.7428000015207,0.6791999985580333,2.962200000183657,True,271.5861639757305
RSA+AES-256,1000,2,589,1325.377999994089,0.6719000011798926,2.915299999585841,True,271.5861639757305
RSA+AES-256,1000,2,590,615.9712000007858,0.6589000040548854,2.9264999975566752,True,271.5861639757305
RSA+AES-256,1000,2,591,545.9483999948134,0.6466000049840659,3.010300002642907,True,271.5861639757305
RSA+AES-256,1000,2,592,578.2852999982424,0.6640999999945052,2.925299995695241,True,271.5861639757305
RSA+AES-256,1000,2,593,224.5032999999239,0.6410999994841404,2.8688000020338222,True,271.5861639757305
RSA+AES-256,1000,2,594,400.67419999832055,0.679899996612221,2.925599997979589,True,271.5861639757305
RSA+AES-256,1000,2,595,1050.685700000031,0.6673000025330111,2.880100000766106,True,271.5861639757305
RSA+AES-256,1000,2,596,947.5127000041539,0.6909000003361143,3.0060999997658655,True,271.5861639757305
RSA+AES-256,1000,2,597,822.3115999935544,0.7006000014371239,3.1865999990259297,True,271.5861639757305
RSA+AES-256,1000,2,598,1124.4069000022137,0.6616999962716363,2.898599996115081,True,271.5861639757305
RSA+AES-256,1000,2,599,932.7322999961325,0.7060999996610917,3.0190999968908727,True,271.5861639757305
RSA+AES-256,1000,2,600,1138.8264000052004,0.6666000044788234,2.9533999986597337,True,271.5861639757305
RSA+AES-256,1000,2,601,568.5779000050388,0.6751999972038902,3.0299999998533167,True,271.5861639757305
RSA+AES-256,1000,2,602,411.0291999968467,0.6636000034632161,3.2184000010602176,True,271.5861639757305
RSA+AES-256,1000,2,603,942.2211999990395,0.661899997794535,2.931800001533702,True,271.5861639757305
RSA+AES-256,1000,2,604,665.6647999989218,0.6931999960215762,2.9217999981483445,True,271.5861639757305
RSA+AES-256,1000,2,605,400.4669999994803,0.6708000000799075,2.9136000011931174,True,271.5861639757305
RSA+AES-256,1000,2,606,431.4842000021599,0.6567999953404069,2.972400005091913,True,271.5861639757305
RSA+AES-256,1000,2,607,215.41559999604942,0.6343999993987381,3.0299999998533167,True,271.5861639757305
RSA+AES-256,1000,2,608,574.2715000014869,0.6858999986434355,2.969299996038899,True,271.5861639757305
RSA+AES-256,1000,2,609,1336.3570000001346,0.6552000049850903,2.9066999995848164,True,271.5861639757305
RSA+AES-256,1000,2,610,865.3391999978339,0.6766000005882233,2.983899998071138,True,271.5861639757305
RSA+AES-256,1000,2,611,540.1081000018166,0.6377000026986934,3.0030999987502582,True,271.5861639757305
RSA+AES-256,1000,2,612,95.43970000231639,0.6554999999934807,2.9924999980721623,True,271.5861639757305
RSA+AES-256,1000,2,613,353.12120000162395,0.7007999956840649,2.9451000009430572,True,271.5861639757305
RSA+AES-256,1000,2,614,546.6404000035254,0.6760999967809767,2.8953000000910833,True,271.5861639757305
RSA+AES-256,1000,2,615,257.71890000032727,0.625100001343526,2.952000002551358,True,271.5861639757305
RSA+AES-256,1000,2,616,974.1422000006423,0.6783999997423962,2.9638999985763803,True,271.5861639757305
RSA+AES-256,1000,2,617,526.7912999988766,0.668499997118488,2.9995000004419126,True,271.5861639757305
RSA+AES-256,1000,2,618,552.5319000007585,0.6911999953445047,2.9922999965492636,True,271.5861639757305
RSA+AES-256,1000,2,619,530.8361999996123,0.6711000023642555,2.863699999579694,True,271.5861639757305
RSA+AES-256,1000,2,620,472.8774999966845,0.6132999988039955,3.0000000042491592,True,271.5861639757305
RSA+AES-256,1000,2,621,822.3044000042137,0.9168000033241697,3.809200003161095,True,271.5861639757305
RSA+AES-256,1000,2,622,1175.6028999952832,0.7283000013558194,3.074100000958424,True,271.5861639757305
RSA+AES-256,1000,2,623,336.79490000213264,0.6811999992351048,3.010000000358559,True,271.5861639757305
RSA+AES-256,1000,2,624,236.54130000068108,0.6635999961872585,2.9662999950232916,True,271.5861639757305
RSA+AES-256,1000,2,625,1171.0373000023537,0.6495999987237155,2.842399997462053,True,271.5861639757305
RSA+AES-256,1000,2,626,339.6759000024758,0.6676000048173591,2.8848000001744367,True,271.5861639757305
RSA+AES-256,1000,2,627,462.55410000594566,0.7026000021141954,2.9867999983252957,True,271.5861639757305
RSA+AES-256,1000,2,628,651.1368000064977,0.668799999402836,2.991400004248135,True,271.5861639757305
RSA+AES-256,1000,2,629,679.0148000000045,0.6523000047309324,2.8835999983130023,True,271.5861639757305
RSA+AES-256,1000,2,630,995.1302999979816,0.6782999989809468,3.032000000530388,True,271.5861639757305
RSA+AES-256,1000,2,631,180.99660000007134,0.6710999950882979,3.0394999994314276,True,271.5861639757305
RSA+AES-256,1000,2,632,436.5315999966697,0.6857999978819862,3.0592000039177947,True,271.5861639757305
RSA+AES-256,1000,2,633,290.0000000008731,0.6997000018600374,2.8793999954359606,True,271.5861639757305
RSA+AES-256,1000,2,634,1704.0366000001086,0.6714999981340952,3.028500002983492,True,271.5861639757305
RSA+AES-256,1000,2,635,185.5412000004435,0.6802999996580184,3.1739999976707622,True,271.5861639757305
RSA+AES-256,1000,2,636,544.8857000010321,0.6398000041372143,3.5953999977209605,True,271.5861639757305
RSA+AES-256,1000,2,637,229.93510000378592,0.6245000040507875,3.0515000034938566,True,271.5861639757305
RSA+AES-256,1000,2,638,2410.3063000002294,0.8049000025494024,3.078100002312567,True,271.5861639757305
RSA+AES-256,1000,2,639,322.6342999987537,0.6942999971215613,2.952899994852487,True,271.5861639757305
RSA+AES-256,1000,2,640,341.3204999960726,0.6855000028735958,2.9607999967993237,True,271.5861639757305
RSA+AES-256,1000,2,641,237.78740000125254,0.6540999966091476,2.9084999987389892,True,271.5861639757305
RSA+AES-256,1000,2,642,1013.847899994289,0.6606999959331006,2.953499999421183,True,271.5861639757305
RSA+AES-256,1000,2,643,556.7364000016823,0.6597999963560142,2.912899995862972,True,271.5861639757305
RSA+AES-256,1000,2,644,344.3851999982144,0.6819999980507419,3.020699994522147,True,271.5861639757305
RSA+AES-256,1000,2,645,1370.1189999992494,0.628999994660262,3.0207000017981045,True,271.5861639757305
RSA+AES-256,1000,2,646,1886.31030000397,0.6815000015194528,3.064500000618864,True,271.5861639757305
RSA+AES-256,1000,2,647,1190.2591999969445,0.6737000003340654,2.9179000048316084,True,271.5861639757305
RSA+AES-256,1000,2,648,1700.2413000009255,0.668799999402836,2.8840000013587996,True,271.5861639757305
RSA+AES-256,1000,2,649,996.0523000045214,0.6606999959331006,2.969500004837755,True,271.5861639757305
RSA+AES-256,1000,2,650,115.10340000677388,0.6037999992258847,2.9151999988243915,True,271.5861639757305
RSA+AES-256,1000,2,651,176.92439999518683,0.6261000016820617,2.9155000011087395,True,271.5861639757305
RSA+AES-256,1000,2,652,1441.3111000030767,0.6551999977091327,2.878300001611933,True,271.5861639757305
RSA+AES-256,1000,2,653,1455.2388000010978,0.6557999950018711,2.878399995097425,True,271.5861639757305
RSA+AES-256,1000,2,654,691.8312999987393,0.684200000250712,2.9450999936670996,True,271.5861639757305
RSA+AES-256,1000,2,655,234.6932000000379,0.6473000030382536,2.9682000022148713,True,271.5861639757305
RSA+AES-256,1000,2,656,742.2971000050893,0.6568000026163645,2.879400002711918,True,271.5861639757305
RSA+AES-256,1000,2,657,1305.468699996709,0.6961000035516918,2.875900005165022,True,271.5861639757305
RSA+AES-256,1000,2,658,365.34569999639643,0.6523999982164241,2.9964999994263053,True,271.5861639757305
RSA+AES-256,1000,2,659,689.7276000017882,0.6098000012570992,2.958699995360803,True,271.5861639757305
RSA+AES-256,1000,2,660,472.5881999984267,0.6747000006726012,2.9429999995045364,True,271.5861639757305
RSA+AES-256,1000,2,661,64.78649999917252,0.6444999962695874,2.9863000017940067,True,271.5861639757305
RSA+AES-256,1000,2,662,242.42569999478292,0.6219999995664693,2.919600003224332,True,271.5861639757305
RSA+AES-256,1000,2,663,272.6492000001599,0.684200000250712,3.044400000362657,True,271.5861639757305
RSA+AES-256,1000,2,664,292.3039000015706,0.6680000005871989,2.9485999984899536,True,271.5861639757305
RSA+AES-256,1000,2,665,610.2713000000222,0.6864000024506822,2.9555000000982545,True,271.5861639757305
RSA+AES-256,1000,2,666,470.6979999973555,0.661700003547594,2.873500001442153,True,271.5861639757305
RSA+AES-256,1000,2,667,1264.4719000018085,0.6891000011819415,2.895999998145271,True,271.5861639757305
RSA+AES-256,1000,2,668,1290.6246000056854,0.6532999977935106,2.8593000024557114,True,271.5861639757305
RSA+AES-256,1000,2,669,471.93410000181757,0.6595999948331155,2.962499995192047,True,271.5861639757305
RSA+AES-256,1000,2,670,3000.146099999256,0.6933999975444749,3.224799998861272,True,271.5861639757305
RSA+AES-256,1000,2,671,936.5106999975978,0.6124999999883585,3.01690000196686,True,271.5861639757305
RSA+AES-256,1000,2,672,841.008099996543,0.6702999962726608,2.9319000022951514,True,271.5861639757305
RSA+AES-256,1000,2,673,1704.2887000061455,0.6474999972851947,2.860200002032798,True,271.5861639757305
RSA+AES-256,1000,2,674,1401.497400001972,0.6626999966101721,2.897499995015096,True,271.5861639757305
RSA+AES-256,1000,2,675,957.1154000004753,0.6597999963560142,2.9954999990877695,True,271.5861639757305
RSA+AES-256,1000,2,676,596.9315999973333,0.6539000023622066,2.9437999983201735,True,271.5861639757305
RSA+AES-256,1000,2,677,1558.3687999969698,0.665400002617389,2.955700001621153,True,271.5861639757305
RSA+AES-256,1000,2,678,960.611999995308,0.6288999938988127,2.9662999950232916,True,271.5861639757305
RSA+AES-256,1000,2,679,1317.147500005376,0.6718000004184432,2.9031000012764707,True,271.5861639757305
RSA+AES-256,1000,2,680,1052.767799999856,0.6630999996559694,2.9082999972160906,True,271.5861639757305
RSA+AES-256,1000,2,681,522.931300001801,0.6630999996559694,3.0485000024782494,True,271.5861639757305
RSA+AES-256,1000,2,682,555.1988000006531,0.6852000005892478,3.163900000799913,True,271.5861639757305
RSA+AES-256,1000,2,683,1042.1626000024844,0.6571000049007125,2.915900004154537,True,271.5861639757305
RSA+AES-256,1000,2,684,411.2756999966223,0.6536999935633503,2.9165000014472753,True,271.5861639757305
RSA+AES-256,1000,2,685,1170.814099998097,0.6559999965247698,2.9531000036513433,True,271.5861639757305
RSA+AES-256,1000,2,686,1163.5545000026468,0.676800002111122,2.9757000011159107,True,271.5861639757305
RSA+AES-256,1000,2,687,562.1325999964029,0.6779000032111071,2.9309000019566156,True,271.5861639757305
RSA+AES-256,1000,2,688,1192.5094000034733,0.6448999993153848,2.9756000003544614,True,271.5861639757305
RSA+AES-256,1000,2,689,685.8323999986169,0.6737000003340654,3.3514000024297275,True,271.5861639757305
RSA+AES-256,1000,2,690,1048.1338999961736,0.6989000030444004,2.949300003820099,True,271.5861639757305
RSA+AES-256,1000,2,691,305.9018999992986,0.6759999960195273,3.028999999514781,True,271.5861639757305
RSA+AES-256,1000,2,692,179.3725000025006,0.7435000006807968,3.081800001382362,True,271.5861639757305
RSA+AES-256,1000,2,693,370.1308000017889,0.6696999989799224,2.9903000031481497,True,271.5861639757305
RSA+AES-256,1000,2,694,1961.8564000047627,0.6064000044716522,2.9818999973940663,True,271.5861639757305
RSA+AES-256,1000,2,695,399.3376999933389,0.6696999989799224,2.9837999973096885,True,271.5861639757305
RSA+AES-256,1000,2,696,234.73979999835137,0.6831999999121763,2.9932999968877994,True,271.5861639757305
RSA+AES-256,1000,2,697,654.265299999679,0.668499997118488,2.930399998149369,True,271.5861639757305
RSA+AES-256,1000,2,698,919.3866999994498,0.6595000013476238,2.9137000019545667,True,271.5861639757305
RSA+AES-256,1000,2,699,412.53380000125617,0.6857000043964945,3.239099998609163,True,271.5861639757305
RSA+AES-256,1000,2,700,1948.811399997794,0.6634999954258092,2.9906000054324977,True,271.5861639757305
RSA+AES-256,1000,2,701,356.9763999985298,0.6711000023642555,3.0077000046730973,True,271.5861639757305
RSA+AES-256,1000,2,702,1275.1747999936924,0.6673000025330111,2.9763000056846067,True,271.5861639757305
RSA+AES-256,1000,2,703,791.255900003307,0.7122000024537556,2.9785000006086193,True,271.5861639757305
RSA+AES-256,1000,2,704,1059.3010000011418,0.6452000015997328,2.9103999986546114,True,271.5861639757305
RSA+AES-256,1000,2,705,3363.47840000235,0.691400004143361,2.8850000016973354,True,271.5861639757305
RSA+AES-256,1000,2,706,200.84749999659834,0.6160999982967041,2.9020999936619774,True,271.5861639757305
RSA+AES-256,1000,2,707,176.03399999643443,0.665700004901737,2.9195000024628825,True,271.5861639757305
RSA+AES-256,1000,2,708,346.739599997818,0.6749999956809916,2.9705999986617826,True,271.5861639757305
RSA+AES-256,1000,2,709,315.4950000025565,0.7426000011037104,3.013400004419964,True,271.5861639757305
RSA+AES-256,1000,2,710,766.2894000022789,0.647400003799703,2.8956000023754314,True,271.5861639757305
RSA+AES-256,1000,2,711,895.0275999959558,0.6795000008423813,2.872700002626516,True,271.5861639757305
RSA+AES-256,1000,2,712,1164.0570999952615,0.6790999977965839,2.945000000181608,True,271.5861639757305
RSA+AES-256,1000,2,713,735.9044999975595,0.6733999980497174,3.0155999993439764,True,271.5861639757305
RSA+AES-256,1000,2,714,749.1279000023496,0.6943000043975189,2.9536000001826324,True,271.5861639757305
RSA+AES-256,1000,2,715,1636.1896000016714,0.6639999992330559,2.9346000010264106,True,271.5861639757305
RSA+AES-256,1000,2,716,1296.5046999961487,0.6702000027871691,3.540599995176308,True,271.5861639757305
RSA+AES-256,1000,2,717,975.8167000036337,0.6722999969497323,3.158599996822886,True,271.5861639757305
RSA+AES-256,1000,2,718,476.80030000628904,0.6502000032924116,2.8693999993265606,True,271.5861639757305
RSA+AES-256,1000,2,719,1030.7217000008677,0.6114999996498227,2.96360000356799,True,271.5861639757305
RSA+AES-256,1000,2,720,515.6022000010125,0.6843000010121614,2.919099999417085,True,271.5861639757305
RSA+AES-256,1000,2,721,1492.5531999979285,0.6490000014309771,2.9059000007691793,True,271.5861639757305
RSA+AES-256,1000,2,722,152.0583999954397,0.6463000026997179,2.927800000179559,True,271.5861639757305
RSA+AES-256,1000,2,723,1738.9151000024867,0.6599000043934211,2.9630000062752515,True,271.5861639757305
RSA+AES-256,1000,2,724,754.954899995937,0.6573000064236112,2.907900001446251,True,271.5861639757305
RSA+AES-256,1000,2,725,1014.3374000035692,0.6968000016058795,2.9010999933234416,True,271.5861639757305
RSA+AES-256,1000,2,726,930.9676999982912,0.7102999952621758,2.9686999987461604,True,271.5861639757305
RSA+AES-256,1000,2,727,1734.5214999950258,0.6682999955955893,2.9685000044992194,True,271.5861639757305
RSA+AES-256,1000,2,728,649.0512000018498,0.6865000032121316,2.9888999997638166,True,271.5861639757305
RSA+AES-256,1000,2,729,1001.4253000044846,0.6635000027017668,2.8766999967047013,True,271.5861639757305
RSA+AES-256,1000,2,730,325.1541999998153,0.7364000048255548,3.0072000008658506,True,271.5861639757305
RSA+AES-256,1000,2,731,151.0668999981135,0.6022999950801022,2.9620999994222075,True,271.5861639757305
RSA+AES-256,1000,2,732,719.0659000043524,0.680500001180917,2.929700000095181,True,271.5861639757305
RSA+AES-256,1000,2,733,1016.4623999953619,0.6448999993153848,2.857700004824437,True,271.5861639757305
RSA+AES-256,1000,2,734,218.2706000021426,0.6747000006726012,2.952700000605546,True,271.5861639757305
RSA+AES-256,1000,2,735,353.83469999942463,0.6417000040528364,2.9243999961181544,True,271.5861639757305
RSA+AES-256,1000,2,736,702.395999993314,0.6577999956789427,2.9393000004347414,True,271.5861639757305
RSA+AES-256,1000,2,737,102.67120000207797,0.643599996692501,2.9662999950232916,True,271.5861639757305
RSA+AES-256,1000,2,738,1114.687799999956,0.7148000004235655,2.9600000052596442,True,271.5861639757305
RSA+AES-256,1000,2,739,1100.4437000010512,0.6935999990673736,2.9993999996804632,True,271.5861639757305
RSA+AES-256,1000,2,740,1062.4877999944147,0.6592999998247251,2.879300001950469,True,271.5861639757305
RSA+AES-256,1000,2,741,1158.4002999952645,0.672199996188283,2.9720000020461157,True,271.5861639757305
RSA+AES-256,1000,2,742,734.4430000011926,0.6683000028715469,3.0086999977356754,True,271.5861639757305
RSA+AES-256,1000,2,743,436.22340000001714,0.7015000010142103,2.94729999586707,True,271.5861639757305
RSA+AES-256,1000,2,744,1783.2268999991356,0.6530999962706119,2.9056999992462806,True,271.5861639757305
RSA+AES-256,1000,2,745,1064.1952000005404,0.6869999997434206,2.8992999941692688,True,271.5861639757305
RSA+AES-256,1000,2,746,1232.2350999966147,0.6967999943299219,2.942899998743087,True,271.5861639757305
RSA+AES-256,1000,2,747,959.9567999975989,0.6554999999934807,2.949800000351388,True,271.5861639757305
RSA+AES-256,1000,2,748,798.4652999948594,0.6825999953434803,2.9903000031481497,True,271.5861639757305
RSA+AES-256,1000,2,749,550.4810999991605,0.6664999964414164,2.9744999992544763,True,271.5861639757305
RSA+AES-256,1000,2,750,231.1076999976649,0.6253999963519163,2.9681999949389137,True,271.5861639757305
RSA+AES-256,1000,2,751,195.8368999985396,0.5855999988853,3.029300001799129,True,271.5861639757305
RSA+AES-256,1000,2,752,862.006499999552,0.6765999933122657,2.916700002970174,True,271.5861639757305
RSA+AES-256,1000,2,753,1782.86140000273,0.7863999999244697,3.321100004541222,True,271.5861639757305
RSA+AES-256,1000,2,754,1183.9298999984749,0.65819999872474,2.922300001955591,True,271.5861639757305
RSA+AES-256,1000,2,755,688.0025999998907,0.6597000028705224,3.1250999963958748,True,271.5861639757305
RSA+AES-256,1000,2,756,2432.1468000052846,0.6582999994861893,2.8585000036400743,True,271.5861639757305
RSA+AES-256,1000,2,757,533.6409000010462,0.6931000025360845,3.0068999985815026,True,271.5861639757305
RSA+AES-256,1000,2,758,935.7474000062211,0.7183999987319112,3.035599998838734,True,271.5861639757305
RSA+AES-256,1000,2,759,1021.9933999978821,0.6607000032090582,2.885099995182827,True,271.5861639757305
RSA+AES-256,1000,2,760,340.1919999960228,0.6528000012622215,3.147499999613501,True,271.5861639757305
RSA+AES-256,1000,2,761,1187.727199998335,0.6040000007487833,2.9531000036513433,True,271.5861639757305
RSA+AES-256,1000,2,762,1082.7276000054553,0.6629999988945201,3.0354999980772845,True,271.5861639757305
RSA+AES-256,1000,2,763,701.2495000017225,0.6664999964414164,2.924400003394112,True,271.5861639757305
RSA+AES-256,1000,2,764,980.4045000055339,0.6499000010080636,2.8645999991567805,True,271.5861639757305
RSA+AES-256,1000,2,765,420.8682000025874,0.6627000038861297,2.9562000054284,True,271.5861639757305
RSA+AES-256,1000,2,766,319.41299999743933,0.7086999976309016,2.8987999976379797,True,271.5861639757305
RSA+AES-256,1000,2,767,457.0023999986006,0.6635000027017668,2.9188999978941865,True,271.5861639757305
RSA+AES-256,1000,2,768,846.6632999989088,0.6577999956789427,3.277299998444505,True,271.5861639757305
RSA+AES-256,1000,2,769,804.0446000013617,0.6560999972862191,2.89169999450678,True,271.5861639757305
RSA+AES-256,1000,2,770,339.8123000006308,0.6725999992340803,3.006699997058604,True,271.5861639757305
RSA+AES-256,1000,2,771,277.6555000018561,0.683599995682016,2.933900002972223,True,271.5861639757305
RSA+AES-256,1000,2,772,915.6320000038249,0.6863999951747246,3.0079999996814877,True,271.5861639757305
RSA+AES-256,1000,2,773,265.50660000066273,0.6826999961049296,2.9988999958732165,True,271.5861639757305
RSA+AES-256,1000,2,774,330.19140000396874,0.6399000048986636,2.881200001866091,True,271.5861639757305
RSA+AES-256,1000,2,775,306.22890000086045,0.6789000035496429,3.0177000007824972,True,271.5861639757305
RSA+AES-256,1000,2,776,309.4118000008166,0.6742000041413121,2.948200002720114,True,271.5861639757305
RSA+AES-256,1000,2,777,90.96249999856809,0.5856999996467493,2.965899999253452,True,271.5861639757305
RSA+AES-256,1000,2,778,322.7318999997806,0.6568999961018562,2.8788999989046715,True,271.5861639757305
RSA+AES-256,1000,2,779,778.098200004024,0.7142000031308271,2.991700006532483,True,271.5861639757305
RSA+AES-256,1000,2,780,450.38219999696594,0.6922000029589981,3.0408000020543113,True,271.5861639757305
RSA+AES-256,1000,2,781,1049.0572999988217,0.657899996440392,2.8987999976379797,True,271.5861639757305
RSA+AES-256,1000,2,782,621.7008000021451,0.6786000012652948,3.0329000001074746,True,271.5861639757305
RSA+AES-256,1000,2,783,478.3638000008068,0.6865000032121316,2.9031000012764707,True,271.5861639757305
RSA+AES-256,1000,2,784,225.21460000280058,0.6616999962716363,2.967799999169074,True,271.5861639757305
RSA+AES-256,1000,2,785,944.5118000003276,0.6250000005820766,3.0579999947804026,True,271.5861639757305
RSA+AES-256,1000,2,786,471.9346999991103,0.6921000021975487,2.9781999983242713,True,271.5861639757305
RSA+AES-256,1000,2,787,1007.936800000607,0.6712999966111965,2.9723000043304637,True,271.5861639757305
RSA+AES-256,1000,2,788,323.9887000017916,0.6590999983018264,2.9566000011982396,True,271.5861639757305
RSA+AES-256,1000,2,789,1485.1534999979776,0.6738000010955147,2.998900003149174,True,271.5861639757305
RSA+AES-256,1000,2,790,701.4984999987064,0.687899999320507,2.9709000009461306,True,271.5861639757305
RSA+AES-256,1000,2,791,215.71789999870816,0.6783999997423962,3.250800000387244,True,271.5861639757305
RSA+AES-256,1000,2,792,638.7860000031651,0.6689000001642853,2.9701000021304935,True,271.5861639757305
RSA+AES-256,1000,2,793,247.04729999939445,0.6523999982164241,2.9561999981524423,True,271.5861639757305
RSA+AES-256,1000,2,794,573.1893999982276,0.6472000022768043,2.8768999982276,True,271.5861639757305
RSA+AES-256,1000,2,795,1127.8915000002598,0.6693000032100827,2.9305999996722676,True,271.5861639757305
RSA+AES-256,1000,2,796,977.4182000037399,0.6972999981371686,2.958999997645151,True,271.5861639757305
RSA+AES-256,1000,2,797,954.4389999937266,0.6150000044726767,2.86469999991823,True,271.5861639757305
RSA+AES-256,1000,2,798,579.0645000015502,0.6776999944122508,2.929700000095181,True,271.5861639757305
RSA+AES-256,1000,2,799,395.778899997822,0.6800999981351197,2.912599993578624,True,271.5861639757305
RSA+AES-256,1000,2,800,981.6421000068658,0.6703999970341101,3.1180000005406328,True,271.5861639757305
RSA+AES-256,1000,2,801,754.7695000030217,0.7200999971246347,2.8878999946755357,True,271.5861639757305
RSA+AES-256,1000,2,802,736.8562999981805,0.6881000008434057,2.8840999948442914,True,271.5861639757305
RSA+AES-256,1000,2,803,463.48720000241883,0.6787000020267442,2.9525999998440966,True,271.5861639757305
RSA+AES-256,1000,2,804,1213.0249999972875,0.6605000016861595,2.906599998823367,True,271.5861639757305
RSA+AES-256,1000,2,805,945.601399995212,0.6131999980425462,3.0035999952815473,True,271.5861639757305
RSA+AES-256,1000,2,806,267.55340000090655,0.6406999964383431,2.9062000030535273,True,271.5861639757305
RSA+AES-256,1000,2,807,843.7690999999177,0.7031999994069338,3.093700004683342,True,271.5861639757305
RSA+AES-256,1000,2,808,339.28620000369847,0.6706000058329664,2.922900006524287,True,271.5861639757305
RSA+AES-256,1000,2,809,188.29659999755677,0.6775000001653098,2.98099999781698,True,271.5861639757305
RSA+AES-256,1000,2,810,668.0208999969182,0.6604999944102019,2.8928000028827228,True,271.5861639757305
RSA+AES-256,1000,2,811,1023.1988999948953,0.6632000004174188,2.867099996365141,True,271.5861639757305
RSA+AES-256,1000,2,812,1052.5213000000804,0.6543999988934956,2.891500000259839,True,271.5861639757305
RSA+AES-256,1000,2,813,626.0523999953875,0.6749999956809916,2.9238999995868653,True,271.5861639757305
RSA+AES-256,1000,2,814,664.1982000001008,0.6561999980476685,2.9566999946837313,True,271.5861639757305
RSA+AES-256,1000,2,815,503.93330000224523,0.6828999976278283,2.904000000853557,True,271.5861639757305
RSA+AES-256,1000,2,816,452.109300000302,0.6735999995726161,2.9782999990857206,True,271.5861639757305
RSA+AES-256,1000,2,817,581.4401999959955,0.6790999977965839,2.975999996124301,True,271.5861639757305
RSA+AES-256,1000,2,818,661.9322999977157,0.6816999957663938,3.071200000704266,True,271.5861639757305
RSA+AES-256,1000,2,819,188.92269999923883,0.669100001687184,2.94729999586707,True,271.5861639757305
RSA+AES-256,1000,2,820,658.5914999959641,0.7252000068547204,3.04619999951683,True,271.5861639757305
RSA+AES-256,1000,2,821,606.3932000033674,0.7224000000860542,2.9632999940076843,True,271.5861639757305
RSA+AES-256,1000,2,822,340.4311999984202,0.6644999957643449,2.9995000004419126,True,271.5861639757305
RSA+AES-256,1000,2,823,223.40950000216253,0.6427999978768639,2.9904999973950908,True,271.5861639757305
RSA+AES-256,1000,2,824,1082.7473000026657,0.6740999961039051,2.887800001190044,True,271.5861639757305
RSA+AES-256,1000,2,825,595.8687000020291,0.7246000022860244,2.9257999995024875,True,271.5861639757305
RSA+AES-256,1000,2,826,302.0812999966438,0.6836999964434654,2.896300000429619,True,271.5861639757305
RSA+AES-256,1000,2,827,1000.8725000006962,0.6590000048163347,2.9834000015398487,True,271.5861639757305
RSA+AES-256,1000,2,828,692.7242999954615,0.6609000047319569,2.9108000017004088,True,271.5861639757305
RSA+AES-256,1000,2,829,359.63120000087656,0.6798000031267293,2.9797999959555455,True,271.5861639757305
RSA+AES-256,1000,2,830,470.72640000260435,0.6081000028643757,2.924100001109764,True,271.5861639757305
RSA+AES-256,1000,2,831,643.3534999960102,0.6939999948372133,2.9115999932400882,True,271.5861639757305
RSA+AES-256,1000,2,832,564.509799994994,0.6694999974570237,3.0114000037428923,True,271.5861639757305
RSA+AES-256,1000,2,833,1052.6314999951865,0.6599999978789128,2.870600001187995,True,271.5861639757305
RSA+AES-256,1000,2,834,242.56189999869093,0.6553999992320314,2.979999997478444,True,271.5861639757305
RSA+AES-256,1000,2,835,569.6527999971295,0.6947000001673587,3.205000000889413,True,271.5861639757305
RSA+AES-256,1000,2,836,601.3930999979493,0.6580000044777989,2.930700000433717,True,271.5861639757305
RSA+AES-256,1000,2,837,1270.3762000019196,0.6009999997331761,2.948200002720114,True,271.5861639757305
RSA+AES-256,1000,2,838,150.34060000471072,0.6668999994872138,2.880100000766106,True,271.5861639757305
RSA+AES-256,1000,2,839,542.1024999959627,0.6533999985549599,2.86469999991823,True,271.5861639757305
RSA+AES-256,1000,2,840,680.642600003921,0.7074000022839755,2.976600000692997,True,271.5861639757305
RSA+AES-256,1000,2,841,1098.692100000335,0.6531000035465695,2.8634999980567954,True,271.5861639757305
RSA+AES-256,1000,2,842,463.1761999989976,0.650499998300802,2.8784000023733824,True,271.5861639757305
RSA+AES-256,1000,2,843,616.5768999999273,0.6892000019433908,2.8873999981442466,True,271.5861639757305
RSA+AES-256,1000,2,844,1184.4598000025144,0.6635999961872585,2.971800000523217,True,271.5861639757305
RSA+AES-256,1000,2,845,230.24379999696976,0.6712999966111965,2.940799997304566,True,271.5861639757305
RSA+AES-256,1000,2,846,1560.320500000671,0.6776000009267591,2.9874000028939918,True,271.5861639757305
RSA+AES-256,1000,2,847,756.1229999992065,0.720199997886084,3.0317999990074895,True,271.5861639757305
RSA+AES-256,1000,2,848,311.45029999606777,0.6055999983800575,2.9531000036513433,True,271.5861639757305
RSA+AES-256,1000,2,849,395.97409999987576,0.7501000000047497,2.9715999990003183,True,271.5861639757305
RSA+AES-256,1000,2,850,661.0723999983747,0.7117999994079582,2.97359999967739,True,271.5861639757305
RSA+AES-256,1000,2,851,1411.302100001194,0.6681000013486482,2.920899998571258,True,271.5861639757305
RSA+AES-256,1000,2,852,1853.350400000636,0.6830999991507269,2.9110000032233074,True,271.5861639757305
RSA+AES-256,1000,2,853,1143.5492000018712,0.6885999973746948,2.9097000006004237,True,271.5861639757305
RSA+AES-256,1000,2,854,1168.8645000031102,0.6665999972028658,3.219999998691492,True,271.5861639757305
RSA+AES-256,1000,2,855,153.50760000001173,0.6384000007528812,2.9646000039065257,True,271.5861639757305
RSA+AES-256,1000,2,856,191.30289999884553,0.5944000004092231,2.849799995601643,True,271.5861639757305
RSA+AES-256,1000,2,857,991.934499994386,0.6637999977101572,2.9548999955295585,True,271.5861639757305
RSA+AES-256,1000,2,858,759.7858000008273,0.6728999942424707,2.9871999940951355,True,271.5861639757305
RSA+AES-256,1000,2,859,1983.646900000167,0.6811999992351048,2.91839999408694,True,271.5861639757305
RSA+AES-256,1000,2,860,487.08520000218414,0.6825000018579885,2.951099995698314,True,271.5861639757305
RSA+AES-256,1000,2,861,1705.1079000011669,0.6598000036319718,2.889600000344217,True,271.5861639757305
RSA+AES-256,1000,2,862,909.2942000061157,0.644500003545545,2.877200000511948,True,271.5861639757305
RSA+AES-256,1000,2,863,1179.506800006493,0.6933000040589832,2.987200001371093,True,271.5861639757305
RSA+AES-256,1000,2,864,1453.5059999980149,0.6971999973757192,2.936299999419134,True,271.5861639757305
RSA+AES-256,1000,2,865,316.02859999838984,0.6133999995654449,2.992699999595061,True,271.5861639757305
RSA+AES-256,1000,2,866,1160.0139000001946,0.6828000041423365,3.0530000003636815,True,271.5861639757305
RSA+AES-256,1000,2,867,659.3160000047646,0.6381000057444908,2.9862000010325573,True,271.5861639757305
RSA+AES-256,1000,2,868,879.0759999974398,0.7761000015307218,2.999299998919014,True,271.5861639757305
RSA+AES-256,1000,2,869,408.425100002205,0.6563999995705672,2.90580000000773,True,271.5861639757305
RSA+AES-256,1000,2,870,371.4237000021967,0.6640999999945052,3.004400001373142,True,271.5861639757305
RSA+AES-256,1000,2,871,566.4397000000463,0.6638999984716065,2.9686999987461604,True,271.5861639757305
RSA+AES-256,1000,2,872,526.8030000006547,0.6547000011778437,2.906100002292078,True,271.5861639757305
RSA+AES-256,1000,2,873,307.56059999839636,0.6905000045662746,2.998800002387725,True,271.5861639757305
RSA+AES-256,1000,2,874,867.4230999968131,0.7037999966996722,2.9457000055117533,True,271.5861639757305
RSA+AES-256,1000,2,875,884.4533000010415,0.6722999969497323,2.88649999856716,True,271.5861639757305
RSA+AES-256,1000,2,876,239.00859999412205,0.6061999956727959,3.109900004346855,True,271.5861639757305
RSA+AES-256,1000,2,877,1856.3596999956644,0.6753999987267889,2.999600001203362,True,271.5861639757305
RSA+AES-256,1000,2,878,1535.5702999950154,0.6876999977976084,2.969599998323247,True,271.5861639757305
RSA+AES-256,1000,2,879,271.03850000276,0.6743999983882532,2.8816000049118884,True,271.5861639757305
RSA+AES-256,1000,2,880,37.71899999992456,0.6200999996508472,3.0801000029896386,True,271.5861639757305
RSA+AES-256,1000,2,881,695.3580999979749,0.6441000004997477,3.0083999954513274,True,271.5861639757305
RSA+AES-256,1000,2,882,1847.4382999993395,0.6248999998206273,2.98099999781698,True,271.5861639757305
RSA+AES-256,1000,2,883,828.9626999976463,0.6897999992361292,3.0409000028157607,True,271.5861639757305
RSA+AES-256,1000,2,884,906.014200001664,0.6128000022727065,2.9257999995024875,True,271.5861639757305
RSA+AES-256,1000,2,885,54.93140000180574,0.6227999983821064,2.889299998059869,True,271.5861639757305
RSA+AES-256,1000,2,886,393.85999999649357,0.676499999826774,2.9918000000179745,True,271.5861639757305
RSA+AES-256,1000,2,887,1551.048000001174,0.6462000019382685,2.925900000263937,True,271.5861639757305
RSA+AES-256,1000,2,888,2393.7499999956344,0.7113000028766692,2.994999995280523,True,271.5861639757305
RSA+AES-256,1000,2,889,1336.6756000032183,0.6670000002486631,2.950900001451373,True,271.5861639757305
RSA+AES-256,1000,2,890,354.46349999983795,0.6731999965268187,2.9102000044076703,True,271.5861639757305
RSA+AES-256,1000,2,891,149.12019999610493,0.5932000058237463,2.9461999947670847,True,271.5861639757305
RSA+AES-256,1000,2,892,988.8953999980004,0.6766000005882233,2.9481000019586645,True,271.5861639757305
RSA+AES-256,1000,2,893,186.07609999889974,0.6464999969466589,2.904099994339049,True,271.5861639757305
RSA+AES-256,1000,2,894,590.8821999983047,0.6711000023642555,2.956099997390993,True,271.5861639757305
RSA+AES-256,1000,2,895,549.8334000003524,0.680500001180917,2.9477999996743165,True,271.5861639757305
RSA+AES-256,1000,2,896,673.1023000029381,0.6802999996580184,2.949800000351388,True,271.5861639757305
RSA+AES-256,1000,2,897,668.0938999998034,0.6834999949205667,2.966699998069089,True,271.5861639757305
RSA+AES-256,1000,2,898,352.47140000137733,0.6386999957612716,2.8835000048275106,True,271.5861639757305
RSA+AES-256,1000,2,899,256.58009999460774,0.6750000029569492,2.9818999973940663,True,271.5861639757305
RSA+AES-256,1000,2,900,834.0280000047642,0.7126999989850447,2.975000003061723,True,271.5861639757305
RSA+AES-256,1000,2,901,804.2153000060352,0.651599999400787,2.8730999983963557,True,271.5861639757305
RSA+AES-256,1000,2,902,3739.594999999099,1.1746999953174964,5.997799999022391,True,271.5861639757305
RSA+AES-256,1000,2,903,1197.4641999986488,0.9483999965596013,4.81220000074245,True,271.5861639757305
RSA+AES-256,1000,2,904,803.9979000022868,0.9314999988419004,4.571600002236664,True,271.5861639757305
RSA+AES-256,1000,2,905,1704.1782000014791,0.8967999965534545,4.231099999742582,True,271.5861639757305
RSA+AES-256,1000,2,906,1302.1156000031624,0.7910999993328005,3.820799996901769,True,271.5861639757305
RSA+AES-256,1000,2,907,1170.0934000036796,0.6935000055818819,3.0554000040865503,True,271.5861639757305
RSA+AES-256,1000,2,908,394.2827999999281,0.6749999956809916,3.0210999975679442,True,271.5861639757305
RSA+AES-256,1000,2,909,624.1270000027725,0.6833000006736256,2.9060000015306287,True,271.5861639757305
RSA+AES-256,1000,2,910,952.2910000014235,0.6520999959320761,2.8725000011036173,True,271.5861639757305
RSA+AES-256,1000,2,911,1113.4075000009034,0.6592999998247251,2.935000004072208,True,271.5861639757305
RSA+AES-256,1000,2,912,188.21020000177668,0.6062999964342453,2.9452999951899983,True,271.5861639757305
RSA+AES-256,1000,2,913,2131.8834999983665,0.6675000040559098,2.8829000002588145,True,271.5861639757305
RSA+AES-256,1000,2,914,1389.554200002749,0.6627000038861297,2.9177000033087097,True,271.5861639757305
RSA+AES-256,1000,2,915,614.4741000025533,0.6746999933966435,2.905000001192093,True,271.5861639757305
RSA+AES-256,1000,2,916,418.63369999919087,0.6943999978830107,2.983899998071138,True,271.5861639757305
RSA+AES-256,1000,2,917,417.7784999992582,0.6012000012560748,2.9364000001805834,True,271.5861639757305
RSA+AES-256,1000,2,918,470.35459999460727,0.6817000030423515,2.958999997645151,True,271.5861639757305
RSA+AES-256,1000,2,919,971.7361000002711,0.6824000010965392,2.9180000055930577,True,271.5861639757305
RSA+AES-256,1000,2,920,734.2432000004919,0.6794000000809319,2.898099999583792,True,271.5861639757305
RSA+AES-256,1000,2,921,1594.168300005549,0.683700003719423,2.977900003315881,True,271.5861639757305
RSA+AES-256,1000,2,922,832.6297000021441,0.6629999988945201,2.95170000026701,True,271.5861639757305
RSA+AES-256,1000,2,923,789.2398000039975,0.6573999999091029,2.8716999950120226,True,271.5861639757305
RSA+AES-256,1000,2,924,656.7819999982021,0.6973000054131262,2.9980999970575795,True,271.5861639757305
RSA+AES-256,1000,2,925,879.9033000032068,0.676499999826774,2.9458999997586943,True,271.5861639757305
RSA+AES-256,1000,2,926,346.07949999917764,0.6815999950049445,2.9800000047544017,True,271.5861639757305
RSA+AES-256,1000,2,927,213.80629999475786,0.6369000038830563,2.915200006100349,True,271.5861639757305
RSA+AES-256,1000,2,928,230.49420000461396,0.6605000016861595,2.915499993832782,True,271.5861639757305
RSA+AES-256,1000,2,929,1233.6937000000034,0.742500000342261,2.984300001116935,True,271.5861639757305
RSA+AES-256,1000,2,930,89.91930000047432,0.6111999973654747,2.998799995111767,True,271.5861639757305
RSA+AES-256,1000,2,931,897.7053999988129,0.6278000000747852,3.0130000013741665,True,271.5861639757305
RSA+AES-256,1000,2,932,433.67289999878267,0.6177999966894276,3.0346999992616475,True,271.5861639757305
RSA+AES-256,1000,2,933,1521.3213000024552,0.6647999980486929,2.845299997716211,True,271.5861639757305
RSA+AES-256,1000,2,934,524.0036999966833,0.6831999999121763,2.9808999970555305,True,271.5861639757305
RSA+AES-256,1000,2,935,1393.4106000015163,0.6725999992340803,2.8782000008504838,True,271.5861639757305
RSA+AES-256,1000,2,936,405.88230000139447,0.6607000032090582,3.0819000021438114,True,271.5861639757305
RSA+AES-256,1000,2,937,1706.8618000048446,0.6878000058350153,3.0442999996012077,True,271.5861639757305
RSA+AES-256,1000,2,938,768.6605999988387,0.6754999994882382,2.8997999979765154,True,271.5861639757305
RSA+AES-256,1000,2,939,783.8698999985354,0.6510999955935404,2.9136000011931174,True,271.5861639757305
RSA+AES-256,1000,2,940,414.11410000000615,0.6448999993153848,2.898899998399429,True,271.5861639757305
RSA+AES-256,1000,2,941,491.29469999752473,0.6258999928832054,2.9488000000128523,True,271.5861639757305
RSA+AES-256,1000,2,942,915.7720000002882,0.6740000026184134,2.9852000006940216,True,271.5861639757305
RSA+AES-256,1000,2,943,587.4494000017876,0.6928000002517365,2.922200001194142,True,271.5861639757305
RSA+AES-256,1000,2,944,335.0155000007362,0.5982000002404675,2.9100999963702634,True,271.5861639757305
RSA+AES-256,1000,2,945,1848.5700000019278,0.6629999988945201,2.943999999843072,True,271.5861639757305
RSA+AES-256,1000,2,946,419.10769999958575,0.6995999938226305,3.1157999983406626,True,271.5861639757305
RSA+AES-256,1000,2,947,952.4141000001691,0.6976000004215166,3.0404999997699633,True,271.5861639757305
RSA+AES-256,1000,2,948,403.1025000003865,0.6099000020185485,3.0457000029855408,True,271.5861639757305
RSA+AES-256,1000,2,949,560.360600000422,0.6739999953424558,3.0449000041699037,True,271.5861639757305
RSA+AES-256,1000,2,950,475.83229999872856,0.6546000004163943,2.959400000690948,True,271.5861639757305
RSA+AES-256,1000,2,951,840.3865000000224,0.669299995934125,2.903299995523412,True,271.5861639757305
RSA+AES-256,1000,2,952,154.77939999982482,0.6286000061663799,2.846499999577645,True,271.5861639757305
RSA+AES-256,1000,2,953,1470.9709000017028,0.6716999996569939,2.931000002718065,True,271.5861639757305
RSA+AES-256,1000,2,954,478.9941000053659,0.6704999977955595,2.8686999939964153,True,271.5861639757305
RSA+AES-256,1000,2,955,694.58570000279,0.7059000054141507,3.0431999985012226,True,271.5861639757305
RSA+AES-256,1000,2,956,533.7873000025866,0.6985999934840947,3.025600002729334,True,271.5861639757305
RSA+AES-256,1000,2,957,271.5985999966506,0.7141000023693778,3.009200001542922,True,271.5861639757305
RSA+AES-256,1000,2,958,383.25789999362314,0.7050000058370642,2.9862000010325573,True,271.5861639757305
RSA+AES-256,1000,2,959,1396.509000005608,0.6461999946623109,2.8762000001734123,True,271.5861639757305
RSA+AES-256,1000,2,960,282.1145999987493,0.6928000002517365,3.304300000309013,True,271.5861639757305
RSA+AES-256,1000,2,961,446.8304999973043,0.6167000028654002,3.0157000001054257,True,271.5861639757305
RSA+AES-256,1000,2,962,647.4225999991177,0.7238000034703873,3.0516999977407977,True,271.5861639757305
RSA+AES-256,1000,2,963,715.2145000000019,0.7180000029620714,3.155400001560338,True,271.5861639757305
RSA+AES-256,1000,2,964,132.25969999621157,0.581599997531157,2.9684999972232617,True,271.5861639757305
RSA+AES-256,1000,2,965,235.53790000005392,0.6436999974539503,2.912000003561843,True,271.5861639757305
RSA+AES-256,1000,2,966,974.6454999985872,0.680500001180917,3.0167000004439615,True,271.5861639757305
RSA+AES-256,1000,2,967,366.3023000044632,0.66559999686433,2.918999998655636,True,271.5861639757305
RSA+AES-256,1000,2,968,649.9389000018709,0.6709000008413568,2.9613000006065704,True,271.5861639757305
RSA+AES-256,1000,2,969,667.4691000007442,0.6941000028746203,2.9638999985763803,True,271.5861639757305
RSA+AES-256,1000,2,970,38.19189999921946,0.5651999963447452,2.886199996282812,True,271.5861639757305
RSA+AES-256,1000,2,971,478.11380000348436,0.6868999989819713,2.9709000009461306,True,271.5861639757305
RSA+AES-256,1000,2,972,343.04709999560146,0.610999995842576,2.966000000014901,True,271.5861639757305
RSA+AES-256,1000,2,973,1748.0068000004394,0.6437999982153997,3.016100003151223,True,271.5861639757305
RSA+AES-256,1000,2,974,225.74810000514844,0.6234000029508024,3.006200000527315,True,271.5861639757305
RSA+AES-256,1000,2,975,238.65890000161016,0.694199996360112,3.006500002811663,True,271.5861639757305
RSA+AES-256,1000,2,976,661.1490999930538,0.661599995510187,2.8902999983984046,True,271.5861639757305
RSA+AES-256,1000,2,977,481.7531000007875,0.6633000011788681,2.9090999960317276,True,271.5861639757305
RSA+AES-256,1000,2,978,217.43399999832036,0.6814000007580034,2.8762000001734123,True,271.5861639757305
RSA+AES-256,1000,2,979,534.0419999993173,0.629100002697669,2.966699998069089,True,271.5861639757305
RSA+AES-256,1000,2,980,464.08720000181347,0.6787000020267442,2.9233999957796186,True,271.5861639757305
RSA+AES-256,1000,2,981,1324.5639000015217,0.702000004821457,2.9400999992503785,True,271.5861639757305
RSA+AES-256,1000,2,982,378.3346000054735,0.6389999980456196,2.969200002553407,True,271.5861639757305
RSA+AES-256,1000,2,983,244.70239999936894,0.7938999988255091,2.951399997982662,True,271.5861639757305
RSA+AES-256,1000,2,984,719.7481999974116,0.6816000022809021,2.9539000024669804,True,271.5861639757305
RSA+AES-256,1000,2,985,524.7449999951641,0.6637999977101572,2.9829999984940514,True,271.5861639757305
RSA+AES-256,1000,2,986,778.6766999997781,0.6706999993184581,2.9331999976420775,True,271.5861639757305
RSA+AES-256,1000,2,987,134.2951999977231,0.6977000011829659,2.952200004074257,True,271.5861639757305
RSA+AES-256,1000,2,988,1222.2257999965223,0.6671000010101125,2.9273999971337616,True,271.5861639757305
RSA+AES-256,1000,2,989,1134.8097000009147,0.6668999994872138,2.8906000006827526,True,271.5861639757305
RSA+AES-256,1000,2,990,890.6856999965385,0.6713999973726459,2.9065000053378753,True,271.5861639757305
RSA+AES-256,1000,2,991,250.64550000388408,0.8066000009421259,3.017600000021048,True,271.5861639757305
RSA+AES-256,1000,2,992,274.17309999873396,0.6739000018569641,2.9248000064399093,True,271.5861639757305
RSA+AES-256,1000,2,993,244.7898000027635,0.6197999973664992,2.9900000008638017,True,271.5861639757305
RSA+AES-256,1000,2,994,53.83889999939129,0.6388999972841702,3.005899998242967,True,271.5861639757305
RSA+AES-256,1000,2,995,384.33529999747407,0.6648999988101423,2.891800002544187,True,271.5861639757305
RSA+AES-256,1000,2,996,985.5936000021757,0.6785000005038455,3.0537999991793185,True,271.5861639757305
RSA+AES-256,1000,2,997,832.2078000055626,0.6835000021965243,3.052100000786595,True,271.5861639757305
RSA+AES-256,1000,2,998,1385.7818000033149,0.6782999989809468,2.968599997984711,True,271.5861639757305
RSA+AES-256,1000,2,999,160.97210000589257,0.6858999986434355,2.9672999953618273,True,271.5861639757305
RSA+AES-256,1000,2,1000,205.49359999859007,0.6322999979602173,2.926200002548285,True,271.5861639757305
