scheme,volume,repetition,transaction_id,key_gen_time,encryption_time,decryption_time,integrity_verified,throughput
RSA+AES-256,5000,4,1,944.0580000009504,26.62419999978738,3.6364999978104606,True,272.9326217736497
RSA+AES-256,5000,4,2,231.40029999922263,0.7053999943309464,3.367000004800502,True,272.9326217736497
RSA+AES-256,5000,4,3,640.2381999942008,0.7324999969569035,3.1337999971583486,True,272.9326217736497
RSA+AES-256,5000,4,4,478.0495000013616,0.7261999999172986,3.0680999989272095,True,272.9326217736497
RSA+AES-256,5000,4,5,519.1343000042252,0.7047000035527162,3.0343000034918077,True,272.9326217736497
RSA+AES-256,5000,4,6,390.07710000441875,0.6738000010955147,3.3456000019214116,True,272.9326217736497
RSA+AES-256,5000,4,7,899.1124000021955,0.6958000012673438,2.9834000015398487,True,272.9326217736497
RSA+AES-256,5000,4,8,683.6419999963255,0.6246999982977286,2.949000001535751,True,272.9326217736497
RSA+AES-256,5000,4,9,335.6722000025911,0.6271000020205975,3.020100004505366,True,272.9326217736497
RSA+AES-256,5000,4,10,232.1522000056575,0.676800002111122,3.068300000450108,True,272.9326217736497
RSA+AES-256,5000,4,11,1595.0175000034506,0.6710000016028062,2.8894999995827675,True,272.9326217736497
RSA+AES-256,5000,4,12,468.804000003729,0.7212999989860691,2.977299998747185,True,272.9326217736497
RSA+AES-256,5000,4,13,1480.5163999990327,0.6877999985590577,3.0251999996835366,True,272.9326217736497
RSA+AES-256,5000,4,14,1046.123300002364,0.6739000018569641,3.073499996389728,True,272.9326217736497
RSA+AES-256,5000,4,15,457.5464000008651,0.6898999999975786,3.3349000004818663,True,272.9326217736497
RSA+AES-256,5000,4,16,1974.7405999951297,0.6738000010955147,2.9477999996743165,True,272.9326217736497
RSA+AES-256,5000,4,17,1037.7110000044922,0.665400002617389,2.923300002294127,True,272.9326217736497
RSA+AES-256,5000,4,18,288.8379000069108,0.6789000035496429,2.9078000006848015,True,272.9326217736497
RSA+AES-256,5000,4,19,410.7330000042566,0.6156999952509068,2.986700004839804,True,272.9326217736497
RSA+AES-256,5000,4,20,621.9943999967654,0.686799998220522,2.9676999984076247,True,272.9326217736497
RSA+AES-256,5000,4,21,290.0054999990971,0.661899997794535,2.925500004494097,True,272.9326217736497
RSA+AES-256,5000,4,22,509.65459999861196,0.6427999978768639,2.979800003231503,True,272.9326217736497
RSA+AES-256,5000,4,23,652.8649000028963,0.7005000006756745,3.2858000049600378,True,272.9326217736497
RSA+AES-256,5000,4,24,475.6256999971811,0.6865000032121316,2.921999999671243,True,272.9326217736497
RSA+AES-256,5000,4,25,857.182500003546,0.6370999981299974,3.039600000192877,True,272.9326217736497
RSA+AES-256,5000,4,26,188.28080000093905,0.6834999949205667,2.8938999967067502,True,272.9326217736497
RSA+AES-256,5000,4,27,626.8112000034307,0.6829999983892776,2.9434000025503337,True,272.9326217736497
RSA+AES-256,5000,4,28,530.4082000002381,0.694800000928808,2.9940000022179447,True,272.9326217736497
RSA+AES-256,5000,4,29,642.1378000013647,0.6273999970289879,2.9752999980701134,True,272.9326217736497
RSA+AES-256,5000,4,30,315.3344000020297,0.6829999983892776,2.96840000373777,True,272.9326217736497
RSA+AES-256,5000,4,31,414.28790000645677,0.69449999864446,2.9092000040691346,True,272.9326217736497
RSA+AES-256,5000,4,32,279.5800999956555,0.6198999981279485,2.925599997979589,True,272.9326217736497
RSA+AES-256,5000,4,33,610.6741999974474,0.6751999972038902,2.9390999989118427,True,272.9326217736497
RSA+AES-256,5000,4,34,188.95070000144187,0.6443000020226464,2.9049000004306436,True,272.9326217736497
RSA+AES-256,5000,4,35,603.5568999941461,0.7048000043141656,2.8891999972984195,True,272.9326217736497
RSA+AES-256,5000,4,36,2510.160600002564,0.6868999989819713,2.933700001449324,True,272.9326217736497
RSA+AES-256,5000,4,37,955.6221000020741,0.6865999966976233,2.958299999590963,True,272.9326217736497
RSA+AES-256,5000,4,38,1172.4020999972709,0.6943999978830107,2.93950000195764,True,272.9326217736497
RSA+AES-256,5000,4,39,1579.7965999954613,0.6598000036319718,2.931199996965006,True,272.9326217736497
RSA+AES-256,5000,4,40,1376.0425000000396,0.6638999984716065,3.063500000280328,True,272.9326217736497
RSA+AES-256,5000,4,41,297.6792999979807,0.6778999959351495,2.991299996210728,True,272.9326217736497
RSA+AES-256,5000,4,42,358.13230000348995,0.6921000021975487,2.9240000003483146,True,272.9326217736497
RSA+AES-256,5000,4,43,541.8811999988975,0.6815000015194528,2.976800002215896,True,272.9326217736497
RSA+AES-256,5000,4,44,961.7014000032214,0.6716999996569939,2.8604000035556965,True,272.9326217736497
RSA+AES-256,5000,4,45,794.7112000038032,0.6652000010944903,2.8776000035577454,True,272.9326217736497
RSA+AES-256,5000,4,46,1077.0869000043604,0.6281999958446249,3.0280999999376945,True,272.9326217736497
RSA+AES-256,5000,4,47,1860.0981999989017,0.6947000001673587,2.8798999992432073,True,272.9326217736497
RSA+AES-256,5000,4,48,149.02900000015507,0.6607999966945499,2.953000002889894,True,272.9326217736497
RSA+AES-256,5000,4,49,476.9894999990356,0.6524999989778735,3.047499994863756,True,272.9326217736497
RSA+AES-256,5000,4,50,375.391599998693,0.6643999950028956,2.886000002035871,True,272.9326217736497
RSA+AES-256,5000,4,51,1084.148300004017,0.7589000015286729,2.995400005602278,True,272.9326217736497
RSA+AES-256,5000,4,52,959.7670000002836,0.6880000000819564,3.0358000003616326,True,272.9326217736497
RSA+AES-256,5000,4,53,1456.4131000006455,0.6639999992330559,2.9951999968034215,True,272.9326217736497
RSA+AES-256,5000,4,54,940.412899995863,0.7108999998308718,2.954999996291008,True,272.9326217736497
RSA+AES-256,5000,4,55,2010.0175999978092,0.7072000007610768,2.992200003063772,True,272.9326217736497
RSA+AES-256,5000,4,56,580.15859999432,0.6647999980486929,2.9286999997566454,True,272.9326217736497
RSA+AES-256,5000,4,57,716.1135999995167,0.6763999990653247,2.9775000002700835,True,272.9326217736497
RSA+AES-256,5000,4,58,635.7946999996784,0.6645000030403025,2.937600002042018,True,272.9326217736497
RSA+AES-256,5000,4,59,876.9405999992159,0.687899999320507,3.035200003068894,True,272.9326217736497
RSA+AES-256,5000,4,60,678.3732999974745,0.665700004901737,2.909199996793177,True,272.9326217736497
RSA+AES-256,5000,4,61,578.8266000017757,0.6744999991497025,2.907399997639004,True,272.9326217736497
RSA+AES-256,5000,4,62,1205.2160000021104,0.67299999500392,2.982599995448254,True,272.9326217736497
RSA+AES-256,5000,4,63,752.4740000008023,0.687899999320507,3.0084999962127768,True,272.9326217736497
RSA+AES-256,5000,4,64,1171.3024999990012,0.6838000044808723,3.030899999430403,True,272.9326217736497
RSA+AES-256,5000,4,65,847.4169999972219,0.6777000016882084,3.2762999981059693,True,272.9326217736497
RSA+AES-256,5000,4,66,287.9222999981721,0.6291999961831607,2.916099998401478,True,272.9326217736497
RSA+AES-256,5000,4,67,533.9642000035383,0.7162000038078986,2.9891000012867153,True,272.9326217736497
RSA+AES-256,5000,4,68,1239.8745999962557,1.16639999760082,3.075900000112597,True,272.9326217736497
RSA+AES-256,5000,4,69,1520.6496000027983,0.6809999977122061,2.9216000039014034,True,272.9326217736497
RSA+AES-256,5000,4,70,473.1192999970517,0.6983999992371537,2.961599995614961,True,272.9326217736497
RSA+AES-256,5000,4,71,734.4176000042353,0.6723999977111816,2.9852000006940216,True,272.9326217736497
RSA+AES-256,5000,4,72,806.3203999990947,0.7012999994913116,2.9734999989159405,True,272.9326217736497
RSA+AES-256,5000,4,73,1363.4665999998106,0.6199999988893978,3.01690000196686,True,272.9326217736497
RSA+AES-256,5000,4,74,722.3803000015323,0.6327000010060146,3.0192999984137714,True,272.9326217736497
RSA+AES-256,5000,4,75,590.3404999990016,0.6921000021975487,3.0336999989231117,True,272.9326217736497
RSA+AES-256,5000,4,76,185.2292999974452,0.6404000014299527,3.3255000016652048,True,272.9326217736497
RSA+AES-256,5000,4,77,70.40820000111125,0.6122999984654598,2.9521000033128075,True,272.9326217736497
RSA+AES-256,5000,4,78,1608.755499997642,0.6705999985570088,3.472900003544055,True,272.9326217736497
RSA+AES-256,5000,4,79,899.5683999964967,0.6969000023673289,2.9522999975597486,True,272.9326217736497
RSA+AES-256,5000,4,80,1210.293999996793,0.6725999992340803,2.938899997388944,True,272.9326217736497
RSA+AES-256,5000,4,81,334.7085999994306,0.6802000061725266,2.997499999764841,True,272.9326217736497
RSA+AES-256,5000,4,82,400.4789000027813,0.6682000021100976,2.8858000005129725,True,272.9326217736497
RSA+AES-256,5000,4,83,1136.749700002838,0.6664999964414164,3.1930999975884333,True,272.9326217736497
RSA+AES-256,5000,4,84,1736.159400003089,0.6816999957663938,2.976600000692997,True,272.9326217736497
RSA+AES-256,5000,4,85,145.05179999832762,0.6283000038820319,3.0373999979929067,True,272.9326217736497
RSA+AES-256,5000,4,86,876.5210999990813,0.702199999068398,2.9722000035690144,True,272.9326217736497
RSA+AES-256,5000,4,87,782.6535999993212,0.6947000001673587,3.237600001739338,True,272.9326217736497
RSA+AES-256,5000,4,88,1056.582499993965,0.6346000009216368,2.9672000018763356,True,272.9326217736497
RSA+AES-256,5000,4,89,288.8892000046326,0.6772999986424111,3.0067000043345615,True,272.9326217736497
RSA+AES-256,5000,4,90,969.4140999999945,0.6839999987278134,3.085500000452157,True,272.9326217736497
RSA+AES-256,5000,4,91,1272.1958000038285,0.6897999992361292,2.9388000039034523,True,272.9326217736497
RSA+AES-256,5000,4,92,245.1444000034826,0.6614000012632459,3.00470000365749,True,272.9326217736497
RSA+AES-256,5000,4,93,1845.5958999984432,0.6532000043080188,2.9111999974702485,True,272.9326217736497
RSA+AES-256,5000,4,94,461.5909999993164,0.6600999986403622,2.9634000020450912,True,272.9326217736497
RSA+AES-256,5000,4,95,93.08679999958258,0.6195000023581088,2.9619000051752664,True,272.9326217736497
RSA+AES-256,5000,4,96,331.99469999817666,0.672499998472631,2.98839999595657,True,272.9326217736497
RSA+AES-256,5000,4,97,386.117900001409,0.650999994832091,2.875799997127615,True,272.9326217736497
RSA+AES-256,5000,4,98,61.353800003416836,0.6560000038007274,2.9970999967190437,True,272.9326217736497
RSA+AES-256,5000,4,99,274.3534999972326,0.6731999965268187,3.040700001292862,True,272.9326217736497
RSA+AES-256,5000,4,100,663.8227000003099,0.6807999961893074,3.042299998924136,True,272.9326217736497
RSA+AES-256,5000,4,101,76.66750000498723,0.6642999942414463,2.966500003822148,True,272.9326217736497
RSA+AES-256,5000,4,102,763.6884000021382,0.6992999988142401,3.035399997315835,True,272.9326217736497
RSA+AES-256,5000,4,103,1387.7939000012702,0.6608999974559993,2.938599995104596,True,272.9326217736497
RSA+AES-256,5000,4,104,294.73020000295946,0.6760000032954849,3.0218999963835813,True,272.9326217736497
RSA+AES-256,5000,4,105,626.8444999950589,0.6959999955142848,2.9121000043232925,True,272.9326217736497
RSA+AES-256,5000,4,106,85.41560000594473,0.6364999935613014,2.9609000048367307,True,272.9326217736497
RSA+AES-256,5000,4,107,1005.1488000026438,0.6752999979653396,2.868300005502533,True,272.9326217736497
RSA+AES-256,5000,4,108,712.1226000017487,0.6914999976288527,2.997199997480493,True,272.9326217736497
RSA+AES-256,5000,4,109,387.75339999847347,0.6155000010039657,2.992399997310713,True,272.9326217736497
RSA+AES-256,5000,4,110,167.95290000300156,0.6496999994851649,2.9247999991639517,True,272.9326217736497
RSA+AES-256,5000,4,111,524.6575999990455,0.6195000023581088,2.986400002555456,True,272.9326217736497
RSA+AES-256,5000,4,112,2402.8712999934214,0.7114999971236102,2.9993000061949715,True,272.9326217736497
RSA+AES-256,5000,4,113,452.0794000054593,0.7454999940819107,3.2696000052965246,True,272.9326217736497
RSA+AES-256,5000,4,114,542.6128000035533,0.6954999989829957,3.476300000329502,True,272.9326217736497
RSA+AES-256,5000,4,115,895.7344999944326,0.690799999574665,3.022899996722117,True,272.9326217736497
RSA+AES-256,5000,4,116,2032.0730000021285,0.6950000024517067,3.0144999982439913,True,272.9326217736497
RSA+AES-256,5000,4,117,1444.9513999934425,0.6344000066746958,3.0484000017168,True,272.9326217736497
RSA+AES-256,5000,4,118,234.79999999835854,0.611600000411272,3.0193999991752207,True,272.9326217736497
RSA+AES-256,5000,4,119,467.89929999795277,0.6614000012632459,2.8686000005109236,True,272.9326217736497
RSA+AES-256,5000,4,120,976.6215999989072,0.7064999954309314,3.0277999976533465,True,272.9326217736497
RSA+AES-256,5000,4,121,1232.1201000013389,0.7258000041474588,3.068600002734456,True,272.9326217736497
RSA+AES-256,5000,4,122,472.66290000698064,0.7142000031308271,2.996399998664856,True,272.9326217736497
RSA+AES-256,5000,4,123,1831.745099996624,0.6800999981351197,2.9140999977244064,True,272.9326217736497
RSA+AES-256,5000,4,124,1199.3963999993866,0.7136999993235804,2.9821999996784143,True,272.9326217736497
RSA+AES-256,5000,4,125,177.3315000027651,0.6117000011727214,3.008899999258574,True,272.9326217736497
RSA+AES-256,5000,4,126,367.40289999579545,0.7038999974611215,2.970200002891943,True,272.9326217736497
RSA+AES-256,5000,4,127,776.5943999984302,0.7066000034683384,3.031599997484591,True,272.9326217736497
RSA+AES-256,5000,4,128,267.2168999997666,0.6712000031257048,2.9339999964577146,True,272.9326217736497
RSA+AES-256,5000,4,129,839.807500000461,0.6648999988101423,2.866999995603692,True,272.9326217736497
RSA+AES-256,5000,4,130,428.969300002791,0.632199997198768,3.023199999006465,True,272.9326217736497
RSA+AES-256,5000,4,131,663.9302000039606,0.6967000008444302,2.9900999943492934,True,272.9326217736497
RSA+AES-256,5000,4,132,1093.1531000023824,0.6923000037204474,2.9445999971358106,True,272.9326217736497
RSA+AES-256,5000,4,133,1718.5881000041263,0.6898999999975786,3.0284000022220425,True,272.9326217736497
RSA+AES-256,5000,4,134,288.74749999522464,0.6187000035424717,3.010300002642907,True,272.9326217736497
RSA+AES-256,5000,4,135,142.76309999695513,0.629599999228958,2.967499996884726,True,272.9326217736497
RSA+AES-256,5000,4,136,577.6702000002842,0.6862000009277835,2.9588999968837015,True,272.9326217736497
RSA+AES-256,5000,4,137,673.7804000003962,0.691400004143361,2.9383000000962056,True,272.9326217736497
RSA+AES-256,5000,4,138,947.489799997129,0.6716000061715022,2.8517000027932227,True,272.9326217736497
RSA+AES-256,5000,4,139,945.7126000052085,0.7018000032985583,3.039600000192877,True,272.9326217736497
RSA+AES-256,5000,4,140,924.332400005369,0.6791999985580333,2.9829999984940514,True,272.9326217736497
RSA+AES-256,5000,4,141,609.3475000016042,0.7133999970392324,2.9896999985794537,True,272.9326217736497
RSA+AES-256,5000,4,142,1063.7732000031974,0.6634000019403175,2.882799999497365,True,272.9326217736497
RSA+AES-256,5000,4,143,524.4272999989334,0.9337999945273623,3.0273000011220574,True,272.9326217736497
RSA+AES-256,5000,4,144,1100.112200001604,0.7034000009298325,2.9945000060251914,True,272.9326217736497
RSA+AES-256,5000,4,145,429.77390000305604,0.6883000023663044,2.9792000059387647,True,272.9326217736497
RSA+AES-256,5000,4,146,1393.923999996332,0.6931000025360845,2.970699999423232,True,272.9326217736497
RSA+AES-256,5000,4,147,283.8352000035229,0.7239999977173284,3.0404999997699633,True,272.9326217736497
RSA+AES-256,5000,4,148,592.3096000042278,0.6053000033716671,2.929399997810833,True,272.9326217736497
RSA+AES-256,5000,4,149,772.4536000023363,0.7484000016120262,2.917800004070159,True,272.9326217736497
RSA+AES-256,5000,4,150,463.5978000005707,0.6968000016058795,2.9752999980701134,True,272.9326217736497
RSA+AES-256,5000,4,151,1678.5048000019742,0.6869999997434206,3.038499999092892,True,272.9326217736497
RSA+AES-256,5000,4,152,817.7910999947926,0.6981000042287633,3.0316000047605485,True,272.9326217736497
RSA+AES-256,5000,4,153,740.6364000053145,0.6796999950893223,2.9960000028950162,True,272.9326217736497
RSA+AES-256,5000,4,154,297.7383000034024,0.6673000025330111,2.9455999974743463,True,272.9326217736497
RSA+AES-256,5000,4,155,498.3557999948971,0.6367000023601577,2.9881000009481795,True,272.9326217736497
RSA+AES-256,5000,4,156,1142.5584000025992,0.6930999952601269,3.1161000006250106,True,272.9326217736497
RSA+AES-256,5000,4,157,987.2256999951787,0.6705999985570088,3.001999997650273,True,272.9326217736497
RSA+AES-256,5000,4,158,565.6950999982655,0.6572999991476536,3.0189999961294234,True,272.9326217736497
RSA+AES-256,5000,4,159,265.775300002133,0.6732000038027763,2.9404000015347265,True,272.9326217736497
RSA+AES-256,5000,4,160,445.5210999949486,0.8474999995087273,2.951200003735721,True,272.9326217736497
RSA+AES-256,5000,4,161,894.5019000020693,0.650499998300802,2.8788999989046715,True,272.9326217736497
RSA+AES-256,5000,4,162,407.9404000003706,0.6836999964434654,2.939000005426351,True,272.9326217736497
RSA+AES-256,5000,4,163,713.1471000029705,0.6811999992351048,2.9524999990826473,True,272.9326217736497
RSA+AES-256,5000,4,164,394.49510000122245,0.6789999970351346,2.9973000055179,True,272.9326217736497
RSA+AES-256,5000,4,165,678.8507000019308,0.6671000010101125,2.882000000681728,True,272.9326217736497
RSA+AES-256,5000,4,166,230.1958000025479,0.6358000027830712,2.9274000044097193,True,272.9326217736497
RSA+AES-256,5000,4,167,585.1148000001558,0.611600000411272,3.001500001118984,True,272.9326217736497
RSA+AES-256,5000,4,168,348.28659999766387,0.6690000009257346,2.8884999992442317,True,272.9326217736497
RSA+AES-256,5000,4,169,1750.539900000149,0.6815999950049445,3.1209999942802824,True,272.9326217736497
RSA+AES-256,5000,4,170,143.21980000386247,0.7039999982225709,2.9311000034795143,True,272.9326217736497
RSA+AES-256,5000,4,171,613.6576000062632,0.6711000023642555,2.917199999501463,True,272.9326217736497
RSA+AES-256,5000,4,172,504.66019999294076,0.6828999976278283,2.882699998735916,True,272.9326217736497
RSA+AES-256,5000,4,173,1036.0719000018435,0.6877999985590577,3.013699999428354,True,272.9326217736497
RSA+AES-256,5000,4,174,1835.463899995375,0.6843000010121614,2.9493999973055907,True,272.9326217736497
RSA+AES-256,5000,4,175,235.62750000564847,0.6533999985549599,2.9540999967139214,True,272.9326217736497
RSA+AES-256,5000,4,176,135.23020000138786,0.6431000001612119,2.906799993070308,True,272.9326217736497
RSA+AES-256,5000,4,177,1825.6537000052049,0.6076999998185784,2.944499996374361,True,272.9326217736497
RSA+AES-256,5000,4,178,539.76220000186,1.0934000019915402,2.9639999993378296,True,272.9326217736497
RSA+AES-256,5000,4,179,538.8863999978639,0.6219000060809776,3.0207000017981045,True,272.9326217736497
RSA+AES-256,5000,4,180,1259.7516999958316,0.6756000002496876,2.952000002551358,True,272.9326217736497
RSA+AES-256,5000,4,181,877.3824000018067,0.6499999944935553,2.8778999985661358,True,272.9326217736497
RSA+AES-256,5000,4,182,1460.38899999985,0.683599995682016,3.058099995541852,True,272.9326217736497
RSA+AES-256,5000,4,183,203.57810000132304,0.5937999958405271,2.9167999964556657,True,272.9326217736497
RSA+AES-256,5000,4,184,949.1675000026589,0.6766000005882233,2.897300000768155,True,272.9326217736497
RSA+AES-256,5000,4,185,947.0475999987684,0.6825000018579885,2.933600000687875,True,272.9326217736497
RSA+AES-256,5000,4,186,650.5785000044852,0.6702999962726608,2.9991999981575646,True,272.9326217736497
RSA+AES-256,5000,4,187,1548.6055000001215,0.6559999965247698,2.8965000019525178,True,272.9326217736497
RSA+AES-256,5000,4,188,228.6524000010104,0.6675999975414015,3.01690000196686,True,272.9326217736497
RSA+AES-256,5000,4,189,982.7508000016678,0.6711000023642555,3.1554999950458296,True,272.9326217736497
RSA+AES-256,5000,4,190,298.17000000184635,0.7068999984767288,3.002800003741868,True,272.9326217736497
RSA+AES-256,5000,4,191,621.2866999994731,0.6783999997423962,3.066400000534486,True,272.9326217736497
RSA+AES-256,5000,4,192,610.3005999975721,0.676800002111122,2.9378999970504083,True,272.9326217736497
RSA+AES-256,5000,4,193,903.188999996928,0.675899995258078,2.9582000061054714,True,272.9326217736497
RSA+AES-256,5000,4,194,1745.1054000048316,0.6739000018569641,2.948200002720114,True,272.9326217736497
RSA+AES-256,5000,4,195,284.53129999979865,0.7360000017797574,2.9804000005242415,True,272.9326217736497
RSA+AES-256,5000,4,196,311.9985000012093,0.604200002271682,2.9759000026388094,True,272.9326217736497
RSA+AES-256,5000,4,197,419.7249999997439,0.7321999946725555,3.0005000007804483,True,272.9326217736497
RSA+AES-256,5000,4,198,270.260800003598,0.6549000027007423,2.8651000029640272,True,272.9326217736497
RSA+AES-256,5000,4,199,431.71589999838034,0.5836000054841861,2.9431000002659857,True,272.9326217736497
RSA+AES-256,5000,4,200,271.1882000003243,0.6818000038038008,2.9799000039929524,True,272.9326217736497
RSA+AES-256,5000,4,201,1061.292800004594,0.6778999959351495,3.009800006111618,True,272.9326217736497
RSA+AES-256,5000,4,202,328.0988000042271,0.6586000017705373,2.9353999998420477,True,272.9326217736497
RSA+AES-256,5000,4,203,911.5223999979207,0.6560999972862191,2.9678999999305233,True,272.9326217736497
RSA+AES-256,5000,4,204,135.27379999868572,0.6734999988111667,3.0217000021366403,True,272.9326217736497
RSA+AES-256,5000,4,205,463.06360000016866,0.6499000010080636,2.9716999997617677,True,272.9326217736497
RSA+AES-256,5000,4,206,908.0194999987725,0.6830999991507269,2.97100000170758,True,272.9326217736497
RSA+AES-256,5000,4,207,415.85569999733707,0.6788000027881935,2.8718999965349212,True,272.9326217736497
RSA+AES-256,5000,4,208,202.34570000320673,0.5868000007467344,2.925699998741038,True,272.9326217736497
RSA+AES-256,5000,4,209,549.8496000000159,0.6566000010934658,2.9243999961181544,True,272.9326217736497
RSA+AES-256,5000,4,210,542.121300000872,0.6604000009247102,2.9610999990836717,True,272.9326217736497
RSA+AES-256,5000,4,211,480.8820999969612,0.9254999968106858,4.556599997158628,True,272.9326217736497
RSA+AES-256,5000,4,212,431.48780000046827,0.6682999955955893,2.9025000039837323,True,272.9326217736497
RSA+AES-256,5000,4,213,487.4844999940251,0.6615000020246953,2.881200001866091,True,272.9326217736497
RSA+AES-256,5000,4,214,431.47619999945164,0.6695000047329813,2.9139000034774654,True,272.9326217736497
RSA+AES-256,5000,4,215,846.9172999975854,0.8719000034034252,3.0419000031542964,True,272.9326217736497
RSA+AES-256,5000,4,216,986.1290999979246,0.6880000000819564,2.9662000015378,True,272.9326217736497
RSA+AES-256,5000,4,217,220.94300000026124,0.6323999987216666,2.8333000009297393,True,272.9326217736497
RSA+AES-256,5000,4,218,1161.6540999966674,0.672800000756979,2.916400000685826,True,272.9326217736497
RSA+AES-256,5000,4,219,1308.1085000012536,0.6810999984736554,3.2294999982696027,True,272.9326217736497
RSA+AES-256,5000,4,220,677.6559999998426,0.6596999955945648,2.8916000010212883,True,272.9326217736497
RSA+AES-256,5000,4,221,562.6971999954549,0.6759999960195273,2.965699997730553,True,272.9326217736497
RSA+AES-256,5000,4,222,1577.7797999980976,0.6097000004956499,2.943500003311783,True,272.9326217736497
RSA+AES-256,5000,4,223,388.66659999621334,0.6892999954288825,3.047300000616815,True,272.9326217736497
RSA+AES-256,5000,4,224,343.26319999672705,0.6704000043100677,2.926200002548285,True,272.9326217736497
RSA+AES-256,5000,4,225,163.7542999960715,0.6596999955945648,2.9941999964648858,True,272.9326217736497
RSA+AES-256,5000,4,226,511.4194999987376,0.6171999993966892,3.0163999981596135,True,272.9326217736497
RSA+AES-256,5000,4,227,687.1844999986934,0.6997000018600374,3.010699998412747,True,272.9326217736497
RSA+AES-256,5000,4,228,870.6785999966087,0.6826999961049296,2.9799000039929524,True,272.9326217736497
RSA+AES-256,5000,4,229,440.18870000581956,0.6725999992340803,2.883100001781713,True,272.9326217736497
RSA+AES-256,5000,4,230,82.35250000143424,0.5839000004925765,2.8887000007671304,True,272.9326217736497
RSA+AES-256,5000,4,231,1177.0249000037438,0.6739999953424558,3.0048000044189394,True,272.9326217736497
RSA+AES-256,5000,4,232,282.31159999995725,0.6533999985549599,2.936500000942033,True,272.9326217736497
RSA+AES-256,5000,4,233,747.1734999999171,0.6543999988934956,2.9500000018742867,True,272.9326217736497
RSA+AES-256,5000,4,234,452.7414999975008,0.6053000033716671,2.9510000022128224,True,272.9326217736497
RSA+AES-256,5000,4,235,272.1884000056889,0.6677999990643002,3.0274000018835068,True,272.9326217736497
RSA+AES-256,5000,4,236,421.5690000055474,0.7057999973767437,2.922499996202532,True,272.9326217736497
RSA+AES-256,5000,4,237,304.74830000457587,0.6653999953414313,2.965500003483612,True,272.9326217736497
RSA+AES-256,5000,4,238,1220.9336000014446,0.684000006003771,3.0287000045063905,True,272.9326217736497
RSA+AES-256,5000,4,239,200.7549000045401,0.5995000028633513,2.8846000059274957,True,272.9326217736497
RSA+AES-256,5000,4,240,666.3259999986622,0.6882000016048551,2.8766999967047013,True,272.9326217736497
RSA+AES-256,5000,4,241,319.39299999794457,0.6510000021080486,2.9173000002629124,True,272.9326217736497
RSA+AES-256,5000,4,242,269.74210000480525,0.65080000058515,3.058700000110548,True,272.9326217736497
RSA+AES-256,5000,4,243,399.93629999662517,0.6476999988080934,2.891300006012898,True,272.9326217736497
RSA+AES-256,5000,4,244,1057.806899996649,0.6981000042287633,2.994900001795031,True,272.9326217736497
RSA+AES-256,5000,4,245,1255.449199998111,0.6831999999121763,2.9768999957013875,True,272.9326217736497
RSA+AES-256,5000,4,246,233.87170000205515,0.6827999968663789,2.936999997473322,True,272.9326217736497
RSA+AES-256,5000,4,247,114.6223999967333,0.5525999949895777,2.9491000022972003,True,272.9326217736497
RSA+AES-256,5000,4,248,1151.3202999994974,0.7063000011839904,3.0030999987502582,True,272.9326217736497
RSA+AES-256,5000,4,249,452.24400000006426,0.7024000005912967,3.2516999999643303,True,272.9326217736497
RSA+AES-256,5000,4,250,300.2124999984517,0.669299995934125,2.9595000014523976,True,272.9326217736497
RSA+AES-256,5000,4,251,583.0329000018537,0.6326000002445653,3.0086999977356754,True,272.9326217736497
RSA+AES-256,5000,4,252,626.2648999982048,0.6762999983038753,2.9858999987482093,True,272.9326217736497
RSA+AES-256,5000,4,253,1566.524699999718,0.6565000003320165,2.893099997891113,True,272.9326217736497
RSA+AES-256,5000,4,254,325.6879999971716,0.632499999483116,2.863200003048405,True,272.9326217736497
RSA+AES-256,5000,4,255,637.2498000055202,0.7012999994913116,2.904500004660804,True,272.9326217736497
RSA+AES-256,5000,4,256,213.42179999919608,0.6246000048122369,2.8938999967067502,True,272.9326217736497
RSA+AES-256,5000,4,257,503.5340000031283,0.6554999999934807,2.927000001363922,True,272.9326217736497
RSA+AES-256,5000,4,258,221.5585000012652,0.650499998300802,3.0031999995117076,True,272.9326217736497
RSA+AES-256,5000,4,259,583.8581999996677,0.6629000054090284,2.945499996712897,True,272.9326217736497
RSA+AES-256,5000,4,260,1017.7219000033801,0.6564000068465248,2.8911000044899993,True,272.9326217736497
RSA+AES-256,5000,4,261,95.40600000036648,0.6005999966873787,2.9424999956972897,True,272.9326217736497
RSA+AES-256,5000,4,262,232.46490000019548,0.618399993982166,2.9810999985784292,True,272.9326217736497
RSA+AES-256,5000,4,263,709.5524000033038,0.6895999977132306,2.991599998495076,True,272.9326217736497
RSA+AES-256,5000,4,264,559.8092000000179,0.6738999945810065,2.994800001033582,True,272.9326217736497
RSA+AES-256,5000,4,265,273.0255999995279,0.6503999975393526,2.964899998914916,True,272.9326217736497
RSA+AES-256,5000,4,266,1210.9417999963625,0.7033000001683831,2.977100004500244,True,272.9326217736497
RSA+AES-256,5000,4,267,458.4961000000476,0.680500001180917,2.97839999984717,True,272.9326217736497
RSA+AES-256,5000,4,268,413.2906000013463,0.6684000036329962,3.017600000021048,True,272.9326217736497
RSA+AES-256,5000,4,269,659.9753999980749,0.6857999978819862,2.9976000005262904,True,272.9326217736497
RSA+AES-256,5000,4,270,600.5071999970824,0.6817000030423515,2.968100001453422,True,272.9326217736497
RSA+AES-256,5000,4,271,124.51800000417279,0.6826000026194379,2.9913000034866855,True,272.9326217736497
RSA+AES-256,5000,4,272,199.86960000096587,0.6254999971133657,2.889299998059869,True,272.9326217736497
RSA+AES-256,5000,4,273,1470.741099998122,0.6192999935592525,2.9662000015378,True,272.9326217736497
RSA+AES-256,5000,4,274,518.9697999958298,0.7008000029600225,3.0313000024762005,True,272.9326217736497
RSA+AES-256,5000,4,275,76.38579999911599,0.5777999976999126,2.8681000039796345,True,272.9326217736497
RSA+AES-256,5000,4,276,518.3972000013455,0.6589999975403771,3.122599999187514,True,272.9326217736497
RSA+AES-256,5000,4,277,1820.6368000028306,0.6539999958476983,2.9253000029711984,True,272.9326217736497
RSA+AES-256,5000,4,278,371.9323999976041,0.6643000015174039,2.9494000045815483,True,272.9326217736497
RSA+AES-256,5000,4,279,216.4721000008285,0.6381999992299825,2.8659000017796643,True,272.9326217736497
RSA+AES-256,5000,4,280,776.1107999976957,0.6639999992330559,3.265100000135135,True,272.9326217736497
RSA+AES-256,5000,4,281,1177.9705000008107,0.6720999954268336,2.8711999984807335,True,272.9326217736497
RSA+AES-256,5000,4,282,929.9921000056202,0.6732000038027763,2.998500000103377,True,272.9326217736497
RSA+AES-256,5000,4,283,1796.5992000026745,0.6960000027902424,3.006800005096011,True,272.9326217736497
RSA+AES-256,5000,4,284,655.9188000028371,0.6934999983059242,3.347799996845424,True,272.9326217736497
RSA+AES-256,5000,4,285,511.42840000102296,0.7444999937433749,3.342300005897414,True,272.9326217736497
RSA+AES-256,5000,4,286,127.81050000194227,0.7439999972120859,3.284200000052806,True,272.9326217736497
RSA+AES-256,5000,4,287,135.62590000219643,0.7316000046557747,3.248699998948723,True,272.9326217736497
RSA+AES-256,5000,4,288,206.90499999909662,0.7043000005069189,3.1787000043550506,True,272.9326217736497
RSA+AES-256,5000,4,289,135.97419999859994,0.6510999955935404,3.1926000010571443,True,272.9326217736497
RSA+AES-256,5000,4,290,337.3845000023721,0.6932000032975338,3.0665000012959354,True,272.9326217736497
RSA+AES-256,5000,4,291,654.352800003835,0.5988999982946552,3.005500002473127,True,272.9326217736497
RSA+AES-256,5000,4,292,1143.0219000030775,0.6207999977050349,2.9420000064419582,True,272.9326217736497
RSA+AES-256,5000,4,293,424.754200001189,0.7408999954350293,2.926699999079574,True,272.9326217736497
RSA+AES-256,5000,4,294,2394.555200000468,0.690799999574665,3.198099999281112,True,272.9326217736497
RSA+AES-256,5000,4,295,244.66609999944922,0.6252000021049753,2.9759000026388094,True,272.9326217736497
RSA+AES-256,5000,4,296,1425.850999999966,0.669599998218473,2.9620999994222075,True,272.9326217736497
RSA+AES-256,5000,4,297,461.76240000204416,0.6945999994059093,2.982700003485661,True,272.9326217736497
RSA+AES-256,5000,4,298,947.0519000024069,0.7742999951005913,2.97580000187736,True,272.9326217736497
RSA+AES-256,5000,4,299,270.702199995867,0.6726999999955297,2.985600003739819,True,272.9326217736497
RSA+AES-256,5000,4,300,903.1723000007332,0.6769999963580631,2.9997000019648112,True,272.9326217736497
RSA+AES-256,5000,4,301,488.30330000055255,0.6076000063330866,2.868899995519314,True,272.9326217736497
RSA+AES-256,5000,4,302,387.7188999977079,0.6702000027871691,2.923000000009779,True,272.9326217736497
RSA+AES-256,5000,4,303,662.9818999936106,0.7088999991538003,2.9568000027211383,True,272.9326217736497
RSA+AES-256,5000,4,304,308.69459999667015,0.6739000018569641,2.980299999762792,True,272.9326217736497
RSA+AES-256,5000,4,305,155.6323999975575,0.610699993558228,2.9081999964546412,True,272.9326217736497
RSA+AES-256,5000,4,306,487.551700003678,0.6794000000809319,2.974500006530434,True,272.9326217736497
RSA+AES-256,5000,4,307,1394.5614000040223,0.6543999988934956,3.770000002987217,True,272.9326217736497
RSA+AES-256,5000,4,308,991.0254999995232,0.6719999946653843,2.927800000179559,True,272.9326217736497
RSA+AES-256,5000,4,309,668.985000003886,0.6885999973746948,2.9272999963723123,True,272.9326217736497
RSA+AES-256,5000,4,310,1098.9047000039136,0.6358000027830712,3.067800003918819,True,272.9326217736497
RSA+AES-256,5000,4,311,317.6912000053562,0.6966000000829808,2.999299998919014,True,272.9326217736497
RSA+AES-256,5000,4,312,480.76399999990826,0.676499999826774,3.0009000038262457,True,272.9326217736497
RSA+AES-256,5000,4,313,345.5608999938704,0.721100004739128,2.94209999992745,True,272.9326217736497
RSA+AES-256,5000,4,314,455.2025999946636,0.6620999993174337,2.914900003816001,True,272.9326217736497
RSA+AES-256,5000,4,315,2295.454499995685,0.6836000029579736,2.976699994178489,True,272.9326217736497
RSA+AES-256,5000,4,316,1512.513299996499,0.7074000022839755,2.933299998403527,True,272.9326217736497
RSA+AES-256,5000,4,317,193.15640000422718,0.6845999960205518,2.937099998234771,True,272.9326217736497
RSA+AES-256,5000,4,318,636.1531000002287,0.6591999990632758,2.9196999967098236,True,272.9326217736497
RSA+AES-256,5000,4,319,346.26160000334494,0.6780999974580482,3.008299994689878,True,272.9326217736497
RSA+AES-256,5000,4,320,1225.7641999967746,0.6681000013486482,2.950900001451373,True,272.9326217736497
RSA+AES-256,5000,4,321,1291.8807999958517,0.6844999952591024,2.963900005852338,True,272.9326217736497
RSA+AES-256,5000,4,322,692.7240999939386,0.6273000035434961,2.9606999960378744,True,272.9326217736497
RSA+AES-256,5000,4,323,668.2560999979614,0.647900000330992,3.249699999287259,True,272.9326217736497
RSA+AES-256,5000,4,324,631.063400003768,0.6862000009277835,3.0007999957888387,True,272.9326217736497
RSA+AES-256,5000,4,325,289.0027000030386,0.6460000004153699,2.940699996543117,True,272.9326217736497
RSA+AES-256,5000,4,326,469.4748999972944,0.6714999981340952,2.9713999974774197,True,272.9326217736497
RSA+AES-256,5000,4,327,381.3212000022759,0.6806000019423664,3.2134000066434965,True,272.9326217736497
RSA+AES-256,5000,4,328,650.5879000033019,0.6916999991517514,3.071700004511513,True,272.9326217736497
RSA+AES-256,5000,4,329,558.8915999978781,0.6989000030444004,2.988200001709629,True,272.9326217736497
RSA+AES-256,5000,4,330,456.76169999933336,0.7207999951788224,3.015999995113816,True,272.9326217736497
RSA+AES-256,5000,4,331,1595.05679999711,0.7048000043141656,2.998500000103377,True,272.9326217736497
RSA+AES-256,5000,4,332,1107.5647999969078,0.6912000026204623,3.0141999959596433,True,272.9326217736497
RSA+AES-256,5000,4,333,912.6180999955977,0.6834999949205667,2.8865999993286096,True,272.9326217736497
RSA+AES-256,5000,4,334,778.9828999957535,0.6563000060850754,2.8994999956921674,True,272.9326217736497
RSA+AES-256,5000,4,335,843.1284000034793,0.6750000029569492,3.1172000017249957,True,272.9326217736497
RSA+AES-256,5000,4,336,419.772399996873,0.6719999946653843,2.8887000007671304,True,272.9326217736497
RSA+AES-256,5000,4,337,706.199000000197,0.6709000008413568,2.9561999981524423,True,272.9326217736497
RSA+AES-256,5000,4,338,872.1918000010191,0.7026000021141954,2.9720999955316074,True,272.9326217736497
RSA+AES-256,5000,4,339,1882.9904999947757,0.6821999995736405,2.994499998749234,True,272.9326217736497
RSA+AES-256,5000,4,340,472.2903000001679,0.7075999965309165,3.1138999984250404,True,272.9326217736497
RSA+AES-256,5000,4,341,138.7881999980891,0.6753999987267889,3.0404000062844716,True,272.9326217736497
RSA+AES-256,5000,4,342,1431.8024000021978,0.6747000006726012,2.8678000016952865,True,272.9326217736497
RSA+AES-256,5000,4,343,314.3402999994578,0.6124999999883585,3.015800000866875,True,272.9326217736497
RSA+AES-256,5000,4,344,2485.976699994353,0.6637999977101572,2.9141999984858558,True,272.9326217736497
RSA+AES-256,5000,4,345,968.9287000001059,0.6696999989799224,3.0039999983273447,True,272.9326217736497
RSA+AES-256,5000,4,346,1510.4910000009113,0.7020999983069487,2.9691000017919578,True,272.9326217736497
RSA+AES-256,5000,4,347,799.0310999957728,0.7062999939080328,2.9129000031389296,True,272.9326217736497
RSA+AES-256,5000,4,348,902.2301999939373,0.677400006679818,2.9651000004378147,True,272.9326217736497
RSA+AES-256,5000,4,349,1304.9810000011348,0.6735999995726161,2.984600003401283,True,272.9326217736497
RSA+AES-256,5000,4,350,290.0573000006261,0.6628999981330708,2.904499997384846,True,272.9326217736497
RSA+AES-256,5000,4,351,250.96009999833768,0.6525999997393228,2.8758999978890643,True,272.9326217736497
RSA+AES-256,5000,4,352,411.6756999937934,0.6781999982194975,2.970699999423232,True,272.9326217736497
RSA+AES-256,5000,4,353,653.6485999968136,0.6814000007580034,2.915700002631638,True,272.9326217736497
RSA+AES-256,5000,4,354,1953.1753999981447,0.6570000041392632,2.9550000035669655,True,272.9326217736497
RSA+AES-256,5000,4,355,482.2243000016897,0.6603000001632608,2.973700000438839,True,272.9326217736497
RSA+AES-256,5000,4,356,333.0292000027839,0.6463999961852096,2.8993000014452264,True,272.9326217736497
RSA+AES-256,5000,4,357,1736.3311000008252,0.6899999934830703,3.0035000017960556,True,272.9326217736497
RSA+AES-256,5000,4,358,142.06240000203252,0.5911000043852255,2.958600001875311,True,272.9326217736497
RSA+AES-256,5000,4,359,1060.3346999996575,0.6789999970351346,2.9330000033951364,True,272.9326217736497
RSA+AES-256,5000,4,360,309.15880000247853,0.6681000013486482,2.9723000043304637,True,272.9326217736497
RSA+AES-256,5000,4,361,74.45349999761675,0.618500002019573,2.915600001870189,True,272.9326217736497
RSA+AES-256,5000,4,362,235.44109999784268,0.6680000005871989,2.95429999823682,True,272.9326217736497
RSA+AES-256,5000,4,363,1170.9285999968415,0.6779999966965988,3.004099999088794,True,272.9326217736497
RSA+AES-256,5000,4,364,1738.5656999977073,0.6657999983872287,2.9918000000179745,True,272.9326217736497
RSA+AES-256,5000,4,365,502.00049999693874,0.6771999978809617,2.9571000050054863,True,272.9326217736497
RSA+AES-256,5000,4,366,209.19950000097742,0.6196000031195581,2.965399995446205,True,272.9326217736497
RSA+AES-256,5000,4,367,720.9635000035632,0.6766000005882233,2.992899993842002,True,272.9326217736497
RSA+AES-256,5000,4,368,875.2917999954661,0.654199997370597,2.925200002209749,True,272.9326217736497
RSA+AES-256,5000,4,369,186.2574999977369,0.6195000023581088,2.9939000014564954,True,272.9326217736497
RSA+AES-256,5000,4,370,55.35019999661017,0.5737000028602779,2.9356000013649464,True,272.9326217736497
RSA+AES-256,5000,4,371,232.7826999971876,0.5956999957561493,2.938700003142003,True,272.9326217736497
RSA+AES-256,5000,4,372,154.966100002639,0.629900001513306,2.959600002213847,True,272.9326217736497
RSA+AES-256,5000,4,373,389.25270000618184,0.7034000009298325,3.0411000043386593,True,272.9326217736497
RSA+AES-256,5000,4,374,1614.7676999971736,0.6853000013506971,2.8650999956880696,True,272.9326217736497
RSA+AES-256,5000,4,375,328.6943000057363,0.6463000026997179,2.9596999956993386,True,272.9326217736497
RSA+AES-256,5000,4,376,217.2761999972863,0.6566000010934658,2.8773000012733974,True,272.9326217736497
RSA+AES-256,5000,4,377,819.5558000006713,0.6474999972851947,2.874600002542138,True,272.9326217736497
RSA+AES-256,5000,4,378,465.8024000018486,0.6653000018559396,2.9209999993327074,True,272.9326217736497
RSA+AES-256,5000,4,379,1150.9246999994502,0.6692000024486333,2.96580000576796,True,272.9326217736497
RSA+AES-256,5000,4,380,287.43260000192095,0.6685999978799373,2.9202000005170703,True,272.9326217736497
RSA+AES-256,5000,4,381,712.0527000006405,0.6599999978789128,2.890399999159854,True,272.9326217736497
RSA+AES-256,5000,4,382,994.035999996413,0.7436000014422461,2.877500002796296,True,272.9326217736497
RSA+AES-256,5000,4,383,332.3099000044749,0.6568000026163645,2.8841999956057407,True,272.9326217736497
RSA+AES-256,5000,4,384,1544.0428000001702,0.6716000061715022,2.946299995528534,True,272.9326217736497
RSA+AES-256,5000,4,385,397.93169999757083,0.6636000034632161,2.92730000364827,True,272.9326217736497
RSA+AES-256,5000,4,386,993.3634999979404,0.6908000068506226,3.173400000378024,True,272.9326217736497
RSA+AES-256,5000,4,387,566.0012000007555,0.6726999999955297,3.0196000006981194,True,272.9326217736497
RSA+AES-256,5000,4,388,449.8558999985107,0.7266000029630959,2.975000003061723,True,272.9326217736497
RSA+AES-256,5000,4,389,1564.0743000039947,0.6794000000809319,2.973700000438839,True,272.9326217736497
RSA+AES-256,5000,4,390,306.8784000060987,0.6591999990632758,2.963300001283642,True,272.9326217736497
RSA+AES-256,5000,4,391,566.6148000018438,0.6846000032965094,2.958699995360803,True,272.9326217736497
RSA+AES-256,5000,4,392,387.167100001534,0.6158000032883137,2.993000001879409,True,272.9326217736497
RSA+AES-256,5000,4,393,449.51909999508644,0.6773999994038604,2.9321999973035417,True,272.9326217736497
RSA+AES-256,5000,4,394,1413.192699998035,0.6868999989819713,2.9850999999325722,True,272.9326217736497
RSA+AES-256,5000,4,395,222.29299999889918,0.6419999990612268,2.9797000024700537,True,272.9326217736497
RSA+AES-256,5000,4,396,1568.210099998396,0.6578000029549003,2.910900002461858,True,272.9326217736497
RSA+AES-256,5000,4,397,114.93650000193156,0.5946999954176135,2.9566999946837313,True,272.9326217736497
RSA+AES-256,5000,4,398,291.69589999946766,0.6713000038871542,2.9466999985743314,True,272.9326217736497
RSA+AES-256,5000,4,399,185.0549000009778,0.6706999993184581,2.9760999968857504,True,272.9326217736497
RSA+AES-256,5000,4,400,324.07400000374764,0.6747000006726012,2.952899994852487,True,272.9326217736497
RSA+AES-256,5000,4,401,1399.9263000005158,0.6386000022757798,2.948699999251403,True,272.9326217736497
RSA+AES-256,5000,4,402,787.2570000035921,0.6065999987185933,2.9899000001023524,True,272.9326217736497
RSA+AES-256,5000,4,403,1694.032100000186,0.6907000060891733,2.9834999950253405,True,272.9326217736497
RSA+AES-256,5000,4,404,981.1124000043492,0.6536999935633503,2.904499997384846,True,272.9326217736497
RSA+AES-256,5000,4,405,398.9249000005657,0.7091999941621907,3.0073000016273,True,272.9326217736497
RSA+AES-256,5000,4,406,67.68559999909485,0.6558000022778288,2.962200000183657,True,272.9326217736497
RSA+AES-256,5000,4,407,968.0605999965337,0.724500001524575,2.939999998488929,True,272.9326217736497
RSA+AES-256,5000,4,408,931.0725999966962,0.7880999983171932,3.1003000040072948,True,272.9326217736497
RSA+AES-256,5000,4,409,652.72510000068,0.680199998896569,2.908099995693192,True,272.9326217736497
RSA+AES-256,5000,4,410,887.9079000034835,0.6302999972831458,2.9508999941754155,True,272.9326217736497
RSA+AES-256,5000,4,411,137.7788000027067,0.7040000054985285,3.029600004083477,True,272.9326217736497
RSA+AES-256,5000,4,412,295.8364999940386,0.668799999402836,3.028999999514781,True,272.9326217736497
RSA+AES-256,5000,4,413,1247.5304000035976,0.6954999989829957,2.99059999815654,True,272.9326217736497
RSA+AES-256,5000,4,414,877.1181999982218,0.6718000004184432,2.9066999995848164,True,272.9326217736497
RSA+AES-256,5000,4,415,731.2080999981845,0.8137999975588173,3.676400003314484,True,272.9326217736497
RSA+AES-256,5000,4,416,931.3636000006227,0.7177999941632152,3.14030000299681,True,272.9326217736497
RSA+AES-256,5000,4,417,910.3098000050522,0.6763000055798329,2.9997000019648112,True,272.9326217736497
RSA+AES-256,5000,4,418,211.29160000418779,0.665299994579982,3.0082000012043864,True,272.9326217736497
RSA+AES-256,5000,4,419,645.5484999969485,0.6791999985580333,2.966000000014901,True,272.9326217736497
RSA+AES-256,5000,4,420,909.826900002372,0.6577000021934509,2.8870999958598986,True,272.9326217736497
RSA+AES-256,5000,4,421,469.62019999773474,0.6627999973716214,2.9341999979806133,True,272.9326217736497
RSA+AES-256,5000,4,422,1059.192399996391,0.6940999955986626,2.9903000031481497,True,272.9326217736497
RSA+AES-256,5000,4,423,1025.692600000184,0.6461000011768192,2.9489999942597933,True,272.9326217736497
RSA+AES-256,5000,4,424,1798.6829000001308,0.6653000018559396,2.9044000038993545,True,272.9326217736497
RSA+AES-256,5000,4,425,201.95500000409083,0.6588999967789277,2.958999997645151,True,272.9326217736497
RSA+AES-256,5000,4,426,246.21659999684198,0.6347000016830862,3.0083000019658357,True,272.9326217736497
RSA+AES-256,5000,4,427,1067.1577999964938,0.6586000017705373,3.1472999980906025,True,272.9326217736497
RSA+AES-256,5000,4,428,1088.9049000033992,0.6620999993174337,2.905600005760789,True,272.9326217736497
RSA+AES-256,5000,4,429,593.5562000013306,0.6119999961811118,2.9712000032304786,True,272.9326217736497
RSA+AES-256,5000,4,430,591.7646000016248,0.6807999961893074,2.97359999967739,True,272.9326217736497
RSA+AES-256,5000,4,431,408.86460000183433,0.6962000043131411,2.978099997562822,True,272.9326217736497
RSA+AES-256,5000,4,432,757.7457000006689,0.6854000021121465,2.9819999981555156,True,272.9326217736497
RSA+AES-256,5000,4,433,1852.2620000003371,0.6773999994038604,2.91540000034729,True,272.9326217736497
RSA+AES-256,5000,4,434,1989.9869000000763,0.6750999964424409,2.9744999992544763,True,272.9326217736497
RSA+AES-256,5000,4,435,384.46700000349665,0.6060000014258549,2.9485999984899536,True,272.9326217736497
RSA+AES-256,5000,4,436,506.13069999963045,0.6673000025330111,2.9461999947670847,True,272.9326217736497
RSA+AES-256,5000,4,437,397.2862000009627,0.6654999961028807,2.9620999994222075,True,272.9326217736497
RSA+AES-256,5000,4,438,432.5075000015204,0.6656999976257794,2.878999999666121,True,272.9326217736497
RSA+AES-256,5000,4,439,431.94010000297567,0.6501000025309622,2.99250000534812,True,272.9326217736497
RSA+AES-256,5000,4,440,221.99340000224765,0.5946000019321218,2.962200000183657,True,272.9326217736497
RSA+AES-256,5000,4,441,1209.7199999989243,0.6722999969497323,3.0134999979054555,True,272.9326217736497
RSA+AES-256,5000,4,442,745.089399999415,0.6407999971997924,2.9188999978941865,True,272.9326217736497
RSA+AES-256,5000,4,443,234.92979999718955,0.6487999999080785,2.992699999595061,True,272.9326217736497
RSA+AES-256,5000,4,444,1567.7534000060405,0.6840999994892627,2.9288999940035865,True,272.9326217736497
RSA+AES-256,5000,4,445,673.1749999962631,0.6739999953424558,2.8846999994129874,True,272.9326217736497
RSA+AES-256,5000,4,446,261.41800000186777,0.6885999973746948,2.8711999984807335,True,272.9326217736497
RSA+AES-256,5000,4,447,552.5942999956897,0.6751999972038902,2.9775999937555753,True,272.9326217736497
RSA+AES-256,5000,4,448,770.6254000004265,0.7188000017777085,2.9928000003565103,True,272.9326217736497
RSA+AES-256,5000,4,449,1090.5066999985138,0.6932999967830256,3.041500000108499,True,272.9326217736497
RSA+AES-256,5000,4,450,278.1567999991239,0.6782999989809468,2.9951999968034215,True,272.9326217736497
RSA+AES-256,5000,4,451,99.83529999590246,0.5937000023550354,3.00989999959711,True,272.9326217736497
RSA+AES-256,5000,4,452,1275.9851999944658,0.6893000027048402,3.006999999342952,True,272.9326217736497
RSA+AES-256,5000,4,453,200.28050000109943,0.6285999988904223,2.972799993585795,True,272.9326217736497
RSA+AES-256,5000,4,454,693.2837999993353,0.6961999970371835,3.019800002221018,True,272.9326217736497
RSA+AES-256,5000,4,455,2856.664200000523,0.7286999971256591,2.9767000014544465,True,272.9326217736497
RSA+AES-256,5000,4,456,2255.5225000032806,0.6857000043964945,3.0114000037428923,True,272.9326217736497
RSA+AES-256,5000,4,457,483.7637000018731,0.6990999972913414,3.0416000008699484,True,272.9326217736497
RSA+AES-256,5000,4,458,463.86200000415556,0.6659999999101274,2.9572999992524274,True,272.9326217736497
RSA+AES-256,5000,4,459,496.8055999997887,0.6147000021883287,2.8875999996671453,True,272.9326217736497
RSA+AES-256,5000,4,460,687.5983999998425,0.6776999944122508,2.968900000269059,True,272.9326217736497
RSA+AES-256,5000,4,461,291.1245999930543,0.662500002363231,2.9575999942608178,True,272.9326217736497
RSA+AES-256,5000,4,462,694.4959000029485,0.6466999984695576,2.871299999242183,True,272.9326217736497
RSA+AES-256,5000,4,463,1724.2688000042108,0.6634999954258092,2.9453999959514476,True,272.9326217736497
RSA+AES-256,5000,4,464,603.9384000032442,0.625299995590467,2.967799999169074,True,272.9326217736497
RSA+AES-256,5000,4,465,715.3617000003578,0.6466000049840659,2.9746000000159256,True,272.9326217736497
RSA+AES-256,5000,4,466,1957.9510999974445,0.6693999966955744,2.954600000521168,True,272.9326217736497
RSA+AES-256,5000,4,467,574.1692000010516,0.6723999977111816,3.039900002477225,True,272.9326217736497
RSA+AES-256,5000,4,468,618.2172000044375,0.6886999981361441,2.9052000027149916,True,272.9326217736497
RSA+AES-256,5000,4,469,755.4302000062307,0.6661000006715767,2.9327000011107884,True,272.9326217736497
RSA+AES-256,5000,4,470,409.737199996016,0.6668999994872138,2.975499999593012,True,272.9326217736497
RSA+AES-256,5000,4,471,513.2539999976871,0.687400002789218,2.998900003149174,True,272.9326217736497
RSA+AES-256,5000,4,472,125.33470000198577,0.6107000008341856,2.952700000605546,True,272.9326217736497
RSA+AES-256,5000,4,473,71.67029999982333,0.534999999217689,2.8612000023713335,True,272.9326217736497
RSA+AES-256,5000,4,474,215.1201000015135,0.6647999980486929,2.983699996548239,True,272.9326217736497
RSA+AES-256,5000,4,475,655.1079000055324,0.6752999979653396,3.022599994437769,True,272.9326217736497
RSA+AES-256,5000,4,476,775.7781999971485,0.6675999975414015,3.0221999986679293,True,272.9326217736497
RSA+AES-256,5000,4,477,118.1706999996095,0.6823000003350899,2.984200000355486,True,272.9326217736497
RSA+AES-256,5000,4,478,423.1311000039568,0.6767999948351644,2.8690999970422126,True,272.9326217736497
RSA+AES-256,5000,4,479,209.11169999453705,0.6393000003299676,2.856300001440104,True,272.9326217736497
RSA+AES-256,5000,4,480,1669.25519999495,0.6099000020185485,2.964400002383627,True,272.9326217736497
RSA+AES-256,5000,4,481,839.6032999953604,0.7134999978006817,3.0482000001939014,True,272.9326217736497
RSA+AES-256,5000,4,482,645.2254000032553,0.6967000008444302,2.9541999974753708,True,272.9326217736497
RSA+AES-256,5000,4,483,352.2722999987309,0.7620999967912212,2.9814000008627772,True,272.9326217736497
RSA+AES-256,5000,4,484,1436.3865000050282,0.6735999995726161,2.912399999331683,True,272.9326217736497
RSA+AES-256,5000,4,485,752.2204000051715,0.6623000008403324,3.233100003853906,True,272.9326217736497
RSA+AES-256,5000,4,486,1638.6485000039102,0.6859999994048849,2.9905000046710484,True,272.9326217736497
RSA+AES-256,5000,4,487,857.0125999976881,0.7030999986454844,2.9678999999305233,True,272.9326217736497
RSA+AES-256,5000,4,488,122.16700000135461,0.6147999956738204,2.919799997471273,True,272.9326217736497
RSA+AES-256,5000,4,489,343.8922999994247,0.6034000034560449,2.9921000023023225,True,272.9326217736497
RSA+AES-256,5000,4,490,452.61999999638647,0.6829999983892776,2.926300003309734,True,272.9326217736497
RSA+AES-256,5000,4,491,664.478800004872,0.6630999996559694,2.909800001361873,True,272.9326217736497
RSA+AES-256,5000,4,492,586.0009999960312,0.6210999999893829,2.9901999951107427,True,272.9326217736497
RSA+AES-256,5000,4,493,736.9164999981876,0.6693999966955744,2.929700000095181,True,272.9326217736497
RSA+AES-256,5000,4,494,794.1911000016262,0.6964999993215315,2.9614000013680197,True,272.9326217736497
RSA+AES-256,5000,4,495,1430.96059999516,0.6771999978809617,2.9558000023826025,True,272.9326217736497
RSA+AES-256,5000,4,496,355.9817999994266,0.6818999972892925,3.001500001118984,True,272.9326217736497
RSA+AES-256,5000,4,497,1706.844899999851,0.6682999955955893,2.9217999981483445,True,272.9326217736497
RSA+AES-256,5000,4,498,291.7064999928698,0.6740000026184134,2.9757999946014024,True,272.9326217736497
RSA+AES-256,5000,4,499,378.17550000181654,0.6769000028725713,2.8741999994963408,True,272.9326217736497
RSA+AES-256,5000,4,500,560.0909999993746,0.6523999982164241,2.8595999974641018,True,272.9326217736497
RSA+AES-256,5000,4,501,391.4325000005192,0.6044000037945807,2.995299997564871,True,272.9326217736497
RSA+AES-256,5000,4,502,506.90149999718415,0.6731999965268187,2.887800001190044,True,272.9326217736497
RSA+AES-256,5000,4,503,437.96089999523247,0.6594000005861744,2.8944999939994887,True,272.9326217736497
RSA+AES-256,5000,4,504,440.2965999979642,0.6649999995715916,3.0247999966377392,True,272.9326217736497
RSA+AES-256,5000,4,505,1777.213400004257,0.6561999980476685,2.8727999961120076,True,272.9326217736497
RSA+AES-256,5000,4,506,949.4002999999793,0.6964999993215315,2.9466999985743314,True,272.9326217736497
RSA+AES-256,5000,4,507,673.6882000041078,0.6924000044818968,2.917199999501463,True,272.9326217736497
RSA+AES-256,5000,4,508,499.4377000039094,0.6836000029579736,2.9540999967139214,True,272.9326217736497
RSA+AES-256,5000,4,509,775.3346000026795,0.7074999957694672,2.938899997388944,True,272.9326217736497
RSA+AES-256,5000,4,510,243.26019999716664,0.6247999990591779,2.957199998490978,True,272.9326217736497
RSA+AES-256,5000,4,511,1165.9781000053044,0.6315999999060296,3.0200999972294085,True,272.9326217736497
RSA+AES-256,5000,4,512,179.6713000003365,0.6366000015987083,2.961199999845121,True,272.9326217736497
RSA+AES-256,5000,4,513,416.87800000363495,0.6458999996539205,2.9396000027190894,True,272.9326217736497
RSA+AES-256,5000,4,514,659.6994999999879,0.6977000011829659,3.068100006203167,True,272.9326217736497
RSA+AES-256,5000,4,515,703.6523999995552,0.7034000009298325,3.4295000004931353,True,272.9326217736497
RSA+AES-256,5000,4,516,147.69849999720464,0.6223999953363091,3.0341999954544008,True,272.9326217736497
RSA+AES-256,5000,4,517,616.8090000064694,0.6853000013506971,2.99510000331793,True,272.9326217736497
RSA+AES-256,5000,4,518,1318.054999996093,0.6726999999955297,2.9454000032274053,True,272.9326217736497
RSA+AES-256,5000,4,519,303.00549999810755,0.6818000038038008,3.2444000025861897,True,272.9326217736497
RSA+AES-256,5000,4,520,1751.859500000137,0.6880999935674481,2.958299999590963,True,272.9326217736497
RSA+AES-256,5000,4,521,1416.6200000036042,0.6642000007559545,2.9887000055168755,True,272.9326217736497
RSA+AES-256,5000,4,522,964.9678999994649,0.6788999962736852,3.001500001118984,True,272.9326217736497
RSA+AES-256,5000,4,523,1526.2701000028756,0.7694000014453195,3.0073000016273,True,272.9326217736497
RSA+AES-256,5000,4,524,936.6637999992236,0.6648999988101423,2.981499994348269,True,272.9326217736497
RSA+AES-256,5000,4,525,654.8286999968695,0.6815000015194528,2.997499999764841,True,272.9326217736497
RSA+AES-256,5000,4,526,799.7724000015296,0.6264000039664097,3.0329999935929663,True,272.9326217736497
RSA+AES-256,5000,4,527,877.0657999994,0.6810999984736554,2.95170000026701,True,272.9326217736497
RSA+AES-256,5000,4,528,864.1815000009956,0.628499998128973,2.942899998743087,True,272.9326217736497
RSA+AES-256,5000,4,529,83.41479999944568,0.6553999992320314,3.069300000788644,True,272.9326217736497
RSA+AES-256,5000,4,530,705.362700005935,0.6959000020287931,3.0665000012959354,True,272.9326217736497
RSA+AES-256,5000,4,531,466.86749999935273,0.6853000013506971,3.004899997904431,True,272.9326217736497
RSA+AES-256,5000,4,532,436.7603999999119,0.6690000009257346,2.8946000020368956,True,272.9326217736497
RSA+AES-256,5000,4,533,344.7405000042636,0.6630999996559694,2.9495999988284893,True,272.9326217736497
RSA+AES-256,5000,4,534,523.524099997303,0.6241000010049902,2.9429999995045364,True,272.9326217736497
RSA+AES-256,5000,4,535,317.00220000493573,0.6786000012652948,2.9531000036513433,True,272.9326217736497
RSA+AES-256,5000,4,536,222.0026999930269,0.6758000017725863,2.8921999983140267,True,272.9326217736497
RSA+AES-256,5000,4,537,1347.4540999959572,0.6759000025340356,2.969599998323247,True,272.9326217736497
RSA+AES-256,5000,4,538,553.5502999991877,0.60710000252584,2.9996999946888536,True,272.9326217736497
RSA+AES-256,5000,4,539,192.77730000612792,0.5860000019310974,2.967600004922133,True,272.9326217736497
RSA+AES-256,5000,4,540,651.4719000042533,0.7121000016923063,3.0186000003595836,True,272.9326217736497
RSA+AES-256,5000,4,541,386.1430000033579,0.6024000031175092,2.955600000859704,True,272.9326217736497
RSA+AES-256,5000,4,542,485.7131999960984,0.662200000078883,2.8916000010212883,True,272.9326217736497
RSA+AES-256,5000,4,543,1132.568099994387,0.6538000016007572,2.920099999755621,True,272.9326217736497
RSA+AES-256,5000,4,544,1337.0216999974218,0.7026000021141954,2.9738999946857803,True,272.9326217736497
RSA+AES-256,5000,4,545,736.5499000006821,0.6635999961872585,2.8891999972984195,True,272.9326217736497
RSA+AES-256,5000,4,546,129.01769999734825,0.6045999980415218,2.9797000024700537,True,272.9326217736497
RSA+AES-256,5000,4,547,516.5772999971523,0.7116000051610172,2.9127999951015227,True,272.9326217736497
RSA+AES-256,5000,4,548,1051.7915999953402,0.6802999996580184,2.9235000038170256,True,272.9326217736497
RSA+AES-256,5000,4,549,964.3178999976953,0.6486999991466291,2.906599998823367,True,272.9326217736497
RSA+AES-256,5000,4,550,244.65309999504825,0.6797000023652799,2.9775000002700835,True,272.9326217736497
RSA+AES-256,5000,4,551,552.6383999967948,0.658500001009088,2.8715000007650815,True,272.9326217736497
RSA+AES-256,5000,4,552,697.867299997597,0.6645999965257943,2.92730000364827,True,272.9326217736497
RSA+AES-256,5000,4,553,1086.6774000023725,0.8564000017940998,3.0413999993470497,True,272.9326217736497
RSA+AES-256,5000,4,554,251.56459999561775,0.647100001515355,2.951099995698314,True,272.9326217736497
RSA+AES-256,5000,4,555,1134.1093000010005,0.6696999989799224,3.005899998242967,True,272.9326217736497
RSA+AES-256,5000,4,556,910.099500004435,0.6800999981351197,2.9145000007702038,True,272.9326217736497
RSA+AES-256,5000,4,557,720.253400002548,0.6686999986413866,2.9572999992524274,True,272.9326217736497
RSA+AES-256,5000,4,558,224.26189999532653,0.6480999945779331,2.982099998916965,True,272.9326217736497
RSA+AES-256,5000,4,559,773.2591000021785,0.6590999983018264,2.8472999983932823,True,272.9326217736497
RSA+AES-256,5000,4,560,269.17089999915333,0.6594999940716662,2.909600007114932,True,272.9326217736497
RSA+AES-256,5000,4,561,507.87750000017695,0.6925999987288378,2.965599996969104,True,272.9326217736497
RSA+AES-256,5000,4,562,1413.775799999712,0.6676000048173591,2.9632000005221926,True,272.9326217736497
RSA+AES-256,5000,4,563,659.2452999975649,0.6922000029589981,2.9939000014564954,True,272.9326217736497
RSA+AES-256,5000,4,564,728.4903999970993,0.6483999968622811,2.8575999967870302,True,272.9326217736497
RSA+AES-256,5000,4,565,249.95440000202507,0.7257000033860095,3.0489999990095384,True,272.9326217736497
RSA+AES-256,5000,4,566,377.2767999980715,0.6588999967789277,2.919400001701433,True,272.9326217736497
RSA+AES-256,5000,4,567,1144.4788000007975,0.6750999964424409,2.9630000062752515,True,272.9326217736497
RSA+AES-256,5000,4,568,462.06989999336656,0.6672000017715618,3.0122000025585294,True,272.9326217736497
RSA+AES-256,5000,4,569,176.16160000034142,0.6081000028643757,3.006300001288764,True,272.9326217736497
RSA+AES-256,5000,4,570,515.6535999994958,0.6549000027007423,2.9169000044930726,True,272.9326217736497
RSA+AES-256,5000,4,571,577.1198000002187,0.6951999966986477,2.9862000010325573,True,272.9326217736497
RSA+AES-256,5000,4,572,526.8760999970254,0.6761000040569343,2.9569000034825876,True,272.9326217736497
RSA+AES-256,5000,4,573,476.9321999992826,0.6738000010955147,2.9918000000179745,True,272.9326217736497
RSA+AES-256,5000,4,574,704.2462000026717,0.6697999997413717,2.9073000041535124,True,272.9326217736497
RSA+AES-256,5000,4,575,639.3465000001015,0.6190999993123114,2.929599999333732,True,272.9326217736497
RSA+AES-256,5000,4,576,221.72439999849303,0.7036000024527311,2.9844000018783845,True,272.9326217736497
RSA+AES-256,5000,4,577,846.6637999954401,0.6873000020277686,2.9906999989179894,True,272.9326217736497
RSA+AES-256,5000,4,578,700.2557000014349,0.6633999946643598,2.878999999666121,True,272.9326217736497
RSA+AES-256,5000,4,579,153.1810999949812,0.5861000026925467,2.921899998909794,True,272.9326217736497
RSA+AES-256,5000,4,580,202.31169999897247,0.640500002191402,2.9750999965472147,True,272.9326217736497
RSA+AES-256,5000,4,581,336.72759999899426,0.7074999957694672,3.304099998786114,True,272.9326217736497
RSA+AES-256,5000,4,582,1109.7976000019116,0.8495999936712906,2.989199994772207,True,272.9326217736497
RSA+AES-256,5000,4,583,310.28060000244295,0.6712000031257048,2.937600002042018,True,272.9326217736497
RSA+AES-256,5000,4,584,549.1741000005277,0.626200002443511,2.9970999967190437,True,272.9326217736497
RSA+AES-256,5000,4,585,1237.3512999984086,0.6708000000799075,3.0071000001044013,True,272.9326217736497
RSA+AES-256,5000,4,586,359.35500000050524,0.6509000013465993,2.8689999962807633,True,272.9326217736497
RSA+AES-256,5000,4,587,241.55809999501798,0.6199999988893978,2.8668999948422424,True,272.9326217736497
RSA+AES-256,5000,4,588,758.3679000017582,0.6504000048153102,2.8628000000026077,True,272.9326217736497
RSA+AES-256,5000,4,589,395.5696999983047,0.6825000018579885,2.9508000006899238,True,272.9326217736497
RSA+AES-256,5000,4,590,860.170100000687,0.6604000009247102,2.9089000017847866,True,272.9326217736497
RSA+AES-256,5000,4,591,1283.6052000056952,0.6708000000799075,3.09729999571573,True,272.9326217736497
RSA+AES-256,5000,4,592,723.1633999981568,0.6681000013486482,2.9850999999325722,True,272.9326217736497
RSA+AES-256,5000,4,593,628.9155999984359,0.6627999973716214,2.931199996965006,True,272.9326217736497
RSA+AES-256,5000,4,594,1235.3598000045167,0.6807999961893074,2.8701999981421977,True,272.9326217736497
RSA+AES-256,5000,4,595,209.50050000101328,0.7104999967850745,3.0115999979898334,True,272.9326217736497
RSA+AES-256,5000,4,596,163.37149999890244,0.6292000034591183,2.9056999992462806,True,272.9326217736497
RSA+AES-256,5000,4,597,1051.1378000010154,0.6735999995726161,3.052100000786595,True,272.9326217736497
RSA+AES-256,5000,4,598,590.965800001868,0.6759000025340356,2.9690000010305084,True,272.9326217736497
RSA+AES-256,5000,4,599,913.4598000018741,0.6669000067631714,2.951399997982662,True,272.9326217736497
RSA+AES-256,5000,4,600,1401.1505999951623,0.6610999989788979,3.3031999992090277,True,272.9326217736497
RSA+AES-256,5000,4,601,438.7690000003204,0.6140999976196326,2.9664000030606985,True,272.9326217736497
RSA+AES-256,5000,4,602,148.77439999690978,0.6864000024506822,3.0423999996855855,True,272.9326217736497
RSA+AES-256,5000,4,603,196.19260000035865,0.6142000056570396,2.9028000062680803,True,272.9326217736497
RSA+AES-256,5000,4,604,538.400500001444,0.676499999826774,2.8578999990713783,True,272.9326217736497
RSA+AES-256,5000,4,605,209.3955000018468,0.7075000030454248,3.02880000526784,True,272.9326217736497
RSA+AES-256,5000,4,606,278.1584999975166,0.6458999996539205,2.9378000035649166,True,272.9326217736497
RSA+AES-256,5000,4,607,879.7798000014154,0.6166000021039508,2.8454999992391095,True,272.9326217736497
RSA+AES-256,5000,4,608,406.0241000042879,0.7211999982246198,2.99059999815654,True,272.9326217736497
RSA+AES-256,5000,4,609,447.28549999854295,0.6763000055798329,2.928999994765036,True,272.9326217736497
RSA+AES-256,5000,4,610,198.57340000453405,0.6694999974570237,2.986100000271108,True,272.9326217736497
RSA+AES-256,5000,4,611,493.19439999817405,0.6733999980497174,2.957500000775326,True,272.9326217736497
RSA+AES-256,5000,4,612,1697.9447000048822,0.6865000032121316,2.9859999995096587,True,272.9326217736497
RSA+AES-256,5000,4,613,184.66900000203168,0.604200002271682,2.8451999969547614,True,272.9326217736497
RSA+AES-256,5000,4,614,48.049400000309106,0.6011000004946254,2.954999996291008,True,272.9326217736497
RSA+AES-256,5000,4,615,84.74549999664305,0.5997999978717417,2.962999998999294,True,272.9326217736497
RSA+AES-256,5000,4,616,1038.9691000018502,0.7054999950923957,3.2729000013205223,True,272.9326217736497
RSA+AES-256,5000,4,617,1701.9453000029898,0.6816000022809021,2.962600003229454,True,272.9326217736497
RSA+AES-256,5000,4,618,134.80419999541482,0.629900001513306,2.9361999986576848,True,272.9326217736497
RSA+AES-256,5000,4,619,968.5676999943098,0.6559999965247698,2.8751999998348765,True,272.9326217736497
RSA+AES-256,5000,4,620,709.8979000002146,0.6390999988070689,2.942299994174391,True,272.9326217736497
RSA+AES-256,5000,4,621,1277.6768999974593,0.6900999942445196,2.9290000020409934,True,272.9326217736497
RSA+AES-256,5000,4,622,180.82370000047376,0.658800003293436,3.0222999994293787,True,272.9326217736497
RSA+AES-256,5000,4,623,663.3911999961128,0.6778999959351495,3.03209999401588,True,272.9326217736497
RSA+AES-256,5000,4,624,1161.5946000019903,0.6566999945789576,2.93430000601802,True,272.9326217736497
RSA+AES-256,5000,4,625,1337.8025999991223,0.6581000052392483,2.881500004150439,True,272.9326217736497
RSA+AES-256,5000,4,626,1751.647099998081,0.5946999954176135,2.926200002548285,True,272.9326217736497
RSA+AES-256,5000,4,627,271.0090999971726,0.6410999994841404,2.8725000011036173,True,272.9326217736497
RSA+AES-256,5000,4,628,618.5639000032097,0.7011000052443705,3.0798000007052906,True,272.9326217736497
RSA+AES-256,5000,4,629,1006.0211000018171,0.6843000010121614,2.994599999510683,True,272.9326217736497
RSA+AES-256,5000,4,630,726.4476000054856,0.6629999988945201,3.291700006229803,True,272.9326217736497
RSA+AES-256,5000,4,631,954.0101999955368,0.7003999999142252,2.994800001033582,True,272.9326217736497
RSA+AES-256,5000,4,632,1456.5400999999838,0.6749999956809916,2.9484999977285042,True,272.9326217736497
RSA+AES-256,5000,4,633,332.0559999992838,0.6563999995705672,2.8806999980588444,True,272.9326217736497
RSA+AES-256,5000,4,634,1005.2690000011353,0.6770000036340207,2.9591999991680495,True,272.9326217736497
RSA+AES-256,5000,4,635,1014.4081999969785,0.6737000003340654,2.9224000027170405,True,272.9326217736497
RSA+AES-256,5000,4,636,1581.0904999962077,0.654199997370597,3.199099999619648,True,272.9326217736497
RSA+AES-256,5000,4,637,1132.9202000051737,0.7190999967860989,2.9161000056774355,True,272.9326217736497
RSA+AES-256,5000,4,638,702.6138999935938,0.7918999981484376,3.0465999952866696,True,272.9326217736497
RSA+AES-256,5000,4,639,1182.500599999912,0.6779999966965988,2.9973000055179,True,272.9326217736497
RSA+AES-256,5000,4,640,1101.931400000467,0.6213999949977733,2.998600000864826,True,272.9326217736497
RSA+AES-256,5000,4,641,173.1729000021005,0.6117999946582131,2.896799996960908,True,272.9326217736497
RSA+AES-256,5000,4,642,564.5516000004136,0.6811999992351048,2.9968000017106533,True,272.9326217736497
RSA+AES-256,5000,4,643,1636.5120000045863,0.6834999949205667,2.921800005424302,True,272.9326217736497
RSA+AES-256,5000,4,644,500.2071999988402,0.6868999989819713,3.42839999939315,True,272.9326217736497
RSA+AES-256,5000,4,645,627.1945999978925,0.6607000032090582,2.9473000031430274,True,272.9326217736497
RSA+AES-256,5000,4,646,863.7885999996797,0.6419999990612268,2.863500005332753,True,272.9326217736497
RSA+AES-256,5000,4,647,878.1391000011354,0.658800003293436,3.005599995958619,True,272.9326217736497
RSA+AES-256,5000,4,648,206.09020000119926,0.6433000016841106,2.9461999947670847,True,272.9326217736497
RSA+AES-256,5000,4,649,425.9918000025209,0.6653999953414313,2.884900000935886,True,272.9326217736497
RSA+AES-256,5000,4,650,806.5788000021712,0.7144999981392175,2.9462000020430423,True,272.9326217736497
RSA+AES-256,5000,4,651,138.56059999670833,0.6200999996508472,2.976699994178489,True,272.9326217736497
RSA+AES-256,5000,4,652,605.933400001959,0.6903999965288676,2.8986999968765303,True,272.9326217736497
RSA+AES-256,5000,4,653,547.3601999983657,0.698499999998603,3.027000006113667,True,272.9326217736497
RSA+AES-256,5000,4,654,168.78230000293115,0.6951999966986477,2.9990000039106235,True,272.9326217736497
RSA+AES-256,5000,4,655,1369.615599993267,0.6949000016902573,3.059199996641837,True,272.9326217736497
RSA+AES-256,5000,4,656,914.7728999960236,0.6716999996569939,2.9555999935837463,True,272.9326217736497
RSA+AES-256,5000,4,657,876.9227999946452,0.8072999989963137,2.9694000040763058,True,272.9326217736497
RSA+AES-256,5000,4,658,979.7409000020707,0.67299999500392,2.9294000050867908,True,272.9326217736497
RSA+AES-256,5000,4,659,227.34089999721618,0.6696999989799224,2.9858000052627176,True,272.9326217736497
RSA+AES-256,5000,4,660,2234.2428999982076,0.6634000019403175,2.9447999986587092,True,272.9326217736497
RSA+AES-256,5000,4,661,363.141200003156,0.6777999951737002,2.9276999994181097,True,272.9326217736497
RSA+AES-256,5000,4,662,867.3381999979028,0.6767000013496727,2.9980999970575795,True,272.9326217736497
RSA+AES-256,5000,4,663,1375.9518999941065,0.6633000011788681,2.919300000939984,True,272.9326217736497
RSA+AES-256,5000,4,664,238.001699995948,0.6869999997434206,2.9874000028939918,True,272.9326217736497
RSA+AES-256,5000,4,665,300.80720000114525,0.6778000024496578,2.9826999962097034,True,272.9326217736497
RSA+AES-256,5000,4,666,555.4455999954371,0.6704999977955595,2.8950999985681847,True,272.9326217736497
RSA+AES-256,5000,4,667,1170.0109000012162,0.7035000016912818,2.966800006106496,True,272.9326217736497
RSA+AES-256,5000,4,668,683.2180999990669,0.6537999943247996,2.982400001201313,True,272.9326217736497
RSA+AES-256,5000,4,669,1090.3083000011975,0.690499997290317,2.975000003061723,True,272.9326217736497
RSA+AES-256,5000,4,670,525.9379999988596,0.6551999977091327,3.1759999983478338,True,272.9326217736497
RSA+AES-256,5000,4,671,705.7177999959094,0.8003999973880127,3.172400000039488,True,272.9326217736497
RSA+AES-256,5000,4,672,580.7282000023406,0.6571999983862042,2.87910000042757,True,272.9326217736497
RSA+AES-256,5000,4,673,507.5499000013224,0.6627000038861297,2.9170999987400137,True,272.9326217736497
RSA+AES-256,5000,4,674,599.9320999981137,0.6523999982164241,2.943999999843072,True,272.9326217736497
RSA+AES-256,5000,4,675,1145.2134000064689,0.6317000006674789,2.9141999984858558,True,272.9326217736497
RSA+AES-256,5000,4,676,299.4593000039458,0.6649999995715916,2.9018999994150363,True,272.9326217736497
RSA+AES-256,5000,4,677,1404.5951000007335,0.6534999993164092,4.019599997263867,True,272.9326217736497
RSA+AES-256,5000,4,678,130.29999999707798,0.5987000040477142,2.9080000022077,True,272.9326217736497
RSA+AES-256,5000,4,679,1352.6161999980104,0.618399993982166,3.0737000051885843,True,272.9326217736497
RSA+AES-256,5000,4,680,676.4436000012211,0.7078999988152646,3.0202000052668154,True,272.9326217736497
RSA+AES-256,5000,4,681,1249.39109999832,0.6709000008413568,2.8671000036410987,True,272.9326217736497
RSA+AES-256,5000,4,682,294.6377999978722,0.6898999999975786,2.995200004079379,True,272.9326217736497
RSA+AES-256,5000,4,683,1091.3635999968392,0.698800002282951,2.989600005093962,True,272.9326217736497
RSA+AES-256,5000,4,684,261.8110999974306,0.6452000015997328,3.0240999985835515,True,272.9326217736497
RSA+AES-256,5000,4,685,472.05180000310065,0.6740000026184134,2.9532999978982843,True,272.9326217736497
RSA+AES-256,5000,4,686,542.1810000043479,0.6748999949195422,2.9847000041627325,True,272.9326217736497
RSA+AES-256,5000,4,687,1096.4345000029425,0.6635999961872585,2.9111999974702485,True,272.9326217736497
RSA+AES-256,5000,4,688,1530.8276000068872,0.668499997118488,2.979800003231503,True,272.9326217736497
RSA+AES-256,5000,4,689,118.02170000009937,0.6635000027017668,2.9744999992544763,True,272.9326217736497
RSA+AES-256,5000,4,690,309.9856999979238,0.6376999954227358,2.9291999962879345,True,272.9326217736497
RSA+AES-256,5000,4,691,480.5562999972608,0.6554999999934807,2.9977000012877397,True,272.9326217736497
RSA+AES-256,5000,4,692,325.48010000027716,0.6474999972851947,2.867700000933837,True,272.9326217736497
RSA+AES-256,5000,4,693,492.99600000085775,0.6575000006705523,3.014099995198194,True,272.9326217736497
RSA+AES-256,5000,4,694,848.8375000015367,0.6694999974570237,3.0226999951992184,True,272.9326217736497
RSA+AES-256,5000,4,695,256.41929999983404,0.6559999965247698,2.9760999968857504,True,272.9326217736497
RSA+AES-256,5000,4,696,807.7488999988418,0.6616999962716363,2.93690000398783,True,272.9326217736497
RSA+AES-256,5000,4,697,533.0485000013141,0.6759000025340356,2.995400005602278,True,272.9326217736497
RSA+AES-256,5000,4,698,3091.9882000016514,0.6570999976247549,3.408500000659842,True,272.9326217736497
RSA+AES-256,5000,4,699,1136.8758000025991,0.6735999995726161,2.893099997891113,True,272.9326217736497
RSA+AES-256,5000,4,700,625.2473999993526,0.6604000009247102,2.976400006446056,True,272.9326217736497
RSA+AES-256,5000,4,701,1065.1340000040364,0.702000004821457,2.998100004333537,True,272.9326217736497
RSA+AES-256,5000,4,702,707.705699998769,0.680500001180917,2.9723999978159554,True,272.9326217736497
RSA+AES-256,5000,4,703,410.0758000058704,0.6466000049840659,2.89320000592852,True,272.9326217736497
RSA+AES-256,5000,4,704,864.0376000039396,0.6820000053266995,2.9678999999305233,True,272.9326217736497
RSA+AES-256,5000,4,705,823.4706000002916,0.622200001089368,2.989000000525266,True,272.9326217736497
RSA+AES-256,5000,4,706,317.7256999988458,0.680199998896569,2.962300000945106,True,272.9326217736497
RSA+AES-256,5000,4,707,1535.753600001044,0.6773999994038604,2.969900000607595,True,272.9326217736497
RSA+AES-256,5000,4,708,428.4590999959619,0.6854000021121465,2.9601999995065853,True,272.9326217736497
RSA+AES-256,5000,4,709,591.9442000013078,0.6067000067560002,2.8959000046597794,True,272.9326217736497
RSA+AES-256,5000,4,710,579.7873999981675,0.6959000020287931,2.9871000006096438,True,272.9326217736497
RSA+AES-256,5000,4,711,531.1101000042981,0.6703000035486184,2.9724999985774048,True,272.9326217736497
RSA+AES-256,5000,4,712,1180.17410000175,0.6716999996569939,2.94949999806704,True,272.9326217736497
RSA+AES-256,5000,4,713,721.4581000007456,0.626500004727859,2.9675999976461753,True,272.9326217736497
RSA+AES-256,5000,4,714,479.65819999808446,0.691100001859013,2.9943999979877844,True,272.9326217736497
RSA+AES-256,5000,4,715,214.32980000099633,0.6261999951675534,2.918600002885796,True,272.9326217736497
RSA+AES-256,5000,4,716,1472.5828000009642,0.6811999992351048,2.98800000018673,True,272.9326217736497
RSA+AES-256,5000,4,717,713.2729000004474,0.6699999939883128,2.905499997723382,True,272.9326217736497
RSA+AES-256,5000,4,718,695.8978000038769,0.6815000015194528,2.9850999999325722,True,272.9326217736497
RSA+AES-256,5000,4,719,320.8726000011666,0.6362999993143603,2.8851000024587847,True,272.9326217736497
RSA+AES-256,5000,4,720,1270.9720999991987,0.7025999948382378,2.96360000356799,True,272.9326217736497
RSA+AES-256,5000,4,721,827.5092999974731,0.6539000023622066,2.897300000768155,True,272.9326217736497
RSA+AES-256,5000,4,722,713.4596999967471,0.6683999963570386,2.98320000001695,True,272.9326217736497
RSA+AES-256,5000,4,723,647.3410000035074,0.6754999994882382,3.1124000015552156,True,272.9326217736497
RSA+AES-256,5000,4,724,961.5415000007488,0.6165999948279932,2.9582000061054714,True,272.9326217736497
RSA+AES-256,5000,4,725,1117.9906000033952,0.6782999989809468,2.9690000010305084,True,272.9326217736497
RSA+AES-256,5000,4,726,573.8109999947483,0.6772999986424111,3.020900003321003,True,272.9326217736497
RSA+AES-256,5000,4,727,732.2382999991532,0.6611999997403473,2.9885999974794686,True,272.9326217736497
RSA+AES-256,5000,4,728,1404.677200000151,0.6966999935684726,2.955100004328415,True,272.9326217736497
RSA+AES-256,5000,4,729,1269.3884999971488,0.6815000015194528,2.9991999981575646,True,272.9326217736497
RSA+AES-256,5000,4,730,1540.330299998459,0.6876999977976084,2.9320999965420924,True,272.9326217736497
RSA+AES-256,5000,4,731,1089.5807000051718,0.684200000250712,2.9600000052596442,True,272.9326217736497
RSA+AES-256,5000,4,732,1151.475999999093,0.6753999987267889,2.9243999961181544,True,272.9326217736497
RSA+AES-256,5000,4,733,898.548999997729,0.709400002961047,3.0043999940971844,True,272.9326217736497
RSA+AES-256,5000,4,734,402.90310000273166,0.6547000011778437,3.0087999984971248,True,272.9326217736497
RSA+AES-256,5000,4,735,962.8066000004765,0.677400006679818,2.9530999963753857,True,272.9326217736497
RSA+AES-256,5000,4,736,193.54089999978896,0.6246000048122369,2.991399996972177,True,272.9326217736497
RSA+AES-256,5000,4,737,825.9804000044824,0.7088999991538003,3.3426000009058043,True,272.9326217736497
RSA+AES-256,5000,4,738,1255.0087999989046,0.6794000000809319,2.916000004915986,True,272.9326217736497
RSA+AES-256,5000,4,739,212.82450000580866,0.6767000013496727,2.987699997902382,True,272.9326217736497
RSA+AES-256,5000,4,740,737.8247999949963,0.6770000036340207,2.9614000013680197,True,272.9326217736497
RSA+AES-256,5000,4,741,591.1433000001125,0.698199997714255,3.093899998930283,True,272.9326217736497
RSA+AES-256,5000,4,742,547.1634999994421,0.6744000056642108,2.9245000041555613,True,272.9326217736497
RSA+AES-256,5000,4,743,117.87470000126632,0.610800001595635,2.9276999994181097,True,272.9326217736497
RSA+AES-256,5000,4,744,254.56280000071274,0.6783999997423962,2.9929000011179596,True,272.9326217736497
RSA+AES-256,5000,4,745,864.2009999966831,0.7019999975454994,2.977399999508634,True,272.9326217736497
RSA+AES-256,5000,4,746,1861.26030000014,0.6638999984716065,2.9089000017847866,True,272.9326217736497
RSA+AES-256,5000,4,747,334.15709999826504,0.6547000011778437,2.91540000034729,True,272.9326217736497
RSA+AES-256,5000,4,748,275.0406999984989,0.683899997966364,2.933700001449324,True,272.9326217736497
RSA+AES-256,5000,4,749,794.6854999972857,0.614999997196719,2.9415000026347116,True,272.9326217736497
RSA+AES-256,5000,4,750,348.88389999832725,0.6382999999914318,2.835300001606811,True,272.9326217736497
RSA+AES-256,5000,4,751,247.87690000084694,0.6349000032059848,2.936999997473322,True,272.9326217736497
RSA+AES-256,5000,4,752,597.9178999987198,0.680500001180917,2.925599997979589,True,272.9326217736497
RSA+AES-256,5000,4,753,465.96169999975245,0.6983999992371537,2.9757000011159107,True,272.9326217736497
RSA+AES-256,5000,4,754,683.6376999999629,0.676199997542426,2.9858999987482093,True,272.9326217736497
RSA+AES-256,5000,4,755,552.913500003342,0.6518999944091775,2.8800000000046566,True,272.9326217736497
RSA+AES-256,5000,4,756,790.6533999994281,0.7359000010183081,2.986100000271108,True,272.9326217736497
RSA+AES-256,5000,4,757,88.5850999984541,0.6232000014279038,2.93950000195764,True,272.9326217736497
RSA+AES-256,5000,4,758,1114.8515999957453,0.6737000003340654,2.9320000030566007,True,272.9326217736497
RSA+AES-256,5000,4,759,2154.315799998585,0.6306000068434514,3.037199996470008,True,272.9326217736497
RSA+AES-256,5000,4,760,790.9857999984524,0.6683999963570386,2.9654000027221628,True,272.9326217736497
RSA+AES-256,5000,4,761,379.7181999980239,0.6600999986403622,2.972599999338854,True,272.9326217736497
RSA+AES-256,5000,4,762,963.7061999965226,0.6979000027058646,2.9789000036544167,True,272.9326217736497
RSA+AES-256,5000,4,763,1153.0102000033366,0.6807999961893074,2.9334999999264255,True,272.9326217736497
RSA+AES-256,5000,4,764,650.8939999985159,0.6553999992320314,2.8851000024587847,True,272.9326217736497
RSA+AES-256,5000,4,765,480.9079000042402,0.676800002111122,2.97320000390755,True,272.9326217736497
RSA+AES-256,5000,4,766,386.16560000082245,0.6922000029589981,2.9781999983242713,True,272.9326217736497
RSA+AES-256,5000,4,767,678.6195000022417,0.6468999999924563,2.8651000029640272,True,272.9326217736497
RSA+AES-256,5000,4,768,293.62399999808986,0.683400001435075,2.996899995196145,True,272.9326217736497
RSA+AES-256,5000,4,769,2194.5083999962662,0.7334000038099475,2.9572999992524274,True,272.9326217736497
RSA+AES-256,5000,4,770,725.9871999995084,0.6935999990673736,2.950999994936865,True,272.9326217736497
RSA+AES-256,5000,4,771,417.5612000035471,0.6489000006695278,2.8686000005109236,True,272.9326217736497
RSA+AES-256,5000,4,772,388.71739999740385,0.665400002617389,2.91060000017751,True,272.9326217736497
RSA+AES-256,5000,4,773,680.9076999998069,0.662200000078883,2.8686000005109236,True,272.9326217736497
RSA+AES-256,5000,4,774,334.0613000036683,0.669299995934125,2.9715000055148266,True,272.9326217736497
RSA+AES-256,5000,4,775,562.0474999959697,0.7132000027922913,3.0157000001054257,True,272.9326217736497
RSA+AES-256,5000,4,776,163.19069999735802,0.6063000037102029,2.9620999994222075,True,272.9326217736497
RSA+AES-256,5000,4,777,839.1041000068071,0.691299996105954,3.0748000062885694,True,272.9326217736497
RSA+AES-256,5000,4,778,1178.1598999950802,0.7302999947569333,2.9387999966274947,True,272.9326217736497
RSA+AES-256,5000,4,779,742.0219000050565,0.6648999988101423,2.9495999988284893,True,272.9326217736497
RSA+AES-256,5000,4,780,580.2845999933197,0.6494000044767745,2.881899999920279,True,272.9326217736497
RSA+AES-256,5000,4,781,1079.5478000000003,0.6701000020257197,3.020299998752307,True,272.9326217736497
RSA+AES-256,5000,4,782,296.87940000439994,0.6238999994820915,3.029799998330418,True,272.9326217736497
RSA+AES-256,5000,4,783,61.579400004120544,0.5757000035373494,2.951599999505561,True,272.9326217736497
RSA+AES-256,5000,4,784,118.77260000619572,0.62929999694461,2.9709000009461306,True,272.9326217736497
RSA+AES-256,5000,4,785,581.7275999943377,0.7235000011860393,2.943999999843072,True,272.9326217736497
RSA+AES-256,5000,4,786,506.3589999990654,0.6607999966945499,2.9680999941774644,True,272.9326217736497
RSA+AES-256,5000,4,787,405.7044000001042,0.6234000029508024,2.9518999945139512,True,272.9326217736497
RSA+AES-256,5000,4,788,218.6915000056615,0.705099999322556,3.1176999982562847,True,272.9326217736497
RSA+AES-256,5000,4,789,1359.6104000025662,0.7115000043995678,2.9141999984858558,True,272.9326217736497
RSA+AES-256,5000,4,790,161.21049999492243,0.6998000026214868,2.987500003655441,True,272.9326217736497
RSA+AES-256,5000,4,791,445.6609000044409,0.687400002789218,2.9863999952794984,True,272.9326217736497
RSA+AES-256,5000,4,792,417.3123000000487,0.6337000013445504,2.8690999970422126,True,272.9326217736497
RSA+AES-256,5000,4,793,589.9237999983598,0.675899995258078,2.953000002889894,True,272.9326217736497
RSA+AES-256,5000,4,794,239.68719999538735,0.6932999967830256,3.065299999434501,True,272.9326217736497
RSA+AES-256,5000,4,795,694.4312999985414,0.8049000025494024,3.5902000017813407,True,272.9326217736497
RSA+AES-256,5000,4,796,525.0649000008707,0.7249000045703724,3.140400003758259,True,272.9326217736497
RSA+AES-256,5000,4,797,753.4349999987171,0.6266999989748001,3.03880000137724,True,272.9326217736497
RSA+AES-256,5000,4,798,290.4816000009305,0.6722000034642406,2.952300004835706,True,272.9326217736497
RSA+AES-256,5000,4,799,608.038000005763,0.6542999981320463,3.028999999514781,True,272.9326217736497
RSA+AES-256,5000,4,800,458.6990000025253,0.6790999977965839,3.038499999092892,True,272.9326217736497
RSA+AES-256,5000,4,801,115.97249999613268,0.6020000000717118,2.933700001449324,True,272.9326217736497
RSA+AES-256,5000,4,802,621.8490999963251,0.6697999997413717,2.964899998914916,True,272.9326217736497
RSA+AES-256,5000,4,803,1478.4616000033566,0.6165000013425015,2.987200001371093,True,272.9326217736497
RSA+AES-256,5000,4,804,526.6870999985258,0.6591999990632758,2.9412000003503636,True,272.9326217736497
RSA+AES-256,5000,4,805,760.7186000022921,0.6986000007600524,2.8912999987369403,True,272.9326217736497
RSA+AES-256,5000,4,806,452.4392999956035,0.6739000018569641,3.0149000012897886,True,272.9326217736497
RSA+AES-256,5000,4,807,859.8237999976845,0.6448999993153848,2.882300002966076,True,272.9326217736497
RSA+AES-256,5000,4,808,575.2093999981298,0.6049999938113615,2.926600005594082,True,272.9326217736497
RSA+AES-256,5000,4,809,254.91019999753917,0.6603999936487526,2.8811000011046417,True,272.9326217736497
RSA+AES-256,5000,4,810,1452.6433999999426,0.6737000003340654,2.8990999999223277,True,272.9326217736497
RSA+AES-256,5000,4,811,293.80400000081863,0.637100005405955,2.959400000690948,True,272.9326217736497
RSA+AES-256,5000,4,812,970.1033000019379,0.6642000007559545,2.8877000004285946,True,272.9326217736497
RSA+AES-256,5000,4,813,335.9627999961958,0.6829000049037859,2.919400001701433,True,272.9326217736497
RSA+AES-256,5000,4,814,1410.616699999082,0.6436000039684586,2.938400000857655,True,272.9326217736497
RSA+AES-256,5000,4,815,456.06689999840455,0.6815000015194528,3.0059000055189244,True,272.9326217736497
RSA+AES-256,5000,4,816,1405.3789999961737,0.7005000006756745,2.997499999764841,True,272.9326217736497
RSA+AES-256,5000,4,817,1269.420299999183,0.6863000016892329,2.894000004744157,True,272.9326217736497
RSA+AES-256,5000,4,818,318.08940000337316,0.6769999963580631,2.9606999960378744,True,272.9326217736497
RSA+AES-256,5000,4,819,362.6723999987007,0.6799999973736703,2.9379999978118576,True,272.9326217736497
RSA+AES-256,5000,4,820,670.9354999984498,0.7072000007610768,2.9001000002608635,True,272.9326217736497
RSA+AES-256,5000,4,821,655.8431000012206,0.7145999989006668,2.945199994428549,True,272.9326217736497
RSA+AES-256,5000,4,822,189.8153999936767,0.6577999956789427,3.0336999989231117,True,272.9326217736497
RSA+AES-256,5000,4,823,193.97179999941727,0.6524999989778735,2.9569999969680794,True,272.9326217736497
RSA+AES-256,5000,4,824,466.300100000808,0.6155000010039657,3.010699998412747,True,272.9326217736497
RSA+AES-256,5000,4,825,1309.8019000026397,0.6656999976257794,2.9977000012877397,True,272.9326217736497
RSA+AES-256,5000,4,826,525.7754000049317,0.6619999985559843,2.9891000012867153,True,272.9326217736497
RSA+AES-256,5000,4,827,301.4541000011377,0.6916000056662597,3.0030999987502582,True,272.9326217736497
RSA+AES-256,5000,4,828,186.99909999850206,0.6525999997393228,2.893299999414012,True,272.9326217736497
RSA+AES-256,5000,4,829,525.7084999975632,0.6675000040559098,2.9413999945973046,True,272.9326217736497
RSA+AES-256,5000,4,830,2057.9884000035236,0.7328000065172091,3.004099999088794,True,272.9326217736497
RSA+AES-256,5000,4,831,750.7056999966153,0.6896999984746799,2.923000000009779,True,272.9326217736497
RSA+AES-256,5000,4,832,483.98209999868413,0.680800003465265,3.059499998926185,True,272.9326217736497
RSA+AES-256,5000,4,833,981.5117999969516,0.6751999972038902,2.9862000010325573,True,272.9326217736497
RSA+AES-256,5000,4,834,1380.8626999962144,0.6559000030392781,2.9384999943431467,True,272.9326217736497
RSA+AES-256,5000,4,835,1376.8586000005598,0.6806999954278581,2.9051000019535422,True,272.9326217736497
RSA+AES-256,5000,4,836,181.74780000117607,0.6062000029487535,2.9877999986638315,True,272.9326217736497
RSA+AES-256,5000,4,837,282.97960000054445,0.6604000009247102,2.912899995862972,True,272.9326217736497
RSA+AES-256,5000,4,838,441.88649999705376,0.6586000017705373,3.1077999956323765,True,272.9326217736497
RSA+AES-256,5000,4,839,301.42830000113463,0.6917999999132007,2.9998000027262606,True,272.9326217736497
RSA+AES-256,5000,4,840,263.9326000062283,0.6791999985580333,3.034800000023097,True,272.9326217736497
RSA+AES-256,5000,4,841,720.2178000006825,0.6423000013455749,3.307999999378808,True,272.9326217736497
RSA+AES-256,5000,4,842,324.2924000005587,0.6542999981320463,2.978099997562822,True,272.9326217736497
RSA+AES-256,5000,4,843,1190.1854000025196,0.6699000005028211,2.863699999579694,True,272.9326217736497
RSA+AES-256,5000,4,844,2280.9011000063037,0.6644000022788532,2.9008999990765005,True,272.9326217736497
RSA+AES-256,5000,4,845,1201.0863999967114,0.6387000030372292,2.9863999952794984,True,272.9326217736497
RSA+AES-256,5000,4,846,579.4046000009985,0.6703999970341101,2.941900005680509,True,272.9326217736497
RSA+AES-256,5000,4,847,935.7571000000462,0.6626000031246804,2.90099999983795,True,272.9326217736497
RSA+AES-256,5000,4,848,1393.8090000010561,0.654800001939293,3.1127000038395636,True,272.9326217736497
RSA+AES-256,5000,4,849,871.8045999994501,0.6549000027007423,2.933799994934816,True,272.9326217736497
RSA+AES-256,5000,4,850,1108.73569999967,0.6720000019413419,3.053699998417869,True,272.9326217736497
RSA+AES-256,5000,4,851,735.4666999963229,0.6692000024486333,2.98099999781698,True,272.9326217736497
RSA+AES-256,5000,4,852,549.6870999995735,0.6695000047329813,3.217599994968623,True,272.9326217736497
RSA+AES-256,5000,4,853,1351.3970999993035,0.6945999994059093,2.8762000001734123,True,272.9326217736497
RSA+AES-256,5000,4,854,564.6215000015218,0.6675000040559098,2.924899999925401,True,272.9326217736497
RSA+AES-256,5000,4,855,760.73290000204,0.66559999686433,2.9575999942608178,True,272.9326217736497
RSA+AES-256,5000,4,856,575.2961000034702,0.6953999982215464,2.9892000020481646,True,272.9326217736497
RSA+AES-256,5000,4,857,1075.9830999959377,0.6659999999101274,2.966900006867945,True,272.9326217736497
RSA+AES-256,5000,4,858,1451.778499998909,0.6635000027017668,2.960400001029484,True,272.9326217736497
RSA+AES-256,5000,4,859,1151.8544999998994,0.6419000055757351,2.9647999981534667,True,272.9326217736497
RSA+AES-256,5000,4,860,381.12720000208355,0.611100003879983,2.9758999953628518,True,272.9326217736497
RSA+AES-256,5000,4,861,183.64880000444828,0.6301999965216964,2.960899997560773,True,272.9326217736497
RSA+AES-256,5000,4,862,159.9599000037415,0.5961000060779043,2.8664999990724027,True,272.9326217736497
RSA+AES-256,5000,4,863,1025.820199996815,0.6642000007559545,2.9572000057669356,True,272.9326217736497
RSA+AES-256,5000,4,864,441.04630000219913,0.6457000054069795,2.8612000023713335,True,272.9326217736497
RSA+AES-256,5000,4,865,834.5566000061808,0.6822999930591322,3.012599998328369,True,272.9326217736497
RSA+AES-256,5000,4,866,380.05320000229403,0.6950000024517067,2.953800001705531,True,272.9326217736497
RSA+AES-256,5000,4,867,537.2958000007202,0.6828000041423365,2.917800004070159,True,272.9326217736497
RSA+AES-256,5000,4,868,382.30920000205515,0.8085000008577481,2.9847000041627325,True,272.9326217736497
RSA+AES-256,5000,4,869,207.96580000023823,0.6303000045591034,2.887800001190044,True,272.9326217736497
RSA+AES-256,5000,4,870,565.6755000018165,0.625100001343526,3.0120000010356307,True,272.9326217736497
RSA+AES-256,5000,4,871,686.6892999969423,0.6241999944904819,3.045999997993931,True,272.9326217736497
RSA+AES-256,5000,4,872,193.9399000038975,0.675899995258078,2.916599994932767,True,272.9326217736497
RSA+AES-256,5000,4,873,1369.2540999982157,0.6814000007580034,2.9275999986566603,True,272.9326217736497
RSA+AES-256,5000,4,874,1485.417600000801,0.6172000066726469,2.9837999973096885,True,272.9326217736497
RSA+AES-256,5000,4,875,169.68610000185436,0.65080000058515,2.8734000006807037,True,272.9326217736497
RSA+AES-256,5000,4,876,750.0337000019499,0.6674000032944605,2.8901000041514635,True,272.9326217736497
RSA+AES-256,5000,4,877,357.24439999466995,0.6749000021954998,2.9610999990836717,True,272.9326217736497
RSA+AES-256,5000,4,878,461.8296000044211,0.6726999999955297,2.8913999994983897,True,272.9326217736497
RSA+AES-256,5000,4,879,887.8119000000879,0.6592000063392334,2.886300004320219,True,272.9326217736497
RSA+AES-256,5000,4,880,1110.007700001006,0.6796000016038306,2.9847999976482242,True,272.9326217736497
RSA+AES-256,5000,4,881,641.0380000015721,0.6694999974570237,2.889399998821318,True,272.9326217736497
RSA+AES-256,5000,4,882,445.4755999977351,0.6101000035414472,2.9530999963753857,True,272.9326217736497
RSA+AES-256,5000,4,883,1357.5940000009723,0.669100001687184,2.9357000021263957,True,272.9326217736497
RSA+AES-256,5000,4,884,196.44529999641236,0.6551999977091327,3.140900000289548,True,272.9326217736497
RSA+AES-256,5000,4,885,607.0962000012514,0.6487999999080785,2.8763000009348616,True,272.9326217736497
RSA+AES-256,5000,4,886,377.83679999847664,0.6881999943288974,2.984999999171123,True,272.9326217736497
RSA+AES-256,5000,4,887,941.9848999968963,0.680800003465265,2.938700003142003,True,272.9326217736497
RSA+AES-256,5000,4,888,697.6241000011214,0.639899997622706,2.975499999593012,True,272.9326217736497
RSA+AES-256,5000,4,889,1215.500799997244,0.6857000043964945,3.0010999980731867,True,272.9326217736497
RSA+AES-256,5000,4,890,551.8668000004254,0.6898999999975786,2.918600002885796,True,272.9326217736497
RSA+AES-256,5000,4,891,556.6812999968533,0.6791999985580333,3.015000002051238,True,272.9326217736497
RSA+AES-256,5000,4,892,780.2937000014936,0.6881000008434057,2.980800003570039,True,272.9326217736497
RSA+AES-256,5000,4,893,333.5108000028413,0.6781000047340058,2.9284999982337467,True,272.9326217736497
RSA+AES-256,5000,4,894,1039.7140000059153,0.6773999994038604,2.893799995945301,True,272.9326217736497
RSA+AES-256,5000,4,895,1055.413000001863,0.6903000030433759,2.9969000024721026,True,272.9326217736497
RSA+AES-256,5000,4,896,720.4853999937768,0.7952999949338846,3.012400004081428,True,272.9326217736497
RSA+AES-256,5000,4,897,1916.973200000939,0.6996000010985881,2.9971000039950013,True,272.9326217736497
RSA+AES-256,5000,4,898,749.2507999995723,0.679899996612221,3.0345000050147064,True,272.9326217736497
RSA+AES-256,5000,4,899,282.8139000048395,0.65819999872474,2.9240000003483146,True,272.9326217736497
RSA+AES-256,5000,4,900,1508.035500002734,0.7142000031308271,2.8726000018650666,True,272.9326217736497
RSA+AES-256,5000,4,901,680.6558000025689,0.6701000020257197,2.9991999981575646,True,272.9326217736497
RSA+AES-256,5000,4,902,906.1055999991368,0.6356000012601726,2.9467999993357807,True,272.9326217736497
RSA+AES-256,5000,4,903,369.6073000028264,0.647900000330992,2.95689999620663,True,272.9326217736497
RSA+AES-256,5000,4,904,1129.0771999993012,0.6656000041402876,2.899999999499414,True,272.9326217736497
RSA+AES-256,5000,4,905,217.41000000474742,0.6584000002476387,2.8626999992411584,True,272.9326217736497
RSA+AES-256,5000,4,906,792.1453000017209,0.6538000016007572,2.890399999159854,True,272.9326217736497
RSA+AES-256,5000,4,907,500.20670000230893,0.6751999972038902,2.983999998832587,True,272.9326217736497
RSA+AES-256,5000,4,908,373.79689999943366,0.6655000033788383,2.9030000005150214,True,272.9326217736497
RSA+AES-256,5000,4,909,581.6979999945033,0.6807999961893074,2.9524000055971555,True,272.9326217736497
RSA+AES-256,5000,4,910,301.4454999938607,0.6439999997382984,2.8813000026275404,True,272.9326217736497
RSA+AES-256,5000,4,911,848.9921000000322,0.687400002789218,2.9461999947670847,True,272.9326217736497
RSA+AES-256,5000,4,912,76.19120000163093,0.6013000020175241,2.909000002546236,True,272.9326217736497
RSA+AES-256,5000,4,913,829.5415000029607,0.7026000021141954,2.9837999973096885,True,272.9326217736497
RSA+AES-256,5000,4,914,1340.8210999987205,0.6609999982174486,2.925900000263937,True,272.9326217736497
RSA+AES-256,5000,4,915,958.0207000035443,0.6589000040548854,2.9455999974743463,True,272.9326217736497
RSA+AES-256,5000,4,916,879.2373999967822,0.6495999987237155,2.9012000013608485,True,272.9326217736497
RSA+AES-256,5000,4,917,235.7525000043097,0.6905000045662746,2.9429999995045364,True,272.9326217736497
RSA+AES-256,5000,4,918,641.6574000031687,0.6649999995715916,2.988300002471078,True,272.9326217736497
RSA+AES-256,5000,4,919,279.59659999760333,0.6059000006644055,2.9131000046618283,True,272.9326217736497
RSA+AES-256,5000,4,920,235.3575000015553,0.6290000019362196,2.9342999987420626,True,272.9326217736497
RSA+AES-256,5000,4,921,384.28579999890644,0.6027999988873489,2.895699995860923,True,272.9326217736497
RSA+AES-256,5000,4,922,1062.551999995776,0.6732000038027763,2.911399998993147,True,272.9326217736497
RSA+AES-256,5000,4,923,1566.5298000021721,0.6787000020267442,2.9837999973096885,True,272.9326217736497
RSA+AES-256,5000,4,924,771.5076999957091,0.6586000017705373,2.8891999972984195,True,272.9326217736497
RSA+AES-256,5000,4,925,744.4527999978163,0.6020000000717118,2.972599999338854,True,272.9326217736497
RSA+AES-256,5000,4,926,837.848800001666,0.7082000010996126,2.9165000014472753,True,272.9326217736497
RSA+AES-256,5000,4,927,634.3629000039073,0.7005000006756745,3.0464000010397285,True,272.9326217736497
RSA+AES-256,5000,4,928,1019.8516000018572,0.6644000022788532,2.979999997478444,True,272.9326217736497
RSA+AES-256,5000,4,929,480.0067000032868,0.6845999960205518,2.871799995773472,True,272.9326217736497
RSA+AES-256,5000,4,930,1041.6886000020895,0.6426999971154146,2.9844000018783845,True,272.9326217736497
RSA+AES-256,5000,4,931,441.167700002552,0.676800002111122,3.228600005968474,True,272.9326217736497
RSA+AES-256,5000,4,932,1104.8832000014954,0.6180000054882839,3.0359999946085736,True,272.9326217736497
RSA+AES-256,5000,4,933,447.3283999977866,0.672800000756979,2.957500000775326,True,272.9326217736497
RSA+AES-256,5000,4,934,289.3139999941923,0.6648999988101423,2.9070000018691644,True,272.9326217736497
RSA+AES-256,5000,4,935,854.5933999994304,0.6742999976268038,3.2235000035143457,True,272.9326217736497
RSA+AES-256,5000,4,936,742.8208999990602,0.6806999954278581,3.202499996405095,True,272.9326217736497
RSA+AES-256,5000,4,937,900.4141999976127,0.6542000046465546,2.8986000033910386,True,272.9326217736497
RSA+AES-256,5000,4,938,607.4033999975654,0.6802999996580184,2.942899998743087,True,272.9326217736497
RSA+AES-256,5000,4,939,1455.8629000021028,0.6656999976257794,2.9224000027170405,True,272.9326217736497
RSA+AES-256,5000,4,940,837.2751999995671,0.705099999322556,3.0017000026418827,True,272.9326217736497
RSA+AES-256,5000,4,941,666.6305000035209,0.6785000005038455,2.976600000692997,True,272.9326217736497
RSA+AES-256,5000,4,942,221.6658000033931,0.7066999969538301,2.995700000610668,True,272.9326217736497
RSA+AES-256,5000,4,943,512.1013999960269,0.6732999972882681,3.198099999281112,True,272.9326217736497
RSA+AES-256,5000,4,944,411.08579999854555,0.6706999993184581,3.0139999944367446,True,272.9326217736497
RSA+AES-256,5000,4,945,776.1406999998144,0.7125000047381036,3.0174999992595986,True,272.9326217736497
RSA+AES-256,5000,4,946,862.8699000037159,0.6710000016028062,2.9823000004398637,True,272.9326217736497
RSA+AES-256,5000,4,947,328.32849999977043,0.6386000022757798,2.8732999999192543,True,272.9326217736497
RSA+AES-256,5000,4,948,703.5060999987763,0.7292000009329058,2.9269000006024726,True,272.9326217736497
RSA+AES-256,5000,4,949,440.74629999522585,0.680500001180917,2.9159999976400286,True,272.9326217736497
RSA+AES-256,5000,4,950,344.6555999980774,0.5909999963478185,2.9569000034825876,True,272.9326217736497
RSA+AES-256,5000,4,951,1496.56590000086,0.6747000006726012,2.892799995606765,True,272.9326217736497
RSA+AES-256,5000,4,952,769.475599998259,0.6578000029549003,2.89840000186814,True,272.9326217736497
RSA+AES-256,5000,4,953,965.9374999973807,0.6510000021080486,2.9197000039857812,True,272.9326217736497
RSA+AES-256,5000,4,954,339.48119999695336,0.6494000044767745,2.870699994673487,True,272.9326217736497
RSA+AES-256,5000,4,955,256.5807999999379,0.6396999960998073,2.912399999331683,True,272.9326217736497
RSA+AES-256,5000,4,956,319.8661000060383,0.6576000014320016,2.980199999001343,True,272.9326217736497
RSA+AES-256,5000,4,957,390.0477999995928,0.6706999993184581,2.9291000028024428,True,272.9326217736497
RSA+AES-256,5000,4,958,610.5610999948112,0.6465000042226166,2.8868000008515082,True,272.9326217736497
RSA+AES-256,5000,4,959,1032.1555999980774,0.7038999974611215,2.911600000516046,True,272.9326217736497
RSA+AES-256,5000,4,960,651.1508999974467,0.6428999986383133,2.8920000040670857,True,272.9326217736497
RSA+AES-256,5000,4,961,1136.9687999977032,0.6569999968633056,2.883199995267205,True,272.9326217736497
RSA+AES-256,5000,4,962,204.85990000452148,0.6420999998226762,2.9575999942608178,True,272.9326217736497
RSA+AES-256,5000,4,963,283.7292999975034,0.6428999986383133,3.0852000054437667,True,272.9326217736497
RSA+AES-256,5000,4,964,318.3712999962154,0.6054999976186082,2.8667000005953014,True,272.9326217736497
RSA+AES-256,5000,4,965,820.6891000008909,0.6624999950872734,2.8949999978067353,True,272.9326217736497
RSA+AES-256,5000,4,966,778.5755000004428,0.7535999975516461,2.9792999994242564,True,272.9326217736497
RSA+AES-256,5000,4,967,375.7975000044098,0.643599996692501,3.2906999986153096,True,272.9326217736497
RSA+AES-256,5000,4,968,681.3828000013018,0.6883000023663044,3.174800003762357,True,272.9326217736497
RSA+AES-256,5000,4,969,276.60959999775514,0.6790000043110922,3.0167000004439615,True,272.9326217736497
RSA+AES-256,5000,4,970,1402.4475999976858,0.687899999320507,2.9426000037346967,True,272.9326217736497
RSA+AES-256,5000,4,971,148.22889999777544,0.6202000004122965,2.878900006180629,True,272.9326217736497
RSA+AES-256,5000,4,972,887.9798000052688,0.6800999981351197,2.9694999975617975,True,272.9326217736497
RSA+AES-256,5000,4,973,570.4564999978174,0.687400002789218,3.0108999999356456,True,272.9326217736497
RSA+AES-256,5000,4,974,899.2853000017931,0.6782999989809468,3.649700003734324,True,272.9326217736497
RSA+AES-256,5000,4,975,1901.8871000007493,0.6723000042256899,2.887499998905696,True,272.9326217736497
RSA+AES-256,5000,4,976,744.2205000043032,0.6422999940696172,2.9209000058472157,True,272.9326217736497
RSA+AES-256,5000,4,977,350.25459999451414,0.6504000048153102,3.1501999983447604,True,272.9326217736497
RSA+AES-256,5000,4,978,694.3690999978571,0.6811999992351048,2.9378999970504083,True,272.9326217736497
RSA+AES-256,5000,4,979,907.3682000016561,0.6815000015194528,3.044099998078309,True,272.9326217736497
RSA+AES-256,5000,4,980,372.5491000004695,0.6789000035496429,2.930500006186776,True,272.9326217736497
RSA+AES-256,5000,4,981,1096.0964000041713,0.7064000019454397,2.9276999994181097,True,272.9326217736497
RSA+AES-256,5000,4,982,669.6940999972867,0.6582999994861893,3.0999000009614974,True,272.9326217736497
RSA+AES-256,5000,4,983,672.9783999981009,0.691400004143361,2.9452999951899983,True,272.9326217736497
RSA+AES-256,5000,4,984,181.83719999797177,0.6222999945748597,2.965899999253452,True,272.9326217736497
RSA+AES-256,5000,4,985,196.45859999582171,0.6541000038851053,2.9932999968877994,True,272.9326217736497
RSA+AES-256,5000,4,986,378.28759999683825,0.7141000023693778,2.9672999953618273,True,272.9326217736497
RSA+AES-256,5000,4,987,380.21309999749064,0.6997000018600374,3.024199999345001,True,272.9326217736497
RSA+AES-256,5000,4,988,573.9145999978064,0.6573999999091029,2.930399998149369,True,272.9326217736497
RSA+AES-256,5000,4,989,2007.147399999667,0.676199997542426,2.9451000009430572,True,272.9326217736497
RSA+AES-256,5000,4,990,789.5605000012438,0.6529000020236708,2.9004000025452115,True,272.9326217736497
RSA+AES-256,5000,4,991,838.5775999995531,0.6685999978799373,3.144000002066605,True,272.9326217736497
RSA+AES-256,5000,4,992,548.5020000051009,0.6949000016902573,2.9262999960337766,True,272.9326217736497
RSA+AES-256,5000,4,993,1550.0866999936989,0.6824000010965392,2.9892999955336563,True,272.9326217736497
RSA+AES-256,5000,4,994,531.9264999998268,0.665299994579982,2.914100005000364,True,272.9326217736497
RSA+AES-256,5000,4,995,273.1342000042787,0.6563999995705672,2.965599996969104,True,272.9326217736497
RSA+AES-256,5000,4,996,1094.1862999970908,0.6644000022788532,2.913999996962957,True,272.9326217736497
RSA+AES-256,5000,4,997,719.5415000023786,0.7163999980548397,3.005500002473127,True,272.9326217736497
RSA+AES-256,5000,4,998,915.6913999977405,0.6510000021080486,2.970699999423232,True,272.9326217736497
RSA+AES-256,5000,4,999,401.6247000035946,0.6846000032965094,2.966399995784741,True,272.9326217736497
RSA+AES-256,5000,4,1000,669.5834999991348,0.6987999950069934,3.0087999984971248,True,272.9326217736497
RSA+AES-256,5000,4,1001,1617.8226999982144,0.6888999996590428,3.1103000001166947,True,272.9326217736497
RSA+AES-256,5000,4,1002,568.5711999976775,0.6133999995654449,2.940300000773277,True,272.9326217736497
RSA+AES-256,5000,4,1003,697.1532000025036,0.6776000009267591,2.987200001371093,True,272.9326217736497
RSA+AES-256,5000,4,1004,213.22370000416413,0.6786000012652948,3.1057000014698133,True,272.9326217736497
RSA+AES-256,5000,4,1005,329.8916000057943,0.6493999972008169,2.9113000055076554,True,272.9326217736497
RSA+AES-256,5000,4,1006,225.45269999682205,0.6345999936456792,2.907500005676411,True,272.9326217736497
RSA+AES-256,5000,4,1007,133.4225999962655,0.6551999977091327,2.9719000012846664,True,272.9326217736497
RSA+AES-256,5000,4,1008,1381.6088999956264,0.6729000015184283,3.269900000304915,True,272.9326217736497
RSA+AES-256,5000,4,1009,474.20839999540476,0.6099000020185485,2.955299998575356,True,272.9326217736497
RSA+AES-256,5000,4,1010,121.0164000003715,0.6006999974488281,2.9667000053450465,True,272.9326217736497
RSA+AES-256,5000,4,1011,589.4764000040595,0.6653000018559396,2.936999997473322,True,272.9326217736497
RSA+AES-256,5000,4,1012,214.84849999978906,0.6393000003299676,2.9605000017909333,True,272.9326217736497
RSA+AES-256,5000,4,1013,348.6990000019432,0.6790999977965839,3.3499999990453944,True,272.9326217736497
RSA+AES-256,5000,4,1014,911.0278999942238,0.7438999964506365,3.093500003160443,True,272.9326217736497
RSA+AES-256,5000,4,1015,285.12290000071516,0.6827000033808872,3.002600002218969,True,272.9326217736497
RSA+AES-256,5000,4,1016,503.11089999740943,0.7266999964485876,2.997000003233552,True,272.9326217736497
RSA+AES-256,5000,4,1017,522.5866999971913,0.7169000018620864,3.041800002392847,True,272.9326217736497
RSA+AES-256,5000,4,1018,644.158699993568,0.6801000054110773,2.9502000033971854,True,272.9326217736497
RSA+AES-256,5000,4,1019,317.9515000010724,0.6673000025330111,2.930399998149369,True,272.9326217736497
RSA+AES-256,5000,4,1020,161.06349999608938,0.6399999983841553,3.074100000958424,True,272.9326217736497
RSA+AES-256,5000,4,1021,267.45999999548076,0.6589999975403771,2.984800004924182,True,272.9326217736497
RSA+AES-256,5000,4,1022,1034.7000999972806,0.691100001859013,2.948000001197215,True,272.9326217736497
RSA+AES-256,5000,4,1023,941.1302000007709,0.6744999991497025,2.948000001197215,True,272.9326217736497
RSA+AES-256,5000,4,1024,1773.3440000010887,0.6303999980445951,2.950799993413966,True,272.9326217736497
RSA+AES-256,5000,4,1025,288.0940000031842,0.6417000040528364,2.9018999994150363,True,272.9326217736497
RSA+AES-256,5000,4,1026,1358.921900005953,0.6616000027861446,2.9275000051711686,True,272.9326217736497
RSA+AES-256,5000,4,1027,589.7823000050266,0.6640999999945052,2.929200003563892,True,272.9326217736497
RSA+AES-256,5000,4,1028,225.453800005198,0.6347000016830862,2.8798999992432073,True,272.9326217736497
RSA+AES-256,5000,4,1029,148.22149999963585,0.60710000252584,2.9496999995899387,True,272.9326217736497
RSA+AES-256,5000,4,1030,384.3108000000939,0.6031999946571887,2.9715999990003183,True,272.9326217736497
RSA+AES-256,5000,4,1031,1560.5463999963831,0.6673000025330111,2.9842999938409775,True,272.9326217736497
RSA+AES-256,5000,4,1032,1923.3719000039855,0.6061000021873042,2.9770000037387945,True,272.9326217736497
RSA+AES-256,5000,4,1033,366.2553999965894,0.6978000019444153,3.027399994607549,True,272.9326217736497
RSA+AES-256,5000,4,1034,442.53590000153054,0.7018000032985583,2.911600000516046,True,272.9326217736497
RSA+AES-256,5000,4,1035,871.4896999954362,0.6859999994048849,3.0791999961365946,True,272.9326217736497
RSA+AES-256,5000,4,1036,623.2582000011462,0.6543999988934956,2.9861999937565997,True,272.9326217736497
RSA+AES-256,5000,4,1037,684.2190000024857,0.687899999320507,2.9060000015306287,True,272.9326217736497
RSA+AES-256,5000,4,1038,571.1144000015338,0.681100005749613,2.957999997306615,True,272.9326217736497
RSA+AES-256,5000,4,1039,691.3792999985162,0.7031999994069338,3.060199996980373,True,272.9326217736497
RSA+AES-256,5000,4,1040,248.531199998979,0.6567000018549152,2.9598000037367456,True,272.9326217736497
RSA+AES-256,5000,4,1041,930.1788000011584,0.6992999988142401,2.8880000027129427,True,272.9326217736497
RSA+AES-256,5000,4,1042,1162.87359999842,0.6623000008403324,2.9161999991629273,True,272.9326217736497
RSA+AES-256,5000,4,1043,714.7620000032475,0.7016999952611513,3.125899995211512,True,272.9326217736497
RSA+AES-256,5000,4,1044,366.6233000039938,0.6886000046506524,2.895500001613982,True,272.9326217736497
RSA+AES-256,5000,4,1045,563.9486000000034,0.6874999962747097,2.9041000016150065,True,272.9326217736497
RSA+AES-256,5000,4,1046,1234.1409000000567,0.6809999977122061,2.9159999976400286,True,272.9326217736497
RSA+AES-256,5000,4,1047,725.4824999981793,0.6693999966955744,2.938400000857655,True,272.9326217736497
RSA+AES-256,5000,4,1048,673.2517999989795,0.6597000028705224,2.8938000032212585,True,272.9326217736497
RSA+AES-256,5000,4,1049,746.8036999998731,0.6785999939893372,3.027599996130448,True,272.9326217736497
RSA+AES-256,5000,4,1050,1500.104900005681,0.6979000027058646,2.98359999578679,True,272.9326217736497
RSA+AES-256,5000,4,1051,1479.5956000016304,0.6666999979643151,2.929399997810833,True,272.9326217736497
RSA+AES-256,5000,4,1052,278.1590000013239,0.6605000016861595,2.8803999957744963,True,272.9326217736497
RSA+AES-256,5000,4,1053,1006.8010999966646,0.6506999998237006,2.91060000017751,True,272.9326217736497
RSA+AES-256,5000,4,1054,330.32449999882374,0.6928000002517365,2.9389999981503934,True,272.9326217736497
RSA+AES-256,5000,4,1055,128.72779999452177,0.6338000021059997,2.9848999984096736,True,272.9326217736497
RSA+AES-256,5000,4,1056,282.60020000016084,0.6080000021029264,2.9616000028909184,True,272.9326217736497
RSA+AES-256,5000,4,1057,587.8057999943849,0.6228999991435558,3.020600001036655,True,272.9326217736497
RSA+AES-256,5000,4,1058,201.55939999676775,0.6649999995715916,3.095799998845905,True,272.9326217736497
RSA+AES-256,5000,4,1059,585.5859000002965,0.7035999951767735,3.049899998586625,True,272.9326217736497
RSA+AES-256,5000,4,1060,1196.8101999955252,0.6798000031267293,3.920200004358776,True,272.9326217736497
RSA+AES-256,5000,4,1061,140.8884999982547,0.661899997794535,2.958600001875311,True,272.9326217736497
RSA+AES-256,5000,4,1062,800.5374999993364,0.6528000012622215,2.8923999998369254,True,272.9326217736497
RSA+AES-256,5000,4,1063,1161.7174000057275,0.6722000034642406,2.9782999990857206,True,272.9326217736497
RSA+AES-256,5000,4,1064,1298.3744000011939,0.7077999980538152,2.9633999947691336,True,272.9326217736497
RSA+AES-256,5000,4,1065,560.5414999954519,0.6887999988975935,2.9180000055930577,True,272.9326217736497
RSA+AES-256,5000,4,1066,1781.6256000005524,0.705400001606904,2.9536000001826324,True,272.9326217736497
RSA+AES-256,5000,4,1067,806.8234000020311,0.7066999969538301,3.035200003068894,True,272.9326217736497
RSA+AES-256,5000,4,1068,385.3289000035147,0.6605000016861595,2.9792999994242564,True,272.9326217736497
RSA+AES-256,5000,4,1069,1109.689700002491,0.6358000027830712,3.0413999993470497,True,272.9326217736497
RSA+AES-256,5000,4,1070,481.53829999500886,0.7008000029600225,2.956399999675341,True,272.9326217736497
RSA+AES-256,5000,4,1071,1894.819399996777,0.6246999982977286,2.9625999959534965,True,272.9326217736497
RSA+AES-256,5000,4,1072,558.1211000026087,0.6664999964414164,2.9264999975566752,True,272.9326217736497
RSA+AES-256,5000,4,1073,633.2690999988699,0.6816000022809021,3.0085000034887344,True,272.9326217736497
RSA+AES-256,5000,4,1074,909.9176000017906,0.6835000021965243,2.9460000005201437,True,272.9326217736497
RSA+AES-256,5000,4,1075,604.6743000042625,0.6757000010111369,2.9800999982398935,True,272.9326217736497
RSA+AES-256,5000,4,1076,1229.4541000010213,0.6978000019444153,2.93690000398783,True,272.9326217736497
RSA+AES-256,5000,4,1077,217.6603999978397,0.67710000439547,2.879300001950469,True,272.9326217736497
RSA+AES-256,5000,4,1078,1950.8571000042139,0.7038999974611215,2.977099997224286,True,272.9326217736497
RSA+AES-256,5000,4,1079,1259.667600003013,0.677400006679818,3.2304000051226467,True,272.9326217736497
RSA+AES-256,5000,4,1080,430.3570999982185,0.653899995086249,2.940499995020218,True,272.9326217736497
RSA+AES-256,5000,4,1081,475.5074999993667,0.6921999956830405,2.8843000036431476,True,272.9326217736497
RSA+AES-256,5000,4,1082,599.3270999970264,0.6642000007559545,2.955600000859704,True,272.9326217736497
RSA+AES-256,5000,4,1083,600.0992999979644,0.6979999961913563,2.9664000030606985,True,272.9326217736497
RSA+AES-256,5000,4,1084,1046.7456000042148,0.6506999998237006,3.15950000367593,True,272.9326217736497
RSA+AES-256,5000,4,1085,874.3437000011909,0.6864000024506822,3.443500005232636,True,272.9326217736497
RSA+AES-256,5000,4,1086,845.6016999989515,0.6702000027871691,2.9657999984920025,True,272.9326217736497
RSA+AES-256,5000,4,1087,662.546100000327,0.6806999954278581,2.911099996708799,True,272.9326217736497
RSA+AES-256,5000,4,1088,167.76019999815617,0.6240000002435409,2.87910000042757,True,272.9326217736497
RSA+AES-256,5000,4,1089,1027.4196000027587,0.683599995682016,2.8925999940838665,True,272.9326217736497
RSA+AES-256,5000,4,1090,178.6980999968364,0.6189000050653704,2.884900000935886,True,272.9326217736497
RSA+AES-256,5000,4,1091,674.8918000012054,0.6869999997434206,2.8910999972140417,True,272.9326217736497
RSA+AES-256,5000,4,1092,890.7403000048362,0.6805999946664087,2.962300000945106,True,272.9326217736497
RSA+AES-256,5000,4,1093,680.2872999978717,0.6699000005028211,2.991699999256525,True,272.9326217736497
RSA+AES-256,5000,4,1094,627.1097999997437,0.668799999402836,2.899899998737965,True,272.9326217736497
RSA+AES-256,5000,4,1095,579.2298999949708,0.6692000024486333,2.971600006276276,True,272.9326217736497
RSA+AES-256,5000,4,1096,1316.2174000026425,0.6904000038048252,3.1999000057112426,True,272.9326217736497
RSA+AES-256,5000,4,1097,383.3113000000594,0.6812999999965541,2.960400001029484,True,272.9326217736497
RSA+AES-256,5000,4,1098,317.8890999988653,0.778300003730692,2.9892000020481646,True,272.9326217736497
RSA+AES-256,5000,4,1099,693.7981000010041,0.6760999967809767,2.9966000001877546,True,272.9326217736497
RSA+AES-256,5000,4,1100,1353.7648000055924,0.6863999951747246,3.454300000157673,True,272.9326217736497
RSA+AES-256,5000,4,1101,470.51680000004126,0.6609999982174486,2.9422000006888993,True,272.9326217736497
RSA+AES-256,5000,4,1102,132.0787999939057,0.6613999939872883,2.976999996462837,True,272.9326217736497
RSA+AES-256,5000,4,1103,632.7024000056554,0.66559999686433,3.1388999996124767,True,272.9326217736497
RSA+AES-256,5000,4,1104,1417.870800003584,0.6166000021039508,3.002999997988809,True,272.9326217736497
RSA+AES-256,5000,4,1105,717.9933000006713,0.6425999963539653,2.9860000067856163,True,272.9326217736497
RSA+AES-256,5000,4,1106,776.4998000056949,0.6495999987237155,2.9414000018732622,True,272.9326217736497
RSA+AES-256,5000,4,1107,662.6594000044861,0.6678000063402578,2.944500003650319,True,272.9326217736497
RSA+AES-256,5000,4,1108,1779.7940999953425,0.6852000005892478,2.9614000013680197,True,272.9326217736497
RSA+AES-256,5000,4,1109,719.0210000044317,0.6750999964424409,2.8935000009369105,True,272.9326217736497
RSA+AES-256,5000,4,1110,2029.9102999997558,0.67710000439547,2.94949999806704,True,272.9326217736497
RSA+AES-256,5000,4,1111,865.7335999960196,0.6604000009247102,2.9225999969639815,True,272.9326217736497
RSA+AES-256,5000,4,1112,628.7893999979133,0.65080000058515,2.9158000033930875,True,272.9326217736497
RSA+AES-256,5000,4,1113,926.9239000059315,0.6978000019444153,2.9970999967190437,True,272.9326217736497
RSA+AES-256,5000,4,1114,338.0999000000884,0.6854999955976382,2.9940000022179447,True,272.9326217736497
RSA+AES-256,5000,4,1115,861.2160999982734,0.6759999960195273,2.9694999975617975,True,272.9326217736497
RSA+AES-256,5000,4,1116,724.7167000023182,0.6685999978799373,2.8854000047431327,True,272.9326217736497
RSA+AES-256,5000,4,1117,268.3662000054028,0.6700999947497621,3.016100003151223,True,272.9326217736497
RSA+AES-256,5000,4,1118,864.0680000025895,0.6595999948331155,2.90320000203792,True,272.9326217736497
RSA+AES-256,5000,4,1119,535.5567000005976,0.6824000010965392,2.9974000062793493,True,272.9326217736497
RSA+AES-256,5000,4,1120,1089.396700001089,0.6878000058350153,2.941499995358754,True,272.9326217736497
RSA+AES-256,5000,4,1121,2151.608500003931,0.7085000033839606,2.9522999975597486,True,272.9326217736497
RSA+AES-256,5000,4,1122,484.89749999862397,0.6998000026214868,2.9819999981555156,True,272.9326217736497
RSA+AES-256,5000,4,1123,628.4411999949953,0.6882000016048551,2.9052000027149916,True,272.9326217736497
RSA+AES-256,5000,4,1124,764.4154999943567,0.6740000026184134,2.9966000001877546,True,272.9326217736497
RSA+AES-256,5000,4,1125,1271.3894999978947,0.6701000020257197,2.922099993156735,True,272.9326217736497
RSA+AES-256,5000,4,1126,363.29350000596605,0.6683000028715469,2.975300005346071,True,272.9326217736497
RSA+AES-256,5000,4,1127,470.75259999837726,0.6064000044716522,2.9195999959483743,True,272.9326217736497
RSA+AES-256,5000,4,1128,1360.4980000018259,0.6637000042246655,2.9496999995899387,True,272.9326217736497
RSA+AES-256,5000,4,1129,427.993700002844,0.6499999944935553,2.9415000026347116,True,272.9326217736497
RSA+AES-256,5000,4,1130,342.32219999830704,0.6820999988121912,2.937099998234771,True,272.9326217736497
RSA+AES-256,5000,4,1131,2845.1457999981358,0.6967000008444302,2.9543999989982694,True,272.9326217736497
RSA+AES-256,5000,4,1132,219.7094000002835,0.6513000043923967,2.960899997560773,True,272.9326217736497
RSA+AES-256,5000,4,1133,642.9906000048504,0.6666000044788234,2.8730999983963557,True,272.9326217736497
RSA+AES-256,5000,4,1134,85.47410000028322,0.6011999939801171,2.9570999977295287,True,272.9326217736497
RSA+AES-256,5000,4,1135,251.7781000060495,0.6978000019444153,2.9375999947660603,True,272.9326217736497
RSA+AES-256,5000,4,1136,605.7216999979573,0.6778000024496578,2.92470000567846,True,272.9326217736497
RSA+AES-256,5000,4,1137,606.7220000040834,0.6710999950882979,2.918499994848389,True,272.9326217736497
RSA+AES-256,5000,4,1138,163.4293999959482,0.5929000035393983,2.9267999998410232,True,272.9326217736497
RSA+AES-256,5000,4,1139,508.79839999834076,0.6864000024506822,2.93729999975767,True,272.9326217736497
RSA+AES-256,5000,4,1140,1419.7117000003345,0.6857999978819862,2.971800000523217,True,272.9326217736497
RSA+AES-256,5000,4,1141,1163.5310999990907,0.6670999937341549,2.941100006864872,True,272.9326217736497
RSA+AES-256,5000,4,1142,879.7302000020863,0.6780999974580482,3.0075999966356903,True,272.9326217736497
RSA+AES-256,5000,4,1143,1211.9655999995302,0.6674999967799522,2.9298000008566305,True,272.9326217736497
RSA+AES-256,5000,4,1144,1383.9022000029217,0.592500000493601,3.013400004419964,True,272.9326217736497
RSA+AES-256,5000,4,1145,760.7095999992453,0.6099000020185485,2.891199997975491,True,272.9326217736497
RSA+AES-256,5000,4,1146,893.7634999965667,0.712999993993435,3.049999999348074,True,272.9326217736497
RSA+AES-256,5000,4,1147,1833.0429999987246,0.6752999979653396,2.965699997730553,True,272.9326217736497
RSA+AES-256,5000,4,1148,1576.353399999789,0.676199997542426,2.886700000090059,True,272.9326217736497
RSA+AES-256,5000,4,1149,537.2527999934391,0.6699000005028211,2.980199999001343,True,272.9326217736497
RSA+AES-256,5000,4,1150,580.8166999995592,0.6854999955976382,3.053399996133521,True,272.9326217736497
RSA+AES-256,5000,4,1151,743.9367999977549,0.6543000054080039,2.9338000022107735,True,272.9326217736497
RSA+AES-256,5000,4,1152,269.75189999939175,0.6674999967799522,2.9802000062773004,True,272.9326217736497
RSA+AES-256,5000,4,1153,542.305299997679,0.6573999999091029,2.8705000004265457,True,272.9326217736497
RSA+AES-256,5000,4,1154,761.5606999970623,0.6883999958517961,2.977399999508634,True,272.9326217736497
RSA+AES-256,5000,4,1155,1570.2514999939012,0.6723000042256899,2.9253000029711984,True,272.9326217736497
RSA+AES-256,5000,4,1156,1706.2049000014667,0.6740000026184134,2.9913000034866855,True,272.9326217736497
RSA+AES-256,5000,4,1157,166.120800000499,0.6783999997423962,3.05060000391677,True,272.9326217736497
RSA+AES-256,5000,4,1158,209.53220000228612,0.63929999305401,2.8748999975505285,True,272.9326217736497
RSA+AES-256,5000,4,1159,504.8545999961789,0.6810999984736554,2.9983999993419275,True,272.9326217736497
RSA+AES-256,5000,4,1160,151.09250000386965,0.6021000008331612,2.97839999984717,True,272.9326217736497
RSA+AES-256,5000,4,1161,1829.6549999940908,0.6678999998257495,3.2553999990341254,True,272.9326217736497
RSA+AES-256,5000,4,1162,380.1437000001897,0.6864000024506822,2.9987000016262755,True,272.9326217736497
RSA+AES-256,5000,4,1163,1023.6860000004526,0.6787999955122359,2.9588999968837015,True,272.9326217736497
RSA+AES-256,5000,4,1164,1375.823299997137,0.6636000034632161,2.921699997386895,True,272.9326217736497
RSA+AES-256,5000,4,1165,785.2496000050451,0.6935999990673736,2.947099994344171,True,272.9326217736497
RSA+AES-256,5000,4,1166,270.9545999969123,0.651100002869498,2.9511999964597635,True,272.9326217736497
RSA+AES-256,5000,4,1167,326.11760000145296,0.6148999964352697,2.9705999986617826,True,272.9326217736497
RSA+AES-256,5000,4,1168,185.6748000063817,0.6568999961018562,2.9244999968796037,True,272.9326217736497
RSA+AES-256,5000,4,1169,397.77239999966696,0.687400002789218,2.9935999991721474,True,272.9326217736497
RSA+AES-256,5000,4,1170,965.6956999970134,0.6787000020267442,3.011799999512732,True,272.9326217736497
RSA+AES-256,5000,4,1171,938.35019999824,0.6730000022798777,3.0237000028137118,True,272.9326217736497
RSA+AES-256,5000,4,1172,553.4039999984088,0.6312999976216815,2.9941999964648858,True,272.9326217736497
RSA+AES-256,5000,4,1173,449.8723000069731,0.6969999958528206,2.9639999993378296,True,272.9326217736497
RSA+AES-256,5000,4,1174,1150.0019000013708,0.6816999957663938,3.0067999978200532,True,272.9326217736497
RSA+AES-256,5000,4,1175,115.63330000353744,0.6620999993174337,3.0268000045907684,True,272.9326217736497
RSA+AES-256,5000,4,1176,781.5791000030003,0.6560999972862191,2.91579999611713,True,272.9326217736497
RSA+AES-256,5000,4,1177,328.0166000040481,0.6851999933132902,2.90580000000773,True,272.9326217736497
RSA+AES-256,5000,4,1178,926.1680999989039,0.6663000021944754,2.904099994339049,True,272.9326217736497
RSA+AES-256,5000,4,1179,190.94349999795668,0.6712999966111965,3.3375999992131256,True,272.9326217736497
RSA+AES-256,5000,4,1180,350.38799999892944,0.6473000030382536,2.9643999951076694,True,272.9326217736497
RSA+AES-256,5000,4,1181,514.1714999990654,0.6045999980415218,2.991299996210728,True,272.9326217736497
RSA+AES-256,5000,4,1182,612.9406000036397,0.6817000030423515,2.9686000052606687,True,272.9326217736497
RSA+AES-256,5000,4,1183,1436.474599999201,0.6656999976257794,2.9808999970555305,True,272.9326217736497
RSA+AES-256,5000,4,1184,305.28960000083316,0.6456000046455301,2.95170000026701,True,272.9326217736497
RSA+AES-256,5000,4,1185,1674.5112999997218,0.6638000049861148,2.8854999982286245,True,272.9326217736497
RSA+AES-256,5000,4,1186,394.868100003805,0.6556000007549301,2.921999999671243,True,272.9326217736497
RSA+AES-256,5000,4,1187,616.9319000036921,0.6763999990653247,2.984399994602427,True,272.9326217736497
RSA+AES-256,5000,4,1188,741.9940000036149,0.6521000032080337,2.8762000001734123,True,272.9326217736497
RSA+AES-256,5000,4,1189,910.6838000006974,0.6520000024465844,2.9012000013608485,True,272.9326217736497
RSA+AES-256,5000,4,1190,240.41839999699732,0.6092000039643608,3.0292000010376796,True,272.9326217736497
RSA+AES-256,5000,4,1191,2017.6320999962627,0.6677999990643002,2.959299999929499,True,272.9326217736497
RSA+AES-256,5000,4,1192,1409.842099994421,0.672800000756979,3.041500000108499,True,272.9326217736497
RSA+AES-256,5000,4,1193,1359.579299998586,0.702000004821457,2.950299996882677,True,272.9326217736497
RSA+AES-256,5000,4,1194,1375.4795999993803,0.6425000028684735,2.923000000009779,True,272.9326217736497
RSA+AES-256,5000,4,1195,547.3647999970126,0.6632000004174188,2.9558000023826025,True,272.9326217736497
RSA+AES-256,5000,4,1196,2315.920399996685,0.7009999972069636,2.9731999966315925,True,272.9326217736497
RSA+AES-256,5000,4,1197,698.2145000001765,0.7140000016079284,2.992699999595061,True,272.9326217736497
RSA+AES-256,5000,4,1198,473.23899999901187,0.6704000043100677,2.9630999997607432,True,272.9326217736497
RSA+AES-256,5000,4,1199,660.6621000028099,0.6719000011798926,2.925699998741038,True,272.9326217736497
RSA+AES-256,5000,4,1200,339.55409999907715,0.6723999977111816,2.9144000000087544,True,272.9326217736497
RSA+AES-256,5000,4,1201,121.47340000228724,0.651299997116439,2.991900000779424,True,272.9326217736497
RSA+AES-256,5000,4,1202,985.2886000007857,0.6529999955091625,2.8748000040650368,True,272.9326217736497
RSA+AES-256,5000,4,1203,1626.0350000011385,0.6763999990653247,2.930700000433717,True,272.9326217736497
RSA+AES-256,5000,4,1204,256.74630000139587,0.6769999963580631,2.9770000037387945,True,272.9326217736497
RSA+AES-256,5000,4,1205,1315.0295999948867,0.6877999985590577,2.9504999984055758,True,272.9326217736497
RSA+AES-256,5000,4,1206,848.8349999970524,0.6773000059183687,2.938400000857655,True,272.9326217736497
RSA+AES-256,5000,4,1207,298.6858000003849,0.7063000011839904,3.009400003065821,True,272.9326217736497
RSA+AES-256,5000,4,1208,368.41740000090795,0.6597999963560142,2.974399998493027,True,272.9326217736497
RSA+AES-256,5000,4,1209,991.345900001761,0.6906999988132156,3.001500001118984,True,272.9326217736497
RSA+AES-256,5000,4,1210,778.7463999993633,0.698499999998603,3.0263000007835217,True,272.9326217736497
RSA+AES-256,5000,4,1211,695.5164000028162,0.6805999946664087,2.9005999967921525,True,272.9326217736497
RSA+AES-256,5000,4,1212,372.1457999999984,0.6884999966132455,2.8851999959442765,True,272.9326217736497
RSA+AES-256,5000,4,1213,221.2705999991158,0.7863999999244697,2.977299998747185,True,272.9326217736497
RSA+AES-256,5000,4,1214,735.6208000055631,0.676499999826774,2.949000001535751,True,272.9326217736497
RSA+AES-256,5000,4,1215,555.7776000059675,0.6862000009277835,2.9184000013628975,True,272.9326217736497
RSA+AES-256,5000,4,1216,654.5751999947242,0.7072000007610768,2.9296000066096894,True,272.9326217736497
RSA+AES-256,5000,4,1217,77.49009999679402,0.6100999962654896,2.9608000040752813,True,272.9326217736497
RSA+AES-256,5000,4,1218,648.0575000023236,0.6278999935602769,3.0842999985907227,True,272.9326217736497
RSA+AES-256,5000,4,1219,942.685199996049,0.6929000010131858,2.994900001795031,True,272.9326217736497
RSA+AES-256,5000,4,1220,401.5895999982604,0.7136999993235804,2.9839000053470954,True,272.9326217736497
RSA+AES-256,5000,4,1221,1447.9836000027717,0.6776999944122508,2.972999995108694,True,272.9326217736497
RSA+AES-256,5000,4,1222,376.1614999966696,0.6636000034632161,2.904499997384846,True,272.9326217736497
RSA+AES-256,5000,4,1223,533.5013000003528,0.6982999984757043,2.9749000023002736,True,272.9326217736497
RSA+AES-256,5000,4,1224,1039.075499997125,0.67710000439547,2.9030000005150214,True,272.9326217736497
RSA+AES-256,5000,4,1225,695.5563000010443,0.6782999989809468,2.9929000011179596,True,272.9326217736497
RSA+AES-256,5000,4,1226,478.32620000554016,0.6912000026204623,3.0131999956211075,True,272.9326217736497
RSA+AES-256,5000,4,1227,926.4541000011377,0.6700000012642704,2.9625999959534965,True,272.9326217736497
RSA+AES-256,5000,4,1228,761.890100002347,0.6719000011798926,2.9537000009440817,True,272.9326217736497
RSA+AES-256,5000,4,1229,495.0156999984756,0.6529000020236708,3.015499998582527,True,272.9326217736497
RSA+AES-256,5000,4,1230,313.0500999977812,0.6794000000809319,2.98800000018673,True,272.9326217736497
RSA+AES-256,5000,4,1231,1096.6989999942598,0.6633000011788681,2.989799999340903,True,272.9326217736497
RSA+AES-256,5000,4,1232,186.81159999687225,0.6305999995674938,2.9089999952702783,True,272.9326217736497
RSA+AES-256,5000,4,1233,841.3530999969225,0.6204000019351952,2.9606000025523826,True,272.9326217736497
RSA+AES-256,5000,4,1234,771.9360000046436,0.6649999995715916,2.9697999998461455,True,272.9326217736497
RSA+AES-256,5000,4,1235,317.18370000453433,0.6807999961893074,2.9448999994201586,True,272.9326217736497
RSA+AES-256,5000,4,1236,346.1784000028274,0.6738000010955147,3.0377000002772547,True,272.9326217736497
RSA+AES-256,5000,4,1237,1001.6638999950374,0.756300003558863,3.678000000945758,True,272.9326217736497
RSA+AES-256,5000,4,1238,927.1413999958895,0.716800001100637,4.2495999950915575,True,272.9326217736497
RSA+AES-256,5000,4,1239,1893.6571000012918,0.6710999950882979,2.985600003739819,True,272.9326217736497
RSA+AES-256,5000,4,1240,235.08810000203084,0.6431000001612119,2.8722999995807186,True,272.9326217736497
RSA+AES-256,5000,4,1241,886.1624999990454,0.6218000053195283,2.977600001031533,True,272.9326217736497
RSA+AES-256,5000,4,1242,1355.1316000011866,0.6481000018538907,3.016299997398164,True,272.9326217736497
RSA+AES-256,5000,4,1243,213.21159999934025,0.6944000051589683,2.9646000039065257,True,272.9326217736497
RSA+AES-256,5000,4,1244,584.6581000005244,0.6715000054100528,2.9338000022107735,True,272.9326217736497
RSA+AES-256,5000,4,1245,407.1981999950367,0.6505999990622513,3.0494999955408275,True,272.9326217736497
RSA+AES-256,5000,4,1246,1624.235499999486,0.6825000018579885,2.9617000036523677,True,272.9326217736497
RSA+AES-256,5000,4,1247,540.2484000005643,0.6733999980497174,2.9427999979816377,True,272.9326217736497
RSA+AES-256,5000,4,1248,228.07080000347923,0.6006999974488281,2.920400002039969,True,272.9326217736497
RSA+AES-256,5000,4,1249,212.78940000047442,0.6256000051507726,3.026099999260623,True,272.9326217736497
RSA+AES-256,5000,4,1250,1187.7347999979975,0.6323000052361749,3.0072999943513423,True,272.9326217736497
RSA+AES-256,5000,4,1251,645.7288000019616,0.6868000054964796,3.283099998952821,True,272.9326217736497
RSA+AES-256,5000,4,1252,1774.0838000026997,0.6766000005882233,2.9969000024721026,True,272.9326217736497
RSA+AES-256,5000,4,1253,302.14880000130506,0.6595000013476238,3.19619999936549,True,272.9326217736497
RSA+AES-256,5000,4,1254,1669.5260000051348,0.6754000060027465,2.9874000028939918,True,272.9326217736497
RSA+AES-256,5000,4,1255,954.1484000001219,0.6756000002496876,2.928900001279544,True,272.9326217736497
RSA+AES-256,5000,4,1256,280.18819999851985,0.5926000012550503,2.9566000011982396,True,272.9326217736497
RSA+AES-256,5000,4,1257,664.0402000048198,0.6805999946664087,2.982599995448254,True,272.9326217736497
RSA+AES-256,5000,4,1258,670.8827000038582,0.6572999991476536,2.9434000025503337,True,272.9326217736497
RSA+AES-256,5000,4,1259,897.7967000028002,0.6673000025330111,2.9682000022148713,True,272.9326217736497
RSA+AES-256,5000,4,1260,269.8396000050707,0.6224999960977584,2.9760999968857504,True,272.9326217736497
RSA+AES-256,5000,4,1261,376.31160000455566,0.5881000033696182,2.9100999963702634,True,272.9326217736497
RSA+AES-256,5000,4,1262,685.171100005391,0.71340000431519,3.1126000030781142,True,272.9326217736497
RSA+AES-256,5000,4,1263,330.15240000531776,0.7112999956007116,3.178699997079093,True,272.9326217736497
RSA+AES-256,5000,4,1264,68.8259000016842,0.6628999981330708,3.0867000023135915,True,272.9326217736497
RSA+AES-256,5000,4,1265,550.013799998851,0.6789999970351346,3.0182999980752356,True,272.9326217736497
RSA+AES-256,5000,4,1266,500.4627000016626,0.6758000017725863,3.16249999741558,True,272.9326217736497
RSA+AES-256,5000,4,1267,212.1015999946394,0.6368999966070987,3.0996999994385988,True,272.9326217736497
RSA+AES-256,5000,4,1268,122.6846999998088,0.5806999979540706,2.8835999983130023,True,272.9326217736497
RSA+AES-256,5000,4,1269,454.6965999979875,0.9807999958866276,3.0090000000200234,True,272.9326217736497
RSA+AES-256,5000,4,1270,119.85799999820301,0.5879999953322113,4.274199993233196,True,272.9326217736497
RSA+AES-256,5000,4,1271,919.1184000010253,0.7126000054995529,2.922800005762838,True,272.9326217736497
RSA+AES-256,5000,4,1272,1038.1685999964247,0.6552000049850903,2.889700001105666,True,272.9326217736497
RSA+AES-256,5000,4,1273,264.917599997716,0.6620999993174337,2.9214000023785047,True,272.9326217736497
RSA+AES-256,5000,4,1274,212.8688000011607,0.6752999979653396,3.00690000585746,True,272.9326217736497
RSA+AES-256,5000,4,1275,429.34609999792883,0.6677999990643002,2.9686000052606687,True,272.9326217736497
RSA+AES-256,5000,4,1276,642.0991999984835,0.6580999979632907,2.9284999982337467,True,272.9326217736497
RSA+AES-256,5000,4,1277,628.3825999998953,0.6364000000758097,2.976499999931548,True,272.9326217736497
RSA+AES-256,5000,4,1278,196.0244999936549,0.6613000005017966,3.0017000026418827,True,272.9326217736497
RSA+AES-256,5000,4,1279,119.88550000387477,0.6051000018487684,2.920299994002562,True,272.9326217736497
RSA+AES-256,5000,4,1280,212.42460000212304,0.6358000027830712,3.160399995977059,True,272.9326217736497
RSA+AES-256,5000,4,1281,588.7386000031256,0.6861000001663342,2.9867999983252957,True,272.9326217736497
RSA+AES-256,5000,4,1282,1739.7319999945466,0.6473999965237454,2.865000002202578,True,272.9326217736497
RSA+AES-256,5000,4,1283,840.190300004906,0.6595000013476238,2.979899996716995,True,272.9326217736497
RSA+AES-256,5000,4,1284,626.986900002521,0.6643000015174039,3.007900006195996,True,272.9326217736497
RSA+AES-256,5000,4,1285,368.3937000023434,0.611100003879983,2.9386999958660454,True,272.9326217736497
RSA+AES-256,5000,4,1286,613.3453000002191,0.6657999983872287,2.958900004159659,True,272.9326217736497
RSA+AES-256,5000,4,1287,705.0097999963327,0.6569000033778138,2.9180999990785494,True,272.9326217736497
RSA+AES-256,5000,4,1288,280.48860000126297,0.647599998046644,3.019199997652322,True,272.9326217736497
RSA+AES-256,5000,4,1289,1766.2105000053998,0.680500001180917,3.005899998242967,True,272.9326217736497
RSA+AES-256,5000,4,1290,814.440399997693,0.686799998220522,2.92279999848688,True,272.9326217736497
RSA+AES-256,5000,4,1291,1170.4500000050757,0.7002999991527759,2.9031000012764707,True,272.9326217736497
RSA+AES-256,5000,4,1292,107.79460000048857,0.5941999988863245,2.8994000022066757,True,272.9326217736497
RSA+AES-256,5000,4,1293,688.0683999988833,0.6623999943258241,2.9477999996743165,True,272.9326217736497
RSA+AES-256,5000,4,1294,948.384300005273,0.6806000019423664,2.9715000055148266,True,272.9326217736497
RSA+AES-256,5000,4,1295,1152.9162000006181,0.7062999939080328,2.9996999946888536,True,272.9326217736497
RSA+AES-256,5000,4,1296,282.16880000400124,0.6830999991507269,3.221899998607114,True,272.9326217736497
RSA+AES-256,5000,4,1297,711.0252999991644,0.6451000008382834,2.9786000013700686,True,272.9326217736497
RSA+AES-256,5000,4,1298,726.1815000019851,0.6850999998277985,2.925699998741038,True,272.9326217736497
RSA+AES-256,5000,4,1299,1082.4235000036424,0.6626000031246804,2.918600002885796,True,272.9326217736497
RSA+AES-256,5000,4,1300,228.40739999810467,0.7133999970392324,2.9389000046649016,True,272.9326217736497
RSA+AES-256,5000,4,1301,1219.9479999981122,0.6748000014340505,2.9079999949317425,True,272.9326217736497
RSA+AES-256,5000,4,1302,372.95499999891035,0.6458000061684288,2.983500002301298,True,272.9326217736497
RSA+AES-256,5000,4,1303,1070.6407000034233,0.6775000001653098,2.9881000009481795,True,272.9326217736497
RSA+AES-256,5000,4,1304,588.7585000018589,0.6604999944102019,2.9694000040763058,True,272.9326217736497
RSA+AES-256,5000,4,1305,1414.453199999116,0.6753999987267889,2.9734999989159405,True,272.9326217736497
RSA+AES-256,5000,4,1306,92.40519999730168,0.6199999988893978,2.918300000601448,True,272.9326217736497
RSA+AES-256,5000,4,1307,1561.5058000039426,0.6787000020267442,2.914299999247305,True,272.9326217736497
RSA+AES-256,5000,4,1308,594.8665000032634,0.646799999231007,2.886700000090059,True,272.9326217736497
RSA+AES-256,5000,4,1309,345.33029999875,0.6406000029528514,2.9794000001857057,True,272.9326217736497
RSA+AES-256,5000,4,1310,499.9020000032033,0.6557000015163794,3.195599994796794,True,272.9326217736497
RSA+AES-256,5000,4,1311,282.85150000010617,0.6127000015112571,2.9139000034774654,True,272.9326217736497
RSA+AES-256,5000,4,1312,339.0690999949584,0.7717999978922307,3.104800001892727,True,272.9326217736497
RSA+AES-256,5000,4,1313,2365.1121000002604,0.6782999989809468,3.0054000017116778,True,272.9326217736497
RSA+AES-256,5000,4,1314,164.3785000051139,0.6888999996590428,3.0271999930846505,True,272.9326217736497
RSA+AES-256,5000,4,1315,176.1506000038935,0.6399999983841553,3.0054999951971695,True,272.9326217736497
RSA+AES-256,5000,4,1316,592.7761999992072,0.681100005749613,2.92250000347849,True,272.9326217736497
RSA+AES-256,5000,4,1317,429.3437000014819,0.6613000005017966,3.0504000023938715,True,272.9326217736497
RSA+AES-256,5000,4,1318,316.2506999942707,0.6719999946653843,3.013900000951253,True,272.9326217736497
RSA+AES-256,5000,4,1319,511.4627000002656,0.6720000019413419,2.9169999979785644,True,272.9326217736497
RSA+AES-256,5000,4,1320,2040.5103999946732,0.6159999975352548,2.9785000006086193,True,272.9326217736497
RSA+AES-256,5000,4,1321,874.1494999994757,0.6783999997423962,2.920700004324317,True,272.9326217736497
RSA+AES-256,5000,4,1322,1462.659299999359,0.6818000038038008,2.966399995784741,True,272.9326217736497
RSA+AES-256,5000,4,1323,884.7241000039503,0.6572000056621619,2.924899999925401,True,272.9326217736497
RSA+AES-256,5000,4,1324,789.2606999957934,0.6226000041351654,2.921500003139954,True,272.9326217736497
RSA+AES-256,5000,4,1325,697.0851999940351,0.6719000011798926,3.306500002508983,True,272.9326217736497
RSA+AES-256,5000,4,1326,1208.8884999975562,0.6836999964434654,3.243899998778943,True,272.9326217736497
RSA+AES-256,5000,4,1327,575.1049999962561,0.6633999946643598,2.9634000020450912,True,272.9326217736497
RSA+AES-256,5000,4,1328,366.3237000000663,0.7636999944224954,2.881899999920279,True,272.9326217736497
RSA+AES-256,5000,4,1329,122.36839999968652,0.6731999965268187,2.960400001029484,True,272.9326217736497
RSA+AES-256,5000,4,1330,149.8042999955942,0.6338000021059997,2.954999996291008,True,272.9326217736497
RSA+AES-256,5000,4,1331,681.8020999999135,0.7086999976309016,3.053699998417869,True,272.9326217736497
RSA+AES-256,5000,4,1332,261.0511000020779,0.6993999995756894,3.0702000003657304,True,272.9326217736497
RSA+AES-256,5000,4,1333,810.758599996916,0.6180999989737757,2.9566000011982396,True,272.9326217736497
RSA+AES-256,5000,4,1334,724.5901999995112,0.6385999949998222,3.1296000015572645,True,272.9326217736497
RSA+AES-256,5000,4,1335,731.439399998635,0.6828999976278283,2.886700000090059,True,272.9326217736497
RSA+AES-256,5000,4,1336,1150.11190000223,0.6829999983892776,3.0520000000251457,True,272.9326217736497
RSA+AES-256,5000,4,1337,265.04660000500735,0.7045000020298176,2.9293000043253414,True,272.9326217736497
RSA+AES-256,5000,4,1338,1286.3311999972211,0.6930000017746352,2.9064999980619177,True,272.9326217736497
RSA+AES-256,5000,4,1339,1353.6989999993239,0.6285999988904223,2.929399997810833,True,272.9326217736497
RSA+AES-256,5000,4,1340,1119.0416999961599,0.6674000032944605,2.990900000440888,True,272.9326217736497
RSA+AES-256,5000,4,1341,138.02399999985937,0.6204999954206869,3.057100002479274,True,272.9326217736497
RSA+AES-256,5000,4,1342,280.8883999969112,0.6194999950821511,3.1089000040083192,True,272.9326217736497
RSA+AES-256,5000,4,1343,514.2453000007663,0.6815999950049445,3.6978999996790662,True,272.9326217736497
RSA+AES-256,5000,4,1344,955.2098999993177,0.676800002111122,2.9624000017065555,True,272.9326217736497
RSA+AES-256,5000,4,1345,650.231800005713,0.6458999996539205,3.0250000054365955,True,272.9326217736497
RSA+AES-256,5000,4,1346,566.9319000007818,0.6792999993194826,3.0465999952866696,True,272.9326217736497
RSA+AES-256,5000,4,1347,1909.5583000016632,0.6122000049799681,2.9896999985794537,True,272.9326217736497
RSA+AES-256,5000,4,1348,1393.9803000030224,0.6829999983892776,3.037300004507415,True,272.9326217736497
RSA+AES-256,5000,4,1349,880.0962000022992,0.6745000064256601,2.962200000183657,True,272.9326217736497
RSA+AES-256,5000,4,1350,915.5007000008482,0.6884999966132455,2.9416999968816526,True,272.9326217736497
RSA+AES-256,5000,4,1351,463.5217000031844,0.6810999984736554,2.973299997393042,True,272.9326217736497
RSA+AES-256,5000,4,1352,852.8531000047224,0.6704999977955595,2.9596999956993386,True,272.9326217736497
RSA+AES-256,5000,4,1353,482.3221000042395,0.6943999978830107,2.9302999973879196,True,272.9326217736497
RSA+AES-256,5000,4,1354,364.4189999977243,0.6905000045662746,2.926099994510878,True,272.9326217736497
RSA+AES-256,5000,4,1355,686.5451999983634,0.662800004647579,2.868199997465126,True,272.9326217736497
RSA+AES-256,5000,4,1356,3204.946400001063,0.6785000005038455,2.9528000013669953,True,272.9326217736497
RSA+AES-256,5000,4,1357,657.8166000035708,0.6715999988955446,2.958600001875311,True,272.9326217736497
RSA+AES-256,5000,4,1358,314.1694999940228,0.683899997966364,2.938700003142003,True,272.9326217736497
RSA+AES-256,5000,4,1359,335.2272000047378,0.6693999966955744,3.0247000031522475,True,272.9326217736497
RSA+AES-256,5000,4,1360,1690.7935999988695,0.6986000007600524,2.976800002215896,True,272.9326217736497
RSA+AES-256,5000,4,1361,642.2478000022238,0.6712999966111965,2.874799996789079,True,272.9326217736497
RSA+AES-256,5000,4,1362,582.0278000028338,0.6604000009247102,2.9167999964556657,True,272.9326217736497
RSA+AES-256,5000,4,1363,504.68959999852814,0.6582999994861893,2.860399996279739,True,272.9326217736497
RSA+AES-256,5000,4,1364,257.27020000340417,0.6791999985580333,2.961199999845121,True,272.9326217736497
RSA+AES-256,5000,4,1365,1628.6574999976438,0.6522000039694831,2.9536000001826324,True,272.9326217736497
RSA+AES-256,5000,4,1366,205.47970000188798,0.6923000037204474,2.9170999987400137,True,272.9326217736497
RSA+AES-256,5000,4,1367,108.92189999867696,0.6493999972008169,2.9085999995004386,True,272.9326217736497
RSA+AES-256,5000,4,1368,680.6362999996054,0.7035000016912818,2.947599998151418,True,272.9326217736497
RSA+AES-256,5000,4,1369,836.5160000030301,0.677400006679818,2.91839999408694,True,272.9326217736497
RSA+AES-256,5000,4,1370,1733.5201000023517,0.6713999973726459,2.917500001785811,True,272.9326217736497
RSA+AES-256,5000,4,1371,547.7449000027264,0.6531999970320612,2.8721999988192692,True,272.9326217736497
RSA+AES-256,5000,4,1372,423.16540000319947,0.6455000038840808,2.9682000022148713,True,272.9326217736497
RSA+AES-256,5000,4,1373,821.3955000028363,0.6113000054028817,2.9496999995899387,True,272.9326217736497
RSA+AES-256,5000,4,1374,1723.5017999992124,0.6648999988101423,2.940300000773277,True,272.9326217736497
RSA+AES-256,5000,4,1375,1167.4765999996453,0.7005999941611663,3.0371000029845163,True,272.9326217736497
RSA+AES-256,5000,4,1376,827.3817000008421,0.6747999941580929,2.9748000015388243,True,272.9326217736497
RSA+AES-256,5000,4,1377,778.2750999976997,0.6804999939049594,2.962200000183657,True,272.9326217736497
RSA+AES-256,5000,4,1378,1069.6431000033044,0.6594000005861744,3.0508999989251606,True,272.9326217736497
RSA+AES-256,5000,4,1379,2357.1857000060845,0.6673999960185029,2.975999996124301,True,272.9326217736497
RSA+AES-256,5000,4,1380,904.8717000041506,0.6661999941570684,2.920299994002562,True,272.9326217736497
RSA+AES-256,5000,4,1381,701.230900005612,0.6857999978819862,2.998500000103377,True,272.9326217736497
RSA+AES-256,5000,4,1382,252.87150000076508,0.6539999958476983,2.8990999999223277,True,272.9326217736497
RSA+AES-256,5000,4,1383,346.8605999951251,0.6758000017725863,2.9899000001023524,True,272.9326217736497
RSA+AES-256,5000,4,1384,209.15310000418685,0.6563999995705672,2.9810999985784292,True,272.9326217736497
RSA+AES-256,5000,4,1385,115.88840000331402,0.6647999980486929,2.967799999169074,True,272.9326217736497
RSA+AES-256,5000,4,1386,2287.60489999695,0.6777999951737002,2.948699999251403,True,272.9326217736497
RSA+AES-256,5000,4,1387,485.760499999742,0.6492999964393675,3.0587999935960397,True,272.9326217736497
RSA+AES-256,5000,4,1388,350.5476999998791,0.6777000016882084,2.9466999985743314,True,272.9326217736497
RSA+AES-256,5000,4,1389,119.75429999438347,0.6008999989717267,2.895199999329634,True,272.9326217736497
RSA+AES-256,5000,4,1390,250.3400000059628,0.6686999986413866,2.958600001875311,True,272.9326217736497
RSA+AES-256,5000,4,1391,959.9479999960749,0.6616000027861446,3.1099999978323467,True,272.9326217736497
RSA+AES-256,5000,4,1392,1617.1778999996604,0.6820999988121912,2.9850000064470805,True,272.9326217736497
RSA+AES-256,5000,4,1393,322.8815000038594,0.6088000009185635,2.965599996969104,True,272.9326217736497
RSA+AES-256,5000,4,1394,99.31700000015553,0.6119999961811118,3.0215000006137416,True,272.9326217736497
RSA+AES-256,5000,4,1395,314.7246000007726,0.6579999972018413,2.8843000036431476,True,272.9326217736497
RSA+AES-256,5000,4,1396,313.4613000001991,0.6706999993184581,3.0107999991741963,True,272.9326217736497
RSA+AES-256,5000,4,1397,960.9437999970396,0.6777999951737002,3.027599996130448,True,272.9326217736497
RSA+AES-256,5000,4,1398,692.2971999956644,0.6673000025330111,2.9970999967190437,True,272.9326217736497
RSA+AES-256,5000,4,1399,185.1068000032683,0.6696999989799224,3.0277999976533465,True,272.9326217736497
RSA+AES-256,5000,4,1400,322.7430999977514,0.6337000013445504,2.867099996365141,True,272.9326217736497
RSA+AES-256,5000,4,1401,292.63240000000224,0.6598999971174635,2.91579999611713,True,272.9326217736497
RSA+AES-256,5000,4,1402,1247.4426999979187,0.7182999979704618,3.0178000015439466,True,272.9326217736497
RSA+AES-256,5000,4,1403,473.73569999763276,0.6648999988101423,2.878499995858874,True,272.9326217736497
RSA+AES-256,5000,4,1404,1036.9292000032146,0.6897999992361292,3.0172999977367,True,272.9326217736497
RSA+AES-256,5000,4,1405,175.46189999848139,0.6534999993164092,2.9649999996763654,True,272.9326217736497
RSA+AES-256,5000,4,1406,439.5533999995678,0.654499999654945,2.9089000017847866,True,272.9326217736497
RSA+AES-256,5000,4,1407,1121.5833999958704,0.6850999998277985,2.915600001870189,True,272.9326217736497
RSA+AES-256,5000,4,1408,758.1248999995296,0.6412000002455898,3.0034000010346062,True,272.9326217736497
RSA+AES-256,5000,4,1409,320.7962999949814,0.662500002363231,2.9084000052534975,True,272.9326217736497
RSA+AES-256,5000,4,1410,1359.482100000605,0.6699000005028211,2.980299999762792,True,272.9326217736497
RSA+AES-256,5000,4,1411,254.3878000069526,0.617899997450877,2.922300001955591,True,272.9326217736497
RSA+AES-256,5000,4,1412,838.2486999980756,0.6674999967799522,2.9701000021304935,True,272.9326217736497
RSA+AES-256,5000,4,1413,138.68879999790806,0.6055999983800575,2.877500002796296,True,272.9326217736497
RSA+AES-256,5000,4,1414,268.2180999981938,0.6443999955081381,2.8770999997504987,True,272.9326217736497
RSA+AES-256,5000,4,1415,756.5027000018745,0.705899998138193,2.9269999940879643,True,272.9326217736497
RSA+AES-256,5000,4,1416,395.4800999999861,0.6472000022768043,3.074400003242772,True,272.9326217736497
RSA+AES-256,5000,4,1417,241.64240000391146,0.6164000005810522,2.9346000010264106,True,272.9326217736497
RSA+AES-256,5000,4,1418,849.9133000004804,0.799399997049477,3.0143000039970502,True,272.9326217736497
RSA+AES-256,5000,4,1419,266.83910000429023,0.6605000016861595,2.9712999967159703,True,272.9326217736497
RSA+AES-256,5000,4,1420,269.9916999990819,0.613599993812386,2.9529000021284446,True,272.9326217736497
RSA+AES-256,5000,4,1421,524.9314999964554,0.6559000030392781,2.9415999961202033,True,272.9326217736497
RSA+AES-256,5000,4,1422,1067.0381000018097,0.6778000024496578,2.943899999081623,True,272.9326217736497
RSA+AES-256,5000,4,1423,599.824400000216,0.687599997036159,2.940500002296176,True,272.9326217736497
RSA+AES-256,5000,4,1424,548.3456000001752,0.7069999992381781,2.9891000012867153,True,272.9326217736497
RSA+AES-256,5000,4,1425,381.20599999820115,0.6642000007559545,3.167599999869708,True,272.9326217736497
RSA+AES-256,5000,4,1426,691.7738999982248,0.6721000027027912,2.9327000011107884,True,272.9326217736497
RSA+AES-256,5000,4,1427,773.0147999973269,0.6711999958497472,2.9477000061888248,True,272.9326217736497
RSA+AES-256,5000,4,1428,305.2956000028644,0.7103000025381334,3.0571999959647655,True,272.9326217736497
RSA+AES-256,5000,4,1429,244.80320000293432,0.6511999963549897,2.923799998825416,True,272.9326217736497
RSA+AES-256,5000,4,1430,142.26659999985714,0.6641999934799969,2.98060000204714,True,272.9326217736497
RSA+AES-256,5000,4,1431,473.22089999943273,0.6883000023663044,2.9969000024721026,True,272.9326217736497
RSA+AES-256,5000,4,1432,1141.5875000020606,0.6771999978809617,2.9888999997638166,True,272.9326217736497
RSA+AES-256,5000,4,1433,416.13589999906253,0.6678999998257495,3.0239000043366104,True,272.9326217736497
RSA+AES-256,5000,4,1434,774.7844000041368,0.6183000004966743,3.0133000036585145,True,272.9326217736497
RSA+AES-256,5000,4,1435,1414.7702999980538,0.6124999999883585,3.011300002981443,True,272.9326217736497
RSA+AES-256,5000,4,1436,979.4151999958558,0.6799000038881786,3.248699998948723,True,272.9326217736497
RSA+AES-256,5000,4,1437,734.8082000025897,0.6590999983018264,2.9470000008586794,True,272.9326217736497
RSA+AES-256,5000,4,1438,1378.0890999987605,0.6729000015184283,3.0108999999356456,True,272.9326217736497
RSA+AES-256,5000,4,1439,645.8841000057873,0.7119000001694076,2.9246999984025024,True,272.9326217736497
RSA+AES-256,5000,4,1440,997.1162000001641,0.6525999997393228,2.922600004239939,True,272.9326217736497
RSA+AES-256,5000,4,1441,1157.870200004254,0.6766000005882233,2.975199997308664,True,272.9326217736497
RSA+AES-256,5000,4,1442,472.4744999984978,0.666200001433026,2.8778999985661358,True,272.9326217736497
RSA+AES-256,5000,4,1443,549.3282000024919,0.7819000020390376,2.9396000027190894,True,272.9326217736497
RSA+AES-256,5000,4,1444,884.1725000020233,0.6702999962726608,3.205000000889413,True,272.9326217736497
RSA+AES-256,5000,4,1445,318.50780000240775,0.6672000017715618,2.8839000005973503,True,272.9326217736497
RSA+AES-256,5000,4,1446,924.8684000049252,0.6245000040507875,2.9797999959555455,True,272.9326217736497
RSA+AES-256,5000,4,1447,1901.4536000031512,0.69449999864446,2.9763999991700985,True,272.9326217736497
RSA+AES-256,5000,4,1448,978.9931999985129,0.6752000044798478,2.8792000011890195,True,272.9326217736497
RSA+AES-256,5000,4,1449,629.9531999975443,0.6367000023601577,2.988200001709629,True,272.9326217736497
RSA+AES-256,5000,4,1450,501.2256999980309,0.7113999963621609,3.5831999994115904,True,272.9326217736497
RSA+AES-256,5000,4,1451,1356.3596999956644,0.6580000044777989,2.8751999998348765,True,272.9326217736497
RSA+AES-256,5000,4,1452,750.664200000756,0.6702999962726608,2.9979000028106384,True,272.9326217736497
RSA+AES-256,5000,4,1453,961.6788999992423,0.6566000010934658,2.9826000027242117,True,272.9326217736497
RSA+AES-256,5000,4,1454,329.34060000116006,0.6827999968663789,3.0645999941043556,True,272.9326217736497
RSA+AES-256,5000,4,1455,328.6747000020114,0.6584000002476387,2.9055999984848313,True,272.9326217736497
RSA+AES-256,5000,4,1456,547.8530999971554,0.7020999983069487,3.0372000037459657,True,272.9326217736497
RSA+AES-256,5000,4,1457,432.81340000248747,0.6833000006736256,3.0145999990054406,True,272.9326217736497
RSA+AES-256,5000,4,1458,368.140400001721,0.676499999826774,3.523399995174259,True,272.9326217736497
RSA+AES-256,5000,4,1459,1143.3357000059914,0.7086000041454099,3.0215999940992333,True,272.9326217736497
RSA+AES-256,5000,4,1460,1092.099599998619,0.6576000014320016,2.95469999400666,True,272.9326217736497
RSA+AES-256,5000,4,1461,247.5094000037643,0.6661000006715767,2.973099995870143,True,272.9326217736497
RSA+AES-256,5000,4,1462,564.7171000018716,0.6961999970371835,3.0068999985815026,True,272.9326217736497
RSA+AES-256,5000,4,1463,435.18249999760883,0.6598999971174635,2.971499998238869,True,272.9326217736497
RSA+AES-256,5000,4,1464,410.93930000351975,0.6933000040589832,2.98320000001695,True,272.9326217736497
RSA+AES-256,5000,4,1465,940.0086999958148,0.6821999995736405,2.973900001961738,True,272.9326217736497
RSA+AES-256,5000,4,1466,553.2534000012674,0.6317000006674789,2.971600006276276,True,272.9326217736497
RSA+AES-256,5000,4,1467,509.83079999423353,0.6802999996580184,3.0336999989231117,True,272.9326217736497
RSA+AES-256,5000,4,1468,1172.0454000023892,0.7296999974641949,3.0379000018001534,True,272.9326217736497
RSA+AES-256,5000,4,1469,497.15289999585366,0.6364000000758097,2.9099000021233223,True,272.9326217736497
RSA+AES-256,5000,4,1470,166.86170000321,0.6838000044808723,2.935199998319149,True,272.9326217736497
RSA+AES-256,5000,4,1471,408.87389999988955,0.67710000439547,3.0054999951971695,True,272.9326217736497
RSA+AES-256,5000,4,1472,409.56209999421844,0.6683000028715469,2.9125000000931323,True,272.9326217736497
RSA+AES-256,5000,4,1473,494.0104000052088,0.6890000004204921,2.986100000271108,True,272.9326217736497
RSA+AES-256,5000,4,1474,222.7786000003107,0.6590999983018264,3.001500001118984,True,272.9326217736497
RSA+AES-256,5000,4,1475,587.0009000063874,0.6904000038048252,2.984399994602427,True,272.9326217736497
RSA+AES-256,5000,4,1476,506.4641000062693,0.680199998896569,2.9811999993398786,True,272.9326217736497
RSA+AES-256,5000,4,1477,364.36549999780254,0.6192000000737607,3.0894999945303425,True,272.9326217736497
RSA+AES-256,5000,4,1478,913.9972999983002,0.669299995934125,2.967799999169074,True,272.9326217736497
RSA+AES-256,5000,4,1479,664.2431000000215,0.6385000015143305,3.0148000005283393,True,272.9326217736497
RSA+AES-256,5000,4,1480,2506.381400002283,0.6561999980476685,2.9578999965451658,True,272.9326217736497
RSA+AES-256,5000,4,1481,104.9940000011702,0.6340000036288984,2.9448999994201586,True,272.9326217736497
RSA+AES-256,5000,4,1482,906.0370000006515,0.6543999988934956,2.9730000023846515,True,272.9326217736497
RSA+AES-256,5000,4,1483,91.15949999977602,0.5978000044706278,2.887000002374407,True,272.9326217736497
RSA+AES-256,5000,4,1484,1028.5989999974845,0.6606000024476089,2.92539999645669,True,272.9326217736497
RSA+AES-256,5000,4,1485,359.0341000017361,0.6795000008423813,2.9871000006096438,True,272.9326217736497
RSA+AES-256,5000,4,1486,580.0312999999733,0.712799999746494,2.9687999995076098,True,272.9326217736497
RSA+AES-256,5000,4,1487,1030.371599998034,0.6747000006726012,2.9242000018712133,True,272.9326217736497
RSA+AES-256,5000,4,1488,866.2887000027695,0.672499998472631,2.998799995111767,True,272.9326217736497
RSA+AES-256,5000,4,1489,985.3260999952909,0.6138000026112422,3.033799999684561,True,272.9326217736497
RSA+AES-256,5000,4,1490,937.236000005214,0.6572999991476536,2.93989999772748,True,272.9326217736497
RSA+AES-256,5000,4,1491,1212.010300005204,0.6565999938175082,2.9348000025493093,True,272.9326217736497
RSA+AES-256,5000,4,1492,962.0214999958989,0.7110999940778129,3.0186999938450754,True,272.9326217736497
RSA+AES-256,5000,4,1493,90.26439999433933,0.6647999980486929,2.9778999960399233,True,272.9326217736497
RSA+AES-256,5000,4,1494,160.78610000113258,0.6500999952550046,2.9419999991660006,True,272.9326217736497
RSA+AES-256,5000,4,1495,107.56310000579106,0.5893999987165444,2.9357999956118874,True,272.9326217736497
RSA+AES-256,5000,4,1496,755.6100000001607,0.8462999976472929,3.001999997650273,True,272.9326217736497
RSA+AES-256,5000,4,1497,212.1763999966788,0.5812000017613173,2.972599999338854,True,272.9326217736497
RSA+AES-256,5000,4,1498,494.42850000195904,0.6614999947487377,2.93470000178786,True,272.9326217736497
RSA+AES-256,5000,4,1499,599.1276999993715,0.6540000031236559,3.0690999992657453,True,272.9326217736497
RSA+AES-256,5000,4,1500,804.1301999983261,0.683400001435075,3.010699998412747,True,272.9326217736497
RSA+AES-256,5000,4,1501,1104.3362000054913,0.6582999994861893,2.955700001621153,True,272.9326217736497
RSA+AES-256,5000,4,1502,386.6665999958059,0.6681000013486482,2.9458999997586943,True,272.9326217736497
RSA+AES-256,5000,4,1503,1666.2270999950124,0.6827999968663789,2.95689999620663,True,272.9326217736497
RSA+AES-256,5000,4,1504,525.4025999965961,0.7349000006797723,2.994499998749234,True,272.9326217736497
RSA+AES-256,5000,4,1505,512.8810000023805,0.618800004303921,2.9662000015378,True,272.9326217736497
RSA+AES-256,5000,4,1506,568.6860999994678,0.661599995510187,2.9884999967180192,True,272.9326217736497
RSA+AES-256,5000,4,1507,587.2828000065056,0.7227999958558939,2.9969999959575944,True,272.9326217736497
RSA+AES-256,5000,4,1508,221.52120000100695,0.6200999996508472,2.914900003816001,True,272.9326217736497
RSA+AES-256,5000,4,1509,963.3355999976629,0.6775000001653098,3.049700004339684,True,272.9326217736497
RSA+AES-256,5000,4,1510,1001.4373000012711,0.6656000041402876,2.9521000033128075,True,272.9326217736497
RSA+AES-256,5000,4,1511,472.5523999950383,0.6890000004204921,2.9313999984879047,True,272.9326217736497
RSA+AES-256,5000,4,1512,690.2253000007477,0.6425000028684735,2.958799996122252,True,272.9326217736497
RSA+AES-256,5000,4,1513,330.15400000294903,0.6419999990612268,2.8775999962817878,True,272.9326217736497
RSA+AES-256,5000,4,1514,611.1852000030922,0.6546000004163943,2.937099998234771,True,272.9326217736497
RSA+AES-256,5000,4,1515,342.8392999994685,0.6766999940737151,2.9881000009481795,True,272.9326217736497
RSA+AES-256,5000,4,1516,771.0431999948923,0.7046999962767586,3.032500004337635,True,272.9326217736497
RSA+AES-256,5000,4,1517,1889.40609999554,0.6951999966986477,2.991699999256525,True,272.9326217736497
RSA+AES-256,5000,4,1518,1197.1713999955682,0.7211999982246198,3.0009999973117374,True,272.9326217736497
RSA+AES-256,5000,4,1519,465.08729999914067,0.6910000010975637,2.9532999978982843,True,272.9326217736497
RSA+AES-256,5000,4,1520,143.86650000233203,0.6333999990602024,3.0141000024741516,True,272.9326217736497
RSA+AES-256,5000,4,1521,826.3288000016473,0.6231000006664544,3.0595999996876344,True,272.9326217736497
RSA+AES-256,5000,4,1522,127.26619999739341,0.6219999995664693,2.918600002885796,True,272.9326217736497
RSA+AES-256,5000,4,1523,1416.7056999940542,0.6791000050725415,2.973700000438839,True,272.9326217736497
RSA+AES-256,5000,4,1524,960.1646000010078,0.6919999941601418,2.937400000519119,True,272.9326217736497
RSA+AES-256,5000,4,1525,2282.2458000009647,0.7006000014371239,3.081800001382362,True,272.9326217736497
RSA+AES-256,5000,4,1526,155.46029999677557,0.633100004051812,2.980199999001343,True,272.9326217736497
RSA+AES-256,5000,4,1527,410.93659999751253,0.7087000049068592,2.9914999977336265,True,272.9326217736497
RSA+AES-256,5000,4,1528,297.01919999934034,0.7116000051610172,2.9532000044127926,True,272.9326217736497
RSA+AES-256,5000,4,1529,149.17630000127247,0.6839999987278134,3.3780999947339296,True,272.9326217736497
RSA+AES-256,5000,4,1530,2473.8337000017054,0.6637999977101572,2.9352999990805984,True,272.9326217736497
RSA+AES-256,5000,4,1531,1290.742000004684,0.6635999961872585,2.880700005334802,True,272.9326217736497
RSA+AES-256,5000,4,1532,265.09839999926044,0.6543999988934956,2.952700000605546,True,272.9326217736497
RSA+AES-256,5000,4,1533,372.73629999981495,0.6596999955945648,2.9265999983181246,True,272.9326217736497
RSA+AES-256,5000,4,1534,725.9609000029741,0.6831999999121763,3.045500001462642,True,272.9326217736497
RSA+AES-256,5000,4,1535,514.6784000025946,0.6561000045621768,2.909600007114932,True,272.9326217736497
RSA+AES-256,5000,4,1536,815.5562000029022,0.6461000011768192,2.8946999955223873,True,272.9326217736497
RSA+AES-256,5000,4,1537,262.5713999950676,0.6567000018549152,2.9674000033992343,True,272.9326217736497
RSA+AES-256,5000,4,1538,187.60140000085812,0.6580999979632907,2.9855999964638613,True,272.9326217736497
RSA+AES-256,5000,4,1539,542.4682999946526,0.7075999965309165,2.9826999962097034,True,272.9326217736497
RSA+AES-256,5000,4,1540,194.18130000121891,0.6176000024424866,2.990100001625251,True,272.9326217736497
RSA+AES-256,5000,4,1541,311.4687999986927,0.6849999990663491,2.9319000022951514,True,272.9326217736497
RSA+AES-256,5000,4,1542,102.27239999949234,0.5986000032862648,3.0303000021376647,True,272.9326217736497
RSA+AES-256,5000,4,1543,524.4999999995343,0.6933000040589832,2.9687999995076098,True,272.9326217736497
RSA+AES-256,5000,4,1544,929.8701000006986,0.6712000031257048,2.990299995872192,True,272.9326217736497
RSA+AES-256,5000,4,1545,449.87140000012005,0.6665000037173741,2.8612999958568253,True,272.9326217736497
RSA+AES-256,5000,4,1546,130.0610999969649,0.6604000009247102,2.915200006100349,True,272.9326217736497
RSA+AES-256,5000,4,1547,1040.169899999455,0.6708000000799075,2.952700000605546,True,272.9326217736497
RSA+AES-256,5000,4,1548,1530.509299998812,0.8329999982379377,3.0734000029042363,True,272.9326217736497
RSA+AES-256,5000,4,1549,328.2861999978195,0.6417999975383282,2.9714000047533773,True,272.9326217736497
RSA+AES-256,5000,4,1550,834.4653000021935,0.6571999983862042,2.9082999972160906,True,272.9326217736497
RSA+AES-256,5000,4,1551,238.06450000120094,0.5976000029477291,3.3430999974370934,True,272.9326217736497
RSA+AES-256,5000,4,1552,655.3169000035268,0.6823000003350899,2.96100000559818,True,272.9326217736497
RSA+AES-256,5000,4,1553,695.7017000022461,0.6742999976268038,2.9542000047513284,True,272.9326217736497
RSA+AES-256,5000,4,1554,674.0750999961165,0.6634000019403175,3.28359999548411,True,272.9326217736497
RSA+AES-256,5000,4,1555,853.3281999989413,0.6549000027007423,2.868200004741084,True,272.9326217736497
RSA+AES-256,5000,4,1556,725.320899997314,0.698800002282951,3.000099997734651,True,272.9326217736497
RSA+AES-256,5000,4,1557,155.35530000488507,0.6356000012601726,2.996200004417915,True,272.9326217736497
RSA+AES-256,5000,4,1558,951.5883999993093,0.7696000029682182,2.9305999996722676,True,272.9326217736497
RSA+AES-256,5000,4,1559,422.3894000024302,0.6085999993956648,3.000400000018999,True,272.9326217736497
RSA+AES-256,5000,4,1560,580.8058000038727,0.6892999954288825,2.977499992994126,True,272.9326217736497
RSA+AES-256,5000,4,1561,1057.8219999952125,0.6814000007580034,2.931000002718065,True,272.9326217736497
RSA+AES-256,5000,4,1562,815.5819999956293,0.6177000032039359,3.008599996974226,True,272.9326217736497
RSA+AES-256,5000,4,1563,1140.2452000038465,0.694800000928808,2.9907999996794388,True,272.9326217736497
RSA+AES-256,5000,4,1564,54.60920000041369,0.6095999997342005,2.987299994856585,True,272.9326217736497
RSA+AES-256,5000,4,1565,414.3312000014703,0.6919000006746501,2.9525999998440966,True,272.9326217736497
RSA+AES-256,5000,4,1566,1440.90259999939,0.7005000006756745,3.1688000017311424,True,272.9326217736497
RSA+AES-256,5000,4,1567,244.91950000083307,0.6423000013455749,3.1531999993603677,True,272.9326217736497
RSA+AES-256,5000,4,1568,759.7727000029408,0.7144999981392175,2.9005999967921525,True,272.9326217736497
RSA+AES-256,5000,4,1569,1058.0559999943944,0.6868999989819713,2.9680000006919727,True,272.9326217736497
RSA+AES-256,5000,4,1570,548.2368000011775,0.6835000021965243,2.943999999843072,True,272.9326217736497
RSA+AES-256,5000,4,1571,429.9998999995296,0.6667999987257645,2.9419999991660006,True,272.9326217736497
RSA+AES-256,5000,4,1572,296.71200000302633,0.6155000010039657,2.9763999991700985,True,272.9326217736497
RSA+AES-256,5000,4,1573,1407.5968999968609,0.6770000036340207,2.950900001451373,True,272.9326217736497
RSA+AES-256,5000,4,1574,849.9621000009938,0.6831999999121763,2.9555000000982545,True,272.9326217736497
RSA+AES-256,5000,4,1575,904.256699999678,0.6721000027027912,2.9350999975576997,True,272.9326217736497
RSA+AES-256,5000,4,1576,583.9373999988311,0.6914999976288527,3.024100005859509,True,272.9326217736497
RSA+AES-256,5000,4,1577,426.1001999984728,0.6719000011798926,2.9855999964638613,True,272.9326217736497
RSA+AES-256,5000,4,1578,179.12369999976363,0.6226999976206571,2.9903999966336414,True,272.9326217736497
RSA+AES-256,5000,4,1579,210.18599999661092,0.7010000044829212,3.005200000188779,True,272.9326217736497
RSA+AES-256,5000,4,1580,695.9807000021101,0.6545000069309026,2.8693999993265606,True,272.9326217736497
RSA+AES-256,5000,4,1581,435.92440000065835,0.6014000027789734,2.9763999991700985,True,272.9326217736497
RSA+AES-256,5000,4,1582,506.3607999982196,0.686799998220522,2.977600001031533,True,272.9326217736497
RSA+AES-256,5000,4,1583,1251.5945999984979,0.6928000002517365,3.010000000358559,True,272.9326217736497
RSA+AES-256,5000,4,1584,764.9982000002638,0.6844000017736107,2.8983000011066906,True,272.9326217736497
RSA+AES-256,5000,4,1585,744.7821000023396,0.6571999983862042,2.9827999969711527,True,272.9326217736497
RSA+AES-256,5000,4,1586,1012.2365999995964,0.6729000015184283,3.2248999996227212,True,272.9326217736497
RSA+AES-256,5000,4,1587,434.33570000343025,0.67299999500392,2.8813000026275404,True,272.9326217736497
RSA+AES-256,5000,4,1588,479.0846000032616,0.6015999970259145,2.93729999975767,True,272.9326217736497
RSA+AES-256,5000,4,1589,816.5278999949805,0.6839000052423216,2.9614999948535115,True,272.9326217736497
RSA+AES-256,5000,4,1590,328.657199999725,0.6083999978727661,3.056100002140738,True,272.9326217736497
RSA+AES-256,5000,4,1591,914.1488999957801,0.6868999989819713,3.0123000033199787,True,272.9326217736497
RSA+AES-256,5000,4,1592,407.0186000026297,0.6830999991507269,2.973299997393042,True,272.9326217736497
RSA+AES-256,5000,4,1593,703.5037999958149,0.661599995510187,3.1094000005396083,True,272.9326217736497
RSA+AES-256,5000,4,1594,377.1323000037228,0.6877999985590577,2.9859999995096587,True,272.9326217736497
RSA+AES-256,5000,4,1595,676.3435000029858,0.6582999994861893,2.8690999970422126,True,272.9326217736497
RSA+AES-256,5000,4,1596,876.5114999987418,0.6685999978799373,2.93470000178786,True,272.9326217736497
RSA+AES-256,5000,4,1597,638.5704999993322,0.629100002697669,2.9962999979034066,True,272.9326217736497
RSA+AES-256,5000,4,1598,539.8186999955215,0.68710000050487,2.9431000002659857,True,272.9326217736497
RSA+AES-256,5000,4,1599,1387.6522000064142,0.6590000048163347,2.9122999985702336,True,272.9326217736497
RSA+AES-256,5000,4,1600,890.1807000002009,0.6681000013486482,2.9693000033148564,True,272.9326217736497
RSA+AES-256,5000,4,1601,520.8443999945302,0.6966000000829808,2.961800004413817,True,272.9326217736497
RSA+AES-256,5000,4,1602,201.16740000230493,0.6415000025299378,2.9645000031450763,True,272.9326217736497
RSA+AES-256,5000,4,1603,313.7617999964277,0.6730000022798777,2.969399996800348,True,272.9326217736497
RSA+AES-256,5000,4,1604,434.25030000071274,0.644200001261197,3.1280000039259903,True,272.9326217736497
RSA+AES-256,5000,4,1605,462.3881000006804,0.6743000049027614,2.9749000023002736,True,272.9326217736497
RSA+AES-256,5000,4,1606,973.0988000010257,0.6554999999934807,2.873500001442153,True,272.9326217736497
RSA+AES-256,5000,4,1607,1885.445300002175,0.709700005245395,2.9891000012867153,True,272.9326217736497
RSA+AES-256,5000,4,1608,1241.0856999995303,0.6782999989809468,2.97359999967739,True,272.9326217736497
RSA+AES-256,5000,4,1609,1541.8107000004966,0.6632000004174188,2.8985000026295893,True,272.9326217736497
RSA+AES-256,5000,4,1610,363.9097999985097,0.6845999960205518,3.1061000045156106,True,272.9326217736497
RSA+AES-256,5000,4,1611,1125.400400000217,0.6846999967820011,2.994900001795031,True,272.9326217736497
RSA+AES-256,5000,4,1612,286.7104000033578,0.668999993649777,2.947399996628519,True,272.9326217736497
RSA+AES-256,5000,4,1613,329.643600001873,0.6531000035465695,2.9761999976472,True,272.9326217736497
RSA+AES-256,5000,4,1614,594.8040000002948,0.651299997116439,2.91319999814732,True,272.9326217736497
RSA+AES-256,5000,4,1615,298.7130999972578,0.698199997714255,3.014200003235601,True,272.9326217736497
RSA+AES-256,5000,4,1616,218.79320000152802,0.6460000004153699,2.8896999938297085,True,272.9326217736497
RSA+AES-256,5000,4,1617,499.80179999693064,0.6787000020267442,2.87949999619741,True,272.9326217736497
RSA+AES-256,5000,4,1618,218.85959999781335,0.6380000049830414,2.9954999990877695,True,272.9326217736497
RSA+AES-256,5000,4,1619,720.2963000017917,0.6794000000809319,2.9224000027170405,True,272.9326217736497
RSA+AES-256,5000,4,1620,561.6101999985403,0.7684000011067837,3.1047000011312775,True,272.9326217736497
RSA+AES-256,5000,4,1621,518.6508000042522,0.6738000010955147,3.0676000023959205,True,272.9326217736497
RSA+AES-256,5000,4,1622,469.84689999953844,0.665100000333041,2.9656000042450614,True,272.9326217736497
RSA+AES-256,5000,4,1623,344.1238000013982,0.6558000022778288,2.8736000022036023,True,272.9326217736497
RSA+AES-256,5000,4,1624,857.644399999117,0.6751000037183985,2.9675000041606836,True,272.9326217736497
RSA+AES-256,5000,4,1625,626.2457999982871,0.6680000005871989,2.9536000001826324,True,272.9326217736497
RSA+AES-256,5000,4,1626,509.18649999948684,0.651100002869498,2.853900004993193,True,272.9326217736497
RSA+AES-256,5000,4,1627,2231.00279999926,0.6718000004184432,2.8995999964536168,True,272.9326217736497
RSA+AES-256,5000,4,1628,809.7272000013618,0.6183000004966743,2.963799997814931,True,272.9326217736497
RSA+AES-256,5000,4,1629,675.2949000001536,0.6481999953393824,2.878600003896281,True,272.9326217736497
RSA+AES-256,5000,4,1630,122.08939999982249,0.731100000848528,2.922600004239939,True,272.9326217736497
RSA+AES-256,5000,4,1631,544.6437000064179,0.6839999987278134,2.992099995026365,True,272.9326217736497
RSA+AES-256,5000,4,1632,588.2025999962934,0.6603000001632608,2.927499997895211,True,272.9326217736497
RSA+AES-256,5000,4,1633,954.5752999983961,0.6839999987278134,2.9111000039847568,True,272.9326217736497
RSA+AES-256,5000,4,1634,1245.169399997394,0.6698999932268634,2.891999996791128,True,272.9326217736497
RSA+AES-256,5000,4,1635,759.7943000000669,0.6671000010101125,2.882799999497365,True,272.9326217736497
RSA+AES-256,5000,4,1636,278.7372999955551,0.7072000007610768,3.0073000016273,True,272.9326217736497
RSA+AES-256,5000,4,1637,1929.4305000003078,0.7140000016079284,2.9605000017909333,True,272.9326217736497
RSA+AES-256,5000,4,1638,1157.366200000979,0.6789999970351346,2.9980999970575795,True,272.9326217736497
RSA+AES-256,5000,4,1639,194.10500000230968,0.6190999993123114,2.957199998490978,True,272.9326217736497
RSA+AES-256,5000,4,1640,388.1247999961488,0.6720000019413419,2.992899993842002,True,272.9326217736497
RSA+AES-256,5000,4,1641,140.762300005008,0.6674000032944605,2.918300000601448,True,272.9326217736497
RSA+AES-256,5000,4,1642,207.55510000162758,0.6741999968653545,2.9595000014523976,True,272.9326217736497
RSA+AES-256,5000,4,1643,197.58110000111628,0.6448999993153848,2.97359999967739,True,272.9326217736497
RSA+AES-256,5000,4,1644,634.4333999950322,0.6959000020287931,3.0014000003575347,True,272.9326217736497
RSA+AES-256,5000,4,1645,980.9142000012798,0.7030000051599927,2.9579000038211234,True,272.9326217736497
RSA+AES-256,5000,4,1646,740.5982999989646,0.6685999978799373,3.015800000866875,True,272.9326217736497
RSA+AES-256,5000,4,1647,361.1412000027485,0.6682000021100976,2.890700001444202,True,272.9326217736497
RSA+AES-256,5000,4,1648,739.2052000068361,0.6762999983038753,3.0101000011200085,True,272.9326217736497
RSA+AES-256,5000,4,1649,1767.897500001709,0.6399999983841553,2.923300002294127,True,272.9326217736497
RSA+AES-256,5000,4,1650,668.3892000000924,0.6164999940665439,2.9399000050034374,True,272.9326217736497
RSA+AES-256,5000,4,1651,304.79709999781335,0.6654999961028807,3.0571999959647655,True,272.9326217736497
RSA+AES-256,5000,4,1652,221.83750000112923,0.6952999974600971,3.0211999983293936,True,272.9326217736497
RSA+AES-256,5000,4,1653,103.5695000027772,0.6024999966030009,2.8612999958568253,True,272.9326217736497
RSA+AES-256,5000,4,1654,1224.9785000021802,0.6977000011829659,2.9807000028085895,True,272.9326217736497
RSA+AES-256,5000,4,1655,687.9581999965012,0.6709000008413568,2.8898000018671155,True,272.9326217736497
RSA+AES-256,5000,4,1656,755.9373999974923,0.6157000025268644,2.9731999966315925,True,272.9326217736497
RSA+AES-256,5000,4,1657,356.38929999549873,0.702800003637094,2.8988000049139373,True,272.9326217736497
RSA+AES-256,5000,4,1658,323.0256000024383,0.6257999993977137,2.954600000521168,True,272.9326217736497
RSA+AES-256,5000,4,1659,353.2855000012205,0.6958999947528355,3.093500003160443,True,272.9326217736497
RSA+AES-256,5000,4,1660,506.21590000082506,0.659100005577784,2.9577000022982247,True,272.9326217736497
RSA+AES-256,5000,4,1661,282.6900000000023,0.6752999979653396,2.9845999961253256,True,272.9326217736497
RSA+AES-256,5000,4,1662,610.009900003206,0.6505999990622513,3.027599996130448,True,272.9326217736497
RSA+AES-256,5000,4,1663,401.91649999906076,0.6012999947415665,3.005999999004416,True,272.9326217736497
RSA+AES-256,5000,4,1664,224.89580000546994,0.6140000041341409,2.94690000009723,True,272.9326217736497
RSA+AES-256,5000,4,1665,1912.4519000033615,0.6853999948361889,3.015199996298179,True,272.9326217736497
RSA+AES-256,5000,4,1666,1616.156600000977,0.6808999969507568,3.033300003153272,True,272.9326217736497
RSA+AES-256,5000,4,1667,267.79529999475926,0.6464000034611672,3.176799997163471,True,272.9326217736497
RSA+AES-256,5000,4,1668,659.9252999949385,0.6350999974529259,3.0020999984117225,True,272.9326217736497
RSA+AES-256,5000,4,1669,229.05480000190437,0.6584000002476387,2.907699999923352,True,272.9326217736497
RSA+AES-256,5000,4,1670,203.28470000094967,0.6426999971154146,3.0220000044209883,True,272.9326217736497
RSA+AES-256,5000,4,1671,965.1138999979594,0.6961999970371835,2.976800002215896,True,272.9326217736497
RSA+AES-256,5000,4,1672,2938.123199994152,0.6789000035496429,2.9649999996763654,True,272.9326217736497
RSA+AES-256,5000,4,1673,477.1007000017562,0.7322999954340048,2.900200001022313,True,272.9326217736497
RSA+AES-256,5000,4,1674,1102.9169000030379,0.6199999988893978,2.9823000004398637,True,272.9326217736497
RSA+AES-256,5000,4,1675,480.3998999996111,0.6804000004194677,2.964899998914916,True,272.9326217736497
RSA+AES-256,5000,4,1676,1183.6672999997973,0.6720999954268336,3.077499997743871,True,272.9326217736497
RSA+AES-256,5000,4,1677,1174.5303999996395,0.6939000013517216,2.960400001029484,True,272.9326217736497
RSA+AES-256,5000,4,1678,113.90439999377122,0.5802999949082732,2.86210000194842,True,272.9326217736497
RSA+AES-256,5000,4,1679,1615.080700001272,0.6670000002486631,2.9376999955275096,True,272.9326217736497
RSA+AES-256,5000,4,1680,665.7814000063809,0.7031999994069338,2.907899994170293,True,272.9326217736497
RSA+AES-256,5000,4,1681,530.9987000000547,0.6762000048183836,2.986700004839804,True,272.9326217736497
RSA+AES-256,5000,4,1682,878.5774999996647,0.6787000020267442,2.995599999849219,True,272.9326217736497
RSA+AES-256,5000,4,1683,467.9980000000796,0.6486000056611374,2.8967000034754165,True,272.9326217736497
RSA+AES-256,5000,4,1684,1209.2443000001367,0.64820000261534,2.921999999671243,True,272.9326217736497
RSA+AES-256,5000,4,1685,546.2991000022157,0.8438000004389323,3.1678000013926066,True,272.9326217736497
RSA+AES-256,5000,4,1686,723.1494000006933,0.6634000019403175,2.9122999985702336,True,272.9326217736497
RSA+AES-256,5000,4,1687,246.9208999973489,0.6553000057465397,2.9778000025544316,True,272.9326217736497
RSA+AES-256,5000,4,1688,1812.4844999983907,0.6596000021090731,2.8909000029671006,True,272.9326217736497
RSA+AES-256,5000,4,1689,350.68840000167256,0.6171000059111975,3.0263000007835217,True,272.9326217736497
RSA+AES-256,5000,4,1690,95.02429999702144,0.6489000006695278,2.9503999976441264,True,272.9326217736497
RSA+AES-256,5000,4,1691,991.4485999979661,0.6420999998226762,3.0334000039147213,True,272.9326217736497
RSA+AES-256,5000,4,1692,120.40780000097584,0.6327000010060146,2.869300005841069,True,272.9326217736497
RSA+AES-256,5000,4,1693,362.7330999952392,0.6945000059204176,3.0805999995209277,True,272.9326217736497
RSA+AES-256,5000,4,1694,1168.012699999963,0.6617999970330857,3.019000003405381,True,272.9326217736497
RSA+AES-256,5000,4,1695,1088.8066999978037,0.6285000054049306,2.9856999972253107,True,272.9326217736497
RSA+AES-256,5000,4,1696,923.7460999938776,0.6390000053215772,2.994499998749234,True,272.9326217736497
RSA+AES-256,5000,4,1697,463.0172999968636,0.6669000067631714,2.882600005250424,True,272.9326217736497
RSA+AES-256,5000,4,1698,274.6140000017476,0.6572999991476536,2.8782000008504838,True,272.9326217736497
RSA+AES-256,5000,4,1699,378.7464000051841,0.6629999988945201,2.9004000025452115,True,272.9326217736497
RSA+AES-256,5000,4,1700,422.13880000053905,0.6474999972851947,2.861199995095376,True,272.9326217736497
RSA+AES-256,5000,4,1701,677.4189999996452,0.6962999977986328,2.9947000002721325,True,272.9326217736497
RSA+AES-256,5000,4,1702,962.4607000005199,0.6168999971123412,2.9628999982378446,True,272.9326217736497
RSA+AES-256,5000,4,1703,2427.0325000034063,0.6607999966945499,2.8509999974630773,True,272.9326217736497
RSA+AES-256,5000,4,1704,495.15149999933783,0.6470999942393973,2.884599998651538,True,272.9326217736497
RSA+AES-256,5000,4,1705,303.8567999974475,0.6665000037173741,2.94209999992745,True,272.9326217736497
RSA+AES-256,5000,4,1706,736.2184000012348,0.6974999996600673,3.0277999976533465,True,272.9326217736497
RSA+AES-256,5000,4,1707,944.2373999991105,0.6808999969507568,2.8842000028816983,True,272.9326217736497
RSA+AES-256,5000,4,1708,1340.6592000028468,0.6607999966945499,2.9063999973004684,True,272.9326217736497
RSA+AES-256,5000,4,1709,805.5046000008588,0.665100000333041,2.9122999985702336,True,272.9326217736497
RSA+AES-256,5000,4,1710,646.9257999997353,0.6818000038038008,3.005899998242967,True,272.9326217736497
RSA+AES-256,5000,4,1711,456.33120000275085,0.6785000005038455,3.0796999999438412,True,272.9326217736497
RSA+AES-256,5000,4,1712,317.57870000001276,0.6572999991476536,2.943899999081623,True,272.9326217736497
RSA+AES-256,5000,4,1713,1377.9074999984005,0.6649999995715916,2.8917000017827377,True,272.9326217736497
RSA+AES-256,5000,4,1714,448.0905999953393,0.6829000049037859,2.9630999997607432,True,272.9326217736497
RSA+AES-256,5000,4,1715,301.2793000016245,0.6782999989809468,2.982099998916965,True,272.9326217736497
RSA+AES-256,5000,4,1716,1231.9289000006393,0.6514999986393377,3.09729999571573,True,272.9326217736497
RSA+AES-256,5000,4,1717,467.55680000205757,0.6753999987267889,2.8795999969588593,True,272.9326217736497
RSA+AES-256,5000,4,1718,1544.817599999078,0.6976000004215166,3.115599996817764,True,272.9326217736497
RSA+AES-256,5000,4,1719,283.3997999987332,0.6990000038058497,3.1710999974166043,True,272.9326217736497
RSA+AES-256,5000,4,1720,834.1039000006276,0.6829999983892776,2.897099999245256,True,272.9326217736497
RSA+AES-256,5000,4,1721,534.9449999994249,0.6675999975414015,2.9288999940035865,True,272.9326217736497
RSA+AES-256,5000,4,1722,549.5664000045508,0.6854000021121465,2.9974000062793493,True,272.9326217736497
RSA+AES-256,5000,4,1723,568.2481999974698,0.6725999992340803,2.9722000035690144,True,272.9326217736497
RSA+AES-256,5000,4,1724,406.87140000227373,0.6552999984705821,2.882499997213017,True,272.9326217736497
RSA+AES-256,5000,4,1725,717.6839999956428,0.6896999984746799,2.9576000015367754,True,272.9326217736497
RSA+AES-256,5000,4,1726,348.3076000047731,0.6807000027038157,3.0039999983273447,True,272.9326217736497
RSA+AES-256,5000,4,1727,357.5645999953849,0.7039999982225709,2.9488000000128523,True,272.9326217736497
RSA+AES-256,5000,4,1728,814.2936000003829,0.6700000012642704,2.95880000339821,True,272.9326217736497
RSA+AES-256,5000,4,1729,356.3914999976987,0.6567000018549152,2.912599993578624,True,272.9326217736497
RSA+AES-256,5000,4,1730,408.0210999964038,0.644200001261197,2.9085999995004386,True,272.9326217736497
RSA+AES-256,5000,4,1731,443.42889999825275,0.651599999400787,2.863900001102593,True,272.9326217736497
RSA+AES-256,5000,4,1732,1063.2685000018682,0.6974999996600673,3.0101000011200085,True,272.9326217736497
RSA+AES-256,5000,4,1733,448.4214999974938,0.7000999976298772,2.9429999995045364,True,272.9326217736497
RSA+AES-256,5000,4,1734,485.25920000247424,0.6944000051589683,3.020999996806495,True,272.9326217736497
RSA+AES-256,5000,4,1735,1359.1919000027701,0.6759999960195273,2.9453999959514476,True,272.9326217736497
RSA+AES-256,5000,4,1736,1171.7067999998108,0.6713000038871542,2.9447999986587092,True,272.9326217736497
RSA+AES-256,5000,4,1737,406.6117000038503,0.7070999999996275,2.949000001535751,True,272.9326217736497
RSA+AES-256,5000,4,1738,1122.683000001416,0.6704999977955595,2.9786999948555604,True,272.9326217736497
RSA+AES-256,5000,4,1739,1364.1342999981134,0.6912000026204623,2.9756000003544614,True,272.9326217736497
RSA+AES-256,5000,4,1740,701.1634000009508,0.6443000020226464,2.9759000026388094,True,272.9326217736497
RSA+AES-256,5000,4,1741,690.1443000024301,0.6754999994882382,3.0077000046730973,True,272.9326217736497
RSA+AES-256,5000,4,1742,1045.726399999694,0.6563999995705672,2.910900002461858,True,272.9326217736497
RSA+AES-256,5000,4,1743,937.8599000046961,0.6885000038892031,3.0189999961294234,True,272.9326217736497
RSA+AES-256,5000,4,1744,982.647700002417,0.672199996188283,2.9562999989138916,True,272.9326217736497
RSA+AES-256,5000,4,1745,973.7705999941682,0.6921999956830405,2.918300000601448,True,272.9326217736497
RSA+AES-256,5000,4,1746,506.7756999997073,0.7056000031298026,2.962500002468005,True,272.9326217736497
RSA+AES-256,5000,4,1747,724.0265000000363,0.6561000045621768,2.9417000041576102,True,272.9326217736497
RSA+AES-256,5000,4,1748,623.179700000037,0.6753999987267889,3.3488999979454093,True,272.9326217736497
RSA+AES-256,5000,4,1749,682.6493999978993,0.6757000010111369,2.9794999936711974,True,272.9326217736497
RSA+AES-256,5000,4,1750,110.38419999385951,0.6524000054923818,2.9371999989962205,True,272.9326217736497
RSA+AES-256,5000,4,1751,716.9912999961525,0.6652000010944903,2.881200001866091,True,272.9326217736497
RSA+AES-256,5000,4,1752,788.5303999937605,0.6987999950069934,2.9876000044168904,True,272.9326217736497
RSA+AES-256,5000,4,1753,117.9552000030526,0.6773999994038604,2.974399998493027,True,272.9326217736497
RSA+AES-256,5000,4,1754,896.3453999967896,0.6855000028735958,2.9071999961161055,True,272.9326217736497
RSA+AES-256,5000,4,1755,684.0871000022162,0.6234999964362942,2.926699999079574,True,272.9326217736497
RSA+AES-256,5000,4,1756,573.9505999954417,0.6648999988101423,2.9055999984848313,True,272.9326217736497
RSA+AES-256,5000,4,1757,176.82179999974323,0.6853999948361889,3.0346999992616475,True,272.9326217736497
RSA+AES-256,5000,4,1758,207.57299999968382,0.6206999969435856,2.9264000040711835,True,272.9326217736497
RSA+AES-256,5000,4,1759,925.3333000015118,0.6613000005017966,2.932900002633687,True,272.9326217736497
RSA+AES-256,5000,4,1760,143.26799999980722,0.6624000016017817,2.9180000055930577,True,272.9326217736497
RSA+AES-256,5000,4,1761,132.0417999959318,0.6280000015976839,2.8795999969588593,True,272.9326217736497
RSA+AES-256,5000,4,1762,506.3757000025362,0.6763000055798329,2.9598000037367456,True,272.9326217736497
RSA+AES-256,5000,4,1763,186.15610000415472,0.6806000019423664,2.8842000028816983,True,272.9326217736497
RSA+AES-256,5000,4,1764,586.7979999966337,0.6754999994882382,2.964400002383627,True,272.9326217736497
RSA+AES-256,5000,4,1765,803.4935999967274,0.665899999148678,2.9610999990836717,True,272.9326217736497
RSA+AES-256,5000,4,1766,200.83689999592025,0.6744999991497025,2.9866999975638464,True,272.9326217736497
RSA+AES-256,5000,4,1767,530.6567000006908,0.6314999991445802,2.951599999505561,True,272.9326217736497
RSA+AES-256,5000,4,1768,293.41700000077253,0.6817000030423515,2.9828000042471103,True,272.9326217736497
RSA+AES-256,5000,4,1769,360.7849999971222,0.633100004051812,2.9596999956993386,True,272.9326217736497
RSA+AES-256,5000,4,1770,1362.1099999945727,0.6678999998257495,2.945300002465956,True,272.9326217736497
RSA+AES-256,5000,4,1771,1059.3176999973366,0.7031999994069338,3.0203000060282648,True,272.9326217736497
RSA+AES-256,5000,4,1772,941.8872999958694,0.672800000756979,2.952300004835706,True,272.9326217736497
RSA+AES-256,5000,4,1773,506.65049999952316,0.6924999979673885,2.9474000039044768,True,272.9326217736497
RSA+AES-256,5000,4,1774,564.2511999976705,0.6614999947487377,2.9661000007763505,True,272.9326217736497
RSA+AES-256,5000,4,1775,997.9431000028853,0.6040000007487833,2.9624000017065555,True,272.9326217736497
RSA+AES-256,5000,4,1776,295.2391999933752,0.6420999998226762,2.8692999985651113,True,272.9326217736497
RSA+AES-256,5000,4,1777,516.7232000021613,0.6644000022788532,3.0336999989231117,True,272.9326217736497
RSA+AES-256,5000,4,1778,508.98729999607895,0.6758000017725863,2.9104999994160607,True,272.9326217736497
RSA+AES-256,5000,4,1779,1673.4091000034823,0.6919000006746501,2.986100000271108,True,272.9326217736497
RSA+AES-256,5000,4,1780,1518.5987000004388,0.6761000040569343,3.0157000001054257,True,272.9326217736497
RSA+AES-256,5000,4,1781,599.731200003589,0.7150999954319559,3.331599997181911,True,272.9326217736497
RSA+AES-256,5000,4,1782,420.4738000044017,0.6691999951726757,3.002299999934621,True,272.9326217736497
RSA+AES-256,5000,4,1783,1604.5071000044118,0.6422999940696172,2.8716999950120226,True,272.9326217736497
RSA+AES-256,5000,4,1784,468.8783000019612,0.6921000021975487,3.020299998752307,True,272.9326217736497
RSA+AES-256,5000,4,1785,1292.204799996398,0.644200001261197,2.9928000003565103,True,272.9326217736497
RSA+AES-256,5000,4,1786,422.08589999791,0.6198999981279485,2.9492999965441413,True,272.9326217736497
RSA+AES-256,5000,4,1787,2433.5080000018934,0.666200001433026,2.9192000001785345,True,272.9326217736497
RSA+AES-256,5000,4,1788,684.5151000015903,0.7619000025442801,2.9528000013669953,True,272.9326217736497
RSA+AES-256,5000,4,1789,1705.7388999965042,0.6607000032090582,2.9278999936650507,True,272.9326217736497
RSA+AES-256,5000,4,1790,840.5870999995386,0.7324000034714118,3.039900002477225,True,272.9326217736497
RSA+AES-256,5000,4,1791,256.20200000412297,0.6271999955060892,2.868399998988025,True,272.9326217736497
RSA+AES-256,5000,4,1792,216.31429999979446,0.6091999966884032,2.962699996714946,True,272.9326217736497
RSA+AES-256,5000,4,1793,2573.136999999406,0.6841000067652203,3.012799999851268,True,272.9326217736497
RSA+AES-256,5000,4,1794,351.4708000002429,0.6882999950903468,2.952700000605546,True,272.9326217736497
RSA+AES-256,5000,4,1795,448.0743999956758,0.6701000020257197,2.921699997386895,True,272.9326217736497
RSA+AES-256,5000,4,1796,1213.475099997595,0.6677999990643002,2.977200005261693,True,272.9326217736497
RSA+AES-256,5000,4,1797,866.2991000019247,0.6816000022809021,2.9933999976492487,True,272.9326217736497
RSA+AES-256,5000,4,1798,299.8848999995971,0.7277999975485727,2.9847999976482242,True,272.9326217736497
RSA+AES-256,5000,4,1799,840.2905000039027,0.6724000049871393,2.91060000017751,True,272.9326217736497
RSA+AES-256,5000,4,1800,552.8842999992776,0.6128000022727065,2.982899997732602,True,272.9326217736497
RSA+AES-256,5000,4,1801,1870.9350999997696,0.6554999999934807,2.937100005510729,True,272.9326217736497
RSA+AES-256,5000,4,1802,470.2612000037334,0.6568000026163645,2.965500003483612,True,272.9326217736497
RSA+AES-256,5000,4,1803,296.72540000319714,0.6384000007528812,2.8774000020348467,True,272.9326217736497
RSA+AES-256,5000,4,1804,740.4595000043628,0.6309000018518418,2.9884999967180192,True,272.9326217736497
RSA+AES-256,5000,4,1805,512.8104999967036,0.6959000020287931,2.8938999967067502,True,272.9326217736497
RSA+AES-256,5000,4,1806,634.4989999997779,0.7335999980568886,2.9993999996804632,True,272.9326217736497
RSA+AES-256,5000,4,1807,758.5443999996642,0.6772000051569194,2.9712999967159703,True,272.9326217736497
RSA+AES-256,5000,4,1808,426.65530000522267,0.6754999994882382,3.0108999999356456,True,272.9326217736497
RSA+AES-256,5000,4,1809,1165.1019000055385,0.6485999983851798,2.892799995606765,True,272.9326217736497
RSA+AES-256,5000,4,1810,434.6512999982224,0.7079999995767139,3.0420999974012375,True,272.9326217736497
RSA+AES-256,5000,4,1811,793.6566999997012,0.6941000028746203,3.144400005112402,True,272.9326217736497
RSA+AES-256,5000,4,1812,559.5812000028673,0.6719999946653843,3.0160999958752654,True,272.9326217736497
RSA+AES-256,5000,4,1813,1328.8952999937464,0.6248000063351355,3.0046999963815324,True,272.9326217736497
RSA+AES-256,5000,4,1814,332.08580000064103,0.6250000005820766,3.044899996893946,True,272.9326217736497
RSA+AES-256,5000,4,1815,386.6368000017246,0.6656999976257794,2.9817000031471252,True,272.9326217736497
RSA+AES-256,5000,4,1816,930.7375999997021,0.6562999988091178,2.95170000026701,True,272.9326217736497
RSA+AES-256,5000,4,1817,285.33990000141785,0.6524000054923818,2.9942000037408434,True,272.9326217736497
RSA+AES-256,5000,4,1818,307.33100000361446,0.6691999951726757,2.9757000011159107,True,272.9326217736497
RSA+AES-256,5000,4,1819,597.6807999977609,0.684200000250712,2.9540000032284297,True,272.9326217736497
RSA+AES-256,5000,4,1820,375.0369999979739,0.7612000044900924,2.9990000039106235,True,272.9326217736497
RSA+AES-256,5000,4,1821,1107.7722999980324,0.7257000033860095,2.9980000035720877,True,272.9326217736497
RSA+AES-256,5000,4,1822,785.8046000037575,0.6627000038861297,2.9676999984076247,True,272.9326217736497
RSA+AES-256,5000,4,1823,184.8628000007011,0.611600000411272,2.888999995775521,True,272.9326217736497
RSA+AES-256,5000,4,1824,54.33159999665804,0.6021000008331612,2.946400003565941,True,272.9326217736497
RSA+AES-256,5000,4,1825,394.283000001451,0.6915999983903021,2.972900001623202,True,272.9326217736497
RSA+AES-256,5000,4,1826,1126.5866000030655,0.6934999983059242,2.9827999969711527,True,272.9326217736497
RSA+AES-256,5000,4,1827,426.6198000041186,0.7693000006838702,3.4541999993962236,True,272.9326217736497
RSA+AES-256,5000,4,1828,237.25710000144318,0.7939999995869584,3.6576999991666526,True,272.9326217736497
RSA+AES-256,5000,4,1829,1137.107399998058,0.7289999994100071,3.100800000538584,True,272.9326217736497
RSA+AES-256,5000,4,1830,633.1222000007983,0.6635000027017668,2.9616000028909184,True,272.9326217736497
RSA+AES-256,5000,4,1831,212.18860000226414,0.6601999994018115,2.9834000015398487,True,272.9326217736497
RSA+AES-256,5000,4,1832,403.6286000045948,0.676199997542426,3.21099999564467,True,272.9326217736497
RSA+AES-256,5000,4,1833,368.24659999547293,0.6661000006715767,2.945799998997245,True,272.9326217736497
RSA+AES-256,5000,4,1834,141.67810000071768,0.6439999997382984,3.0647000021417625,True,272.9326217736497
RSA+AES-256,5000,4,1835,774.3837000016356,0.6867000047350302,2.9840999995940365,True,272.9326217736497
RSA+AES-256,5000,4,1836,141.00929999403888,0.6510999955935404,2.9961999971419573,True,272.9326217736497
RSA+AES-256,5000,4,1837,1463.6386999991373,0.6857999978819862,3.0515999969793484,True,272.9326217736497
RSA+AES-256,5000,4,1838,960.5496000003768,0.7219999970402569,2.9481000019586645,True,272.9326217736497
RSA+AES-256,5000,4,1839,472.73410000343574,0.6767000013496727,2.9877999986638315,True,272.9326217736497
RSA+AES-256,5000,4,1840,1172.885200001474,0.6926999994902872,3.054099994187709,True,272.9326217736497
RSA+AES-256,5000,4,1841,357.54020000604214,0.625900000159163,2.9176000025472604,True,272.9326217736497
RSA+AES-256,5000,4,1842,263.047499996901,0.6778999959351495,2.9662000015378,True,272.9326217736497
RSA+AES-256,5000,4,1843,404.39640000113286,0.701700002537109,2.939199999673292,True,272.9326217736497
RSA+AES-256,5000,4,1844,1288.3064999987255,0.6818999972892925,2.943899999081623,True,272.9326217736497
RSA+AES-256,5000,4,1845,1115.3115000051912,0.7005999941611663,2.8953000000910833,True,272.9326217736497
RSA+AES-256,5000,4,1846,418.50910000357544,0.658800003293436,2.933900002972223,True,272.9326217736497
RSA+AES-256,5000,4,1847,431.06580000312533,0.6594000005861744,2.9240000003483146,True,272.9326217736497
RSA+AES-256,5000,4,1848,166.2607999969623,0.6590000048163347,2.9960000028950162,True,272.9326217736497
RSA+AES-256,5000,4,1849,605.3619000012986,0.6853000013506971,2.9458999997586943,True,272.9326217736497
RSA+AES-256,5000,4,1850,726.8174999990151,0.67710000439547,2.9727000001003034,True,272.9326217736497
RSA+AES-256,5000,4,1851,292.865499999607,0.6706999993184581,2.9716999997617677,True,272.9326217736497
RSA+AES-256,5000,4,1852,307.01520000002347,0.662500002363231,2.982700003485661,True,272.9326217736497
RSA+AES-256,5000,4,1853,1102.100199997949,0.684200000250712,2.9855999964638613,True,272.9326217736497
RSA+AES-256,5000,4,1854,2936.8061999994097,0.6515000059152953,2.9682000022148713,True,272.9326217736497
RSA+AES-256,5000,4,1855,636.5876999989268,0.7107000055839308,2.964899998914916,True,272.9326217736497
RSA+AES-256,5000,4,1856,184.0961999987485,0.6269999939831905,3.2590000046184286,True,272.9326217736497
RSA+AES-256,5000,4,1857,503.2338000019081,0.6576000014320016,2.963799997814931,True,272.9326217736497
RSA+AES-256,5000,4,1858,1577.2061000025133,0.6563999995705672,2.998600000864826,True,272.9326217736497
RSA+AES-256,5000,4,1859,636.9870999988052,0.6852000005892478,2.913999996962957,True,272.9326217736497
RSA+AES-256,5000,4,1860,231.70789999858243,0.684200000250712,2.9723000043304637,True,272.9326217736497
RSA+AES-256,5000,4,1861,442.8685000020778,0.6834999949205667,2.9818999973940663,True,272.9326217736497
RSA+AES-256,5000,4,1862,927.3221999974339,0.6786999947507866,2.970699999423232,True,272.9326217736497
RSA+AES-256,5000,4,1863,190.76250000216532,0.6853000013506971,3.0046999963815324,True,272.9326217736497
RSA+AES-256,5000,4,1864,612.357099998917,0.6696000054944307,2.9528000013669953,True,272.9326217736497
RSA+AES-256,5000,4,1865,115.6944000031217,0.5844000042998232,2.9828000042471103,True,272.9326217736497
RSA+AES-256,5000,4,1866,298.58849999436643,0.6356000012601726,3.0142999967210926,True,272.9326217736497
RSA+AES-256,5000,4,1867,172.1079999988433,0.6590999983018264,2.925599997979589,True,272.9326217736497
RSA+AES-256,5000,4,1868,1509.3397999953595,0.6727999934810214,2.9976000005262904,True,272.9326217736497
RSA+AES-256,5000,4,1869,1489.1740000020945,0.731400003132876,2.9987000016262755,True,272.9326217736497
RSA+AES-256,5000,4,1870,386.2398999990546,0.6749999956809916,2.9932000034023076,True,272.9326217736497
RSA+AES-256,5000,4,1871,577.8963999982807,0.9266999986721203,4.310299998905975,True,272.9326217736497
RSA+AES-256,5000,4,1872,725.1286999962758,0.7358000002568588,3.00470000365749,True,272.9326217736497
RSA+AES-256,5000,4,1873,1375.9645999962231,0.6464999969466589,3.0878999968990684,True,272.9326217736497
RSA+AES-256,5000,4,1874,791.4323000004515,0.6905000045662746,3.001199998834636,True,272.9326217736497
RSA+AES-256,5000,4,1875,903.7061999988509,0.6470000007539056,2.977600001031533,True,272.9326217736497
RSA+AES-256,5000,4,1876,357.36719999840716,0.6659999999101274,2.8978999980608933,True,272.9326217736497
RSA+AES-256,5000,4,1877,795.548999994935,0.6816000022809021,2.850400000170339,True,272.9326217736497
RSA+AES-256,5000,4,1878,840.828699998383,0.6670999937341549,2.9367000024649315,True,272.9326217736497
RSA+AES-256,5000,4,1879,120.1260000016191,0.6596999955945648,3.0600000027334318,True,272.9326217736497
RSA+AES-256,5000,4,1880,776.7528999975184,0.6726999999955297,2.998500000103377,True,272.9326217736497
RSA+AES-256,5000,4,1881,1183.4575999964727,0.6643999950028956,2.9419999991660006,True,272.9326217736497
RSA+AES-256,5000,4,1882,582.2620000035386,0.662800004647579,2.989799999340903,True,272.9326217736497
RSA+AES-256,5000,4,1883,428.4168000012869,0.6607999966945499,2.902899999753572,True,272.9326217736497
RSA+AES-256,5000,4,1884,441.64350000210106,0.6552999984705821,2.9192000001785345,True,272.9326217736497
RSA+AES-256,5000,4,1885,2258.3500999971875,0.6611999997403473,2.8965000019525178,True,272.9326217736497
RSA+AES-256,5000,4,1886,604.2945000008331,0.6890000004204921,3.1858000002102926,True,272.9326217736497
RSA+AES-256,5000,4,1887,474.12269999767886,0.643700004729908,2.9491000022972003,True,272.9326217736497
RSA+AES-256,5000,4,1888,1459.4731999968644,0.6978000019444153,2.905499997723382,True,272.9326217736497
RSA+AES-256,5000,4,1889,1555.3635000032955,0.6540000031236559,2.89100000372855,True,272.9326217736497
RSA+AES-256,5000,4,1890,1017.6103000048897,0.6680000005871989,2.959600002213847,True,272.9326217736497
RSA+AES-256,5000,4,1891,1367.0065000042086,0.6795000008423813,2.9885999974794686,True,272.9326217736497
RSA+AES-256,5000,4,1892,1278.8184999953955,0.64340000244556,2.883100001781713,True,272.9326217736497
RSA+AES-256,5000,4,1893,564.056499999424,0.6653999953414313,2.856699997209944,True,272.9326217736497
RSA+AES-256,5000,4,1894,286.944699997548,0.6671999944956042,2.970699999423232,True,272.9326217736497
RSA+AES-256,5000,4,1895,290.9769999969285,0.6366000015987083,2.9601999995065853,True,272.9326217736497
RSA+AES-256,5000,4,1896,990.7200000016019,0.6500999952550046,2.9161999991629273,True,272.9326217736497
RSA+AES-256,5000,4,1897,610.0338000032934,0.6898999999975786,3.2110999964061193,True,272.9326217736497
RSA+AES-256,5000,4,1898,415.5652999979793,0.6432000009226613,2.8888000015285797,True,272.9326217736497
RSA+AES-256,5000,4,1899,250.46670000301674,0.6616999962716363,2.9914999977336265,True,272.9326217736497
RSA+AES-256,5000,4,1900,348.5089000023436,0.6856000036350451,2.9866000040783547,True,272.9326217736497
RSA+AES-256,5000,4,1901,922.9819999964093,0.6206999969435856,2.952399998321198,True,272.9326217736497
RSA+AES-256,5000,4,1902,462.7665000007255,0.7158000007621013,2.999099997396115,True,272.9326217736497
RSA+AES-256,5000,4,1903,1079.6909000055166,0.7698999979766086,2.95209999603685,True,272.9326217736497
RSA+AES-256,5000,4,1904,533.2792000044719,0.6130000037956052,2.9940000022179447,True,272.9326217736497
RSA+AES-256,5000,4,1905,271.0616000040318,0.6439999997382984,2.959299999929499,True,272.9326217736497
RSA+AES-256,5000,4,1906,759.1046999950777,0.6896999984746799,2.9826000027242117,True,272.9326217736497
RSA+AES-256,5000,4,1907,592.503800005943,0.6553999992320314,2.9531000036513433,True,272.9326217736497
RSA+AES-256,5000,4,1908,484.88450000149896,0.6674999967799522,2.8764999951818027,True,272.9326217736497
RSA+AES-256,5000,4,1909,230.00300000421703,0.6493000037153251,2.9235999973025173,True,272.9326217736497
RSA+AES-256,5000,4,1910,1299.9708999996074,0.6155000010039657,2.9800999982398935,True,272.9326217736497
RSA+AES-256,5000,4,1911,1362.2167000066838,0.6828999976278283,2.9084000052534975,True,272.9326217736497
RSA+AES-256,5000,4,1912,784.7564999974566,0.6615000020246953,2.9635999962920323,True,272.9326217736497
RSA+AES-256,5000,4,1913,811.7131999970297,0.687599997036159,2.9616000028909184,True,272.9326217736497
RSA+AES-256,5000,4,1914,1002.4383999989368,0.6231000006664544,3.1139999991864897,True,272.9326217736497
RSA+AES-256,5000,4,1915,154.1542999984813,0.6490000014309771,3.1339999986812472,True,272.9326217736497
RSA+AES-256,5000,4,1916,129.68919999548234,0.5960999988019466,2.9386000023805536,True,272.9326217736497
RSA+AES-256,5000,4,1917,852.7968999987934,0.6642000007559545,2.9018999994150363,True,272.9326217736497
RSA+AES-256,5000,4,1918,940.6214999980875,0.6892000019433908,2.980500001285691,True,272.9326217736497
RSA+AES-256,5000,4,1919,557.2090999994543,0.665899999148678,2.945000000181608,True,272.9326217736497
RSA+AES-256,5000,4,1920,1514.5348999940325,0.6737000003340654,2.9463000028044917,True,272.9326217736497
RSA+AES-256,5000,4,1921,888.2767999966745,0.6732000038027763,2.9066999995848164,True,272.9326217736497
RSA+AES-256,5000,4,1922,638.4496000027866,0.709599997207988,2.9558000023826025,True,272.9326217736497
RSA+AES-256,5000,4,1923,349.43439999915427,0.6310000026132911,2.887300004658755,True,272.9326217736497
RSA+AES-256,5000,4,1924,472.7997999943909,0.6844999952591024,2.9691000017919578,True,272.9326217736497
RSA+AES-256,5000,4,1925,544.6815000032075,0.6586000017705373,2.9871000006096438,True,272.9326217736497
RSA+AES-256,5000,4,1926,740.9269999989192,0.6952000039746054,2.929599999333732,True,272.9326217736497
RSA+AES-256,5000,4,1927,182.18310000520432,0.6397000033757649,3.006200000527315,True,272.9326217736497
RSA+AES-256,5000,4,1928,1245.4990999976872,0.6859999994048849,2.9887999990023673,True,272.9326217736497
RSA+AES-256,5000,4,1929,159.80280000076164,0.6696999989799224,3.206299996236339,True,272.9326217736497
RSA+AES-256,5000,4,1930,366.39670000295155,0.6550000034621917,2.8802000015275553,True,272.9326217736497
RSA+AES-256,5000,4,1931,890.9901000006357,0.680800003465265,2.878799998143222,True,272.9326217736497
RSA+AES-256,5000,4,1932,1881.4959000010276,0.6763999990653247,2.974399998493027,True,272.9326217736497
RSA+AES-256,5000,4,1933,653.1414999990375,0.6737000003340654,3.037600006791763,True,272.9326217736497
RSA+AES-256,5000,4,1934,875.8336000028066,0.8474999995087273,3.006200000527315,True,272.9326217736497
RSA+AES-256,5000,4,1935,670.7177999996929,0.6591999990632758,3.092599996307399,True,272.9326217736497
RSA+AES-256,5000,4,1936,457.6781000068877,0.6678999998257495,2.860499997041188,True,272.9326217736497
RSA+AES-256,5000,4,1937,686.9086000006064,0.6716999996569939,2.973299997393042,True,272.9326217736497
RSA+AES-256,5000,4,1938,125.99459999910323,0.6420999998226762,3.026400001544971,True,272.9326217736497
RSA+AES-256,5000,4,1939,3453.2879999969737,0.666200001433026,2.991900000779424,True,272.9326217736497
RSA+AES-256,5000,4,1940,253.30620000022464,0.6463999961852096,2.900200001022313,True,272.9326217736497
RSA+AES-256,5000,4,1941,796.4018000056967,0.6644999957643449,2.921800005424302,True,272.9326217736497
RSA+AES-256,5000,4,1942,1883.047000002989,0.7890000051702373,3.07510000129696,True,272.9326217736497
RSA+AES-256,5000,4,1943,1401.7992000008235,0.6702999962726608,2.9052999962004833,True,272.9326217736497
RSA+AES-256,5000,4,1944,177.82729999453295,0.7038000039756298,2.9840000061085448,True,272.9326217736497
RSA+AES-256,5000,4,1945,320.4729999997653,0.6623000008403324,2.9466999985743314,True,272.9326217736497
RSA+AES-256,5000,4,1946,89.6087000000989,0.6618000043090433,2.9562000054284,True,272.9326217736497
RSA+AES-256,5000,4,1947,134.92589999805205,0.6568000026163645,3.0874000003677793,True,272.9326217736497
RSA+AES-256,5000,4,1948,876.727299997583,0.6763000055798329,2.8774000020348467,True,272.9326217736497
RSA+AES-256,5000,4,1949,402.19280000019353,0.6737000003340654,2.9813999935868196,True,272.9326217736497
RSA+AES-256,5000,4,1950,382.72909999795957,0.6665000037173741,2.962600003229454,True,272.9326217736497
RSA+AES-256,5000,4,1951,748.429400002351,0.6224999960977584,2.991699999256525,True,272.9326217736497
RSA+AES-256,5000,4,1952,1553.7476999961655,0.6885999973746948,2.992699999595061,True,272.9326217736497
RSA+AES-256,5000,4,1953,1078.0223999972804,0.6562999988091178,2.9790999979013577,True,272.9326217736497
RSA+AES-256,5000,4,1954,343.77390000008745,0.6705000050715171,2.965200001199264,True,272.9326217736497
RSA+AES-256,5000,4,1955,510.96469999902183,0.6743999983882532,3.010699998412747,True,272.9326217736497
RSA+AES-256,5000,4,1956,489.17039999651024,0.6113999988883734,2.9495999988284893,True,272.9326217736497
RSA+AES-256,5000,4,1957,356.33810000581434,0.7091999941621907,3.401900001335889,True,272.9326217736497
RSA+AES-256,5000,4,1958,144.92179999797372,0.7243000000016764,3.1619000001228414,True,272.9326217736497
RSA+AES-256,5000,4,1959,351.9127999970806,0.6905999980517663,3.0830000032437965,True,272.9326217736497
RSA+AES-256,5000,4,1960,180.7632999989437,0.6722000034642406,3.027200000360608,True,272.9326217736497
RSA+AES-256,5000,4,1961,699.7398000021349,0.6929999944986776,3.0304999963846058,True,272.9326217736497
RSA+AES-256,5000,4,1962,162.0794999980717,0.6246999982977286,2.9601000060210936,True,272.9326217736497
RSA+AES-256,5000,4,1963,905.5269000018598,0.6656000041402876,2.9492000030586496,True,272.9326217736497
RSA+AES-256,5000,4,1964,900.6726000006893,0.683599995682016,2.9476000054273754,True,272.9326217736497
RSA+AES-256,5000,4,1965,225.67330000310903,0.713100002030842,3.0197999949450605,True,272.9326217736497
RSA+AES-256,5000,4,1966,601.2352999969153,0.6704999977955595,2.9903999966336414,True,272.9326217736497
RSA+AES-256,5000,4,1967,1015.9264999965671,0.6743999983882532,2.986899999086745,True,272.9326217736497
RSA+AES-256,5000,4,1968,882.6817000008305,0.6738000010955147,3.206499997759238,True,272.9326217736497
RSA+AES-256,5000,4,1969,578.6305000001448,0.680500001180917,2.9598999972222373,True,272.9326217736497
RSA+AES-256,5000,4,1970,847.0426999992924,0.6894000034662895,3.0544999972335063,True,272.9326217736497
RSA+AES-256,5000,4,1971,400.41159999964293,0.6782999989809468,3.0517000050167553,True,272.9326217736497
RSA+AES-256,5000,4,1972,818.8632000019425,0.6872000012663193,2.971800000523217,True,272.9326217736497
RSA+AES-256,5000,4,1973,168.55889999715146,0.6871999939903617,3.0087999984971248,True,272.9326217736497
RSA+AES-256,5000,4,1974,643.8923000023351,0.6728999942424707,2.985199993418064,True,272.9326217736497
RSA+AES-256,5000,4,1975,406.68539999751374,0.7198000021162443,3.028699997230433,True,272.9326217736497
RSA+AES-256,5000,4,1976,393.32419999846024,0.6677000055788085,2.9279999944265,True,272.9326217736497
RSA+AES-256,5000,4,1977,584.9795999965863,0.7217000020318665,2.88620000355877,True,272.9326217736497
RSA+AES-256,5000,4,1978,1431.8811999983154,0.6584000002476387,2.9390999989118427,True,272.9326217736497
RSA+AES-256,5000,4,1979,710.0724999982049,0.6513999978778884,2.9056999992462806,True,272.9326217736497
RSA+AES-256,5000,4,1980,392.52010000200244,0.7085000033839606,2.9397999969660304,True,272.9326217736497
RSA+AES-256,5000,4,1981,848.1993000023067,0.6591999990632758,3.0138000001898035,True,272.9326217736497
RSA+AES-256,5000,4,1982,926.0041000015917,0.6824000010965392,3.0307999986689538,True,272.9326217736497
RSA+AES-256,5000,4,1983,1985.4224000009708,0.7365999990724958,3.272800000559073,True,272.9326217736497
RSA+AES-256,5000,4,1984,555.6540000034147,0.6829000049037859,2.9060000015306287,True,272.9326217736497
RSA+AES-256,5000,4,1985,1703.9750999974785,0.6589000040548854,2.8842000028816983,True,272.9326217736497
RSA+AES-256,5000,4,1986,510.53459999820916,0.6563999995705672,2.857499996025581,True,272.9326217736497
RSA+AES-256,5000,4,1987,506.4418999972986,0.6880000000819564,2.958900004159659,True,272.9326217736497
RSA+AES-256,5000,4,1988,899.1450999965309,0.6664999964414164,2.992000001540873,True,272.9326217736497
RSA+AES-256,5000,4,1989,1395.0847999949474,0.6685000043944456,2.889299998059869,True,272.9326217736497
RSA+AES-256,5000,4,1990,745.2320000011241,0.6638999984716065,2.9187000036472455,True,272.9326217736497
RSA+AES-256,5000,4,1991,335.20750000025146,0.6987999950069934,3.04580000374699,True,272.9326217736497
RSA+AES-256,5000,4,1992,579.5099000024493,0.6558999957633205,2.928599998995196,True,272.9326217736497
RSA+AES-256,5000,4,1993,358.76460000145016,0.7056000031298026,2.979699995194096,True,272.9326217736497
RSA+AES-256,5000,4,1994,520.5027000047266,0.701700002537109,3.0493000012938865,True,272.9326217736497
RSA+AES-256,5000,4,1995,410.4176999971969,0.6338999955914915,2.9896999985794537,True,272.9326217736497
RSA+AES-256,5000,4,1996,2363.5599999979604,0.6303999980445951,3.0097999988356605,True,272.9326217736497
RSA+AES-256,5000,4,1997,783.333200000925,0.6648000053246506,2.9601999995065853,True,272.9326217736497
RSA+AES-256,5000,4,1998,1461.5325999984634,0.6685000043944456,2.907699999923352,True,272.9326217736497
RSA+AES-256,5000,4,1999,411.58500000165077,0.666200001433026,2.8888999950140715,True,272.9326217736497
RSA+AES-256,5000,4,2000,146.57889999944018,0.5851999958395027,2.8649999949266203,True,272.9326217736497
RSA+AES-256,5000,4,2001,1460.874900003546,0.6456999981310219,2.9323999988264404,True,272.9326217736497
RSA+AES-256,5000,4,2002,1452.8483999965829,0.676499999826774,3.077800000028219,True,272.9326217736497
RSA+AES-256,5000,4,2003,138.19859999784967,0.6778000024496578,3.0038000040804036,True,272.9326217736497
RSA+AES-256,5000,4,2004,185.3451999995741,0.6692000024486333,2.9858999987482093,True,272.9326217736497
RSA+AES-256,5000,4,2005,639.1873999964446,0.6732999972882681,3.0353000038303435,True,272.9326217736497
RSA+AES-256,5000,4,2006,598.2590000057826,0.6810999984736554,3.159200001391582,True,272.9326217736497
RSA+AES-256,5000,4,2007,326.49839999794494,0.6489000006695278,2.976800002215896,True,272.9326217736497
RSA+AES-256,5000,4,2008,634.90979999915,0.6886000046506524,2.981600002385676,True,272.9326217736497
RSA+AES-256,5000,4,2009,749.1661999956705,0.6348000024445355,3.0049999986658804,True,272.9326217736497
RSA+AES-256,5000,4,2010,416.89449999830686,0.647900000330992,2.9578999965451658,True,272.9326217736497
RSA+AES-256,5000,4,2011,693.3310000022175,0.684000006003771,2.8814000033889897,True,272.9326217736497
RSA+AES-256,5000,4,2012,308.3161000031396,0.6432000009226613,3.0592999974032864,True,272.9326217736497
RSA+AES-256,5000,4,2013,676.3376999952015,0.6032000019331463,2.9620999994222075,True,272.9326217736497
RSA+AES-256,5000,4,2014,1457.4648999987403,0.6849999990663491,2.951399997982662,True,272.9326217736497
RSA+AES-256,5000,4,2015,297.11110000062035,0.6209000057424419,2.9591999991680495,True,272.9326217736497
RSA+AES-256,5000,4,2016,1188.469000000623,0.6576000014320016,2.850200005923398,True,272.9326217736497
RSA+AES-256,5000,4,2017,649.6884000007412,0.6329000025289133,2.9538999951910228,True,272.9326217736497
RSA+AES-256,5000,4,2018,264.76249999541324,0.7679999980609864,2.983899998071138,True,272.9326217736497
RSA+AES-256,5000,4,2019,510.07509999908507,0.6724000049871393,2.9489000007743016,True,272.9326217736497
RSA+AES-256,5000,4,2020,380.63359999796376,0.6850999998277985,3.0085000034887344,True,272.9326217736497
RSA+AES-256,5000,4,2021,665.7028000045102,0.6900000007590279,2.971800000523217,True,272.9326217736497
RSA+AES-256,5000,4,2022,327.1351000003051,0.6378000034601428,2.974700000777375,True,272.9326217736497
RSA+AES-256,5000,4,2023,109.99209999863524,0.6094999989727512,2.89580000389833,True,272.9326217736497
RSA+AES-256,5000,4,2024,231.6136000008555,0.6958999947528355,2.93279999459628,True,272.9326217736497
RSA+AES-256,5000,4,2025,275.5212999982177,0.6683999963570386,2.924899999925401,True,272.9326217736497
RSA+AES-256,5000,4,2026,726.2115999983507,0.8525000012014061,3.0742000017198734,True,272.9326217736497
RSA+AES-256,5000,4,2027,294.76399999839487,0.665899999148678,2.940800004580524,True,272.9326217736497
RSA+AES-256,5000,4,2028,2310.1642000037828,0.6694999974570237,2.969599998323247,True,272.9326217736497
RSA+AES-256,5000,4,2029,270.3650999974343,0.6532999977935106,2.934099997219164,True,272.9326217736497
RSA+AES-256,5000,4,2030,1108.2695000004605,0.6665999972028658,2.921500003139954,True,272.9326217736497
RSA+AES-256,5000,4,2031,67.62900000467198,0.6060999949113466,2.8767999974661507,True,272.9326217736497
RSA+AES-256,5000,4,2032,358.0236000052537,0.6553999992320314,2.9447999986587092,True,272.9326217736497
RSA+AES-256,5000,4,2033,358.9657999982592,0.6402999933925457,2.9511000029742718,True,272.9326217736497
RSA+AES-256,5000,4,2034,439.9702000009711,0.6534999993164092,2.915600001870189,True,272.9326217736497
RSA+AES-256,5000,4,2035,197.2613999969326,0.6152999994810671,3.0298000056063756,True,272.9326217736497
RSA+AES-256,5000,4,2036,2128.70830000611,0.6286999996518716,2.9349999967962503,True,272.9326217736497
RSA+AES-256,5000,4,2037,1218.9262000028975,0.7284999956027605,3.01989999570651,True,272.9326217736497
RSA+AES-256,5000,4,2038,925.0306000030832,0.6087000001571141,2.9445999971358106,True,272.9326217736497
RSA+AES-256,5000,4,2039,472.92300000117393,0.610800001595635,3.000400000018999,True,272.9326217736497
RSA+AES-256,5000,4,2040,471.7896000001929,0.6949000016902573,3.0155999993439764,True,272.9326217736497
RSA+AES-256,5000,4,2041,217.4347000036505,0.756800000090152,3.052499996556435,True,272.9326217736497
RSA+AES-256,5000,4,2042,471.008400003484,0.7217000020318665,3.019000003405381,True,272.9326217736497
RSA+AES-256,5000,4,2043,270.1627999995253,0.6073999975342304,2.9228999992483296,True,272.9326217736497
RSA+AES-256,5000,4,2044,375.50760000158334,0.7407000011880882,2.9694000040763058,True,272.9326217736497
RSA+AES-256,5000,4,2045,365.54529999557417,0.6823000003350899,2.96360000356799,True,272.9326217736497
RSA+AES-256,5000,4,2046,323.24959999823477,0.6935999990673736,2.9924999980721623,True,272.9326217736497
RSA+AES-256,5000,4,2047,409.69960000074934,0.6714999981340952,3.094399995461572,True,272.9326217736497
RSA+AES-256,5000,4,2048,643.4664000043995,0.6646999972872436,2.9147000022931024,True,272.9326217736497
RSA+AES-256,5000,4,2049,759.4126999974833,0.6993999995756894,2.970000001369044,True,272.9326217736497
RSA+AES-256,5000,4,2050,409.02839999762364,0.65080000058515,3.1039000023156404,True,272.9326217736497
RSA+AES-256,5000,4,2051,144.7390999965137,0.6248999998206273,3.0086999977356754,True,272.9326217736497
RSA+AES-256,5000,4,2052,503.0971999949543,0.6496999994851649,2.89840000186814,True,272.9326217736497
RSA+AES-256,5000,4,2053,1074.9503999977605,0.6839999987278134,3.233299998100847,True,272.9326217736497
RSA+AES-256,5000,4,2054,805.494300002465,0.6505999990622513,2.907899994170293,True,272.9326217736497
RSA+AES-256,5000,4,2055,190.44189999840455,0.6662999949185178,2.9911999954492785,True,272.9326217736497
RSA+AES-256,5000,4,2056,1055.215499996848,0.6919000006746501,2.948200002720114,True,272.9326217736497
RSA+AES-256,5000,4,2057,425.3965000025346,0.6458999996539205,3.0269999988377094,True,272.9326217736497
RSA+AES-256,5000,4,2058,946.7490999959409,0.6108999950811267,2.90320000203792,True,272.9326217736497
RSA+AES-256,5000,4,2059,595.5543000018224,0.6503000040538609,2.9418999984045513,True,272.9326217736497
RSA+AES-256,5000,4,2060,512.7183000004152,0.621700004558079,2.997199997480493,True,272.9326217736497
RSA+AES-256,5000,4,2061,764.4333999996888,0.614199998381082,2.9638999985763803,True,272.9326217736497
RSA+AES-256,5000,4,2062,606.3816999958362,0.6594000005861744,2.897499995015096,True,272.9326217736497
RSA+AES-256,5000,4,2063,2999.2607000021962,0.6888999996590428,2.9661000007763505,True,272.9326217736497
RSA+AES-256,5000,4,2064,451.6784999941592,0.6656000041402876,3.064600001380313,True,272.9326217736497
RSA+AES-256,5000,4,2065,553.74209999718,0.7286999971256591,3.24209999962477,True,272.9326217736497
RSA+AES-256,5000,4,2066,1290.8027000012225,0.7650999978068285,3.0830000032437965,True,272.9326217736497
RSA+AES-256,5000,4,2067,275.81780000036815,0.6438000054913573,2.9577999957837164,True,272.9326217736497
RSA+AES-256,5000,4,2068,374.95539999508765,0.6653000018559396,2.881500004150439,True,272.9326217736497
RSA+AES-256,5000,4,2069,150.41840000048978,0.6599000043934211,3.013399997144006,True,272.9326217736497
RSA+AES-256,5000,4,2070,394.7240999987116,0.7115999978850596,3.037000002223067,True,272.9326217736497
RSA+AES-256,5000,4,2071,704.2002999951364,0.7254000011016615,2.9863999952794984,True,272.9326217736497
RSA+AES-256,5000,4,2072,253.6541999943438,0.6883999958517961,2.941300001111813,True,272.9326217736497
RSA+AES-256,5000,4,2073,220.97990000474965,0.5973000006633811,3.4145000026910566,True,272.9326217736497
RSA+AES-256,5000,4,2074,454.50209999398794,0.6634000019403175,2.9839000053470954,True,272.9326217736497
RSA+AES-256,5000,4,2075,675.1364000010653,0.6606999959331006,2.9960000028950162,True,272.9326217736497
RSA+AES-256,5000,4,2076,618.3428000003914,0.6778000024496578,2.9866999975638464,True,272.9326217736497
RSA+AES-256,5000,4,2077,558.8887000048999,0.6568000026163645,2.9037999993306585,True,272.9326217736497
RSA+AES-256,5000,4,2078,1056.1820000002626,0.6799999973736703,3.0019000041647814,True,272.9326217736497
RSA+AES-256,5000,4,2079,284.82290000101784,0.7078999988152646,2.99990000348771,True,272.9326217736497
RSA+AES-256,5000,4,2080,689.2125000013039,0.5916000009165145,2.939800004241988,True,272.9326217736497
RSA+AES-256,5000,4,2081,441.2914999993518,0.6908999930601567,2.980299999762792,True,272.9326217736497
RSA+AES-256,5000,4,2082,841.7351999960374,0.6264000039664097,2.9578999965451658,True,272.9326217736497
RSA+AES-256,5000,4,2083,435.14020000293385,0.6739000018569641,2.9437999983201735,True,272.9326217736497
RSA+AES-256,5000,4,2084,735.2740999995149,0.6452000015997328,2.897700003813952,True,272.9326217736497
RSA+AES-256,5000,4,2085,691.2888000006205,0.6558999957633205,2.9044000038993545,True,272.9326217736497
RSA+AES-256,5000,4,2086,1149.9953000020469,0.6814999942434952,2.972900001623202,True,272.9326217736497
RSA+AES-256,5000,4,2087,305.3125000005821,0.6190999993123114,2.918500002124347,True,272.9326217736497
RSA+AES-256,5000,4,2088,1622.2734000039054,0.7026000021141954,3.025900005013682,True,272.9326217736497
RSA+AES-256,5000,4,2089,147.3933000015677,0.654499999654945,3.216900004190393,True,272.9326217736497
RSA+AES-256,5000,4,2090,2747.4855999971624,0.7146999996621162,3.1673999983468093,True,272.9326217736497
RSA+AES-256,5000,4,2091,1380.1271000047564,0.680500001180917,3.0262000000220723,True,272.9326217736497
RSA+AES-256,5000,4,2092,819.3099999989499,0.6884999966132455,2.943299994512927,True,272.9326217736497
RSA+AES-256,5000,4,2093,1630.650200000673,0.5871000030310825,2.9033000027993694,True,272.9326217736497
RSA+AES-256,5000,4,2094,218.28600000299048,0.6674000032944605,2.9169999979785644,True,272.9326217736497
RSA+AES-256,5000,4,2095,1642.028800000844,0.6499000010080636,2.882799999497365,True,272.9326217736497
RSA+AES-256,5000,4,2096,163.00630000478122,0.6120999969425611,2.9465000043273903,True,272.9326217736497
RSA+AES-256,5000,4,2097,368.3196999991196,0.6709999943268485,2.900300001783762,True,272.9326217736497
RSA+AES-256,5000,4,2098,657.7419999957783,0.6489000006695278,2.86950000008801,True,272.9326217736497
RSA+AES-256,5000,4,2099,1876.5628000037395,0.6785000005038455,2.9972999982419424,True,272.9326217736497
RSA+AES-256,5000,4,2100,268.5784999994212,0.7052000000840053,2.986100000271108,True,272.9326217736497
RSA+AES-256,5000,4,2101,873.0223000020487,0.5980999994790182,2.9484000042430125,True,272.9326217736497
RSA+AES-256,5000,4,2102,304.1522999992594,0.6959999955142848,3.0016000018804334,True,272.9326217736497
RSA+AES-256,5000,4,2103,1053.245999995852,0.7079999995767139,2.941300001111813,True,272.9326217736497
RSA+AES-256,5000,4,2104,427.51689999568043,0.6752999979653396,2.9884000032325275,True,272.9326217736497
RSA+AES-256,5000,4,2105,803.5429000010481,0.6664000029559247,2.94690000009723,True,272.9326217736497
RSA+AES-256,5000,4,2106,966.8516000019736,0.6835000021965243,2.9847999976482242,True,272.9326217736497
RSA+AES-256,5000,4,2107,1202.016499999445,0.6697999997413717,2.929700000095181,True,272.9326217736497
RSA+AES-256,5000,4,2108,1035.1652999961516,0.6627000038861297,2.941600003396161,True,272.9326217736497
RSA+AES-256,5000,4,2109,822.0040000014706,0.6848999983048998,3.011799999512732,True,272.9326217736497
RSA+AES-256,5000,4,2110,566.4152000026661,0.7007000021985732,3.023500001290813,True,272.9326217736497
RSA+AES-256,5000,4,2111,411.8691000039689,0.6387000030372292,2.9445999971358106,True,272.9326217736497
RSA+AES-256,5000,4,2112,554.6983999956865,0.6976000004215166,3.029600004083477,True,272.9326217736497
RSA+AES-256,5000,4,2113,411.2846999996691,1.0432999988552183,3.019800002221018,True,272.9326217736497
RSA+AES-256,5000,4,2114,464.7186000001966,0.6712999966111965,3.2385000013164245,True,272.9326217736497
RSA+AES-256,5000,4,2115,574.920099999872,0.668499997118488,2.9673999961232767,True,272.9326217736497
RSA+AES-256,5000,4,2116,870.6851999959326,0.6895000042277388,3.113300001132302,True,272.9326217736497
RSA+AES-256,5000,4,2117,784.0007000049809,0.676499999826774,3.0867000023135915,True,272.9326217736497
RSA+AES-256,5000,4,2118,224.9934999999823,0.6675000040559098,2.999299998919014,True,272.9326217736497
RSA+AES-256,5000,4,2119,786.6924999980256,0.6804000004194677,3.091600003244821,True,272.9326217736497
RSA+AES-256,5000,4,2120,463.7717000005068,0.6540000031236559,2.896800004236866,True,272.9326217736497
RSA+AES-256,5000,4,2121,475.82189999957336,0.614199998381082,2.9482999962056056,True,272.9326217736497
RSA+AES-256,5000,4,2122,398.86249999835854,0.6711000023642555,2.980699995532632,True,272.9326217736497
RSA+AES-256,5000,4,2123,898.5714000009466,0.6617999970330857,2.9543999989982694,True,272.9326217736497
RSA+AES-256,5000,4,2124,801.9841999994242,0.6956999932299368,2.989799999340903,True,272.9326217736497
RSA+AES-256,5000,4,2125,1203.0174000028637,0.6920000014360994,2.86729999788804,True,272.9326217736497
RSA+AES-256,5000,4,2126,1036.6212999942945,0.6779000032111071,2.936999997473322,True,272.9326217736497
RSA+AES-256,5000,4,2127,207.9745000010007,0.6719999946653843,2.9763000056846067,True,272.9326217736497
RSA+AES-256,5000,4,2128,685.080499999458,0.661599995510187,2.9712999967159703,True,272.9326217736497
RSA+AES-256,5000,4,2129,120.52799999946728,0.6312999976216815,2.9324999995878898,True,272.9326217736497
RSA+AES-256,5000,4,2130,486.729700001888,0.6702999962726608,3.279500000644475,True,272.9326217736497
RSA+AES-256,5000,4,2131,162.91700000147102,0.7232999996631406,3.023899997060653,True,272.9326217736497
RSA+AES-256,5000,4,2132,549.7292000000016,0.6152999994810671,2.9959999956190586,True,272.9326217736497
RSA+AES-256,5000,4,2133,328.34400000137975,0.7993000035639852,3.024999998160638,True,272.9326217736497
RSA+AES-256,5000,4,2134,2308.695399995486,0.7178999949246645,2.9727000001003034,True,272.9326217736497
RSA+AES-256,5000,4,2135,370.83060000441037,0.6686999986413866,2.9070000018691644,True,272.9326217736497
RSA+AES-256,5000,4,2136,1342.139499996847,0.7368000005953945,3.0895000018063,True,272.9326217736497
RSA+AES-256,5000,4,2137,463.8702000011108,0.5959999980404973,2.9209000058472157,True,272.9326217736497
RSA+AES-256,5000,4,2138,442.3548999984632,0.6887999988975935,2.9885999974794686,True,272.9326217736497
RSA+AES-256,5000,4,2139,1932.951900002081,0.6770999971195124,2.955799995106645,True,272.9326217736497
RSA+AES-256,5000,4,2140,392.14999999967404,0.6693999966955744,2.8901000041514635,True,272.9326217736497
RSA+AES-256,5000,4,2141,150.0270999968052,0.6219000060809776,3.0040000056033023,True,272.9326217736497
RSA+AES-256,5000,4,2142,196.1423000029754,0.6174000009195879,3.001899996888824,True,272.9326217736497
RSA+AES-256,5000,4,2143,544.5207000011578,0.6890000004204921,3.046300000278279,True,272.9326217736497
RSA+AES-256,5000,4,2144,664.867300001788,0.6661000006715767,2.899800005252473,True,272.9326217736497
RSA+AES-256,5000,4,2145,305.0807999970857,0.6767000013496727,3.026400001544971,True,272.9326217736497
RSA+AES-256,5000,4,2146,628.4139999988838,0.7026999955996871,3.012299996044021,True,272.9326217736497
RSA+AES-256,5000,4,2147,296.2565000052564,0.6797999958507717,2.993800000695046,True,272.9326217736497
RSA+AES-256,5000,4,2148,551.8615000037244,0.6566000010934658,2.9708000001846813,True,272.9326217736497
RSA+AES-256,5000,4,2149,812.6418000028934,0.6833000006736256,3.0143000039970502,True,272.9326217736497
RSA+AES-256,5000,4,2150,290.14900000038324,0.6704999977955595,3.0353000038303435,True,272.9326217736497
RSA+AES-256,5000,4,2151,146.33840000169585,0.6702999962726608,2.9569000034825876,True,272.9326217736497
RSA+AES-256,5000,4,2152,753.5983000052511,0.684200000250712,2.989000000525266,True,272.9326217736497
RSA+AES-256,5000,4,2153,355.7742000048165,0.6757999944966286,2.940300000773277,True,272.9326217736497
RSA+AES-256,5000,4,2154,729.4856000007712,0.6101000035414472,2.9400999992503785,True,272.9326217736497
RSA+AES-256,5000,4,2155,1414.3700999993598,0.6103999985498376,3.0105999976512976,True,272.9326217736497
RSA+AES-256,5000,4,2156,140.8097999956226,0.6627000038861297,2.9708000001846813,True,272.9326217736497
RSA+AES-256,5000,4,2157,352.68160000123316,0.6642000007559545,2.9444000028888695,True,272.9326217736497
RSA+AES-256,5000,4,2158,335.5587999976706,0.6643000015174039,2.969500004837755,True,272.9326217736497
RSA+AES-256,5000,4,2159,977.7491999993799,0.6839999987278134,2.9931000026408583,True,272.9326217736497
RSA+AES-256,5000,4,2160,928.5186999986763,0.6717999931424856,2.9580999980680645,True,272.9326217736497
RSA+AES-256,5000,4,2161,406.80060000158846,0.6536000000778586,3.021299999090843,True,272.9326217736497
RSA+AES-256,5000,4,2162,466.5471000043908,0.6594000005861744,2.893299999414012,True,272.9326217736497
RSA+AES-256,5000,4,2163,1220.1091000024462,0.6651999938185327,3.0298999990918674,True,272.9326217736497
RSA+AES-256,5000,4,2164,619.0491000015754,0.6981000042287633,2.918699996371288,True,272.9326217736497
RSA+AES-256,5000,4,2165,342.51750000112224,0.6721000027027912,3.2225999966613017,True,272.9326217736497
RSA+AES-256,5000,4,2166,226.94490000139922,0.6219999995664693,3.0783000038354658,True,272.9326217736497
RSA+AES-256,5000,4,2167,494.9694000024465,0.6817999965278432,2.9490999950212426,True,272.9326217736497
RSA+AES-256,5000,4,2168,622.1858999997494,0.6787000020267442,2.9972999982419424,True,272.9326217736497
RSA+AES-256,5000,4,2169,42.96549999708077,0.581899999815505,2.955600000859704,True,272.9326217736497
RSA+AES-256,5000,4,2170,562.6983999973163,0.6640999999945052,3.034800000023097,True,272.9326217736497
RSA+AES-256,5000,4,2171,999.326099998143,0.7026000021141954,2.9638000050908886,True,272.9326217736497
RSA+AES-256,5000,4,2172,1382.2786999953678,0.676199997542426,2.8774000020348467,True,272.9326217736497
RSA+AES-256,5000,4,2173,576.1525999987498,0.6866000039735809,2.965200001199264,True,272.9326217736497
RSA+AES-256,5000,4,2174,925.3883999990649,0.6919000006746501,2.9632000005221926,True,272.9326217736497
RSA+AES-256,5000,4,2175,384.41140000213636,0.6033999961800873,2.9562000054284,True,272.9326217736497
RSA+AES-256,5000,4,2176,141.83040000352776,0.7321999946725555,2.99539999832632,True,272.9326217736497
RSA+AES-256,5000,4,2177,534.0140999978757,0.662000005831942,2.9408999980660155,True,272.9326217736497
RSA+AES-256,5000,4,2178,611.9013000061386,0.695100003213156,2.9918000000179745,True,272.9326217736497
RSA+AES-256,5000,4,2179,442.05220000003465,0.6665999972028658,2.9848999984096736,True,272.9326217736497
RSA+AES-256,5000,4,2180,162.10169999976642,0.6452999950852245,2.965399995446205,True,272.9326217736497
RSA+AES-256,5000,4,2181,539.5533000046271,0.6925999987288378,2.868599993234966,True,272.9326217736497
RSA+AES-256,5000,4,2182,687.17010000546,0.698499999998603,2.9386000023805536,True,272.9326217736497
RSA+AES-256,5000,4,2183,651.1831000025268,0.687599997036159,3.070400001888629,True,272.9326217736497
RSA+AES-256,5000,4,2184,1393.1735000005574,0.6610000054934062,2.89360000169836,True,272.9326217736497
RSA+AES-256,5000,4,2185,887.6036000001477,0.6820999988121912,2.9636999970534816,True,272.9326217736497
RSA+AES-256,5000,4,2186,414.24779999942984,0.6834999949205667,2.978099997562822,True,272.9326217736497
RSA+AES-256,5000,4,2187,1186.0287999952561,0.6849000055808574,2.8960999989067204,True,272.9326217736497
RSA+AES-256,5000,4,2188,188.8558999999077,0.6273999970289879,2.9092999975546263,True,272.9326217736497
RSA+AES-256,5000,4,2189,1436.027900002955,0.6830999991507269,2.976100004161708,True,272.9326217736497
RSA+AES-256,5000,4,2190,293.39819999586325,0.6831999999121763,2.933399999164976,True,272.9326217736497
RSA+AES-256,5000,4,2191,143.17730000038864,0.6296999999904074,2.982700003485661,True,272.9326217736497
RSA+AES-256,5000,4,2192,805.90310000116,0.6903999965288676,2.9254000037326477,True,272.9326217736497
RSA+AES-256,5000,4,2193,486.73939999571303,0.6199999988893978,2.979699995194096,True,272.9326217736497
RSA+AES-256,5000,4,2194,394.77910000277916,0.68710000050487,3.009399995789863,True,272.9326217736497
RSA+AES-256,5000,4,2195,583.8289999956032,0.712799999746494,2.983500002301298,True,272.9326217736497
RSA+AES-256,5000,4,2196,176.84939999890048,0.6714999981340952,3.0203999995137565,True,272.9326217736497
RSA+AES-256,5000,4,2197,2551.924399995187,0.7162999972933903,3.172899996570777,True,272.9326217736497
RSA+AES-256,5000,4,2198,533.6298000038369,0.6880000000819564,2.966699998069089,True,272.9326217736497
RSA+AES-256,5000,4,2199,417.23369999817805,0.6418000048142858,3.0449999976553954,True,272.9326217736497
RSA+AES-256,5000,4,2200,208.56909999565687,0.6206999969435856,2.8920000040670857,True,272.9326217736497
RSA+AES-256,5000,4,2201,544.2502000005334,0.6890999939059839,2.936500000942033,True,272.9326217736497
RSA+AES-256,5000,4,2202,2059.6243999971193,0.6865000032121316,2.9064999980619177,True,272.9326217736497
RSA+AES-256,5000,4,2203,584.6792000011192,0.6772999986424111,2.9356000013649464,True,272.9326217736497
RSA+AES-256,5000,4,2204,1320.2058000024408,0.6770000036340207,2.868000003218185,True,272.9326217736497
RSA+AES-256,5000,4,2205,542.8948999979184,0.6209999992279336,2.962300000945106,True,272.9326217736497
RSA+AES-256,5000,4,2206,300.64719999791123,0.6964999993215315,3.0445000011241063,True,272.9326217736497
RSA+AES-256,5000,4,2207,354.67599999537924,0.6536000000778586,2.9694999975617975,True,272.9326217736497
RSA+AES-256,5000,4,2208,289.62740000133635,0.5990999998175539,2.9525999998440966,True,272.9326217736497
RSA+AES-256,5000,4,2209,583.9384000064456,0.6511999963549897,2.8659000017796643,True,272.9326217736497
RSA+AES-256,5000,4,2210,697.9455000036978,0.6721000027027912,2.8755000021192245,True,272.9326217736497
RSA+AES-256,5000,4,2211,1148.0480000027455,0.6385999949998222,2.965500003483612,True,272.9326217736497
RSA+AES-256,5000,4,2212,1455.7566000003135,0.7236999954329804,3.0523999957949854,True,272.9326217736497
RSA+AES-256,5000,4,2213,782.8787000034936,0.6911999953445047,2.958600001875311,True,272.9326217736497
RSA+AES-256,5000,4,2214,336.8228999970597,0.7058000046527013,2.958199998829514,True,272.9326217736497
RSA+AES-256,5000,4,2215,254.2851000034716,0.6657999983872287,2.880400003050454,True,272.9326217736497
RSA+AES-256,5000,4,2216,376.5811000048416,0.6731999965268187,2.994499998749234,True,272.9326217736497
RSA+AES-256,5000,4,2217,1557.071299997915,0.691100001859013,2.9906000054324977,True,272.9326217736497
RSA+AES-256,5000,4,2218,748.6013999950956,0.6663000021944754,2.98579999798676,True,272.9326217736497
RSA+AES-256,5000,4,2219,887.079599997378,0.6802999996580184,3.0746000047656707,True,272.9326217736497
RSA+AES-256,5000,4,2220,353.92559999309015,0.738000002456829,3.075500004342757,True,272.9326217736497
RSA+AES-256,5000,4,2221,1038.9161999992211,0.6917999999132007,3.0439999973168597,True,272.9326217736497
RSA+AES-256,5000,4,2222,634.8001000005752,0.6551999977091327,2.9636999970534816,True,272.9326217736497
RSA+AES-256,5000,4,2223,614.6611999938614,0.6571999983862042,2.846099996531848,True,272.9326217736497
RSA+AES-256,5000,4,2224,1473.4815999981947,0.6616000027861446,2.9635000028065406,True,272.9326217736497
RSA+AES-256,5000,4,2225,380.9678999969037,0.7115000043995678,2.9928000003565103,True,272.9326217736497
RSA+AES-256,5000,4,2226,673.9950999981374,0.687400002789218,2.8609000000869855,True,272.9326217736497
RSA+AES-256,5000,4,2227,116.25980000098934,0.6122999984654598,3.0270999995991588,True,272.9326217736497
RSA+AES-256,5000,4,2228,184.25790000037523,0.6582000060006976,2.8598999997484498,True,272.9326217736497
RSA+AES-256,5000,4,2229,244.79779999819584,0.6697999997413717,2.999099997396115,True,272.9326217736497
RSA+AES-256,5000,4,2230,1611.663800002134,0.621599996520672,3.00059999426594,True,272.9326217736497
RSA+AES-256,5000,4,2231,515.677000003052,0.65080000058515,3.143800000543706,True,272.9326217736497
RSA+AES-256,5000,4,2232,814.089999999851,0.6667999987257645,2.9609999983222224,True,272.9326217736497
RSA+AES-256,5000,4,2233,932.2964000020875,0.716499998816289,2.9925999988336116,True,272.9326217736497
RSA+AES-256,5000,4,2234,583.4181000027456,0.6508999940706417,2.8979999988223426,True,272.9326217736497
RSA+AES-256,5000,4,2235,624.7731999974349,0.6557000015163794,2.9604999945149757,True,272.9326217736497
RSA+AES-256,5000,4,2236,801.7312999945716,0.6999000033829361,2.999299998919014,True,272.9326217736497
RSA+AES-256,5000,4,2237,606.9454999960726,0.6599000043934211,2.8623000034713186,True,272.9326217736497
RSA+AES-256,5000,4,2238,689.1739999991842,0.6671000010101125,3.0287999979918823,True,272.9326217736497
RSA+AES-256,5000,4,2239,332.57120000052964,0.6260000009206124,2.9361999986576848,True,272.9326217736497
RSA+AES-256,5000,4,2240,1311.3589999993565,0.6668999994872138,2.95429999823682,True,272.9326217736497
RSA+AES-256,5000,4,2241,1416.2435000034748,0.6558999957633205,2.91060000017751,True,272.9326217736497
RSA+AES-256,5000,4,2242,211.03470000525704,0.6124999999883585,2.8457999942475,True,272.9326217736497
RSA+AES-256,5000,4,2243,688.6491999975988,0.7070999999996275,3.19619999936549,True,272.9326217736497
RSA+AES-256,5000,4,2244,1861.3536999982898,0.7007000021985732,3.163200002745725,True,272.9326217736497
RSA+AES-256,5000,4,2245,1149.0594999995665,0.7188000017777085,3.0215999940992333,True,272.9326217736497
RSA+AES-256,5000,4,2246,520.9328999990248,0.6748000014340505,2.977399999508634,True,272.9326217736497
RSA+AES-256,5000,4,2247,580.9055999998236,0.7231999989016913,2.946599997812882,True,272.9326217736497
RSA+AES-256,5000,4,2248,1080.8337000053143,0.7686999961151741,2.882799999497365,True,272.9326217736497
RSA+AES-256,5000,4,2249,884.0397000021767,0.6809999977122061,3.0067999978200532,True,272.9326217736497
RSA+AES-256,5000,4,2250,2355.7476999994833,0.7022000063443556,3.5853000008501112,True,272.9326217736497
RSA+AES-256,5000,4,2251,711.1824000021443,0.6802999996580184,3.112500002316665,True,272.9326217736497
RSA+AES-256,5000,4,2252,1041.487700000289,0.6576999949174933,2.9299999951035716,True,272.9326217736497
RSA+AES-256,5000,4,2253,1330.2332000021124,0.6834999949205667,3.0163999981596135,True,272.9326217736497
RSA+AES-256,5000,4,2254,951.4889000056428,0.6844999952591024,2.9933999976492487,True,272.9326217736497
RSA+AES-256,5000,4,2255,617.0778000014252,0.701700002537109,2.9481000019586645,True,272.9326217736497
RSA+AES-256,5000,4,2256,2548.2741000014357,0.6931000025360845,2.9104999994160607,True,272.9326217736497
RSA+AES-256,5000,4,2257,740.363899996737,0.7073000015225261,2.9958000013721175,True,272.9326217736497
RSA+AES-256,5000,4,2258,1945.2049000028637,0.6605000016861595,2.9121999978087842,True,272.9326217736497
RSA+AES-256,5000,4,2259,1631.7522000026656,0.6804000004194677,3.034400004253257,True,272.9326217736497
RSA+AES-256,5000,4,2260,887.0013999985531,0.6605999951716512,3.017099996213801,True,272.9326217736497
RSA+AES-256,5000,4,2261,605.0396999999066,0.6805999946664087,2.9630999997607432,True,272.9326217736497
RSA+AES-256,5000,4,2262,401.07069999794476,0.7118000066839159,3.024500001629349,True,272.9326217736497
RSA+AES-256,5000,4,2263,1433.3565999986604,0.6973999988986179,2.996700000949204,True,272.9326217736497
RSA+AES-256,5000,4,2264,864.8893999998108,0.5976999964332208,2.9617000036523677,True,272.9326217736497
RSA+AES-256,5000,4,2265,115.86790000001201,0.6463000026997179,2.9558000023826025,True,272.9326217736497
RSA+AES-256,5000,4,2266,331.5011000013328,0.683400001435075,3.0006000015418977,True,272.9326217736497
RSA+AES-256,5000,4,2267,1145.574599999236,0.6775000001653098,2.9236999980639666,True,272.9326217736497
RSA+AES-256,5000,4,2268,1275.4513999971095,0.6129999965196475,2.976600000692997,True,272.9326217736497
RSA+AES-256,5000,4,2269,915.4554999986431,0.6560999972862191,2.9253000029711984,True,272.9326217736497
RSA+AES-256,5000,4,2270,1804.5411999992211,0.6854000021121465,2.922300001955591,True,272.9326217736497
RSA+AES-256,5000,4,2271,398.6508000016329,0.6757999944966286,2.9064999980619177,True,272.9326217736497
RSA+AES-256,5000,4,2272,761.8710000024294,0.6435000032070093,3.0920000062906183,True,272.9326217736497
RSA+AES-256,5000,4,2273,1789.0323999963584,0.7216000012704171,2.933900002972223,True,272.9326217736497
RSA+AES-256,5000,4,2274,690.6375999969896,0.6823000003350899,2.9758999953628518,True,272.9326217736497
RSA+AES-256,5000,4,2275,1258.943699998781,0.6804000004194677,2.926099994510878,True,272.9326217736497
RSA+AES-256,5000,4,2276,260.2398000017274,0.6338999955914915,2.922699997725431,True,272.9326217736497
RSA+AES-256,5000,4,2277,851.0571000006166,0.6733999980497174,2.958499993837904,True,272.9326217736497
RSA+AES-256,5000,4,2278,1284.954499999003,0.6654999961028807,2.9045999981462955,True,272.9326217736497
RSA+AES-256,5000,4,2279,914.5186000023386,0.6495999987237155,3.2113999986904673,True,272.9326217736497
RSA+AES-256,5000,4,2280,516.0877000016626,0.6982000049902126,2.9519999952754006,True,272.9326217736497
RSA+AES-256,5000,4,2281,674.3287999997847,0.6582000060006976,2.983999998832587,True,272.9326217736497
RSA+AES-256,5000,4,2282,76.6832000008435,0.6013000020175241,2.9473000031430274,True,272.9326217736497
RSA+AES-256,5000,4,2283,452.39599999331404,0.6705999985570088,2.8473999991547316,True,272.9326217736497
RSA+AES-256,5000,4,2284,657.2681000034208,0.6596000021090731,2.9049000004306436,True,272.9326217736497
RSA+AES-256,5000,4,2285,581.6026999964379,0.6527000005007721,2.8745999952661805,True,272.9326217736497
RSA+AES-256,5000,4,2286,470.35390000382904,0.6936999998288229,2.9532999978982843,True,272.9326217736497
RSA+AES-256,5000,4,2287,455.00000000174623,0.7119000001694076,2.959299999929499,True,272.9326217736497
RSA+AES-256,5000,4,2288,725.3526999993483,0.6701999955112115,3.0240999985835515,True,272.9326217736497
RSA+AES-256,5000,4,2289,524.7491999980411,0.6777000016882084,2.990900000440888,True,272.9326217736497
RSA+AES-256,5000,4,2290,1186.0394999966957,0.6873000020277686,3.2825000016600825,True,272.9326217736497
RSA+AES-256,5000,4,2291,300.6007000003592,0.6632000004174188,2.898899998399429,True,272.9326217736497
RSA+AES-256,5000,4,2292,537.7807000040775,0.6859999994048849,3.011199994944036,True,272.9326217736497
RSA+AES-256,5000,4,2293,1402.6802000007592,0.759399998059962,4.223999996611383,True,272.9326217736497
RSA+AES-256,5000,4,2294,814.3634999942151,0.6831999999121763,2.973399998154491,True,272.9326217736497
RSA+AES-256,5000,4,2295,520.9025000003749,0.6521999966935255,2.867099996365141,True,272.9326217736497
RSA+AES-256,5000,4,2296,582.8638000020874,0.6359000035445206,2.875300000596326,True,272.9326217736497
RSA+AES-256,5000,4,2297,949.3790999986231,0.6776000009267591,2.979199998662807,True,272.9326217736497
RSA+AES-256,5000,4,2298,311.79830000473885,0.6692000024486333,3.031599997484591,True,272.9326217736497
RSA+AES-256,5000,4,2299,354.8309999969206,0.647900000330992,2.984999999171123,True,272.9326217736497
RSA+AES-256,5000,4,2300,951.5557000049739,0.6447999985539354,2.870900003472343,True,272.9326217736497
RSA+AES-256,5000,4,2301,873.1315999975777,0.6776000009267591,2.994299997226335,True,272.9326217736497
RSA+AES-256,5000,4,2302,1484.6145999981673,0.6649999995715916,2.974700000777375,True,272.9326217736497
RSA+AES-256,5000,4,2303,713.4575000018231,0.6528999947477132,3.200500003003981,True,272.9326217736497
RSA+AES-256,5000,4,2304,778.0438000045251,0.68710000050487,2.8822999956901185,True,272.9326217736497
RSA+AES-256,5000,4,2305,756.6202999951201,0.6769000028725713,2.941799997643102,True,272.9326217736497
RSA+AES-256,5000,4,2306,1274.674000000232,0.6977999946684577,2.8960999989067204,True,272.9326217736497
RSA+AES-256,5000,4,2307,240.83089999476215,0.6668000060017221,2.9304999989108182,True,272.9326217736497
RSA+AES-256,5000,4,2308,253.5857999973814,0.6491999956779182,3.0151000028126873,True,272.9326217736497
RSA+AES-256,5000,4,2309,57.176199996320065,0.6158999967738055,2.958900004159659,True,272.9326217736497
RSA+AES-256,5000,4,2310,151.5205000032438,0.6640999999945052,2.879799998481758,True,272.9326217736497
RSA+AES-256,5000,4,2311,625.1104999973904,0.6880000000819564,3.1626999989384785,True,272.9326217736497
RSA+AES-256,5000,4,2312,872.0012999983737,0.686799998220522,3.0800000022281893,True,272.9326217736497
RSA+AES-256,5000,4,2313,538.7950000003912,0.680000004649628,2.98800000018673,True,272.9326217736497
RSA+AES-256,5000,4,2314,826.6666000054101,0.6426999971154146,2.96840000373777,True,272.9326217736497
RSA+AES-256,5000,4,2315,505.4331999999704,0.6644000022788532,2.9147000022931024,True,272.9326217736497
RSA+AES-256,5000,4,2316,1193.1846000006772,0.6796999950893223,3.041500000108499,True,272.9326217736497
RSA+AES-256,5000,4,2317,724.7360000037588,0.6923000037204474,2.9840000061085448,True,272.9326217736497
RSA+AES-256,5000,4,2318,417.92820000409847,0.6760999967809767,2.967000000353437,True,272.9326217736497
RSA+AES-256,5000,4,2319,262.7221999937319,0.6827999968663789,2.9610999990836717,True,272.9326217736497
RSA+AES-256,5000,4,2320,779.507499995816,0.6570000041392632,2.8983000011066906,True,272.9326217736497
RSA+AES-256,5000,4,2321,284.6655000030296,0.6694999974570237,2.945000000181608,True,272.9326217736497
RSA+AES-256,5000,4,2322,1116.9235999986995,0.9426999968127348,3.055000001040753,True,272.9326217736497
RSA+AES-256,5000,4,2323,1153.7993000019924,0.6567000018549152,2.98060000204714,True,272.9326217736497
RSA+AES-256,5000,4,2324,1257.8269000005093,0.6913000033819117,3.0699999988428317,True,272.9326217736497
RSA+AES-256,5000,4,2325,479.0839999986929,0.6620999993174337,2.9286999997566454,True,272.9326217736497
RSA+AES-256,5000,4,2326,1316.1000999971293,0.6979000027058646,2.893400000175461,True,272.9326217736497
RSA+AES-256,5000,4,2327,778.8784000003943,0.6694999974570237,2.8919000033056363,True,272.9326217736497
RSA+AES-256,5000,4,2328,107.6729999986128,0.6397999968612567,2.9667999988305382,True,272.9326217736497
RSA+AES-256,5000,4,2329,414.4947000022512,0.6760999967809767,2.9694999975617975,True,272.9326217736497
RSA+AES-256,5000,4,2330,558.804299995245,0.731400003132876,3.0382000040845014,True,272.9326217736497
RSA+AES-256,5000,4,2331,534.6438999986276,0.7052000000840053,2.994299997226335,True,272.9326217736497
RSA+AES-256,5000,4,2332,552.2598000025027,0.6849999990663491,2.9863999952794984,True,272.9326217736497
RSA+AES-256,5000,4,2333,758.4010999999009,0.6770999971195124,2.9204999955254607,True,272.9326217736497
RSA+AES-256,5000,4,2334,133.45880000269972,0.6101000035414472,3.0534999968949705,True,272.9326217736497
RSA+AES-256,5000,4,2335,517.1120000013616,0.6493000037153251,2.875600002880674,True,272.9326217736497
RSA+AES-256,5000,4,2336,501.8474999960745,0.6634000019403175,2.973700000438839,True,272.9326217736497
RSA+AES-256,5000,4,2337,161.47440000349889,0.6546000004163943,3.002499994181562,True,272.9326217736497
RSA+AES-256,5000,4,2338,889.6783999953186,0.6670000002486631,2.929599999333732,True,272.9326217736497
RSA+AES-256,5000,4,2339,438.84239999897545,0.6610999989788979,2.8865999993286096,True,272.9326217736497
RSA+AES-256,5000,4,2340,496.6627000030712,0.6617999970330857,3.2756000000517815,True,272.9326217736497
RSA+AES-256,5000,4,2341,435.17090000386816,0.7994000043254346,3.3886999954120256,True,272.9326217736497
RSA+AES-256,5000,4,2342,1321.1513999995077,0.6693999966955744,3.015800000866875,True,272.9326217736497
RSA+AES-256,5000,4,2343,370.69550000160234,0.6635999961872585,2.9842999938409775,True,272.9326217736497
RSA+AES-256,5000,4,2344,986.8780999968294,0.6487999999080785,2.8701999981421977,True,272.9326217736497
RSA+AES-256,5000,4,2345,574.6299999955227,0.6056999991415069,3.010000000358559,True,272.9326217736497
RSA+AES-256,5000,4,2346,1082.1619000053033,0.6913999968674034,3.048899998248089,True,272.9326217736497
RSA+AES-256,5000,4,2347,543.3226999957697,0.6619000050704926,3.036099995370023,True,272.9326217736497
RSA+AES-256,5000,4,2348,662.6579000003403,0.6767000013496727,2.965500003483612,True,272.9326217736497
RSA+AES-256,5000,4,2349,1245.4025000042748,0.7081000003381632,3.136499995889608,True,272.9326217736497
RSA+AES-256,5000,4,2350,724.0002999969875,0.643899998976849,2.9345000002649613,True,272.9326217736497
RSA+AES-256,5000,4,2351,973.4258000025875,0.7145999989006668,3.0338999931700528,True,272.9326217736497
RSA+AES-256,5000,4,2352,832.3251999972854,0.662500002363231,3.026099999260623,True,272.9326217736497
RSA+AES-256,5000,4,2353,966.8195000049309,0.650199996016454,2.893400000175461,True,272.9326217736497
RSA+AES-256,5000,4,2354,1252.7241999996477,0.6920000014360994,2.9041000016150065,True,272.9326217736497
RSA+AES-256,5000,4,2355,1002.5506000019959,0.6701999955112115,3.0177000007824972,True,272.9326217736497
RSA+AES-256,5000,4,2356,742.5093999991077,0.6849000055808574,2.9787999956170097,True,272.9326217736497
RSA+AES-256,5000,4,2357,694.6337999979733,0.6759999960195273,2.9080000022077,True,272.9326217736497
RSA+AES-256,5000,4,2358,1144.760999995924,0.6639999992330559,2.9716999997617677,True,272.9326217736497
RSA+AES-256,5000,4,2359,965.34299999621,0.6845999960205518,2.98320000001695,True,272.9326217736497
RSA+AES-256,5000,4,2360,227.5688999943668,0.6885999973746948,2.9839000053470954,True,272.9326217736497
RSA+AES-256,5000,4,2361,238.49860000336776,0.632999996014405,2.9055000049993396,True,272.9326217736497
RSA+AES-256,5000,4,2362,3291.220400002203,0.6493000037153251,2.9734999989159405,True,272.9326217736497
RSA+AES-256,5000,4,2363,279.31119999993825,0.8701999977347441,2.9863999952794984,True,272.9326217736497
RSA+AES-256,5000,4,2364,336.21600000333274,0.7007000021985732,3.025300000444986,True,272.9326217736497
RSA+AES-256,5000,4,2365,552.834599999187,0.6916999991517514,2.9353999998420477,True,272.9326217736497
RSA+AES-256,5000,4,2366,723.0652999933227,0.6982000049902126,2.9378999970504083,True,272.9326217736497
RSA+AES-256,5000,4,2367,905.8951000042725,0.6744999991497025,2.943500003311783,True,272.9326217736497
RSA+AES-256,5000,4,2368,496.67459999909624,0.6701999955112115,2.9111999974702485,True,272.9326217736497
RSA+AES-256,5000,4,2369,630.8957000001101,0.6922000029589981,2.932999996119179,True,272.9326217736497
RSA+AES-256,5000,4,2370,1289.1660000022966,0.672800000756979,2.9911999954492785,True,272.9326217736497
RSA+AES-256,5000,4,2371,405.6722999957856,0.6780999974580482,3.0076999973971397,True,272.9326217736497
RSA+AES-256,5000,4,2372,1070.9707999994862,0.6629999988945201,2.928299996710848,True,272.9326217736497
RSA+AES-256,5000,4,2373,668.241700004728,0.6675000040559098,2.9789999971399084,True,272.9326217736497
RSA+AES-256,5000,4,2374,249.53200000163633,0.6763000055798329,2.9074000049149618,True,272.9326217736497
RSA+AES-256,5000,4,2375,439.8959000027389,0.672199996188283,2.9569000034825876,True,272.9326217736497
RSA+AES-256,5000,4,2376,928.721600001154,0.7430999976349995,3.039100003661588,True,272.9326217736497
RSA+AES-256,5000,4,2377,1267.0703999974648,0.6757000010111369,2.9528000013669953,True,272.9326217736497
RSA+AES-256,5000,4,2378,551.9214999949327,0.6706000058329664,2.9368999967118725,True,272.9326217736497
RSA+AES-256,5000,4,2379,303.5498000026564,0.6565000003320165,2.974300005007535,True,272.9326217736497
RSA+AES-256,5000,4,2380,153.33510000345996,0.687899999320507,2.9903999966336414,True,272.9326217736497
RSA+AES-256,5000,4,2381,1268.7808999980916,0.7141000023693778,2.92250000347849,True,272.9326217736497
RSA+AES-256,5000,4,2382,632.5280999953975,0.6971999973757192,2.9103999986546114,True,272.9326217736497
RSA+AES-256,5000,4,2383,158.98440000455594,0.6304999988060445,2.888299997721333,True,272.9326217736497
RSA+AES-256,5000,4,2384,580.0647000069148,0.6559999965247698,2.8961999996681698,True,272.9326217736497
RSA+AES-256,5000,4,2385,367.6311000017449,0.6571999983862042,2.885399997467175,True,272.9326217736497
RSA+AES-256,5000,4,2386,1062.5513999984832,0.6508999940706417,3.0053000009502284,True,272.9326217736497
RSA+AES-256,5000,4,2387,781.7030000005616,0.6378999969456345,2.9712999967159703,True,272.9326217736497
RSA+AES-256,5000,4,2388,70.09420000395039,0.5701000045519322,3.0270999995991588,True,272.9326217736497
RSA+AES-256,5000,4,2389,2091.6451000011875,0.6775000001653098,2.960899997560773,True,272.9326217736497
RSA+AES-256,5000,4,2390,1109.683100003167,0.6279000008362345,3.0054999951971695,True,272.9326217736497
RSA+AES-256,5000,4,2391,1288.6075999995228,0.6820999988121912,2.9532000044127926,True,272.9326217736497
RSA+AES-256,5000,4,2392,102.28550000465475,0.6366000015987083,2.9071999961161055,True,272.9326217736497
RSA+AES-256,5000,4,2393,548.1115000002319,0.6916999991517514,2.9929999946034513,True,272.9326217736497
RSA+AES-256,5000,4,2394,350.38640000129817,0.6990999972913414,2.9045999981462955,True,272.9326217736497
RSA+AES-256,5000,4,2395,555.441200005589,0.6890999939059839,2.9427999979816377,True,272.9326217736497
RSA+AES-256,5000,4,2396,1912.518800003454,0.6802999996580184,3.01210000179708,True,272.9326217736497
RSA+AES-256,5000,4,2397,159.3637999976636,0.690999993821606,3.0922000005375594,True,272.9326217736497
RSA+AES-256,5000,4,2398,676.3901999947848,0.6703000035486184,2.940800004580524,True,272.9326217736497
RSA+AES-256,5000,4,2399,157.2664999985136,0.636800003121607,2.935300006356556,True,272.9326217736497
RSA+AES-256,5000,4,2400,586.9717000023229,0.6632000004174188,3.022400000190828,True,272.9326217736497
RSA+AES-256,5000,4,2401,280.6676999971387,0.6382999999914318,2.8872999973827973,True,272.9326217736497
RSA+AES-256,5000,4,2402,2148.422500002198,0.6955999997444451,2.960299992992077,True,272.9326217736497
RSA+AES-256,5000,4,2403,879.6253999971668,0.6732999972882681,2.9859999995096587,True,272.9326217736497
RSA+AES-256,5000,4,2404,937.588799999503,0.6551999977091327,3.0843000058666803,True,272.9326217736497
RSA+AES-256,5000,4,2405,1543.4692999988329,0.6835000021965243,2.9620000059367158,True,272.9326217736497
RSA+AES-256,5000,4,2406,90.08400000311667,0.6020000000717118,2.943999999843072,True,272.9326217736497
RSA+AES-256,5000,4,2407,464.75280000595376,0.6570999976247549,2.9087999937473796,True,272.9326217736497
RSA+AES-256,5000,4,2408,624.8849999974482,0.7194999998318963,3.165699999954086,True,272.9326217736497
RSA+AES-256,5000,4,2409,750.2026000001933,0.6932999967830256,2.9598999972222373,True,272.9326217736497
RSA+AES-256,5000,4,2410,859.8815000004834,0.7056999966152944,2.956399999675341,True,272.9326217736497
RSA+AES-256,5000,4,2411,1561.3401000009617,0.6464000034611672,3.1190000008791685,True,272.9326217736497
RSA+AES-256,5000,4,2412,1096.7374999963795,0.6808999969507568,3.035900001123082,True,272.9326217736497
RSA+AES-256,5000,4,2413,423.73529999895254,0.6455999973695725,2.9231000007712282,True,272.9326217736497
RSA+AES-256,5000,4,2414,1137.9001000022981,0.6882999950903468,3.0200999972294085,True,272.9326217736497
RSA+AES-256,5000,4,2415,777.332400000887,0.6791999985580333,2.929200003563892,True,272.9326217736497
RSA+AES-256,5000,4,2416,384.10709999880055,0.673100003041327,2.9667999988305382,True,272.9326217736497
RSA+AES-256,5000,4,2417,1077.1005999995396,0.6797999958507717,2.963799997814931,True,272.9326217736497
RSA+AES-256,5000,4,2418,355.03289999905974,0.6744999991497025,2.9299999951035716,True,272.9326217736497
RSA+AES-256,5000,4,2419,473.05670000059763,0.6006000039633363,2.9447000051732175,True,272.9326217736497
RSA+AES-256,5000,4,2420,167.6556000020355,0.6388000037986785,2.9195000024628825,True,272.9326217736497
RSA+AES-256,5000,4,2421,1105.206200001703,0.6894000034662895,2.9217000046628527,True,272.9326217736497
RSA+AES-256,5000,4,2422,1685.1428000009037,0.6729000015184283,3.0174999992595986,True,272.9326217736497
RSA+AES-256,5000,4,2423,57.77650000527501,0.5520999984582886,2.941600003396161,True,272.9326217736497
RSA+AES-256,5000,4,2424,374.83849999989616,0.6390999988070689,2.93690000398783,True,272.9326217736497
RSA+AES-256,5000,4,2425,569.7059000012814,0.669100001687184,2.929599999333732,True,272.9326217736497
RSA+AES-256,5000,4,2426,2046.1747000008472,0.6549000027007423,2.8703999996650964,True,272.9326217736497
RSA+AES-256,5000,4,2427,1020.3280999994604,0.662200000078883,3.008599996974226,True,272.9326217736497
RSA+AES-256,5000,4,2428,383.58660000085365,0.6577000021934509,3.0115000045043416,True,272.9326217736497
RSA+AES-256,5000,4,2429,2449.3675000048825,0.6330999967758544,2.9572999992524274,True,272.9326217736497
RSA+AES-256,5000,4,2430,1123.5553000005893,0.6574999933945946,2.867600000172388,True,272.9326217736497
RSA+AES-256,5000,4,2431,361.4573000013479,0.6929000010131858,3.0000000042491592,True,272.9326217736497
RSA+AES-256,5000,4,2432,875.1588000013726,0.6776999944122508,3.001000004587695,True,272.9326217736497
RSA+AES-256,5000,4,2433,1973.647599996184,0.709400002961047,3.0165000061970204,True,272.9326217736497
RSA+AES-256,5000,4,2434,707.8811000028509,0.7040999989840202,3.1993000011425465,True,272.9326217736497
RSA+AES-256,5000,4,2435,198.2540999961202,0.6523999982164241,2.8782000008504838,True,272.9326217736497
RSA+AES-256,5000,4,2436,777.4152999991202,0.6571999983862042,2.9977000012877397,True,272.9326217736497
RSA+AES-256,5000,4,2437,829.5269000009284,0.6454999966081232,2.885299996705726,True,272.9326217736497
RSA+AES-256,5000,4,2438,443.65010000183247,0.8509999970556237,2.8978999980608933,True,272.9326217736497
RSA+AES-256,5000,4,2439,974.6420999945258,0.661899997794535,2.8854999982286245,True,272.9326217736497
RSA+AES-256,5000,4,2440,807.4848999967799,0.6963999985600822,2.8942999997525476,True,272.9326217736497
RSA+AES-256,5000,4,2441,385.47339999786345,0.6438000054913573,2.956000003905501,True,272.9326217736497
RSA+AES-256,5000,4,2442,284.42009999707807,0.6002999944030307,2.968999993754551,True,272.9326217736497
RSA+AES-256,5000,4,2443,922.8272000036668,0.6778999959351495,2.9970999967190437,True,272.9326217736497
RSA+AES-256,5000,4,2444,191.2774000011268,0.6932000032975338,2.9714000047533773,True,272.9326217736497
RSA+AES-256,5000,4,2445,1008.7434000015492,0.6640999999945052,2.9350999975576997,True,272.9326217736497
RSA+AES-256,5000,4,2446,556.0035000016796,0.6778000024496578,2.996099996380508,True,272.9326217736497
RSA+AES-256,5000,4,2447,660.2514000041992,0.6806000019423664,2.9819999981555156,True,272.9326217736497
RSA+AES-256,5000,4,2448,1476.620000001276,0.6863000016892329,2.983500002301298,True,272.9326217736497
RSA+AES-256,5000,4,2449,224.04280000046128,0.6049999938113615,2.933099996880628,True,272.9326217736497
RSA+AES-256,5000,4,2450,816.1555999977281,0.6923000037204474,3.0520000000251457,True,272.9326217736497
RSA+AES-256,5000,4,2451,86.36110000225017,0.6046999988029711,2.9165000014472753,True,272.9326217736497
RSA+AES-256,5000,4,2452,609.9223000055645,0.6852000005892478,2.9866000040783547,True,272.9326217736497
RSA+AES-256,5000,4,2453,349.3430000016815,0.6702999962726608,3.031399995961692,True,272.9326217736497
RSA+AES-256,5000,4,2454,128.40579999465263,0.6143999999039806,2.963799997814931,True,272.9326217736497
RSA+AES-256,5000,4,2455,1153.322099999059,0.6203000011737458,3.009599997312762,True,272.9326217736497
RSA+AES-256,5000,4,2456,410.0255000012112,0.669100001687184,2.9460000005201437,True,272.9326217736497
RSA+AES-256,5000,4,2457,1381.7373999991105,0.6645000030403025,3.1929000033414923,True,272.9326217736497
RSA+AES-256,5000,4,2458,2479.654099995969,0.6283999973675236,2.977399999508634,True,272.9326217736497
RSA+AES-256,5000,4,2459,1838.2032999943476,0.698499999998603,2.967199994600378,True,272.9326217736497
RSA+AES-256,5000,4,2460,1502.894600002037,0.7073999950080179,2.983699996548239,True,272.9326217736497
RSA+AES-256,5000,4,2461,160.29599999455968,0.677400006679818,2.958199998829514,True,272.9326217736497
RSA+AES-256,5000,4,2462,708.5334000003058,0.6522999974549748,2.9748000015388243,True,272.9326217736497
RSA+AES-256,5000,4,2463,348.42229999776464,0.680800003465265,2.921399995102547,True,272.9326217736497
RSA+AES-256,5000,4,2464,482.5161000044318,0.7098999994923361,3.112999998847954,True,272.9326217736497
RSA+AES-256,5000,4,2465,649.3020000052638,0.6876999977976084,3.0445000011241063,True,272.9326217736497
RSA+AES-256,5000,4,2466,983.8436999998521,0.666200001433026,2.8782000008504838,True,272.9326217736497
RSA+AES-256,5000,4,2467,1076.8587999991723,0.6765999933122657,2.9447999986587092,True,272.9326217736497
RSA+AES-256,5000,4,2468,817.3578999994788,0.680500001180917,2.9710999951930717,True,272.9326217736497
RSA+AES-256,5000,4,2469,637.4886999983573,0.6726999999955297,2.965699997730553,True,272.9326217736497
RSA+AES-256,5000,4,2470,484.46880000119563,0.6152999994810671,2.9463000028044917,True,272.9326217736497
RSA+AES-256,5000,4,2471,845.5170999950496,0.6690999944112264,3.0483000009553507,True,272.9326217736497
RSA+AES-256,5000,4,2472,462.26309999474324,0.6310999960987829,2.9979000028106384,True,272.9326217736497
RSA+AES-256,5000,4,2473,1506.8425999997999,0.6739000018569641,2.958499993837904,True,272.9326217736497
RSA+AES-256,5000,4,2474,590.9738999980618,0.6560999972862191,2.967600004922133,True,272.9326217736497
RSA+AES-256,5000,4,2475,314.57360000058543,0.6304999988060445,2.958500001113862,True,272.9326217736497
RSA+AES-256,5000,4,2476,1244.6380999972462,0.6723000042256899,2.975999996124301,True,272.9326217736497
RSA+AES-256,5000,4,2477,495.3629000010551,0.6953999982215464,2.9269000006024726,True,272.9326217736497
RSA+AES-256,5000,4,2478,305.0176000033389,0.7750000004307367,3.276800001913216,True,272.9326217736497
RSA+AES-256,5000,4,2479,593.8270999977249,0.6756000002496876,2.947599998151418,True,272.9326217736497
RSA+AES-256,5000,4,2480,457.1834999951534,0.6764000063412823,3.0007999957888387,True,272.9326217736497
RSA+AES-256,5000,4,2481,1035.3018999958294,0.6735999995726161,3.0050999994273297,True,272.9326217736497
RSA+AES-256,5000,4,2482,1111.7499000029056,0.6293999977060594,3.024600002390798,True,272.9326217736497
RSA+AES-256,5000,4,2483,328.5939000052167,0.6854999955976382,2.9405999957816675,True,272.9326217736497
RSA+AES-256,5000,4,2484,901.7460999966715,0.6995000003371388,2.9672000018763356,True,272.9326217736497
RSA+AES-256,5000,4,2485,1270.5548999947496,0.6999999968684278,2.8884999992442317,True,272.9326217736497
RSA+AES-256,5000,4,2486,2431.0366999998223,0.6838000044808723,3.0255999954533763,True,272.9326217736497
RSA+AES-256,5000,4,2487,384.70499999675667,0.6635000027017668,2.9620999994222075,True,272.9326217736497
RSA+AES-256,5000,4,2488,776.2957000013557,0.6689000001642853,2.9697999998461455,True,272.9326217736497
RSA+AES-256,5000,4,2489,2243.4846999967704,0.6590999983018264,2.8705000004265457,True,272.9326217736497
RSA+AES-256,5000,4,2490,249.33200000668876,0.6435000032070093,2.9213000016170554,True,272.9326217736497
RSA+AES-256,5000,4,2491,950.6705000021611,0.6481000018538907,3.0237999962992035,True,272.9326217736497
RSA+AES-256,5000,4,2492,2045.836400000553,0.7109999933163635,3.0203999995137565,True,272.9326217736497
RSA+AES-256,5000,4,2493,2244.6887000041897,0.6880000000819564,2.9499000011128373,True,272.9326217736497
RSA+AES-256,5000,4,2494,378.5024999961024,0.727099999494385,3.0682000069646165,True,272.9326217736497
RSA+AES-256,5000,4,2495,453.765399994154,0.8604000031482428,2.9827999969711527,True,272.9326217736497
RSA+AES-256,5000,4,2496,683.1751999998232,0.702000004821457,3.05099999968661,True,272.9326217736497
RSA+AES-256,5000,4,2497,1153.1716999961645,0.6615000020246953,2.932299998064991,True,272.9326217736497
RSA+AES-256,5000,4,2498,1260.605300005409,0.6742999976268038,2.9863999952794984,True,272.9326217736497
RSA+AES-256,5000,4,2499,2594.6604999990086,0.6772000051569194,2.8802000015275553,True,272.9326217736497
RSA+AES-256,5000,4,2500,871.20450000657,0.673100003041327,3.0701999930897728,True,272.9326217736497
RSA+AES-256,5000,4,2501,914.3878000031691,0.6119000026956201,2.9458999997586943,True,272.9326217736497
RSA+AES-256,5000,4,2502,328.7049999998999,0.6699000005028211,2.9739999954472296,True,272.9326217736497
RSA+AES-256,5000,4,2503,737.9789000042365,0.6291999961831607,2.9460000005201437,True,272.9326217736497
RSA+AES-256,5000,4,2504,444.9730999986059,0.673100003041327,2.9135999939171597,True,272.9326217736497
RSA+AES-256,5000,4,2505,397.850200002722,0.672499998472631,2.9991999981575646,True,272.9326217736497
RSA+AES-256,5000,4,2506,1512.58339999913,0.7048000043141656,2.99990000348771,True,272.9326217736497
RSA+AES-256,5000,4,2507,561.1678999994183,0.6673999960185029,3.053399996133521,True,272.9326217736497
RSA+AES-256,5000,4,2508,513.1819999951404,0.6919000006746501,3.1919000030029565,True,272.9326217736497
RSA+AES-256,5000,4,2509,780.7019999963813,0.6580999979632907,2.903299995523412,True,272.9326217736497
RSA+AES-256,5000,4,2510,1310.2127000020118,0.7033000001683831,2.9685000044992194,True,272.9326217736497
RSA+AES-256,5000,4,2511,649.5044999974198,0.7184999994933605,3.02949999604607,True,272.9326217736497
RSA+AES-256,5000,4,2512,284.75349999644095,0.6446999977924861,3.143699999782257,True,272.9326217736497
RSA+AES-256,5000,4,2513,225.74080000049435,0.6419999990612268,2.9710999951930717,True,272.9326217736497
RSA+AES-256,5000,4,2514,845.7942999957595,0.6739000018569641,2.940900005341973,True,272.9326217736497
RSA+AES-256,5000,4,2515,1032.8975999946124,0.6738000010955147,3.1526000020676292,True,272.9326217736497
RSA+AES-256,5000,4,2516,680.6560999975773,0.6637999977101572,2.945799998997245,True,272.9326217736497
RSA+AES-256,5000,4,2517,1701.3903000042774,0.6961000035516918,2.9130999973858707,True,272.9326217736497
RSA+AES-256,5000,4,2518,1038.3578999972087,0.6661000006715767,2.890399999159854,True,272.9326217736497
RSA+AES-256,5000,4,2519,254.23089999821968,0.6611999997403473,2.965599996969104,True,272.9326217736497
RSA+AES-256,5000,4,2520,232.24939999636263,0.6128999957581982,2.900799998315051,True,272.9326217736497
RSA+AES-256,5000,4,2521,201.50469999498455,0.6358000027830712,2.9606999960378744,True,272.9326217736497
RSA+AES-256,5000,4,2522,81.99279999826103,0.6269000004976988,2.926300003309734,True,272.9326217736497
RSA+AES-256,5000,4,2523,1380.6414999999106,0.6790999977965839,2.9800000047544017,True,272.9326217736497
RSA+AES-256,5000,4,2524,1354.7581000020728,0.6613000005017966,2.8883999984827824,True,272.9326217736497
RSA+AES-256,5000,4,2525,1477.0324999990407,0.6826999961049296,2.958299999590963,True,272.9326217736497
RSA+AES-256,5000,4,2526,1244.5853000026545,0.6480000010924414,2.8732999999192543,True,272.9326217736497
RSA+AES-256,5000,4,2527,310.0470999997924,0.6667999987257645,3.07510000129696,True,272.9326217736497
RSA+AES-256,5000,4,2528,323.39470000442816,0.6489000006695278,3.0177000007824972,True,272.9326217736497
RSA+AES-256,5000,4,2529,1315.2035999955842,0.6661000006715767,3.047300000616815,True,272.9326217736497
RSA+AES-256,5000,4,2530,167.69539999950211,0.6173000001581386,3.015000002051238,True,272.9326217736497
RSA+AES-256,5000,4,2531,599.1378000035184,0.6569999968633056,2.92990000161808,True,272.9326217736497
RSA+AES-256,5000,4,2532,1152.1599999978207,0.6757000010111369,3.0101000011200085,True,272.9326217736497
RSA+AES-256,5000,4,2533,471.24579999945126,0.665100000333041,3.2562999986112118,True,272.9326217736497
RSA+AES-256,5000,4,2534,697.040900005959,0.8422000028076582,3.063500000280328,True,272.9326217736497
RSA+AES-256,5000,4,2535,1015.9136999936891,0.6741000033798628,2.9796000017086044,True,272.9326217736497
RSA+AES-256,5000,4,2536,842.2656000038842,0.6400999991456047,3.039299997908529,True,272.9326217736497
RSA+AES-256,5000,4,2537,127.97189999400871,0.6003999951644801,2.947699998912867,True,272.9326217736497
RSA+AES-256,5000,4,2538,484.690800003591,0.6532999977935106,2.889200004574377,True,272.9326217736497
RSA+AES-256,5000,4,2539,625.3044999975828,0.6094999989727512,2.9575999942608178,True,272.9326217736497
RSA+AES-256,5000,4,2540,1958.3702000018093,0.661899997794535,2.935300006356556,True,272.9326217736497
RSA+AES-256,5000,4,2541,662.9672999988543,0.6732999972882681,3.015800000866875,True,272.9326217736497
RSA+AES-256,5000,4,2542,305.06790000072215,0.6699000005028211,2.98320000001695,True,272.9326217736497
RSA+AES-256,5000,4,2543,224.45650000008754,0.5952999999863096,3.020500000275206,True,272.9326217736497
RSA+AES-256,5000,4,2544,260.62850000016624,0.6629999988945201,2.9962999979034066,True,272.9326217736497
RSA+AES-256,5000,4,2545,676.4530000000377,0.6734999988111667,2.938899997388944,True,272.9326217736497
RSA+AES-256,5000,4,2546,720.6089999963297,0.764000003982801,2.9742999977315776,True,272.9326217736497
RSA+AES-256,5000,4,2547,200.80959999904735,0.6551999977091327,3.2049000001279637,True,272.9326217736497
RSA+AES-256,5000,4,2548,1289.593599998625,0.6031000011716969,2.929399997810833,True,272.9326217736497
RSA+AES-256,5000,4,2549,1138.657699993928,0.6734999988111667,3.443699999479577,True,272.9326217736497
RSA+AES-256,5000,4,2550,1228.3059999972465,0.6837999972049147,3.0597999939345755,True,272.9326217736497
RSA+AES-256,5000,4,2551,846.5852000008454,0.6667999987257645,2.918600002885796,True,272.9326217736497
RSA+AES-256,5000,4,2552,776.9102000020212,0.661599995510187,2.949000001535751,True,272.9326217736497
RSA+AES-256,5000,4,2553,384.412200000952,0.6423000013455749,2.977399999508634,True,272.9326217736497
RSA+AES-256,5000,4,2554,541.7349000053946,0.6670000002486631,2.9881000009481795,True,272.9326217736497
RSA+AES-256,5000,4,2555,491.3947000022745,0.6473999965237454,2.9892000020481646,True,272.9326217736497
RSA+AES-256,5000,4,2556,840.2241000003414,0.6821999995736405,3.239099998609163,True,272.9326217736497
RSA+AES-256,5000,4,2557,528.3860999988974,0.6808999969507568,2.898099999583792,True,272.9326217736497
RSA+AES-256,5000,4,2558,683.3683000004385,0.7160000022849999,2.9891000012867153,True,272.9326217736497
RSA+AES-256,5000,4,2559,290.4913000020315,0.6968999950913712,2.9460000005201437,True,272.9326217736497
RSA+AES-256,5000,4,2560,1437.0460999998613,0.6876999977976084,3.3294000022578984,True,272.9326217736497
RSA+AES-256,5000,4,2561,1500.5654000051436,0.6298000007518567,2.9683999964618124,True,272.9326217736497
RSA+AES-256,5000,4,2562,643.6286000025575,0.6170999986352399,2.9672000018763356,True,272.9326217736497
RSA+AES-256,5000,4,2563,1105.8383999989019,0.6827999968663789,3.0034000010346062,True,272.9326217736497
RSA+AES-256,5000,4,2564,183.71629999455763,0.5927999955019914,2.8597999989870004,True,272.9326217736497
RSA+AES-256,5000,4,2565,302.4278000011691,0.6568000026163645,3.2263000030070543,True,272.9326217736497
RSA+AES-256,5000,4,2566,558.9041999992332,0.6697999997413717,2.907399997639004,True,272.9326217736497
RSA+AES-256,5000,4,2567,164.33859999960987,0.5985000025248155,2.8741999994963408,True,272.9326217736497
RSA+AES-256,5000,4,2568,529.6334999948158,0.6272999962675385,2.885299996705726,True,272.9326217736497
RSA+AES-256,5000,4,2569,180.32989999483107,0.6642000007559545,2.9671000011148863,True,272.9326217736497
RSA+AES-256,5000,4,2570,741.6970999984187,0.6587999960174784,2.918499994848389,True,272.9326217736497
RSA+AES-256,5000,4,2571,788.8380000003963,0.7470999989891425,2.9787999956170097,True,272.9326217736497
RSA+AES-256,5000,4,2572,1327.6608000014676,0.6689000001642853,2.8882000042358413,True,272.9326217736497
RSA+AES-256,5000,4,2573,1017.2640999953728,0.6389999980456196,2.9133999996702187,True,272.9326217736497
RSA+AES-256,5000,4,2574,878.0131000021356,0.6767000013496727,2.9796000017086044,True,272.9326217736497
RSA+AES-256,5000,4,2575,851.8862999990233,0.6815000015194528,2.980299999762792,True,272.9326217736497
RSA+AES-256,5000,4,2576,693.6165999941295,0.6240999937290326,2.9687999995076098,True,272.9326217736497
RSA+AES-256,5000,4,2577,483.68889999983367,0.6863999951747246,2.9863000017940067,True,272.9326217736497
RSA+AES-256,5000,4,2578,877.9193999944255,0.6796000016038306,2.912700001616031,True,272.9326217736497
RSA+AES-256,5000,4,2579,792.3261000032653,0.6814000007580034,2.874799996789079,True,272.9326217736497
RSA+AES-256,5000,4,2580,580.7797999950708,0.6624999950872734,2.8784000023733824,True,272.9326217736497
RSA+AES-256,5000,4,2581,295.1281999994535,0.6292000034591183,3.034100001968909,True,272.9326217736497
RSA+AES-256,5000,4,2582,582.8569999939646,0.6540000031236559,2.9313999984879047,True,272.9326217736497
RSA+AES-256,5000,4,2583,1313.1454999966081,0.6615000020246953,2.8744000010192394,True,272.9326217736497
RSA+AES-256,5000,4,2584,269.5252999983495,0.6636000034632161,3.034999994270038,True,272.9326217736497
RSA+AES-256,5000,4,2585,804.8476000039955,0.7339000003412366,3.009700005350169,True,272.9326217736497
RSA+AES-256,5000,4,2586,589.2296999954851,0.7064000019454397,3.0258999977377243,True,272.9326217736497
RSA+AES-256,5000,4,2587,433.8324999989709,0.6560000038007274,2.886700000090059,True,272.9326217736497
RSA+AES-256,5000,4,2588,1017.3709999944549,0.6597000028705224,2.8908000022056513,True,272.9326217736497
RSA+AES-256,5000,4,2589,1295.2148000040324,0.6725000057485886,2.9799000039929524,True,272.9326217736497
RSA+AES-256,5000,4,2590,350.974100001622,0.6733999980497174,2.952399998321198,True,272.9326217736497
RSA+AES-256,5000,4,2591,922.286000000895,0.6726000065100379,3.0846000008750707,True,272.9326217736497
RSA+AES-256,5000,4,2592,612.2108000054141,0.6659999999101274,2.8906000006827526,True,272.9326217736497
RSA+AES-256,5000,4,2593,397.7372000008472,0.7304000027943403,2.9182000071159564,True,272.9326217736497
RSA+AES-256,5000,4,2594,185.73579999792855,0.610499999311287,2.9775000002700835,True,272.9326217736497
RSA+AES-256,5000,4,2595,448.77969999652123,0.697599993145559,3.081499999098014,True,272.9326217736497
RSA+AES-256,5000,4,2596,672.0415000017965,0.676199997542426,2.9528000013669953,True,272.9326217736497
RSA+AES-256,5000,4,2597,478.3549999992829,0.66559999686433,2.9704999979003333,True,272.9326217736497
RSA+AES-256,5000,4,2598,881.3867999997456,0.6881999943288974,3.015800000866875,True,272.9326217736497
RSA+AES-256,5000,4,2599,1460.2914999995846,0.7498000049963593,3.0138000001898035,True,272.9326217736497
RSA+AES-256,5000,4,2600,532.5118000037037,0.680500001180917,2.984100006869994,True,272.9326217736497
RSA+AES-256,5000,4,2601,962.1865000008256,0.6777000016882084,3.0398000017157756,True,272.9326217736497
RSA+AES-256,5000,4,2602,1116.5918999977293,0.6648999988101423,2.9286999997566454,True,272.9326217736497
RSA+AES-256,5000,4,2603,948.2846000028076,0.6567000018549152,2.906400004576426,True,272.9326217736497
RSA+AES-256,5000,4,2604,713.4545000008075,0.6573000064236112,3.2603999934508465,True,272.9326217736497
RSA+AES-256,5000,4,2605,612.3428999999305,0.6786000012652948,2.882399996451568,True,272.9326217736497
RSA+AES-256,5000,4,2606,917.0051999972202,0.6227999983821064,3.0162000039126724,True,272.9326217736497
RSA+AES-256,5000,4,2607,858.2733000002918,0.6900000007590279,2.9840999995940365,True,272.9326217736497
RSA+AES-256,5000,4,2608,123.45330000243848,0.6124999999883585,2.8841999956057407,True,272.9326217736497
RSA+AES-256,5000,4,2609,423.77159999887226,0.6518000009236857,2.8832000025431626,True,272.9326217736497
RSA+AES-256,5000,4,2610,225.54279999894788,0.6310999960987829,2.8853000039816834,True,272.9326217736497
RSA+AES-256,5000,4,2611,848.263699997915,0.6729000015184283,2.878699997381773,True,272.9326217736497
RSA+AES-256,5000,4,2612,1294.3771000063862,0.6874999962747097,3.0417000016313978,True,272.9326217736497
RSA+AES-256,5000,4,2613,207.6556999963941,0.6632000004174188,2.9753999988315627,True,272.9326217736497
RSA+AES-256,5000,4,2614,1057.1943000031752,0.6676999983028509,2.958199998829514,True,272.9326217736497
RSA+AES-256,5000,4,2615,715.5443999945419,0.6961999970371835,2.945000000181608,True,272.9326217736497
RSA+AES-256,5000,4,2616,938.3222000033129,0.6826000026194379,2.9826999962097034,True,272.9326217736497
RSA+AES-256,5000,4,2617,363.89710000366904,0.65080000058515,2.890000003390014,True,272.9326217736497
RSA+AES-256,5000,4,2618,657.4534999963362,0.6589999975403771,3.287100000306964,True,272.9326217736497
RSA+AES-256,5000,4,2619,2160.2188000033493,0.6608999974559993,2.8996000037295744,True,272.9326217736497
RSA+AES-256,5000,4,2620,1234.721000000718,0.668499997118488,2.9455000039888546,True,272.9326217736497
RSA+AES-256,5000,4,2621,254.038799997943,0.6996999945840798,2.8681000039796345,True,272.9326217736497
RSA+AES-256,5000,4,2622,455.244999997376,0.6586000017705373,2.917800004070159,True,272.9326217736497
RSA+AES-256,5000,4,2623,583.7427000005846,0.6934999983059242,2.960400001029484,True,272.9326217736497
RSA+AES-256,5000,4,2624,81.11099999950966,0.6102000043028966,2.966199994261842,True,272.9326217736497
RSA+AES-256,5000,4,2625,301.51540000224486,0.6548999954247847,3.0846000008750707,True,272.9326217736497
RSA+AES-256,5000,4,2626,877.8224999987287,0.6814000007580034,2.967000000353437,True,272.9326217736497
RSA+AES-256,5000,4,2627,1143.6646000001929,0.676199997542426,2.9350999975576997,True,272.9326217736497
RSA+AES-256,5000,4,2628,1008.9035999990301,0.6518000009236857,2.91839999408694,True,272.9326217736497
RSA+AES-256,5000,4,2629,116.15080000046873,0.6097000004956499,2.8732000064337626,True,272.9326217736497
RSA+AES-256,5000,4,2630,872.5011999995331,0.6588999967789277,2.9047000061837025,True,272.9326217736497
RSA+AES-256,5000,4,2631,100.960000003397,0.6093999982113019,2.9358999963733368,True,272.9326217736497
RSA+AES-256,5000,4,2632,525.997600001574,0.6653000018559396,3.174199999193661,True,272.9326217736497
RSA+AES-256,5000,4,2633,280.50229999644216,0.6550000034621917,2.9138999962015077,True,272.9326217736497
RSA+AES-256,5000,4,2634,889.5101999951294,0.6811999992351048,2.979199998662807,True,272.9326217736497
RSA+AES-256,5000,4,2635,345.7542000032845,0.6571000049007125,2.960400001029484,True,272.9326217736497
RSA+AES-256,5000,4,2636,565.5191999976523,0.6892000019433908,2.9961999971419573,True,272.9326217736497
RSA+AES-256,5000,4,2637,39.40780000266386,0.6843000010121614,2.9709000009461306,True,272.9326217736497
RSA+AES-256,5000,4,2638,278.61159999883967,0.6474999972851947,2.9064999980619177,True,272.9326217736497
RSA+AES-256,5000,4,2639,769.8413999969489,0.6833000006736256,2.889399998821318,True,272.9326217736497
RSA+AES-256,5000,4,2640,1038.016799997422,0.9633000008761883,2.9868000056012534,True,272.9326217736497
RSA+AES-256,5000,4,2641,531.9423999972059,0.6887000054121017,2.961500002129469,True,272.9326217736497
RSA+AES-256,5000,4,2642,1595.6978000031086,0.6906999988132156,2.9591999991680495,True,272.9326217736497
RSA+AES-256,5000,4,2643,679.6036000014283,0.6731999965268187,2.994800001033582,True,272.9326217736497
RSA+AES-256,5000,4,2644,391.0106999974232,0.6466999984695576,2.9877999986638315,True,272.9326217736497
RSA+AES-256,5000,4,2645,1435.5482000028132,0.7419000030495226,2.9705999986617826,True,272.9326217736497
RSA+AES-256,5000,4,2646,574.2068000035943,0.6410999994841404,2.933700001449324,True,272.9326217736497
RSA+AES-256,5000,4,2647,657.3512000031769,0.6818999972892925,2.946599997812882,True,272.9326217736497
RSA+AES-256,5000,4,2648,770.4463999980362,0.7084000026225112,2.981600002385676,True,272.9326217736497
RSA+AES-256,5000,4,2649,468.4983999977703,0.6868999989819713,3.0232000062824227,True,272.9326217736497
RSA+AES-256,5000,4,2650,198.8017999974545,0.6400999991456047,2.9954999990877695,True,272.9326217736497
RSA+AES-256,5000,4,2651,405.95590000157245,0.655100004223641,2.919799997471273,True,272.9326217736497
RSA+AES-256,5000,4,2652,696.2901999941096,0.668499997118488,2.879300001950469,True,272.9326217736497
RSA+AES-256,5000,4,2653,458.1890999979805,0.6635999961872585,2.8751999998348765,True,272.9326217736497
RSA+AES-256,5000,4,2654,122.15120000473689,0.5960999988019466,2.983399994263891,True,272.9326217736497
RSA+AES-256,5000,4,2655,546.861999995599,0.6266999989748001,3.417200001422316,True,272.9326217736497
RSA+AES-256,5000,4,2656,1736.5272999959416,0.6752000044798478,2.887000002374407,True,272.9326217736497
RSA+AES-256,5000,4,2657,1857.6854999992065,0.6794000000809319,2.880100000766106,True,272.9326217736497
RSA+AES-256,5000,4,2658,448.84860000456683,0.6091000032029115,2.952899994852487,True,272.9326217736497
RSA+AES-256,5000,4,2659,224.76929999538697,0.6893999961903319,2.975499999593012,True,272.9326217736497
RSA+AES-256,5000,4,2660,671.6328999973484,0.6924999979673885,2.9918000000179745,True,272.9326217736497
RSA+AES-256,5000,4,2661,339.47970000008354,0.6830999991507269,2.9871000006096438,True,272.9326217736497
RSA+AES-256,5000,4,2662,525.012300000526,0.6483000033767894,3.1233999980031513,True,272.9326217736497
RSA+AES-256,5000,4,2663,287.0810000022175,0.6712999966111965,2.9522999975597486,True,272.9326217736497
RSA+AES-256,5000,4,2664,1055.640400001721,0.6689000001642853,2.9004000025452115,True,272.9326217736497
RSA+AES-256,5000,4,2665,559.7202999997535,0.6192000000737607,2.951299997221213,True,272.9326217736497
RSA+AES-256,5000,4,2666,693.780899993726,0.6749999956809916,2.9269000006024726,True,272.9326217736497
RSA+AES-256,5000,4,2667,384.1392999966047,0.6817000030423515,2.9935999991721474,True,272.9326217736497
RSA+AES-256,5000,4,2668,336.9624000042677,0.6820999988121912,2.9489000007743016,True,272.9326217736497
RSA+AES-256,5000,4,2669,618.8521000003675,0.6618000043090433,2.9111999974702485,True,272.9326217736497
RSA+AES-256,5000,4,2670,389.668800002255,0.6756000002496876,2.9900000008638017,True,272.9326217736497
RSA+AES-256,5000,4,2671,2303.4163000047556,0.6462999954237603,2.87209999805782,True,272.9326217736497
RSA+AES-256,5000,4,2672,802.823999998509,0.731700005417224,2.968100001453422,True,272.9326217736497
RSA+AES-256,5000,4,2673,1676.2956000020495,0.665700004901737,2.9095999998389743,True,272.9326217736497
RSA+AES-256,5000,4,2674,619.2681999964407,0.7058000046527013,2.9190000059315935,True,272.9326217736497
RSA+AES-256,5000,4,2675,633.1936999995378,0.6853999948361889,3.0141999959596433,True,272.9326217736497
RSA+AES-256,5000,4,2676,646.9410999998217,0.6659999999101274,2.9845999961253256,True,272.9326217736497
RSA+AES-256,5000,4,2677,278.89600000344217,0.6672000017715618,2.99799999629613,True,272.9326217736497
RSA+AES-256,5000,4,2678,759.1820999950869,0.7045000020298176,2.8994999956921674,True,272.9326217736497
RSA+AES-256,5000,4,2679,1107.1922999981325,0.6253999963519163,3.1855000052019022,True,272.9326217736497
RSA+AES-256,5000,4,2680,443.1767999994918,0.6966000000829808,3.0090000000200234,True,272.9326217736497
RSA+AES-256,5000,4,2681,187.9306999981054,0.6617999970330857,2.9316000000108033,True,272.9326217736497
RSA+AES-256,5000,4,2682,542.579900000419,0.6597000028705224,2.9579000038211234,True,272.9326217736497
RSA+AES-256,5000,4,2683,830.5647000015597,0.6677999990643002,2.882699998735916,True,272.9326217736497
RSA+AES-256,5000,4,2684,282.4601999964216,0.6932999967830256,3.012299996044021,True,272.9326217736497
RSA+AES-256,5000,4,2685,926.6802999991341,0.6346999944071285,2.944399995612912,True,272.9326217736497
RSA+AES-256,5000,4,2686,673.6470999967423,0.6475000045611523,2.9747999942628667,True,272.9326217736497
RSA+AES-256,5000,4,2687,372.24670000432525,0.6665999972028658,2.8756999963661656,True,272.9326217736497
RSA+AES-256,5000,4,2688,583.943999998155,0.6595000013476238,2.9177000033087097,True,272.9326217736497
RSA+AES-256,5000,4,2689,502.3953999989317,0.6550000034621917,2.9092000040691346,True,272.9326217736497
RSA+AES-256,5000,4,2690,275.0117000032333,0.6531000035465695,2.892900003644172,True,272.9326217736497
RSA+AES-256,5000,4,2691,744.7611000025063,0.6389999980456196,2.971199995954521,True,272.9326217736497
RSA+AES-256,5000,4,2692,236.58829999476438,0.633299998298753,2.89840000186814,True,272.9326217736497
RSA+AES-256,5000,4,2693,1014.89489999949,0.6682000021100976,2.892600001359824,True,272.9326217736497
RSA+AES-256,5000,4,2694,1085.5584000019007,0.6234999964362942,3.0467000033240765,True,272.9326217736497
RSA+AES-256,5000,4,2695,1702.1163000026718,1.003199999104254,3.077600005781278,True,272.9326217736497
RSA+AES-256,5000,4,2696,1150.3596999973524,0.6694999974570237,2.998299998580478,True,272.9326217736497
RSA+AES-256,5000,4,2697,332.8445000006468,0.6485999983851798,2.9179999983171,True,272.9326217736497
RSA+AES-256,5000,4,2698,238.56240000168327,0.6017999985488132,2.940200000011828,True,272.9326217736497
RSA+AES-256,5000,4,2699,1004.9615999960224,0.6812999999965541,2.971800000523217,True,272.9326217736497
RSA+AES-256,5000,4,2700,542.8732000000309,0.6028000061633065,3.0073999951127917,True,272.9326217736497
RSA+AES-256,5000,4,2701,656.9281999982195,0.7101000010152347,2.9400999992503785,True,272.9326217736497
RSA+AES-256,5000,4,2702,363.2131000049412,0.671899993903935,2.8764999951818027,True,272.9326217736497
RSA+AES-256,5000,4,2703,415.95719999895664,0.6848000048194081,2.9705999986617826,True,272.9326217736497
RSA+AES-256,5000,4,2704,190.9860000014305,0.6481000018538907,2.95170000026701,True,272.9326217736497
RSA+AES-256,5000,4,2705,184.2259999975795,0.6415000025299378,2.8993000014452264,True,272.9326217736497
RSA+AES-256,5000,4,2706,175.98320000251988,0.6240000002435409,2.920700004324317,True,272.9326217736497
RSA+AES-256,5000,4,2707,360.74219999864,0.6690000009257346,2.942299994174391,True,272.9326217736497
RSA+AES-256,5000,4,2708,908.0290999991121,0.7696000029682182,3.089199999521952,True,272.9326217736497
RSA+AES-256,5000,4,2709,191.59149999904912,0.6955999997444451,2.940500002296176,True,272.9326217736497
RSA+AES-256,5000,4,2710,880.0169999958598,0.6536000000778586,2.9204999955254607,True,272.9326217736497
RSA+AES-256,5000,4,2711,281.54060000088066,0.9303000042564236,3.0085000034887344,True,272.9326217736497
RSA+AES-256,5000,4,2712,1853.4550000040326,0.6846000032965094,3.370099999301601,True,272.9326217736497
RSA+AES-256,5000,4,2713,73.11179999669548,0.6078000005800277,3.0211999983293936,True,272.9326217736497
RSA+AES-256,5000,4,2714,361.86849999648985,0.680199998896569,2.9068000003462657,True,272.9326217736497
RSA+AES-256,5000,4,2715,814.060899996548,0.6853999948361889,2.9209999993327074,True,272.9326217736497
RSA+AES-256,5000,4,2716,307.523499999661,0.6747999941580929,2.9954999990877695,True,272.9326217736497
RSA+AES-256,5000,4,2717,1033.3688000027905,0.691400004143361,2.9198000047472306,True,272.9326217736497
RSA+AES-256,5000,4,2718,171.04110000218498,0.5942999996477738,2.899200000683777,True,272.9326217736497
RSA+AES-256,5000,4,2719,862.2875000000931,0.6635999961872585,3.0025999949430116,True,272.9326217736497
RSA+AES-256,5000,4,2720,456.912800000282,0.665400002617389,2.9276999994181097,True,272.9326217736497
RSA+AES-256,5000,4,2721,1920.4828000001726,0.6682000021100976,2.9415000026347116,True,272.9326217736497
RSA+AES-256,5000,4,2722,188.2677999965381,0.5825999978696927,2.9381999993347563,True,272.9326217736497
RSA+AES-256,5000,4,2723,241.52519999915967,0.6690999944112264,2.9946000067866407,True,272.9326217736497
RSA+AES-256,5000,4,2724,1024.8753000050783,0.6753999987267889,3.002699995704461,True,272.9326217736497
RSA+AES-256,5000,4,2725,680.4589000021224,0.6830999991507269,3.011499997228384,True,272.9326217736497
RSA+AES-256,5000,4,2726,202.73379999707686,0.6110000031185336,3.094399995461572,True,272.9326217736497
RSA+AES-256,5000,4,2727,189.7705000010319,0.6903999965288676,3.0157000001054257,True,272.9326217736497
RSA+AES-256,5000,4,2728,892.1935000034864,0.6930999952601269,3.0020999984117225,True,272.9326217736497
RSA+AES-256,5000,4,2729,827.5906999988365,0.668799999402836,2.9492000030586496,True,272.9326217736497
RSA+AES-256,5000,4,2730,505.0196000011056,0.6750000029569492,3.121199995803181,True,272.9326217736497
RSA+AES-256,5000,4,2731,641.7336000013165,0.7085999968694523,3.0045000021345913,True,272.9326217736497
RSA+AES-256,5000,4,2732,397.3815999997896,0.658500001009088,2.980199999001343,True,272.9326217736497
RSA+AES-256,5000,4,2733,831.0376999943401,0.6980999969528057,2.992000001540873,True,272.9326217736497
RSA+AES-256,5000,4,2734,546.0135999965132,0.6931000025360845,2.9760999968857504,True,272.9326217736497
RSA+AES-256,5000,4,2735,607.735199999297,0.6748000014340505,2.9859999995096587,True,272.9326217736497
RSA+AES-256,5000,4,2736,294.86390000238316,0.6862000009277835,2.944600004411768,True,272.9326217736497
RSA+AES-256,5000,4,2737,527.8910000051837,0.6537000008393079,2.940800004580524,True,272.9326217736497
RSA+AES-256,5000,4,2738,314.72190000204137,0.6021000008331612,2.965599996969104,True,272.9326217736497
RSA+AES-256,5000,4,2739,841.2803999963216,0.6843000010121614,2.9570999977295287,True,272.9326217736497
RSA+AES-256,5000,4,2740,320.8357999974396,0.6812000065110624,3.013599998666905,True,272.9326217736497
RSA+AES-256,5000,4,2741,237.0470999958343,0.6636999969487078,2.94690000009723,True,272.9326217736497
RSA+AES-256,5000,4,2742,1075.3228999965359,0.6580999979632907,2.877200000511948,True,272.9326217736497
RSA+AES-256,5000,4,2743,303.31090000254335,0.607900001341477,2.8978999980608933,True,272.9326217736497
RSA+AES-256,5000,4,2744,236.29849999997532,0.6910000010975637,2.9948999945190735,True,272.9326217736497
RSA+AES-256,5000,4,2745,607.4589999989257,0.661899997794535,2.986100000271108,True,272.9326217736497
RSA+AES-256,5000,4,2746,760.6057000011788,0.6716999996569939,2.9125000000931323,True,272.9326217736497
RSA+AES-256,5000,4,2747,67.93810000090161,0.6334999998216517,3.099800000200048,True,272.9326217736497
RSA+AES-256,5000,4,2748,701.5944000013405,0.6766000005882233,2.9836000030627474,True,272.9326217736497
RSA+AES-256,5000,4,2749,651.8020000003162,0.6452000015997328,2.8689999962807633,True,272.9326217736497
RSA+AES-256,5000,4,2750,714.4495000029565,0.6558999957633205,2.9324999995878898,True,272.9326217736497
RSA+AES-256,5000,4,2751,481.19149999547517,0.6734999988111667,2.9866999975638464,True,272.9326217736497
RSA+AES-256,5000,4,2752,67.06110000232002,0.6044000037945807,2.958199998829514,True,272.9326217736497
RSA+AES-256,5000,4,2753,559.3650000009802,0.6571999983862042,2.925200002209749,True,272.9326217736497
RSA+AES-256,5000,4,2754,706.3588999953936,0.6633000011788681,2.9567999954451807,True,272.9326217736497
RSA+AES-256,5000,4,2755,514.9977000037325,0.6597000028705224,2.9429000060190447,True,272.9326217736497
RSA+AES-256,5000,4,2756,636.6832999992766,0.6770999971195124,2.9511999964597635,True,272.9326217736497
RSA+AES-256,5000,4,2757,1167.7187999957823,0.6824000010965392,2.9818999973940663,True,272.9326217736497
RSA+AES-256,5000,4,2758,329.85049999842886,0.6885999973746948,2.955700001621153,True,272.9326217736497
RSA+AES-256,5000,4,2759,692.3393999968539,0.6741000033798628,2.928599998995196,True,272.9326217736497
RSA+AES-256,5000,4,2760,462.4186000000918,0.6566000010934658,2.9753999988315627,True,272.9326217736497
RSA+AES-256,5000,4,2761,300.4711999965366,0.7093000021995977,2.9548999955295585,True,272.9326217736497
RSA+AES-256,5000,4,2762,143.36729999922682,0.5974000014248304,2.9702999963774346,True,272.9326217736497
RSA+AES-256,5000,4,2763,1079.2671000017435,0.7040999989840202,2.920400002039969,True,272.9326217736497
RSA+AES-256,5000,4,2764,1346.0438000038266,0.698199997714255,2.986400002555456,True,272.9326217736497
RSA+AES-256,5000,4,2765,1344.2656999977771,0.6167000028654002,2.976600000692997,True,272.9326217736497
RSA+AES-256,5000,4,2766,474.10820000368403,0.6031000011716969,2.9447999986587092,True,272.9326217736497
RSA+AES-256,5000,4,2767,56.50040000182344,0.5774000019300729,2.8509999974630773,True,272.9326217736497
RSA+AES-256,5000,4,2768,480.5549000011524,0.6792999993194826,2.9467999993357807,True,272.9326217736497
RSA+AES-256,5000,4,2769,779.88059999916,0.6452000015997328,2.9567999954451807,True,272.9326217736497
RSA+AES-256,5000,4,2770,317.526299993915,0.6824000010965392,3.0019000041647814,True,272.9326217736497
RSA+AES-256,5000,4,2771,1493.935499995132,0.6709000008413568,2.9508000006899238,True,272.9326217736497
RSA+AES-256,5000,4,2772,772.0059999992372,0.6130999972810969,2.875300000596326,True,272.9326217736497
RSA+AES-256,5000,4,2773,1058.5275999983423,0.6601999994018115,3.020699994522147,True,272.9326217736497
RSA+AES-256,5000,4,2774,1626.76079999801,0.6876000043121167,2.9630000062752515,True,272.9326217736497
RSA+AES-256,5000,4,2775,895.0450000047567,0.6775000001653098,2.9518000010284595,True,272.9326217736497
RSA+AES-256,5000,4,2776,1121.094299996912,0.687400002789218,2.9815000016242266,True,272.9326217736497
RSA+AES-256,5000,4,2777,890.9500000008848,0.6811999992351048,2.9331999976420775,True,272.9326217736497
RSA+AES-256,5000,4,2778,1379.4070000003558,0.6615000020246953,2.8674999994109385,True,272.9326217736497
RSA+AES-256,5000,4,2779,1311.4072999960626,0.7024000005912967,3.0277999976533465,True,272.9326217736497
RSA+AES-256,5000,4,2780,398.7141000034171,0.6437999982153997,2.967300002637785,True,272.9326217736497
RSA+AES-256,5000,4,2781,354.05590000300435,0.7580999954370782,3.253700000641402,True,272.9326217736497
RSA+AES-256,5000,4,2782,99.03019999910612,0.6413999944925308,3.184799999871757,True,272.9326217736497
RSA+AES-256,5000,4,2783,1257.398000001558,0.6624999950872734,2.9756000003544614,True,272.9326217736497
RSA+AES-256,5000,4,2784,511.9764000046416,0.6722999969497323,3.0151000028126873,True,272.9326217736497
RSA+AES-256,5000,4,2785,1033.6416999998619,0.6811999992351048,3.1450999958906323,True,272.9326217736497
RSA+AES-256,5000,4,2786,688.2037000032142,0.68450000253506,2.9713999974774197,True,272.9326217736497
RSA+AES-256,5000,4,2787,597.7631999994628,0.6732000038027763,2.979199998662807,True,272.9326217736497
RSA+AES-256,5000,4,2788,333.1417000008514,0.6470000007539056,2.9597000029752962,True,272.9326217736497
RSA+AES-256,5000,4,2789,559.2810999951325,0.6126000007498078,2.9628999982378446,True,272.9326217736497
RSA+AES-256,5000,4,2790,961.886199998844,0.690799999574665,2.93279999459628,True,272.9326217736497
RSA+AES-256,5000,4,2791,600.3829999972368,0.6940000021131709,2.9286999997566454,True,272.9326217736497
RSA+AES-256,5000,4,2792,164.79120000440162,0.5880000026081689,2.8775999962817878,True,272.9326217736497
RSA+AES-256,5000,4,2793,1099.5174999989104,0.7193999990704469,3.0133000036585145,True,272.9326217736497
RSA+AES-256,5000,4,2794,251.34409999736818,0.6388000037986785,3.0360000018845312,True,272.9326217736497
RSA+AES-256,5000,4,2795,1237.4497999990126,0.7072999942465685,2.9799000039929524,True,272.9326217736497
RSA+AES-256,5000,4,2796,508.4144000065862,0.668999993649777,2.9436000040732324,True,272.9326217736497
RSA+AES-256,5000,4,2797,846.073200002138,0.6859999994048849,3.067199999350123,True,272.9326217736497
RSA+AES-256,5000,4,2798,1307.8533000007155,0.6689000001642853,3.0628000022261404,True,272.9326217736497
RSA+AES-256,5000,4,2799,554.3397000001278,0.6519000016851351,2.9060000015306287,True,272.9326217736497
RSA+AES-256,5000,4,2800,772.1327000035672,0.7144000046537258,3.1113000004552305,True,272.9326217736497
RSA+AES-256,5000,4,2801,658.86319999845,0.7341000018641353,3.0010999980731867,True,272.9326217736497
RSA+AES-256,5000,4,2802,1040.8855999994557,0.6627000038861297,3.534100003889762,True,272.9326217736497
RSA+AES-256,5000,4,2803,191.49489999836078,0.6186000027810223,2.9441000006045215,True,272.9326217736497
RSA+AES-256,5000,4,2804,1024.4579999998678,0.7036000024527311,2.985300001455471,True,272.9326217736497
RSA+AES-256,5000,4,2805,373.0155000012019,0.6754999994882382,2.9807000028085895,True,272.9326217736497
RSA+AES-256,5000,4,2806,257.4982000005548,0.6412000002455898,3.103999995801132,True,272.9326217736497
RSA+AES-256,5000,4,2807,319.4571999993059,0.6737000003340654,2.962799997476395,True,272.9326217736497
RSA+AES-256,5000,4,2808,582.8335999976844,0.6905999980517663,3.0452999999397434,True,272.9326217736497
RSA+AES-256,5000,4,2809,1439.1451999981655,0.6722000034642406,3.519699996104464,True,272.9326217736497
RSA+AES-256,5000,4,2810,325.3012999994098,0.6618000043090433,2.9770000037387945,True,272.9326217736497
RSA+AES-256,5000,4,2811,324.88399999419926,0.6529999955091625,2.9646000039065257,True,272.9326217736497
RSA+AES-256,5000,4,2812,962.6773999989382,0.669299995934125,2.8690999970422126,True,272.9326217736497
RSA+AES-256,5000,4,2813,428.052100003697,0.6921000021975487,3.0074000023887493,True,272.9326217736497
RSA+AES-256,5000,4,2814,633.092600000964,0.6843000010121614,2.9746000000159256,True,272.9326217736497
RSA+AES-256,5000,4,2815,1069.1577999969013,0.6901000015204772,3.53729999915231,True,272.9326217736497
RSA+AES-256,5000,4,2816,536.9778999956907,0.6697999997413717,2.9425000029732473,True,272.9326217736497
RSA+AES-256,5000,4,2817,418.97880000033183,0.6620999993174337,2.893499993660953,True,272.9326217736497
RSA+AES-256,5000,4,2818,456.3090000010561,0.6581000052392483,2.893900003982708,True,272.9326217736497
RSA+AES-256,5000,4,2819,604.5360000061919,0.6943999978830107,2.9848999984096736,True,272.9326217736497
RSA+AES-256,5000,4,2820,341.3127000021632,0.6642000007559545,2.930200003902428,True,272.9326217736497
RSA+AES-256,5000,4,2821,282.4038999970071,0.6051000018487684,3.004400001373142,True,272.9326217736497
RSA+AES-256,5000,4,2822,874.5367000010447,0.6654999961028807,2.9199999989941716,True,272.9326217736497
RSA+AES-256,5000,4,2823,89.630100002978,0.6929000010131858,2.870900003472343,True,272.9326217736497
RSA+AES-256,5000,4,2824,130.89339999714866,0.5394000036176294,2.9176000025472604,True,272.9326217736497
RSA+AES-256,5000,4,2825,775.2838999949745,0.68710000050487,2.9977000012877397,True,272.9326217736497
RSA+AES-256,5000,4,2826,503.39149999490473,0.6362999993143603,2.994900001795031,True,272.9326217736497
RSA+AES-256,5000,4,2827,780.4067000033683,0.6678999998257495,2.9934000049252063,True,272.9326217736497
RSA+AES-256,5000,4,2828,328.61879999836674,0.6906999988132156,3.023000004759524,True,272.9326217736497
RSA+AES-256,5000,4,2829,584.6529000045848,0.6606000024476089,2.880599997297395,True,272.9326217736497
RSA+AES-256,5000,4,2830,529.3299999975716,0.6280999950831756,3.0152000035741366,True,272.9326217736497
RSA+AES-256,5000,4,2831,404.7991999977967,0.6542999981320463,2.8817999991588295,True,272.9326217736497
RSA+AES-256,5000,4,2832,504.02049999684095,0.6403999941539951,2.93729999975767,True,272.9326217736497
RSA+AES-256,5000,4,2833,1348.7334999954328,0.7265999956871383,2.990400003909599,True,272.9326217736497
RSA+AES-256,5000,4,2834,844.1821000014897,0.6941000028746203,2.9360000044107437,True,272.9326217736497
RSA+AES-256,5000,4,2835,348.0192999995779,0.7626999940839596,3.145900001982227,True,272.9326217736497
RSA+AES-256,5000,4,2836,314.75240000145277,0.7078999988152646,3.0508999989251606,True,272.9326217736497
RSA+AES-256,5000,4,2837,1289.118900000176,0.6922999964444898,3.0250000054365955,True,272.9326217736497
RSA+AES-256,5000,4,2838,715.7354000009946,0.6653000018559396,2.940799997304566,True,272.9326217736497
RSA+AES-256,5000,4,2839,76.21920000383398,0.6462999954237603,2.9481000019586645,True,272.9326217736497
RSA+AES-256,5000,4,2840,637.6276999944821,0.6710000016028062,3.008400002727285,True,272.9326217736497
RSA+AES-256,5000,4,2841,348.9278000051854,0.6880000000819564,2.9863000017940067,True,272.9326217736497
RSA+AES-256,5000,4,2842,828.2779999935883,0.6540000031236559,2.8810000003431924,True,272.9326217736497
RSA+AES-256,5000,4,2843,419.2322999952012,0.698499999998603,2.9940000022179447,True,272.9326217736497
RSA+AES-256,5000,4,2844,263.22049999726005,0.6756999937351793,3.0290999930002727,True,272.9326217736497
RSA+AES-256,5000,4,2845,647.6567999998224,0.6136000010883436,2.968599997984711,True,272.9326217736497
RSA+AES-256,5000,4,2846,220.89189999678638,0.6926999994902872,3.077499997743871,True,272.9326217736497
RSA+AES-256,5000,4,2847,584.7442000012961,0.6183000004966743,2.948200002720114,True,272.9326217736497
RSA+AES-256,5000,4,2848,219.04260000155773,0.6825000018579885,2.9720999955316074,True,272.9326217736497
RSA+AES-256,5000,4,2849,659.2196000055992,0.7326999984798022,2.920400002039969,True,272.9326217736497
RSA+AES-256,5000,4,2850,380.30479999724776,0.6785000005038455,2.917500001785811,True,272.9326217736497
RSA+AES-256,5000,4,2851,383.6169999995036,0.6714999981340952,2.9574000000138767,True,272.9326217736497
RSA+AES-256,5000,4,2852,462.0065999988583,0.6695000047329813,2.9144000000087544,True,272.9326217736497
RSA+AES-256,5000,4,2853,96.24520000215853,0.6586000017705373,3.018399998836685,True,272.9326217736497
RSA+AES-256,5000,4,2854,405.3289000003133,0.6063999971956946,2.9288999940035865,True,272.9326217736497
RSA+AES-256,5000,4,2855,833.0844000010984,0.7077000045683235,3.0262000000220723,True,272.9326217736497
RSA+AES-256,5000,4,2856,589.9701999951503,0.6863999951747246,2.988099993672222,True,272.9326217736497
RSA+AES-256,5000,4,2857,1300.6626999995206,0.6542000046465546,2.984999999171123,True,272.9326217736497
RSA+AES-256,5000,4,2858,532.6279000000795,0.6907000060891733,2.9130999973858707,True,272.9326217736497
RSA+AES-256,5000,4,2859,167.06770000018878,0.646799999231007,2.9159999976400286,True,272.9326217736497
RSA+AES-256,5000,4,2860,1771.2477000022773,0.6672000017715618,2.900799998315051,True,272.9326217736497
RSA+AES-256,5000,4,2861,1242.7669999960926,0.6961999970371835,2.9609999983222224,True,272.9326217736497
RSA+AES-256,5000,4,2862,503.199400001904,0.6686999986413866,2.9510000022128224,True,272.9326217736497
RSA+AES-256,5000,4,2863,1398.810400001821,0.6603000001632608,2.9396000027190894,True,272.9326217736497
RSA+AES-256,5000,4,2864,1064.9695999964024,0.7371999963652343,2.9977000012877397,True,272.9326217736497
RSA+AES-256,5000,4,2865,425.3734999947483,0.6817000030423515,3.049400002055336,True,272.9326217736497
RSA+AES-256,5000,4,2866,995.2597000010428,0.6582999994861893,2.9084999987389892,True,272.9326217736497
RSA+AES-256,5000,4,2867,879.632699994545,0.6671000010101125,2.9085999995004386,True,272.9326217736497
RSA+AES-256,5000,4,2868,267.2281999984989,0.668499997118488,2.987200001371093,True,272.9326217736497
RSA+AES-256,5000,4,2869,416.7977000033716,0.6640999999945052,3.0008000030647963,True,272.9326217736497
RSA+AES-256,5000,4,2870,512.7857999978005,0.6967000008444302,2.921999999671243,True,272.9326217736497
RSA+AES-256,5000,4,2871,1959.1580999986036,0.6558000022778288,2.918199999839999,True,272.9326217736497
RSA+AES-256,5000,4,2872,1789.5097000000533,0.7764000038150698,3.324500001326669,True,272.9326217736497
RSA+AES-256,5000,4,2873,1533.4841000003507,0.6854999955976382,3.011000000697095,True,272.9326217736497
RSA+AES-256,5000,4,2874,825.0189000027603,0.6973999988986179,2.9519999952754006,True,272.9326217736497
RSA+AES-256,5000,4,2875,428.4936999974889,0.7387000005110167,2.9713999974774197,True,272.9326217736497
RSA+AES-256,5000,4,2876,637.324900002568,0.654499999654945,2.8664999990724027,True,272.9326217736497
RSA+AES-256,5000,4,2877,761.5198999992572,0.6997000018600374,3.0439999973168597,True,272.9326217736497
RSA+AES-256,5000,4,2878,352.3395999945933,0.6959999955142848,3.0618000018876046,True,272.9326217736497
RSA+AES-256,5000,4,2879,642.9296999995131,0.6470000007539056,2.9961000036564656,True,272.9326217736497
RSA+AES-256,5000,4,2880,166.97240000212332,0.6786999947507866,2.9817000031471252,True,272.9326217736497
RSA+AES-256,5000,4,2881,322.41829999838956,0.7279000055859797,2.9823000004398637,True,272.9326217736497
RSA+AES-256,5000,4,2882,954.3599999960861,0.6200000061653554,2.991699999256525,True,272.9326217736497
RSA+AES-256,5000,4,2883,418.64709999936167,0.676499999826774,3.012799999851268,True,272.9326217736497
RSA+AES-256,5000,4,2884,515.0536000001011,0.6837999972049147,2.9990000039106235,True,272.9326217736497
RSA+AES-256,5000,4,2885,171.20499999873573,0.6674999967799522,3.009400003065821,True,272.9326217736497
RSA+AES-256,5000,4,2886,470.5290999991121,0.6379999977070838,2.878500003134832,True,272.9326217736497
RSA+AES-256,5000,4,2887,1349.3003999974462,0.6912000026204623,2.972800000861753,True,272.9326217736497
RSA+AES-256,5000,4,2888,211.53490000142483,0.6689000001642853,2.913300006184727,True,272.9326217736497
RSA+AES-256,5000,4,2889,637.3653999980888,0.6601999994018115,2.943500003311783,True,272.9326217736497
RSA+AES-256,5000,4,2890,212.35379999416182,0.6990999972913414,3.1241000033332966,True,272.9326217736497
RSA+AES-256,5000,4,2891,2354.9117000002298,0.6710000016028062,3.0544999972335063,True,272.9326217736497
RSA+AES-256,5000,4,2892,318.93319999653613,0.63189999491442,2.9417000041576102,True,272.9326217736497
RSA+AES-256,5000,4,2893,1022.9214999999385,0.6311999968602322,2.99319999612635,True,272.9326217736497
RSA+AES-256,5000,4,2894,749.2128000012599,0.6562999988091178,2.933100004156586,True,272.9326217736497
RSA+AES-256,5000,4,2895,460.81770000455435,0.6890000004204921,2.9865000033169053,True,272.9326217736497
RSA+AES-256,5000,4,2896,201.86459999968065,0.6170999986352399,2.867200004402548,True,272.9326217736497
RSA+AES-256,5000,4,2897,2349.8397000003024,0.6732000038027763,2.9097999940859154,True,272.9326217736497
RSA+AES-256,5000,4,2898,489.86409999633906,0.6662999949185178,2.9941999964648858,True,272.9326217736497
RSA+AES-256,5000,4,2899,240.76449999847682,0.6792999993194826,3.0740000001969747,True,272.9326217736497
RSA+AES-256,5000,4,2900,1290.8204999985173,0.6953999982215464,2.873800003726501,True,272.9326217736497
RSA+AES-256,5000,4,2901,946.5254000024288,0.6645000030403025,3.03169999824604,True,272.9326217736497
RSA+AES-256,5000,4,2902,1798.9674999989802,0.604200002271682,2.957199998490978,True,272.9326217736497
RSA+AES-256,5000,4,2903,125.32329999521608,0.6302000037976541,2.9558000023826025,True,272.9326217736497
RSA+AES-256,5000,4,2904,1481.9350999969174,0.705400001606904,2.9906999989179894,True,272.9326217736497
RSA+AES-256,5000,4,2905,593.5109999991255,0.6924999979673885,2.95429999823682,True,272.9326217736497
RSA+AES-256,5000,4,2906,534.2992000005324,0.7122999959392473,3.0076999973971397,True,272.9326217736497
RSA+AES-256,5000,4,2907,271.2541000000783,0.6677999990643002,3.027500002644956,True,272.9326217736497
RSA+AES-256,5000,4,2908,660.2020999998786,0.6737000003340654,2.9614999948535115,True,272.9326217736497
RSA+AES-256,5000,4,2909,167.97310000401922,0.6234000029508024,2.9505000056815334,True,272.9326217736497
RSA+AES-256,5000,4,2910,530.0477999990107,0.6790999977965839,2.9342999987420626,True,272.9326217736497
RSA+AES-256,5000,4,2911,120.33900000096764,0.6069000010029413,2.9158000033930875,True,272.9326217736497
RSA+AES-256,5000,4,2912,616.9377999976859,0.6922999964444898,2.8710000042337924,True,272.9326217736497
RSA+AES-256,5000,4,2913,71.3571000014781,0.6503999975393526,2.9656000042450614,True,272.9326217736497
RSA+AES-256,5000,4,2914,2703.5031000050367,0.7900999989942648,3.576700000849087,True,272.9326217736497
RSA+AES-256,5000,4,2915,1071.5286999984528,0.6366000015987083,3.048700004001148,True,272.9326217736497
RSA+AES-256,5000,4,2916,468.7753999969573,0.6719000011798926,2.9902000023867004,True,272.9326217736497
RSA+AES-256,5000,4,2917,398.53860000584973,0.6635999961872585,2.993999994941987,True,272.9326217736497
RSA+AES-256,5000,4,2918,955.6273000052897,0.6929000010131858,3.0610999965574592,True,272.9326217736497
RSA+AES-256,5000,4,2919,1662.1700000032433,0.6776000009267591,2.923000000009779,True,272.9326217736497
RSA+AES-256,5000,4,2920,556.1032999976305,0.6820999988121912,2.964700004667975,True,272.9326217736497
RSA+AES-256,5000,4,2921,1000.2355000033276,0.680500001180917,2.8836999990744516,True,272.9326217736497
RSA+AES-256,5000,4,2922,477.88730000320356,0.7000000041443855,2.9547000012826174,True,272.9326217736497
RSA+AES-256,5000,4,2923,998.4503000014229,0.6858999986434355,2.971499998238869,True,272.9326217736497
RSA+AES-256,5000,4,2924,585.2943999998388,0.8545999953639694,3.0409000028157607,True,272.9326217736497
RSA+AES-256,5000,4,2925,1222.2292999940692,0.6941000028746203,2.986100000271108,True,272.9326217736497
RSA+AES-256,5000,4,2926,654.7786000010092,0.654199997370597,3.22769999911543,True,272.9326217736497
RSA+AES-256,5000,4,2927,312.81229999876814,0.7336000053328462,2.990299995872192,True,272.9326217736497
RSA+AES-256,5000,4,2928,645.1211000021431,0.6454000031226315,2.8634999980567954,True,272.9326217736497
RSA+AES-256,5000,4,2929,319.64899999729823,0.6725999992340803,2.895999998145271,True,272.9326217736497
RSA+AES-256,5000,4,2930,413.87050000048475,0.7181999972090125,3.0111000014585443,True,272.9326217736497
RSA+AES-256,5000,4,2931,450.63220000156434,0.646799999231007,3.0017999961273745,True,272.9326217736497
RSA+AES-256,5000,4,2932,1005.3847999952268,0.6706999993184581,2.9748000015388243,True,272.9326217736497
RSA+AES-256,5000,4,2933,513.2030999957351,0.6955999997444451,2.9002999945078045,True,272.9326217736497
RSA+AES-256,5000,4,2934,1532.7950999999302,0.6630999996559694,2.9170999987400137,True,272.9326217736497
RSA+AES-256,5000,4,2935,224.79329999623587,0.6577000021934509,2.9983999993419275,True,272.9326217736497
RSA+AES-256,5000,4,2936,2774.441500005196,0.62189999880502,3.0434000000241213,True,272.9326217736497
RSA+AES-256,5000,4,2937,2080.655799996748,0.7252000068547204,3.0688999977428466,True,272.9326217736497
RSA+AES-256,5000,4,2938,1611.201699997764,0.7977999994182028,2.921699997386895,True,272.9326217736497
RSA+AES-256,5000,4,2939,532.1751000010408,0.691299996105954,3.017399998498149,True,272.9326217736497
RSA+AES-256,5000,4,2940,721.6224000003422,0.686799998220522,3.0247999966377392,True,272.9326217736497
RSA+AES-256,5000,4,2941,233.59119999804534,0.6522999974549748,2.8774000020348467,True,272.9326217736497
RSA+AES-256,5000,4,2942,1005.7664999985718,0.7102999952621758,3.035900001123082,True,272.9326217736497
RSA+AES-256,5000,4,2943,378.71930000255816,0.6396000026143156,2.879600004234817,True,272.9326217736497
RSA+AES-256,5000,4,2944,657.6901000007638,0.6267999997362494,2.9701000021304935,True,272.9326217736497
RSA+AES-256,5000,4,2945,1596.399999994901,0.6790000043110922,2.8945000012754463,True,272.9326217736497
RSA+AES-256,5000,4,2946,1778.4915999945952,0.6550000034621917,2.8812999953515828,True,272.9326217736497
RSA+AES-256,5000,4,2947,828.478700001142,0.6932000032975338,3.025600002729334,True,272.9326217736497
RSA+AES-256,5000,4,2948,334.21130000351695,0.6415000025299378,2.913999996962957,True,272.9326217736497
RSA+AES-256,5000,4,2949,1002.6304999992135,0.6618000043090433,2.9610999990836717,True,272.9326217736497
RSA+AES-256,5000,4,2950,336.2963000035961,0.6724000049871393,3.015499998582527,True,272.9326217736497
RSA+AES-256,5000,4,2951,1408.8575999994646,0.6799000038881786,3.0313000024762005,True,272.9326217736497
RSA+AES-256,5000,4,2952,1885.184399994614,0.6225999968592077,2.8649000014411286,True,272.9326217736497
RSA+AES-256,5000,4,2953,454.2481999960728,0.6861000001663342,2.9742999977315776,True,272.9326217736497
RSA+AES-256,5000,4,2954,1155.8954999927664,0.7002999991527759,2.89360000169836,True,272.9326217736497
RSA+AES-256,5000,4,2955,341.03520000644494,0.6628999981330708,2.8982000003452413,True,272.9326217736497
RSA+AES-256,5000,4,2956,260.6057000011788,0.6298000007518567,2.99510000331793,True,272.9326217736497
RSA+AES-256,5000,4,2957,260.83160000416683,0.6534999993164092,2.9551999978139065,True,272.9326217736497
RSA+AES-256,5000,4,2958,1186.003900002106,0.7083000018610619,2.998100004333537,True,272.9326217736497
RSA+AES-256,5000,4,2959,765.9684999962337,0.7327999992412515,3.0097999988356605,True,272.9326217736497
RSA+AES-256,5000,4,2960,1555.8618000068236,0.655100004223641,2.88169999839738,True,272.9326217736497
RSA+AES-256,5000,4,2961,301.70039999939036,0.6847000040579587,2.9383000000962056,True,272.9326217736497
RSA+AES-256,5000,4,2962,313.0077000023448,0.6693999966955744,2.962999998999294,True,272.9326217736497
RSA+AES-256,5000,4,2963,269.88259999779984,0.6609999982174486,2.8668000013567507,True,272.9326217736497
RSA+AES-256,5000,4,2964,591.3952000046265,0.6132999988039955,2.9855000029783696,True,272.9326217736497
RSA+AES-256,5000,4,2965,358.67969999526395,0.6989000030444004,3.1816999980947003,True,272.9326217736497
RSA+AES-256,5000,4,2966,403.5491999966325,0.6557999950018711,2.991399996972177,True,272.9326217736497
RSA+AES-256,5000,4,2967,397.0580999957747,0.6629000054090284,2.887199996621348,True,272.9326217736497
RSA+AES-256,5000,4,2968,533.3459000030416,0.680199998896569,2.959600002213847,True,272.9326217736497
RSA+AES-256,5000,4,2969,212.4450999981491,0.6548999954247847,2.951099995698314,True,272.9326217736497
RSA+AES-256,5000,4,2970,506.97519999812357,0.7173000049078837,3.002299999934621,True,272.9326217736497
RSA+AES-256,5000,4,2971,354.1049000050407,0.6836999964434654,2.991299996210728,True,272.9326217736497
RSA+AES-256,5000,4,2972,517.049499998393,0.705099999322556,2.9825000019627623,True,272.9326217736497
RSA+AES-256,5000,4,2973,620.8991000021342,0.6778000024496578,3.0073999951127917,True,272.9326217736497
RSA+AES-256,5000,4,2974,198.69589999871096,0.6620999993174337,2.973900001961738,True,272.9326217736497
RSA+AES-256,5000,4,2975,1235.5210999958217,0.6802999996580184,3.420200002437923,True,272.9326217736497
RSA+AES-256,5000,4,2976,596.1322000002838,0.672499998472631,3.002299999934621,True,272.9326217736497
RSA+AES-256,5000,4,2977,1249.4424999968032,0.6848999983048998,2.9131000046618283,True,272.9326217736497
RSA+AES-256,5000,4,2978,742.5509999957285,0.6738000010955147,2.9052000027149916,True,272.9326217736497
RSA+AES-256,5000,4,2979,586.2860999986879,0.5912000051466748,2.8989999991608784,True,272.9326217736497
RSA+AES-256,5000,4,2980,539.0800999957719,0.6323999987216666,3.860100005113054,True,272.9326217736497
RSA+AES-256,5000,4,2981,676.9122999976389,0.6947000001673587,3.0410999970627017,True,272.9326217736497
RSA+AES-256,5000,4,2982,885.4329000023426,0.6950999959371984,2.9572999992524274,True,272.9326217736497
RSA+AES-256,5000,4,2983,2107.6166999991983,0.629599999228958,2.987200001371093,True,272.9326217736497
RSA+AES-256,5000,4,2984,862.1205000017653,0.694800000928808,2.9863000017940067,True,272.9326217736497
RSA+AES-256,5000,4,2985,399.4038000018918,0.6751000037183985,2.9739999954472296,True,272.9326217736497
RSA+AES-256,5000,4,2986,559.9186999970698,0.6696999989799224,3.0045000021345913,True,272.9326217736497
RSA+AES-256,5000,4,2987,621.517199993832,0.687899999320507,3.0099000068730675,True,272.9326217736497
RSA+AES-256,5000,4,2988,2036.2022999979672,0.6483000033767894,2.8508000032161362,True,272.9326217736497
RSA+AES-256,5000,4,2989,1488.5063000037917,0.9453000020585023,3.0087999984971248,True,272.9326217736497
RSA+AES-256,5000,4,2990,271.6396999967401,0.636800003121607,2.9525999998440966,True,272.9326217736497
RSA+AES-256,5000,4,2991,739.2168000005768,0.665100000333041,2.890300005674362,True,272.9326217736497
RSA+AES-256,5000,4,2992,786.6607999967528,0.6886000046506524,3.013299996382557,True,272.9326217736497
RSA+AES-256,5000,4,2993,519.9447999984841,0.70189999678405,3.066700002818834,True,272.9326217736497
RSA+AES-256,5000,4,2994,557.5004999991506,0.6797999958507717,3.1930000041029416,True,272.9326217736497
RSA+AES-256,5000,4,2995,235.07190000236733,0.6797000023652799,3.060499999264721,True,272.9326217736497
RSA+AES-256,5000,4,2996,741.8242999992799,0.6876000043121167,2.981300000101328,True,272.9326217736497
RSA+AES-256,5000,4,2997,706.2947999947937,0.6649999995715916,2.9419999991660006,True,272.9326217736497
RSA+AES-256,5000,4,2998,1336.169100002735,0.6703999970341101,2.931499999249354,True,272.9326217736497
RSA+AES-256,5000,4,2999,705.6070999969961,0.6754999994882382,3.024999998160638,True,272.9326217736497
RSA+AES-256,5000,4,3000,130.10010000289185,0.6422000005841255,2.9448999994201586,True,272.9326217736497
RSA+AES-256,5000,4,3001,378.51059999957215,0.7103000025381334,2.98320000001695,True,272.9326217736497
RSA+AES-256,5000,4,3002,212.081899997429,0.6415000025299378,2.961399994092062,True,272.9326217736497
RSA+AES-256,5000,4,3003,369.4958999985829,0.6785000005038455,3.018700001121033,True,272.9326217736497
RSA+AES-256,5000,4,3004,1010.2600999962306,0.7030999986454844,2.9495999988284893,True,272.9326217736497
RSA+AES-256,5000,4,3005,188.65809999988414,0.6787000020267442,2.982700003485661,True,272.9326217736497
RSA+AES-256,5000,4,3006,395.76279999891995,0.654199997370597,2.947900000435766,True,272.9326217736497
RSA+AES-256,5000,4,3007,253.63780000043334,0.6490000014309771,2.957000004244037,True,272.9326217736497
RSA+AES-256,5000,4,3008,478.37949999666307,0.6739000018569641,2.9463000028044917,True,272.9326217736497
RSA+AES-256,5000,4,3009,1245.239700001548,0.672499998472631,3.0327999993460253,True,272.9326217736497
RSA+AES-256,5000,4,3010,479.07410000334494,0.6811999992351048,2.9834000015398487,True,272.9326217736497
RSA+AES-256,5000,4,3011,273.88969999447,0.6523000047309324,3.006999999342952,True,272.9326217736497
RSA+AES-256,5000,4,3012,286.3137000022107,1.1201000015717,3.2515000057173893,True,272.9326217736497
RSA+AES-256,5000,4,3013,319.7148000035668,0.6216999972821213,3.1609000070602633,True,272.9326217736497
RSA+AES-256,5000,4,3014,995.1599000050919,0.7026000021141954,2.955399999336805,True,272.9326217736497
RSA+AES-256,5000,4,3015,382.46780000190483,0.6457999988924712,2.893700002459809,True,272.9326217736497
RSA+AES-256,5000,4,3016,182.9896999988705,0.6109000023570843,2.968100001453422,True,272.9326217736497
RSA+AES-256,5000,4,3017,598.9560000016354,0.6562999988091178,2.9752999980701134,True,272.9326217736497
RSA+AES-256,5000,4,3018,229.84839999844553,0.615100005234126,2.9741999969701283,True,272.9326217736497
RSA+AES-256,5000,4,3019,577.2198000049684,0.6609000047319569,2.9630999997607432,True,272.9326217736497
RSA+AES-256,5000,4,3020,342.43509999942034,0.6857999978819862,2.918500002124347,True,272.9326217736497
RSA+AES-256,5000,4,3021,458.6544999983744,0.6760999967809767,2.999400006956421,True,272.9326217736497
RSA+AES-256,5000,4,3022,550.833799999964,0.6689000001642853,2.964599996630568,True,272.9326217736497
RSA+AES-256,5000,4,3023,570.7773000031011,0.66559999686433,2.9250000006868504,True,272.9326217736497
RSA+AES-256,5000,4,3024,1681.429099997331,0.6209999992279336,3.072200001042802,True,272.9326217736497
RSA+AES-256,5000,4,3025,1863.003699996625,0.6901000015204772,2.97320000390755,True,272.9326217736497
RSA+AES-256,5000,4,3026,110.01380000379868,0.5885999999009073,2.940999998827465,True,272.9326217736497
RSA+AES-256,5000,4,3027,212.24010000150884,0.6614999947487377,2.9490999950212426,True,272.9326217736497
RSA+AES-256,5000,4,3028,841.4899999988847,0.6454000031226315,2.9807000028085895,True,272.9326217736497
RSA+AES-256,5000,4,3029,1661.4698999983375,0.6931000025360845,2.9686999987461604,True,272.9326217736497
RSA+AES-256,5000,4,3030,130.2399000051082,0.5986000032862648,2.8987999976379797,True,272.9326217736497
RSA+AES-256,5000,4,3031,377.7669000046444,0.6810999984736554,2.962100006698165,True,272.9326217736497
RSA+AES-256,5000,4,3032,364.0897999939625,0.6701000020257197,2.9818000039085746,True,272.9326217736497
RSA+AES-256,5000,4,3033,1143.8381000043591,0.6759000025340356,2.9749000023002736,True,272.9326217736497
RSA+AES-256,5000,4,3034,1132.8976000004332,0.7033000001683831,2.989799999340903,True,272.9326217736497
RSA+AES-256,5000,4,3035,776.858799996262,0.6940000021131709,2.9116999940015376,True,272.9326217736497
RSA+AES-256,5000,4,3036,763.6548999944353,0.6314000056590885,2.929399997810833,True,272.9326217736497
RSA+AES-256,5000,4,3037,1505.610299995169,0.651100002869498,2.871900003810879,True,272.9326217736497
RSA+AES-256,5000,4,3038,1257.542100000137,0.6635000027017668,2.8983000011066906,True,272.9326217736497
RSA+AES-256,5000,4,3039,351.6821000011987,0.673100003041327,2.943800005596131,True,272.9326217736497
RSA+AES-256,5000,4,3040,157.11239999654936,0.592199998209253,2.884900000935886,True,272.9326217736497
RSA+AES-256,5000,4,3041,946.4507000011508,0.6635000027017668,2.9522999975597486,True,272.9326217736497
RSA+AES-256,5000,4,3042,142.30189999943832,0.6241000010049902,2.909199996793177,True,272.9326217736497
RSA+AES-256,5000,4,3043,1613.4577000048012,0.6639999992330559,3.2218000051216222,True,272.9326217736497
RSA+AES-256,5000,4,3044,411.6178999975091,0.6309000018518418,3.016800001205411,True,272.9326217736497
RSA+AES-256,5000,4,3045,793.3717999985674,0.6552000049850903,2.8936999951838516,True,272.9326217736497
RSA+AES-256,5000,4,3046,835.8277000006638,0.6775000001653098,3.1500000040978193,True,272.9326217736497
RSA+AES-256,5000,4,3047,900.3091999984463,0.6690000009257346,2.911299998231698,True,272.9326217736497
RSA+AES-256,5000,4,3048,1084.4149000040488,0.6852000005892478,3.009400003065821,True,272.9326217736497
RSA+AES-256,5000,4,3049,646.3416999977198,0.6940000021131709,2.9871999940951355,True,272.9326217736497
RSA+AES-256,5000,4,3050,595.9874999971362,0.6779000032111071,2.9209999993327074,True,272.9326217736497
RSA+AES-256,5000,4,3051,219.35170000506332,0.6441000004997477,2.979599994432647,True,272.9326217736497
RSA+AES-256,5000,4,3052,923.3635999989929,0.6815999950049445,2.9763999991700985,True,272.9326217736497
RSA+AES-256,5000,4,3053,730.6353999956627,0.7639999967068434,2.9741999969701283,True,272.9326217736497
RSA+AES-256,5000,4,3054,734.134999998787,0.6880000000819564,2.9559999966295436,True,272.9326217736497
RSA+AES-256,5000,4,3055,477.888500005065,0.6834999949205667,2.90099999983795,True,272.9326217736497
RSA+AES-256,5000,4,3056,1354.408200000762,0.7157000000006519,2.9574999934993684,True,272.9326217736497
RSA+AES-256,5000,4,3057,778.0163999996148,0.6824000010965392,3.0112000022199936,True,272.9326217736497
RSA+AES-256,5000,4,3058,928.3818999974756,0.693899994075764,2.919499995186925,True,272.9326217736497
RSA+AES-256,5000,4,3059,616.5714000017033,0.7027000028756447,2.9532999978982843,True,272.9326217736497
RSA+AES-256,5000,4,3060,790.1969000013196,0.694800000928808,2.986100000271108,True,272.9326217736497
RSA+AES-256,5000,4,3061,1358.8031999970553,0.6739000018569641,3.181899999617599,True,272.9326217736497
RSA+AES-256,5000,4,3062,528.3224000013433,0.690799999574665,3.0232999997679144,True,272.9326217736497
RSA+AES-256,5000,4,3063,452.0635000008042,0.6741000033798628,2.9738000012002885,True,272.9326217736497
RSA+AES-256,5000,4,3064,644.8588000057498,0.6806000019423664,2.92950000584824,True,272.9326217736497
RSA+AES-256,5000,4,3065,1150.0096999952802,0.6824999945820309,2.976299998408649,True,272.9326217736497
RSA+AES-256,5000,4,3066,3091.376099997433,0.6850000063423067,3.030100000614766,True,272.9326217736497
RSA+AES-256,5000,4,3067,221.11929999664426,0.6513000043923967,3.009400003065821,True,272.9326217736497
RSA+AES-256,5000,4,3068,1360.7633999999962,0.6735999995726161,2.9825000019627623,True,272.9326217736497
RSA+AES-256,5000,4,3069,155.6711000012001,0.6674999967799522,2.9280000017024577,True,272.9326217736497
RSA+AES-256,5000,4,3070,1170.4176999992342,0.6590000048163347,2.944500003650319,True,272.9326217736497
RSA+AES-256,5000,4,3071,433.11499999981606,0.636500000837259,2.999299998919014,True,272.9326217736497
RSA+AES-256,5000,4,3072,1168.9983999967808,0.6684000036329962,2.9281999959493987,True,272.9326217736497
RSA+AES-256,5000,4,3073,548.9506000012625,0.6896000049891882,3.0966999984229915,True,272.9326217736497
RSA+AES-256,5000,4,3074,1145.3825999997207,0.7098999994923361,2.973399998154491,True,272.9326217736497
RSA+AES-256,5000,4,3075,208.30250000290107,0.6591999990632758,3.002499994181562,True,272.9326217736497
RSA+AES-256,5000,4,3076,568.2970000052592,0.6120999969425611,3.009200001542922,True,272.9326217736497
RSA+AES-256,5000,4,3077,434.61519999982556,0.6527000005007721,2.9022000016993843,True,272.9326217736497
RSA+AES-256,5000,4,3078,818.7020999976085,0.691100001859013,2.99319999612635,True,272.9326217736497
RSA+AES-256,5000,4,3079,311.9169999990845,0.6451000008382834,2.9439000063575804,True,272.9326217736497
RSA+AES-256,5000,4,3080,275.39360000082524,0.6666999979643151,2.9543999989982694,True,272.9326217736497
RSA+AES-256,5000,4,3081,315.49619999714196,0.6546000004163943,2.932999996119179,True,272.9326217736497
RSA+AES-256,5000,4,3082,893.1816000040271,0.6904000038048252,3.0002999992575496,True,272.9326217736497
RSA+AES-256,5000,4,3083,138.9698999992106,0.5950999984634109,2.9138999962015077,True,272.9326217736497
RSA+AES-256,5000,4,3084,879.9704999983078,0.6536000000778586,2.9479999939212576,True,272.9326217736497
RSA+AES-256,5000,4,3085,1111.211800001911,0.6900000007590279,2.9964999994263053,True,272.9326217736497
RSA+AES-256,5000,4,3086,93.08000000601169,0.5835999982082285,3.0144000047584996,True,272.9326217736497
RSA+AES-256,5000,4,3087,362.4788999950397,0.6106000000727363,2.933399999164976,True,272.9326217736497
RSA+AES-256,5000,4,3088,188.1719000011799,0.5824999971082434,2.9416999968816526,True,272.9326217736497
RSA+AES-256,5000,4,3089,989.5114999962971,0.727099999494385,2.99099999392638,True,272.9326217736497
RSA+AES-256,5000,4,3090,434.8102000003564,0.6826000026194379,2.9356000013649464,True,272.9326217736497
RSA+AES-256,5000,4,3091,495.555699999386,0.6990000038058497,3.020600001036655,True,272.9326217736497
RSA+AES-256,5000,4,3092,456.10730000043986,0.6547000011778437,2.93690000398783,True,272.9326217736497
RSA+AES-256,5000,4,3093,876.7949000030058,0.6671000010101125,3.087799996137619,True,272.9326217736497
RSA+AES-256,5000,4,3094,206.8180999995093,0.6317000006674789,2.888100003474392,True,272.9326217736497
RSA+AES-256,5000,4,3095,573.6680000045453,0.6654999961028807,3.1079000036697835,True,272.9326217736497
RSA+AES-256,5000,4,3096,246.24469999980647,1.219199999468401,3.063999996811617,True,272.9326217736497
RSA+AES-256,5000,4,3097,277.2871999986819,0.6033999961800873,2.9004000025452115,True,272.9326217736497
RSA+AES-256,5000,4,3098,120.29550000443123,0.6087999936426058,2.9603000002680346,True,272.9326217736497
RSA+AES-256,5000,4,3099,634.9138000005041,0.6787999955122359,3.0361000026459806,True,272.9326217736497
RSA+AES-256,5000,4,3100,1010.2832000047783,0.668799999402836,2.9833000007783994,True,272.9326217736497
RSA+AES-256,5000,4,3101,716.0765000007814,0.6833000006736256,2.994999995280523,True,272.9326217736497
RSA+AES-256,5000,4,3102,1386.3074000037159,0.6778000024496578,3.0139999944367446,True,272.9326217736497
RSA+AES-256,5000,4,3103,239.82170000090264,0.6864000024506822,3.0067999978200532,True,272.9326217736497
RSA+AES-256,5000,4,3104,2743.3137000043644,0.6517000001622364,3.022599994437769,True,272.9326217736497
RSA+AES-256,5000,4,3105,213.9787999985856,0.6228999991435558,2.930300004663877,True,272.9326217736497
RSA+AES-256,5000,4,3106,101.34320000361186,0.6497000067611225,2.8556000033859164,True,272.9326217736497
RSA+AES-256,5000,4,3107,731.0655999972369,0.7243999934871681,2.984500002639834,True,272.9326217736497
RSA+AES-256,5000,4,3108,434.6473999976297,0.6831000064266846,2.962800004752353,True,272.9326217736497
RSA+AES-256,5000,4,3109,772.2051000018837,0.6814000007580034,2.9360999978962354,True,272.9326217736497
RSA+AES-256,5000,4,3110,234.96509999677073,0.6968000016058795,2.9514999987441115,True,272.9326217736497
RSA+AES-256,5000,4,3111,198.8017999974545,0.6747000006726012,2.8543000007630326,True,272.9326217736497
RSA+AES-256,5000,4,3112,760.7272000022931,0.706200000422541,3.009400003065821,True,272.9326217736497
RSA+AES-256,5000,4,3113,249.1407999987132,0.6821999995736405,2.9716999997617677,True,272.9326217736497
RSA+AES-256,5000,4,3114,788.5405999986688,0.6802999996580184,2.960700003313832,True,272.9326217736497
RSA+AES-256,5000,4,3115,1328.5150000010617,0.6847999975434504,2.9746000000159256,True,272.9326217736497
RSA+AES-256,5000,4,3116,1071.1957999956212,0.6681000013486482,2.9257999995024875,True,272.9326217736497
RSA+AES-256,5000,4,3117,294.9592000004486,0.72080000245478,3.0151000028126873,True,272.9326217736497
RSA+AES-256,5000,4,3118,1501.352899998892,0.7364999983110465,3.5571999978856184,True,272.9326217736497
RSA+AES-256,5000,4,3119,401.85460000066087,0.7079999995767139,3.1380000000353903,True,272.9326217736497
RSA+AES-256,5000,4,3120,499.95819999458035,0.6740999961039051,3.012799999851268,True,272.9326217736497
RSA+AES-256,5000,4,3121,845.3080999970553,0.6831999999121763,2.978700002131518,True,272.9326217736497
RSA+AES-256,5000,4,3122,718.8205000056769,0.676800002111122,3.017400005774107,True,272.9326217736497
RSA+AES-256,5000,4,3123,185.63139999605482,0.6859000059193932,3.032300002814736,True,272.9326217736497
RSA+AES-256,5000,4,3124,377.01719999313354,0.6161999990581535,2.944499996374361,True,272.9326217736497
RSA+AES-256,5000,4,3125,1676.7363999970257,0.6760000032954849,2.989300002809614,True,272.9326217736497
RSA+AES-256,5000,4,3126,1078.8223999988986,0.6757000010111369,3.261899997596629,True,272.9326217736497
RSA+AES-256,5000,4,3127,228.12249999697087,0.6382999999914318,2.98770000517834,True,272.9326217736497
RSA+AES-256,5000,4,3128,537.5901000006706,0.665400002617389,3.0908999979146756,True,272.9326217736497
RSA+AES-256,5000,4,3129,226.33820000191918,0.6709000008413568,2.921899998909794,True,272.9326217736497
RSA+AES-256,5000,4,3130,242.080399999395,0.6712000031257048,3.008599996974226,True,272.9326217736497
RSA+AES-256,5000,4,3131,549.3245000034221,0.6807999961893074,2.97100000170758,True,272.9326217736497
RSA+AES-256,5000,4,3132,832.064199996239,0.6804000004194677,3.0445000011241063,True,272.9326217736497
RSA+AES-256,5000,4,3133,2081.5835000030347,0.6868000054964796,2.9682000022148713,True,272.9326217736497
RSA+AES-256,5000,4,3134,781.6005999993649,0.6735999995726161,3.0112999957054853,True,272.9326217736497
RSA+AES-256,5000,4,3135,1755.8056999987457,0.6800999981351197,2.942700004496146,True,272.9326217736497
RSA+AES-256,5000,4,3136,1256.1568000019179,0.6634000019403175,2.9725000058533624,True,272.9326217736497
RSA+AES-256,5000,4,3137,210.1416999939829,0.680800003465265,2.928599998995196,True,272.9326217736497
RSA+AES-256,5000,4,3138,612.434899994696,0.6869999997434206,3.0050999994273297,True,272.9326217736497
RSA+AES-256,5000,4,3139,547.272999996494,0.6070999952498823,2.9533999986597337,True,272.9326217736497
RSA+AES-256,5000,4,3140,476.8522000013036,0.68710000050487,2.973900001961738,True,272.9326217736497
RSA+AES-256,5000,4,3141,512.2945999974036,0.607900001341477,2.9590999984066,True,272.9326217736497
RSA+AES-256,5000,4,3142,1253.8675000032526,0.673100003041327,2.9674000033992343,True,272.9326217736497
RSA+AES-256,5000,4,3143,847.1459000065806,0.7419999965350144,2.9250000006868504,True,272.9326217736497
RSA+AES-256,5000,4,3144,83.10440000059316,0.7670000049984083,3.0853999996907078,True,272.9326217736497
RSA+AES-256,5000,4,3145,249.87420000252314,0.6760999967809767,2.972999995108694,True,272.9326217736497
RSA+AES-256,5000,4,3146,473.07089999958407,0.6691999951726757,2.9558999958680943,True,272.9326217736497
RSA+AES-256,5000,4,3147,1249.1205999976955,0.7213999997475185,2.888600000005681,True,272.9326217736497
RSA+AES-256,5000,4,3148,662.5235999963479,0.669100001687184,2.992699999595061,True,272.9326217736497
RSA+AES-256,5000,4,3149,479.59830000036163,0.6752999979653396,2.9380000050878152,True,272.9326217736497
RSA+AES-256,5000,4,3150,672.8377999970689,0.694800000928808,2.972400005091913,True,272.9326217736497
RSA+AES-256,5000,4,3151,264.1910000020289,0.6642000007559545,2.9286999997566454,True,272.9326217736497
RSA+AES-256,5000,4,3152,414.5448000053875,0.691299996105954,2.9138999962015077,True,272.9326217736497
RSA+AES-256,5000,4,3153,548.318900000595,0.6202999938977882,2.9963000051793642,True,272.9326217736497
RSA+AES-256,5000,4,3154,291.62400000495836,0.6518000009236857,2.953499999421183,True,272.9326217736497
RSA+AES-256,5000,4,3155,1055.4408999960287,0.6712999966111965,2.8954999943380244,True,272.9326217736497
RSA+AES-256,5000,4,3156,261.72289999522036,0.6472000022768043,2.9470000008586794,True,272.9326217736497
RSA+AES-256,5000,4,3157,605.6497999961721,0.7100000002537854,2.9471999951056205,True,272.9326217736497
RSA+AES-256,5000,4,3158,986.9829000017489,0.6790999977965839,2.952500006358605,True,272.9326217736497
RSA+AES-256,5000,4,3159,722.6525000005495,0.6779999966965988,2.967000000353437,True,272.9326217736497
RSA+AES-256,5000,4,3160,471.00529999443097,0.658500001009088,2.89649999467656,True,272.9326217736497
RSA+AES-256,5000,4,3161,389.8144999984652,0.67299999500392,2.9579000038211234,True,272.9326217736497
RSA+AES-256,5000,4,3162,1197.604400003911,0.687899999320507,2.9041000016150065,True,272.9326217736497
RSA+AES-256,5000,4,3163,510.34380000055535,0.6744999991497025,2.97359999967739,True,272.9326217736497
RSA+AES-256,5000,4,3164,789.1990999996779,0.6102999977883883,2.936500000942033,True,272.9326217736497
RSA+AES-256,5000,4,3165,1203.46220000647,0.690999993821606,2.888100003474392,True,272.9326217736497
RSA+AES-256,5000,4,3166,723.0025999961072,0.686799998220522,2.9569999969680794,True,272.9326217736497
RSA+AES-256,5000,4,3167,117.58219999319408,0.614800002949778,2.8778999985661358,True,272.9326217736497
RSA+AES-256,5000,4,3168,674.5806999970227,0.7651000050827861,2.982099998916965,True,272.9326217736497
RSA+AES-256,5000,4,3169,658.209799999895,0.6606999959331006,2.9834000015398487,True,272.9326217736497
RSA+AES-256,5000,4,3170,518.4175999966101,0.694800000928808,2.9725000058533624,True,272.9326217736497
RSA+AES-256,5000,4,3171,905.1943000013125,0.7052000000840053,2.9477999996743165,True,272.9326217736497
RSA+AES-256,5000,4,3172,642.3035000043456,0.6877999985590577,2.9028000062680803,True,272.9326217736497
RSA+AES-256,5000,4,3173,217.8420999989612,0.698000003467314,2.9940000022179447,True,272.9326217736497
RSA+AES-256,5000,4,3174,334.83500000147615,0.6704999977955595,2.978200005600229,True,272.9326217736497
RSA+AES-256,5000,4,3175,124.63549999665702,0.5862999969394878,2.958199998829514,True,272.9326217736497
RSA+AES-256,5000,4,3176,580.6032000036794,0.6919000006746501,2.9228999992483296,True,272.9326217736497
RSA+AES-256,5000,4,3177,1818.288800001028,0.6816999957663938,2.929799993580673,True,272.9326217736497
RSA+AES-256,5000,4,3178,1248.530100005155,0.6917999999132007,2.902400003222283,True,272.9326217736497
RSA+AES-256,5000,4,3179,71.46890000149142,0.5945000011706725,2.890099996875506,True,272.9326217736497
RSA+AES-256,5000,4,3180,462.48040000500623,0.6986000007600524,2.8990999999223277,True,272.9326217736497
RSA+AES-256,5000,4,3181,517.7006000012625,0.6503000040538609,3.029900006367825,True,272.9326217736497
RSA+AES-256,5000,4,3182,739.2647000015131,0.6928000002517365,3.1175999974948354,True,272.9326217736497
RSA+AES-256,5000,4,3183,1054.0297999978065,0.6156000017654151,2.9896999985794537,True,272.9326217736497
RSA+AES-256,5000,4,3184,205.9748000028776,0.6566000010934658,2.973399998154491,True,272.9326217736497
RSA+AES-256,5000,4,3185,599.8540000000503,0.6480000010924414,2.8626999992411584,True,272.9326217736497
RSA+AES-256,5000,4,3186,1627.5843999974313,0.6843999944976531,2.9748000015388243,True,272.9326217736497
RSA+AES-256,5000,4,3187,290.56490000220947,0.644500003545545,2.950999994936865,True,272.9326217736497
RSA+AES-256,5000,4,3188,635.5757999990601,0.6902000022819266,3.028999999514781,True,272.9326217736497
RSA+AES-256,5000,4,3189,102.55940000206465,0.6250999940675683,2.951399997982662,True,272.9326217736497
RSA+AES-256,5000,4,3190,266.0009000028367,0.6542000046465546,3.0327999993460253,True,272.9326217736497
RSA+AES-256,5000,4,3191,786.5969999984372,0.8452999973087572,2.985900006024167,True,272.9326217736497
RSA+AES-256,5000,4,3192,931.8587000016123,0.690499997290317,3.0853999996907078,True,272.9326217736497
RSA+AES-256,5000,4,3193,926.4208999957191,0.6639999992330559,2.9716999997617677,True,272.9326217736497
RSA+AES-256,5000,4,3194,1188.6872999966727,0.672800000756979,2.8788999989046715,True,272.9326217736497
RSA+AES-256,5000,4,3195,426.2340999994194,0.6812999999965541,2.9591999991680495,True,272.9326217736497
RSA+AES-256,5000,4,3196,737.2740999999223,0.6547000011778437,2.922300001955591,True,272.9326217736497
RSA+AES-256,5000,4,3197,577.0534000039333,0.6247000055736862,2.981799996632617,True,272.9326217736497
RSA+AES-256,5000,4,3198,600.8283999981359,0.8750999986659735,3.8653999945381656,True,272.9326217736497
RSA+AES-256,5000,4,3199,720.9720000028028,0.8161000005202368,3.602899996622,True,272.9326217736497
RSA+AES-256,5000,4,3200,329.9925999963307,0.7463000001735054,3.197600002749823,True,272.9326217736497
RSA+AES-256,5000,4,3201,1578.4708999999566,0.6820999988121912,3.2150999977602623,True,272.9326217736497
RSA+AES-256,5000,4,3202,1757.8776000009384,0.6510999955935404,2.8701999981421977,True,272.9326217736497
RSA+AES-256,5000,4,3203,103.70079999847803,0.6826000026194379,2.9566000011982396,True,272.9326217736497
RSA+AES-256,5000,4,3204,202.35279999906197,0.6477999995695427,3.010300002642907,True,272.9326217736497
RSA+AES-256,5000,4,3205,342.62909999961266,0.6238999994820915,2.967799999169074,True,272.9326217736497
RSA+AES-256,5000,4,3206,970.3690000023926,0.6672000017715618,2.9964999994263053,True,272.9326217736497
RSA+AES-256,5000,4,3207,1669.638399995165,0.6734999988111667,2.8814000033889897,True,272.9326217736497
RSA+AES-256,5000,4,3208,803.4618999954546,0.6846000032965094,2.903900000092108,True,272.9326217736497
RSA+AES-256,5000,4,3209,58.60019999818178,0.6180000054882839,2.991500005009584,True,272.9326217736497
RSA+AES-256,5000,4,3210,814.9005000013858,0.698000003467314,2.9095999998389743,True,272.9326217736497
RSA+AES-256,5000,4,3211,610.2408000006108,0.6844000017736107,2.99510000331793,True,272.9326217736497
RSA+AES-256,5000,4,3212,181.7079999964335,0.6663999956799671,2.9988999958732165,True,272.9326217736497
RSA+AES-256,5000,4,3213,655.9210000050371,0.6667000052402727,2.9231000007712282,True,272.9326217736497
RSA+AES-256,5000,4,3214,601.7613000003621,0.650199996016454,2.865499998733867,True,272.9326217736497
RSA+AES-256,5000,4,3215,349.6817999985069,0.6647999980486929,2.860399996279739,True,272.9326217736497
RSA+AES-256,5000,4,3216,1238.44399999507,0.62189999880502,3.005200000188779,True,272.9326217736497
RSA+AES-256,5000,4,3217,945.640199999616,0.654499999654945,2.900799998315051,True,272.9326217736497
RSA+AES-256,5000,4,3218,909.2757000034908,0.6450000000768341,2.8674999994109385,True,272.9326217736497
RSA+AES-256,5000,4,3219,605.6113000013283,0.5993000013404526,2.954100003989879,True,272.9326217736497
RSA+AES-256,5000,4,3220,678.0920999954105,0.6983999992371537,2.9661000007763505,True,272.9326217736497
RSA+AES-256,5000,4,3221,411.20900000532856,0.7146999996621162,2.978099997562822,True,272.9326217736497
RSA+AES-256,5000,4,3222,735.0009000001592,0.669299995934125,2.913500000431668,True,272.9326217736497
RSA+AES-256,5000,4,3223,186.8754999959492,0.665700004901737,2.9730000023846515,True,272.9326217736497
RSA+AES-256,5000,4,3224,1126.7582000000402,0.6648999988101423,2.957199998490978,True,272.9326217736497
RSA+AES-256,5000,4,3225,1684.3128999971668,0.673400005325675,2.9953000048408285,True,272.9326217736497
RSA+AES-256,5000,4,3226,189.641600001778,0.5960999988019466,2.9238000061013736,True,272.9326217736497
RSA+AES-256,5000,4,3227,805.292199998803,0.6164999940665439,2.9617000036523677,True,272.9326217736497
RSA+AES-256,5000,4,3228,1155.2477000004728,0.6648999988101423,2.8858000005129725,True,272.9326217736497
RSA+AES-256,5000,4,3229,1073.369999998249,0.6974999996600673,2.977499992994126,True,272.9326217736497
RSA+AES-256,5000,4,3230,405.4489999980433,0.6584000002476387,2.9637000043294393,True,272.9326217736497
RSA+AES-256,5000,4,3231,135.39649999438552,0.6237999987206422,3.0043000006116927,True,272.9326217736497
RSA+AES-256,5000,4,3232,103.61579999880632,0.5983000010019168,2.8938999967067502,True,272.9326217736497
RSA+AES-256,5000,4,3233,178.01460000191582,0.6152999994810671,2.8887000007671304,True,272.9326217736497
RSA+AES-256,5000,4,3234,282.79160000238335,0.6635000027017668,2.962300000945106,True,272.9326217736497
RSA+AES-256,5000,4,3235,235.9842999940156,0.6207999977050349,2.977200005261693,True,272.9326217736497
RSA+AES-256,5000,4,3236,1948.444000001473,0.6632000004174188,2.8945000012754463,True,272.9326217736497
RSA+AES-256,5000,4,3237,691.0970000026282,0.690199995005969,3.015499998582527,True,272.9326217736497
RSA+AES-256,5000,4,3238,227.46600000391481,0.680800003465265,3.02689999807626,True,272.9326217736497
RSA+AES-256,5000,4,3239,281.43599999748403,0.6695000047329813,2.858100000594277,True,272.9326217736497
RSA+AES-256,5000,4,3240,623.7698000040837,0.7125999982235953,3.0124999975669198,True,272.9326217736497
RSA+AES-256,5000,4,3241,499.683100002585,0.6820999988121912,3.001999997650273,True,272.9326217736497
RSA+AES-256,5000,4,3242,386.868500005221,0.6642000007559545,3.2400999989476986,True,272.9326217736497
RSA+AES-256,5000,4,3243,233.88850000628736,0.7547000059275888,3.1674999991082586,True,272.9326217736497
RSA+AES-256,5000,4,3244,157.99539999716217,0.7126999989850447,3.2707999998820014,True,272.9326217736497
RSA+AES-256,5000,4,3245,228.25659999944037,0.6816999957663938,3.0618000018876046,True,272.9326217736497
RSA+AES-256,5000,4,3246,1780.8583000005456,0.6492999964393675,2.8721000053337775,True,272.9326217736497
RSA+AES-256,5000,4,3247,626.4213000031305,0.6686999986413866,2.961399994092062,True,272.9326217736497
RSA+AES-256,5000,4,3248,819.0119999999297,0.6692000024486333,2.93690000398783,True,272.9326217736497
RSA+AES-256,5000,4,3249,1088.0318999988958,0.665100000333041,2.9458999997586943,True,272.9326217736497
RSA+AES-256,5000,4,3250,128.22120000055293,0.6868999989819713,3.0706000034115277,True,272.9326217736497
RSA+AES-256,5000,4,3251,889.7795999946538,0.6773999994038604,3.000700002303347,True,272.9326217736497
RSA+AES-256,5000,4,3252,986.9767999989563,0.6766000005882233,2.8972000000067055,True,272.9326217736497
RSA+AES-256,5000,4,3253,227.9128000009223,0.6273999970289879,2.9168000037316233,True,272.9326217736497
RSA+AES-256,5000,4,3254,1825.161399996432,0.6855000028735958,2.940999998827465,True,272.9326217736497
RSA+AES-256,5000,4,3255,1127.5276000014856,0.6794000000809319,3.2120000032591633,True,272.9326217736497
RSA+AES-256,5000,4,3256,175.27980000159005,0.6481000018538907,3.043100005015731,True,272.9326217736497
RSA+AES-256,5000,4,3257,337.5562000001082,0.6720000019413419,2.9521000033128075,True,272.9326217736497
RSA+AES-256,5000,4,3258,1630.7562999936636,0.6923000037204474,2.963799997814931,True,272.9326217736497
RSA+AES-256,5000,4,3259,421.8899000043166,0.6858999986434355,2.9170999987400137,True,272.9326217736497
RSA+AES-256,5000,4,3260,1902.1094999989145,0.6756000002496876,2.965899999253452,True,272.9326217736497
RSA+AES-256,5000,4,3261,921.1103999987245,0.6813999934820458,2.9794000001857057,True,272.9326217736497
RSA+AES-256,5000,4,3262,696.2129000021378,0.6589999975403771,3.1154999960563146,True,272.9326217736497
RSA+AES-256,5000,4,3263,417.6586000030511,0.6744999991497025,3.0271000068751164,True,272.9326217736497
RSA+AES-256,5000,4,3264,348.42399999615736,0.7081000003381632,2.9855999964638613,True,272.9326217736497
RSA+AES-256,5000,4,3265,440.1667999991332,0.6635000027017668,2.8808000060962513,True,272.9326217736497
RSA+AES-256,5000,4,3266,502.5203000041074,0.6578000029549003,2.865999995265156,True,272.9326217736497
RSA+AES-256,5000,4,3267,825.0773000036133,0.6422000005841255,2.8624999977182597,True,272.9326217736497
RSA+AES-256,5000,4,3268,794.562400005816,0.6895999977132306,2.97580000187736,True,272.9326217736497
RSA+AES-256,5000,4,3269,443.2989999986603,0.658500001009088,2.9282000032253563,True,272.9326217736497
RSA+AES-256,5000,4,3270,1055.8573999951477,0.6391999995685183,2.9866000040783547,True,272.9326217736497
RSA+AES-256,5000,4,3271,670.3599999964354,0.6615000020246953,2.89100000372855,True,272.9326217736497
RSA+AES-256,5000,4,3272,722.0954000003985,0.683400001435075,3.15989999944577,True,272.9326217736497
RSA+AES-256,5000,4,3273,1285.8820000037667,0.6580000044777989,2.855699996871408,True,272.9326217736497
RSA+AES-256,5000,4,3274,242.18939999991562,0.6433000016841106,3.1774999952176586,True,272.9326217736497
RSA+AES-256,5000,4,3275,1460.9595000001718,0.6760000032954849,3.291400003945455,True,272.9326217736497
RSA+AES-256,5000,4,3276,586.5548000001581,0.6676999983028509,2.9489999942597933,True,272.9326217736497
RSA+AES-256,5000,4,3277,1154.2526999983238,0.6615000020246953,3.114400002232287,True,272.9326217736497
RSA+AES-256,5000,4,3278,564.3406000017421,0.6769999963580631,2.9261000017868355,True,272.9326217736497
RSA+AES-256,5000,4,3279,264.6189000006416,0.636500000837259,2.904399996623397,True,272.9326217736497
RSA+AES-256,5000,4,3280,1457.7331999971648,0.6568000026163645,2.9045999981462955,True,272.9326217736497
RSA+AES-256,5000,4,3281,96.94090000266442,0.636800003121607,2.9170999987400137,True,272.9326217736497
RSA+AES-256,5000,4,3282,1174.6932000023662,0.6572999991476536,3.070799997658469,True,272.9326217736497
RSA+AES-256,5000,4,3283,303.4144999983255,0.7358000002568588,3.097500004514586,True,272.9326217736497
RSA+AES-256,5000,4,3284,697.4932000011904,0.753100001020357,3.0216999948606826,True,272.9326217736497
RSA+AES-256,5000,4,3285,391.70759999979055,0.6780000039725564,3.0237999962992035,True,272.9326217736497
RSA+AES-256,5000,4,3286,559.495200002857,0.7072000007610768,3.1314000007114373,True,272.9326217736497
RSA+AES-256,5000,4,3287,1566.8167999974685,0.6003000016789883,2.9558000023826025,True,272.9326217736497
RSA+AES-256,5000,4,3288,564.9198000028264,0.6742999976268038,3.3046999960788526,True,272.9326217736497
RSA+AES-256,5000,4,3289,1114.7333000044455,0.680000004649628,2.9980999970575795,True,272.9326217736497
RSA+AES-256,5000,4,3290,557.7579000018886,0.6732000038027763,2.9422000006888993,True,272.9326217736497
RSA+AES-256,5000,4,3291,1027.656600002956,0.6635000027017668,2.8674999994109385,True,272.9326217736497
RSA+AES-256,5000,4,3292,618.7886000043363,0.7313000023714267,2.9630999997607432,True,272.9326217736497
RSA+AES-256,5000,4,3293,222.22180000244407,0.6522000039694831,2.9282000032253563,True,272.9326217736497
RSA+AES-256,5000,4,3294,884.8907999999938,0.655100004223641,2.8884999992442317,True,272.9326217736497
RSA+AES-256,5000,4,3295,531.1090000031982,0.6962999977986328,2.964899998914916,True,272.9326217736497
RSA+AES-256,5000,4,3296,577.6235999946948,0.679899996612221,3.0772999962209724,True,272.9326217736497
RSA+AES-256,5000,4,3297,392.9853000008734,0.6818000038038008,3.1256000002031215,True,272.9326217736497
RSA+AES-256,5000,4,3298,593.4820999973454,0.7336000053328462,3.0840000035823323,True,272.9326217736497
RSA+AES-256,5000,4,3299,88.43979999801377,0.6448999993153848,2.973900001961738,True,272.9326217736497
RSA+AES-256,5000,4,3300,214.8546999960672,0.6301000030362047,2.8579999998328276,True,272.9326217736497
RSA+AES-256,5000,4,3301,371.79900000046473,0.6776999944122508,2.9334999999264255,True,272.9326217736497
RSA+AES-256,5000,4,3302,277.0816000047489,0.6627999973716214,2.8748000040650368,True,272.9326217736497
RSA+AES-256,5000,4,3303,648.0922999980976,0.6539000023622066,2.885200003220234,True,272.9326217736497
RSA+AES-256,5000,4,3304,271.19609999499517,0.6681000013486482,2.9565000004367903,True,272.9326217736497
RSA+AES-256,5000,4,3305,1251.4765999949304,0.6251999948290177,2.972100002807565,True,272.9326217736497
RSA+AES-256,5000,4,3306,635.8356999990065,0.6758000017725863,3.7625999975716695,True,272.9326217736497
RSA+AES-256,5000,4,3307,346.0832999990089,0.6790999977965839,3.2737000001361594,True,272.9326217736497
RSA+AES-256,5000,4,3308,451.85539999511093,0.6666999979643151,2.8732999999192543,True,272.9326217736497
RSA+AES-256,5000,4,3309,240.41130000114208,0.6761000040569343,3.3215999937965535,True,272.9326217736497
RSA+AES-256,5000,4,3310,1135.7028000056744,0.6732999972882681,3.002699995704461,True,272.9326217736497
RSA+AES-256,5000,4,3311,689.75290000526,0.6611999997403473,2.87430000025779,True,272.9326217736497
RSA+AES-256,5000,4,3312,333.4370000011404,0.6942000036360696,2.9746000000159256,True,272.9326217736497
RSA+AES-256,5000,4,3313,794.2751999944448,0.6828999976278283,2.9894000035710633,True,272.9326217736497
RSA+AES-256,5000,4,3314,564.511800002947,0.6639999992330559,2.9595999949378893,True,272.9326217736497
RSA+AES-256,5000,4,3315,369.7522000002209,0.7646000012755394,3.1696000005467795,True,272.9326217736497
RSA+AES-256,5000,4,3316,531.4321999976528,0.7207000016933307,2.9974000062793493,True,272.9326217736497
RSA+AES-256,5000,4,3317,412.8017000039108,0.6426999971154146,2.9405999957816675,True,272.9326217736497
RSA+AES-256,5000,4,3318,296.3582000011229,0.680199998896569,2.995099996041972,True,272.9326217736497
RSA+AES-256,5000,4,3319,562.4104000016814,0.6633000011788681,2.9654999962076545,True,272.9326217736497
RSA+AES-256,5000,4,3320,947.5289000038174,0.6517000001622364,2.9910000012023374,True,272.9326217736497
RSA+AES-256,5000,4,3321,434.7210000050836,0.6789999970351346,3.1326999960583635,True,272.9326217736497
RSA+AES-256,5000,4,3322,325.074799999129,0.6673000025330111,2.998600000864826,True,272.9326217736497
RSA+AES-256,5000,4,3323,246.828799994546,0.6678999998257495,3.0327000058605336,True,272.9326217736497
RSA+AES-256,5000,4,3324,669.5767999990494,0.668499997118488,2.989000000525266,True,272.9326217736497
RSA+AES-256,5000,4,3325,876.3245000009192,0.6557000015163794,3.1398999999510124,True,272.9326217736497
RSA+AES-256,5000,4,3326,1283.065199997509,0.7017999960226007,2.856499995687045,True,272.9326217736497
RSA+AES-256,5000,4,3327,367.4648000014713,0.6605000016861595,2.945799998997245,True,272.9326217736497
RSA+AES-256,5000,4,3328,808.8875999965239,0.6524999989778735,2.879600004234817,True,272.9326217736497
RSA+AES-256,5000,4,3329,615.0553000043146,0.6766000005882233,3.1036000000312924,True,272.9326217736497
RSA+AES-256,5000,4,3330,462.7442999990308,0.6620999993174337,2.907599999161903,True,272.9326217736497
RSA+AES-256,5000,4,3331,85.16170000075363,0.5794000026071444,2.8560999999172054,True,272.9326217736497
RSA+AES-256,5000,4,3332,1235.9721999964677,0.6708000000799075,2.9742999977315776,True,272.9326217736497
RSA+AES-256,5000,4,3333,713.2246999972267,0.6958000012673438,2.9969000024721026,True,272.9326217736497
RSA+AES-256,5000,4,3334,610.5272999993758,0.690199995005969,2.982099998916965,True,272.9326217736497
RSA+AES-256,5000,4,3335,1322.3088000013377,0.691299996105954,2.9346000010264106,True,272.9326217736497
RSA+AES-256,5000,4,3336,1834.2361000031815,0.668499997118488,2.9794000001857057,True,272.9326217736497
RSA+AES-256,5000,4,3337,1358.024099994509,0.6075000055716373,2.9893999962951057,True,272.9326217736497
RSA+AES-256,5000,4,3338,291.16919999796664,0.6543999988934956,2.9012000013608485,True,272.9326217736497
RSA+AES-256,5000,4,3339,396.9400999994832,0.6963999985600822,2.9848999984096736,True,272.9326217736497
RSA+AES-256,5000,4,3340,734.9627999938093,0.6572000056621619,2.95429999823682,True,272.9326217736497
RSA+AES-256,5000,4,3341,214.9074999979348,0.64340000244556,2.885099995182827,True,272.9326217736497
RSA+AES-256,5000,4,3342,641.2746999994852,0.6741000033798628,2.916899997217115,True,272.9326217736497
RSA+AES-256,5000,4,3343,496.71919999673264,0.6248999998206273,2.980199999001343,True,272.9326217736497
RSA+AES-256,5000,4,3344,236.05829999723937,0.6528000012622215,3.0475999956252053,True,272.9326217736497
RSA+AES-256,5000,4,3345,892.5392000019201,0.6562999988091178,3.1680000029155053,True,272.9326217736497
RSA+AES-256,5000,4,3346,1364.3303999997443,0.6757000010111369,3.1710000039311126,True,272.9326217736497
RSA+AES-256,5000,4,3347,991.2538999997196,0.6596000021090731,2.8763000009348616,True,272.9326217736497
RSA+AES-256,5000,4,3348,1003.9117999986047,0.6586000017705373,3.199700004188344,True,272.9326217736497
RSA+AES-256,5000,4,3349,1659.9972999974852,0.6484999976237305,2.881500004150439,True,272.9326217736497
RSA+AES-256,5000,4,3350,901.6801999969175,0.691100001859013,2.977299998747185,True,272.9326217736497
RSA+AES-256,5000,4,3351,651.2404000022798,0.699100004567299,2.9752999980701134,True,272.9326217736497
RSA+AES-256,5000,4,3352,640.042999999423,0.6531000035465695,2.893400000175461,True,272.9326217736497
RSA+AES-256,5000,4,3353,401.7969999986235,0.6839999987278134,2.9866999975638464,True,272.9326217736497
RSA+AES-256,5000,4,3354,1327.8251000010641,0.6766000005882233,2.9055999984848313,True,272.9326217736497
RSA+AES-256,5000,4,3355,281.2774999983958,0.6565000003320165,2.936999997473322,True,272.9326217736497
RSA+AES-256,5000,4,3356,1111.2747000006493,0.61450000066543,3.104100003838539,True,272.9326217736497
RSA+AES-256,5000,4,3357,154.69680000387598,0.5841000020154752,2.8738999972119927,True,272.9326217736497
RSA+AES-256,5000,4,3358,381.3827999983914,0.6596999955945648,2.88909999653697,True,272.9326217736497
RSA+AES-256,5000,4,3359,508.8651999976719,0.6087000001571141,2.9600000052596442,True,272.9326217736497
RSA+AES-256,5000,4,3360,750.5641000025207,0.6780999974580482,2.9625999959534965,True,272.9326217736497
RSA+AES-256,5000,4,3361,862.3712999979034,0.6782999989809468,2.9850999999325722,True,272.9326217736497
RSA+AES-256,5000,4,3362,2578.4687000050326,0.8677000005263835,3.257200005464256,True,272.9326217736497
RSA+AES-256,5000,4,3363,378.17200000426965,0.735400004487019,3.077499997743871,True,272.9326217736497
RSA+AES-256,5000,4,3364,416.70560000056867,0.6835000021965243,3.0446000018855557,True,272.9326217736497
RSA+AES-256,5000,4,3365,1248.4261999998125,0.6741999968653545,3.0368000007001683,True,272.9326217736497
RSA+AES-256,5000,4,3366,1189.165800002229,0.6387999965227209,2.9674000033992343,True,272.9326217736497
RSA+AES-256,5000,4,3367,755.2544999998645,0.6390999988070689,3.0057999974815175,True,272.9326217736497
RSA+AES-256,5000,4,3368,542.6980999982334,0.6477999995695427,3.0915000024833716,True,272.9326217736497
RSA+AES-256,5000,4,3369,1546.9924999997602,0.6680000005871989,2.9678000064450316,True,272.9326217736497
RSA+AES-256,5000,4,3370,347.5546999979997,0.6976000004215166,2.9815999951097183,True,272.9326217736497
RSA+AES-256,5000,4,3371,358.4965000045486,0.6623000008403324,2.940799997304566,True,272.9326217736497
RSA+AES-256,5000,4,3372,970.6908999942243,0.691400004143361,2.9749000023002736,True,272.9326217736497
RSA+AES-256,5000,4,3373,611.3476000027731,0.6184000012581237,2.8972000000067055,True,272.9326217736497
RSA+AES-256,5000,4,3374,1358.988699998008,0.7358000002568588,2.982099998916965,True,272.9326217736497
RSA+AES-256,5000,4,3375,831.5080000029411,0.6982999984757043,2.9638999985763803,True,272.9326217736497
RSA+AES-256,5000,4,3376,443.03409999702126,0.6748000014340505,3.0091999942669645,True,272.9326217736497
RSA+AES-256,5000,4,3377,1125.596099998802,0.6656000041402876,2.9682000022148713,True,272.9326217736497
RSA+AES-256,5000,4,3378,227.61869999521878,0.625900000159163,2.9384999943431467,True,272.9326217736497
RSA+AES-256,5000,4,3379,616.3293999998132,0.6770000036340207,2.9331999976420775,True,272.9326217736497
RSA+AES-256,5000,4,3380,1086.1711999968975,0.6892000019433908,2.9964000059408136,True,272.9326217736497
RSA+AES-256,5000,4,3381,126.86609999946086,0.6250000005820766,2.9765999934170395,True,272.9326217736497
RSA+AES-256,5000,4,3382,113.4715000007418,0.6439999997382984,3.020199997990858,True,272.9326217736497
RSA+AES-256,5000,4,3383,741.0396999985096,0.6776000009267591,3.01949999993667,True,272.9326217736497
RSA+AES-256,5000,4,3384,202.39540000329725,0.6278000000747852,2.892799995606765,True,272.9326217736497
RSA+AES-256,5000,4,3385,1398.5743999946862,0.6980999969528057,2.973100003146101,True,272.9326217736497
RSA+AES-256,5000,4,3386,990.7601000013528,0.683899997966364,2.9452000017045066,True,272.9326217736497
RSA+AES-256,5000,4,3387,708.957199996803,0.7072000007610768,2.9639999993378296,True,272.9326217736497
RSA+AES-256,5000,4,3388,911.2444999991567,0.6527000005007721,2.870799995434936,True,272.9326217736497
RSA+AES-256,5000,4,3389,884.4699000037508,0.6957000005058944,3.184300003340468,True,272.9326217736497
RSA+AES-256,5000,4,3390,1870.1647999987472,0.7222000058391131,3.0111000014585443,True,272.9326217736497
RSA+AES-256,5000,4,3391,1683.6469999980181,0.6661000006715767,2.9782999990857206,True,272.9326217736497
RSA+AES-256,5000,4,3392,712.7502000003005,0.6706999993184581,2.8873999981442466,True,272.9326217736497
RSA+AES-256,5000,4,3393,240.40599999716505,0.7341000018641353,3.2226000039372593,True,272.9326217736497
RSA+AES-256,5000,4,3394,335.95950000017183,0.6857000043964945,3.0662999997730367,True,272.9326217736497
RSA+AES-256,5000,4,3395,726.9602000014856,0.669599998218473,2.9820000054314733,True,272.9326217736497
RSA+AES-256,5000,4,3396,476.59199999907287,0.7063999946694821,3.0709000056958757,True,272.9326217736497
RSA+AES-256,5000,4,3397,351.4982999986387,0.6134000068414025,3.1755000018165447,True,272.9326217736497
RSA+AES-256,5000,4,3398,136.2026999995578,0.7120000009308569,2.9742999977315776,True,272.9326217736497
RSA+AES-256,5000,4,3399,535.6058000033954,0.6640999999945052,2.925699998741038,True,272.9326217736497
RSA+AES-256,5000,4,3400,2639.585900004022,0.6391999995685183,3.0208999960450456,True,272.9326217736497
RSA+AES-256,5000,4,3401,573.0124000037904,0.6796000016038306,2.922600004239939,True,272.9326217736497
RSA+AES-256,5000,4,3402,249.67060000199126,0.6808999969507568,2.9966000001877546,True,272.9326217736497
RSA+AES-256,5000,4,3403,1460.7738999984576,0.6540000031236559,3.1512999994447455,True,272.9326217736497
RSA+AES-256,5000,4,3404,155.55930000118678,0.6854000021121465,3.0124999975669198,True,272.9326217736497
RSA+AES-256,5000,4,3405,111.91299999336479,0.6068000002414919,2.8994000022066757,True,272.9326217736497
RSA+AES-256,5000,4,3406,1618.2956999982707,0.6748999949195422,3.146099996229168,True,272.9326217736497
RSA+AES-256,5000,4,3407,245.5104999971809,0.6172000066726469,2.998900003149174,True,272.9326217736497
RSA+AES-256,5000,4,3408,1177.0853999987594,0.6630000061704777,2.8730999983963557,True,272.9326217736497
RSA+AES-256,5000,4,3409,595.8026000007521,0.6657999983872287,2.9418999984045513,True,272.9326217736497
RSA+AES-256,5000,4,3410,729.0122999984305,0.6740000026184134,2.9906999989179894,True,272.9326217736497
RSA+AES-256,5000,4,3411,578.804199998558,0.6943000043975189,2.892100004828535,True,272.9326217736497
RSA+AES-256,5000,4,3412,1062.6138000006904,0.6702000027871691,2.8472000049077906,True,272.9326217736497
RSA+AES-256,5000,4,3413,219.5484999974724,0.6615000020246953,2.8836999990744516,True,272.9326217736497
RSA+AES-256,5000,4,3414,805.4797000004328,0.7913000008556992,3.0225000009522773,True,272.9326217736497
RSA+AES-256,5000,4,3415,1070.8558999976958,0.6568999961018562,2.88909999653697,True,272.9326217736497
RSA+AES-256,5000,4,3416,628.3953000020119,0.6952000039746054,3.3774000039556995,True,272.9326217736497
RSA+AES-256,5000,4,3417,1494.0568000019994,0.6790999977965839,2.936800003226381,True,272.9326217736497
RSA+AES-256,5000,4,3418,239.96880000049714,0.6775000001653098,2.937700002803467,True,272.9326217736497
RSA+AES-256,5000,4,3419,253.41210000624415,0.7045000020298176,2.9225999969639815,True,272.9326217736497
RSA+AES-256,5000,4,3420,238.50279999896884,0.6301999965216964,2.8538999977172352,True,272.9326217736497
RSA+AES-256,5000,4,3421,913.0022999961511,0.7036000024527311,2.9940999957034364,True,272.9326217736497
RSA+AES-256,5000,4,3422,899.8974999994971,0.6686999986413866,2.940200000011828,True,272.9326217736497
RSA+AES-256,5000,4,3423,1378.937000001315,0.6489000006695278,2.881200001866091,True,272.9326217736497
RSA+AES-256,5000,4,3424,1261.7313000009744,0.6638999984716065,2.961800004413817,True,272.9326217736497
RSA+AES-256,5000,4,3425,874.8548000003211,0.6802999996580184,3.0152999970596284,True,272.9326217736497
RSA+AES-256,5000,4,3426,184.59259999508504,0.6649999995715916,2.9713999974774197,True,272.9326217736497
RSA+AES-256,5000,4,3427,928.8756999958423,0.6749000021954998,2.9027999989921227,True,272.9326217736497
RSA+AES-256,5000,4,3428,151.55119999690214,0.6786999947507866,2.967600004922133,True,272.9326217736497
RSA+AES-256,5000,4,3429,528.6882000000332,0.6462000019382685,2.9499000011128373,True,272.9326217736497
RSA+AES-256,5000,4,3430,1237.8934000007575,0.7129000005079433,3.0144999982439913,True,272.9326217736497
RSA+AES-256,5000,4,3431,633.0022999973153,0.7059999988996424,2.9422000006888993,True,272.9326217736497
RSA+AES-256,5000,4,3432,1931.690499994147,0.6678999998257495,2.920299994002562,True,272.9326217736497
RSA+AES-256,5000,4,3433,241.68880000070203,0.6804000004194677,2.9810000050929375,True,272.9326217736497
RSA+AES-256,5000,4,3434,311.74730000202544,0.6716999996569939,2.9871000006096438,True,272.9326217736497
RSA+AES-256,5000,4,3435,1716.2903000062215,0.6626000031246804,2.9320000030566007,True,272.9326217736497
RSA+AES-256,5000,4,3436,2466.2758000049507,0.6708000000799075,2.948600005765911,True,272.9326217736497
RSA+AES-256,5000,4,3437,766.9285000010859,0.6780999974580482,2.9283999974722974,True,272.9326217736497
RSA+AES-256,5000,4,3438,139.17030000447994,0.6422999940696172,3.0054000017116778,True,272.9326217736497
RSA+AES-256,5000,4,3439,906.194899995171,0.6853000013506971,2.980299999762792,True,272.9326217736497
RSA+AES-256,5000,4,3440,79.14890000392916,0.5687000011675991,2.958500001113862,True,272.9326217736497
RSA+AES-256,5000,4,3441,514.702300002682,0.6693000032100827,2.91319999814732,True,272.9326217736497
RSA+AES-256,5000,4,3442,1045.4781000007642,0.6674999967799522,2.9536000001826324,True,272.9326217736497
RSA+AES-256,5000,4,3443,724.5085000031395,0.6797000023652799,3.003799996804446,True,272.9326217736497
RSA+AES-256,5000,4,3444,227.70239999954356,0.6366000015987083,2.962499995192047,True,272.9326217736497
RSA+AES-256,5000,4,3445,1152.330199998687,0.6334999998216517,3.0300999933388084,True,272.9326217736497
RSA+AES-256,5000,4,3446,1540.1623000070686,0.7002999991527759,3.0232999997679144,True,272.9326217736497
RSA+AES-256,5000,4,3447,429.6152999959304,0.655100004223641,2.9860000067856163,True,272.9326217736497
RSA+AES-256,5000,4,3448,1628.8628999973298,0.6778000024496578,2.9720000020461157,True,272.9326217736497
RSA+AES-256,5000,4,3449,1189.253099997586,0.6898999999975786,2.9968000017106533,True,272.9326217736497
RSA+AES-256,5000,4,3450,1165.7932000016444,0.6708000000799075,3.019699994183611,True,272.9326217736497
RSA+AES-256,5000,4,3451,459.84730000054697,0.698199997714255,2.9565000004367903,True,272.9326217736497
RSA+AES-256,5000,4,3452,692.2228999974323,0.6637999977101572,2.863699999579694,True,272.9326217736497
RSA+AES-256,5000,4,3453,555.7130999950459,0.6573999999091029,2.871599994250573,True,272.9326217736497
RSA+AES-256,5000,4,3454,1394.4886999961454,0.7072000007610768,2.9485999984899536,True,272.9326217736497
RSA+AES-256,5000,4,3455,950.5503999971552,0.6843000010121614,3.1986999965738505,True,272.9326217736497
RSA+AES-256,5000,4,3456,301.3945999991847,0.6422999940696172,2.885099995182827,True,272.9326217736497
RSA+AES-256,5000,4,3457,193.46419999783393,0.6849999990663491,2.9697999998461455,True,272.9326217736497
RSA+AES-256,5000,4,3458,664.1253000052529,0.6660999933956191,2.9757000011159107,True,272.9326217736497
RSA+AES-256,5000,4,3459,534.836599996197,0.6740000026184134,2.9330000033951364,True,272.9326217736497
RSA+AES-256,5000,4,3460,335.7636999935494,0.6824000010965392,2.957800003059674,True,272.9326217736497
RSA+AES-256,5000,4,3461,972.0439000011538,0.6162999998196028,3.1204999977489933,True,272.9326217736497
RSA+AES-256,5000,4,3462,915.9127000020817,0.6781000047340058,2.991900000779424,True,272.9326217736497
RSA+AES-256,5000,4,3463,447.97420000395505,0.6550000034621917,2.991299996210728,True,272.9326217736497
RSA+AES-256,5000,4,3464,653.1461999984458,0.6785000005038455,2.9884999967180192,True,272.9326217736497
RSA+AES-256,5000,4,3465,274.6936000039568,0.6370000046445057,2.9050999946775846,True,272.9326217736497
RSA+AES-256,5000,4,3466,546.7895999972825,0.6915999983903021,2.9488000000128523,True,272.9326217736497
RSA+AES-256,5000,4,3467,483.14460000256076,0.6543999988934956,2.972900001623202,True,272.9326217736497
RSA+AES-256,5000,4,3468,394.5109999986016,0.7109999933163635,3.0550999945262447,True,272.9326217736497
RSA+AES-256,5000,4,3469,1978.6584000030416,0.6212000007508323,2.9756000003544614,True,272.9326217736497
RSA+AES-256,5000,4,3470,682.6939000020502,0.6754999994882382,2.951500006020069,True,272.9326217736497
RSA+AES-256,5000,4,3471,124.98729999788338,0.676499999826774,2.9291000028024428,True,272.9326217736497
RSA+AES-256,5000,4,3472,1060.5253999965498,0.6689000001642853,2.901100000599399,True,272.9326217736497
RSA+AES-256,5000,4,3473,603.5630999977002,0.6738000010955147,2.9761999976472,True,272.9326217736497
RSA+AES-256,5000,4,3474,2154.1866999978083,0.6649999995715916,3.064500000618864,True,272.9326217736497
RSA+AES-256,5000,4,3475,1343.1216000026325,0.6704000043100677,2.9508000006899238,True,272.9326217736497
RSA+AES-256,5000,4,3476,580.6553000002168,0.6791999985580333,2.9471000016201288,True,272.9326217736497
RSA+AES-256,5000,4,3477,329.5088999948348,0.6729000015184283,3.024199999345001,True,272.9326217736497
RSA+AES-256,5000,4,3478,853.7034000037238,0.6202000004122965,3.0544999972335063,True,272.9326217736497
RSA+AES-256,5000,4,3479,1610.2988999991794,0.6689000001642853,2.9404000015347265,True,272.9326217736497
RSA+AES-256,5000,4,3480,424.69370000617346,0.6882000016048551,2.9844000018783845,True,272.9326217736497
RSA+AES-256,5000,4,3481,674.8007999995025,0.6816000022809021,3.088099998421967,True,272.9326217736497
RSA+AES-256,5000,4,3482,642.2142000010354,0.7008000029600225,2.9720000020461157,True,272.9326217736497
RSA+AES-256,5000,4,3483,699.9872000014875,0.6748000014340505,3.4893999982159585,True,272.9326217736497
RSA+AES-256,5000,4,3484,802.2469999996247,0.705099999322556,2.947099994344171,True,272.9326217736497
RSA+AES-256,5000,4,3485,825.7194999969215,0.6396999960998073,2.957199998490978,True,272.9326217736497
RSA+AES-256,5000,4,3486,570.0309000021662,0.6673999960185029,2.9940999957034364,True,272.9326217736497
RSA+AES-256,5000,4,3487,1145.7057000006898,0.698499999998603,3.0247999966377392,True,272.9326217736497
RSA+AES-256,5000,4,3488,349.3968000038876,0.6718000004184432,2.9479999939212576,True,272.9326217736497
RSA+AES-256,5000,4,3489,473.08589999738615,0.6716000061715022,2.9708000001846813,True,272.9326217736497
RSA+AES-256,5000,4,3490,1492.972500003816,0.687400002789218,2.993499998410698,True,272.9326217736497
RSA+AES-256,5000,4,3491,324.93320000503445,0.6802999996580184,2.9454000032274053,True,272.9326217736497
RSA+AES-256,5000,4,3492,724.4942000033916,0.6696000054944307,2.897799997299444,True,272.9326217736497
RSA+AES-256,5000,4,3493,241.01999999402324,0.6245999975362793,2.9683999964618124,True,272.9326217736497
RSA+AES-256,5000,4,3494,1175.9487000017543,0.6786000012652948,2.9614000013680197,True,272.9326217736497
RSA+AES-256,5000,4,3495,456.88890000019455,0.6762999983038753,2.9569999969680794,True,272.9326217736497
RSA+AES-256,5000,4,3496,757.2514999992563,0.6645000030403025,2.963799997814931,True,272.9326217736497
RSA+AES-256,5000,4,3497,3234.318800001347,0.760000002628658,2.9433000017888844,True,272.9326217736497
RSA+AES-256,5000,4,3498,916.0430999982054,0.6782999989809468,2.9862000010325573,True,272.9326217736497
RSA+AES-256,5000,4,3499,806.3503000012133,0.6748000014340505,2.952700000605546,True,272.9326217736497
RSA+AES-256,5000,4,3500,1387.9450000022189,0.6795000008423813,2.994599999510683,True,272.9326217736497
RSA+AES-256,5000,4,3501,484.7777000031783,0.6751999972038902,2.8825999979744665,True,272.9326217736497
RSA+AES-256,5000,4,3502,173.005299999204,0.7104999967850745,3.0547999995178543,True,272.9326217736497
RSA+AES-256,5000,4,3503,199.2580000005546,0.6007000047247857,2.9614999948535115,True,272.9326217736497
RSA+AES-256,5000,4,3504,368.4785000004922,0.6349000032059848,2.955400006612763,True,272.9326217736497
RSA+AES-256,5000,4,3505,1140.4527999984566,0.6645000030403025,2.899200000683777,True,272.9326217736497
RSA+AES-256,5000,4,3506,160.8771000028355,0.567299997783266,2.845600000000559,True,272.9326217736497
RSA+AES-256,5000,4,3507,1518.600499999593,0.6792999993194826,2.9345000002649613,True,272.9326217736497
RSA+AES-256,5000,4,3508,411.7765999981202,0.6752999979653396,2.9675000041606836,True,272.9326217736497
RSA+AES-256,5000,4,3509,396.3080999965314,0.6825000018579885,2.962600003229454,True,272.9326217736497
RSA+AES-256,5000,4,3510,515.1411999977427,0.5919000032008626,2.9383000000962056,True,272.9326217736497
RSA+AES-256,5000,4,3511,1081.116599998495,0.6845999960205518,2.99059999815654,True,272.9326217736497
RSA+AES-256,5000,4,3512,897.2578000029898,0.6880000000819564,2.967600004922133,True,272.9326217736497
RSA+AES-256,5000,4,3513,483.0957000012859,0.7709000055911019,3.0240999985835515,True,272.9326217736497
RSA+AES-256,5000,4,3514,667.4902999948245,0.6974999996600673,3.1633999969926663,True,272.9326217736497
RSA+AES-256,5000,4,3515,1448.0494999952498,0.6966000000829808,3.004099999088794,True,272.9326217736497
RSA+AES-256,5000,4,3516,1329.9407000013161,0.6320000029518269,2.9671000011148863,True,272.9326217736497
RSA+AES-256,5000,4,3517,350.8769000036409,0.6677000055788085,2.940699996543117,True,272.9326217736497
RSA+AES-256,5000,4,3518,516.5425999948638,0.6912000026204623,3.053299995372072,True,272.9326217736497
RSA+AES-256,5000,4,3519,90.547300002072,0.6021000008331612,2.9601999995065853,True,272.9326217736497
RSA+AES-256,5000,4,3520,589.1426000016509,0.6922999964444898,2.965599996969104,True,272.9326217736497
RSA+AES-256,5000,4,3521,324.46479999634903,0.651599999400787,2.93950000195764,True,272.9326217736497
RSA+AES-256,5000,4,3522,1495.0801000013598,0.6529999955091625,2.888299997721333,True,272.9326217736497
RSA+AES-256,5000,4,3523,1009.2637999987346,0.6882000016048551,2.974000002723187,True,272.9326217736497
RSA+AES-256,5000,4,3524,535.2656000031857,0.6906999988132156,2.9197000039857812,True,272.9326217736497
RSA+AES-256,5000,4,3525,327.52049999544397,0.6614000012632459,2.950299996882677,True,272.9326217736497
RSA+AES-256,5000,4,3526,617.7561000004061,0.6926999994902872,2.9827999969711527,True,272.9326217736497
RSA+AES-256,5000,4,3527,243.82970000442583,0.6513999978778884,2.980500001285691,True,272.9326217736497
RSA+AES-256,5000,4,3528,108.89619999943534,0.6260000009206124,2.97100000170758,True,272.9326217736497
RSA+AES-256,5000,4,3529,303.69299999438226,0.6625999958487228,2.908300004492048,True,272.9326217736497
RSA+AES-256,5000,4,3530,826.7751000021235,0.6920999949215911,2.9386999958660454,True,272.9326217736497
RSA+AES-256,5000,4,3531,848.4574000030989,0.6604000009247102,3.001999997650273,True,272.9326217736497
RSA+AES-256,5000,4,3532,196.24019999901066,0.6331999975373037,2.8835999983130023,True,272.9326217736497
RSA+AES-256,5000,4,3533,642.9098000007798,0.7257000033860095,2.9907999996794388,True,272.9326217736497
RSA+AES-256,5000,4,3534,1026.7166999983601,0.651599999400787,2.951900001789909,True,272.9326217736497
RSA+AES-256,5000,4,3535,1195.55820000096,0.6645000030403025,2.9402999934973195,True,272.9326217736497
RSA+AES-256,5000,4,3536,676.8123000001651,0.7241000057547353,2.9144000000087544,True,272.9326217736497
RSA+AES-256,5000,4,3537,1432.5056000016048,0.7005000006756745,2.9136000011931174,True,272.9326217736497
RSA+AES-256,5000,4,3538,813.883299997542,0.6615000020246953,2.9060999950161204,True,272.9326217736497
RSA+AES-256,5000,4,3539,295.31309999583755,0.6202000004122965,2.9571000050054863,True,272.9326217736497
RSA+AES-256,5000,4,3540,953.5354999970878,0.6588999967789277,2.891999996791128,True,272.9326217736497
RSA+AES-256,5000,4,3541,672.126900004514,0.5882000041310675,2.898899998399429,True,272.9326217736497
RSA+AES-256,5000,4,3542,1120.4154999941238,0.6781999982194975,2.940699996543117,True,272.9326217736497
RSA+AES-256,5000,4,3543,1268.688000003749,0.675899995258078,3.0262000000220723,True,272.9326217736497
RSA+AES-256,5000,4,3544,572.6212000008672,0.6787999955122359,2.957800003059674,True,272.9326217736497
RSA+AES-256,5000,4,3545,556.505599997763,0.6646999972872436,2.938700003142003,True,272.9326217736497
RSA+AES-256,5000,4,3546,990.0994000054197,0.662800004647579,2.883100001781713,True,272.9326217736497
RSA+AES-256,5000,4,3547,1583.6180999976932,0.7131999955163337,2.988600004755426,True,272.9326217736497
RSA+AES-256,5000,4,3548,588.9844999983325,0.6897000057506375,2.908700000261888,True,272.9326217736497
RSA+AES-256,5000,4,3549,451.4578999951482,0.6943999978830107,2.996099996380508,True,272.9326217736497
RSA+AES-256,5000,4,3550,1076.5180000016699,0.6595999948331155,2.878600003896281,True,272.9326217736497
RSA+AES-256,5000,4,3551,1220.681799997692,0.66559999686433,2.9863999952794984,True,272.9326217736497
RSA+AES-256,5000,4,3552,386.82900000276277,0.6400999991456047,2.8868000008515082,True,272.9326217736497
RSA+AES-256,5000,4,3553,401.1402000032831,0.6080000021029264,2.99799999629613,True,272.9326217736497
RSA+AES-256,5000,4,3554,742.0022000005702,0.6802999996580184,2.9756000003544614,True,272.9326217736497
RSA+AES-256,5000,4,3555,772.9488999975729,0.695100003213156,2.9850999999325722,True,272.9326217736497
RSA+AES-256,5000,4,3556,416.7182999954093,0.6681000013486482,2.8972000000067055,True,272.9326217736497
RSA+AES-256,5000,4,3557,513.219599997683,0.6670000002486631,2.9555000000982545,True,272.9326217736497
RSA+AES-256,5000,4,3558,684.3898999941302,0.7803000044077635,2.986100000271108,True,272.9326217736497
RSA+AES-256,5000,4,3559,374.0244999935385,0.6667999987257645,2.9657000050065108,True,272.9326217736497
RSA+AES-256,5000,4,3560,596.8184000012116,0.6905999980517663,3.009599997312762,True,272.9326217736497
RSA+AES-256,5000,4,3561,576.6975000005914,0.6910999945830554,2.9558999958680943,True,272.9326217736497
RSA+AES-256,5000,4,3562,858.3838999984437,0.6666000044788234,2.892299999075476,True,272.9326217736497
RSA+AES-256,5000,4,3563,1904.9307000022964,0.6762999983038753,2.9298000008566305,True,272.9326217736497
RSA+AES-256,5000,4,3564,860.840499997721,0.9160999979940243,3.0610000030719675,True,272.9326217736497
RSA+AES-256,5000,4,3565,1199.977600001148,0.6674000032944605,2.893299999414012,True,272.9326217736497
RSA+AES-256,5000,4,3566,524.2235999976401,0.6623000008403324,2.915600001870189,True,272.9326217736497
RSA+AES-256,5000,4,3567,1082.2329000002355,0.661599995510187,2.8938999967067502,True,272.9326217736497
RSA+AES-256,5000,4,3568,1100.7537999976194,0.6667999987257645,2.9562999989138916,True,272.9326217736497
RSA+AES-256,5000,4,3569,634.8827999972855,0.6760999967809767,2.9736000069533475,True,272.9326217736497
RSA+AES-256,5000,4,3570,730.4514999996172,0.6199999988893978,2.8898000018671155,True,272.9326217736497
RSA+AES-256,5000,4,3571,1309.7638000035658,0.6542999981320463,2.9168000037316233,True,272.9326217736497
RSA+AES-256,5000,4,3572,1052.843400000711,0.6714999981340952,3.275700000813231,True,272.9326217736497
RSA+AES-256,5000,4,3573,1601.8983000030858,0.6666999979643151,2.9758999953628518,True,272.9326217736497
RSA+AES-256,5000,4,3574,1289.2470000006142,0.6534000058309175,2.9635999962920323,True,272.9326217736497
RSA+AES-256,5000,4,3575,196.23219999630237,0.6389000045601279,2.9312999977264553,True,272.9326217736497
RSA+AES-256,5000,4,3576,376.68090000079246,0.680199998896569,3.0009999973117374,True,272.9326217736497
RSA+AES-256,5000,4,3577,903.7571000008029,0.6775000001653098,3.0946000042604282,True,272.9326217736497
RSA+AES-256,5000,4,3578,164.0828000017791,0.6047999995644204,2.918799997132737,True,272.9326217736497
RSA+AES-256,5000,4,3579,655.3886000037892,0.6664999964414164,3.21579999581445,True,272.9326217736497
RSA+AES-256,5000,4,3580,935.2714999986347,0.6127000015112571,3.0024000006960705,True,272.9326217736497
RSA+AES-256,5000,4,3581,930.6742999979178,0.6668999994872138,2.98060000204714,True,272.9326217736497
RSA+AES-256,5000,4,3582,1011.4320000066073,0.8515000008628704,3.0523000023094937,True,272.9326217736497
RSA+AES-256,5000,4,3583,620.3884999995353,0.6565000003320165,2.8572999945026822,True,272.9326217736497
RSA+AES-256,5000,4,3584,405.18239999801153,0.6624000016017817,2.983000005770009,True,272.9326217736497
RSA+AES-256,5000,4,3585,283.41460000228835,0.6834999949205667,2.9537000009440817,True,272.9326217736497
RSA+AES-256,5000,4,3586,1701.7971999957808,0.6790000043110922,2.918699996371288,True,272.9326217736497
RSA+AES-256,5000,4,3587,1663.4263999949326,0.6303999980445951,2.9910000012023374,True,272.9326217736497
RSA+AES-256,5000,4,3588,685.4920999976457,1.3233000063337386,2.998299998580478,True,272.9326217736497
RSA+AES-256,5000,4,3589,134.1930999988108,0.6592999998247251,2.9447000051732175,True,272.9326217736497
RSA+AES-256,5000,4,3590,284.513299993705,0.6322999979602173,2.891800002544187,True,272.9326217736497
RSA+AES-256,5000,4,3591,669.8601000025519,0.6606000024476089,2.942299994174391,True,272.9326217736497
RSA+AES-256,5000,4,3592,334.68400000128895,0.697899995429907,2.9579000038211234,True,272.9326217736497
RSA+AES-256,5000,4,3593,152.78540000144858,0.6959000020287931,2.9524999990826473,True,272.9326217736497
RSA+AES-256,5000,4,3594,1062.1941999997944,0.6659999999101274,2.9452000017045066,True,272.9326217736497
RSA+AES-256,5000,4,3595,252.9590999984066,0.6939000013517216,2.9763000056846067,True,272.9326217736497
RSA+AES-256,5000,4,3596,1771.4252000005217,0.6672999952570535,2.9495999988284893,True,272.9326217736497
RSA+AES-256,5000,4,3597,155.06789999926696,0.6450000000768341,2.891999996791128,True,272.9326217736497
RSA+AES-256,5000,4,3598,1082.1201000071596,0.6573999999091029,3.035200003068894,True,272.9326217736497
RSA+AES-256,5000,4,3599,543.3771000025445,0.6775000001653098,2.9675000041606836,True,272.9326217736497
RSA+AES-256,5000,4,3600,577.8188000040245,0.6483999968622811,3.933099993446376,True,272.9326217736497
RSA+AES-256,5000,4,3601,646.6369999980088,0.6804000004194677,2.9639999993378296,True,272.9326217736497
RSA+AES-256,5000,4,3602,942.9061999981059,0.6572999991476536,3.338000002258923,True,272.9326217736497
RSA+AES-256,5000,4,3603,183.45080000290181,0.6025999973644502,2.9264999975566752,True,272.9326217736497
RSA+AES-256,5000,4,3604,869.5502999980818,0.6872000012663193,2.9736999931628816,True,272.9326217736497
RSA+AES-256,5000,4,3605,144.26049999747192,0.5900000032852404,2.8499999971245416,True,272.9326217736497
RSA+AES-256,5000,4,3606,349.3209000007482,0.6151999987196177,2.9447999986587092,True,272.9326217736497
RSA+AES-256,5000,4,3607,1141.2357000008342,0.6866999974590726,3.042900003492832,True,272.9326217736497
RSA+AES-256,5000,4,3608,825.7635999980266,0.6943999978830107,3.0292000010376796,True,272.9326217736497
RSA+AES-256,5000,4,3609,846.2934999988647,0.6780000039725564,2.9885999974794686,True,272.9326217736497
RSA+AES-256,5000,4,3610,891.6889999964042,0.6444000027840957,2.911399998993147,True,272.9326217736497
RSA+AES-256,5000,4,3611,456.62280000397004,0.6745999999111518,3.2036000047810376,True,272.9326217736497
RSA+AES-256,5000,4,3612,416.28620000119554,0.6410999994841404,2.8814000033889897,True,272.9326217736497
RSA+AES-256,5000,4,3613,390.35560000047553,0.8395000040763989,3.009700005350169,True,272.9326217736497
RSA+AES-256,5000,4,3614,258.37320000573527,0.666200001433026,3.304499994555954,True,272.9326217736497
RSA+AES-256,5000,4,3615,887.656999999308,0.6221000003279187,2.959400000690948,True,272.9326217736497
RSA+AES-256,5000,4,3616,339.93329999793787,0.6991999980527908,3.3456000019214116,True,272.9326217736497
RSA+AES-256,5000,4,3617,907.16280000197,0.6668000060017221,3.0375999995158054,True,272.9326217736497
RSA+AES-256,5000,4,3618,474.364699999569,0.6285999988904223,2.8869000016129576,True,272.9326217736497
RSA+AES-256,5000,4,3619,1143.0786999990232,0.6550999969476834,2.9042999958619475,True,272.9326217736497
RSA+AES-256,5000,4,3620,621.4370000016061,0.6756000002496876,2.9177999967942014,True,272.9326217736497
RSA+AES-256,5000,4,3621,485.54210000293097,0.6672000017715618,2.9052999962004833,True,272.9326217736497
RSA+AES-256,5000,4,3622,957.5504999957047,0.6776000009267591,3.052599997317884,True,272.9326217736497
RSA+AES-256,5000,4,3623,764.8398999954225,0.6677999990643002,2.943200001027435,True,272.9326217736497
RSA+AES-256,5000,4,3624,511.9265999965137,0.6904000038048252,2.9301999966264702,True,272.9326217736497
RSA+AES-256,5000,4,3625,711.4508999948157,0.7553000032203272,3.0012999995960854,True,272.9326217736497
RSA+AES-256,5000,4,3626,1791.8296999996528,0.6827999968663789,2.9911999954492785,True,272.9326217736497
RSA+AES-256,5000,4,3627,1515.1631999979145,0.665400002617389,2.8990999999223277,True,272.9326217736497
RSA+AES-256,5000,4,3628,150.69990000483813,0.7279000055859797,2.994499998749234,True,272.9326217736497
RSA+AES-256,5000,4,3629,1176.3265000045067,0.7104999967850745,3.019199997652322,True,272.9326217736497
RSA+AES-256,5000,4,3630,126.09680000605294,0.575300000491552,3.068500001973007,True,272.9326217736497
RSA+AES-256,5000,4,3631,186.8218000017805,0.6712000031257048,3.114099999947939,True,272.9326217736497
RSA+AES-256,5000,4,3632,205.7652000003145,0.6609999982174486,3.23249999928521,True,272.9326217736497
RSA+AES-256,5000,4,3633,76.19379999960074,0.6405999956768937,3.096799999184441,True,272.9326217736497
RSA+AES-256,5000,4,3634,664.7225000051549,0.6474999972851947,2.9976000005262904,True,272.9326217736497
RSA+AES-256,5000,4,3635,448.7422999955015,0.6783999997423962,2.989999993587844,True,272.9326217736497
RSA+AES-256,5000,4,3636,464.8040000029141,0.6817000030423515,2.9738000012002885,True,272.9326217736497
RSA+AES-256,5000,4,3637,414.8815000007744,0.676499999826774,2.9807000028085895,True,272.9326217736497
RSA+AES-256,5000,4,3638,855.7915999990655,0.684200000250712,3.5523000042303465,True,272.9326217736497
RSA+AES-256,5000,4,3639,611.8185000013909,0.6690000009257346,2.899999999499414,True,272.9326217736497
RSA+AES-256,5000,4,3640,861.4096999954199,0.672800000756979,3.387100005056709,True,272.9326217736497
RSA+AES-256,5000,4,3641,749.8250999997254,0.6971999973757192,2.97580000187736,True,272.9326217736497
RSA+AES-256,5000,4,3642,413.47749999840744,0.9049000000231899,3.063000003749039,True,272.9326217736497
RSA+AES-256,5000,4,3643,658.8712999946438,0.6787000020267442,2.9184000013628975,True,272.9326217736497
RSA+AES-256,5000,4,3644,424.71800000203075,0.6231000006664544,2.98060000204714,True,272.9326217736497
RSA+AES-256,5000,4,3645,1506.882100002258,0.8925000001909211,3.2516999999643303,True,272.9326217736497
RSA+AES-256,5000,4,3646,385.5102000015904,0.6168999971123412,3.002499994181562,True,272.9326217736497
RSA+AES-256,5000,4,3647,954.8095999998623,0.6670000002486631,2.9730000023846515,True,272.9326217736497
RSA+AES-256,5000,4,3648,1568.9767000003485,0.6916999991517514,3.148800002236385,True,272.9326217736497
RSA+AES-256,5000,4,3649,591.5696000010939,0.611600000411272,2.925200002209749,True,272.9326217736497
RSA+AES-256,5000,4,3650,441.9745999985025,0.6759999960195273,2.9647999981534667,True,272.9326217736497
RSA+AES-256,5000,4,3651,1205.3840000007767,0.6991999980527908,2.955400006612763,True,272.9326217736497
RSA+AES-256,5000,4,3652,743.0748999977368,0.6780999974580482,2.8920000040670857,True,272.9326217736497
RSA+AES-256,5000,4,3653,253.18780000088736,0.6126000007498078,2.8671000036410987,True,272.9326217736497
RSA+AES-256,5000,4,3654,506.271199999901,0.8417999997618608,3.0126999990898184,True,272.9326217736497
RSA+AES-256,5000,4,3655,1461.5775999991456,0.6636000034632161,2.912399999331683,True,272.9326217736497
RSA+AES-256,5000,4,3656,602.9424000007566,0.6224000026122667,3.0274000018835068,True,272.9326217736497
RSA+AES-256,5000,4,3657,782.5177999984589,0.6577999956789427,3.0545999979949556,True,272.9326217736497
RSA+AES-256,5000,4,3658,994.3322999970405,0.6895000042277388,3.4331999995629303,True,272.9326217736497
RSA+AES-256,5000,4,3659,772.8459999998449,0.6912000026204623,2.9617999971378595,True,272.9326217736497
RSA+AES-256,5000,4,3660,576.8255000002682,0.6719000011798926,2.9722000035690144,True,272.9326217736497
RSA+AES-256,5000,4,3661,1581.1259000038262,0.646799999231007,2.9682000022148713,True,272.9326217736497
RSA+AES-256,5000,4,3662,1976.0980000064592,0.7045000020298176,2.9837000038241968,True,272.9326217736497
RSA+AES-256,5000,4,3663,944.8926999975811,0.6334999998216517,2.986700004839804,True,272.9326217736497
RSA+AES-256,5000,4,3664,342.2128000020166,0.7044000012683682,2.9821999996784143,True,272.9326217736497
RSA+AES-256,5000,4,3665,1262.3292000062065,0.6715999988955446,2.878999999666121,True,272.9326217736497
RSA+AES-256,5000,4,3666,780.70370000205,0.6204000019351952,2.995599999849219,True,272.9326217736497
RSA+AES-256,5000,4,3667,314.5481000028667,0.6788000027881935,3.049700004339684,True,272.9326217736497
RSA+AES-256,5000,4,3668,654.1815000018687,0.6796000016038306,2.962799997476395,True,272.9326217736497
RSA+AES-256,5000,4,3669,1140.6780000033905,0.6821999995736405,2.934099997219164,True,272.9326217736497
RSA+AES-256,5000,4,3670,1251.1492000048747,0.6830000056652352,3.0123999968054704,True,272.9326217736497
RSA+AES-256,5000,4,3671,310.1634999984526,0.666200001433026,2.911600000516046,True,272.9326217736497
RSA+AES-256,5000,4,3672,107.43200000433717,0.6414000017684884,2.9938999941805378,True,272.9326217736497
RSA+AES-256,5000,4,3673,562.1783000024152,0.6188999977894127,2.98320000001695,True,272.9326217736497
RSA+AES-256,5000,4,3674,1539.5697000058135,0.6668999994872138,2.965899999253452,True,272.9326217736497
RSA+AES-256,5000,4,3675,690.1558000026853,0.705899998138193,2.9662999950232916,True,272.9326217736497
RSA+AES-256,5000,4,3676,390.76660000137053,0.6772999986424111,2.973399998154491,True,272.9326217736497
RSA+AES-256,5000,4,3677,1112.200200004736,0.6687000059173442,2.879900006519165,True,272.9326217736497
RSA+AES-256,5000,4,3678,508.68500000069616,0.6707000065944158,2.963900005852338,True,272.9326217736497
RSA+AES-256,5000,4,3679,437.72529999841936,0.6570999976247549,2.930700000433717,True,272.9326217736497
RSA+AES-256,5000,4,3680,734.5628000039142,0.6665999972028658,2.9341000044951215,True,272.9326217736497
RSA+AES-256,5000,4,3681,997.8545999983908,0.7587000000057742,3.0294000025605783,True,272.9326217736497
RSA+AES-256,5000,4,3682,915.9631000002264,0.6586000017705373,2.934599993750453,True,272.9326217736497
RSA+AES-256,5000,4,3683,508.49619999644347,0.6676999983028509,2.931499999249354,True,272.9326217736497
RSA+AES-256,5000,4,3684,1536.2788999991608,0.6928000002517365,3.012799999851268,True,272.9326217736497
RSA+AES-256,5000,4,3685,362.8972000005888,0.6194000015966594,3.0336999989231117,True,272.9326217736497
RSA+AES-256,5000,4,3686,666.9357999999193,0.6285999988904223,2.923799998825416,True,272.9326217736497
RSA+AES-256,5000,4,3687,307.6151999994181,0.6611999997403473,2.8686000005109236,True,272.9326217736497
RSA+AES-256,5000,4,3688,800.9473999991314,0.6296000065049157,3.073300002142787,True,272.9326217736497
RSA+AES-256,5000,4,3689,222.3532999996678,0.6720000019413419,3.0313000024762005,True,272.9326217736497
RSA+AES-256,5000,4,3690,1170.7523000004585,0.680500001180917,3.015300004335586,True,272.9326217736497
RSA+AES-256,5000,4,3691,447.91930000064895,0.6708000000799075,3.4161000003223307,True,272.9326217736497
RSA+AES-256,5000,4,3692,614.1375000006519,0.647299995762296,2.93950000195764,True,272.9326217736497
RSA+AES-256,5000,4,3693,588.497600001574,0.6840999994892627,2.8953000000910833,True,272.9326217736497
RSA+AES-256,5000,4,3694,1883.91020000563,0.6645000030403025,3.0353000038303435,True,272.9326217736497
RSA+AES-256,5000,4,3695,428.8682999977027,0.6644000022788532,2.9104999994160607,True,272.9326217736497
RSA+AES-256,5000,4,3696,1402.2485000023153,0.6722000034642406,2.8942999997525476,True,272.9326217736497
RSA+AES-256,5000,4,3697,1192.804199999955,0.7039000047370791,2.975000003061723,True,272.9326217736497
RSA+AES-256,5000,4,3698,625.3059000009671,0.6836000029579736,2.965200001199264,True,272.9326217736497
RSA+AES-256,5000,4,3699,737.5538000051165,0.6873000020277686,2.918300000601448,True,272.9326217736497
RSA+AES-256,5000,4,3700,1014.1968000025372,0.680800003465265,3.0020999984117225,True,272.9326217736497
RSA+AES-256,5000,4,3701,262.10530000389554,0.6423000013455749,3.0078000054345466,True,272.9326217736497
RSA+AES-256,5000,4,3702,828.5972000012407,0.6847999975434504,2.918999998655636,True,272.9326217736497
RSA+AES-256,5000,4,3703,1250.977800002147,0.6596999955945648,2.892699994845316,True,272.9326217736497
RSA+AES-256,5000,4,3704,921.5492000002996,0.7163999980548397,3.001999997650273,True,272.9326217736497
RSA+AES-256,5000,4,3705,116.36169999837875,0.6356000012601726,3.046800004085526,True,272.9326217736497
RSA+AES-256,5000,4,3706,738.1817999994382,0.6976000004215166,2.987599997140933,True,272.9326217736497
RSA+AES-256,5000,4,3707,1699.3063999980222,0.6629999988945201,2.9873000021325424,True,272.9326217736497
RSA+AES-256,5000,4,3708,497.78739999601385,0.6960000027902424,2.958399993076455,True,272.9326217736497
RSA+AES-256,5000,4,3709,183.72660000022734,0.6311000033747405,3.0072000008658506,True,272.9326217736497
RSA+AES-256,5000,4,3710,1503.9026999947964,0.6626999966101721,3.0157000001054257,True,272.9326217736497
RSA+AES-256,5000,4,3711,110.14749999594642,0.6560999972862191,2.980199999001343,True,272.9326217736497
RSA+AES-256,5000,4,3712,456.2389999991865,0.6520999959320761,2.885299996705726,True,272.9326217736497
RSA+AES-256,5000,4,3713,545.7877000008011,0.6754999994882382,2.940300000773277,True,272.9326217736497
RSA+AES-256,5000,4,3714,965.4675999991014,0.6546000004163943,2.906100002292078,True,272.9326217736497
RSA+AES-256,5000,4,3715,1403.0314999981783,0.7657000023755245,3.0798000007052906,True,272.9326217736497
RSA+AES-256,5000,4,3716,85.15470000565983,0.6161999990581535,2.973399998154491,True,272.9326217736497
RSA+AES-256,5000,4,3717,956.3832999992883,0.6830999991507269,3.295299997262191,True,272.9326217736497
RSA+AES-256,5000,4,3718,468.11840000009397,0.6627999973716214,2.970500005176291,True,272.9326217736497
RSA+AES-256,5000,4,3719,377.95859999459935,0.6770000036340207,3.011799999512732,True,272.9326217736497
RSA+AES-256,5000,4,3720,486.7182000016328,0.6708999935653992,2.9474999973899685,True,272.9326217736497
RSA+AES-256,5000,4,3721,1316.178499997477,0.6857999978819862,3.1185000043478794,True,272.9326217736497
RSA+AES-256,5000,4,3722,1498.123500001384,0.5946999954176135,2.9418000049190596,True,272.9326217736497
RSA+AES-256,5000,4,3723,498.79999999393476,0.6722000034642406,2.889200004574377,True,272.9326217736497
RSA+AES-256,5000,4,3724,944.6226000000024,0.5923999997321516,2.9595000014523976,True,272.9326217736497
RSA+AES-256,5000,4,3725,614.2752000014298,0.6664999964414164,2.9037000058451667,True,272.9326217736497
RSA+AES-256,5000,4,3726,598.0652999933227,0.6520000024465844,2.913300006184727,True,272.9326217736497
RSA+AES-256,5000,4,3727,919.4929000004777,0.6903000030433759,2.9001000002608635,True,272.9326217736497
RSA+AES-256,5000,4,3728,2272.552700000233,0.6996000010985881,3.0670999985886738,True,272.9326217736497
RSA+AES-256,5000,4,3729,739.2958999989787,0.690799999574665,3.013500005181413,True,272.9326217736497
RSA+AES-256,5000,4,3730,947.0015999977477,0.6682000021100976,2.925200002209749,True,272.9326217736497
RSA+AES-256,5000,4,3731,554.5962999967742,0.7037999966996722,2.998100004333537,True,272.9326217736497
RSA+AES-256,5000,4,3732,479.49119999975665,0.6834999949205667,3.3777999997255392,True,272.9326217736497
RSA+AES-256,5000,4,3733,397.1508000031463,0.680199998896569,2.999799995450303,True,272.9326217736497
RSA+AES-256,5000,4,3734,251.6068000040832,0.661700003547594,2.9980999970575795,True,272.9326217736497
RSA+AES-256,5000,4,3735,461.47709999786457,0.6670000002486631,2.868399998988025,True,272.9326217736497
RSA+AES-256,5000,4,3736,523.1944999977713,0.6684000036329962,2.9179999983171,True,272.9326217736497
RSA+AES-256,5000,4,3737,1549.280399995041,0.672199996188283,2.9708000001846813,True,272.9326217736497
RSA+AES-256,5000,4,3738,1158.834099995147,0.7120000009308569,2.9862000010325573,True,272.9326217736497
RSA+AES-256,5000,4,3739,381.4783999987412,0.7067999977152795,3.3525999970152043,True,272.9326217736497
RSA+AES-256,5000,4,3740,932.2275000013178,0.6681000013486482,2.9361999986576848,True,272.9326217736497
RSA+AES-256,5000,4,3741,1710.1035000014235,0.6750999964424409,3.0401000040001236,True,272.9326217736497
RSA+AES-256,5000,4,3742,1148.261399997864,0.6828999976278283,2.977900003315881,True,272.9326217736497
RSA+AES-256,5000,4,3743,316.4120000001276,0.7813000047462992,2.96100000559818,True,272.9326217736497
RSA+AES-256,5000,4,3744,1610.7699999993201,0.6647999980486929,2.9246999984025024,True,272.9326217736497
RSA+AES-256,5000,4,3745,547.902400001476,0.6676999983028509,2.9572999992524274,True,272.9326217736497
RSA+AES-256,5000,4,3746,866.1055999982636,0.6676999983028509,3.0398000017157756,True,272.9326217736497
RSA+AES-256,5000,4,3747,606.7526999977417,0.7194999998318963,2.92250000347849,True,272.9326217736497
RSA+AES-256,5000,4,3748,1028.7293000001227,0.6672999952570535,3.3064999952330254,True,272.9326217736497
RSA+AES-256,5000,4,3749,596.2352999995346,0.6829999983892776,2.970699999423232,True,272.9326217736497
RSA+AES-256,5000,4,3750,246.39860000024782,0.6103000050643459,2.9360999978962354,True,272.9326217736497
RSA+AES-256,5000,4,3751,302.59880000085104,0.6664000029559247,2.966300002299249,True,272.9326217736497
RSA+AES-256,5000,4,3752,619.1886999949929,0.6872000012663193,3.038499999092892,True,272.9326217736497
RSA+AES-256,5000,4,3753,498.2462999978452,0.6636999969487078,2.937600002042018,True,272.9326217736497
RSA+AES-256,5000,4,3754,311.47239999700105,0.6942999971215613,2.9712999967159703,True,272.9326217736497
RSA+AES-256,5000,4,3755,666.9913000005181,0.6829999983892776,3.0232999997679144,True,272.9326217736497
RSA+AES-256,5000,4,3756,618.5723000016878,0.6953999982215464,3.731800003151875,True,272.9326217736497
RSA+AES-256,5000,4,3757,1174.0233000018634,0.713100002030842,2.9529999883379787,True,272.9326217736497
RSA+AES-256,5000,4,3758,937.1735000022454,0.6474000110756606,2.9995999939274043,True,272.9326217736497
RSA+AES-256,5000,4,3759,1110.098699995433,0.6370000046445057,3.0381000105990097,True,272.9326217736497
RSA+AES-256,5000,4,3760,199.61899999179877,0.6156999879749492,2.9728999943472445,True,272.9326217736497
RSA+AES-256,5000,4,3761,1265.677899995353,0.675299990689382,3.0516999977407977,True,272.9326217736497
RSA+AES-256,5000,4,3762,316.14199999603443,0.7045999955153093,3.0261000065365806,True,272.9326217736497
RSA+AES-256,5000,4,3763,723.478999992949,0.6511999963549897,3.032399996300228,True,272.9326217736497
RSA+AES-256,5000,4,3764,225.39940000569914,0.6650000141235068,2.921899998909794,True,272.9326217736497
RSA+AES-256,5000,4,3765,526.8818000040483,0.6447000050684437,2.976099989609793,True,272.9326217736497
RSA+AES-256,5000,4,3766,830.071999997017,0.6726999999955297,2.9415000026347116,True,272.9326217736497
RSA+AES-256,5000,4,3767,110.92200000712182,0.6629999988945201,2.9140999977244064,True,272.9326217736497
RSA+AES-256,5000,4,3768,1470.8348999993177,0.67710000439547,3.031200001714751,True,272.9326217736497
RSA+AES-256,5000,4,3769,459.2390999896452,0.6796999950893223,2.994499998749234,True,272.9326217736497
RSA+AES-256,5000,4,3770,113.65840000507887,0.5767999973613769,2.8483000060077757,True,272.9326217736497
RSA+AES-256,5000,4,3771,762.701300001936,0.7225999870570377,2.9341000044951215,True,272.9326217736497
RSA+AES-256,5000,4,3772,997.3507999966387,0.6978000019444153,2.9058999934932217,True,272.9326217736497
RSA+AES-256,5000,4,3773,1503.9216000004672,0.6969999958528206,2.980699995532632,True,272.9326217736497
RSA+AES-256,5000,4,3774,953.0159999994794,0.6983999919611961,2.939199999673292,True,272.9326217736497
RSA+AES-256,5000,4,3775,1440.8831000037026,0.7116999913705513,2.9924999980721623,True,272.9326217736497
RSA+AES-256,5000,4,3776,394.8194999975385,0.5961000133538619,2.9710999951930717,True,272.9326217736497
RSA+AES-256,5000,4,3777,923.6065000004601,0.6642999942414463,3.3027000026777387,True,272.9326217736497
RSA+AES-256,5000,4,3778,2262.372700002743,0.6773999921279028,3.035400004591793,True,272.9326217736497
RSA+AES-256,5000,4,3779,881.0053000051994,0.6487999926321208,2.863499990780838,True,272.9326217736497
RSA+AES-256,5000,4,3780,168.08469999523368,0.676800002111122,3.0213999998522922,True,272.9326217736497
RSA+AES-256,5000,4,3781,391.09520000056364,0.6741999968653545,3.218500001821667,True,272.9326217736497
RSA+AES-256,5000,4,3782,168.5913000110304,0.5564000020967796,2.934899996034801,True,272.9326217736497
RSA+AES-256,5000,4,3783,474.4896000047447,0.6573000136995688,2.9900999943492934,True,272.9326217736497
RSA+AES-256,5000,4,3784,838.6582999955863,0.6599999906029552,3.4825999900931492,True,272.9326217736497
RSA+AES-256,5000,4,3785,686.3692999904742,0.684200000250712,2.9778000025544316,True,272.9326217736497
RSA+AES-256,5000,4,3786,770.1253999985056,0.672199996188283,2.9415000026347116,True,272.9326217736497
RSA+AES-256,5000,4,3787,1193.1312999950023,0.7558000070275739,3.0697999900439754,True,272.9326217736497
RSA+AES-256,5000,4,3788,204.3095999979414,0.6372000061674044,2.9794000001857057,True,272.9326217736497
RSA+AES-256,5000,4,3789,437.52770000719465,0.650999994832091,3.0146000062813982,True,272.9326217736497
RSA+AES-256,5000,4,3790,205.35970000491943,0.6953999982215464,3.0086000042501837,True,272.9326217736497
RSA+AES-256,5000,4,3791,1411.803000009968,0.671899993903935,3.00470000365749,True,272.9326217736497
RSA+AES-256,5000,4,3792,4017.6066999993054,0.6768999883206561,2.998500000103377,True,272.9326217736497
RSA+AES-256,5000,4,3793,668.4868999873288,0.6840999994892627,3.0584000051021576,True,272.9326217736497
RSA+AES-256,5000,4,3794,516.7605000024196,0.6164999940665439,3.028999999514781,True,272.9326217736497
RSA+AES-256,5000,4,3795,742.2680000017863,0.6850999925518408,2.976100004161708,True,272.9326217736497
RSA+AES-256,5000,4,3796,540.9168000041973,0.6783999997423962,2.96840000373777,True,272.9326217736497
RSA+AES-256,5000,4,3797,515.7429999962915,0.679599994327873,2.961599995614961,True,272.9326217736497
RSA+AES-256,5000,4,3798,48.250599997118115,0.5993999948259443,2.9824999946868047,True,272.9326217736497
RSA+AES-256,5000,4,3799,313.62309999531135,0.6576000014320016,2.910900002461858,True,272.9326217736497
RSA+AES-256,5000,4,3800,1170.7828999933554,0.6820999988121912,2.9901000089012086,True,272.9326217736497
RSA+AES-256,5000,4,3801,1745.900599999004,0.678999989759177,2.888499991968274,True,272.9326217736497
RSA+AES-256,5000,4,3802,1135.8669999899575,0.6514000124298036,2.959199991892092,True,272.9326217736497
RSA+AES-256,5000,4,3803,840.7993000000715,0.676499999826774,2.9688999929931015,True,272.9326217736497
RSA+AES-256,5000,4,3804,1792.4732999963453,0.6460000004153699,2.909399991040118,True,272.9326217736497
RSA+AES-256,5000,4,3805,1090.217400007532,0.6537000008393079,2.8888999950140715,True,272.9326217736497
RSA+AES-256,5000,4,3806,229.61280000163242,0.6457999988924712,2.9540999967139214,True,272.9326217736497
RSA+AES-256,5000,4,3807,141.182099992875,0.6471000087913126,3.006800005096011,True,272.9326217736497
RSA+AES-256,5000,4,3808,464.3818999902578,0.6748000014340505,3.002299999934621,True,272.9326217736497
RSA+AES-256,5000,4,3809,110.34569999901578,0.5903999990550801,2.9738000012002885,True,272.9326217736497
RSA+AES-256,5000,4,3810,1738.0015999951866,0.6184000085340813,2.9603000002680346,True,272.9326217736497
RSA+AES-256,5000,4,3811,281.09229999245144,0.6652000010944903,2.960400001029484,True,272.9326217736497
RSA+AES-256,5000,4,3812,1426.7976999981329,0.6682000093860552,2.937900004326366,True,272.9326217736497
RSA+AES-256,5000,4,3813,264.881900002365,0.6348000024445355,2.920700004324317,True,272.9326217736497
RSA+AES-256,5000,4,3814,611.7769999982556,0.6831000064266846,3.2470000005559996,True,272.9326217736497
RSA+AES-256,5000,4,3815,302.8982000105316,0.6839000125182793,3.049899998586625,True,272.9326217736497
RSA+AES-256,5000,4,3816,576.2030000041705,0.603899999987334,2.9627000039909035,True,272.9326217736497
RSA+AES-256,5000,4,3817,1906.6956999886315,0.6289000011747703,3.046300000278279,True,272.9326217736497
RSA+AES-256,5000,4,3818,1518.6412000039127,0.6763999990653247,2.9646000039065257,True,272.9326217736497
RSA+AES-256,5000,4,3819,1184.9736000003759,0.6851999933132902,2.9503999976441264,True,272.9326217736497
RSA+AES-256,5000,4,3820,732.9939000046579,0.6770000036340207,3.088999990723096,True,272.9326217736497
RSA+AES-256,5000,4,3821,801.9046999979764,0.6483000033767894,2.8710000042337924,True,272.9326217736497
RSA+AES-256,5000,4,3822,490.214699995704,0.6575000006705523,2.8584999963641167,True,272.9326217736497
RSA+AES-256,5000,4,3823,436.3096000015503,0.7024999940767884,2.979500000947155,True,272.9326217736497
RSA+AES-256,5000,4,3824,145.7901999965543,0.6474999972851947,2.9642000008607283,True,272.9326217736497
RSA+AES-256,5000,4,3825,778.6316999990959,0.6566000083694234,2.9452000017045066,True,272.9326217736497
RSA+AES-256,5000,4,3826,237.0783000078518,0.680500001180917,2.9781000048387796,True,272.9326217736497
RSA+AES-256,5000,4,3827,1499.8958000069251,0.6552999984705821,2.952700000605546,True,272.9326217736497
RSA+AES-256,5000,4,3828,500.26130001060665,0.6808999896747991,2.953699993668124,True,272.9326217736497
RSA+AES-256,5000,4,3829,109.59999999613501,0.6616000027861446,3.0402000120375305,True,272.9326217736497
RSA+AES-256,5000,4,3830,260.5061000067508,0.6462000019382685,2.9683000029763207,True,272.9326217736497
RSA+AES-256,5000,4,3831,631.9695999991382,0.6836999964434654,3.033000000868924,True,272.9326217736497
RSA+AES-256,5000,4,3832,932.608800008893,0.614399992628023,2.973299997393042,True,272.9326217736497
RSA+AES-256,5000,4,3833,1042.0171000005212,0.6792000058339909,2.9780000040773302,True,272.9326217736497
RSA+AES-256,5000,4,3834,478.3415999991121,0.6712999893352389,2.9452000017045066,True,272.9326217736497
RSA+AES-256,5000,4,3835,277.30469999369234,0.6739000091329217,2.998500000103377,True,272.9326217736497
RSA+AES-256,5000,4,3836,646.5345000033267,0.6958000012673438,3.002199999173172,True,272.9326217736497
RSA+AES-256,5000,4,3837,264.05729999532923,0.6529999955091625,3.0101000011200085,True,272.9326217736497
RSA+AES-256,5000,4,3838,185.43969999882393,0.6536000000778586,2.932999996119179,True,272.9326217736497
RSA+AES-256,5000,4,3839,246.6954999981681,0.607299996772781,3.0226999951992184,True,272.9326217736497
RSA+AES-256,5000,4,3840,530.5625000037253,0.6562000053236261,2.8817999991588295,True,272.9326217736497
RSA+AES-256,5000,4,3841,1419.0926000010222,0.7140999950934201,2.919200007454492,True,272.9326217736497
RSA+AES-256,5000,4,3842,216.884100009338,0.6275000050663948,2.9420000064419582,True,272.9326217736497
RSA+AES-256,5000,4,3843,509.7424999985378,0.6653000018559396,2.9651999939233065,True,272.9326217736497
RSA+AES-256,5000,4,3844,505.94570000248495,0.6122999911895022,2.9169999907026067,True,272.9326217736497
RSA+AES-256,5000,4,3845,157.41200000047684,0.6396000098902732,3.325999990920536,True,272.9326217736497
RSA+AES-256,5000,4,3846,1628.1445000058739,0.8435000054305419,3.010000000358559,True,272.9326217736497
RSA+AES-256,5000,4,3847,618.5347999999067,0.6781999982194975,2.96689999231603,True,272.9326217736497
RSA+AES-256,5000,4,3848,690.2021000132663,0.6561000045621768,2.8926000086357817,True,272.9326217736497
RSA+AES-256,5000,4,3849,533.2420000049751,0.676199997542426,2.9780999902868643,True,272.9326217736497
RSA+AES-256,5000,4,3850,604.1029000043636,0.6034999969415367,2.9474000039044768,True,272.9326217736497
RSA+AES-256,5000,4,3851,1056.5972999902442,0.6738000083714724,2.961299993330613,True,272.9326217736497
RSA+AES-256,5000,4,3852,751.4471000031335,0.675899995258078,2.938500008895062,True,272.9326217736497
RSA+AES-256,5000,4,3853,499.679800006561,0.676800002111122,2.965899999253452,True,272.9326217736497
RSA+AES-256,5000,4,3854,479.8638999927789,0.6762999983038753,2.9907999996794388,True,272.9326217736497
RSA+AES-256,5000,4,3855,106.87119999784045,0.6166999955894426,2.8621000092243776,True,272.9326217736497
RSA+AES-256,5000,4,3856,336.61289999145083,0.6125000072643161,2.8553000011015683,True,272.9326217736497
RSA+AES-256,5000,4,3857,644.6694999904139,0.6237999914446846,2.9643999878317118,True,272.9326217736497
RSA+AES-256,5000,4,3858,249.3386999994982,0.7431999983964488,3.1272000051103532,True,272.9326217736497
RSA+AES-256,5000,4,3859,1925.0489999976708,0.705099999322556,2.9961999971419573,True,272.9326217736497
RSA+AES-256,5000,4,3860,833.361099998001,0.6662000087089837,2.914299999247305,True,272.9326217736497
RSA+AES-256,5000,4,3861,131.11089999438263,0.6330000032903627,2.9817000031471252,True,272.9326217736497
RSA+AES-256,5000,4,3862,355.6086000025971,0.6575000006705523,2.955799995106645,True,272.9326217736497
RSA+AES-256,5000,4,3863,511.9431000057375,0.6581000052392483,2.8941999917151406,True,272.9326217736497
RSA+AES-256,5000,4,3864,330.8305999962613,0.6400999991456047,2.97580000187736,True,272.9326217736497
RSA+AES-256,5000,4,3865,406.4829999988433,0.6795000081183389,2.9203000012785196,True,272.9326217736497
RSA+AES-256,5000,4,3866,480.0892999919597,0.6794999935664237,2.9494000045815483,True,272.9326217736497
RSA+AES-256,5000,4,3867,611.9199999957345,0.6147999956738204,2.998299998580478,True,272.9326217736497
RSA+AES-256,5000,4,3868,939.5214000105625,0.6400000129360706,3.010200001881458,True,272.9326217736497
RSA+AES-256,5000,4,3869,273.2709999982035,0.6722999969497323,2.9279000009410083,True,272.9326217736497
RSA+AES-256,5000,4,3870,995.3290999983437,0.6553999992320314,2.9626999894389883,True,272.9326217736497
RSA+AES-256,5000,4,3871,1708.0631999997422,0.6672000017715618,3.0144999909680337,True,272.9326217736497
RSA+AES-256,5000,4,3872,133.94770000013523,0.6056999991415069,2.976999996462837,True,272.9326217736497
RSA+AES-256,5000,4,3873,420.221299995319,0.6607000104850158,2.9026999982306734,True,272.9326217736497
RSA+AES-256,5000,4,3874,359.26320000726264,1.0691999923437834,4.81220000074245,True,272.9326217736497
RSA+AES-256,5000,4,3875,1916.0435999947367,0.6343999993987381,3.006200000527315,True,272.9326217736497
RSA+AES-256,5000,4,3876,1407.3904999968363,0.6630999996559694,2.8888999950140715,True,272.9326217736497
RSA+AES-256,5000,4,3877,613.719899993157,0.6048999930499122,2.9799999902024865,True,272.9326217736497
RSA+AES-256,5000,4,3878,492.610400004196,0.7075999892549589,3.001999997650273,True,272.9326217736497
RSA+AES-256,5000,4,3879,469.3710999999894,0.6706999993184581,2.888100003474392,True,272.9326217736497
RSA+AES-256,5000,4,3880,341.42930000962224,0.6242999952519313,2.9688000067835674,True,272.9326217736497
RSA+AES-256,5000,4,3881,87.93739999237005,0.6415999960154295,2.9796000017086044,True,272.9326217736497
RSA+AES-256,5000,4,3882,378.8233999948716,0.665700004901737,2.911800009314902,True,272.9326217736497
RSA+AES-256,5000,4,3883,135.95830000122078,0.6012999947415665,2.9021000082138926,True,272.9326217736497
RSA+AES-256,5000,4,3884,523.406199994497,0.6853999948361889,2.9888999997638166,True,272.9326217736497
RSA+AES-256,5000,4,3885,360.0855999975465,0.6836000102339312,2.950900001451373,True,272.9326217736497
RSA+AES-256,5000,4,3886,464.4817999942461,0.6599000043934211,2.963100007036701,True,272.9326217736497
RSA+AES-256,5000,4,3887,446.8868999974802,0.6537000008393079,2.8827000060118735,True,272.9326217736497
RSA+AES-256,5000,4,3888,666.7053999990458,0.6862000009277835,2.9682000022148713,True,272.9326217736497
RSA+AES-256,5000,4,3889,381.81590000749566,0.6634000019403175,2.856799997971393,True,272.9326217736497
RSA+AES-256,5000,4,3890,712.3499000008451,0.6519000016851351,2.893700002459809,True,272.9326217736497
RSA+AES-256,5000,4,3891,1614.0975000016624,0.7221000123536214,2.9968000017106533,True,272.9326217736497
RSA+AES-256,5000,4,3892,419.5631000038702,0.6611999997403473,3.014899994013831,True,272.9326217736497
RSA+AES-256,5000,4,3893,860.4541999957291,0.7058000046527013,3.033000000868924,True,272.9326217736497
RSA+AES-256,5000,4,3894,855.5761000025086,0.6534999993164092,2.958199998829514,True,272.9326217736497
RSA+AES-256,5000,4,3895,975.8287000004202,0.6958000012673438,3.033300003153272,True,272.9326217736497
RSA+AES-256,5000,4,3896,527.268699996057,0.6886000046506524,3.031800006283447,True,272.9326217736497
RSA+AES-256,5000,4,3897,839.7227999957977,0.6790999905206263,2.9437000048346817,True,272.9326217736497
RSA+AES-256,5000,4,3898,917.9695000057109,0.6811999919591472,2.974800008814782,True,272.9326217736497
RSA+AES-256,5000,4,3899,1199.9644000025,0.6936999998288229,3.00539999443572,True,272.9326217736497
RSA+AES-256,5000,4,3900,2018.0643000057898,0.6715000054100528,2.9703999898629263,True,272.9326217736497
RSA+AES-256,5000,4,3901,931.7658000072697,0.6660999933956191,2.9534000059356913,True,272.9326217736497
RSA+AES-256,5000,4,3902,1203.2832999975653,0.6892999954288825,3.0166000069584697,True,272.9326217736497
RSA+AES-256,5000,4,3903,424.8710999963805,0.6843000010121614,2.9023000097367913,True,272.9326217736497
RSA+AES-256,5000,4,3904,399.158999993233,0.7655999943381175,2.9642000008607283,True,272.9326217736497
RSA+AES-256,5000,4,3905,1079.682399999001,0.6889999931445345,2.981900004670024,True,272.9326217736497
RSA+AES-256,5000,4,3906,963.3669000031659,0.669400003971532,3.24249999539461,True,272.9326217736497
RSA+AES-256,5000,4,3907,720.2877000090666,0.6770000036340207,3.130199998850003,True,272.9326217736497
RSA+AES-256,5000,4,3908,765.0036999984877,0.6399999983841553,2.9596999956993386,True,272.9326217736497
RSA+AES-256,5000,4,3909,2360.1998000085587,0.6569999968633056,2.8909999964525923,True,272.9326217736497
RSA+AES-256,5000,4,3910,204.12510000460315,0.666000007186085,2.9559000104200095,True,272.9326217736497
RSA+AES-256,5000,4,3911,772.1227999863913,0.672499998472631,2.9977000085636973,True,272.9326217736497
RSA+AES-256,5000,4,3912,279.46270001120865,0.5842999962624162,2.8575999895110726,True,272.9326217736497
RSA+AES-256,5000,4,3913,521.5191000024788,0.7117999921320006,3.0560000013792887,True,272.9326217736497
RSA+AES-256,5000,4,3914,2358.9223000017228,0.651599999400787,2.8744000010192394,True,272.9326217736497
RSA+AES-256,5000,4,3915,435.4739999980666,0.6852999940747395,3.304300000309013,True,272.9326217736497
RSA+AES-256,5000,4,3916,816.8358999973862,0.7011999987298623,2.991100001963787,True,272.9326217736497
RSA+AES-256,5000,4,3917,1583.083399993484,0.6802999996580184,2.96169999637641,True,272.9326217736497
RSA+AES-256,5000,4,3918,465.6207999942126,0.6871000077808276,3.006800005096011,True,272.9326217736497
RSA+AES-256,5000,4,3919,1298.3335000026273,0.7806999929016456,3.1645999988541007,True,272.9326217736497
RSA+AES-256,5000,4,3920,626.6501000063727,0.6993999995756894,2.9722000035690144,True,272.9326217736497
RSA+AES-256,5000,4,3921,371.7966999975033,0.6944999913685024,2.959200006444007,True,272.9326217736497
RSA+AES-256,5000,4,3922,688.0825999978697,0.6904000038048252,3.0325000116135925,True,272.9326217736497
RSA+AES-256,5000,4,3923,664.2779999965569,0.6589999975403771,2.9399999912129715,True,272.9326217736497
RSA+AES-256,5000,4,3924,842.964800001937,0.6643000087933615,3.6774999898625538,True,272.9326217736497
RSA+AES-256,5000,4,3925,321.5952000027755,0.6856000109110028,3.253099988796748,True,272.9326217736497
RSA+AES-256,5000,4,3926,696.444800007157,0.6957000005058944,3.0996999994385988,True,272.9326217736497
RSA+AES-256,5000,4,3927,666.5050999872619,0.6155000010039657,2.9818000039085746,True,272.9326217736497
RSA+AES-256,5000,4,3928,287.63779999280814,0.6431000074371696,2.9063999973004684,True,272.9326217736497
RSA+AES-256,5000,4,3929,1087.277800004813,0.6511999963549897,2.892100004828535,True,272.9326217736497
RSA+AES-256,5000,4,3930,338.49670000199694,0.6343999993987381,3.0753999890293926,True,272.9326217736497
RSA+AES-256,5000,4,3931,244.12270000902936,0.6806000019423664,2.894599994760938,True,272.9326217736497
RSA+AES-256,5000,4,3932,1113.986099997419,0.6152999994810671,2.963199993246235,True,272.9326217736497
RSA+AES-256,5000,4,3933,341.13929999875836,0.6999999895924702,2.9621000139741227,True,272.9326217736497
RSA+AES-256,5000,4,3934,874.0547000052175,0.6653000018559396,2.9447999986587092,True,272.9326217736497
RSA+AES-256,5000,4,3935,824.7816000075545,0.6935999990673736,2.9643000016221777,True,272.9326217736497
RSA+AES-256,5000,4,3936,1108.6413000011817,0.6881000008434057,2.961600010166876,True,272.9326217736497
RSA+AES-256,5000,4,3937,1276.4636000065366,0.6567000091308728,3.321600001072511,True,272.9326217736497
RSA+AES-256,5000,4,3938,890.9843000001274,0.6668999994872138,2.976099989609793,True,272.9326217736497
RSA+AES-256,5000,4,3939,535.9943000075873,0.7654999935766682,3.4696999937295914,True,272.9326217736497
RSA+AES-256,5000,4,3940,334.9424000043655,0.6528999947477132,2.848699994501658,True,272.9326217736497
RSA+AES-256,5000,4,3941,685.5689999938477,0.7042000070214272,2.993600006448105,True,272.9326217736497
RSA+AES-256,5000,4,3942,386.7832000105409,0.6562000053236261,3.1876000139163807,True,272.9326217736497
RSA+AES-256,5000,4,3943,999.0447000018321,0.6762999983038753,3.3420999970985577,True,272.9326217736497
RSA+AES-256,5000,4,3944,1195.4372000036528,0.6863000016892329,2.9412000003503636,True,272.9326217736497
RSA+AES-256,5000,4,3945,252.3498000082327,0.6667999987257645,2.9587000026367605,True,272.9326217736497
RSA+AES-256,5000,4,3946,640.3221000073245,0.6673000025330111,2.9495000053429976,True,272.9326217736497
RSA+AES-256,5000,4,3947,446.7710999888368,0.6789000035496429,3.006300001288764,True,272.9326217736497
RSA+AES-256,5000,4,3948,800.4337000020314,0.6748000014340505,3.049699997063726,True,272.9326217736497
RSA+AES-256,5000,4,3949,490.39609999454115,0.6739000091329217,2.97359999967739,True,272.9326217736497
RSA+AES-256,5000,4,3950,1001.7697000002954,0.6719000084558502,2.9054000042378902,True,272.9326217736497
RSA+AES-256,5000,4,3951,443.9100000017788,0.666000007186085,2.958500001113862,True,272.9326217736497
RSA+AES-256,5000,4,3952,844.6320999937598,0.7077000045683235,2.934299991466105,True,272.9326217736497
RSA+AES-256,5000,4,3953,177.26759999641217,0.5673999985447153,2.9713999974774197,True,272.9326217736497
RSA+AES-256,5000,4,3954,893.1368000048678,0.6673000025330111,2.890599993406795,True,272.9326217736497
RSA+AES-256,5000,4,3955,704.7429000085685,0.6584999937331304,3.2165000011445954,True,272.9326217736497
RSA+AES-256,5000,4,3956,1188.8218999956734,0.7618000090587884,2.9137999954400584,True,272.9326217736497
RSA+AES-256,5000,4,3957,2055.1369000022532,0.6680999940726906,2.993999994941987,True,272.9326217736497
RSA+AES-256,5000,4,3958,229.753299994627,0.7002000056672841,2.9974999924888834,True,272.9326217736497
RSA+AES-256,5000,4,3959,1156.524799996987,0.6864000024506822,3.002600002218969,True,272.9326217736497
RSA+AES-256,5000,4,3960,396.84349999879487,0.6969999958528206,3.0356999923242256,True,272.9326217736497
RSA+AES-256,5000,4,3961,383.9072999980999,0.6487999926321208,2.9076000064378604,True,272.9326217736497
RSA+AES-256,5000,4,3962,869.612499998766,0.6965000065974891,2.964100000099279,True,272.9326217736497
RSA+AES-256,5000,4,3963,202.8580000041984,0.6261000089580193,2.940499995020218,True,272.9326217736497
RSA+AES-256,5000,4,3964,572.8736000019126,0.621799990767613,2.9789999971399084,True,272.9326217736497
RSA+AES-256,5000,4,3965,1155.8420000073966,0.6557000015163794,2.9066999995848164,True,272.9326217736497
RSA+AES-256,5000,4,3966,1315.755600007833,0.6783999997423962,2.9061999957775697,True,272.9326217736497
RSA+AES-256,5000,4,3967,753.3709999988787,0.6972999981371686,2.948000008473173,True,272.9326217736497
RSA+AES-256,5000,4,3968,61.96180000551976,0.6274000043049455,2.967200009152293,True,272.9326217736497
RSA+AES-256,5000,4,3969,1039.7368999983883,0.6566999945789576,2.8793999954359606,True,272.9326217736497
RSA+AES-256,5000,4,3970,616.2911999999778,0.9367000020574778,2.911799994762987,True,272.9326217736497
RSA+AES-256,5000,4,3971,713.481699989643,0.674000009894371,2.85799999255687,True,272.9326217736497
RSA+AES-256,5000,4,3972,194.74789999367204,0.6824000010965392,2.9932000034023076,True,272.9326217736497
RSA+AES-256,5000,4,3973,1808.0519000068307,0.7802000036463141,2.9639999993378296,True,272.9326217736497
RSA+AES-256,5000,4,3974,726.880699992762,0.6652000010944903,2.90320000203792,True,272.9326217736497
RSA+AES-256,5000,4,3975,820.6502999964869,0.7081000076141208,2.9295000131241977,True,272.9326217736497
RSA+AES-256,5000,4,3976,567.704600005527,0.6616000027861446,2.919400008977391,True,272.9326217736497
RSA+AES-256,5000,4,3977,1654.1846000036458,0.6719000084558502,2.9473999893525615,True,272.9326217736497
RSA+AES-256,5000,4,3978,263.31159999244846,0.679899996612221,2.9885000112699345,True,272.9326217736497
RSA+AES-256,5000,4,3979,827.0145999995293,0.6886000046506524,2.9491000022972003,True,272.9326217736497
RSA+AES-256,5000,4,3980,794.5771999948192,0.6789000035496429,2.9704000044148415,True,272.9326217736497
RSA+AES-256,5000,4,3981,515.7638999953633,0.6186999962665141,3.0027000029804185,True,272.9326217736497
RSA+AES-256,5000,4,3982,1482.159799998044,0.6534999993164092,3.005599995958619,True,272.9326217736497
RSA+AES-256,5000,4,3983,916.4495000004536,0.669100001687184,3.013099994859658,True,272.9326217736497
RSA+AES-256,5000,4,3984,430.3013999888208,0.6115999858593568,2.940499995020218,True,272.9326217736497
RSA+AES-256,5000,4,3985,799.3166000087513,0.6584999937331304,3.2147000019904226,True,272.9326217736497
RSA+AES-256,5000,4,3986,864.5479000115301,0.6905000045662746,3.0045000021345913,True,272.9326217736497
RSA+AES-256,5000,4,3987,1177.6987999910489,0.6269000004976988,2.9497999930754304,True,272.9326217736497
RSA+AES-256,5000,4,3988,758.6339000117732,0.6602000066777691,2.921599996625446,True,272.9326217736497
RSA+AES-256,5000,4,3989,178.96730000211392,0.6610999989788979,2.961300007882528,True,272.9326217736497
RSA+AES-256,5000,4,3990,1519.1837000020314,0.6895999977132306,3.004099999088794,True,272.9326217736497
RSA+AES-256,5000,4,3991,400.7536999997683,0.6786000012652948,3.025300000444986,True,272.9326217736497
RSA+AES-256,5000,4,3992,1020.1247999939369,0.6776999944122508,2.9826000100001693,True,272.9326217736497
RSA+AES-256,5000,4,3993,592.808999994304,0.7151000027079135,2.97580000187736,True,272.9326217736497
RSA+AES-256,5000,4,3994,1930.0062999973306,0.6529999955091625,3.2767999946372584,True,272.9326217736497
RSA+AES-256,5000,4,3995,899.3874000007054,0.7324000034714118,3.5019000060856342,True,272.9326217736497
RSA+AES-256,5000,4,3996,294.1638000047533,0.7717999978922307,3.532699993229471,True,272.9326217736497
RSA+AES-256,5000,4,3997,638.8205999974161,0.668499997118488,3.2913999893935397,True,272.9326217736497
RSA+AES-256,5000,4,3998,720.4660999996122,2.655500007676892,3.199700004188344,True,272.9326217736497
RSA+AES-256,5000,4,3999,640.723300006357,0.7157000072766095,2.977900003315881,True,272.9326217736497
RSA+AES-256,5000,4,4000,1144.9158000032185,0.6932999967830256,3.224300002329983,True,272.9326217736497
RSA+AES-256,5000,4,4001,395.4881999961799,0.6107000081101432,2.990900000440888,True,272.9326217736497
RSA+AES-256,5000,4,4002,388.17130000097677,0.6557000015163794,2.9055999912088737,True,272.9326217736497
RSA+AES-256,5000,4,4003,749.9058000103105,0.66230000811629,2.9417000041576102,True,272.9326217736497
RSA+AES-256,5000,4,4004,480.2637999964645,0.6701999955112115,2.927700013970025,True,272.9326217736497
RSA+AES-256,5000,4,4005,478.4585000015795,0.6711000023642555,2.9901000089012086,True,272.9326217736497
RSA+AES-256,5000,4,4006,673.6651999963215,0.6788000027881935,2.923799998825416,True,272.9326217736497
RSA+AES-256,5000,4,4007,456.7090000055032,0.6281999958446249,2.965599996969104,True,272.9326217736497
RSA+AES-256,5000,4,4008,1912.4933999992209,0.6473000103142112,3.0248000111896545,True,272.9326217736497
RSA+AES-256,5000,4,4009,1194.2020999995293,0.691299996105954,3.007499995874241,True,272.9326217736497
RSA+AES-256,5000,4,4010,658.9696000010008,0.674300012178719,2.978200005600229,True,272.9326217736497
RSA+AES-256,5000,4,4011,502.23739999637473,0.6797000096412376,2.9054000042378902,True,272.9326217736497
RSA+AES-256,5000,4,4012,1213.099799992051,0.6663999956799671,2.9590999911306426,True,272.9326217736497
RSA+AES-256,5000,4,4013,305.97970000235364,0.6942000036360696,3.0072999943513423,True,272.9326217736497
RSA+AES-256,5000,4,4014,1215.3396000067005,0.6682999955955893,2.8734000079566613,True,272.9326217736497
RSA+AES-256,5000,4,4015,649.5188999979291,0.6040999869583175,2.933900002972223,True,272.9326217736497
RSA+AES-256,5000,4,4016,789.8420999990776,0.691299996105954,2.9498999938368797,True,272.9326217736497
RSA+AES-256,5000,4,4017,1479.7723999945447,0.6739999953424558,3.550400011590682,True,272.9326217736497
RSA+AES-256,5000,4,4018,151.81070000107866,0.6477999995695427,3.022500008228235,True,272.9326217736497
RSA+AES-256,5000,4,4019,886.9350000022678,0.6812000065110624,2.969599998323247,True,272.9326217736497
RSA+AES-256,5000,4,4020,579.7812999953749,0.6712000031257048,2.974200004246086,True,272.9326217736497
RSA+AES-256,5000,4,4021,1413.1218999973498,0.705099999322556,2.9501999961212277,True,272.9326217736497
RSA+AES-256,5000,4,4022,1146.7943999887211,0.6840999994892627,2.9598999972222373,True,272.9326217736497
RSA+AES-256,5000,4,4023,235.91860001033638,0.6799999973736703,2.902899999753572,True,272.9326217736497
RSA+AES-256,5000,4,4024,1454.7268000023905,0.6652000010944903,2.9298000008566305,True,272.9326217736497
RSA+AES-256,5000,4,4025,282.04160000314005,0.6658000056631863,2.9534999921452254,True,272.9326217736497
RSA+AES-256,5000,4,4026,1142.5078000029316,0.6784999859519303,2.9036999912932515,True,272.9326217736497
RSA+AES-256,5000,4,4027,942.601900009322,0.6823000003350899,2.9704999906243756,True,272.9326217736497
RSA+AES-256,5000,4,4028,335.46049999131355,0.6591999990632758,2.977399999508634,True,272.9326217736497
RSA+AES-256,5000,4,4029,830.8070000057342,0.6638000049861148,3.0218000028980896,True,272.9326217736497
RSA+AES-256,5000,4,4030,787.9806999990251,0.6881000008434057,2.992000008816831,True,272.9326217736497
RSA+AES-256,5000,4,4031,1039.7304999933112,0.6781999982194975,2.976999996462837,True,272.9326217736497
RSA+AES-256,5000,4,4032,254.74299999768846,0.6167000101413578,2.9273999971337616,True,272.9326217736497
RSA+AES-256,5000,4,4033,406.56960000342224,0.6653999880654737,2.9675999976461753,True,272.9326217736497
RSA+AES-256,5000,4,4034,358.0011000012746,0.7197000086307526,2.997000003233552,True,272.9326217736497
RSA+AES-256,5000,4,4035,730.2865000092424,0.6800000119255856,2.968699991470203,True,272.9326217736497
RSA+AES-256,5000,4,4036,337.3933999973815,0.6819999980507419,2.9601999995065853,True,272.9326217736497
RSA+AES-256,5000,4,4037,215.9045000007609,0.6598999898415059,2.9821999924024567,True,272.9326217736497
RSA+AES-256,5000,4,4038,283.88149999955203,0.6748000014340505,2.992699999595061,True,272.9326217736497
RSA+AES-256,5000,4,4039,1009.9420999904396,0.6810000049881637,2.940699996543117,True,272.9326217736497
RSA+AES-256,5000,4,4040,355.22639998816885,0.6717000069329515,2.9839000053470954,True,272.9326217736497
RSA+AES-256,5000,4,4041,655.4111000004923,0.6807000027038157,2.9572000057669356,True,272.9326217736497
RSA+AES-256,5000,4,4042,509.58530000934843,0.6916999991517514,2.9494999907910824,True,272.9326217736497
RSA+AES-256,5000,4,4043,768.5567000007723,0.6726999999955297,3.014200003235601,True,272.9326217736497
RSA+AES-256,5000,4,4044,1039.2399999982445,0.7007999956840649,2.928699992480688,True,272.9326217736497
RSA+AES-256,5000,4,4045,807.8749000123935,0.6291999889072031,3.0192999984137714,True,272.9326217736497
RSA+AES-256,5000,4,4046,1507.24240001,0.7871999987401068,3.0821000109426677,True,272.9326217736497
RSA+AES-256,5000,4,4047,1661.4622000051895,0.6273000035434961,2.9525999998440966,True,272.9326217736497
RSA+AES-256,5000,4,4048,132.20570000703447,0.6347000016830862,2.8994000022066757,True,272.9326217736497
RSA+AES-256,5000,4,4049,148.10280001256615,0.5827999993925914,2.9110000032233074,True,272.9326217736497
RSA+AES-256,5000,4,4050,406.64480000850745,0.6587000098079443,2.9195999959483743,True,272.9326217736497
RSA+AES-256,5000,4,4051,470.4920000076527,0.6809000042267144,3.024400008143857,True,272.9326217736497
RSA+AES-256,5000,4,4052,308.85880001005717,0.6208999984664842,2.936100005172193,True,272.9326217736497
RSA+AES-256,5000,4,4053,708.4272999927634,0.6723999977111816,2.966300002299249,True,272.9326217736497
RSA+AES-256,5000,4,4054,441.9081000087317,0.6292000034591183,3.0153000116115436,True,272.9326217736497
RSA+AES-256,5000,4,4055,128.08680000307504,0.6457999988924712,2.9393000004347414,True,272.9326217736497
RSA+AES-256,5000,4,4056,506.4720000082161,0.6732999900123104,2.9873000021325424,True,272.9326217736497
RSA+AES-256,5000,4,4057,526.0181999910856,0.6588999967789277,2.96840000373777,True,272.9326217736497
RSA+AES-256,5000,4,4058,257.74809998983983,0.6887000054121017,2.9673999961232767,True,272.9326217736497
RSA+AES-256,5000,4,4059,594.9121000012383,0.6636000034632161,2.9599000117741525,True,272.9326217736497
RSA+AES-256,5000,4,4060,350.91059999831486,0.6758000090485439,3.0039999983273447,True,272.9326217736497
RSA+AES-256,5000,4,4061,1418.6264000018127,0.6837999972049147,2.9298000008566305,True,272.9326217736497
RSA+AES-256,5000,4,4062,872.7569999900879,0.6689000001642853,2.964000013889745,True,272.9326217736497
RSA+AES-256,5000,4,4063,2164.946899996721,1.3183999981265515,5.9852999984286726,True,272.9326217736497
RSA+AES-256,5000,4,4064,709.4875999900978,0.939200006541796,4.26030000380706,True,272.9326217736497
RSA+AES-256,5000,4,4065,1248.7185000063619,0.7977999921422452,3.9739000058034435,True,272.9326217736497
RSA+AES-256,5000,4,4066,225.38859999622218,0.8241000032285228,4.056100005982444,True,272.9326217736497
RSA+AES-256,5000,4,4067,736.9048000109615,0.8868000004440546,4.158399999141693,True,272.9326217736497
RSA+AES-256,5000,4,4068,611.2460000003921,0.8151000074576586,4.094299991265871,True,272.9326217736497
RSA+AES-256,5000,4,4069,684.8229999886826,0.8433000039076433,3.821400008746423,True,272.9326217736497
RSA+AES-256,5000,4,4070,153.59780000289902,0.8554000087315217,3.9281999925151467,True,272.9326217736497
RSA+AES-256,5000,4,4071,699.5522000070196,0.7163000118453056,3.147499999613501,True,272.9326217736497
RSA+AES-256,5000,4,4072,433.8294999906793,0.6343999993987381,3.025300000444986,True,272.9326217736497
RSA+AES-256,5000,4,4073,617.4492000136524,0.6712000031257048,2.9873000021325424,True,272.9326217736497
RSA+AES-256,5000,4,4074,1211.557000002358,0.6837999972049147,2.929399997810833,True,272.9326217736497
RSA+AES-256,5000,4,4075,316.60250001004897,0.6499000010080636,2.873099991120398,True,272.9326217736497
RSA+AES-256,5000,4,4076,701.87900000019,0.6782999989809468,2.973099995870143,True,272.9326217736497
RSA+AES-256,5000,4,4077,612.0195999974385,0.6880000000819564,2.8938999894307926,True,272.9326217736497
RSA+AES-256,5000,4,4078,2294.745100007276,0.6677999917883426,2.916099998401478,True,272.9326217736497
RSA+AES-256,5000,4,4079,1991.7918999999529,0.6779999966965988,2.9457000055117533,True,272.9326217736497
RSA+AES-256,5000,4,4080,658.4169999987353,0.6737999938195571,2.927100009401329,True,272.9326217736497
RSA+AES-256,5000,4,4081,644.1698999988148,0.6991999980527908,2.9845999961253256,True,272.9326217736497
RSA+AES-256,5000,4,4082,301.90520000178367,0.6959000020287931,2.9962999979034066,True,272.9326217736497
RSA+AES-256,5000,4,4083,877.8385000041453,0.6712000031257048,2.8913999994983897,True,272.9326217736497
RSA+AES-256,5000,4,4084,732.5048000056995,0.6554999999934807,2.9790999979013577,True,272.9326217736497
RSA+AES-256,5000,4,4085,1086.3978000124916,0.6898999999975786,2.952399998321198,True,272.9326217736497
RSA+AES-256,5000,4,4086,499.44670000695623,0.6524999917019159,2.9504000121960416,True,272.9326217736497
RSA+AES-256,5000,4,4087,658.3969999919645,0.6926000060047954,2.8769999917130917,True,272.9326217736497
RSA+AES-256,5000,4,4088,136.79940000292845,0.6774999928893521,2.9827999969711527,True,272.9326217736497
RSA+AES-256,5000,4,4089,409.45449999708217,0.6988000095589086,2.8940999909536913,True,272.9326217736497
RSA+AES-256,5000,4,4090,194.94489999487996,0.6105000065872446,3.0134999979054555,True,272.9326217736497
RSA+AES-256,5000,4,4091,492.86289999145083,0.6566000083694234,2.983500002301298,True,272.9326217736497
RSA+AES-256,5000,4,4092,605.614100000821,0.6981000042287633,3.045399993425235,True,272.9326217736497
RSA+AES-256,5000,4,4093,1265.3793999925256,0.6781999982194975,2.9319000022951514,True,272.9326217736497
RSA+AES-256,5000,4,4094,395.980100001907,0.650999994832091,3.0169000092428178,True,272.9326217736497
RSA+AES-256,5000,4,4095,1187.168099990231,0.6611999997403473,2.958299999590963,True,272.9326217736497
RSA+AES-256,5000,4,4096,938.5790000087582,0.6703999970341101,2.9513000044971704,True,272.9326217736497
RSA+AES-256,5000,4,4097,643.1382000009762,0.6955999997444451,3.0415000073844567,True,272.9326217736497
RSA+AES-256,5000,4,4098,469.20789999421686,0.671899993903935,2.8731000056723133,True,272.9326217736497
RSA+AES-256,5000,4,4099,496.12409999826923,0.6999999895924702,2.9285000055097044,True,272.9326217736497
RSA+AES-256,5000,4,4100,160.20040000148583,0.683899997966364,3.1336999963968992,True,272.9326217736497
RSA+AES-256,5000,4,4101,740.4777000047034,0.6605999951716512,2.9830999992555007,True,272.9326217736497
RSA+AES-256,5000,4,4102,76.80460000119638,0.6581000052392483,2.9885000112699345,True,272.9326217736497
RSA+AES-256,5000,4,4103,406.411100004334,0.628499998128973,2.9344000067794695,True,272.9326217736497
RSA+AES-256,5000,4,4104,304.74200000753626,0.6789000035496429,2.9784000071231276,True,272.9326217736497
RSA+AES-256,5000,4,4105,336.8693000084022,0.7012999994913116,2.9861000075470656,True,272.9326217736497
RSA+AES-256,5000,4,4106,872.8592999977991,0.6689000001642853,2.888499991968274,True,272.9326217736497
RSA+AES-256,5000,4,4107,747.7336000010837,0.6821999995736405,2.972999995108694,True,272.9326217736497
RSA+AES-256,5000,4,4108,127.52299998828676,0.6343999993987381,2.9913000034866855,True,272.9326217736497
RSA+AES-256,5000,4,4109,946.3654999999562,0.6775000074412674,3.0020999984117225,True,272.9326217736497
RSA+AES-256,5000,4,4110,491.04810001153965,0.6711000023642555,3.023199999006465,True,272.9326217736497
RSA+AES-256,5000,4,4111,462.30759999889415,0.611600000411272,3.0149999947752804,True,272.9326217736497
RSA+AES-256,5000,4,4112,465.2099999948405,0.66970000625588,3.001999997650273,True,272.9326217736497
RSA+AES-256,5000,4,4113,565.0056000013137,0.6723999977111816,2.9451000009430572,True,272.9326217736497
RSA+AES-256,5000,4,4114,757.8458000061801,0.6812999927205965,3.0368000007001683,True,272.9326217736497
RSA+AES-256,5000,4,4115,890.1779000007082,0.7019000040600076,2.9651999939233065,True,272.9326217736497
RSA+AES-256,5000,4,4116,813.8550000003306,0.6673999887425452,2.969300010590814,True,272.9326217736497
RSA+AES-256,5000,4,4117,283.1605999963358,0.6592999998247251,2.8947999962838367,True,272.9326217736497
RSA+AES-256,5000,4,4118,402.31150000181515,0.6748000014340505,2.936099990620278,True,272.9326217736497
RSA+AES-256,5000,4,4119,725.7076999958372,0.6880000000819564,3.4096999879693612,True,272.9326217736497
RSA+AES-256,5000,4,4120,1807.503900010488,0.679899996612221,2.9694999975617975,True,272.9326217736497
RSA+AES-256,5000,4,4121,1891.2857999966945,0.6790000043110922,3.0088999919826165,True,272.9326217736497
RSA+AES-256,5000,4,4122,483.79969999950845,0.6726999999955297,2.9491999885067344,True,272.9326217736497
RSA+AES-256,5000,4,4123,1059.3888000003062,0.6928999937372282,3.0190999968908727,True,272.9326217736497
RSA+AES-256,5000,4,4124,784.9687999987509,0.6779999966965988,2.9833000007783994,True,272.9326217736497
RSA+AES-256,5000,4,4125,1204.3026000028476,0.6783999997423962,2.9338000022107735,True,272.9326217736497
RSA+AES-256,5000,4,4126,1469.6193000127096,0.6317999941529706,3.007799998158589,True,272.9326217736497
RSA+AES-256,5000,4,4127,285.39900000032503,0.6769000028725713,3.0110000079730526,True,272.9326217736497
RSA+AES-256,5000,4,4128,481.1961999948835,0.6417000113287941,2.992399997310713,True,272.9326217736497
RSA+AES-256,5000,4,4129,1494.8284999991301,0.6751999899279326,2.9731999966315925,True,272.9326217736497
RSA+AES-256,5000,4,4130,492.98899999121204,0.6720999954268336,2.9734999989159405,True,272.9326217736497
RSA+AES-256,5000,4,4131,351.7279000079725,0.6477999995695427,2.9347000090638176,True,272.9326217736497
RSA+AES-256,5000,4,4132,920.0128999946173,0.6903000030433759,3.008400002727285,True,272.9326217736497
RSA+AES-256,5000,4,4133,224.65590000501834,0.6687000131933019,2.955200005089864,True,272.9326217736497
RSA+AES-256,5000,4,4134,1864.2135000118287,0.6988999957684427,3.0027000029804185,True,272.9326217736497
RSA+AES-256,5000,4,4135,907.0251999946777,0.6960000027902424,3.0202000052668154,True,272.9326217736497
RSA+AES-256,5000,4,4136,2866.3633999967715,0.6830000056652352,2.9720000020461157,True,272.9326217736497
RSA+AES-256,5000,4,4137,2239.168800006155,0.6969000096432865,2.930200003902428,True,272.9326217736497
RSA+AES-256,5000,4,4138,261.161100002937,0.6783999997423962,2.9746000072918832,True,272.9326217736497
RSA+AES-256,5000,4,4139,529.0588999923784,0.6565000076079741,2.877099992474541,True,272.9326217736497
RSA+AES-256,5000,4,4140,686.288600001717,0.6661000079475343,2.919199992902577,True,272.9326217736497
RSA+AES-256,5000,4,4141,498.5512999992352,0.6658999918727204,2.8784999885829166,True,272.9326217736497
RSA+AES-256,5000,4,4142,901.1046999949031,0.6141000048955902,3.0030999914743006,True,272.9326217736497
RSA+AES-256,5000,4,4143,1179.317500005709,0.670600013108924,2.9589999903691933,True,272.9326217736497
RSA+AES-256,5000,4,4144,360.8951999922283,0.6455000111600384,2.9356000013649464,True,272.9326217736497
RSA+AES-256,5000,4,4145,235.91650000889786,0.6936999998288229,2.9476999916369095,True,272.9326217736497
RSA+AES-256,5000,4,4146,1027.608499993221,0.6493999972008169,2.952399998321198,True,272.9326217736497
RSA+AES-256,5000,4,4147,1077.786699999706,0.6945999921299517,3.0441999988397583,True,272.9326217736497
RSA+AES-256,5000,4,4148,747.8286000114167,0.6649999995715916,2.940399994258769,True,272.9326217736497
RSA+AES-256,5000,4,4149,2035.5965000053402,0.6884000031277537,3.0048000044189394,True,272.9326217736497
RSA+AES-256,5000,4,4150,1063.2243000000017,0.6976000004215166,2.95429999823682,True,272.9326217736497
RSA+AES-256,5000,4,4151,1338.9577000052668,0.6543000054080039,2.8728000033879653,True,272.9326217736497
RSA+AES-256,5000,4,4152,1859.4579000055091,0.6851999933132902,2.9447999986587092,True,272.9326217736497
RSA+AES-256,5000,4,4153,341.5679000027012,0.6109000096330419,2.98770000517834,True,272.9326217736497
RSA+AES-256,5000,4,4154,2898.7455000024056,0.6939000013517216,2.893700002459809,True,272.9326217736497
RSA+AES-256,5000,4,4155,782.9157000087434,0.6841000140411779,2.916400000685826,True,272.9326217736497
RSA+AES-256,5000,4,4156,713.9402000029804,0.6118000019341707,2.9522999975597486,True,272.9326217736497
RSA+AES-256,5000,4,4157,299.37550000613555,0.6551999977091327,2.98320000001695,True,272.9326217736497
RSA+AES-256,5000,4,4158,629.7118999937084,0.676199997542426,2.9802999924868345,True,272.9326217736497
RSA+AES-256,5000,4,4159,202.5419999990845,0.6455999973695725,2.8975000022910535,True,272.9326217736497
RSA+AES-256,5000,4,4160,135.25880000088364,0.6311000033747405,2.9541999974753708,True,272.9326217736497
RSA+AES-256,5000,4,4161,1656.07130000717,0.6779999966965988,2.9261000017868355,True,272.9326217736497
RSA+AES-256,5000,4,4162,711.7350000044098,0.6753000052412972,2.922200001194142,True,272.9326217736497
RSA+AES-256,5000,4,4163,353.68930001277477,0.7158000080380589,3.0802999972365797,True,272.9326217736497
RSA+AES-256,5000,4,4164,977.8367999970214,0.6839999987278134,2.98169998859521,True,272.9326217736497
RSA+AES-256,5000,4,4165,802.3285000090254,0.6578000029549003,2.894899997045286,True,272.9326217736497
RSA+AES-256,5000,4,4166,827.7775000024121,0.6099000020185485,2.992699999595061,True,272.9326217736497
RSA+AES-256,5000,4,4167,551.2734000076307,0.6533999985549599,2.951799993752502,True,272.9326217736497
RSA+AES-256,5000,4,4168,717.0993999898201,0.6605999951716512,2.8938000032212585,True,272.9326217736497
RSA+AES-256,5000,4,4169,918.512100004591,0.6924000044818968,2.9474000039044768,True,272.9326217736497
RSA+AES-256,5000,4,4170,281.04370000073686,0.6179000047268346,3.087100005359389,True,272.9326217736497
RSA+AES-256,5000,4,4171,751.2349000026006,0.6729000015184283,2.9489000007743016,True,272.9326217736497
RSA+AES-256,5000,4,4172,305.03080000926275,0.6882000016048551,3.300900003523566,True,272.9326217736497
RSA+AES-256,5000,4,4173,1060.9064999880502,0.6723999977111816,3.805799991823733,True,272.9326217736497
RSA+AES-256,5000,4,4174,690.8524000027683,0.6569999968633056,2.9389000119408593,True,272.9326217736497
RSA+AES-256,5000,4,4175,800.2187000092817,0.7082000083755702,2.9792000132147223,True,272.9326217736497
RSA+AES-256,5000,4,4176,98.67199999280274,0.6407000037143007,2.9528000013669953,True,272.9326217736497
RSA+AES-256,5000,4,4177,72.77440000325441,0.5662000039592385,2.954600000521168,True,272.9326217736497
RSA+AES-256,5000,4,4178,269.06059999600984,0.6925000052433461,3.005899998242967,True,272.9326217736497
RSA+AES-256,5000,4,4179,996.588599999086,0.6570999976247549,2.9544999997597188,True,272.9326217736497
RSA+AES-256,5000,4,4180,1679.1709999961313,0.6605999951716512,2.8714000072795898,True,272.9326217736497
RSA+AES-256,5000,4,4181,608.7139999872306,0.6117000011727214,3.0129000078886747,True,272.9326217736497
RSA+AES-256,5000,4,4182,715.437099992414,0.6523000047309324,2.8753000078722835,True,272.9326217736497
RSA+AES-256,5000,4,4183,262.450499998522,0.6504000048153102,3.016999995452352,True,272.9326217736497
RSA+AES-256,5000,4,4184,938.4344999998575,0.6575000006705523,2.9344999929890037,True,272.9326217736497
RSA+AES-256,5000,4,4185,1025.4177000024356,0.6888000061735511,3.0131999956211075,True,272.9326217736497
RSA+AES-256,5000,4,4186,276.72599999641534,0.6704000115860254,3.063800002564676,True,272.9326217736497
RSA+AES-256,5000,4,4187,284.1760000010254,0.6999000033829361,3.0011000053491443,True,272.9326217736497
RSA+AES-256,5000,4,4188,850.2170000137994,0.6907000060891733,2.912399999331683,True,272.9326217736497
RSA+AES-256,5000,4,4189,973.7738999974681,0.6973999988986179,2.978200005600229,True,272.9326217736497
RSA+AES-256,5000,4,4190,847.1546000073431,0.7210999901872128,3.0894999945303425,True,272.9326217736497
RSA+AES-256,5000,4,4191,641.9001999893226,0.6509000086225569,2.8655999922193587,True,272.9326217736497
RSA+AES-256,5000,4,4192,659.7051999997348,0.6629999988945201,3.262199999880977,True,272.9326217736497
RSA+AES-256,5000,4,4193,329.1800000006333,0.6693000032100827,2.9320000030566007,True,272.9326217736497
RSA+AES-256,5000,4,4194,214.67730001313612,0.6382999999914318,2.9423000087263063,True,272.9326217736497
RSA+AES-256,5000,4,4195,677.3688000102993,0.6773999921279028,3.0427000019699335,True,272.9326217736497
RSA+AES-256,5000,4,4196,1748.8545999949565,0.6820999988121912,2.9799999902024865,True,272.9326217736497
RSA+AES-256,5000,4,4197,703.8143999961903,0.6446000043069944,2.962300000945106,True,272.9326217736497
RSA+AES-256,5000,4,4198,280.77629998733755,0.636500000837259,2.940099991974421,True,272.9326217736497
RSA+AES-256,5000,4,4199,376.4530000044033,0.6457999988924712,2.8636000060942024,True,272.9326217736497
RSA+AES-256,5000,4,4200,539.3445999943651,0.6748000014340505,2.974500006530434,True,272.9326217736497
RSA+AES-256,5000,4,4201,745.2499000064563,0.6782000127714127,2.979199998662807,True,272.9326217736497
RSA+AES-256,5000,4,4202,733.5446999932174,0.6903000030433759,2.9888999997638166,True,272.9326217736497
RSA+AES-256,5000,4,4203,497.9429999948479,0.7565999985672534,2.9726000066148117,True,272.9326217736497
RSA+AES-256,5000,4,4204,380.9481000062078,0.6619999912800267,2.963199993246235,True,272.9326217736497
RSA+AES-256,5000,4,4205,153.01499998895451,0.6612000142922625,3.081899994867854,True,272.9326217736497
RSA+AES-256,5000,4,4206,781.2561000027927,0.6886999908601865,3.0337999924086034,True,272.9326217736497
RSA+AES-256,5000,4,4207,302.5908999989042,0.642699989839457,2.940099991974421,True,272.9326217736497
RSA+AES-256,5000,4,4208,475.2936000004411,0.6908000068506226,3.1313999934354797,True,272.9326217736497
RSA+AES-256,5000,4,4209,517.7361000096425,0.650699992547743,2.8763000009348616,True,272.9326217736497
RSA+AES-256,5000,4,4210,461.42010000767186,0.6813999934820458,2.984999999171123,True,272.9326217736497
RSA+AES-256,5000,4,4211,1084.006999997655,0.709700005245395,2.9834000015398487,True,272.9326217736497
RSA+AES-256,5000,4,4212,563.6000000085915,0.6589999975403771,2.973900001961738,True,272.9326217736497
RSA+AES-256,5000,4,4213,308.9567999995779,0.705400001606904,2.9729000088991597,True,272.9326217736497
RSA+AES-256,5000,4,4214,675.0052999996115,0.6064000044716522,2.943500003311783,True,272.9326217736497
RSA+AES-256,5000,4,4215,1284.4261999998707,0.6513999978778884,2.9578000103356317,True,272.9326217736497
RSA+AES-256,5000,4,4216,508.43580000218935,0.6556999869644642,2.926299988757819,True,272.9326217736497
RSA+AES-256,5000,4,4217,471.3880000053905,0.7048999977996573,3.005600010510534,True,272.9326217736497
RSA+AES-256,5000,4,4218,522.3770000011427,0.7010999979684129,3.017900002305396,True,272.9326217736497
RSA+AES-256,5000,4,4219,496.9310000014957,0.6787000020267442,2.975499999593012,True,272.9326217736497
RSA+AES-256,5000,4,4220,525.8789999934379,0.6584000075235963,2.9384999943431467,True,272.9326217736497
RSA+AES-256,5000,4,4221,163.54339999088552,0.5922999989707023,2.9294999985722825,True,272.9326217736497
RSA+AES-256,5000,4,4222,402.1733999979915,0.6671000010101125,2.9815999878337607,True,272.9326217736497
RSA+AES-256,5000,4,4223,250.45189999218564,0.6266999989748001,2.9651000077137724,True,272.9326217736497
RSA+AES-256,5000,4,4224,622.6489000109723,0.6828000041423365,2.8759000124409795,True,272.9326217736497
RSA+AES-256,5000,4,4225,192.8126999991946,0.6676000048173591,2.90169999061618,True,272.9326217736497
RSA+AES-256,5000,4,4226,558.4697000012966,0.6825999880675226,2.9867999983252957,True,272.9326217736497
RSA+AES-256,5000,4,4227,1430.123199999798,0.6364000000758097,2.958899989607744,True,272.9326217736497
RSA+AES-256,5000,4,4228,593.3748999959789,0.6548000092152506,2.9590000049211085,True,272.9326217736497
RSA+AES-256,5000,4,4229,1398.1773999985307,0.6263999966904521,3.001599994604476,True,272.9326217736497
RSA+AES-256,5000,4,4230,818.0102000042098,0.6762999983038753,2.9312999977264553,True,272.9326217736497
RSA+AES-256,5000,4,4231,1015.0027999916347,0.6661000079475343,2.9500999953597784,True,272.9326217736497
RSA+AES-256,5000,4,4232,500.4005000082543,0.687299994751811,2.960099998745136,True,272.9326217736497
RSA+AES-256,5000,4,4233,568.0771000043023,0.6812000065110624,2.9811999993398786,True,272.9326217736497
RSA+AES-256,5000,4,4234,1371.9351000036113,0.71189999289345,2.9906000127084553,True,272.9326217736497
RSA+AES-256,5000,4,4235,983.4482000005664,0.6198000046424568,3.018899995367974,True,272.9326217736497
RSA+AES-256,5000,4,4236,1062.9440000047907,0.6772000051569194,2.950900001451373,True,272.9326217736497
RSA+AES-256,5000,4,4237,167.0072999986587,0.7287000044016168,3.0627999949501827,True,272.9326217736497
RSA+AES-256,5000,4,4238,295.97849999845494,0.6182000070111826,2.961599995614961,True,272.9326217736497
RSA+AES-256,5000,4,4239,638.4467000025325,0.6672999879810959,2.97510001109913,True,272.9326217736497
RSA+AES-256,5000,4,4240,1942.4563999928068,0.6923000037204474,2.9061999957775697,True,272.9326217736497
RSA+AES-256,5000,4,4241,1386.3836999953492,0.6895999977132306,2.9805999947711825,True,272.9326217736497
RSA+AES-256,5000,4,4242,659.8747000098228,0.6638999911956489,2.9460999940056354,True,272.9326217736497
RSA+AES-256,5000,4,4243,1501.3792000099784,0.6681999948341399,2.9712999967159703,True,272.9326217736497
RSA+AES-256,5000,4,4244,1106.3447000051383,0.6672000017715618,2.8789999923901632,True,272.9326217736497
RSA+AES-256,5000,4,4245,769.198599999072,0.6628999981330708,2.974599992739968,True,272.9326217736497
RSA+AES-256,5000,4,4246,855.8265000028769,0.6797999958507717,2.958199998829514,True,272.9326217736497
RSA+AES-256,5000,4,4247,224.94450000522193,0.6633999873884022,2.9421999934129417,True,272.9326217736497
RSA+AES-256,5000,4,4248,192.9281000047922,0.6335000070976093,2.908099995693192,True,272.9326217736497
RSA+AES-256,5000,4,4249,454.7117999900365,0.6131000118330121,2.9513000044971704,True,272.9326217736497
RSA+AES-256,5000,4,4250,394.40180000383407,0.6985999934840947,2.8854999982286245,True,272.9326217736497
RSA+AES-256,5000,4,4251,694.6846000064397,0.7129000005079433,2.895199999329634,True,272.9326217736497
RSA+AES-256,5000,4,4252,199.17829999758396,0.658099990687333,3.0155000131344423,True,272.9326217736497
RSA+AES-256,5000,4,4253,1003.4011999960057,0.6858999986434355,2.95949999417644,True,272.9326217736497
RSA+AES-256,5000,4,4254,46.078100000158884,0.5758000042987987,2.909300004830584,True,272.9326217736497
RSA+AES-256,5000,4,4255,412.6999000000069,0.6648999988101423,3.1669000018155202,True,272.9326217736497
RSA+AES-256,5000,4,4256,1305.9210000064922,0.658600009046495,2.9015000036451966,True,272.9326217736497
RSA+AES-256,5000,4,4257,523.7583999987692,0.6412000075215474,3.257200005464256,True,272.9326217736497
RSA+AES-256,5000,4,4258,723.1045000080485,0.6641999934799969,2.91950000973884,True,272.9326217736497
RSA+AES-256,5000,4,4259,1028.9518000063254,0.6622999935643747,2.9058999934932217,True,272.9326217736497
RSA+AES-256,5000,4,4260,628.3586000063224,0.6816999957663938,2.8863999905297533,True,272.9326217736497
RSA+AES-256,5000,4,4261,669.7500000009313,0.668799999402836,2.959200006444007,True,272.9326217736497
RSA+AES-256,5000,4,4262,437.3883000080241,0.6699000077787787,3.008400002727285,True,272.9326217736497
RSA+AES-256,5000,4,4263,249.10709999676328,0.6670000002486631,2.967499996884726,True,272.9326217736497
RSA+AES-256,5000,4,4264,811.2238000030629,0.6671999872196466,3.1660999957239255,True,272.9326217736497
RSA+AES-256,5000,4,4265,1702.7307999960613,0.6537000008393079,2.8796999977203086,True,272.9326217736497
RSA+AES-256,5000,4,4266,1461.7016999982297,0.675899995258078,2.9481999954441562,True,272.9326217736497
RSA+AES-256,5000,4,4267,358.9134999929229,0.683899997966364,2.9919999942649156,True,272.9326217736497
RSA+AES-256,5000,4,4268,333.11379999213386,0.6538000016007572,2.9240000003483146,True,272.9326217736497
RSA+AES-256,5000,4,4269,252.77269999787677,0.6813000072725117,2.9261000017868355,True,272.9326217736497
RSA+AES-256,5000,4,4270,393.42649999889545,0.6276999920373783,2.9544999997597188,True,272.9326217736497
RSA+AES-256,5000,4,4271,1335.4104999889387,0.6739000091329217,2.9833000007783994,True,272.9326217736497
RSA+AES-256,5000,4,4272,630.8791000046767,0.661700003547594,2.8904999926453456,True,272.9326217736497
RSA+AES-256,5000,4,4273,277.812600004836,0.7006999949226156,2.9869999998481944,True,272.9326217736497
RSA+AES-256,5000,4,4274,529.1025999904377,0.6725999992340803,3.0417999951168895,True,272.9326217736497
RSA+AES-256,5000,4,4275,132.39809998776764,0.6762000120943412,2.9504999984055758,True,272.9326217736497
RSA+AES-256,5000,4,4276,394.6857999981148,0.6637000042246655,2.9765000072075054,True,272.9326217736497
RSA+AES-256,5000,4,4277,1477.4012999987463,0.6989999965298921,2.9869999998481944,True,272.9326217736497
RSA+AES-256,5000,4,4278,494.54910001077224,0.6977000011829659,3.135499995551072,True,272.9326217736497
RSA+AES-256,5000,4,4279,516.8118000001414,0.6271000020205975,3.0667000100947917,True,272.9326217736497
RSA+AES-256,5000,4,4280,1131.3911999895936,0.665400002617389,2.9643000016221777,True,272.9326217736497
RSA+AES-256,5000,4,4281,631.0493999917526,0.6637000042246655,3.0953999958001077,True,272.9326217736497
RSA+AES-256,5000,4,4282,1973.039600008633,0.7035999879008159,3.00989999959711,True,272.9326217736497
RSA+AES-256,5000,4,4283,453.2119999930728,0.6545000069309026,2.874899990274571,True,272.9326217736497
RSA+AES-256,5000,4,4284,443.5897999937879,0.6500000017695129,2.902299995184876,True,272.9326217736497
RSA+AES-256,5000,4,4285,861.7225000052713,0.6710999878123403,2.928699992480688,True,272.9326217736497
RSA+AES-256,5000,4,4286,181.8329000088852,0.5957999965175986,2.910999988671392,True,272.9326217736497
RSA+AES-256,5000,4,4287,851.9178999995347,0.6635999889113009,2.9568000027211383,True,272.9326217736497
RSA+AES-256,5000,4,4288,391.4338000031421,0.7072000007610768,2.8763000009348616,True,272.9326217736497
RSA+AES-256,5000,4,4289,853.6501000053249,0.6635999889113009,3.5961000103270635,True,272.9326217736497
RSA+AES-256,5000,4,4290,639.6786000113934,0.6642999942414463,3.0735000036656857,True,272.9326217736497
RSA+AES-256,5000,4,4291,277.9162000078941,0.6111999973654747,2.9089000017847866,True,272.9326217736497
RSA+AES-256,5000,4,4292,601.4619000052335,0.6567999953404069,2.9092000040691346,True,272.9326217736497
RSA+AES-256,5000,4,4293,595.2536999975564,0.6960999889997765,3.0312999879242852,True,272.9326217736497
RSA+AES-256,5000,4,4294,774.2156000022078,0.6810000049881637,2.9097999940859154,True,272.9326217736497
RSA+AES-256,5000,4,4295,1267.1563000039896,0.6212000007508323,3.0149999947752804,True,272.9326217736497
RSA+AES-256,5000,4,4296,376.09730000258423,0.6668999994872138,2.9667999915545806,True,272.9326217736497
RSA+AES-256,5000,4,4297,183.8487999921199,0.6250000005820766,2.8725000011036173,True,272.9326217736497
RSA+AES-256,5000,4,4298,440.0478000025032,0.6618000043090433,2.8756000101566315,True,272.9326217736497
RSA+AES-256,5000,4,4299,403.5248000000138,0.6677999917883426,2.9599999979836866,True,272.9326217736497
RSA+AES-256,5000,4,4300,1504.1549000015948,0.6770000036340207,2.969399996800348,True,272.9326217736497
RSA+AES-256,5000,4,4301,595.1559999957681,0.6055999983800575,2.940799997304566,True,272.9326217736497
RSA+AES-256,5000,4,4302,331.49940001021605,0.6771999906050041,2.9731999966315925,True,272.9326217736497
RSA+AES-256,5000,4,4303,221.8321999971522,0.6823000003350899,2.9789999971399084,True,272.9326217736497
RSA+AES-256,5000,4,4304,197.34739999694284,0.5986000032862648,2.854800011846237,True,272.9326217736497
RSA+AES-256,5000,4,4305,169.36480000731535,0.6784999859519303,2.972700007376261,True,272.9326217736497
RSA+AES-256,5000,4,4306,1149.907400002121,0.6424999883165583,2.976199990371242,True,272.9326217736497
RSA+AES-256,5000,4,4307,417.13280000840314,0.6696000054944307,3.044400000362657,True,272.9326217736497
RSA+AES-256,5000,4,4308,529.4536000001244,0.6785000005038455,2.9568000027211383,True,272.9326217736497
RSA+AES-256,5000,4,4309,1201.4186000014888,0.6930999952601269,2.9166000022087246,True,272.9326217736497
RSA+AES-256,5000,4,4310,732.6803000032669,0.6735000060871243,2.9283000039868057,True,272.9326217736497
RSA+AES-256,5000,4,4311,176.63370000082068,0.665100000333041,3.056799992918968,True,272.9326217736497
RSA+AES-256,5000,4,4312,891.2889000057476,0.6690000009257346,2.960400001029484,True,272.9326217736497
RSA+AES-256,5000,4,4313,349.8093000089284,0.6629999988945201,2.9431000002659857,True,272.9326217736497
RSA+AES-256,5000,4,4314,265.34410000022035,0.6467000057455152,2.9614999948535115,True,272.9326217736497
RSA+AES-256,5000,4,4315,531.0544999956619,0.6665999972028658,2.9507999861380085,True,272.9326217736497
RSA+AES-256,5000,4,4316,789.4127000035951,0.6884000031277537,2.9434000025503337,True,272.9326217736497
RSA+AES-256,5000,4,4317,568.0269000004046,0.6786000012652948,2.9544999997597188,True,272.9326217736497
RSA+AES-256,5000,4,4318,762.3373000096763,0.7880000048317015,2.964999992400408,True,272.9326217736497
RSA+AES-256,5000,4,4319,1169.3718000024091,0.6493000109912828,2.855800004908815,True,272.9326217736497
RSA+AES-256,5000,4,4320,227.19809999398421,0.6609000120079145,2.8898000018671155,True,272.9326217736497
RSA+AES-256,5000,4,4321,313.7397999962559,0.6503000040538609,2.9857000045012683,True,272.9326217736497
RSA+AES-256,5000,4,4322,226.06060000543948,0.6117000011727214,2.948099994682707,True,272.9326217736497
RSA+AES-256,5000,4,4323,1169.8027000093134,0.680199998896569,2.9141999984858558,True,272.9326217736497
RSA+AES-256,5000,4,4324,358.51890000049025,0.6816000095568597,3.0746999982511625,True,272.9326217736497
RSA+AES-256,5000,4,4325,1768.5438000044087,0.6539999885717407,2.8946999955223873,True,272.9326217736497
RSA+AES-256,5000,4,4326,188.9727999950992,0.6530000100610778,2.8771000070264563,True,272.9326217736497
RSA+AES-256,5000,4,4327,343.12380000483245,0.6921999884070829,3.0123000033199787,True,272.9326217736497
RSA+AES-256,5000,4,4328,757.9518999991706,0.7449999975506216,2.9934000049252063,True,272.9326217736497
RSA+AES-256,5000,4,4329,413.8226999930339,0.6762000120943412,3.044400000362657,True,272.9326217736497
RSA+AES-256,5000,4,4330,528.0166000011377,0.6381999992299825,3.00470000365749,True,272.9326217736497
RSA+AES-256,5000,4,4331,234.7081000043545,0.6652000010944903,3.35139999515377,True,272.9326217736497
RSA+AES-256,5000,4,4332,3278.295900003286,0.6758000090485439,3.0983000033302233,True,272.9326217736497
RSA+AES-256,5000,4,4333,1283.80279999692,0.669100001687184,2.9593999934149906,True,272.9326217736497
RSA+AES-256,5000,4,4334,1722.4569999962114,0.6809000042267144,2.9765000072075054,True,272.9326217736497
RSA+AES-256,5000,4,4335,368.8354000041727,0.6137000018497929,2.9760000034002587,True,272.9326217736497
RSA+AES-256,5000,4,4336,963.074899991625,0.6624999950872734,2.9094999918015674,True,272.9326217736497
RSA+AES-256,5000,4,4337,1220.1620999985607,0.6740999961039051,2.9657999984920025,True,272.9326217736497
RSA+AES-256,5000,4,4338,234.0334000036819,0.6362999993143603,3.008999992744066,True,272.9326217736497
RSA+AES-256,5000,4,4339,1196.7027000064263,0.6943000043975189,2.951800008304417,True,272.9326217736497
RSA+AES-256,5000,4,4340,293.1544000020949,0.6940000021131709,2.91730000753887,True,272.9326217736497
RSA+AES-256,5000,4,4341,573.9324999885866,0.6999000033829361,2.976799994939938,True,272.9326217736497
RSA+AES-256,5000,4,4342,156.14919998915866,0.6441000004997477,2.977399999508634,True,272.9326217736497
RSA+AES-256,5000,4,4343,1095.631100004539,0.6823000003350899,3.111800004262477,True,272.9326217736497
RSA+AES-256,5000,4,4344,392.7592999971239,0.6738999945810065,2.9624000017065555,True,272.9326217736497
RSA+AES-256,5000,4,4345,495.4072999971686,0.6843000010121614,2.9840000061085448,True,272.9326217736497
RSA+AES-256,5000,4,4346,631.1810000042897,0.6670000002486631,3.0072999943513423,True,272.9326217736497
RSA+AES-256,5000,4,4347,1159.289200004423,0.6600999913644046,3.0368000007001683,True,272.9326217736497
RSA+AES-256,5000,4,4348,190.8263000077568,0.6903000030433759,2.991100001963787,True,272.9326217736497
RSA+AES-256,5000,4,4349,1011.8354000005638,0.6850999925518408,2.9894000035710633,True,272.9326217736497
RSA+AES-256,5000,4,4350,125.18350000027567,0.6237999914446846,2.88169999839738,True,272.9326217736497
RSA+AES-256,5000,4,4351,1671.281300004921,0.6598000036319718,2.8759999986505136,True,272.9326217736497
RSA+AES-256,5000,4,4352,385.0144000025466,0.66970000625588,3.0116999987512827,True,272.9326217736497
RSA+AES-256,5000,4,4353,243.02860000170767,0.6597999890800565,2.9670000076293945,True,272.9326217736497
RSA+AES-256,5000,4,4354,727.5348999974085,0.675299990689382,3.011799999512732,True,272.9326217736497
RSA+AES-256,5000,4,4355,181.17469998833258,0.6513999978778884,2.9394000011961907,True,272.9326217736497
RSA+AES-256,5000,4,4356,608.8266000006115,0.6679999933112413,2.9676999984076247,True,272.9326217736497
RSA+AES-256,5000,4,4357,384.9614000064321,0.684200000250712,2.9497999930754304,True,272.9326217736497
RSA+AES-256,5000,4,4358,273.2945000025211,0.6804000004194677,2.9707999929087237,True,272.9326217736497
RSA+AES-256,5000,4,4359,246.98200001148507,0.603899999987334,2.8670000028796494,True,272.9326217736497
RSA+AES-256,5000,4,4360,689.7740999993403,0.6898999999975786,3.037899994524196,True,272.9326217736497
RSA+AES-256,5000,4,4361,229.39639999822248,0.6256000051507726,2.921999999671243,True,272.9326217736497
RSA+AES-256,5000,4,4362,484.4888999941759,0.6810000049881637,2.9458999924827367,True,272.9326217736497
RSA+AES-256,5000,4,4363,470.865600000252,0.6745999999111518,2.9433000017888844,True,272.9326217736497
RSA+AES-256,5000,4,4364,811.2318000057712,0.595899997279048,3.0162000039126724,True,272.9326217736497
RSA+AES-256,5000,4,4365,302.88699999800883,0.644200001261197,2.928799993242137,True,272.9326217736497
RSA+AES-256,5000,4,4366,811.181500001112,0.8095999946817756,3.165899994201027,True,272.9326217736497
RSA+AES-256,5000,4,4367,569.8418999963906,0.6846999895060435,2.9794000001857057,True,272.9326217736497
RSA+AES-256,5000,4,4368,1206.6731999948388,0.6686999986413866,2.959200006444007,True,272.9326217736497
RSA+AES-256,5000,4,4369,180.0070000026608,0.6624999950872734,2.98389999079518,True,272.9326217736497
RSA+AES-256,5000,4,4370,338.46050000283867,0.687899999320507,3.029699990293011,True,272.9326217736497
RSA+AES-256,5000,4,4371,566.0257999988971,0.6845999887445942,2.8888999950140715,True,272.9326217736497
RSA+AES-256,5000,4,4372,1078.5506999964127,0.6787000020267442,2.9386999958660454,True,272.9326217736497
RSA+AES-256,5000,4,4373,320.77140000183135,0.6588999967789277,2.9249000072013587,True,272.9326217736497
RSA+AES-256,5000,4,4374,257.51529999251943,0.7156000065151602,2.9710999951930717,True,272.9326217736497
RSA+AES-256,5000,4,4375,401.78490000835154,0.7108999998308718,2.998299998580478,True,272.9326217736497
RSA+AES-256,5000,4,4376,353.0555000033928,0.6456000119214877,2.864099995349534,True,272.9326217736497
RSA+AES-256,5000,4,4377,411.2866000068607,0.6110999966040254,2.923799998825416,True,272.9326217736497
RSA+AES-256,5000,4,4378,357.67900000791997,0.6658000056631863,2.922800005762838,True,272.9326217736497
RSA+AES-256,5000,4,4379,243.84189999545924,0.6231000006664544,3.008100000442937,True,272.9326217736497
RSA+AES-256,5000,4,4380,306.3588999939384,0.6883999885758385,3.0035999952815473,True,272.9326217736497
RSA+AES-256,5000,4,4381,1077.4208000075305,0.6673000025330111,3.317599999718368,True,272.9326217736497
RSA+AES-256,5000,4,4382,289.89839999121614,0.6309000018518418,2.926200002548285,True,272.9326217736497
RSA+AES-256,5000,4,4383,837.6406000024872,0.6708000000799075,2.883100009057671,True,272.9326217736497
RSA+AES-256,5000,4,4384,66.60399999236688,0.5711999983759597,2.9387999966274947,True,272.9326217736497
RSA+AES-256,5000,4,4385,857.3359000001801,0.6667999987257645,3.191700001480058,True,272.9326217736497
RSA+AES-256,5000,4,4386,1366.7368000023998,0.6815999950049445,2.9633999947691336,True,272.9326217736497
RSA+AES-256,5000,4,4387,641.9372999953339,0.6659000064246356,2.9437000048346817,True,272.9326217736497
RSA+AES-256,5000,4,4388,796.4558000094257,0.6896999984746799,2.9587000026367605,True,272.9326217736497
RSA+AES-256,5000,4,4389,2269.6682999958284,0.6586999952560291,2.9279000009410083,True,272.9326217736497
RSA+AES-256,5000,4,4390,518.5739000007743,0.6940000021131709,2.9488000000128523,True,272.9326217736497
RSA+AES-256,5000,4,4391,97.1309000015026,0.6886000046506524,2.95429999823682,True,272.9326217736497
RSA+AES-256,5000,4,4392,138.09880000189878,0.5838000070070848,2.856799997971393,True,272.9326217736497
RSA+AES-256,5000,4,4393,1245.8588000008604,0.6925999914528802,2.891599986469373,True,272.9326217736497
RSA+AES-256,5000,4,4394,912.1561999927508,0.644800005829893,2.9467999993357807,True,272.9326217736497
RSA+AES-256,5000,4,4395,401.9489999918733,0.6704999977955595,2.980499994009733,True,272.9326217736497
RSA+AES-256,5000,4,4396,817.7552999986801,0.6881000008434057,2.9740999889327213,True,272.9326217736497
RSA+AES-256,5000,4,4397,50.3379000001587,0.5680000031134114,2.9587000026367605,True,272.9326217736497
RSA+AES-256,5000,4,4398,659.2754000012064,0.6704999977955595,2.9876999906264246,True,272.9326217736497
RSA+AES-256,5000,4,4399,303.2222999900114,0.6569999968633056,3.0464000010397285,True,272.9326217736497
RSA+AES-256,5000,4,4400,440.3023999911966,0.6804000004194677,2.985900006024167,True,272.9326217736497
RSA+AES-256,5000,4,4401,662.7102999918861,0.6876999977976084,3.013599998666905,True,272.9326217736497
RSA+AES-256,5000,4,4402,249.37689999933355,0.6675000040559098,3.021299999090843,True,272.9326217736497
RSA+AES-256,5000,4,4403,1101.4995000005001,0.6880000000819564,2.9918999935034662,True,272.9326217736497
RSA+AES-256,5000,4,4404,1093.5879000026034,0.6951999966986477,3.0024000006960705,True,272.9326217736497
RSA+AES-256,5000,4,4405,664.0977000060957,0.665100000333041,2.956799988169223,True,272.9326217736497
RSA+AES-256,5000,4,4406,1142.1128000074532,0.6799999973736703,2.9918999935034662,True,272.9326217736497
RSA+AES-256,5000,4,4407,1761.7219999956433,0.6944000051589683,2.9140999977244064,True,272.9326217736497
RSA+AES-256,5000,4,4408,1050.9661999967648,0.68450000253506,2.9202000005170703,True,272.9326217736497
RSA+AES-256,5000,4,4409,566.068300002371,0.6617999897571281,2.9002999945078045,True,272.9326217736497
RSA+AES-256,5000,4,4410,450.25219999661203,0.6673000025330111,2.9179999983171,True,272.9326217736497
RSA+AES-256,5000,4,4411,1521.711499997764,0.6410000059986487,2.995200004079379,True,272.9326217736497
RSA+AES-256,5000,4,4412,299.77310000685975,0.6769000028725713,3.010300002642907,True,272.9326217736497
RSA+AES-256,5000,4,4413,895.7216999988304,0.6626999966101721,2.8975000022910535,True,272.9326217736497
RSA+AES-256,5000,4,4414,683.3097999915481,0.7024000078672543,3.0078999989200383,True,272.9326217736497
RSA+AES-256,5000,4,4415,555.9706000058213,0.683599995682016,2.9781000048387796,True,272.9326217736497
RSA+AES-256,5000,4,4416,549.1197999945143,0.7880999910412356,2.9906999989179894,True,272.9326217736497
RSA+AES-256,5000,4,4417,688.2143999973778,0.679599994327873,3.13579999783542,True,272.9326217736497
RSA+AES-256,5000,4,4418,750.9464000031585,0.6850999925518408,2.9876000044168904,True,272.9326217736497
RSA+AES-256,5000,4,4419,1532.5731000048108,0.6809000042267144,2.976799994939938,True,272.9326217736497
RSA+AES-256,5000,4,4420,1392.672500005574,0.6917999999132007,2.941900005680509,True,272.9326217736497
RSA+AES-256,5000,4,4421,932.3358999972697,0.6703999970341101,3.0205999937606975,True,272.9326217736497
RSA+AES-256,5000,4,4422,319.7830999997677,0.6622999935643747,2.98389999079518,True,272.9326217736497
RSA+AES-256,5000,4,4423,732.8051999938907,0.6083000043872744,2.966600004583597,True,272.9326217736497
RSA+AES-256,5000,4,4424,547.7965000027325,0.673700007610023,2.985900006024167,True,272.9326217736497
RSA+AES-256,5000,4,4425,1681.8686999904457,0.6160999910207465,2.993300004163757,True,272.9326217736497
RSA+AES-256,5000,4,4426,1108.0005000112578,0.6950999959371984,3.014599991729483,True,272.9326217736497
RSA+AES-256,5000,4,4427,782.6484000106575,0.7117000059224665,2.9240000003483146,True,272.9326217736497
RSA+AES-256,5000,4,4428,474.3931999983033,0.6678000063402578,3.002800003741868,True,272.9326217736497
RSA+AES-256,5000,4,4429,1400.8636999933515,0.655200012261048,2.962300000945106,True,272.9326217736497
RSA+AES-256,5000,4,4430,1151.607799998601,0.6703999970341101,2.9629999917233363,True,272.9326217736497
RSA+AES-256,5000,4,4431,429.77059999248013,0.6171999993966892,3.011799999512732,True,272.9326217736497
RSA+AES-256,5000,4,4432,185.09920001088176,0.6427999906009063,2.981900004670024,True,272.9326217736497
RSA+AES-256,5000,4,4433,809.724400009145,0.7618999952683225,2.9079999949317425,True,272.9326217736497
RSA+AES-256,5000,4,4434,2658.22319999279,0.6933000113349408,3.023199999006465,True,272.9326217736497
RSA+AES-256,5000,4,4435,966.3944000058109,0.665400002617389,2.883499997551553,True,272.9326217736497
RSA+AES-256,5000,4,4436,536.4374999917345,0.6795000081183389,2.8821000014431775,True,272.9326217736497
RSA+AES-256,5000,4,4437,749.2483000096399,0.6813000072725117,2.9950000025564805,True,272.9326217736497
RSA+AES-256,5000,4,4438,754.6360999986064,0.6773999921279028,2.9826999962097034,True,272.9326217736497
RSA+AES-256,5000,4,4439,134.03410000319127,0.6462000019382685,2.961999998660758,True,272.9326217736497
RSA+AES-256,5000,4,4440,1455.9160999924643,0.6720999954268336,2.9396999889286235,True,272.9326217736497
RSA+AES-256,5000,4,4441,896.0143000003882,0.6120999896666035,2.9685999907087535,True,272.9326217736497
RSA+AES-256,5000,4,4442,1240.6998999940697,0.6681999948341399,2.9243000026326627,True,272.9326217736497
RSA+AES-256,5000,4,4443,620.7906000054209,0.6598999898415059,2.900699997553602,True,272.9326217736497
RSA+AES-256,5000,4,4444,230.58239999227226,0.6732000038027763,2.9898000066168606,True,272.9326217736497
RSA+AES-256,5000,4,4445,1766.497699994943,0.6121000042185187,2.921999999671243,True,272.9326217736497
RSA+AES-256,5000,4,4446,760.0455999927362,0.6821999995736405,2.980399993248284,True,272.9326217736497
RSA+AES-256,5000,4,4447,396.68159998836927,0.6905000045662746,2.9709999944316223,True,272.9326217736497
RSA+AES-256,5000,4,4448,771.5391000092495,0.686999992467463,2.845000009983778,True,272.9326217736497
RSA+AES-256,5000,4,4449,672.706700002891,0.6714000046486035,2.9448999994201586,True,272.9326217736497
RSA+AES-256,5000,4,4450,531.4335000002757,0.6659000064246356,2.9966000001877546,True,272.9326217736497
RSA+AES-256,5000,4,4451,156.2266999972053,0.6149000109871849,2.912399999331683,True,272.9326217736497
RSA+AES-256,5000,4,4452,960.0563999993028,0.6886000046506524,2.9187000036472455,True,272.9326217736497
RSA+AES-256,5000,4,4453,1479.2539000045508,0.7341000018641353,2.9692000098293647,True,272.9326217736497
RSA+AES-256,5000,4,4454,249.79780000285245,0.6635000027017668,2.9061000095680356,True,272.9326217736497
RSA+AES-256,5000,4,4455,342.4890000023879,0.6640000065090135,2.9720000020461157,True,272.9326217736497
RSA+AES-256,5000,4,4456,406.19220001099166,0.6735999922966585,2.9925999988336116,True,272.9326217736497
RSA+AES-256,5000,4,4457,1487.534500003676,0.6919000006746501,3.0091000080574304,True,272.9326217736497
RSA+AES-256,5000,4,4458,612.5575000041863,0.7178000087151304,3.009099993505515,True,272.9326217736497
RSA+AES-256,5000,4,4459,607.7871000015875,0.6657999911112711,2.9082000110065565,True,272.9326217736497
RSA+AES-256,5000,4,4460,428.71690000174567,0.6836000102339312,3.021299999090843,True,272.9326217736497
RSA+AES-256,5000,4,4461,820.3758000017842,0.698000003467314,2.975199997308664,True,272.9326217736497
RSA+AES-256,5000,4,4462,278.83370000927243,0.6677999917883426,2.943500003311783,True,272.9326217736497
RSA+AES-256,5000,4,4463,466.72560001024976,0.6804000004194677,2.8912999987369403,True,272.9326217736497
RSA+AES-256,5000,4,4464,731.9512999965809,0.7153000042308122,2.9307000077096745,True,272.9326217736497
RSA+AES-256,5000,4,4465,1691.160200003651,0.6068999937269837,2.949099987745285,True,272.9326217736497
RSA+AES-256,5000,4,4466,407.87060000002384,0.6962999905226752,3.041300005861558,True,272.9326217736497
RSA+AES-256,5000,4,4467,123.67960000119638,0.6099000020185485,3.811900009168312,True,272.9326217736497
RSA+AES-256,5000,4,4468,666.9084999884944,0.7081000076141208,3.078599998843856,True,272.9326217736497
RSA+AES-256,5000,4,4469,378.8924999971641,0.6610999989788979,2.940099991974421,True,272.9326217736497
RSA+AES-256,5000,4,4470,340.7088000094518,0.6915999983903021,3.004099999088794,True,272.9326217736497
RSA+AES-256,5000,4,4471,319.52580000506714,0.6767000013496727,2.9741000034846365,True,272.9326217736497
RSA+AES-256,5000,4,4472,449.261400004616,0.6695000047329813,2.9771999979857355,True,272.9326217736497
RSA+AES-256,5000,4,4473,1972.3748999967938,0.8369999995920807,2.9904999973950908,True,272.9326217736497
RSA+AES-256,5000,4,4474,428.9905999903567,0.6929000082891434,3.0257000034907833,True,272.9326217736497
RSA+AES-256,5000,4,4475,674.6948000072734,0.6673999887425452,2.9603000002680346,True,272.9326217736497
RSA+AES-256,5000,4,4476,1204.3738000065787,0.7044000085443258,2.9636999970534816,True,272.9326217736497
RSA+AES-256,5000,4,4477,1023.3843000023626,0.6181000062497333,2.9592999926535413,True,272.9326217736497
RSA+AES-256,5000,4,4478,719.66390000307,0.6786000012652948,2.9953000048408285,True,272.9326217736497
RSA+AES-256,5000,4,4479,1049.215599996387,0.6587999960174784,2.9805000085616484,True,272.9326217736497
RSA+AES-256,5000,4,4480,735.1924999966286,0.6881000008434057,3.039400005945936,True,272.9326217736497
RSA+AES-256,5000,4,4481,848.9451000059489,0.6660999933956191,2.9889999859733507,True,272.9326217736497
RSA+AES-256,5000,4,4482,331.6828999959398,0.6812999927205965,3.0849000031594187,True,272.9326217736497
RSA+AES-256,5000,4,4483,740.54349999642,0.7070999999996275,3.0247999966377392,True,272.9326217736497
RSA+AES-256,5000,4,4484,273.00040000409354,0.637100005405955,2.9852000006940216,True,272.9326217736497
RSA+AES-256,5000,4,4485,50.60659999435302,0.6255000043893233,2.9778000025544316,True,272.9326217736497
RSA+AES-256,5000,4,4486,408.33459999703337,0.6641999934799969,2.9580999980680645,True,272.9326217736497
RSA+AES-256,5000,4,4487,285.2262999949744,0.6437999982153997,2.918500002124347,True,272.9326217736497
RSA+AES-256,5000,4,4488,559.43130000378,0.7547999994130805,3.0520000000251457,True,272.9326217736497
RSA+AES-256,5000,4,4489,686.7735999985598,0.672199996188283,2.928700007032603,True,272.9326217736497
RSA+AES-256,5000,4,4490,398.8127000047825,0.6451999943237752,2.964999992400408,True,272.9326217736497
RSA+AES-256,5000,4,4491,291.05350001191255,0.6931000098120421,3.020699994522147,True,272.9326217736497
RSA+AES-256,5000,4,4492,509.04250000894535,0.6848000048194081,3.029699990293011,True,272.9326217736497
RSA+AES-256,5000,4,4493,188.89170000329614,0.6843000010121614,2.969900000607595,True,272.9326217736497
RSA+AES-256,5000,4,4494,337.043999999878,0.7019000040600076,2.970800007460639,True,272.9326217736497
RSA+AES-256,5000,4,4495,908.1193000019994,0.6616999889956787,2.9045999981462955,True,272.9326217736497
RSA+AES-256,5000,4,4496,1199.579599997378,0.7097999914549291,2.9424999956972897,True,272.9326217736497
RSA+AES-256,5000,4,4497,913.1559999950696,0.6201000069268048,2.9904999973950908,True,272.9326217736497
RSA+AES-256,5000,4,4498,587.8836000047158,0.6858999986434355,3.0014000076334924,True,272.9326217736497
RSA+AES-256,5000,4,4499,279.30160000687465,0.6682999955955893,2.92990000161808,True,272.9326217736497
RSA+AES-256,5000,4,4500,1518.280500007677,0.6681000086246058,2.930000002379529,True,272.9326217736497
RSA+AES-256,5000,4,4501,517.6275999983773,0.6670000002486631,3.07510000129696,True,272.9326217736497
RSA+AES-256,5000,4,4502,359.50589999265503,0.6563000060850754,3.180600004270673,True,272.9326217736497
RSA+AES-256,5000,4,4503,1333.374099995126,0.6802999996580184,2.9977999947732314,True,272.9326217736497
RSA+AES-256,5000,4,4504,594.2422000080114,0.6843000010121614,2.9719000012846664,True,272.9326217736497
RSA+AES-256,5000,4,4505,845.4099000082351,0.6639999919570982,2.897700003813952,True,272.9326217736497
RSA+AES-256,5000,4,4506,553.0698000075063,0.7086999976309016,2.948699999251403,True,272.9326217736497
RSA+AES-256,5000,4,4507,386.97189999220427,0.6953999982215464,3.0236000020522624,True,272.9326217736497
RSA+AES-256,5000,4,4508,581.2861000013072,0.6316000071819872,3.0454999941866845,True,272.9326217736497
RSA+AES-256,5000,4,4509,125.21090000518598,0.608200003625825,3.010000000358559,True,272.9326217736497
RSA+AES-256,5000,4,4510,959.046899995883,0.647599998046644,2.9018000059295446,True,272.9326217736497
RSA+AES-256,5000,4,4511,491.9423999963328,0.6618000043090433,2.894899997045286,True,272.9326217736497
RSA+AES-256,5000,4,4512,689.8154000082286,0.683299993397668,2.9568000027211383,True,272.9326217736497
RSA+AES-256,5000,4,4513,859.0240999910748,0.6563000060850754,2.9024999967077747,True,272.9326217736497
RSA+AES-256,5000,4,4514,1072.981899997103,0.6511999963549897,2.8756000101566315,True,272.9326217736497
RSA+AES-256,5000,4,4515,236.56590000609867,0.6441000004997477,2.9178999975556508,True,272.9326217736497
RSA+AES-256,5000,4,4516,988.7952999997651,0.6715000054100528,2.8669000021182,True,272.9326217736497
RSA+AES-256,5000,4,4517,503.51840000075754,0.6820999988121912,2.9437000048346817,True,272.9326217736497
RSA+AES-256,5000,4,4518,1178.0460000009043,0.6673000025330111,2.882000000681728,True,272.9326217736497
RSA+AES-256,5000,4,4519,302.860600000713,0.6491999956779182,2.860399996279739,True,272.9326217736497
RSA+AES-256,5000,4,4520,353.20760001195595,0.6602999928873032,3.0637000018032268,True,272.9326217736497
RSA+AES-256,5000,4,4521,256.94220000877976,0.6538999878102913,2.975199997308664,True,272.9326217736497
RSA+AES-256,5000,4,4522,514.7178000042913,0.6600999913644046,3.0012000061105937,True,272.9326217736497
RSA+AES-256,5000,4,4523,724.2610999965109,0.6752000044798478,3.0086000042501837,True,272.9326217736497
RSA+AES-256,5000,4,4524,952.7592999947956,0.7123999967006966,3.1085999944480136,True,272.9326217736497
RSA+AES-256,5000,4,4525,324.8901000042679,0.640199999907054,2.900399995269254,True,272.9326217736497
RSA+AES-256,5000,4,4526,1392.0167000032961,0.6683999963570386,2.8986999968765303,True,272.9326217736497
RSA+AES-256,5000,4,4527,412.4332999926992,0.6614000012632459,2.961600010166876,True,272.9326217736497
RSA+AES-256,5000,4,4528,197.42219999898225,0.5755000020144507,2.926300003309734,True,272.9326217736497
RSA+AES-256,5000,4,4529,1573.3870999974897,0.6710000016028062,2.985999992233701,True,272.9326217736497
RSA+AES-256,5000,4,4530,2765.1505999965593,0.6744999991497025,2.969900000607595,True,272.9326217736497
RSA+AES-256,5000,4,4531,698.1822999950964,0.6625999958487228,2.895899990107864,True,272.9326217736497
RSA+AES-256,5000,4,4532,794.051999997464,0.7133000035537407,2.976699994178489,True,272.9326217736497
RSA+AES-256,5000,4,4533,1732.0260999986203,0.7029999978840351,3.020400006789714,True,272.9326217736497
RSA+AES-256,5000,4,4534,1191.140599999926,0.6734999915352091,2.9541000112658367,True,272.9326217736497
RSA+AES-256,5000,4,4535,739.6653000032529,0.6754999922122806,2.997600007802248,True,272.9326217736497
RSA+AES-256,5000,4,4536,846.6964999970514,0.6589999975403771,2.9879000067012385,True,272.9326217736497
RSA+AES-256,5000,4,4537,1097.3940000112634,0.6832000071881339,2.9572999919764698,True,272.9326217736497
RSA+AES-256,5000,4,4538,321.5454999881331,0.6698000070173293,2.953699993668124,True,272.9326217736497
RSA+AES-256,5000,4,4539,1306.4946999948006,0.6611999997403473,2.9249000072013587,True,272.9326217736497
RSA+AES-256,5000,4,4540,371.7968999990262,0.6850000063423067,3.0398999952012673,True,272.9326217736497
RSA+AES-256,5000,4,4541,918.4587000054307,0.6526999932248145,2.9614999948535115,True,272.9326217736497
RSA+AES-256,5000,4,4542,523.28189999389,0.647299995762296,2.9122999985702336,True,272.9326217736497
RSA+AES-256,5000,4,4543,230.75390000303742,0.6106000073486939,2.944099993328564,True,272.9326217736497
RSA+AES-256,5000,4,4544,980.0978999992367,0.6559000030392781,2.914299999247305,True,272.9326217736497
RSA+AES-256,5000,4,4545,604.0267999924254,0.6675000040559098,2.962500002468005,True,272.9326217736497
RSA+AES-256,5000,4,4546,521.6797000030056,0.6590999983018264,2.9125000000931323,True,272.9326217736497
RSA+AES-256,5000,4,4547,426.1579000012716,0.6776000082027167,2.9434000025503337,True,272.9326217736497
RSA+AES-256,5000,4,4548,734.10660000809,0.8553999941796064,3.8158000097610056,True,272.9326217736497
RSA+AES-256,5000,4,4549,333.4413999982644,0.8069000032264739,3.5876000038115308,True,272.9326217736497
RSA+AES-256,5000,4,4550,404.33459999621846,0.7479999912902713,3.309500010800548,True,272.9326217736497
RSA+AES-256,5000,4,4551,1553.8214999978663,0.6840999994892627,2.949999994598329,True,272.9326217736497
RSA+AES-256,5000,4,4552,1033.545200014487,0.6747000006726012,2.9757000011159107,True,272.9326217736497
RSA+AES-256,5000,4,4553,771.3063999981387,0.6633000011788681,2.957999997306615,True,272.9326217736497
RSA+AES-256,5000,4,4554,1254.592599987518,0.6870000070193782,3.2315999997081235,True,272.9326217736497
RSA+AES-256,5000,4,4555,281.9623999967007,0.6260999944061041,2.9672999953618273,True,272.9326217736497
RSA+AES-256,5000,4,4556,1163.170200001332,0.6730000022798777,2.91060000017751,True,272.9326217736497
RSA+AES-256,5000,4,4557,706.6841000050772,0.6831000064266846,2.991800007293932,True,272.9326217736497
RSA+AES-256,5000,4,4558,1102.4315999966348,0.7249999907799065,3.057299996726215,True,272.9326217736497
RSA+AES-256,5000,4,4559,398.8590000080876,0.6492999964393675,2.8725000011036173,True,272.9326217736497
RSA+AES-256,5000,4,4560,313.119700003881,0.7282000005943701,2.927800000179559,True,272.9326217736497
RSA+AES-256,5000,4,4561,259.4373000029009,0.6720999954268336,2.9683000029763207,True,272.9326217736497
RSA+AES-256,5000,4,4562,269.4615999935195,0.6954999989829957,3.2116000074893236,True,272.9326217736497
RSA+AES-256,5000,4,4563,1416.3009000039892,0.6460000004153699,2.8894999995827675,True,272.9326217736497
RSA+AES-256,5000,4,4564,778.3358000015141,0.6914999976288527,3.011799999512732,True,272.9326217736497
RSA+AES-256,5000,4,4565,220.05219999118708,0.7176999934017658,3.0599000019719824,True,272.9326217736497
RSA+AES-256,5000,4,4566,982.6715999952285,0.6772000051569194,2.883499997551553,True,272.9326217736497
RSA+AES-256,5000,4,4567,2498.621299993829,0.5816999910166487,2.8686000005109236,True,272.9326217736497
RSA+AES-256,5000,4,4568,858.4892000071704,0.6611999997403473,2.9504999984055758,True,272.9326217736497
RSA+AES-256,5000,4,4569,955.745899991598,0.7098000060068443,3.0491000070469454,True,272.9326217736497
RSA+AES-256,5000,4,4570,666.8414000014309,0.6932999967830256,3.018299990799278,True,272.9326217736497
RSA+AES-256,5000,4,4571,763.8074999995297,0.6971999973757192,3.4585000103106722,True,272.9326217736497
RSA+AES-256,5000,4,4572,571.4635000040289,0.6856999971205369,3.0227000097511336,True,272.9326217736497
RSA+AES-256,5000,4,4573,293.6237000103574,0.6523999909404665,2.9869999998481944,True,272.9326217736497
RSA+AES-256,5000,4,4574,847.1031000080984,0.7288000051630661,3.0115999979898334,True,272.9326217736497
RSA+AES-256,5000,4,4575,357.8990999958478,0.7558000070275739,2.9501000099116936,True,272.9326217736497
RSA+AES-256,5000,4,4576,250.84079999942333,0.6648999988101423,2.9320000030566007,True,272.9326217736497
RSA+AES-256,5000,4,4577,576.188999999431,0.7081000076141208,2.9310999962035567,True,272.9326217736497
RSA+AES-256,5000,4,4578,787.1385000034934,0.6957000005058944,3.042500000447035,True,272.9326217736497
RSA+AES-256,5000,4,4579,487.1201000059955,0.6819999980507419,3.5364999930607155,True,272.9326217736497
RSA+AES-256,5000,4,4580,308.97480000567157,0.6881000008434057,2.9818999901181087,True,272.9326217736497
RSA+AES-256,5000,4,4581,518.9627999934601,0.6700999947497621,2.928100002463907,True,272.9326217736497
RSA+AES-256,5000,4,4582,755.4371000005631,0.6197000038810074,3.0067000043345615,True,272.9326217736497
RSA+AES-256,5000,4,4583,355.64789999625646,0.6748000014340505,2.9614000086439773,True,272.9326217736497
RSA+AES-256,5000,4,4584,597.5481000059517,0.6547999946633354,2.8848000074503943,True,272.9326217736497
RSA+AES-256,5000,4,4585,253.54410000727512,0.6462999881478027,2.872700002626516,True,272.9326217736497
RSA+AES-256,5000,4,4586,401.96680001099594,0.6608000112464651,2.912700001616031,True,272.9326217736497
RSA+AES-256,5000,4,4587,659.4462000066414,0.6606000097235665,2.98250000923872,True,272.9326217736497
RSA+AES-256,5000,4,4588,1874.2987000005087,0.6919000006746501,3.00250000145752,True,272.9326217736497
RSA+AES-256,5000,4,4589,416.2691000092309,0.6141999911051244,2.9753999988315627,True,272.9326217736497
RSA+AES-256,5000,4,4590,305.4705999966245,0.6282999966060743,2.9145000007702038,True,272.9326217736497
RSA+AES-256,5000,4,4591,1696.2888999987626,0.7100999937392771,3.028999999514781,True,272.9326217736497
RSA+AES-256,5000,4,4592,749.9405999988085,0.6693999894196168,2.9288000077940524,True,272.9326217736497
RSA+AES-256,5000,4,4593,689.4234000064898,0.666000007186085,2.8541000065160915,True,272.9326217736497
RSA+AES-256,5000,4,4594,292.6677999930689,0.6646999972872436,2.9596999956993386,True,272.9326217736497
RSA+AES-256,5000,4,4595,329.4210000021849,0.6772999913664535,2.9749999957857653,True,272.9326217736497
RSA+AES-256,5000,4,4596,1516.0613999905763,0.6530000100610778,2.892699994845316,True,272.9326217736497
RSA+AES-256,5000,4,4597,1025.7803999993484,0.6880000000819564,2.9966000001877546,True,272.9326217736497
RSA+AES-256,5000,4,4598,321.79919999907725,0.7239000115077943,3.0316999909700826,True,272.9326217736497
RSA+AES-256,5000,4,4599,493.9016999996966,0.6691999878967181,2.9033000027993694,True,272.9326217736497
RSA+AES-256,5000,4,4600,319.45680000353605,0.6827000033808872,3.179199993610382,True,272.9326217736497
RSA+AES-256,5000,4,4601,817.230800006655,0.6734999915352091,3.2896999910008162,True,272.9326217736497
RSA+AES-256,5000,4,4602,997.8056999971159,0.7167000003391877,3.164099995046854,True,272.9326217736497
RSA+AES-256,5000,4,4603,333.34699999250006,0.6595000013476238,3.067199999350123,True,272.9326217736497
RSA+AES-256,5000,4,4604,1372.9185999982292,0.6646999972872436,2.9734999989159405,True,272.9326217736497
RSA+AES-256,5000,4,4605,431.56480000470765,0.6628000119235367,2.9925999988336116,True,272.9326217736497
RSA+AES-256,5000,4,4606,464.4807000004221,0.683599995682016,2.952700000605546,True,272.9326217736497
RSA+AES-256,5000,4,4607,436.22119999781717,0.6898999999975786,3.076699998928234,True,272.9326217736497
RSA+AES-256,5000,4,4608,1149.001900004805,0.6597000028705224,2.880499989259988,True,272.9326217736497
RSA+AES-256,5000,4,4609,513.2465999922715,0.6508999940706417,2.9193999944254756,True,272.9326217736497
RSA+AES-256,5000,4,4610,745.2138000080595,0.6849999917903915,2.9796999879181385,True,272.9326217736497
RSA+AES-256,5000,4,4611,1120.3555000101915,0.6656000041402876,2.9646000039065257,True,272.9326217736497
RSA+AES-256,5000,4,4612,940.0672000047052,0.6852000078652054,3.7804000021424145,True,272.9326217736497
RSA+AES-256,5000,4,4613,640.621700003976,0.6799999973736703,2.968100001453422,True,272.9326217736497
RSA+AES-256,5000,4,4614,649.4929000036791,0.6423000013455749,2.885699999751523,True,272.9326217736497
RSA+AES-256,5000,4,4615,310.2581999992253,0.647900000330992,2.9584000003524125,True,272.9326217736497
RSA+AES-256,5000,4,4616,1234.7836999979336,0.785399999585934,3.0778000073041767,True,272.9326217736497
RSA+AES-256,5000,4,4617,289.1362999944249,0.6012999947415665,2.9023999959463254,True,272.9326217736497
RSA+AES-256,5000,4,4618,976.1639999924228,0.6523000047309324,2.938599995104596,True,272.9326217736497
RSA+AES-256,5000,4,4619,184.67440000677016,0.6259999936446548,2.927400011685677,True,272.9326217736497
RSA+AES-256,5000,4,4620,758.7176999950316,0.6706999993184581,3.1214000046020374,True,272.9326217736497
RSA+AES-256,5000,4,4621,121.5875999914715,0.6108000088715926,2.965899999253452,True,272.9326217736497
RSA+AES-256,5000,4,4622,866.3850000011735,0.6741000106558204,2.959199991892092,True,272.9326217736497
RSA+AES-256,5000,4,4623,267.41140001104213,0.598999991780147,3.0897999968146905,True,272.9326217736497
RSA+AES-256,5000,4,4624,602.2278000018559,0.711599990609102,2.991199988173321,True,272.9326217736497
RSA+AES-256,5000,4,4625,1588.2968000078108,0.6771999906050041,2.8762000001734123,True,272.9326217736497
RSA+AES-256,5000,4,4626,1174.145099997986,0.683599995682016,3.245999992941506,True,272.9326217736497
RSA+AES-256,5000,4,4627,347.1369000035338,0.6638999911956489,2.8917000017827377,True,272.9326217736497
RSA+AES-256,5000,4,4628,2036.5397000132361,0.6594999867957085,2.8916999872308224,True,272.9326217736497
RSA+AES-256,5000,4,4629,1460.568599999533,0.6791000050725415,2.9543999989982694,True,272.9326217736497
RSA+AES-256,5000,4,4630,716.3090999965789,0.6106000073486939,2.9790999979013577,True,272.9326217736497
RSA+AES-256,5000,4,4631,394.26950000051875,0.6774999928893521,2.9720000020461157,True,272.9326217736497
RSA+AES-256,5000,4,4632,782.9662000003736,0.6744999991497025,3.0617999873356894,True,272.9326217736497
RSA+AES-256,5000,4,4633,143.43860000371933,0.6538000016007572,2.9371999989962205,True,272.9326217736497
RSA+AES-256,5000,4,4634,1555.7782999967458,0.6739999953424558,2.9972000047564507,True,272.9326217736497
RSA+AES-256,5000,4,4635,967.5789000029908,0.6878000131109729,2.9482999962056056,True,272.9326217736497
RSA+AES-256,5000,4,4636,386.6532999963965,0.6527000077767298,3.08249999943655,True,272.9326217736497
RSA+AES-256,5000,4,4637,964.0912000031676,0.6576000014320016,2.904499997384846,True,272.9326217736497
RSA+AES-256,5000,4,4638,665.9641000005649,0.6908999930601567,2.93729999975767,True,272.9326217736497
RSA+AES-256,5000,4,4639,342.6784999901429,0.621799990767613,2.971400012029335,True,272.9326217736497
RSA+AES-256,5000,4,4640,746.716199995717,0.683599995682016,2.966000000014901,True,272.9326217736497
RSA+AES-256,5000,4,4641,584.1969000030076,0.6904000038048252,2.9291999962879345,True,272.9326217736497
RSA+AES-256,5000,4,4642,1075.3575999988243,0.6316999933915213,3.0630999972345307,True,272.9326217736497
RSA+AES-256,5000,4,4643,478.8747999991756,0.6570999976247549,2.9005999967921525,True,272.9326217736497
RSA+AES-256,5000,4,4644,1121.2521999987075,0.7330999942496419,3.134200000204146,True,272.9326217736497
RSA+AES-256,5000,4,4645,617.7634000050602,0.8820999937597662,3.0115999979898334,True,272.9326217736497
RSA+AES-256,5000,4,4646,997.8144999913638,0.6696999917039648,2.9777999880025163,True,272.9326217736497
RSA+AES-256,5000,4,4647,471.2048999936087,0.6643999950028956,2.8833000105805695,True,272.9326217736497
RSA+AES-256,5000,4,4648,324.0114999935031,0.6888000061735511,2.9310999962035567,True,272.9326217736497
RSA+AES-256,5000,4,4649,880.0372999976389,0.6640999927185476,2.9254000110086054,True,272.9326217736497
RSA+AES-256,5000,4,4650,1500.433900000644,0.6492999964393675,2.8624999977182597,True,272.9326217736497
RSA+AES-256,5000,4,4651,955.5096999974921,0.6680999940726906,2.9792999994242564,True,272.9326217736497
RSA+AES-256,5000,4,4652,858.0822999938391,0.6833000079495832,3.0027999891899526,True,272.9326217736497
RSA+AES-256,5000,4,4653,841.2945000018226,0.6954999989829957,2.98990000737831,True,272.9326217736497
RSA+AES-256,5000,4,4654,1095.2240000042366,0.6806000019423664,2.9323000053409487,True,272.9326217736497
RSA+AES-256,5000,4,4655,696.432900003856,0.6722000107401982,2.9577999957837164,True,272.9326217736497
RSA+AES-256,5000,4,4656,902.9288000019733,0.6576000014320016,2.945699990959838,True,272.9326217736497
RSA+AES-256,5000,4,4657,908.9779000059934,0.6729999877279624,3.0018000106792897,True,272.9326217736497
RSA+AES-256,5000,4,4658,216.43470000708476,0.671899993903935,2.9577999957837164,True,272.9326217736497
RSA+AES-256,5000,4,4659,733.7828000017907,0.6950999959371984,2.991400004248135,True,272.9326217736497
RSA+AES-256,5000,4,4660,151.084199998877,0.6231000006664544,2.9925999988336116,True,272.9326217736497
RSA+AES-256,5000,4,4661,313.4183999936795,0.9358999959658831,3.2892000017454848,True,272.9326217736497
RSA+AES-256,5000,4,4662,192.9890999890631,0.8825000113574788,3.048699989449233,True,272.9326217736497
RSA+AES-256,5000,4,4663,762.7816000021994,0.7840000034775585,3.0027999891899526,True,272.9326217736497
RSA+AES-256,5000,4,4664,1043.062099997769,0.6725000130245462,2.982299993163906,True,272.9326217736497
RSA+AES-256,5000,4,4665,861.7569999914849,0.6785000005038455,3.5484999971231446,True,272.9326217736497
RSA+AES-256,5000,4,4666,436.2650999973994,0.6622000073548406,2.9620999994222075,True,272.9326217736497
RSA+AES-256,5000,4,4667,474.03230000054464,0.683599995682016,2.970599991385825,True,272.9326217736497
RSA+AES-256,5000,4,4668,305.1192999992054,0.7774999976390973,3.2325000065611675,True,272.9326217736497
RSA+AES-256,5000,4,4669,1967.9621999966912,0.6644000095548108,2.9104999994160607,True,272.9326217736497
RSA+AES-256,5000,4,4670,1137.7066999993986,0.6642000080319121,2.974500006530434,True,272.9326217736497
RSA+AES-256,5000,4,4671,937.0805999933509,0.68450000253506,2.9645000031450763,True,272.9326217736497
RSA+AES-256,5000,4,4672,947.9758000088623,0.6637999904341996,2.9198999982327223,True,272.9326217736497
RSA+AES-256,5000,4,4673,1173.4709000011208,0.6785000005038455,2.917399993748404,True,272.9326217736497
RSA+AES-256,5000,4,4674,104.67460000654683,0.6430000066757202,2.9689000075450167,True,272.9326217736497
RSA+AES-256,5000,4,4675,705.2566999918781,0.6794000073568895,2.9135999939171597,True,272.9326217736497
RSA+AES-256,5000,4,4676,1402.3758000112139,0.6927000067662448,2.910900002461858,True,272.9326217736497
RSA+AES-256,5000,4,4677,988.3427000022493,0.7145999989006668,3.0255000019678846,True,272.9326217736497
RSA+AES-256,5000,4,4678,640.3420999995433,0.6823000003350899,2.9990999901201576,True,272.9326217736497
RSA+AES-256,5000,4,4679,536.0477999929572,0.6679000071017072,3.2396999886259437,True,272.9326217736497
RSA+AES-256,5000,4,4680,739.7360000031767,0.6814999942434952,3.015800000866875,True,272.9326217736497
RSA+AES-256,5000,4,4681,291.0697000043001,0.6614000012632459,2.9463999962899834,True,272.9326217736497
RSA+AES-256,5000,4,4682,584.0243999991799,0.630300011835061,2.9881999944336712,True,272.9326217736497
RSA+AES-256,5000,4,4683,835.6083999969997,0.7962999952724203,2.9935999918961897,True,272.9326217736497
RSA+AES-256,5000,4,4684,699.9651000078302,0.671899993903935,2.94469999789726,True,272.9326217736497
RSA+AES-256,5000,4,4685,880.8650999999372,0.6454999966081232,2.9778000025544316,True,272.9326217736497
RSA+AES-256,5000,4,4686,628.1817000126466,0.6949999951757491,3.1373999954666942,True,272.9326217736497
RSA+AES-256,5000,4,4687,864.7110000019893,0.6794000073568895,3.0006000015418977,True,272.9326217736497
RSA+AES-256,5000,4,4688,524.3542000098387,0.6647000118391588,2.9282999894348904,True,272.9326217736497
RSA+AES-256,5000,4,4689,556.6934000089532,0.7047000108286738,2.980799996294081,True,272.9326217736497
RSA+AES-256,5000,4,4690,258.47660000727046,0.6439999997382984,2.908099995693192,True,272.9326217736497
RSA+AES-256,5000,4,4691,1061.991800001124,0.6656000041402876,2.8909999964525923,True,272.9326217736497
RSA+AES-256,5000,4,4692,629.073200005223,0.6871999939903617,2.9018000059295446,True,272.9326217736497
RSA+AES-256,5000,4,4693,93.43380000791512,0.677400006679818,3.1447999936062843,True,272.9326217736497
RSA+AES-256,5000,4,4694,377.0901999960188,0.6828999903518707,2.9907999996794388,True,272.9326217736497
RSA+AES-256,5000,4,4695,302.4135000014212,0.6748000014340505,3.0603000050177798,True,272.9326217736497
RSA+AES-256,5000,4,4696,1196.0639000026276,0.6632000004174188,2.9024999967077747,True,272.9326217736497
RSA+AES-256,5000,4,4697,605.5101000092691,0.665100000333041,2.9340999899432063,True,272.9326217736497
RSA+AES-256,5000,4,4698,223.6343999975361,0.708799998392351,2.894800010835752,True,272.9326217736497
RSA+AES-256,5000,4,4699,3054.7965000005206,0.6733000045642257,2.9694999975617975,True,272.9326217736497
RSA+AES-256,5000,4,4700,1271.5930999984266,0.6668999994872138,2.944099993328564,True,272.9326217736497
RSA+AES-256,5000,4,4701,837.310199989588,0.7305000035557896,2.9894000035710633,True,272.9326217736497
RSA+AES-256,5000,4,4702,1009.613400005037,0.6090999959269539,3.0024000006960705,True,272.9326217736497
RSA+AES-256,5000,4,4703,415.39589999592863,0.7249000045703724,2.9039000073680654,True,272.9326217736497
RSA+AES-256,5000,4,4704,1289.1563000011956,0.5974999949103221,2.9470999870682135,True,272.9326217736497
RSA+AES-256,5000,4,4705,1460.6806000083452,0.6608999974559993,2.8848000074503943,True,272.9326217736497
RSA+AES-256,5000,4,4706,679.8520000011194,0.6846000032965094,2.9697999998461455,True,272.9326217736497
RSA+AES-256,5000,4,4707,562.1211999969091,0.6747000006726012,2.9100999963702634,True,272.9326217736497
RSA+AES-256,5000,4,4708,407.0267000060994,0.6690000009257346,3.0341999954544008,True,272.9326217736497
RSA+AES-256,5000,4,4709,192.26290000369772,0.6406000029528514,2.9543999989982694,True,272.9326217736497
RSA+AES-256,5000,4,4710,495.8374999987427,0.6752000044798478,2.9436000040732324,True,272.9326217736497
RSA+AES-256,5000,4,4711,613.9834999921732,0.5960000125924125,2.990900000440888,True,272.9326217736497
RSA+AES-256,5000,4,4712,196.0959999996703,0.6127000087872148,3.0045000021345913,True,272.9326217736497
RSA+AES-256,5000,4,4713,410.3803999896627,0.6607000104850158,2.918300000601448,True,272.9326217736497
RSA+AES-256,5000,4,4714,352.0007000042824,0.6652000010944903,2.9626999894389883,True,272.9326217736497
RSA+AES-256,5000,4,4715,517.4987999926088,0.7350000087171793,3.304300000309013,True,272.9326217736497
RSA+AES-256,5000,4,4716,442.7263999969,0.6599000043934211,2.9826000100001693,True,272.9326217736497
RSA+AES-256,5000,4,4717,699.9805999948876,0.6750000029569492,3.0334000039147213,True,272.9326217736497
RSA+AES-256,5000,4,4718,610.62099999981,0.678999989759177,2.9503000114345923,True,272.9326217736497
RSA+AES-256,5000,4,4719,703.0698000016855,0.67710000439547,2.8845000051660463,True,272.9326217736497
RSA+AES-256,5000,4,4720,303.3534999995027,0.6486999918706715,2.9285999917192385,True,272.9326217736497
RSA+AES-256,5000,4,4721,338.79359999264125,0.6820999988121912,2.9882999951951206,True,272.9326217736497
RSA+AES-256,5000,4,4722,765.5204000038793,0.6737999938195571,2.967199994600378,True,272.9326217736497
RSA+AES-256,5000,4,4723,931.6068999905838,0.6615000020246953,2.9042999958619475,True,272.9326217736497
RSA+AES-256,5000,4,4724,931.2358000024687,0.7016000017756596,3.05060000391677,True,272.9326217736497
RSA+AES-256,5000,4,4725,74.82560000789817,0.6628999981330708,2.9830999992555007,True,272.9326217736497
RSA+AES-256,5000,4,4726,658.113700003014,0.6788999889977276,2.9273999971337616,True,272.9326217736497
RSA+AES-256,5000,4,4727,897.0904000016162,0.7605999999213964,2.987200001371093,True,272.9326217736497
RSA+AES-256,5000,4,4728,1749.114100006409,0.6892999954288825,3.0076999973971397,True,272.9326217736497
RSA+AES-256,5000,4,4729,180.2219000092009,0.6234000029508024,2.936799995950423,True,272.9326217736497
RSA+AES-256,5000,4,4730,390.1756999985082,0.6634000019403175,2.901399988331832,True,272.9326217736497
RSA+AES-256,5000,4,4731,1593.2469999970635,0.6986999942455441,3.00319999223575,True,272.9326217736497
RSA+AES-256,5000,4,4732,479.02739999699406,0.6587000098079443,2.9639999993378296,True,272.9326217736497
RSA+AES-256,5000,4,4733,580.6343000003835,0.6627999973716214,2.865300004486926,True,272.9326217736497
RSA+AES-256,5000,4,4734,263.0727000068873,0.6396999960998073,2.89209999027662,True,272.9326217736497
RSA+AES-256,5000,4,4735,715.4007999924943,0.6785000005038455,2.9437000048346817,True,272.9326217736497
RSA+AES-256,5000,4,4736,346.5208999987226,0.6304999988060445,2.983500002301298,True,272.9326217736497
RSA+AES-256,5000,4,4737,301.8662999966182,0.6796999950893223,2.9673000099137425,True,272.9326217736497
RSA+AES-256,5000,4,4738,926.6748000081861,0.6834000087110326,2.871799995773472,True,272.9326217736497
RSA+AES-256,5000,4,4739,192.5519000069471,0.6819999980507419,2.9866999975638464,True,272.9326217736497
RSA+AES-256,5000,4,4740,176.04220000794157,0.6231000006664544,2.933399999164976,True,272.9326217736497
RSA+AES-256,5000,4,4741,572.8145999892149,0.662600010400638,2.930899994680658,True,272.9326217736497
RSA+AES-256,5000,4,4742,1938.9394000027096,0.6783999997423962,2.962800004752353,True,272.9326217736497
RSA+AES-256,5000,4,4743,1132.312699992326,0.5977999971946701,2.9612000071210787,True,272.9326217736497
RSA+AES-256,5000,4,4744,437.97970000014175,0.6745999999111518,2.917399993748404,True,272.9326217736497
RSA+AES-256,5000,4,4745,684.8373999964679,0.6170999986352399,2.969299996038899,True,272.9326217736497
RSA+AES-256,5000,4,4746,603.2658000040101,0.6979000027058646,3.0244999943533912,True,272.9326217736497
RSA+AES-256,5000,4,4747,803.8196999987122,0.6961000035516918,2.955200005089864,True,272.9326217736497
RSA+AES-256,5000,4,4748,1392.4012000061339,0.6674000032944605,3.002299999934621,True,272.9326217736497
RSA+AES-256,5000,4,4749,980.367699987255,0.670300010824576,2.9744000057689846,True,272.9326217736497
RSA+AES-256,5000,4,4750,427.1242000104394,0.6467999919550493,3.610400002798997,True,272.9326217736497
RSA+AES-256,5000,4,4751,2049.710999999661,0.6776999944122508,2.886000002035871,True,272.9326217736497
RSA+AES-256,5000,4,4752,891.6601999953855,0.6519000016851351,2.9322000045794994,True,272.9326217736497
RSA+AES-256,5000,4,4753,693.2069000031333,0.6545000069309026,2.9676000121980906,True,272.9326217736497
RSA+AES-256,5000,4,4754,637.9025999922305,0.6589999975403771,2.891500000259839,True,272.9326217736497
RSA+AES-256,5000,4,4755,889.5873999863397,0.658099990687333,2.857400002540089,True,272.9326217736497
RSA+AES-256,5000,4,4756,1376.594200002728,0.6159000040497631,3.0048000044189394,True,272.9326217736497
RSA+AES-256,5000,4,4757,89.3936000065878,0.5889000021852553,3.0393000051844865,True,272.9326217736497
RSA+AES-256,5000,4,4758,221.96460000122897,0.5806999979540706,2.934899996034801,True,272.9326217736497
RSA+AES-256,5000,4,4759,249.85899998864625,0.702000004821457,2.9806000093230978,True,272.9326217736497
RSA+AES-256,5000,4,4760,417.8939000121318,0.7022000063443556,3.039700008230284,True,272.9326217736497
RSA+AES-256,5000,4,4761,453.85170000372455,0.6979000027058646,2.9298000008566305,True,272.9326217736497
RSA+AES-256,5000,4,4762,151.29300000262447,0.6495999987237155,2.980499994009733,True,272.9326217736497
RSA+AES-256,5000,4,4763,253.42590000946075,0.585700006922707,2.913999996962957,True,272.9326217736497
RSA+AES-256,5000,4,4764,230.54879999835975,0.6307000003289431,2.9203000012785196,True,272.9326217736497
RSA+AES-256,5000,4,4765,162.475799996173,0.6807000027038157,2.957999997306615,True,272.9326217736497
RSA+AES-256,5000,4,4766,2484.2512000032,0.7027999963611364,3.0064000020502135,True,272.9326217736497
RSA+AES-256,5000,4,4767,712.5263000052655,0.6985999934840947,2.971800000523217,True,272.9326217736497
RSA+AES-256,5000,4,4768,335.48599999630824,0.6605000089621171,2.974000002723187,True,272.9326217736497
RSA+AES-256,5000,4,4769,270.38079999329057,0.6636000034632161,2.929599999333732,True,272.9326217736497
RSA+AES-256,5000,4,4770,1103.3886999939568,0.6788000027881935,3.236000004108064,True,272.9326217736497
RSA+AES-256,5000,4,4771,317.0198000007076,0.6237999914446846,2.9180999990785494,True,272.9326217736497
RSA+AES-256,5000,4,4772,1646.657100005541,0.6596999883186072,2.875499994843267,True,272.9326217736497
RSA+AES-256,5000,4,4773,846.2340999976732,0.6659000064246356,2.972199989017099,True,272.9326217736497
RSA+AES-256,5000,4,4774,855.0519999989774,0.6576999876415357,2.863499990780838,True,272.9326217736497
RSA+AES-256,5000,4,4775,1052.0127000054345,0.6836999964434654,2.934200005256571,True,272.9326217736497
RSA+AES-256,5000,4,4776,180.85679999785498,0.6907000060891733,2.97429999045562,True,272.9326217736497
RSA+AES-256,5000,4,4777,860.6655000039609,0.6592999998247251,2.909999995608814,True,272.9326217736497
RSA+AES-256,5000,4,4778,717.8958000004059,0.7957999914651737,3.075400003581308,True,272.9326217736497
RSA+AES-256,5000,4,4779,593.1516000127885,0.71340000431519,2.9903000104241073,True,272.9326217736497
RSA+AES-256,5000,4,4780,651.1551000003237,0.6948999944142997,2.9934000049252063,True,272.9326217736497
RSA+AES-256,5000,4,4781,302.5548000005074,0.5981999856885523,2.955799995106645,True,272.9326217736497
RSA+AES-256,5000,4,4782,1253.9391000027535,0.6890999939059839,2.9780999902868643,True,272.9326217736497
RSA+AES-256,5000,4,4783,553.888000009465,0.6637000042246655,2.9203000012785196,True,272.9326217736497
RSA+AES-256,5000,4,4784,668.7568000052124,0.6675000040559098,2.9716999997617677,True,272.9326217736497
RSA+AES-256,5000,4,4785,1195.613099989714,0.6816000095568597,2.9617999971378595,True,272.9326217736497
RSA+AES-256,5000,4,4786,328.47960000799503,0.6319999956758693,2.9402999934973195,True,272.9326217736497
RSA+AES-256,5000,4,4787,509.89209998806473,0.6941000028746203,2.989300002809614,True,272.9326217736497
RSA+AES-256,5000,4,4788,680.5564000096638,0.6521000032080337,2.961300007882528,True,272.9326217736497
RSA+AES-256,5000,4,4789,1282.3533000046154,0.6776999944122508,2.906299996539019,True,272.9326217736497
RSA+AES-256,5000,4,4790,871.2777000037022,0.6911999953445047,2.9632999940076843,True,272.9326217736497
RSA+AES-256,5000,4,4791,511.1266000021715,0.6598000036319718,2.9477000061888248,True,272.9326217736497
RSA+AES-256,5000,4,4792,276.98289998807013,0.683299993397668,3.035200003068894,True,272.9326217736497
RSA+AES-256,5000,4,4793,354.6753999980865,0.6591999990632758,2.9198999982327223,True,272.9326217736497
RSA+AES-256,5000,4,4794,615.6002000061562,0.6904000038048252,2.9762999911326915,True,272.9326217736497
RSA+AES-256,5000,4,4795,684.5746000035433,0.7730999932391569,3.0409000028157607,True,272.9326217736497
RSA+AES-256,5000,4,4796,588.6962000076892,0.7249999907799065,2.9481999954441562,True,272.9326217736497
RSA+AES-256,5000,4,4797,2010.099999999511,0.682699988828972,2.9824000084772706,True,272.9326217736497
RSA+AES-256,5000,4,4798,410.0112000014633,0.662600010400638,3.0073999951127917,True,272.9326217736497
RSA+AES-256,5000,4,4799,1932.5697000022046,0.6674000032944605,3.2396000024164096,True,272.9326217736497
RSA+AES-256,5000,4,4800,755.4910999897402,0.7093000021995977,3.1612000020686537,True,272.9326217736497
RSA+AES-256,5000,4,4801,580.8742999943206,0.669100001687184,2.982299993163906,True,272.9326217736497
RSA+AES-256,5000,4,4802,255.99950000469107,0.6743999983882532,2.9646000039065257,True,272.9326217736497
RSA+AES-256,5000,4,4803,771.718799995142,0.6665999972028658,3.3634999999776483,True,272.9326217736497
RSA+AES-256,5000,4,4804,438.70279999100603,0.6705000123474747,2.925599997979589,True,272.9326217736497
RSA+AES-256,5000,4,4805,550.8244999946328,0.6892000092193484,2.9608000040752813,True,272.9326217736497
RSA+AES-256,5000,4,4806,2061.3836999982595,0.6893999961903319,2.975499999593012,True,272.9326217736497
RSA+AES-256,5000,4,4807,315.94919999770354,0.6725000130245462,2.9325999930733815,True,272.9326217736497
RSA+AES-256,5000,4,4808,866.444400002365,0.6303999980445951,3.046800004085526,True,272.9326217736497
RSA+AES-256,5000,4,4809,403.81750000233296,0.6608999974559993,2.9892999882576987,True,272.9326217736497
RSA+AES-256,5000,4,4810,749.0881999983685,0.6508999940706417,2.8655000060098246,True,272.9326217736497
RSA+AES-256,5000,4,4811,1751.5046000044094,0.7115000043995678,2.99510000331793,True,272.9326217736497
RSA+AES-256,5000,4,4812,270.1893000048585,0.6636000034632161,2.977700001792982,True,272.9326217736497
RSA+AES-256,5000,4,4813,814.8389999987558,0.6788000027881935,2.991800007293932,True,272.9326217736497
RSA+AES-256,5000,4,4814,656.5471000067191,0.665100000333041,2.892799995606765,True,272.9326217736497
RSA+AES-256,5000,4,4815,1274.5748000015737,0.6775000074412674,2.942599996458739,True,272.9326217736497
RSA+AES-256,5000,4,4816,213.56060000834987,0.7023999933153391,3.007499995874241,True,272.9326217736497
RSA+AES-256,5000,4,4817,783.3610000088811,0.6800999981351197,2.934000003733672,True,272.9326217736497
RSA+AES-256,5000,4,4818,172.1355999907246,0.7325000042328611,3.1278999958885834,True,272.9326217736497
RSA+AES-256,5000,4,4819,54.05890000110958,0.5524000007426366,2.926000001025386,True,272.9326217736497
RSA+AES-256,5000,4,4820,1148.7583999987692,0.6873999955132604,2.9850999999325722,True,272.9326217736497
RSA+AES-256,5000,4,4821,181.06640000769403,0.6132999988039955,2.945600004750304,True,272.9326217736497
RSA+AES-256,5000,4,4822,112.6077999942936,0.5720999906770885,2.9002999945078045,True,272.9326217736497
RSA+AES-256,5000,4,4823,348.8558999961242,0.6767000013496727,3.0005000007804483,True,272.9326217736497
RSA+AES-256,5000,4,4824,1213.8434999942547,0.6887999916216359,2.9820000054314733,True,272.9326217736497
RSA+AES-256,5000,4,4825,694.7826999967219,0.6718000076944008,2.9860999929951504,True,272.9326217736497
RSA+AES-256,5000,4,4826,2898.58579999418,0.8971999923232943,2.9264000040711835,True,272.9326217736497
RSA+AES-256,5000,4,4827,298.76669999794103,0.6870999932289124,2.9959999956190586,True,272.9326217736497
RSA+AES-256,5000,4,4828,801.4557999995304,0.6788000027881935,2.973099995870143,True,272.9326217736497
RSA+AES-256,5000,4,4829,1199.7278000053484,0.6929999944986776,3.065600001718849,True,272.9326217736497
RSA+AES-256,5000,4,4830,1717.9948999983026,0.6158000032883137,2.9587000026367605,True,272.9326217736497
RSA+AES-256,5000,4,4831,903.1627999938792,0.6754000060027465,3.085699994699098,True,272.9326217736497
RSA+AES-256,5000,4,4832,486.11099999106955,0.6658000056631863,2.9519999952754006,True,272.9326217736497
RSA+AES-256,5000,4,4833,981.7840000032447,0.7333000103244558,2.870900003472343,True,272.9326217736497
RSA+AES-256,5000,4,4834,340.1583999948343,0.6754999922122806,3.0014000076334924,True,272.9326217736497
RSA+AES-256,5000,4,4835,612.8659000096377,0.6967999943299219,2.9460000077961013,True,272.9326217736497
RSA+AES-256,5000,4,4836,233.74999999941792,0.6343999993987381,3.2015000033425167,True,272.9326217736497
RSA+AES-256,5000,4,4837,1567.2512999881292,0.66970000625588,2.8978999907849357,True,272.9326217736497
RSA+AES-256,5000,4,4838,2257.505999994464,0.6679000071017072,2.928100002463907,True,272.9326217736497
RSA+AES-256,5000,4,4839,356.94209999928717,0.712799999746494,2.967799999169074,True,272.9326217736497
RSA+AES-256,5000,4,4840,1393.319100010558,0.6790999905206263,2.9775000002700835,True,272.9326217736497
RSA+AES-256,5000,4,4841,699.8935000010533,0.6625999958487228,2.9840000061085448,True,272.9326217736497
RSA+AES-256,5000,4,4842,735.8152999950107,0.6566000083694234,2.927800000179559,True,272.9326217736497
RSA+AES-256,5000,4,4843,632.5520999962464,0.6599000043934211,2.891800002544187,True,272.9326217736497
RSA+AES-256,5000,4,4844,357.0380000019213,0.6583999929716811,2.9860999929951504,True,272.9326217736497
RSA+AES-256,5000,4,4845,241.0912999912398,0.6170000124257058,2.9052000027149916,True,272.9326217736497
RSA+AES-256,5000,4,4846,866.8872999987798,0.6594999867957085,2.966300002299249,True,272.9326217736497
RSA+AES-256,5000,4,4847,1002.4352000036743,0.6868000054964796,2.9869999998481944,True,272.9326217736497
RSA+AES-256,5000,4,4848,2149.1301999922143,0.6553999992320314,2.882000000681728,True,272.9326217736497
RSA+AES-256,5000,4,4849,460.46319999732077,0.6700999947497621,2.967499996884726,True,272.9326217736497
RSA+AES-256,5000,4,4850,790.3732999984641,0.7111000013537705,2.9611999925691634,True,272.9326217736497
RSA+AES-256,5000,4,4851,201.206199999433,0.690999993821606,3.0257000034907833,True,272.9326217736497
RSA+AES-256,5000,4,4852,318.4503000084078,0.6278999935602769,2.9334999999264255,True,272.9326217736497
RSA+AES-256,5000,4,4853,58.098900000914,0.5915000074310228,2.9008999990765005,True,272.9326217736497
RSA+AES-256,5000,4,4854,579.5660000003409,0.7117999921320006,3.0150000093271956,True,272.9326217736497
RSA+AES-256,5000,4,4855,705.6498000019928,0.679599994327873,3.3064000017475337,True,272.9326217736497
RSA+AES-256,5000,4,4856,408.3619000011822,0.6467000057455152,2.9100999963702634,True,272.9326217736497
RSA+AES-256,5000,4,4857,52.51510000380222,0.6683000101475045,2.933099996880628,True,272.9326217736497
RSA+AES-256,5000,4,4858,876.9065000087721,0.6748000014340505,2.8654999914579093,True,272.9326217736497
RSA+AES-256,5000,4,4859,165.60049999679904,0.6356999947456643,2.9535000066971406,True,272.9326217736497
RSA+AES-256,5000,4,4860,529.1493999975501,0.6842999864602461,2.9343999922275543,True,272.9326217736497
RSA+AES-256,5000,4,4861,1509.0496999910101,0.6711000023642555,3.1082000059541315,True,272.9326217736497
RSA+AES-256,5000,4,4862,735.000200002105,0.6874999962747097,2.9685000044992194,True,272.9326217736497
RSA+AES-256,5000,4,4863,337.6986999937799,0.6509000086225569,2.9943999979877844,True,272.9326217736497
RSA+AES-256,5000,4,4864,375.1635999942664,0.6639000057475641,3.2845999958226457,True,272.9326217736497
RSA+AES-256,5000,4,4865,1115.0047999981325,0.6276000058278441,3.000400000018999,True,272.9326217736497
RSA+AES-256,5000,4,4866,619.3878999911249,0.6920000014360994,2.9972000047564507,True,272.9326217736497
RSA+AES-256,5000,4,4867,417.88290000113193,0.6670000002486631,2.9966000001877546,True,272.9326217736497
RSA+AES-256,5000,4,4868,700.7774999947287,0.6183000077726319,3.0229000112740323,True,272.9326217736497
RSA+AES-256,5000,4,4869,482.36690000339877,0.682399986544624,3.4216999920317903,True,272.9326217736497
RSA+AES-256,5000,4,4870,519.5728999970015,0.6597000028705224,2.9172000067774206,True,272.9326217736497
RSA+AES-256,5000,4,4871,1128.2026000117185,0.6690000009257346,3.1971999997040257,True,272.9326217736497
RSA+AES-256,5000,4,4872,1118.1158999970648,0.6881999870529398,3.0210999975679442,True,272.9326217736497
RSA+AES-256,5000,4,4873,204.71180000458844,0.679899996612221,3.009399995789863,True,272.9326217736497
RSA+AES-256,5000,4,4874,654.9330999987433,0.6668999994872138,2.955400006612763,True,272.9326217736497
RSA+AES-256,5000,4,4875,136.8263000040315,0.6566999945789576,2.9094000055920333,True,272.9326217736497
RSA+AES-256,5000,4,4876,736.765399997239,0.666600011754781,2.9706999921472743,True,272.9326217736497
RSA+AES-256,5000,4,4877,657.2151000000304,0.6770000036340207,2.913999996962957,True,272.9326217736497
RSA+AES-256,5000,4,4878,214.08410000731237,0.6710000016028062,3.2995999936247244,True,272.9326217736497
RSA+AES-256,5000,4,4879,945.6334999995306,0.66970000625588,2.987799991387874,True,272.9326217736497
RSA+AES-256,5000,4,4880,534.101199998986,0.6666999979643151,2.882800006773323,True,272.9326217736497
RSA+AES-256,5000,4,4881,1464.0159999980824,0.6768999883206561,2.962200000183657,True,272.9326217736497
RSA+AES-256,5000,4,4882,1545.4037000017706,0.704799997038208,2.984199993079528,True,272.9326217736497
RSA+AES-256,5000,4,4883,964.9634999950649,0.857699997141026,3.1328999903053045,True,272.9326217736497
RSA+AES-256,5000,4,4884,923.1410999927903,0.7040000054985285,2.962500002468005,True,272.9326217736497
RSA+AES-256,5000,4,4885,157.6138000091305,0.6119000026956201,2.914299999247305,True,272.9326217736497
RSA+AES-256,5000,4,4886,499.17089998780284,0.6628999981330708,2.9097999940859154,True,272.9326217736497
RSA+AES-256,5000,4,4887,204.68359999358654,0.6165999948279932,2.867199989850633,True,272.9326217736497
RSA+AES-256,5000,4,4888,102.86359999736305,0.6049999938113615,2.970500005176291,True,272.9326217736497
RSA+AES-256,5000,4,4889,595.225400000345,0.6554999999934807,2.9307000077096745,True,272.9326217736497
RSA+AES-256,5000,4,4890,86.42300000065006,0.6053999968571588,2.90320000203792,True,272.9326217736497
RSA+AES-256,5000,4,4891,169.0630999946734,0.6418999982997775,2.9257999995024875,True,272.9326217736497
RSA+AES-256,5000,4,4892,1605.0574000109918,0.9274999902117997,2.984199993079528,True,272.9326217736497
RSA+AES-256,5000,4,4893,386.06279999658,0.738600007025525,2.914299999247305,True,272.9326217736497
RSA+AES-256,5000,4,4894,467.21690001140814,0.6744999991497025,3.0529000068781897,True,272.9326217736497
RSA+AES-256,5000,4,4895,661.5758999978425,0.6087999936426058,2.9463999962899834,True,272.9326217736497
RSA+AES-256,5000,4,4896,773.6430000077235,0.6919000006746501,2.998299998580478,True,272.9326217736497
RSA+AES-256,5000,4,4897,814.8182000004454,0.6661999941570684,2.9540000105043873,True,272.9326217736497
RSA+AES-256,5000,4,4898,801.4990999945439,0.7028000109130517,3.041399992071092,True,272.9326217736497
RSA+AES-256,5000,4,4899,273.63229999900796,0.6538000016007572,2.9935000056866556,True,272.9326217736497
RSA+AES-256,5000,4,4900,1215.551500004949,0.6713000038871542,2.9713000112678856,True,272.9326217736497
RSA+AES-256,5000,4,4901,181.7081000044709,0.6518999871332198,3.043400007300079,True,272.9326217736497
RSA+AES-256,5000,4,4902,874.0523000014946,0.6262999959290028,3.039799994439818,True,272.9326217736497
RSA+AES-256,5000,4,4903,1934.4387000019196,0.6924000044818968,2.9787000094074756,True,272.9326217736497
RSA+AES-256,5000,4,4904,1423.2880999916233,0.6954999989829957,2.9165000014472753,True,272.9326217736497
RSA+AES-256,5000,4,4905,433.81760000193026,0.6679000071017072,2.9095999925630167,True,272.9326217736497
RSA+AES-256,5000,4,4906,1834.5813999912934,0.6736000068485737,2.8912999987369403,True,272.9326217736497
RSA+AES-256,5000,4,4907,1080.9857999993255,0.672199996188283,2.904199995100498,True,272.9326217736497
RSA+AES-256,5000,4,4908,301.61650000081863,0.6647999980486929,2.969900000607595,True,272.9326217736497
RSA+AES-256,5000,4,4909,731.4083999954164,0.6716999923810363,3.016700007719919,True,272.9326217736497
RSA+AES-256,5000,4,4910,262.3936999880243,0.6597000028705224,3.0005999869899824,True,272.9326217736497
RSA+AES-256,5000,4,4911,1232.4080999969738,0.6755000067641959,3.032400010852143,True,272.9326217736497
RSA+AES-256,5000,4,4912,382.14410000364296,0.6534999993164092,2.9975999932503328,True,272.9326217736497
RSA+AES-256,5000,4,4913,1261.7044000071473,0.6579000037163496,2.8692999912891537,True,272.9326217736497
RSA+AES-256,5000,4,4914,1494.0223000012338,0.6974999996600673,3.079100002651103,True,272.9326217736497
RSA+AES-256,5000,4,4915,807.5021000113338,0.6317999941529706,3.034800000023097,True,272.9326217736497
RSA+AES-256,5000,4,4916,341.45059999718796,0.665700004901737,2.889299998059869,True,272.9326217736497
RSA+AES-256,5000,4,4917,974.6301999985008,0.679599994327873,3.0104000034043565,True,272.9326217736497
RSA+AES-256,5000,4,4918,257.73530000878964,0.662000005831942,2.977099997224286,True,272.9326217736497
RSA+AES-256,5000,4,4919,147.77490000415128,0.6256000051507726,2.933900002972223,True,272.9326217736497
RSA+AES-256,5000,4,4920,535.4935000068508,0.6869000062579289,3.0174999992595986,True,272.9326217736497
RSA+AES-256,5000,4,4921,229.84909999649972,0.6177000032039359,2.889999988838099,True,272.9326217736497
RSA+AES-256,5000,4,4922,572.7747999917483,0.6170999986352399,2.9901000089012086,True,272.9326217736497
RSA+AES-256,5000,4,4923,624.8253000085242,0.6745999999111518,2.8922000055899844,True,272.9326217736497
RSA+AES-256,5000,4,4924,266.883999996935,0.6311000033747405,2.971100009744987,True,272.9326217736497
RSA+AES-256,5000,4,4925,888.4063000004971,0.6717999931424856,2.9080000094836578,True,272.9326217736497
RSA+AES-256,5000,4,4926,822.343699997873,0.6630999996559694,2.9064999980619177,True,272.9326217736497
RSA+AES-256,5000,4,4927,631.293900005403,0.7022999925538898,3.0150999955367297,True,272.9326217736497
RSA+AES-256,5000,4,4928,245.9515999944415,0.6689000001642853,3.2036000047810376,True,272.9326217736497
RSA+AES-256,5000,4,4929,392.4016999953892,0.6049000076018274,2.9423000087263063,True,272.9326217736497
RSA+AES-256,5000,4,4930,480.5363999912515,0.6663999956799671,2.9695000121137127,True,272.9326217736497
RSA+AES-256,5000,4,4931,1358.0244999902789,0.6456999981310219,2.9934000049252063,True,272.9326217736497
RSA+AES-256,5000,4,4932,549.532500008354,0.6579999899258837,2.9528000013669953,True,272.9326217736497
RSA+AES-256,5000,4,4933,1371.642799989786,0.6790000043110922,2.898200007621199,True,272.9326217736497
RSA+AES-256,5000,4,4934,713.4924999991199,0.6146000087028369,2.9919000080553815,True,272.9326217736497
RSA+AES-256,5000,4,4935,568.0711000022711,0.9185999952023849,3.0833000055281445,True,272.9326217736497
RSA+AES-256,5000,4,4936,1845.0493999989703,0.6734999915352091,3.005000005941838,True,272.9326217736497
RSA+AES-256,5000,4,4937,1055.124500009697,0.6863000016892329,2.9848999984096736,True,272.9326217736497
RSA+AES-256,5000,4,4938,805.985300001339,0.6548000092152506,2.909999995608814,True,272.9326217736497
RSA+AES-256,5000,4,4939,847.4482000019634,0.636800003121607,2.9971999902045354,True,272.9326217736497
RSA+AES-256,5000,4,4940,785.8669999986887,0.6945000059204176,2.962599988677539,True,272.9326217736497
RSA+AES-256,5000,4,4941,100.21150000102352,0.6059000006644055,3.0189999961294234,True,272.9326217736497
RSA+AES-256,5000,4,4942,1852.5334000005387,0.6309000018518418,2.9642000008607283,True,272.9326217736497
RSA+AES-256,5000,4,4943,1408.9721000054851,0.6965000065974891,3.1676999933551997,True,272.9326217736497
RSA+AES-256,5000,4,4944,534.4074000022374,0.6963000050745904,2.982299993163906,True,272.9326217736497
RSA+AES-256,5000,4,4945,1446.2021999934223,0.7120000082068145,2.931800001533702,True,272.9326217736497
RSA+AES-256,5000,4,4946,1392.0510000025388,0.6921000021975487,3.082299997913651,True,272.9326217736497
RSA+AES-256,5000,4,4947,163.29270000278484,0.6436999974539503,3.0399999959627166,True,272.9326217736497
RSA+AES-256,5000,4,4948,299.83780000475235,0.6859999994048849,2.976699994178489,True,272.9326217736497
RSA+AES-256,5000,4,4949,425.9331000066595,0.6879000138724223,2.880400003050454,True,272.9326217736497
RSA+AES-256,5000,4,4950,508.85480000579264,0.672499998472631,3.2404000085080042,True,272.9326217736497
RSA+AES-256,5000,4,4951,579.3899999989662,0.6736000068485737,2.9907999996794388,True,272.9326217736497
RSA+AES-256,5000,4,4952,1504.9328000022797,0.6740999961039051,2.871799995773472,True,272.9326217736497
RSA+AES-256,5000,4,4953,179.58130000624806,0.618399993982166,3.1737999961478636,True,272.9326217736497
RSA+AES-256,5000,4,4954,1134.677299996838,0.7172000041464344,3.0442999996012077,True,272.9326217736497
RSA+AES-256,5000,4,4955,634.5427000051131,0.7275000098161399,2.905399989685975,True,272.9326217736497
RSA+AES-256,5000,4,4956,325.0333999894792,0.6513999978778884,2.911799994762987,True,272.9326217736497
RSA+AES-256,5000,4,4957,2063.5114000033354,0.6944000051589683,2.95880000339821,True,272.9326217736497
RSA+AES-256,5000,4,4958,498.3827999967616,0.6985999934840947,2.8782000008504838,True,272.9326217736497
RSA+AES-256,5000,4,4959,388.2084000069881,0.6855999963590875,2.9809000116074458,True,272.9326217736497
RSA+AES-256,5000,4,4960,664.6169999876292,0.6744999991497025,2.9790000116918236,True,272.9326217736497
RSA+AES-256,5000,4,4961,258.8664999930188,0.6198000046424568,2.9371000127866864,True,272.9326217736497
RSA+AES-256,5000,4,4962,1664.8133999988204,0.6871000077808276,3.011799999512732,True,272.9326217736497
RSA+AES-256,5000,4,4963,379.97120000363793,0.6413999944925308,2.910900002461858,True,272.9326217736497
RSA+AES-256,5000,4,4964,286.178900001687,0.6987000087974593,3.0329000001074746,True,272.9326217736497
RSA+AES-256,5000,4,4965,512.766300002113,0.6237999914446846,3.0115999979898334,True,272.9326217736497
RSA+AES-256,5000,4,4966,553.5078999964753,0.6745999999111518,2.9808999970555305,True,272.9326217736497
RSA+AES-256,5000,4,4967,834.6155000035651,0.6530999962706119,2.874600002542138,True,272.9326217736497
RSA+AES-256,5000,4,4968,693.6470999935409,0.6680000078631565,2.871200005756691,True,272.9326217736497
RSA+AES-256,5000,4,4969,812.6234000083059,0.6853000086266547,2.901999992900528,True,272.9326217736497
RSA+AES-256,5000,4,4970,770.045699988259,0.6870000070193782,2.9888999997638166,True,272.9326217736497
RSA+AES-256,5000,4,4971,822.1193000063067,0.6843000010121614,3.0196000006981194,True,272.9326217736497
RSA+AES-256,5000,4,4972,2092.7845999976853,0.6810000049881637,2.987499989103526,True,272.9326217736497
RSA+AES-256,5000,4,4973,486.1684000061359,0.6580000044777989,2.980099990963936,True,272.9326217736497
RSA+AES-256,5000,4,4974,783.9413000037894,0.6646999972872436,2.9476999916369095,True,272.9326217736497
RSA+AES-256,5000,4,4975,360.93439999967813,0.6607999966945499,2.928400004748255,True,272.9326217736497
RSA+AES-256,5000,4,4976,1677.681399989524,0.6403000006685033,2.935500000603497,True,272.9326217736497
RSA+AES-256,5000,4,4977,1619.584500003839,0.61779998941347,3.0181999900378287,True,272.9326217736497
RSA+AES-256,5000,4,4978,3183.85760000092,0.8960999984992668,2.9971000039950013,True,272.9326217736497
RSA+AES-256,5000,4,4979,255.5663000093773,0.6124000065028667,2.9884999967180192,True,272.9326217736497
RSA+AES-256,5000,4,4980,768.3621000032872,0.6379999977070838,3.094500003498979,True,272.9326217736497
RSA+AES-256,5000,4,4981,138.9402000058908,0.6705999985570088,3.0669999978272244,True,272.9326217736497
RSA+AES-256,5000,4,4982,424.7266000020318,0.6934999983059242,3.0171999969752505,True,272.9326217736497
RSA+AES-256,5000,4,4983,859.9868000019342,0.6641000072704628,2.937400000519119,True,272.9326217736497
RSA+AES-256,5000,4,4984,567.6326999964658,0.680800003465265,2.9212999943410978,True,272.9326217736497
RSA+AES-256,5000,4,4985,62.19170000986196,0.5863999977009371,2.9104999994160607,True,272.9326217736497
RSA+AES-256,5000,4,4986,235.9643999952823,0.6716999923810363,2.98990000737831,True,272.9326217736497
RSA+AES-256,5000,4,4987,832.6502999989316,0.6623999943258241,2.9639999993378296,True,272.9326217736497
RSA+AES-256,5000,4,4988,829.5779999898514,0.6864000024506822,2.986299994518049,True,272.9326217736497
RSA+AES-256,5000,4,4989,1063.856400010991,0.6852999940747395,2.943800005596131,True,272.9326217736497
RSA+AES-256,5000,4,4990,132.0895999961067,0.6155000010039657,2.9918999935034662,True,272.9326217736497
RSA+AES-256,5000,4,4991,1193.2155999966199,0.6647999980486929,3.1937000021571293,True,272.9326217736497
RSA+AES-256,5000,4,4992,1009.6442999929423,0.6658000056631863,2.928100002463907,True,272.9326217736497
RSA+AES-256,5000,4,4993,854.5937000017148,0.6814000080339611,2.955200005089864,True,272.9326217736497
RSA+AES-256,5000,4,4994,136.05180000013206,0.6277000065892935,2.9205000028014183,True,272.9326217736497
RSA+AES-256,5000,4,4995,380.78189999214374,0.6424000021070242,2.9371000127866864,True,272.9326217736497
RSA+AES-256,5000,4,4996,864.9843000021065,0.6829000049037859,2.956399999675341,True,272.9326217736497
RSA+AES-256,5000,4,4997,1279.4572999991942,0.6723999977111816,2.9541999974753708,True,272.9326217736497
RSA+AES-256,5000,4,4998,663.3673999895109,0.7049999985611066,2.98099999781698,True,272.9326217736497
RSA+AES-256,5000,4,4999,291.7126999964239,0.6854000093881041,3.0318999924929813,True,272.9326217736497
RSA+AES-256,5000,4,5000,515.6507999927271,0.6668999994872138,2.940799997304566,True,272.9326217736497
