scheme,volume,repetition,transaction_id,key_gen_time,encryption_time,decryption_time,integrity_verified,throughput
RSA+AES-256,1000,4,1,480.9800000002724,25.710800000524614,3.380099995411001,True,272.1201133658889
RSA+AES-256,1000,4,2,404.4703999970807,0.742199998057913,3.1477000011364,True,272.1201133658889
RSA+AES-256,1000,4,3,1224.6076000010362,0.6676999983028509,3.002299999934621,True,272.1201133658889
RSA+AES-256,1000,4,4,730.4015999980038,0.7253999938257039,3.075299995543901,True,272.1201133658889
RSA+AES-256,1000,4,5,318.9014000017778,0.6824000010965392,2.977600001031533,True,272.1201133658889
RSA+AES-256,1000,4,6,166.23629999958212,0.6415000025299378,2.9412000003503636,True,272.1201133658889
RSA+AES-256,1000,4,7,1084.3112000002293,0.6788000027881935,2.964899998914916,True,272.1201133658889
RSA+AES-256,1000,4,8,1233.5047999949893,0.6741999968653545,3.0640999975730665,True,272.1201133658889
RSA+AES-256,1000,4,9,800.9934000001522,0.7318999996641651,2.99539999832632,True,272.1201133658889
RSA+AES-256,1000,4,10,671.461800004181,0.6902000022819266,3.013399997144006,True,272.1201133658889
RSA+AES-256,1000,4,11,585.1990999944974,0.662200000078883,2.942400002211798,True,272.1201133658889
RSA+AES-256,1000,4,12,892.3303999981727,0.6694999974570237,3.027999999176245,True,272.1201133658889
RSA+AES-256,1000,4,13,1828.4612000061315,0.6716999996569939,2.9595000014523976,True,272.1201133658889
RSA+AES-256,1000,4,14,385.56339999922784,0.6667999987257645,3.0123999968054704,True,272.1201133658889
RSA+AES-256,1000,4,15,649.4259000028251,0.6853999948361889,2.9536000001826324,True,272.1201133658889
RSA+AES-256,1000,4,16,924.2234999983339,0.6945999994059093,2.9632000005221926,True,272.1201133658889
RSA+AES-256,1000,4,17,410.4730999970343,0.6699000005028211,2.9135999939171597,True,272.1201133658889
RSA+AES-256,1000,4,18,235.38110000663437,0.653899995086249,2.9601000060210936,True,272.1201133658889
RSA+AES-256,1000,4,19,902.1835000021383,0.6700000012642704,2.9756000003544614,True,272.1201133658889
RSA+AES-256,1000,4,20,723.6666999961017,0.661899997794535,2.8928999963682145,True,272.1201133658889
RSA+AES-256,1000,4,21,301.4765999978408,0.6359000035445206,3.064199998334516,True,272.1201133658889
RSA+AES-256,1000,4,22,1525.4103999977815,0.694199996360112,3.022400000190828,True,272.1201133658889
RSA+AES-256,1000,4,23,284.2160000000149,0.6845999960205518,2.9162999999243766,True,272.1201133658889
RSA+AES-256,1000,4,24,642.1177000011085,0.6508999940706417,2.99539999832632,True,272.1201133658889
RSA+AES-256,1000,4,25,316.3533999977517,0.6518000009236857,2.9158000033930875,True,272.1201133658889
RSA+AES-256,1000,4,26,398.7591999975848,0.6919000006746501,3.028300001460593,True,272.1201133658889
RSA+AES-256,1000,4,27,662.8710000004503,0.6235000037122518,3.1806999977561645,True,272.1201133658889
RSA+AES-256,1000,4,28,309.99010000232374,0.6895000042277388,2.9179999983171,True,272.1201133658889
RSA+AES-256,1000,4,29,540.9367000029306,0.6683000028715469,2.9001000002608635,True,272.1201133658889
RSA+AES-256,1000,4,30,1456.6798999949242,0.6705999985570088,2.9504999984055758,True,272.1201133658889
RSA+AES-256,1000,4,31,380.15209999866784,0.6949000016902573,2.9261000017868355,True,272.1201133658889
RSA+AES-256,1000,4,32,213.6596999989706,0.6016000043018721,2.9346000010264106,True,272.1201133658889
RSA+AES-256,1000,4,33,548.0144999964978,0.6597999963560142,2.912700001616031,True,272.1201133658889
RSA+AES-256,1000,4,34,652.8660999974818,0.6570999976247549,2.9657999984920025,True,272.1201133658889
RSA+AES-256,1000,4,35,1019.3246000053477,0.6748000014340505,2.9654999962076545,True,272.1201133658889
RSA+AES-256,1000,4,36,429.64679999568034,0.6499000010080636,3.042699994693976,True,272.1201133658889
RSA+AES-256,1000,4,37,792.3894000050495,0.6868000054964796,3.223499996238388,True,272.1201133658889
RSA+AES-256,1000,4,38,805.4941000009421,0.6560000038007274,2.8858000005129725,True,272.1201133658889
RSA+AES-256,1000,4,39,339.07539999927394,0.6895999977132306,2.8686000005109236,True,272.1201133658889
RSA+AES-256,1000,4,40,177.3800000009942,0.6276999993133359,2.955600000859704,True,272.1201133658889
RSA+AES-256,1000,4,41,534.8004999978002,0.7475999955204315,2.9375000012805685,True,272.1201133658889
RSA+AES-256,1000,4,42,357.80709999380633,0.6050000010873191,2.979500000947155,True,272.1201133658889
RSA+AES-256,1000,4,43,418.88720000133617,0.6794999935664237,2.9362000059336424,True,272.1201133658889
RSA+AES-256,1000,4,44,680.6194000018877,0.6654999961028807,2.9901999951107427,True,272.1201133658889
RSA+AES-256,1000,4,45,1002.4435000013909,0.6545000069309026,2.8622000027098693,True,272.1201133658889
RSA+AES-256,1000,4,46,121.70299999706913,0.5806999979540706,2.8722999995807186,True,272.1201133658889
RSA+AES-256,1000,4,47,377.202199997555,0.6582999994861893,2.930099995865021,True,272.1201133658889
RSA+AES-256,1000,4,48,779.4548999954714,0.6628999981330708,2.9510000022128224,True,272.1201133658889
RSA+AES-256,1000,4,49,844.6081000001868,0.6686999986413866,2.951099995698314,True,272.1201133658889
RSA+AES-256,1000,4,50,2257.069400002365,0.6492999964393675,2.8816000049118884,True,272.1201133658889
RSA+AES-256,1000,4,51,286.8681000036304,0.698499999998603,2.9786999948555604,True,272.1201133658889
RSA+AES-256,1000,4,52,678.6508000004687,0.6481999953393824,2.8690999970422126,True,272.1201133658889
RSA+AES-256,1000,4,53,737.8070000049775,0.6753000052412972,3.0006000015418977,True,272.1201133658889
RSA+AES-256,1000,4,54,90.08900000480935,0.6132999988039955,2.957199998490978,True,272.1201133658889
RSA+AES-256,1000,4,55,542.929399998684,0.6616000027861446,3.10620000527706,True,272.1201133658889
RSA+AES-256,1000,4,56,1677.8363999983412,0.6608999974559993,2.8948000035597943,True,272.1201133658889
RSA+AES-256,1000,4,57,535.6075000017881,0.6847999975434504,3.0178999950294383,True,272.1201133658889
RSA+AES-256,1000,4,58,535.7381000067107,0.6390999988070689,2.8567000044859014,True,272.1201133658889
RSA+AES-256,1000,4,59,767.1890999990865,0.6671000010101125,2.892799995606765,True,272.1201133658889
RSA+AES-256,1000,4,60,247.70239999634214,0.6525999997393228,2.917800004070159,True,272.1201133658889
RSA+AES-256,1000,4,61,585.4396000067936,0.6744999991497025,2.9665999973076396,True,272.1201133658889
RSA+AES-256,1000,4,62,454.08010000392096,0.6825999953434803,3.1214000046020374,True,272.1201133658889
RSA+AES-256,1000,4,63,39.26289999799337,0.6286999996518716,2.9642000008607283,True,272.1201133658889
RSA+AES-256,1000,4,64,963.5385000001406,0.6177000032039359,2.975300005346071,True,272.1201133658889
RSA+AES-256,1000,4,65,261.1051999992924,0.6584999937331304,2.9145000007702038,True,272.1201133658889
RSA+AES-256,1000,4,66,785.7367000033264,0.6743000049027614,2.9465000043273903,True,272.1201133658889
RSA+AES-256,1000,4,67,662.724400004663,0.6868999989819713,2.960400001029484,True,272.1201133658889
RSA+AES-256,1000,4,68,1637.7970000030473,1.1143000010633841,3.096400003414601,True,272.1201133658889
RSA+AES-256,1000,4,69,341.1647000029916,0.6431000001612119,3.236000004108064,True,272.1201133658889
RSA+AES-256,1000,4,70,727.3100000020349,0.6815000015194528,2.9671000011148863,True,272.1201133658889
RSA+AES-256,1000,4,71,619.3464000025415,0.8151999936671928,3.0167000004439615,True,272.1201133658889
RSA+AES-256,1000,4,72,1269.5840000014869,0.691100001859013,2.9543000055127777,True,272.1201133658889
RSA+AES-256,1000,4,73,1092.6448999962304,0.6112000046414323,2.915700002631638,True,272.1201133658889
RSA+AES-256,1000,4,74,431.55140000453684,0.6556000007549301,2.8512999997474253,True,272.1201133658889
RSA+AES-256,1000,4,75,180.11540000588866,0.6396000026143156,2.865800001018215,True,272.1201133658889
RSA+AES-256,1000,4,76,754.7486999974353,0.6741000033798628,3.0267999973148108,True,272.1201133658889
RSA+AES-256,1000,4,77,378.95510000089416,0.6748000014340505,2.891999996791128,True,272.1201133658889
RSA+AES-256,1000,4,78,1308.3335000046645,0.6791000050725415,2.963499995530583,True,272.1201133658889
RSA+AES-256,1000,4,79,590.4181000005337,0.7019000040600076,3.043799995793961,True,272.1201133658889
RSA+AES-256,1000,4,80,1072.7788000003784,0.6613000005017966,3.1391000011353754,True,272.1201133658889
RSA+AES-256,1000,4,81,470.65329999895766,0.6697999997413717,2.886000002035871,True,272.1201133658889
RSA+AES-256,1000,4,82,1173.5693999944488,0.6902999957674183,2.9484999977285042,True,272.1201133658889
RSA+AES-256,1000,4,83,505.34309999784455,0.6711000023642555,3.0178000015439466,True,272.1201133658889
RSA+AES-256,1000,4,84,867.8360000048997,0.8027000003494322,3.2299000013154,True,272.1201133658889
RSA+AES-256,1000,4,85,90.73679999710293,0.5986000032862648,2.9265999983181246,True,272.1201133658889
RSA+AES-256,1000,4,86,358.63029999745777,0.6726999999955297,2.9537000009440817,True,272.1201133658889
RSA+AES-256,1000,4,87,282.9848999972455,0.629100002697669,2.8624999977182597,True,272.1201133658889
RSA+AES-256,1000,4,88,666.4078999965568,0.6873999955132604,2.945300002465956,True,272.1201133658889
RSA+AES-256,1000,4,89,463.2993000050192,0.6686999986413866,2.958600001875311,True,272.1201133658889
RSA+AES-256,1000,4,90,648.6982999995234,0.6696999989799224,2.926199995272327,True,272.1201133658889
RSA+AES-256,1000,4,91,1089.500499998394,0.698199997714255,2.9085999995004386,True,272.1201133658889
RSA+AES-256,1000,4,92,350.11840000515804,0.6184999947436154,3.021100004843902,True,272.1201133658889
RSA+AES-256,1000,4,93,711.0144999969634,0.6584000002476387,2.9179999983171,True,272.1201133658889
RSA+AES-256,1000,4,94,236.4233999978751,0.6448999993153848,2.8843000036431476,True,272.1201133658889
RSA+AES-256,1000,4,95,818.0634000018472,0.6673999960185029,2.9221000004326925,True,272.1201133658889
RSA+AES-256,1000,4,96,1000.2912999989348,0.6560999972862191,2.904600005422253,True,272.1201133658889
RSA+AES-256,1000,4,97,917.9885999983526,0.6668999994872138,3.000400000018999,True,272.1201133658889
RSA+AES-256,1000,4,98,577.8199000051245,0.6820999988121912,2.8882000042358413,True,272.1201133658889
RSA+AES-256,1000,4,99,335.44099999562604,0.6949000016902573,2.9973999990033917,True,272.1201133658889
RSA+AES-256,1000,4,100,878.2563000058872,0.6639999992330559,2.882300002966076,True,272.1201133658889
RSA+AES-256,1000,4,101,154.25759999925504,0.618199999735225,2.9460000005201437,True,272.1201133658889
RSA+AES-256,1000,4,102,1129.999400000088,0.6755000067641959,2.913500000431668,True,272.1201133658889
RSA+AES-256,1000,4,103,695.3840999995009,0.6672000017715618,2.9462000020430423,True,272.1201133658889
RSA+AES-256,1000,4,104,364.5027000020491,0.6203000011737458,2.9023000024608336,True,272.1201133658889
RSA+AES-256,1000,4,105,374.28599999839207,0.6563999995705672,3.132700003334321,True,272.1201133658889
RSA+AES-256,1000,4,106,351.4437999983784,0.6012000012560748,2.947599998151418,True,272.1201133658889
RSA+AES-256,1000,4,107,863.3352999968338,0.6666999979643151,2.895999998145271,True,272.1201133658889
RSA+AES-256,1000,4,108,459.9457000003895,0.6616999962716363,3.001500001118984,True,272.1201133658889
RSA+AES-256,1000,4,109,838.9893999992637,0.6558000022778288,3.223799998522736,True,272.1201133658889
RSA+AES-256,1000,4,110,102.6136000000406,0.8433000039076433,2.966399995784741,True,272.1201133658889
RSA+AES-256,1000,4,111,1273.0314999935217,0.6709999943268485,2.9299999951035716,True,272.1201133658889
RSA+AES-256,1000,4,112,182.1270000000368,0.610800001595635,3.14730000536656,True,272.1201133658889
RSA+AES-256,1000,4,113,887.0267000020249,0.6561999980476685,2.881200001866091,True,272.1201133658889
RSA+AES-256,1000,4,114,806.5265999975963,0.6157000025268644,3.090000005613547,True,272.1201133658889
RSA+AES-256,1000,4,115,1067.6654000053531,0.6240999937290326,2.9414000018732622,True,272.1201133658889
RSA+AES-256,1000,4,116,1006.836900000053,0.6630999996559694,3.0258999977377243,True,272.1201133658889
RSA+AES-256,1000,4,117,309.4905999969342,0.6915999983903021,2.948399996967055,True,272.1201133658889
RSA+AES-256,1000,4,118,927.1991999994498,0.6600999986403622,2.9903000031481497,True,272.1201133658889
RSA+AES-256,1000,4,119,1128.247900000133,0.6820999988121912,2.889900002628565,True,272.1201133658889
RSA+AES-256,1000,4,120,324.70749999629334,0.6640999999945052,2.9531000036513433,True,272.1201133658889
RSA+AES-256,1000,4,121,357.0107999985339,0.669100001687184,2.962600003229454,True,272.1201133658889
RSA+AES-256,1000,4,122,1349.4050999943283,0.6701000020257197,2.950599999167025,True,272.1201133658889
RSA+AES-256,1000,4,123,839.634500000102,0.7140999950934201,2.9840999995940365,True,272.1201133658889
RSA+AES-256,1000,4,124,309.27109999902314,0.6454999966081232,2.8920999975525774,True,272.1201133658889
RSA+AES-256,1000,4,125,1053.851200005738,0.6456000046455301,2.9195000024628825,True,272.1201133658889
RSA+AES-256,1000,4,126,392.3244999969029,0.6844000017736107,2.988800006278325,True,272.1201133658889
RSA+AES-256,1000,4,127,497.3714000007021,0.6586000017705373,2.9217999981483445,True,272.1201133658889
RSA+AES-256,1000,4,128,118.34330000419868,0.5974000014248304,2.8745000017806888,True,272.1201133658889
RSA+AES-256,1000,4,129,648.938399994222,0.6524999989778735,3.0335999981616624,True,272.1201133658889
RSA+AES-256,1000,4,130,768.9892999987933,0.6635000027017668,2.9900000008638017,True,272.1201133658889
RSA+AES-256,1000,4,131,420.54949999874225,0.6840999994892627,2.9962999979034066,True,272.1201133658889
RSA+AES-256,1000,4,132,2198.2366000011098,0.6350999974529259,2.8355000031297095,True,272.1201133658889
RSA+AES-256,1000,4,133,83.51450000191107,0.6749000021954998,2.991500005009584,True,272.1201133658889
RSA+AES-256,1000,4,134,490.6582999974489,0.6659999999101274,2.9763999991700985,True,272.1201133658889
RSA+AES-256,1000,4,135,455.47820000501815,0.6859999994048849,3.3748999994713813,True,272.1201133658889
RSA+AES-256,1000,4,136,49.730999999155756,0.59299999702489,2.9162999999243766,True,272.1201133658889
RSA+AES-256,1000,4,137,792.7392999990843,0.6772999986424111,2.9063999973004684,True,272.1201133658889
RSA+AES-256,1000,4,138,543.2560000044759,0.6749000021954998,3.0116999987512827,True,272.1201133658889
RSA+AES-256,1000,4,139,762.6736000020173,0.7235000011860393,3.0955999973230064,True,272.1201133658889
RSA+AES-256,1000,4,140,456.89349999884143,0.6451000008382834,3.126900002826005,True,272.1201133658889
RSA+AES-256,1000,4,141,513.9012999934494,0.665700004901737,2.9265999983181246,True,272.1201133658889
RSA+AES-256,1000,4,142,152.59189999778755,0.6703999970341101,3.014000001712702,True,272.1201133658889
RSA+AES-256,1000,4,143,884.4072000065353,0.6859000059193932,3.2855000026756898,True,272.1201133658889
RSA+AES-256,1000,4,144,1495.8407000012812,0.6635999961872585,2.946100001281593,True,272.1201133658889
RSA+AES-256,1000,4,145,1216.2036999943666,0.6317000006674789,3.096400003414601,True,272.1201133658889
RSA+AES-256,1000,4,146,839.6615000019665,0.668499997118488,2.887800001190044,True,272.1201133658889
RSA+AES-256,1000,4,147,347.73029999632854,0.6608999974559993,2.9264000040711835,True,272.1201133658889
RSA+AES-256,1000,4,148,563.094999997702,0.6811999992351048,2.9387999966274947,True,272.1201133658889
RSA+AES-256,1000,4,149,881.8761000002269,0.6371999988914467,2.969699999084696,True,272.1201133658889
RSA+AES-256,1000,4,150,299.30939999758266,0.6836000029579736,2.920400002039969,True,272.1201133658889
RSA+AES-256,1000,4,151,1198.344399999769,0.6747000006726012,2.8592999951797538,True,272.1201133658889
RSA+AES-256,1000,4,152,232.19570000219392,0.6477999995695427,2.92279999848688,True,272.1201133658889
RSA+AES-256,1000,4,153,239.73729999852367,0.6307000003289431,2.9272000028868206,True,272.1201133658889
RSA+AES-256,1000,4,154,360.9972000049311,0.7005000006756745,3.0126999990898184,True,272.1201133658889
RSA+AES-256,1000,4,155,1166.871200002788,0.6756000002496876,3.1079000036697835,True,272.1201133658889
RSA+AES-256,1000,4,156,1086.2343999979203,0.6508999940706417,3.0801999964751303,True,272.1201133658889
RSA+AES-256,1000,4,157,249.0200999964145,0.7007000021985732,3.117799999017734,True,272.1201133658889
RSA+AES-256,1000,4,158,192.98069999786094,0.6765000071027316,3.085899996221997,True,272.1201133658889
RSA+AES-256,1000,4,159,1065.188799999305,0.6730999957653694,2.978700002131518,True,272.1201133658889
RSA+AES-256,1000,4,160,576.9830000062939,0.6300999957602471,2.94209999992745,True,272.1201133658889
RSA+AES-256,1000,4,161,669.5573999968474,0.6829999983892776,3.082600000197999,True,272.1201133658889
RSA+AES-256,1000,4,162,1337.5526999952854,0.6936999998288229,2.9826000027242117,True,272.1201133658889
RSA+AES-256,1000,4,163,419.24130000552395,0.6969999958528206,3.0108999999356456,True,272.1201133658889
RSA+AES-256,1000,4,164,241.37899999914225,0.6296999999904074,2.9867999983252957,True,272.1201133658889
RSA+AES-256,1000,4,165,143.27059999777703,0.715899994247593,2.973399998154491,True,272.1201133658889
RSA+AES-256,1000,4,166,334.8242000065511,0.7113000028766692,3.0087999984971248,True,272.1201133658889
RSA+AES-256,1000,4,167,919.4506999992882,0.741399999242276,3.038299997569993,True,272.1201133658889
RSA+AES-256,1000,4,168,942.6052999988315,0.8674999990034848,3.1065000002854504,True,272.1201133658889
RSA+AES-256,1000,4,169,540.1093999971636,0.7101000010152347,3.0640999975730665,True,272.1201133658889
RSA+AES-256,1000,4,170,781.8277999976999,0.6680000005871989,2.9471000016201288,True,272.1201133658889
RSA+AES-256,1000,4,171,1244.119499999215,0.6963999985600822,3.0182999980752356,True,272.1201133658889
RSA+AES-256,1000,4,172,1118.1410999997752,0.7129000005079433,2.9214000023785047,True,272.1201133658889
RSA+AES-256,1000,4,173,513.1758999996237,0.6573999999091029,2.938099998573307,True,272.1201133658889
RSA+AES-256,1000,4,174,859.0870999978506,0.6916999991517514,2.9045999981462955,True,272.1201133658889
RSA+AES-256,1000,4,175,1378.5083999973722,0.7023999933153391,3.017099996213801,True,272.1201133658889
RSA+AES-256,1000,4,176,428.12870000489056,0.6505999990622513,2.8690999970422126,True,272.1201133658889
RSA+AES-256,1000,4,177,310.2082999976119,0.6826999961049296,2.9651000004378147,True,272.1201133658889
RSA+AES-256,1000,4,178,585.4329000067082,1.0851000042748637,3.1292999992729165,True,272.1201133658889
RSA+AES-256,1000,4,179,645.7796000031522,0.6807000027038157,3.0126999990898184,True,272.1201133658889
RSA+AES-256,1000,4,180,1572.394800001348,0.6227999983821064,2.9619000051752664,True,272.1201133658889
RSA+AES-256,1000,4,181,493.54139999923063,0.7094999964465387,3.0197000014595687,True,272.1201133658889
RSA+AES-256,1000,4,182,187.16600000334438,0.6041999949957244,2.8692999985651113,True,272.1201133658889
RSA+AES-256,1000,4,183,660.9721999993781,0.6610999989788979,2.9488000000128523,True,272.1201133658889
RSA+AES-256,1000,4,184,673.076700004458,0.6865999966976233,2.9972999982419424,True,272.1201133658889
RSA+AES-256,1000,4,185,1216.8146000039997,0.6356000012601726,2.9453999959514476,True,272.1201133658889
RSA+AES-256,1000,4,186,2049.3155000003753,0.6302999972831458,2.9850999999325722,True,272.1201133658889
RSA+AES-256,1000,4,187,649.9796999996761,0.6910999945830554,2.8957999966223724,True,272.1201133658889
RSA+AES-256,1000,4,188,572.2778999988805,0.7114999971236102,3.0020999984117225,True,272.1201133658889
RSA+AES-256,1000,4,189,1427.1860000008019,0.6521999966935255,2.8771000070264563,True,272.1201133658889
RSA+AES-256,1000,4,190,189.04589999874588,0.6892000019433908,3.0014999938430265,True,272.1201133658889
RSA+AES-256,1000,4,191,1080.0593000021763,0.6706999993184581,2.923000000009779,True,272.1201133658889
RSA+AES-256,1000,4,192,621.019799997157,0.6973000054131262,2.958199998829514,True,272.1201133658889
RSA+AES-256,1000,4,193,117.47599999944214,0.5960999988019466,2.9453999959514476,True,272.1201133658889
RSA+AES-256,1000,4,194,267.0312999980524,0.6893000027048402,2.8628000000026077,True,272.1201133658889
RSA+AES-256,1000,4,195,1774.207700000261,0.6439000062528066,2.9913000034866855,True,272.1201133658889
RSA+AES-256,1000,4,196,137.1170999991591,0.6552999984705821,2.953199997136835,True,272.1201133658889
RSA+AES-256,1000,4,197,140.07480000145733,0.596500001847744,2.9203000012785196,True,272.1201133658889
RSA+AES-256,1000,4,198,237.8028999955859,0.6714999981340952,3.0142999967210926,True,272.1201133658889
RSA+AES-256,1000,4,199,722.4833000000217,0.6788000027881935,2.9027999989921227,True,272.1201133658889
RSA+AES-256,1000,4,200,2576.8740000057733,0.7041999997454695,2.9386000023805536,True,272.1201133658889
RSA+AES-256,1000,4,201,1609.1323000000557,0.6702999962726608,2.974000002723187,True,272.1201133658889
RSA+AES-256,1000,4,202,749.9594999972032,0.6882999950903468,2.9791000051773153,True,272.1201133658889
RSA+AES-256,1000,4,203,502.2108999983175,0.6931000025360845,3.0417000016313978,True,272.1201133658889
RSA+AES-256,1000,4,204,144.58079999894835,0.5789999995613471,2.954600000521168,True,272.1201133658889
RSA+AES-256,1000,4,205,1091.3486999997986,0.717100003384985,3.1296000015572645,True,272.1201133658889
RSA+AES-256,1000,4,206,256.8960999997216,0.7036999959382229,3.096700005698949,True,272.1201133658889
RSA+AES-256,1000,4,207,963.1156000032206,0.6769999963580631,2.940800004580524,True,272.1201133658889
RSA+AES-256,1000,4,208,752.9251000014483,0.6027999988873489,2.9611000063596293,True,272.1201133658889
RSA+AES-256,1000,4,209,414.7283999991487,0.671899993903935,3.6307000045781024,True,272.1201133658889
RSA+AES-256,1000,4,210,522.3923000012292,0.6839000052423216,2.8995999964536168,True,272.1201133658889
RSA+AES-256,1000,4,211,2048.9177999988897,0.6693000032100827,2.955099997052457,True,272.1201133658889
RSA+AES-256,1000,4,212,711.3653999986127,0.6620999993174337,2.9477999996743165,True,272.1201133658889
RSA+AES-256,1000,4,213,680.5366999979015,0.6643000015174039,2.9139000034774654,True,272.1201133658889
RSA+AES-256,1000,4,214,170.5454999973881,0.6468999999924563,2.9748000015388243,True,272.1201133658889
RSA+AES-256,1000,4,215,1420.3482000011718,0.651100002869498,2.9477999996743165,True,272.1201133658889
RSA+AES-256,1000,4,216,360.13090000051307,0.6684000036329962,2.863200003048405,True,272.1201133658889
RSA+AES-256,1000,4,217,654.6963000000687,0.6732000038027763,2.9574000000138767,True,272.1201133658889
RSA+AES-256,1000,4,218,1642.9248999993433,0.6681000013486482,3.0413999993470497,True,272.1201133658889
RSA+AES-256,1000,4,219,1327.5447999985772,0.6900000007590279,2.9885999974794686,True,272.1201133658889
RSA+AES-256,1000,4,220,451.5520999993896,0.7057999973767437,3.0398000017157756,True,272.1201133658889
RSA+AES-256,1000,4,221,142.36350000282982,0.6779000032111071,2.9397999969660304,True,272.1201133658889
RSA+AES-256,1000,4,222,282.5325999947381,0.6568000026163645,2.90580000000773,True,272.1201133658889
RSA+AES-256,1000,4,223,521.8198000002303,0.6441999939852394,2.9556999943451956,True,272.1201133658889
RSA+AES-256,1000,4,224,302.392300000065,0.6949999951757491,2.9988999958732165,True,272.1201133658889
RSA+AES-256,1000,4,225,320.2732999998261,0.6798000031267293,2.958199998829514,True,272.1201133658889
RSA+AES-256,1000,4,226,1249.6739999987767,0.6635000027017668,2.9724999985774048,True,272.1201133658889
RSA+AES-256,1000,4,227,751.2927999996464,0.6689000001642853,2.955600000859704,True,272.1201133658889
RSA+AES-256,1000,4,228,595.3754000001936,0.6648999988101423,2.994800001033582,True,272.1201133658889
RSA+AES-256,1000,4,229,843.7121999959345,0.7047000035527162,3.0006000015418977,True,272.1201133658889
RSA+AES-256,1000,4,230,576.1106999998447,0.6817000030423515,2.961599995614961,True,272.1201133658889
RSA+AES-256,1000,4,231,115.72259999957168,0.6816999957663938,2.9987000016262755,True,272.1201133658889
RSA+AES-256,1000,4,232,573.1468999947538,0.6616000027861446,2.9752999980701134,True,272.1201133658889
RSA+AES-256,1000,4,233,533.2182999991346,0.6238999994820915,2.9713999974774197,True,272.1201133658889
RSA+AES-256,1000,4,234,437.7671999973245,0.6916999991517514,3.0588000008719973,True,272.1201133658889
RSA+AES-256,1000,4,235,214.23339999455493,0.6281000023591332,2.849600001354702,True,272.1201133658889
RSA+AES-256,1000,4,236,531.5550999948755,0.6718000004184432,2.8965000019525178,True,272.1201133658889
RSA+AES-256,1000,4,237,219.82440000283532,0.6647000045632012,2.9575999942608178,True,272.1201133658889
RSA+AES-256,1000,4,238,219.03960000054212,0.6690000009257346,2.9837999973096885,True,272.1201133658889
RSA+AES-256,1000,4,239,538.2779999999912,0.6747000006726012,2.892299999075476,True,272.1201133658889
RSA+AES-256,1000,4,240,459.3936000019312,0.6460999939008616,2.8861000027973205,True,272.1201133658889
RSA+AES-256,1000,4,241,129.7852999996394,0.6040000007487833,2.9558000023826025,True,272.1201133658889
RSA+AES-256,1000,4,242,1622.4144000007072,0.6799999973736703,2.988500003993977,True,272.1201133658889
RSA+AES-256,1000,4,243,432.5639000016963,0.6628999981330708,2.924899999925401,True,272.1201133658889
RSA+AES-256,1000,4,244,524.5100999964052,0.6452000015997328,2.9311000034795143,True,272.1201133658889
RSA+AES-256,1000,4,245,445.17330000235233,0.6933999975444749,2.951900001789909,True,272.1201133658889
RSA+AES-256,1000,4,246,52.053999999770895,0.5792000010842457,2.8989999991608784,True,272.1201133658889
RSA+AES-256,1000,4,247,844.9871999982861,0.6570999976247549,2.919799997471273,True,272.1201133658889
RSA+AES-256,1000,4,248,618.2965999978478,0.6913000033819117,2.91060000017751,True,272.1201133658889
RSA+AES-256,1000,4,249,863.3344000045327,0.7392999978037551,3.29770000098506,True,272.1201133658889
RSA+AES-256,1000,4,250,1533.2525999983773,0.9897000054479577,3.7975999948685057,True,272.1201133658889
RSA+AES-256,1000,4,251,136.01729999936651,0.6597000028705224,3.1842000025790185,True,272.1201133658889
RSA+AES-256,1000,4,252,474.72779999952763,0.6731999965268187,2.9785000006086193,True,272.1201133658889
RSA+AES-256,1000,4,253,201.52729999972507,0.6536000000778586,3.1143999949563295,True,272.1201133658889
RSA+AES-256,1000,4,254,1394.9097000004258,0.6503999975393526,2.965899999253452,True,272.1201133658889
RSA+AES-256,1000,4,255,668.8635000027716,0.6766000005882233,2.960400001029484,True,272.1201133658889
RSA+AES-256,1000,4,256,1246.443800002453,0.7097999987308867,3.1512999994447455,True,272.1201133658889
RSA+AES-256,1000,4,257,303.34629999561,0.6947000001673587,3.2248999996227212,True,272.1201133658889
RSA+AES-256,1000,4,258,371.2223000038648,0.6966000000829808,3.0282999941846356,True,272.1201133658889
RSA+AES-256,1000,4,259,98.26919999613892,0.6226999976206571,2.950900001451373,True,272.1201133658889
RSA+AES-256,1000,4,260,581.0498999999254,0.6553999992320314,3.006699997058604,True,272.1201133658889
RSA+AES-256,1000,4,261,224.89229999337113,0.6772999986424111,2.977099997224286,True,272.1201133658889
RSA+AES-256,1000,4,262,539.0096999981324,0.6894999969517812,2.95949999417644,True,272.1201133658889
RSA+AES-256,1000,4,263,1268.44689999416,0.6941000028746203,2.878300001611933,True,272.1201133658889
RSA+AES-256,1000,4,264,923.659799998859,0.6606000024476089,2.9108999951859005,True,272.1201133658889
RSA+AES-256,1000,4,265,2743.2889999981853,0.6575000006705523,2.898899998399429,True,272.1201133658889
RSA+AES-256,1000,4,266,1418.9268999980413,0.661599995510187,2.914800003054552,True,272.1201133658889
RSA+AES-256,1000,4,267,421.3896000001114,0.6556000007549301,2.8740999987348914,True,272.1201133658889
RSA+AES-256,1000,4,268,370.87179999798536,0.8760999990045093,3.007600003911648,True,272.1201133658889
RSA+AES-256,1000,4,269,538.0991999991238,0.6150999979581684,2.918499994848389,True,272.1201133658889
RSA+AES-256,1000,4,270,299.4177000000491,0.662200000078883,2.962600003229454,True,272.1201133658889
RSA+AES-256,1000,4,271,352.6320000019041,0.730499996279832,3.462600005150307,True,272.1201133658889
RSA+AES-256,1000,4,272,2322.166500001913,0.680800003465265,2.991699999256525,True,272.1201133658889
RSA+AES-256,1000,4,273,586.6517999966163,0.6664999964414164,2.9238999995868653,True,272.1201133658889
RSA+AES-256,1000,4,274,105.03400000015972,0.5976000029477291,2.8777999978046864,True,272.1201133658889
RSA+AES-256,1000,4,275,363.4627999999793,0.6710000016028062,2.885599998990074,True,272.1201133658889
RSA+AES-256,1000,4,276,763.5025000054156,0.6321000037132762,2.9625999959534965,True,272.1201133658889
RSA+AES-256,1000,4,277,831.3826000012341,0.6718000004184432,2.9599999979836866,True,272.1201133658889
RSA+AES-256,1000,4,278,545.4114000021946,0.6573999999091029,2.9309999954421073,True,272.1201133658889
RSA+AES-256,1000,4,279,904.8139000005904,0.6616999962716363,2.9489000007743016,True,272.1201133658889
RSA+AES-256,1000,4,280,425.3850999957649,0.6457999988924712,2.9796000017086044,True,272.1201133658889
RSA+AES-256,1000,4,281,661.1081000010017,0.6974999996600673,2.9754000061075203,True,272.1201133658889
RSA+AES-256,1000,4,282,415.5747999975574,0.6571999983862042,2.9104999994160607,True,272.1201133658889
RSA+AES-256,1000,4,283,734.5353999990039,0.6898999999975786,2.9416999968816526,True,272.1201133658889
RSA+AES-256,1000,4,284,1133.0491000044276,0.6781999982194975,2.9460000005201437,True,272.1201133658889
RSA+AES-256,1000,4,285,629.2944999950123,0.6922999964444898,3.0071000001044013,True,272.1201133658889
RSA+AES-256,1000,4,286,258.0436999996891,0.6366000015987083,2.879700004996266,True,272.1201133658889
RSA+AES-256,1000,4,287,969.9499999987893,0.6807999961893074,2.9198999982327223,True,272.1201133658889
RSA+AES-256,1000,4,288,1438.5375000056229,0.6924000044818968,3.1304000003729016,True,272.1201133658889
RSA+AES-256,1000,4,289,946.9877000010456,0.6824000010965392,2.9921000023023225,True,272.1201133658889
RSA+AES-256,1000,4,290,989.0009000009741,0.6904000038048252,2.9599999979836866,True,272.1201133658889
RSA+AES-256,1000,4,291,150.53549999720417,0.6366000015987083,3.0277999976533465,True,272.1201133658889
RSA+AES-256,1000,4,292,293.20580000057817,0.614999997196719,2.9684999972232617,True,272.1201133658889
RSA+AES-256,1000,4,293,469.75490000477294,0.7555999982287176,2.9114999997545965,True,272.1201133658889
RSA+AES-256,1000,4,294,144.03759999549948,0.6030000004102476,2.940900005341973,True,272.1201133658889
RSA+AES-256,1000,4,295,502.45690000156173,0.6630999996559694,2.993499998410698,True,272.1201133658889
RSA+AES-256,1000,4,296,786.0968000022694,0.6671000010101125,2.9543999989982694,True,272.1201133658889
RSA+AES-256,1000,4,297,2520.3144999977667,0.7027000028756447,2.9960000028950162,True,272.1201133658889
RSA+AES-256,1000,4,298,363.02250000153435,0.6610000054934062,2.98579999798676,True,272.1201133658889
RSA+AES-256,1000,4,299,1594.6270000058576,0.6644000022788532,2.882300002966076,True,272.1201133658889
RSA+AES-256,1000,4,300,426.8348999976297,0.6632999939029105,2.9320000030566007,True,272.1201133658889
RSA+AES-256,1000,4,301,1055.4738999999245,0.6460000004153699,2.874999998311978,True,272.1201133658889
RSA+AES-256,1000,4,302,758.4324999988894,0.691100001859013,2.978099997562822,True,272.1201133658889
RSA+AES-256,1000,4,303,155.97170000546612,0.6489999941550195,2.9345000002649613,True,272.1201133658889
RSA+AES-256,1000,4,304,383.9425999976811,0.6788000027881935,3.0822000044281594,True,272.1201133658889
RSA+AES-256,1000,4,305,1463.389399999869,0.6345000001601875,3.05579999985639,True,272.1201133658889
RSA+AES-256,1000,4,306,1279.2992999966373,0.7136999993235804,2.995099996041972,True,272.1201133658889
RSA+AES-256,1000,4,307,339.8581000001286,0.6773999994038604,2.9847999976482242,True,272.1201133658889
RSA+AES-256,1000,4,308,1303.5979999986012,0.6584000002476387,2.899899998737965,True,272.1201133658889
RSA+AES-256,1000,4,309,1028.8626000037766,0.6808999969507568,2.979500000947155,True,272.1201133658889
RSA+AES-256,1000,4,310,1259.7820999944815,0.6690000009257346,2.950100002635736,True,272.1201133658889
RSA+AES-256,1000,4,311,567.2087000057218,0.614800002949778,2.9556999943451956,True,272.1201133658889
RSA+AES-256,1000,4,312,343.8349999996717,0.6448999993153848,2.893299999414012,True,272.1201133658889
RSA+AES-256,1000,4,313,1932.4912000010954,0.7126999989850447,3.3858000024338253,True,272.1201133658889
RSA+AES-256,1000,4,314,354.24570000031963,0.6323999987216666,2.9361999986576848,True,272.1201133658889
RSA+AES-256,1000,4,315,152.30660000088392,0.5959000045550056,2.8700999973807484,True,272.1201133658889
RSA+AES-256,1000,4,316,789.3498999983422,0.611600000411272,3.0130000013741665,True,272.1201133658889
RSA+AES-256,1000,4,317,461.29320000181906,0.6603000001632608,2.9280000017024577,True,272.1201133658889
RSA+AES-256,1000,4,318,323.176699996111,0.6415000025299378,2.943899999081623,True,272.1201133658889
RSA+AES-256,1000,4,319,602.5689000016428,0.6961000035516918,2.9477999996743165,True,272.1201133658889
RSA+AES-256,1000,4,320,285.15569999581203,0.6252000021049753,2.8913999994983897,True,272.1201133658889
RSA+AES-256,1000,4,321,1736.387900004047,0.6659999999101274,2.937400000519119,True,272.1201133658889
RSA+AES-256,1000,4,322,875.6154000002425,0.640500002191402,2.8840000013587996,True,272.1201133658889
RSA+AES-256,1000,4,323,1023.780200004694,0.6747000006726012,2.999099997396115,True,272.1201133658889
RSA+AES-256,1000,4,324,1874.1177999982028,0.6831999999121763,2.9280000017024577,True,272.1201133658889
RSA+AES-256,1000,4,325,81.59709999745246,0.6028999996487983,2.848799995263107,True,272.1201133658889
RSA+AES-256,1000,4,326,971.8656999975792,0.676499999826774,2.980100005515851,True,272.1201133658889
RSA+AES-256,1000,4,327,212.37339999788674,0.6987000015215017,3.016799993929453,True,272.1201133658889
RSA+AES-256,1000,4,328,587.6519000012195,0.6745999999111518,2.9794999936711974,True,272.1201133658889
RSA+AES-256,1000,4,329,1424.5759999976144,0.6690000009257346,2.9141999984858558,True,272.1201133658889
RSA+AES-256,1000,4,330,596.1396000056993,0.6419999990612268,2.892600001359824,True,272.1201133658889
RSA+AES-256,1000,4,331,1715.1517999955104,0.6444000027840957,2.940200000011828,True,272.1201133658889
RSA+AES-256,1000,4,332,478.4823000009055,0.665899999148678,2.963300001283642,True,272.1201133658889
RSA+AES-256,1000,4,333,392.1898000044166,0.6588999967789277,2.947699998912867,True,272.1201133658889
RSA+AES-256,1000,4,334,1156.492200003413,0.6886000046506524,3.0549000002793036,True,272.1201133658889
RSA+AES-256,1000,4,335,603.6098999975366,0.6919000006746501,3.1923999995342456,True,272.1201133658889
RSA+AES-256,1000,4,336,1019.4974999976694,0.6897000057506375,2.9830999992555007,True,272.1201133658889
RSA+AES-256,1000,4,337,162.1928000022308,0.6177999966894276,2.886099995521363,True,272.1201133658889
RSA+AES-256,1000,4,338,1712.170699996932,0.6676000048173591,2.9521999967982993,True,272.1201133658889
RSA+AES-256,1000,4,339,917.6150999992387,0.7030999986454844,2.9630999997607432,True,272.1201133658889
RSA+AES-256,1000,4,340,2056.81559999357,0.6881000008434057,2.950400004920084,True,272.1201133658889
RSA+AES-256,1000,4,341,1495.5128000001423,0.680500001180917,2.8825999979744665,True,272.1201133658889
RSA+AES-256,1000,4,342,545.9375999998883,0.698499999998603,2.930399998149369,True,272.1201133658889
RSA+AES-256,1000,4,343,437.0151999974041,0.6789000035496429,2.943599996797275,True,272.1201133658889
RSA+AES-256,1000,4,344,848.3017999969888,0.6734999988111667,2.9427999979816377,True,272.1201133658889
RSA+AES-256,1000,4,345,934.9978000027477,0.6955999997444451,2.97100000170758,True,272.1201133658889
RSA+AES-256,1000,4,346,517.4773000035202,0.6749000021954998,3.021900003659539,True,272.1201133658889
RSA+AES-256,1000,4,347,1782.2030000024824,0.6611999997403473,3.1022999974084087,True,272.1201133658889
RSA+AES-256,1000,4,348,259.33939999958966,0.6333000055747107,2.937200006272178,True,272.1201133658889
RSA+AES-256,1000,4,349,194.3251999982749,0.6131999980425462,3.062599993427284,True,272.1201133658889
RSA+AES-256,1000,4,350,323.4760000050301,0.6928000002517365,2.980299999762792,True,272.1201133658889
RSA+AES-256,1000,4,351,216.9992999988608,0.6204000019351952,2.935000004072208,True,272.1201133658889
RSA+AES-256,1000,4,352,550.4502999974648,0.6391999995685183,2.993600006448105,True,272.1201133658889
RSA+AES-256,1000,4,353,979.4188000014401,0.6682000021100976,3.1927000018185936,True,272.1201133658889
RSA+AES-256,1000,4,354,200.94390000303974,0.6797000023652799,2.8580999933183193,True,272.1201133658889
RSA+AES-256,1000,4,355,589.0800999986823,0.6964000058360398,3.0696999965584837,True,272.1201133658889
RSA+AES-256,1000,4,356,375.29299999732757,0.7093999956850894,4.1262000013375655,True,272.1201133658889
RSA+AES-256,1000,4,357,751.1090999978478,0.7034999944153242,2.9417000041576102,True,272.1201133658889
RSA+AES-256,1000,4,358,732.0609000016702,0.6690000009257346,2.915700002631638,True,272.1201133658889
RSA+AES-256,1000,4,359,1396.661300001142,0.61450000066543,2.977299998747185,True,272.1201133658889
RSA+AES-256,1000,4,360,320.9391999989748,0.6528000012622215,3.0757999993511476,True,272.1201133658889
RSA+AES-256,1000,4,361,915.4827000020305,0.6362999993143603,2.9608000040752813,True,272.1201133658889
RSA+AES-256,1000,4,362,407.99949999927776,0.6635000027017668,2.9521000033128075,True,272.1201133658889
RSA+AES-256,1000,4,363,438.2277999975486,0.6627999973716214,2.9457000055117533,True,272.1201133658889
RSA+AES-256,1000,4,364,594.3488999982947,0.6708000000799075,2.9448999994201586,True,272.1201133658889
RSA+AES-256,1000,4,365,1085.2481000038097,0.6703999970341101,2.9031000012764707,True,272.1201133658889
RSA+AES-256,1000,4,366,1746.797300002072,0.6982999984757043,2.985499995702412,True,272.1201133658889
RSA+AES-256,1000,4,367,612.8644999989774,0.6926999994902872,2.9371999989962205,True,272.1201133658889
RSA+AES-256,1000,4,368,444.7574999940116,0.6393000003299676,2.998199997819029,True,272.1201133658889
RSA+AES-256,1000,4,369,341.7789000013727,0.6730000022798777,2.8835000048275106,True,272.1201133658889
RSA+AES-256,1000,4,370,1279.8155000054976,0.7146999996621162,2.974700000777375,True,272.1201133658889
RSA+AES-256,1000,4,371,1379.1880999997375,0.716300004569348,3.0184999995981343,True,272.1201133658889
RSA+AES-256,1000,4,372,908.7242999958107,0.6532999977935106,2.91060000017751,True,272.1201133658889
RSA+AES-256,1000,4,373,206.9188999957987,0.6146000014268793,2.890200004912913,True,272.1201133658889
RSA+AES-256,1000,4,374,468.7346999999136,0.6595000013476238,2.9012000013608485,True,272.1201133658889
RSA+AES-256,1000,4,375,982.2695000038948,0.6786000012652948,2.947699998912867,True,272.1201133658889
RSA+AES-256,1000,4,376,107.92769999534357,0.575300000491552,2.867099996365141,True,272.1201133658889
RSA+AES-256,1000,4,377,979.8499000025913,0.6627000038861297,2.9415000026347116,True,272.1201133658889
RSA+AES-256,1000,4,378,817.1150999987731,0.6955000062589534,2.9900000008638017,True,272.1201133658889
RSA+AES-256,1000,4,379,741.2467999965884,0.6934000048204325,2.9452000017045066,True,272.1201133658889
RSA+AES-256,1000,4,380,1886.5595999959623,0.6839000052423216,3.0313000024762005,True,272.1201133658889
RSA+AES-256,1000,4,381,237.29900000034831,0.6358000027830712,2.975199997308664,True,272.1201133658889
RSA+AES-256,1000,4,382,896.1383999994723,0.6665000037173741,2.8798999992432073,True,272.1201133658889
RSA+AES-256,1000,4,383,1048.8795000055688,0.6739000018569641,3.0709000056958757,True,272.1201133658889
RSA+AES-256,1000,4,384,620.4230000003008,0.6214999957592227,2.952700000605546,True,272.1201133658889
RSA+AES-256,1000,4,385,741.9718000019202,0.7008999964455143,2.9577000022982247,True,272.1201133658889
RSA+AES-256,1000,4,386,378.8962000035099,0.658300006762147,2.9041000016150065,True,272.1201133658889
RSA+AES-256,1000,4,387,857.6565999974264,0.6467000057455152,2.8901999976369552,True,272.1201133658889
RSA+AES-256,1000,4,388,510.6543000001693,0.6601000059163198,2.8581999940797687,True,272.1201133658889
RSA+AES-256,1000,4,389,346.20970000105444,0.6714000046486035,2.8877999939140864,True,272.1201133658889
RSA+AES-256,1000,4,390,642.7259999982198,0.6381000057444908,2.9678999999305233,True,272.1201133658889
RSA+AES-256,1000,4,391,1946.180099999765,0.6855999963590875,3.0078999989200383,True,272.1201133658889
RSA+AES-256,1000,4,392,308.8235000032,0.7079999995767139,3.155899998091627,True,272.1201133658889
RSA+AES-256,1000,4,393,809.753700006695,0.6472000022768043,3.0513999954564497,True,272.1201133658889
RSA+AES-256,1000,4,394,200.85110000218265,0.7048000043141656,3.1396999984281138,True,272.1201133658889
RSA+AES-256,1000,4,395,1353.7416000035591,0.6590999983018264,2.926000001025386,True,272.1201133658889
RSA+AES-256,1000,4,396,935.4262999986531,0.6771999978809617,2.9550000035669655,True,272.1201133658889
RSA+AES-256,1000,4,397,340.823200000159,0.6524999989778735,2.915600001870189,True,272.1201133658889
RSA+AES-256,1000,4,398,72.07650000054855,0.6194000015966594,2.9543000055127777,True,272.1201133658889
RSA+AES-256,1000,4,399,649.8024000029545,0.6781999982194975,3.0071000001044013,True,272.1201133658889
RSA+AES-256,1000,4,400,294.95729999325704,0.647599998046644,2.9570999977295287,True,272.1201133658889
RSA+AES-256,1000,4,401,1516.0385999988648,0.6781000047340058,2.9521000033128075,True,272.1201133658889
RSA+AES-256,1000,4,402,1133.4348000018508,0.6648999988101423,2.9283999974722974,True,272.1201133658889
RSA+AES-256,1000,4,403,415.3048000007402,0.6888999996590428,2.907399997639004,True,272.1201133658889
RSA+AES-256,1000,4,404,1060.6488000048557,0.6643000015174039,2.932999996119179,True,272.1201133658889
RSA+AES-256,1000,4,405,153.14079999370733,0.7878999967942946,2.9946000067866407,True,272.1201133658889
RSA+AES-256,1000,4,406,467.11530000175117,0.6414000017684884,2.8734000006807037,True,272.1201133658889
RSA+AES-256,1000,4,407,120.91900000086753,0.6379000042215921,3.2112000044435263,True,272.1201133658889
RSA+AES-256,1000,4,408,1925.5821999977343,0.7448000033036806,2.896900004998315,True,272.1201133658889
RSA+AES-256,1000,4,409,191.79969999822788,0.6317000006674789,2.918600002885796,True,272.1201133658889
RSA+AES-256,1000,4,410,164.23710000526626,0.6470000007539056,3.2143999997060746,True,272.1201133658889
RSA+AES-256,1000,4,411,1089.2093000002205,0.6466000049840659,2.890700001444202,True,272.1201133658889
RSA+AES-256,1000,4,412,1052.5182999990648,0.6550000034621917,2.8939999974681996,True,272.1201133658889
RSA+AES-256,1000,4,413,304.61279999872204,0.6533999985549599,2.934899996034801,True,272.1201133658889
RSA+AES-256,1000,4,414,395.4574000017601,0.650499998300802,2.8763999944203533,True,272.1201133658889
RSA+AES-256,1000,4,415,3016.845399994054,0.6770000036340207,2.9437000048346817,True,272.1201133658889
RSA+AES-256,1000,4,416,1416.6989000004833,0.6919999941601418,2.970200002891943,True,272.1201133658889
RSA+AES-256,1000,4,417,111.44790000253124,0.6349999966914766,2.905999994254671,True,272.1201133658889
RSA+AES-256,1000,4,418,375.31570000282954,0.6809999977122061,3.0011000053491443,True,272.1201133658889
RSA+AES-256,1000,4,419,2013.8136000023223,0.7231000054161996,3.0138000001898035,True,272.1201133658889
RSA+AES-256,1000,4,420,138.5394000026281,0.5846999993082136,2.8624999977182597,True,272.1201133658889
RSA+AES-256,1000,4,421,1412.0229999971343,0.6862999944132753,2.952700000605546,True,272.1201133658889
RSA+AES-256,1000,4,422,1414.4135000024107,0.6023000023560598,3.0138000001898035,True,272.1201133658889
RSA+AES-256,1000,4,423,699.3976000012481,0.6433999951696023,2.8758999978890643,True,272.1201133658889
RSA+AES-256,1000,4,424,491.38330000278074,0.6487999999080785,2.906900001107715,True,272.1201133658889
RSA+AES-256,1000,4,425,840.5773999984376,0.6413999944925308,2.8953000000910833,True,272.1201133658889
RSA+AES-256,1000,4,426,2511.2255999993067,0.6762999983038753,2.986899999086745,True,272.1201133658889
RSA+AES-256,1000,4,427,479.9420000053942,0.6809999977122061,3.016599999682512,True,272.1201133658889
RSA+AES-256,1000,4,428,436.1312999972142,0.6499000010080636,2.918999998655636,True,272.1201133658889
RSA+AES-256,1000,4,429,721.2458000067272,0.6634000019403175,2.9342999987420626,True,272.1201133658889
RSA+AES-256,1000,4,430,559.9751999980072,0.6923999972059391,3.0005000007804483,True,272.1201133658889
RSA+AES-256,1000,4,431,922.6898999986588,0.6852000005892478,2.955399999336805,True,272.1201133658889
RSA+AES-256,1000,4,432,716.3792999999714,0.6706000058329664,2.908200003730599,True,272.1201133658889
RSA+AES-256,1000,4,433,808.9184999989811,0.6735999995726161,3.01690000196686,True,272.1201133658889
RSA+AES-256,1000,4,434,1015.1802999971551,0.6689000001642853,2.898299993830733,True,272.1201133658889
RSA+AES-256,1000,4,435,237.34340000373777,0.6853000013506971,2.8832000025431626,True,272.1201133658889
RSA+AES-256,1000,4,436,558.995600003982,0.6596999955945648,2.94949999806704,True,272.1201133658889
RSA+AES-256,1000,4,437,681.8318000005092,0.7113000028766692,3.0189000026439317,True,272.1201133658889
RSA+AES-256,1000,4,438,399.32389999739826,0.6241000010049902,2.858599997125566,True,272.1201133658889
RSA+AES-256,1000,4,439,821.8722000019625,0.6517000001622364,2.887499998905696,True,272.1201133658889
RSA+AES-256,1000,4,440,1722.130099995411,0.6715999988955446,2.973299997393042,True,272.1201133658889
RSA+AES-256,1000,4,441,537.9740999997011,0.6914999976288527,2.973400005430449,True,272.1201133658889
RSA+AES-256,1000,4,442,1184.7252000006847,0.6826999961049296,2.958500001113862,True,272.1201133658889
RSA+AES-256,1000,4,443,466.4589000021806,0.6624999950872734,2.9099000021233223,True,272.1201133658889
RSA+AES-256,1000,4,444,614.6108999964781,0.6840999994892627,2.943899999081623,True,272.1201133658889
RSA+AES-256,1000,4,445,1959.340900000825,0.6849999990663491,2.906599998823367,True,272.1201133658889
RSA+AES-256,1000,4,446,1508.433499999228,0.7064000019454397,2.9980999970575795,True,272.1201133658889
RSA+AES-256,1000,4,447,656.011999999464,0.6984000065131113,2.9903999966336414,True,272.1201133658889
RSA+AES-256,1000,4,448,237.3063000050024,0.6933000040589832,2.9571000050054863,True,272.1201133658889
RSA+AES-256,1000,4,449,447.4578000008478,0.6165999948279932,2.9174000010243617,True,272.1201133658889
RSA+AES-256,1000,4,450,340.3273000003537,0.6749000021954998,2.976900002977345,True,272.1201133658889
RSA+AES-256,1000,4,451,917.2634999995353,0.6558000022778288,2.9437999983201735,True,272.1201133658889
RSA+AES-256,1000,4,452,786.8759999983013,0.6909000003361143,2.9619000051752664,True,272.1201133658889
RSA+AES-256,1000,4,453,470.1855000021169,0.6759000025340356,2.9714000047533773,True,272.1201133658889
RSA+AES-256,1000,4,454,809.8950999992667,0.6503000040538609,2.927800000179559,True,272.1201133658889
RSA+AES-256,1000,4,455,266.3451000044006,0.665899999148678,2.977700001792982,True,272.1201133658889
RSA+AES-256,1000,4,456,534.1431000051671,0.6592999998247251,3.247400003601797,True,272.1201133658889
RSA+AES-256,1000,4,457,535.3384999980335,0.6796000016038306,2.980500001285691,True,272.1201133658889
RSA+AES-256,1000,4,458,1478.7154000005103,0.6553999992320314,2.972599999338854,True,272.1201133658889
RSA+AES-256,1000,4,459,210.65819999785163,0.665700004901737,2.903900000092108,True,272.1201133658889
RSA+AES-256,1000,4,460,1163.6758000022382,0.6645000030403025,2.9052000027149916,True,272.1201133658889
RSA+AES-256,1000,4,461,574.2860999962431,0.6571999983862042,2.9649999996763654,True,272.1201133658889
RSA+AES-256,1000,4,462,1088.442499996745,0.6640999999945052,2.918199999839999,True,272.1201133658889
RSA+AES-256,1000,4,463,192.1306000003824,0.5964000010862947,2.8711000049952418,True,272.1201133658889
RSA+AES-256,1000,4,464,156.77050000522286,0.6218000053195283,2.8795999969588593,True,272.1201133658889
RSA+AES-256,1000,4,465,148.53320000111125,0.6248999998206273,2.9434000025503337,True,272.1201133658889
RSA+AES-256,1000,4,466,626.7626999979257,0.6608999974559993,2.9031000012764707,True,272.1201133658889
RSA+AES-256,1000,4,467,437.89860000106273,0.6557000015163794,2.915600001870189,True,272.1201133658889
RSA+AES-256,1000,4,468,208.3677999980864,0.6359000035445206,2.927199995610863,True,272.1201133658889
RSA+AES-256,1000,4,469,1223.0168000023696,0.6902999957674183,2.9678000064450316,True,272.1201133658889
RSA+AES-256,1000,4,470,265.6531000029645,0.5955000015092082,2.9254999972181395,True,272.1201133658889
RSA+AES-256,1000,4,471,353.25059999740915,0.6132999988039955,2.9904999973950908,True,272.1201133658889
RSA+AES-256,1000,4,472,187.92920000123559,0.6700000012642704,3.017900002305396,True,272.1201133658889
RSA+AES-256,1000,4,473,1141.9956000027014,0.6680000005871989,2.874600002542138,True,272.1201133658889
RSA+AES-256,1000,4,474,280.66060000128346,0.6869999997434206,3.0192999984137714,True,272.1201133658889
RSA+AES-256,1000,4,475,507.4218000008841,0.6350999974529259,2.9687999995076098,True,272.1201133658889
RSA+AES-256,1000,4,476,1051.6831999993883,0.6786000012652948,2.940300000773277,True,272.1201133658889
RSA+AES-256,1000,4,477,524.2394000015338,0.6611999997403473,2.881200001866091,True,272.1201133658889
RSA+AES-256,1000,4,478,85.83060000091791,0.614999997196719,3.1978999977582134,True,272.1201133658889
RSA+AES-256,1000,4,479,2336.5239999984624,0.7024000005912967,2.9609999983222224,True,272.1201133658889
RSA+AES-256,1000,4,480,447.9836999962572,0.6855000028735958,2.936500000942033,True,272.1201133658889
RSA+AES-256,1000,4,481,308.54810000164434,0.6693999966955744,3.0229000039980747,True,272.1201133658889
RSA+AES-256,1000,4,482,543.6856000014814,0.6461000011768192,2.9355999940889888,True,272.1201133658889
RSA+AES-256,1000,4,483,233.73720000381581,0.6929000010131858,3.0138999936752953,True,272.1201133658889
RSA+AES-256,1000,4,484,240.88449999544537,0.672800000756979,2.95140000525862,True,272.1201133658889
RSA+AES-256,1000,4,485,340.74430000327993,0.683400001435075,2.9708000001846813,True,272.1201133658889
RSA+AES-256,1000,4,486,460.6301000021631,0.7030000051599927,2.976999996462837,True,272.1201133658889
RSA+AES-256,1000,4,487,365.3398999958881,0.6785000005038455,2.9662000015378,True,272.1201133658889
RSA+AES-256,1000,4,488,388.6712000021362,0.6505999990622513,3.4434999979566783,True,272.1201133658889
RSA+AES-256,1000,4,489,522.4326999959885,0.6752999979653396,2.961500002129469,True,272.1201133658889
RSA+AES-256,1000,4,490,375.68910000118194,0.6756000002496876,3.0123999968054704,True,272.1201133658889
RSA+AES-256,1000,4,491,536.3889000000199,0.6715000054100528,2.931800001533702,True,272.1201133658889
RSA+AES-256,1000,4,492,874.8613000061596,0.646799999231007,2.9148999965400435,True,272.1201133658889
RSA+AES-256,1000,4,493,1257.8823000003467,0.6553999992320314,2.895500001613982,True,272.1201133658889
RSA+AES-256,1000,4,494,640.6548999948427,0.6537000008393079,2.8946000020368956,True,272.1201133658889
RSA+AES-256,1000,4,495,351.4375000013388,0.6700000012642704,3.141299996059388,True,272.1201133658889
RSA+AES-256,1000,4,496,381.7704999964917,0.6466999984695576,2.8848999936599284,True,272.1201133658889
RSA+AES-256,1000,4,497,280.6907999984105,0.6546000004163943,3.0322999955387786,True,272.1201133658889
RSA+AES-256,1000,4,498,1160.4065999999875,0.6722000034642406,2.9643000016221777,True,272.1201133658889
RSA+AES-256,1000,4,499,592.5391999990097,0.6624000016017817,2.878999999666121,True,272.1201133658889
RSA+AES-256,1000,4,500,376.3344000035431,0.6885999973746948,3.0247000031522475,True,272.1201133658889
RSA+AES-256,1000,4,501,1179.0294999955222,0.647900000330992,2.9015000036451966,True,272.1201133658889
RSA+AES-256,1000,4,502,141.61459999741055,0.5909999963478185,2.9859999995096587,True,272.1201133658889
RSA+AES-256,1000,4,503,324.45349999761675,0.6738000010955147,2.9317000007722527,True,272.1201133658889
RSA+AES-256,1000,4,504,774.5290999955614,0.6580999979632907,2.9701000021304935,True,272.1201133658889
RSA+AES-256,1000,4,505,891.6678000023239,0.6969999958528206,3.0933000016375445,True,272.1201133658889
RSA+AES-256,1000,4,506,2363.888699997915,0.6752999979653396,2.9378000035649166,True,272.1201133658889
RSA+AES-256,1000,4,507,901.8236999982037,0.6546000004163943,2.931499999249354,True,272.1201133658889
RSA+AES-256,1000,4,508,1923.4823000006145,0.6275999985518865,2.98839999595657,True,272.1201133658889
RSA+AES-256,1000,4,509,947.7662999997847,0.6132999988039955,2.934000003733672,True,272.1201133658889
RSA+AES-256,1000,4,510,876.7584000015631,0.6741000033798628,2.887499998905696,True,272.1201133658889
RSA+AES-256,1000,4,511,653.3251000000746,0.687899999320507,2.98060000204714,True,272.1201133658889
RSA+AES-256,1000,4,512,884.5694999981788,0.6485999983851798,2.8697999950964004,True,272.1201133658889
RSA+AES-256,1000,4,513,86.05679999891436,0.6245999975362793,2.898700004152488,True,272.1201133658889
RSA+AES-256,1000,4,514,366.9482000041171,0.6581000052392483,2.906299996539019,True,272.1201133658889
RSA+AES-256,1000,4,515,1121.2913999988814,0.6827999968663789,2.978200005600229,True,272.1201133658889
RSA+AES-256,1000,4,516,649.4095000016387,0.9642000004532747,2.9593999934149906,True,272.1201133658889
RSA+AES-256,1000,4,517,164.3841000040993,0.6276000058278441,2.8816000049118884,True,272.1201133658889
RSA+AES-256,1000,4,518,607.5723000030848,0.712499997462146,3.0200999972294085,True,272.1201133658889
RSA+AES-256,1000,4,519,510.12709999486106,0.6253999963519163,2.938700003142003,True,272.1201133658889
RSA+AES-256,1000,4,520,751.1969999977737,0.683400001435075,2.982899997732602,True,272.1201133658889
RSA+AES-256,1000,4,521,634.9418000027072,0.6767000013496727,2.961199999845121,True,272.1201133658889
RSA+AES-256,1000,4,522,931.7170000067563,0.6682000021100976,3.016999995452352,True,272.1201133658889
RSA+AES-256,1000,4,523,173.22349999449216,0.7423999995808117,2.899200000683777,True,272.1201133658889
RSA+AES-256,1000,4,524,484.5475999973132,0.6389999980456196,3.0014000003575347,True,272.1201133658889
RSA+AES-256,1000,4,525,505.96329999825684,0.6869000062579289,2.9787999956170097,True,272.1201133658889
RSA+AES-256,1000,4,526,229.62529999495018,0.6672000017715618,3.045199999178294,True,272.1201133658889
RSA+AES-256,1000,4,527,3524.3646999952034,0.6767000013496727,3.154799996991642,True,272.1201133658889
RSA+AES-256,1000,4,528,413.86359999887645,0.6683000028715469,2.946400003565941,True,272.1201133658889
RSA+AES-256,1000,4,529,1881.7274999964866,0.6753999987267889,2.9286999997566454,True,272.1201133658889
RSA+AES-256,1000,4,530,101.93879999860656,0.6180000054882839,2.988600004755426,True,272.1201133658889
RSA+AES-256,1000,4,531,459.19140000478365,0.6603000001632608,2.959900004498195,True,272.1201133658889
RSA+AES-256,1000,4,532,864.935500001593,0.6582000060006976,2.9060000015306287,True,272.1201133658889
RSA+AES-256,1000,4,533,542.2613999980967,0.6696999989799224,2.9412000003503636,True,272.1201133658889
RSA+AES-256,1000,4,534,668.4509999977308,0.6763999990653247,2.9686999987461604,True,272.1201133658889
RSA+AES-256,1000,4,535,258.56959999509854,0.691299996105954,3.1013999978313223,True,272.1201133658889
RSA+AES-256,1000,4,536,465.473899996141,0.676499999826774,3.038199996808544,True,272.1201133658889
RSA+AES-256,1000,4,537,743.0340999999316,0.6664999964414164,2.9712000032304786,True,272.1201133658889
RSA+AES-256,1000,4,538,225.69379999913508,0.6267000062507577,3.102899994701147,True,272.1201133658889
RSA+AES-256,1000,4,539,1366.895499995735,0.6606000024476089,3.0009999973117374,True,272.1201133658889
RSA+AES-256,1000,4,540,362.79800000193063,0.7219000035547651,3.1911000041873194,True,272.1201133658889
RSA+AES-256,1000,4,541,551.4471999995294,0.6673999960185029,2.9723000043304637,True,272.1201133658889
RSA+AES-256,1000,4,542,383.3225999987917,0.650999994832091,2.8740000052493997,True,272.1201133658889
RSA+AES-256,1000,4,543,540.3268999943975,0.7088999991538003,2.9959999956190586,True,272.1201133658889
RSA+AES-256,1000,4,544,801.0329000026104,0.6989999965298921,3.00470000365749,True,272.1201133658889
RSA+AES-256,1000,4,545,1372.621700000309,0.6921999956830405,2.971499998238869,True,272.1201133658889
RSA+AES-256,1000,4,546,1898.6713999984204,0.6990000038058497,2.9642000008607283,True,272.1201133658889
RSA+AES-256,1000,4,547,1187.445999996271,0.6761000040569343,2.8972000000067055,True,272.1201133658889
RSA+AES-256,1000,4,548,412.2824000005494,0.6378999969456345,2.9785000006086193,True,272.1201133658889
RSA+AES-256,1000,4,549,2278.3694000027026,0.6783000062569045,2.962200000183657,True,272.1201133658889
RSA+AES-256,1000,4,550,1594.0792999972473,0.6675999975414015,2.9555000000982545,True,272.1201133658889
RSA+AES-256,1000,4,551,1026.032399997348,0.7259999983943999,2.98060000204714,True,272.1201133658889
RSA+AES-256,1000,4,552,1549.7742999941693,0.7169999953475781,2.9282000032253563,True,272.1201133658889
RSA+AES-256,1000,4,553,593.6681999955908,0.6824000010965392,3.0465999952866696,True,272.1201133658889
RSA+AES-256,1000,4,554,392.169599996123,0.6675999975414015,2.9251000014482997,True,272.1201133658889
RSA+AES-256,1000,4,555,606.9209999986924,0.7658000031369738,3.002699995704461,True,272.1201133658889
RSA+AES-256,1000,4,556,569.6763999949326,0.6696999989799224,2.8893000053358264,True,272.1201133658889
RSA+AES-256,1000,4,557,873.8891999964835,0.6759999960195273,2.982899997732602,True,272.1201133658889
RSA+AES-256,1000,4,558,581.5795000016806,0.6701000020257197,3.0734000029042363,True,272.1201133658889
RSA+AES-256,1000,4,559,893.1257000003825,0.6613000005017966,2.869300005841069,True,272.1201133658889
RSA+AES-256,1000,4,560,2002.064899999823,0.6074999982956797,2.9103999986546114,True,272.1201133658889
RSA+AES-256,1000,4,561,1255.0482000006014,0.6531000035465695,2.9163999934098683,True,272.1201133658889
RSA+AES-256,1000,4,562,2924.972100001469,0.662200000078883,2.8594999967026524,True,272.1201133658889
RSA+AES-256,1000,4,563,381.10840000445023,0.6930000017746352,2.9381999993347563,True,272.1201133658889
RSA+AES-256,1000,4,564,2412.5660999998217,0.6154000002425164,3.0531999946106225,True,272.1201133658889
RSA+AES-256,1000,4,565,286.8564000018523,0.6437999982153997,3.209000002243556,True,272.1201133658889
RSA+AES-256,1000,4,566,561.3811000002897,0.6758000017725863,3.2844999950611964,True,272.1201133658889
RSA+AES-256,1000,4,567,253.35769999946933,0.6743000049027614,3.2597000026726164,True,272.1201133658889
RSA+AES-256,1000,4,568,581.8161999995937,0.68710000050487,3.121199995803181,True,272.1201133658889
RSA+AES-256,1000,4,569,612.0766000021831,0.6989999965298921,2.9457000055117533,True,272.1201133658889
RSA+AES-256,1000,4,570,1531.3481999983196,0.6720000019413419,2.952000002551358,True,272.1201133658889
RSA+AES-256,1000,4,571,378.9226999942912,0.6815000015194528,2.9827999969711527,True,272.1201133658889
RSA+AES-256,1000,4,572,1407.2062999985064,0.6630999996559694,2.9026999982306734,True,272.1201133658889
RSA+AES-256,1000,4,573,371.6869999989285,0.7089999999152496,2.9900000008638017,True,272.1201133658889
RSA+AES-256,1000,4,574,511.6487000050256,0.6640999999945052,2.9998999962117523,True,272.1201133658889
RSA+AES-256,1000,4,575,414.67199999897275,0.6954999989829957,3.0167000004439615,True,272.1201133658889
RSA+AES-256,1000,4,576,193.1403999988106,0.5901999975321814,2.8525000016088597,True,272.1201133658889
RSA+AES-256,1000,4,577,115.12319999746978,0.6197000038810074,2.9624000017065555,True,272.1201133658889
RSA+AES-256,1000,4,578,2539.728199997626,0.6539999958476983,2.9202000005170703,True,272.1201133658889
RSA+AES-256,1000,4,579,223.80720000364818,0.6552999984705821,2.888999995775521,True,272.1201133658889
RSA+AES-256,1000,4,580,785.8374999996158,0.6452999950852245,2.865800001018215,True,272.1201133658889
RSA+AES-256,1000,4,581,1165.5967999977292,0.7198000021162443,3.1916000007186085,True,272.1201133658889
RSA+AES-256,1000,4,582,367.35639999824343,0.6693000032100827,2.961999998660758,True,272.1201133658889
RSA+AES-256,1000,4,583,533.7844999958179,0.8495000001857989,3.063500000280328,True,272.1201133658889
RSA+AES-256,1000,4,584,387.3486000011326,0.6595000013476238,2.9063999973004684,True,272.1201133658889
RSA+AES-256,1000,4,585,329.61470000009285,0.6265999982133508,3.0011000053491443,True,272.1201133658889
RSA+AES-256,1000,4,586,1218.1321999960346,0.6434999959310517,2.8573999952641316,True,272.1201133658889
RSA+AES-256,1000,4,587,316.18589999561664,0.666200001433026,3.0071000001044013,True,272.1201133658889
RSA+AES-256,1000,4,588,523.5372000024654,0.6447000050684437,3.2103999983519316,True,272.1201133658889
RSA+AES-256,1000,4,589,475.3966999996919,0.6619999985559843,2.8887000007671304,True,272.1201133658889
RSA+AES-256,1000,4,590,51.99890000221785,0.574500001675915,2.8858000005129725,True,272.1201133658889
RSA+AES-256,1000,4,591,877.1087999994052,0.6903000030433759,2.935800002887845,True,272.1201133658889
RSA+AES-256,1000,4,592,273.06839999801014,0.7400999966193922,2.943500003311783,True,272.1201133658889
RSA+AES-256,1000,4,593,502.78379999508616,0.6873000020277686,2.9521000033128075,True,272.1201133658889
RSA+AES-256,1000,4,594,846.3449999981094,0.6849999990663491,2.880100000766106,True,272.1201133658889
RSA+AES-256,1000,4,595,200.7854000039515,0.6198999981279485,2.900500003306661,True,272.1201133658889
RSA+AES-256,1000,4,596,495.0347999983933,0.6315999999060296,3.1230000022333115,True,272.1201133658889
RSA+AES-256,1000,4,597,539.9035000009462,0.6886999981361441,3.013900000951253,True,272.1201133658889
RSA+AES-256,1000,4,598,240.45640000258572,0.6613000005017966,2.9859999995096587,True,272.1201133658889
RSA+AES-256,1000,4,599,1351.1190000062925,0.7002999991527759,2.9779999968013726,True,272.1201133658889
RSA+AES-256,1000,4,600,455.3973000001861,0.6376000019372441,2.8692999985651113,True,272.1201133658889
RSA+AES-256,1000,4,601,322.93550000031246,0.683599995682016,2.933600000687875,True,272.1201133658889
RSA+AES-256,1000,4,602,1803.0006999979378,0.6078000005800277,2.972800000861753,True,272.1201133658889
RSA+AES-256,1000,4,603,639.2756999994162,0.6697999997413717,3.0442999996012077,True,272.1201133658889
RSA+AES-256,1000,4,604,1162.4181000006502,0.6917999999132007,2.883199995267205,True,272.1201133658889
RSA+AES-256,1000,4,605,821.8275999970501,0.6705999985570088,3.0120000010356307,True,272.1201133658889
RSA+AES-256,1000,4,606,731.7132000025595,0.6740999961039051,2.9474999973899685,True,272.1201133658889
RSA+AES-256,1000,4,607,1038.8773000013316,0.669299995934125,2.951399997982662,True,272.1201133658889
RSA+AES-256,1000,4,608,544.8700000051758,0.6924999979673885,3.0053000009502284,True,272.1201133658889
RSA+AES-256,1000,4,609,788.9374999940628,0.7005000006756745,3.1017000001156703,True,272.1201133658889
RSA+AES-256,1000,4,610,329.2291000034311,0.7580000019515865,3.3046999960788526,True,272.1201133658889
RSA+AES-256,1000,4,611,1083.6980000021867,0.7044000012683682,3.081300004851073,True,272.1201133658889
RSA+AES-256,1000,4,612,592.5466999979108,0.6969000023673289,2.979199998662807,True,272.1201133658889
RSA+AES-256,1000,4,613,808.8080999950762,0.6725999992340803,3.000899996550288,True,272.1201133658889
RSA+AES-256,1000,4,614,1225.8766000013566,0.6606999959331006,2.9031000012764707,True,272.1201133658889
RSA+AES-256,1000,4,615,762.6935000007506,0.6778000024496578,2.9709000009461306,True,272.1201133658889
RSA+AES-256,1000,4,616,676.1445000011008,0.6464999969466589,2.892999997129664,True,272.1201133658889
RSA+AES-256,1000,4,617,1465.080299996771,0.6703999970341101,2.971999994770158,True,272.1201133658889
RSA+AES-256,1000,4,618,1672.5893000038923,0.611600000411272,3.0158999943523668,True,272.1201133658889
RSA+AES-256,1000,4,619,170.11449999699835,0.6437999982153997,2.8880000027129427,True,272.1201133658889
RSA+AES-256,1000,4,620,403.28500000032363,0.6573999999091029,3.058200003579259,True,272.1201133658889
RSA+AES-256,1000,4,621,619.1620000026887,0.6955999997444451,2.9543999989982694,True,272.1201133658889
RSA+AES-256,1000,4,622,689.2243000038434,0.7192999983089976,2.896600002713967,True,272.1201133658889
RSA+AES-256,1000,4,623,796.7298999938066,0.6959000020287931,2.9285000055097044,True,272.1201133658889
RSA+AES-256,1000,4,624,347.2239000038826,0.6694999974570237,3.2272999960696325,True,272.1201133658889
RSA+AES-256,1000,4,625,207.45680000254652,0.6615000020246953,2.9649999996763654,True,272.1201133658889
RSA+AES-256,1000,4,626,440.9994000016013,0.6396999960998073,2.936999997473322,True,272.1201133658889
RSA+AES-256,1000,4,627,774.5152999996208,0.6557000015163794,2.9322000045794994,True,272.1201133658889
RSA+AES-256,1000,4,628,534.1476000030525,0.6135000003268942,2.973099995870143,True,272.1201133658889
RSA+AES-256,1000,4,629,333.96429999993416,0.5948999969405122,2.9257000060169958,True,272.1201133658889
RSA+AES-256,1000,4,630,394.9748000013642,0.6789000035496429,3.156500002660323,True,272.1201133658889
RSA+AES-256,1000,4,631,739.9890999950003,0.7783999972161837,3.0987999998615123,True,272.1201133658889
RSA+AES-256,1000,4,632,864.2600999955903,0.7935999965411611,3.317799993965309,True,272.1201133658889
RSA+AES-256,1000,4,633,896.6320000035921,0.7552000024588779,3.4551999997347593,True,272.1201133658889
RSA+AES-256,1000,4,634,1331.0341999967932,0.6757000010111369,2.9864999960409477,True,272.1201133658889
RSA+AES-256,1000,4,635,1828.9216999983182,0.6777000016882084,3.0229000039980747,True,272.1201133658889
RSA+AES-256,1000,4,636,813.8743999952567,0.6464999969466589,2.9577999957837164,True,272.1201133658889
RSA+AES-256,1000,4,637,526.3163000054192,0.67299999500392,2.911099996708799,True,272.1201133658889
RSA+AES-256,1000,4,638,1209.7689000001992,0.72340000042459,3.0096000045887195,True,272.1201133658889
RSA+AES-256,1000,4,639,330.51089999935357,0.6487999999080785,2.943200001027435,True,272.1201133658889
RSA+AES-256,1000,4,640,405.87519999826327,0.6645999965257943,2.9101999971317127,True,272.1201133658889
RSA+AES-256,1000,4,641,234.26679999829503,0.64340000244556,2.88429999636719,True,272.1201133658889
RSA+AES-256,1000,4,642,1495.8718999987468,0.6649999995715916,3.1574000022374094,True,272.1201133658889
RSA+AES-256,1000,4,643,55.697600000712555,0.5588999993051402,2.9428000052575953,True,272.1201133658889
RSA+AES-256,1000,4,644,224.95409999828553,0.6380999984685332,2.9323999988264404,True,272.1201133658889
RSA+AES-256,1000,4,645,295.72170000028564,0.6814000007580034,2.9762000049231574,True,272.1201133658889
RSA+AES-256,1000,4,646,612.944200001948,0.6633000011788681,2.9458999997586943,True,272.1201133658889
RSA+AES-256,1000,4,647,1447.9751000035321,0.6794000000809319,3.015800000866875,True,272.1201133658889
RSA+AES-256,1000,4,648,466.25050000147894,0.6782999989809468,3.004099999088794,True,272.1201133658889
RSA+AES-256,1000,4,649,670.2541999984533,0.6858000051579438,3.0210000040824525,True,272.1201133658889
RSA+AES-256,1000,4,650,711.8896000029054,0.6533000050694682,2.8554000018630177,True,272.1201133658889
RSA+AES-256,1000,4,651,463.80019999924116,0.6418999982997775,2.901100000599399,True,272.1201133658889
RSA+AES-256,1000,4,652,923.9508000027854,0.6667999987257645,2.922399995441083,True,272.1201133658889
RSA+AES-256,1000,4,653,196.32880000426667,0.6235999971977435,2.8721000053337775,True,272.1201133658889
RSA+AES-256,1000,4,654,286.8866999997408,0.659100005577784,2.909000002546236,True,272.1201133658889
RSA+AES-256,1000,4,655,1617.1819000010146,0.6642000007559545,2.9094000055920333,True,272.1201133658889
RSA+AES-256,1000,4,656,530.6285999977263,0.6552999984705821,2.867600000172388,True,272.1201133658889
RSA+AES-256,1000,4,657,2487.102099999902,0.691100001859013,3.015000002051238,True,272.1201133658889
RSA+AES-256,1000,4,658,739.7563000049558,0.6386000022757798,2.9209999993327074,True,272.1201133658889
RSA+AES-256,1000,4,659,873.6071000021184,0.6710000016028062,3.1400999941979535,True,272.1201133658889
RSA+AES-256,1000,4,660,549.1089999995893,0.8548000041628256,3.0186999938450754,True,272.1201133658889
RSA+AES-256,1000,4,661,446.6606000059983,0.6217999980435707,3.125999995972961,True,272.1201133658889
RSA+AES-256,1000,4,662,999.0656000009039,0.6954999989829957,3.035700006876141,True,272.1201133658889
RSA+AES-256,1000,4,663,656.7318999950658,0.6892000019433908,3.1149999995250255,True,272.1201133658889
RSA+AES-256,1000,4,664,281.93479999754345,0.7020999983069487,3.7892000036663376,True,272.1201133658889
RSA+AES-256,1000,4,665,658.0677999954787,0.647900000330992,2.863200003048405,True,272.1201133658889
RSA+AES-256,1000,4,666,502.05900000582915,0.6694999974570237,2.9238999995868653,True,272.1201133658889
RSA+AES-256,1000,4,667,958.5839999999735,0.6455000038840808,2.9317000007722527,True,272.1201133658889
RSA+AES-256,1000,4,668,342.6790000012261,0.6489000006695278,2.8766000032192096,True,272.1201133658889
RSA+AES-256,1000,4,669,325.5672000013874,0.647900000330992,2.9638999985763803,True,272.1201133658889
RSA+AES-256,1000,4,670,788.78789999726,0.6435000032070093,2.893900003982708,True,272.1201133658889
RSA+AES-256,1000,4,671,413.2832999966922,0.6817000030423515,2.9338999956962653,True,272.1201133658889
RSA+AES-256,1000,4,672,317.38989999576006,0.6566000010934658,2.922300001955591,True,272.1201133658889
RSA+AES-256,1000,4,673,706.1679999969783,0.6615000020246953,3.2142000054591335,True,272.1201133658889
RSA+AES-256,1000,4,674,202.4359999995795,0.647599998046644,3.0097999988356605,True,272.1201133658889
RSA+AES-256,1000,4,675,390.20139999774983,0.6609999982174486,2.8874000054202043,True,272.1201133658889
RSA+AES-256,1000,4,676,704.1325000027427,0.6409999987226911,2.973700000438839,True,272.1201133658889
RSA+AES-256,1000,4,677,534.7249000042211,0.6667999987257645,2.907699999923352,True,272.1201133658889
RSA+AES-256,1000,4,678,1672.1510999996099,0.6856999971205369,2.979999997478444,True,272.1201133658889
RSA+AES-256,1000,4,679,556.9777000055183,0.679899996612221,2.943899999081623,True,272.1201133658889
RSA+AES-256,1000,4,680,461.17709999816725,0.6415999960154295,3.089699996053241,True,272.1201133658889
RSA+AES-256,1000,4,681,1570.1018000036129,0.6682000021100976,2.9053999969619326,True,272.1201133658889
RSA+AES-256,1000,4,682,774.2100000032224,0.6777000016882084,2.896699996199459,True,272.1201133658889
RSA+AES-256,1000,4,683,2632.8830999991624,0.6675000040559098,2.890700001444202,True,272.1201133658889
RSA+AES-256,1000,4,684,934.4440999993822,0.6531999970320612,3.095799998845905,True,272.1201133658889
RSA+AES-256,1000,4,685,509.03480000124546,0.650499998300802,2.8626999992411584,True,272.1201133658889
RSA+AES-256,1000,4,686,462.5919999962207,0.6664000029559247,2.857799998309929,True,272.1201133658889
RSA+AES-256,1000,4,687,302.9660999964108,0.6737000003340654,3.2092999972519465,True,272.1201133658889
RSA+AES-256,1000,4,688,404.1213000018615,0.7169000018620864,3.037000002223067,True,272.1201133658889
RSA+AES-256,1000,4,689,468.0344000007608,0.6799999973736703,2.977700001792982,True,272.1201133658889
RSA+AES-256,1000,4,690,224.235999994562,0.6838000044808723,2.992399997310713,True,272.1201133658889
RSA+AES-256,1000,4,691,112.6663999966695,0.5774000019300729,3.933200001483783,True,272.1201133658889
RSA+AES-256,1000,4,692,311.82750000152737,0.632499999483116,2.8575999967870302,True,272.1201133658889
RSA+AES-256,1000,4,693,859.5500000010361,0.654499999654945,2.8910999972140417,True,272.1201133658889
RSA+AES-256,1000,4,694,3308.276300005673,0.6748000014340505,2.930899994680658,True,272.1201133658889
RSA+AES-256,1000,4,695,400.6616999977268,0.6260000009206124,3.026599995791912,True,272.1201133658889
RSA+AES-256,1000,4,696,397.29829999851063,0.6493999972008169,3.1682999979238957,True,272.1201133658889
RSA+AES-256,1000,4,697,144.80019999609794,0.6409999987226911,2.95429999823682,True,272.1201133658889
RSA+AES-256,1000,4,698,1604.904499996337,0.6619999985559843,2.9414000018732622,True,272.1201133658889
RSA+AES-256,1000,4,699,1514.5267000043532,0.6446000043069944,2.929399997810833,True,272.1201133658889
RSA+AES-256,1000,4,700,705.5528999990202,0.7200999971246347,3.001500001118984,True,272.1201133658889
RSA+AES-256,1000,4,701,283.4419999999227,0.643899998976849,2.8945000012754463,True,272.1201133658889
RSA+AES-256,1000,4,702,1144.3439000067883,0.6794000000809319,2.957800003059674,True,272.1201133658889
RSA+AES-256,1000,4,703,217.43229999992764,0.6735999995726161,2.9607999967993237,True,272.1201133658889
RSA+AES-256,1000,4,704,572.2423999977764,0.647299995762296,2.8935000009369105,True,272.1201133658889
RSA+AES-256,1000,4,705,654.8085999966133,0.611299998126924,2.974200004246086,True,272.1201133658889
RSA+AES-256,1000,4,706,729.8630000004778,0.6734999988111667,2.9286999997566454,True,272.1201133658889
RSA+AES-256,1000,4,707,1442.9451000032714,0.690499997290317,2.9100999963702634,True,272.1201133658889
RSA+AES-256,1000,4,708,629.4223999939277,0.6223000018508174,3.0269000053522177,True,272.1201133658889
RSA+AES-256,1000,4,709,1743.1321000040043,0.7003000064287335,2.9454000032274053,True,272.1201133658889
RSA+AES-256,1000,4,710,1677.1511000042665,0.6722999969497323,2.991399996972177,True,272.1201133658889
RSA+AES-256,1000,4,711,857.476899996982,0.6420999998226762,2.983500002301298,True,272.1201133658889
RSA+AES-256,1000,4,712,370.13340000703465,0.6591999990632758,2.955399999336805,True,272.1201133658889
RSA+AES-256,1000,4,713,411.0050000017509,0.6895000042277388,2.9338000022107735,True,272.1201133658889
RSA+AES-256,1000,4,714,361.116399995808,0.8774000016273931,2.9866000040783547,True,272.1201133658889
RSA+AES-256,1000,4,715,402.8379000010318,0.9102000040002167,2.9506999999284744,True,272.1201133658889
RSA+AES-256,1000,4,716,1058.2445000036387,0.6949999951757491,3.1475000068894587,True,272.1201133658889
RSA+AES-256,1000,4,717,617.6430999985314,0.6572999991476536,2.9276999994181097,True,272.1201133658889
RSA+AES-256,1000,4,718,583.4328000055393,0.654499999654945,2.8550999995786697,True,272.1201133658889
RSA+AES-256,1000,4,719,823.8341999967815,0.6828000041423365,2.994900001795031,True,272.1201133658889
RSA+AES-256,1000,4,720,371.4964000027976,0.7292000009329058,2.9702999963774346,True,272.1201133658889
RSA+AES-256,1000,4,721,657.2985999955563,0.6704000043100677,2.9518000010284595,True,272.1201133658889
RSA+AES-256,1000,4,722,325.22420000168495,0.665700004901737,2.9865000033169053,True,272.1201133658889
RSA+AES-256,1000,4,723,1933.3303999956115,0.6812999999965541,2.9665999973076396,True,272.1201133658889
RSA+AES-256,1000,4,724,393.9648000014131,0.6723999977111816,2.8878999946755357,True,272.1201133658889
RSA+AES-256,1000,4,725,264.9098000038066,0.6296999999904074,2.872400000342168,True,272.1201133658889
RSA+AES-256,1000,4,726,509.9264999953448,0.6618000043090433,2.8877999939140864,True,272.1201133658889
RSA+AES-256,1000,4,727,1103.1411000003573,0.6672000017715618,2.8576999975484796,True,272.1201133658889
RSA+AES-256,1000,4,728,1079.4280999980401,0.6634000019403175,2.868399998988025,True,272.1201133658889
RSA+AES-256,1000,4,729,732.7117000022554,0.665100000333041,2.8527000031317584,True,272.1201133658889
RSA+AES-256,1000,4,730,353.1667999995989,0.6819000045652501,3.0115000045043416,True,272.1201133658889
RSA+AES-256,1000,4,731,447.42720000067493,0.6865000032121316,2.871600001526531,True,272.1201133658889
RSA+AES-256,1000,4,732,237.66829999658512,0.6710000016028062,2.995599999849219,True,272.1201133658889
RSA+AES-256,1000,4,733,677.0074999949429,0.6153000067570247,2.986100000271108,True,272.1201133658889
RSA+AES-256,1000,4,734,647.4116000026697,0.6980999969528057,2.9578999965451658,True,272.1201133658889
RSA+AES-256,1000,4,735,670.6023000006098,0.6732000038027763,2.9349000033107586,True,272.1201133658889
RSA+AES-256,1000,4,736,998.226199997589,0.7196000005933456,3.5630999991553836,True,272.1201133658889
RSA+AES-256,1000,4,737,1343.991099995037,0.6636000034632161,2.976100004161708,True,272.1201133658889
RSA+AES-256,1000,4,738,905.6807000015397,0.6575000006705523,2.9015000036451966,True,272.1201133658889
RSA+AES-256,1000,4,739,839.7786999994423,0.6649999995715916,2.9036000050837174,True,272.1201133658889
RSA+AES-256,1000,4,740,654.9028999943403,0.6571999983862042,2.891199997975491,True,272.1201133658889
RSA+AES-256,1000,4,741,171.36890000256244,0.6051000018487684,2.924100001109764,True,272.1201133658889
RSA+AES-256,1000,4,742,1012.1730000028037,0.6836000029579736,2.9998000027262606,True,272.1201133658889
RSA+AES-256,1000,4,743,1023.4095999985584,0.6861000001663342,2.9327000011107884,True,272.1201133658889
RSA+AES-256,1000,4,744,597.9427999991458,0.6635000027017668,2.952000002551358,True,272.1201133658889
RSA+AES-256,1000,4,745,327.26779999939026,0.6051000018487684,2.931800001533702,True,272.1201133658889
RSA+AES-256,1000,4,746,555.6667999990168,0.6973999988986179,2.943399995274376,True,272.1201133658889
RSA+AES-256,1000,4,747,1185.042799996154,0.6787000020267442,3.9281999997911043,True,272.1201133658889
RSA+AES-256,1000,4,748,478.96490000130143,0.6766000005882233,2.9028000062680803,True,272.1201133658889
RSA+AES-256,1000,4,749,357.9410000020289,1.054599997587502,3.046100006031338,True,272.1201133658889
RSA+AES-256,1000,4,750,283.7029000002076,0.6766000005882233,3.0221000051824376,True,272.1201133658889
RSA+AES-256,1000,4,751,1008.6296000008588,0.7215000005089678,2.942400002211798,True,272.1201133658889
RSA+AES-256,1000,4,752,319.9409000008018,0.6682000021100976,2.9687999995076098,True,272.1201133658889
RSA+AES-256,1000,4,753,867.6912000009906,0.7263000006787479,3.0496000035782345,True,272.1201133658889
RSA+AES-256,1000,4,754,115.6466000029468,0.6143999999039806,2.9818999973940663,True,272.1201133658889
RSA+AES-256,1000,4,755,189.4964999955846,0.6097000004956499,2.956000003905501,True,272.1201133658889
RSA+AES-256,1000,4,756,304.9154000036651,0.625100001343526,2.922200001194142,True,272.1201133658889
RSA+AES-256,1000,4,757,823.5878999985289,0.6943999978830107,2.940999998827465,True,272.1201133658889
RSA+AES-256,1000,4,758,1633.419400001003,0.6895999977132306,3.164099995046854,True,272.1201133658889
RSA+AES-256,1000,4,759,542.1560000031604,0.822000001790002,3.0012999995960854,True,272.1201133658889
RSA+AES-256,1000,4,760,2048.216199997114,0.6195000023581088,2.997199997480493,True,272.1201133658889
RSA+AES-256,1000,4,761,946.717599996191,0.6667999987257645,2.90839999797754,True,272.1201133658889
RSA+AES-256,1000,4,762,988.1153999958769,0.6592999998247251,2.918500002124347,True,272.1201133658889
RSA+AES-256,1000,4,763,200.7757000028505,0.6362999993143603,2.882699998735916,True,272.1201133658889
RSA+AES-256,1000,4,764,646.1684000023524,0.6923999972059391,2.9979000028106384,True,272.1201133658889
RSA+AES-256,1000,4,765,1223.5639999998966,0.5760000058216974,2.8983999945921823,True,272.1201133658889
RSA+AES-256,1000,4,766,329.537599995092,0.6772000051569194,2.9727000001003034,True,272.1201133658889
RSA+AES-256,1000,4,767,412.5776000000769,0.6264999974519014,2.892299999075476,True,272.1201133658889
RSA+AES-256,1000,4,768,899.2255999983172,0.6609999982174486,2.871400000003632,True,272.1201133658889
RSA+AES-256,1000,4,769,633.8343000024906,0.6759999960195273,2.969599998323247,True,272.1201133658889
RSA+AES-256,1000,4,770,672.5874000039767,0.6606000024476089,2.8805000038119033,True,272.1201133658889
RSA+AES-256,1000,4,771,269.14229999965755,0.6987000015215017,3.2092000037664548,True,272.1201133658889
RSA+AES-256,1000,4,772,554.2618999970728,0.6933999975444749,2.9738999946857803,True,272.1201133658889
RSA+AES-256,1000,4,773,1062.4964000016917,0.6652000010944903,2.950100002635736,True,272.1201133658889
RSA+AES-256,1000,4,774,852.6466999974218,0.6690000009257346,2.9514999987441115,True,272.1201133658889
RSA+AES-256,1000,4,775,688.5963000022457,0.6571999983862042,2.9680000006919727,True,272.1201133658889
RSA+AES-256,1000,4,776,1082.3777000041446,0.6583999929716811,2.895999998145271,True,272.1201133658889
RSA+AES-256,1000,4,777,586.7375000016182,0.7049999985611066,2.9045999981462955,True,272.1201133658889
RSA+AES-256,1000,4,778,1083.3186999952886,0.6663999956799671,2.9198999982327223,True,272.1201133658889
RSA+AES-256,1000,4,779,205.01230000081705,0.680500001180917,2.9779999968013726,True,272.1201133658889
RSA+AES-256,1000,4,780,235.0107999955071,0.6040000007487833,2.85730000177864,True,272.1201133658889
RSA+AES-256,1000,4,781,836.442599997099,0.6649999995715916,2.900500003306661,True,272.1201133658889
RSA+AES-256,1000,4,782,255.41750000411412,0.6216000037966296,2.884599998651538,True,272.1201133658889
RSA+AES-256,1000,4,783,587.6787000015611,0.6568999961018562,2.8872999973827973,True,272.1201133658889
RSA+AES-256,1000,4,784,770.9274000008008,0.6462000019382685,2.871099997719284,True,272.1201133658889
RSA+AES-256,1000,4,785,438.3612000019639,0.6906999988132156,2.9033000027993694,True,272.1201133658889
RSA+AES-256,1000,4,786,957.2171000036178,0.6546000004163943,2.901100000599399,True,272.1201133658889
RSA+AES-256,1000,4,787,382.8956999932416,0.6645000030403025,2.9789999971399084,True,272.1201133658889
RSA+AES-256,1000,4,788,3051.4968000061344,0.6452000015997328,2.8609000000869855,True,272.1201133658889
RSA+AES-256,1000,4,789,886.9349000015063,0.6686999986413866,2.9506999999284744,True,272.1201133658889
RSA+AES-256,1000,4,790,1061.9325000006938,0.6802999996580184,2.9464999970514327,True,272.1201133658889
RSA+AES-256,1000,4,791,178.74070000107167,0.6016999977873638,2.943200001027435,True,272.1201133658889
RSA+AES-256,1000,4,792,717.3503000012715,0.6659999999101274,2.949000001535751,True,272.1201133658889
RSA+AES-256,1000,4,793,443.7761999943177,0.6539000023622066,3.012599998328369,True,272.1201133658889
RSA+AES-256,1000,4,794,613.6725999967894,0.6573999999091029,2.8681000039796345,True,272.1201133658889
RSA+AES-256,1000,4,795,712.6025000034133,0.7272000002558343,3.417699997953605,True,272.1201133658889
RSA+AES-256,1000,4,796,382.26530000247294,0.7069999992381781,3.2129000028362498,True,272.1201133658889
RSA+AES-256,1000,4,797,280.87210000376217,0.6999999968684278,3.0870999980834313,True,272.1201133658889
RSA+AES-256,1000,4,798,336.9036000003689,0.662200000078883,2.9884999967180192,True,272.1201133658889
RSA+AES-256,1000,4,799,339.0207000047667,0.6673000025330111,3.004400001373142,True,272.1201133658889
RSA+AES-256,1000,4,800,443.6795000001439,0.7067999977152795,3.002999997988809,True,272.1201133658889
RSA+AES-256,1000,4,801,584.9503999997978,0.7081000003381632,2.929599999333732,True,272.1201133658889
RSA+AES-256,1000,4,802,404.6539999981178,0.6846999967820011,3.08729999960633,True,272.1201133658889
RSA+AES-256,1000,4,803,303.6928000001353,0.662800004647579,2.8777999978046864,True,272.1201133658889
RSA+AES-256,1000,4,804,283.365600000252,0.6743999983882532,2.9540999967139214,True,272.1201133658889
RSA+AES-256,1000,4,805,807.6093000054243,0.6656000041402876,2.9022000016993843,True,272.1201133658889
RSA+AES-256,1000,4,806,567.928700002085,0.6777000016882084,2.9613000006065704,True,272.1201133658889
RSA+AES-256,1000,4,807,1227.4585999984993,0.6759999960195273,2.984200000355486,True,272.1201133658889
RSA+AES-256,1000,4,808,323.60410000546835,0.6312999976216815,2.8829000002588145,True,272.1201133658889
RSA+AES-256,1000,4,809,1891.2536999996519,0.6639000057475641,2.9588999968837015,True,272.1201133658889
RSA+AES-256,1000,4,810,1386.8864000032772,0.6694999974570237,2.985600003739819,True,272.1201133658889
RSA+AES-256,1000,4,811,318.7214999998105,0.6888999996590428,2.980500001285691,True,272.1201133658889
RSA+AES-256,1000,4,812,944.984800000384,0.6642999942414463,2.958199998829514,True,272.1201133658889
RSA+AES-256,1000,4,813,775.6856000050902,0.6474999972851947,3.1343000009655952,True,272.1201133658889
RSA+AES-256,1000,4,814,414.454099998693,0.6811999992351048,2.977600001031533,True,272.1201133658889
RSA+AES-256,1000,4,815,259.11469999846304,0.6639999992330559,2.9404000015347265,True,272.1201133658889
RSA+AES-256,1000,4,816,995.9416999990935,0.7003999999142252,3.0258000042522326,True,272.1201133658889
RSA+AES-256,1000,4,817,270.0762000022223,0.6465999977081083,2.9492999965441413,True,272.1201133658889
RSA+AES-256,1000,4,818,204.05330000357935,0.6439999997382984,2.9789000036544167,True,272.1201133658889
RSA+AES-256,1000,4,819,567.4157999965246,0.6592999998247251,2.866599999833852,True,272.1201133658889
RSA+AES-256,1000,4,820,708.4505000020727,0.6656999976257794,2.940900005341973,True,272.1201133658889
RSA+AES-256,1000,4,821,1083.9368000015384,0.6486999991466291,3.0197000014595687,True,272.1201133658889
RSA+AES-256,1000,4,822,960.4017000019667,0.6807000027038157,3.000400000018999,True,272.1201133658889
RSA+AES-256,1000,4,823,506.1155000003055,0.6781999982194975,3.0736999979126267,True,272.1201133658889
RSA+AES-256,1000,4,824,190.2256999965175,0.6733999980497174,3.011000000697095,True,272.1201133658889
RSA+AES-256,1000,4,825,721.3640999980271,0.7170000026235357,2.9495000053429976,True,272.1201133658889
RSA+AES-256,1000,4,826,655.6885999962105,0.7072000007610768,2.9753999988315627,True,272.1201133658889
RSA+AES-256,1000,4,827,522.6158999939798,0.6611999997403473,2.989000000525266,True,272.1201133658889
RSA+AES-256,1000,4,828,1260.7551000037347,0.6636000034632161,2.901300002122298,True,272.1201133658889
RSA+AES-256,1000,4,829,1315.4349000033108,0.6821000060881488,2.9866000040783547,True,272.1201133658889
RSA+AES-256,1000,4,830,326.487400001497,0.6767000013496727,2.9595999949378893,True,272.1201133658889
RSA+AES-256,1000,4,831,269.3297000005259,0.6417999975383282,2.853400001185946,True,272.1201133658889
RSA+AES-256,1000,4,832,371.7216000004555,0.6894000034662895,2.9104999994160607,True,272.1201133658889
RSA+AES-256,1000,4,833,600.8298000015202,0.6671000010101125,2.9722000035690144,True,272.1201133658889
RSA+AES-256,1000,4,834,885.85410000087,0.7079999995767139,2.980299999762792,True,272.1201133658889
RSA+AES-256,1000,4,835,970.7505999977002,0.6890999939059839,2.934899996034801,True,272.1201133658889
RSA+AES-256,1000,4,836,1008.585800002038,0.6273000035434961,2.969699999084696,True,272.1201133658889
RSA+AES-256,1000,4,837,952.6391999970656,0.6634999954258092,3.0186000003595836,True,272.1201133658889
RSA+AES-256,1000,4,838,871.4415000067675,0.6123999992269091,2.955299998575356,True,272.1201133658889
RSA+AES-256,1000,4,839,1766.8497000049683,0.6595999948331155,2.968900000269059,True,272.1201133658889
RSA+AES-256,1000,4,840,684.1148000021349,0.6735999995726161,3.0199000029824674,True,272.1201133658889
RSA+AES-256,1000,4,841,730.4977000021609,0.672499998472631,3.225899999961257,True,272.1201133658889
RSA+AES-256,1000,4,842,473.5108000022592,0.6567999953404069,2.9852999941795133,True,272.1201133658889
RSA+AES-256,1000,4,843,325.776899997436,0.6694999974570237,2.9836000030627474,True,272.1201133658889
RSA+AES-256,1000,4,844,228.80330000043614,0.705099999322556,3.1079000036697835,True,272.1201133658889
RSA+AES-256,1000,4,845,1150.2376999997068,0.6703000035486184,2.9687999995076098,True,272.1201133658889
RSA+AES-256,1000,4,846,670.2275999996345,0.6915999983903021,2.878499995858874,True,272.1201133658889
RSA+AES-256,1000,4,847,1520.3340000007302,0.6481999953393824,3.131299999949988,True,272.1201133658889
RSA+AES-256,1000,4,848,706.7605999982334,0.669400003971532,2.9818999973940663,True,272.1201133658889
RSA+AES-256,1000,4,849,879.494100001466,0.6504000048153102,2.8634000045713037,True,272.1201133658889
RSA+AES-256,1000,4,850,870.0389000005089,0.7018000032985583,2.9013999956077896,True,272.1201133658889
RSA+AES-256,1000,4,851,414.5490000009886,0.6848999983048998,2.957199998490978,True,272.1201133658889
RSA+AES-256,1000,4,852,753.2659999997122,0.6681000013486482,2.9489999942597933,True,272.1201133658889
RSA+AES-256,1000,4,853,190.86320000496926,0.625400003627874,2.9896999985794537,True,272.1201133658889
RSA+AES-256,1000,4,854,689.9775999991107,0.680000004649628,3.0123999968054704,True,272.1201133658889
RSA+AES-256,1000,4,855,164.52730000310112,0.6571999983862042,2.994100002979394,True,272.1201133658889
RSA+AES-256,1000,4,856,659.8051999972085,0.6734999988111667,2.9701999956159852,True,272.1201133658889
RSA+AES-256,1000,4,857,1148.9600999993854,0.6195999958436005,2.9716999997617677,True,272.1201133658889
RSA+AES-256,1000,4,858,407.7203999986523,0.6539000023622066,2.9345000002649613,True,272.1201133658889
RSA+AES-256,1000,4,859,2890.2760000055423,0.7114999971236102,3.1773000009707175,True,272.1201133658889
RSA+AES-256,1000,4,860,852.7362000022549,0.6559000030392781,3.1795000031706877,True,272.1201133658889
RSA+AES-256,1000,4,861,664.8905000038212,0.7101000010152347,2.995400005602278,True,272.1201133658889
RSA+AES-256,1000,4,862,588.8082000019494,0.6785000005038455,3.0218000028980896,True,272.1201133658889
RSA+AES-256,1000,4,863,1419.2513000016334,0.6804000004194677,2.8575000033015385,True,272.1201133658889
RSA+AES-256,1000,4,864,560.516400000779,0.6734999988111667,2.970699999423232,True,272.1201133658889
RSA+AES-256,1000,4,865,252.2263999999268,0.672800000756979,2.904699998907745,True,272.1201133658889
RSA+AES-256,1000,4,866,645.2667000048677,0.6492000029538758,3.238700002839323,True,272.1201133658889
RSA+AES-256,1000,4,867,291.3163999983226,0.6567999953404069,2.9280999951879494,True,272.1201133658889
RSA+AES-256,1000,4,868,480.5625000008149,0.82970000221394,4.084799998963717,True,272.1201133658889
RSA+AES-256,1000,4,869,595.7676000034553,0.6828999976278283,2.9606000025523826,True,272.1201133658889
RSA+AES-256,1000,4,870,1556.7683999979636,0.6626999966101721,3.41620000108378,True,272.1201133658889
RSA+AES-256,1000,4,871,467.7942999987863,0.6702000027871691,3.112999998847954,True,272.1201133658889
RSA+AES-256,1000,4,872,202.2242999955779,0.5764000015915371,2.8927000021212734,True,272.1201133658889
RSA+AES-256,1000,4,873,666.7330999989645,0.6693999966955744,2.976900002977345,True,272.1201133658889
RSA+AES-256,1000,4,874,415.53169999679085,0.6762999983038753,2.974399998493027,True,272.1201133658889
RSA+AES-256,1000,4,875,1259.835099997872,0.7107999990694225,3.0916999967303127,True,272.1201133658889
RSA+AES-256,1000,4,876,1038.8695000001462,0.6983999992371537,2.9731999966315925,True,272.1201133658889
RSA+AES-256,1000,4,877,200.00040000013541,0.687400002789218,2.9543999989982694,True,272.1201133658889
RSA+AES-256,1000,4,878,886.2414999966859,0.6738000010955147,2.999200005433522,True,272.1201133658889
RSA+AES-256,1000,4,879,666.8413000006694,0.6824000010965392,2.9389999981503934,True,272.1201133658889
RSA+AES-256,1000,4,880,650.01889999985,0.6839999987278134,2.9482999962056056,True,272.1201133658889
RSA+AES-256,1000,4,881,416.1822999958531,0.6565000003320165,3.0133000036585145,True,272.1201133658889
RSA+AES-256,1000,4,882,1355.5790999962483,0.705099999322556,2.869300005841069,True,272.1201133658889
RSA+AES-256,1000,4,883,1435.2303000050597,0.6763999990653247,2.909000002546236,True,272.1201133658889
RSA+AES-256,1000,4,884,617.2590999995009,0.6622999935643747,2.894899997045286,True,272.1201133658889
RSA+AES-256,1000,4,885,1005.8238999990863,0.7132000027922913,3.0152999970596284,True,272.1201133658889
RSA+AES-256,1000,4,886,1423.142400002689,0.6579999972018413,2.9423000014503486,True,272.1201133658889
RSA+AES-256,1000,4,887,247.35710000095423,0.647100001515355,2.8938000032212585,True,272.1201133658889
RSA+AES-256,1000,4,888,848.9038000043365,0.6547000011778437,2.884799992898479,True,272.1201133658889
RSA+AES-256,1000,4,889,154.81500000169035,0.6516000066767447,2.932600000349339,True,272.1201133658889
RSA+AES-256,1000,4,890,195.13899999583373,0.6863000016892329,3.0183000053511932,True,272.1201133658889
RSA+AES-256,1000,4,891,280.6899999995949,0.6724000049871393,3.0203999995137565,True,272.1201133658889
RSA+AES-256,1000,4,892,444.4576999958372,0.6614000012632459,2.9528000013669953,True,272.1201133658889
RSA+AES-256,1000,4,893,128.77640000078827,0.5845999985467643,2.9208000050857663,True,272.1201133658889
RSA+AES-256,1000,4,894,1654.1362999996636,0.7058000046527013,2.9269000006024726,True,272.1201133658889
RSA+AES-256,1000,4,895,842.2323000049801,0.6829000049037859,2.864499998395331,True,272.1201133658889
RSA+AES-256,1000,4,896,807.8804000033415,0.6502999967779033,2.940399994258769,True,272.1201133658889
RSA+AES-256,1000,4,897,924.8406000042451,0.6844999952591024,3.2289000009768642,True,272.1201133658889
RSA+AES-256,1000,4,898,800.6609000003664,0.610800001595635,2.9216000039014034,True,272.1201133658889
RSA+AES-256,1000,4,899,679.1345000019646,0.6882999950903468,3.068300000450108,True,272.1201133658889
RSA+AES-256,1000,4,900,472.9640999939875,0.6032000019331463,3.012799999851268,True,272.1201133658889
RSA+AES-256,1000,4,901,637.0841000025393,0.6607999966945499,2.8632999965338968,True,272.1201133658889
RSA+AES-256,1000,4,902,673.2083000024431,0.6603000001632608,2.9417000041576102,True,272.1201133658889
RSA+AES-256,1000,4,903,279.82120000524446,0.6470000007539056,2.867700000933837,True,272.1201133658889
RSA+AES-256,1000,4,904,669.5369000008213,0.6962000043131411,3.001999997650273,True,272.1201133658889
RSA+AES-256,1000,4,905,494.1270999988774,0.6708000000799075,2.962800004752353,True,272.1201133658889
RSA+AES-256,1000,4,906,1047.3158000022522,0.6544000061694533,2.8990999999223277,True,272.1201133658889
RSA+AES-256,1000,4,907,1912.499799997022,0.650499998300802,2.976600000692997,True,272.1201133658889
RSA+AES-256,1000,4,908,301.0288999939803,0.6692000024486333,2.997800002049189,True,272.1201133658889
RSA+AES-256,1000,4,909,251.5242999943439,0.6027999988873489,2.9467999993357807,True,272.1201133658889
RSA+AES-256,1000,4,910,589.2565000031027,0.6645999965257943,3.162199995131232,True,272.1201133658889
RSA+AES-256,1000,4,911,871.694599998591,0.738800001272466,3.0773999969824217,True,272.1201133658889
RSA+AES-256,1000,4,912,1707.2055000026012,0.6592999998247251,2.940200000011828,True,272.1201133658889
RSA+AES-256,1000,4,913,276.5399999989313,0.5922999989707023,2.867600000172388,True,272.1201133658889
RSA+AES-256,1000,4,914,372.6944000009098,0.6690000009257346,2.9128000023774803,True,272.1201133658889
RSA+AES-256,1000,4,915,1012.0688000024529,0.6971000038902275,3.0130000013741665,True,272.1201133658889
RSA+AES-256,1000,4,916,385.35440000123344,0.6695000047329813,2.9419999991660006,True,272.1201133658889
RSA+AES-256,1000,4,917,1590.0068000046303,0.6839000052423216,2.9785000006086193,True,272.1201133658889
RSA+AES-256,1000,4,918,145.90540000062902,0.6066999994800426,2.9499000011128373,True,272.1201133658889
RSA+AES-256,1000,4,919,302.8779000014765,0.6390000053215772,2.8908000022056513,True,272.1201133658889
RSA+AES-256,1000,4,920,396.58159999817144,0.6808999969507568,2.913500000431668,True,272.1201133658889
RSA+AES-256,1000,4,921,737.6562999997986,0.6824000010965392,2.961999998660758,True,272.1201133658889
RSA+AES-256,1000,4,922,622.7061000026879,0.6637000042246655,2.915299999585841,True,272.1201133658889
RSA+AES-256,1000,4,923,240.01819999830332,0.6935999990673736,2.9299999951035716,True,272.1201133658889
RSA+AES-256,1000,4,924,891.9166000050609,0.644800005829893,2.9360999978962354,True,272.1201133658889
RSA+AES-256,1000,4,925,517.2782000008738,0.6563000060850754,2.8744000010192394,True,272.1201133658889
RSA+AES-256,1000,4,926,160.2327000000514,0.632499999483116,2.9170999987400137,True,272.1201133658889
RSA+AES-256,1000,4,927,525.828800004092,0.6939000013517216,3.153499994368758,True,272.1201133658889
RSA+AES-256,1000,4,928,1073.3949999994365,0.6569999968633056,2.962600003229454,True,272.1201133658889
RSA+AES-256,1000,4,929,467.1152000009897,0.6827999968663789,2.958500001113862,True,272.1201133658889
RSA+AES-256,1000,4,930,469.47230000660056,0.6713999973726459,2.9595000014523976,True,272.1201133658889
RSA+AES-256,1000,4,931,2505.7766000027186,0.6628999981330708,2.979500000947155,True,272.1201133658889
RSA+AES-256,1000,4,932,519.7551000019303,0.6539000023622066,2.9001000002608635,True,272.1201133658889
RSA+AES-256,1000,4,933,1053.0494000049657,0.7049000050756149,2.9547000012826174,True,272.1201133658889
RSA+AES-256,1000,4,934,749.2812999989837,0.6523999982164241,2.873999997973442,True,272.1201133658889
RSA+AES-256,1000,4,935,184.71739999949932,0.6492000029538758,2.9037999993306585,True,272.1201133658889
RSA+AES-256,1000,4,936,1243.7458999993396,0.6642000007559545,2.952399998321198,True,272.1201133658889
RSA+AES-256,1000,4,937,680.438099996536,0.6552999984705821,3.132200006803032,True,272.1201133658889
RSA+AES-256,1000,4,938,224.10759999911534,0.6821999995736405,2.9983999993419275,True,272.1201133658889
RSA+AES-256,1000,4,939,2013.165399999707,0.6539000023622066,2.8684999997494742,True,272.1201133658889
RSA+AES-256,1000,4,940,475.49200000503333,0.6954999989829957,2.9800000047544017,True,272.1201133658889
RSA+AES-256,1000,4,941,178.61899999843445,0.6458999996539205,2.8725000011036173,True,272.1201133658889
RSA+AES-256,1000,4,942,699.837000000116,0.6710999950882979,2.9361999986576848,True,272.1201133658889
RSA+AES-256,1000,4,943,436.9300000034855,0.6998000026214868,2.9759000026388094,True,272.1201133658889
RSA+AES-256,1000,4,944,282.2156999973231,0.6885999973746948,3.020600001036655,True,272.1201133658889
RSA+AES-256,1000,4,945,775.6755000009434,0.6789999970351346,2.9524000055971555,True,272.1201133658889
RSA+AES-256,1000,4,946,88.36799999698997,0.5748999974457547,2.883799999835901,True,272.1201133658889
RSA+AES-256,1000,4,947,926.7030999981216,0.6996000010985881,2.9651000004378147,True,272.1201133658889
RSA+AES-256,1000,4,948,250.25319999986095,0.6432000009226613,2.907599999161903,True,272.1201133658889
RSA+AES-256,1000,4,949,770.97369999683,0.7026999955996871,3.0665000012959354,True,272.1201133658889
RSA+AES-256,1000,4,950,278.6647000029916,0.6708000000799075,2.97359999967739,True,272.1201133658889
RSA+AES-256,1000,4,951,917.2069999985979,0.6852000005892478,3.096100001130253,True,272.1201133658889
RSA+AES-256,1000,4,952,430.29769999702694,0.6749999956809916,2.955399999336805,True,272.1201133658889
RSA+AES-256,1000,4,953,791.0168000016711,0.6625999958487228,2.923000000009779,True,272.1201133658889
RSA+AES-256,1000,4,954,175.91380000521895,0.6525999997393228,3.005699996720068,True,272.1201133658889
RSA+AES-256,1000,4,955,230.41620000003604,0.611299998126924,2.9213000016170554,True,272.1201133658889
RSA+AES-256,1000,4,956,957.3209999944083,0.6407999971997924,2.883799999835901,True,272.1201133658889
RSA+AES-256,1000,4,957,485.75089999940246,0.6678000063402578,2.9489000007743016,True,272.1201133658889
RSA+AES-256,1000,4,958,251.69739999546437,0.6932999967830256,3.0064000020502135,True,272.1201133658889
RSA+AES-256,1000,4,959,646.3212000016938,0.7093000021995977,2.9899000001023524,True,272.1201133658889
RSA+AES-256,1000,4,960,764.3676000006963,0.6919000006746501,2.8839000005973503,True,272.1201133658889
RSA+AES-256,1000,4,961,638.1821000031778,0.6272000027820468,2.965500003483612,True,272.1201133658889
RSA+AES-256,1000,4,962,516.0143000030075,0.693899994075764,3.297000002930872,True,272.1201133658889
RSA+AES-256,1000,4,963,431.92529999942053,0.6633000011788681,2.9355999940889888,True,272.1201133658889
RSA+AES-256,1000,4,964,830.5405999999493,0.610699993558228,2.9667000053450465,True,272.1201133658889
RSA+AES-256,1000,4,965,383.7769000019762,0.6645999965257943,2.9564999931608327,True,272.1201133658889
RSA+AES-256,1000,4,966,539.531900001748,0.6625999958487228,2.87880000541918,True,272.1201133658889
RSA+AES-256,1000,4,967,1616.0793000017293,0.6646000038017519,2.9533999986597337,True,272.1201133658889
RSA+AES-256,1000,4,968,996.0535999998683,0.6737000003340654,2.8725000011036173,True,272.1201133658889
RSA+AES-256,1000,4,969,896.4569999952801,0.6559000030392781,3.0618000018876046,True,272.1201133658889
RSA+AES-256,1000,4,970,386.69430000300054,0.6812999999965541,3.005800004757475,True,272.1201133658889
RSA+AES-256,1000,4,971,260.7683000023826,0.6668999994872138,2.9979000028106384,True,272.1201133658889
RSA+AES-256,1000,4,972,451.4963999972679,0.6552999984705821,2.911399998993147,True,272.1201133658889
RSA+AES-256,1000,4,973,222.124600004463,0.6827000033808872,2.8729999976349063,True,272.1201133658889
RSA+AES-256,1000,4,974,329.61950000026263,0.6566000010934658,2.8839000005973503,True,272.1201133658889
RSA+AES-256,1000,4,975,2881.882300003781,0.60710000252584,2.9913000034866855,True,272.1201133658889
RSA+AES-256,1000,4,976,86.7599000048358,0.6089000016800128,2.9489999942597933,True,272.1201133658889
RSA+AES-256,1000,4,977,944.0246999947703,0.5982000002404675,3.071999999519903,True,272.1201133658889
RSA+AES-256,1000,4,978,1097.129900001164,0.690799999574665,2.976299998408649,True,272.1201133658889
RSA+AES-256,1000,4,979,1002.7053999947384,0.7358000002568588,2.9913000034866855,True,272.1201133658889
RSA+AES-256,1000,4,980,732.8581000037957,0.6698000070173293,2.949800000351388,True,272.1201133658889
RSA+AES-256,1000,4,981,937.4128999988898,0.6169999978737906,2.9904999973950908,True,272.1201133658889
RSA+AES-256,1000,4,982,1343.5592000023462,0.6119000026956201,3.0149999947752804,True,272.1201133658889
RSA+AES-256,1000,4,983,682.3915999993915,0.8491000044159591,2.99059999815654,True,272.1201133658889
RSA+AES-256,1000,4,984,465.3470999983256,0.6873000020277686,2.9687999995076098,True,272.1201133658889
RSA+AES-256,1000,4,985,1052.9028000019025,0.6562999988091178,3.074799999012612,True,272.1201133658889
RSA+AES-256,1000,4,986,686.5044000005582,0.6225999968592077,2.9261000017868355,True,272.1201133658889
RSA+AES-256,1000,4,987,551.349699999264,0.6623000008403324,2.9389999981503934,True,272.1201133658889
RSA+AES-256,1000,4,988,760.1557000016328,0.6785000005038455,2.886000002035871,True,272.1201133658889
RSA+AES-256,1000,4,989,1247.0572999955039,0.672800000756979,2.994499998749234,True,272.1201133658889
RSA+AES-256,1000,4,990,1040.0827999983449,0.687899999320507,3.3932000005734153,True,272.1201133658889
RSA+AES-256,1000,4,991,200.65710000199033,0.6085000059101731,3.034800000023097,True,272.1201133658889
RSA+AES-256,1000,4,992,598.3611999981804,0.6627999973716214,2.8945000012754463,True,272.1201133658889
RSA+AES-256,1000,4,993,430.8235999997123,0.6608999974559993,2.8909999964525923,True,272.1201133658889
RSA+AES-256,1000,4,994,570.3552000049967,0.6410000059986487,2.8585000036400743,True,272.1201133658889
RSA+AES-256,1000,4,995,783.8684999951511,0.6451000008382834,2.87880000541918,True,272.1201133658889
RSA+AES-256,1000,4,996,217.86779999820283,0.7288999986485578,2.9719000012846664,True,272.1201133658889
RSA+AES-256,1000,4,997,251.28399999812245,0.6114999996498227,2.918800004408695,True,272.1201133658889
RSA+AES-256,1000,4,998,1075.6404000057955,0.6638999984716065,3.1827000057091936,True,272.1201133658889
RSA+AES-256,1000,4,999,1048.1552999990527,0.6532000043080188,2.9499000011128373,True,272.1201133658889
RSA+AES-256,1000,4,1000,1074.6287000001757,0.6629999988945201,2.9242000018712133,True,272.1201133658889
