scheme,volume,repetition,transaction_id,key_gen_time,encryption_time,decryption_time,integrity_verified,throughput
RSA+AES-256,5000,2,1,585.5044999989332,22.64159999322146,3.355699998792261,True,272.9444173809545
RSA+AES-256,5000,2,2,587.349000001268,0.7703000010224059,3.267699998104945,True,272.9444173809545
RSA+AES-256,5000,2,3,80.65429999987828,0.7103000025381334,3.1366999974125065,True,272.9444173809545
RSA+AES-256,5000,2,4,658.2511000015074,0.6816000022809021,3.100800000538584,True,272.9444173809545
RSA+AES-256,5000,2,5,314.8653000025661,0.7114000036381185,3.0144999982439913,True,272.9444173809545
RSA+AES-256,5000,2,6,1084.5523000025423,0.6169999978737906,2.9456999982357956,True,272.9444173809545
RSA+AES-256,5000,2,7,115.74539999855915,0.6138000026112422,2.9381999993347563,True,272.9444173809545
RSA+AES-256,5000,2,8,318.2050999967032,0.6589000040548854,2.940699996543117,True,272.9444173809545
RSA+AES-256,5000,2,9,774.171999997634,0.6558000022778288,2.873999997973442,True,272.9444173809545
RSA+AES-256,5000,2,10,640.7054000010248,0.6742999976268038,2.942400002211798,True,272.9444173809545
RSA+AES-256,5000,2,11,214.50449999974808,0.6669999929727055,2.9544999997597188,True,272.9444173809545
RSA+AES-256,5000,2,12,355.99099999672035,0.6745999999111518,2.9129000031389296,True,272.9444173809545
RSA+AES-256,5000,2,13,216.18679999664892,0.6399999983841553,2.9008999990765005,True,272.9444173809545
RSA+AES-256,5000,2,14,254.00179999996908,0.650499998300802,2.921399995102547,True,272.9444173809545
RSA+AES-256,5000,2,15,1349.8522000008961,0.6701000020257197,2.912399999331683,True,272.9444173809545
RSA+AES-256,5000,2,16,530.695100002049,0.701400000252761,2.923799998825416,True,272.9444173809545
RSA+AES-256,5000,2,17,530.9942999956547,0.6835000021965243,2.9394000011961907,True,272.9444173809545
RSA+AES-256,5000,2,18,332.95389999693725,0.6786000012652948,3.0512000012095086,True,272.9444173809545
RSA+AES-256,5000,2,19,96.97179999784566,0.683400001435075,2.922199993918184,True,272.9444173809545
RSA+AES-256,5000,2,20,347.6388999988558,0.6853000013506971,3.07990000146674,True,272.9444173809545
RSA+AES-256,5000,2,21,638.4451000049012,0.6745999999111518,2.989199994772207,True,272.9444173809545
RSA+AES-256,5000,2,22,833.214999998745,0.6180999989737757,2.9704999979003333,True,272.9444173809545
RSA+AES-256,5000,2,23,685.9129000004032,0.6617999970330857,2.9722000035690144,True,272.9444173809545
RSA+AES-256,5000,2,24,946.8845000010333,0.6490000014309771,2.8572000010171905,True,272.9444173809545
RSA+AES-256,5000,2,25,1659.9081000022124,0.6815000015194528,3.0167000004439615,True,272.9444173809545
RSA+AES-256,5000,2,26,967.4593999952776,0.6814999942434952,2.980199999001343,True,272.9444173809545
RSA+AES-256,5000,2,27,220.86439999839058,0.7056999966152944,2.974700000777375,True,272.9444173809545
RSA+AES-256,5000,2,28,878.3169000016642,0.6789000035496429,2.9323999988264404,True,272.9444173809545
RSA+AES-256,5000,2,29,1332.9752999998163,0.7069999992381781,2.9821000061929226,True,272.9444173809545
RSA+AES-256,5000,2,30,225.73569999804022,0.6575000006705523,3.005699996720068,True,272.9444173809545
RSA+AES-256,5000,2,31,522.6440000042203,0.661599995510187,3.014000001712702,True,272.9444173809545
RSA+AES-256,5000,2,32,630.1743000003626,0.6720000019413419,2.887999995436985,True,272.9444173809545
RSA+AES-256,5000,2,33,247.3688000027323,0.6656999976257794,2.9540000032284297,True,272.9444173809545
RSA+AES-256,5000,2,34,638.8125000012224,0.6791000050725415,2.9598999972222373,True,272.9444173809545
RSA+AES-256,5000,2,35,122.20600000000559,0.6099000020185485,2.8993000014452264,True,272.9444173809545
RSA+AES-256,5000,2,36,362.81549999694107,0.6549999961862341,2.8719999972963706,True,272.9444173809545
RSA+AES-256,5000,2,37,445.26110000151675,0.6717999931424856,2.9298000008566305,True,272.9444173809545
RSA+AES-256,5000,2,38,3934.707000000344,0.6824000010965392,2.9097000006004237,True,272.9444173809545
RSA+AES-256,5000,2,39,389.0274000004865,0.622200001089368,2.9567999954451807,True,272.9444173809545
RSA+AES-256,5000,2,40,104.87170000124024,0.6990999972913414,3.036399997654371,True,272.9444173809545
RSA+AES-256,5000,2,41,120.03579999873182,0.6068999937269837,2.9802000062773004,True,272.9444173809545
RSA+AES-256,5000,2,42,741.1961999969208,0.6674000032944605,2.8634999980567954,True,272.9444173809545
RSA+AES-256,5000,2,43,292.29040000063833,0.6666999979643151,2.9649999996763654,True,272.9444173809545
RSA+AES-256,5000,2,44,188.55200000689365,0.5739000043831766,2.9636999970534816,True,272.9444173809545
RSA+AES-256,5000,2,45,399.1209000014351,0.6906999988132156,3.0076999973971397,True,272.9444173809545
RSA+AES-256,5000,2,46,1155.7854999991832,0.6217999980435707,2.9720999955316074,True,272.9444173809545
RSA+AES-256,5000,2,47,452.3771000021952,0.6576999949174933,2.983699996548239,True,272.9444173809545
RSA+AES-256,5000,2,48,256.3758999967831,0.665100000333041,2.938700003142003,True,272.9444173809545
RSA+AES-256,5000,2,49,1309.8059999974794,0.6770000036340207,2.9916000057710335,True,272.9444173809545
RSA+AES-256,5000,2,50,350.5126999953063,0.6613000005017966,2.8829000002588145,True,272.9444173809545
RSA+AES-256,5000,2,51,394.01969999744324,0.6926999994902872,2.9969000024721026,True,272.9444173809545
RSA+AES-256,5000,2,52,74.8911999980919,0.6943000043975189,3.0090000000200234,True,272.9444173809545
RSA+AES-256,5000,2,53,111.37579999922309,0.6330000032903627,2.922699997725431,True,272.9444173809545
RSA+AES-256,5000,2,54,223.963399999775,0.6600999986403622,2.8865999993286096,True,272.9444173809545
RSA+AES-256,5000,2,55,542.9782999999588,0.6600999986403622,2.8669000021182,True,272.9444173809545
RSA+AES-256,5000,2,56,706.7728999973042,0.7123999967006966,2.933700001449324,True,272.9444173809545
RSA+AES-256,5000,2,57,354.1841000042041,0.603700005740393,3.0088000057730824,True,272.9444173809545
RSA+AES-256,5000,2,58,464.17709999514045,0.6207999977050349,2.920099999755621,True,272.9444173809545
RSA+AES-256,5000,2,59,96.38339999946766,0.6013999955030158,2.882000000681728,True,272.9444173809545
RSA+AES-256,5000,2,60,98.59199999482371,0.5960999988019466,2.890099996875506,True,272.9444173809545
RSA+AES-256,5000,2,61,333.92340000136755,0.6749000021954998,3.2737000001361594,True,272.9444173809545
RSA+AES-256,5000,2,62,944.836700000451,0.6576000014320016,2.9107000009389594,True,272.9444173809545
RSA+AES-256,5000,2,63,801.8534000002546,0.6850999998277985,2.8906000006827526,True,272.9444173809545
RSA+AES-256,5000,2,64,737.852300000668,0.6758000017725863,2.9724999985774048,True,272.9444173809545
RSA+AES-256,5000,2,65,946.7470000017784,0.65080000058515,2.921399995102547,True,272.9444173809545
RSA+AES-256,5000,2,66,1480.5947999993805,0.6480000010924414,2.8775999962817878,True,272.9444173809545
RSA+AES-256,5000,2,67,356.57540000102017,0.662800004647579,2.939999998488929,True,272.9444173809545
RSA+AES-256,5000,2,68,252.68959999812068,1.1042999976780266,3.076500004681293,True,272.9444173809545
RSA+AES-256,5000,2,69,262.1212000012747,0.6548999954247847,2.9576000015367754,True,272.9444173809545
RSA+AES-256,5000,2,70,548.1932999973651,0.6786000012652948,2.9674000033992343,True,272.9444173809545
RSA+AES-256,5000,2,71,344.0152999974089,0.6738000010955147,2.967600004922133,True,272.9444173809545
RSA+AES-256,5000,2,72,219.93239999574143,0.6333999990602024,2.8832000025431626,True,272.9444173809545
RSA+AES-256,5000,2,73,1180.1045000029262,0.6894000034662895,2.9604999945149757,True,272.9444173809545
RSA+AES-256,5000,2,74,809.9489000014728,0.7040999989840202,2.94430000212742,True,272.9444173809545
RSA+AES-256,5000,2,75,1403.9644000004046,0.6726999999955297,3.1897000008029863,True,272.9444173809545
RSA+AES-256,5000,2,76,230.36070000671316,0.6514999986393377,2.9355999940889888,True,272.9444173809545
RSA+AES-256,5000,2,77,1214.1405000002123,0.6781999982194975,2.9678999999305233,True,272.9444173809545
RSA+AES-256,5000,2,78,1098.899699994945,0.6302999972831458,3.2299000013154,True,272.9444173809545
RSA+AES-256,5000,2,79,359.18629999650875,0.6303999980445951,2.999499993165955,True,272.9444173809545
RSA+AES-256,5000,2,80,409.98579999723006,0.6693999966955744,2.946599997812882,True,272.9444173809545
RSA+AES-256,5000,2,81,201.50320000539068,0.6330999967758544,2.939699996204581,True,272.9444173809545
RSA+AES-256,5000,2,82,341.30049999657786,0.6540000031236559,2.991299996210728,True,272.9444173809545
RSA+AES-256,5000,2,83,216.92700000130571,0.6375000011757948,2.9668999995919876,True,272.9444173809545
RSA+AES-256,5000,2,84,159.4528999994509,0.6412000002455898,2.935800002887845,True,272.9444173809545
RSA+AES-256,5000,2,85,451.26129999698605,0.7048000043141656,2.9742999977315776,True,272.9444173809545
RSA+AES-256,5000,2,86,949.0451000019675,0.6839000052423216,2.907699999923352,True,272.9444173809545
RSA+AES-256,5000,2,87,332.99650000117254,0.6783999997423962,2.940799997304566,True,272.9444173809545
RSA+AES-256,5000,2,88,292.0961000054376,0.6503999975393526,2.9947000002721325,True,272.9444173809545
RSA+AES-256,5000,2,89,260.6997000038973,0.6210999999893829,3.006000006280374,True,272.9444173809545
RSA+AES-256,5000,2,90,514.3319000053452,0.6957000005058944,2.9691000017919578,True,272.9444173809545
RSA+AES-256,5000,2,91,1269.746199999645,0.7173000049078837,3.294999994977843,True,272.9444173809545
RSA+AES-256,5000,2,92,1499.6917999960715,0.6593999933102168,2.9856999972253107,True,272.9444173809545
RSA+AES-256,5000,2,93,773.1805000003078,0.6790000043110922,3.0030000052647665,True,272.9444173809545
RSA+AES-256,5000,2,94,514.4835999963107,0.6027999988873489,2.9413999945973046,True,272.9444173809545
RSA+AES-256,5000,2,95,1101.9480999966618,0.6065999987185933,3.0677999966428615,True,272.9444173809545
RSA+AES-256,5000,2,96,383.51630000397563,0.6539000023622066,2.979199998662807,True,272.9444173809545
RSA+AES-256,5000,2,97,324.22589999623597,0.6891000011819415,3.020199997990858,True,272.9444173809545
RSA+AES-256,5000,2,98,626.0952999946312,0.6570000041392632,2.986899999086745,True,272.9444173809545
RSA+AES-256,5000,2,99,313.18560000363505,0.6683000028715469,3.054000000702217,True,272.9444173809545
RSA+AES-256,5000,2,100,445.3072999967844,0.6569000033778138,2.872400000342168,True,272.9444173809545
RSA+AES-256,5000,2,101,160.49829999974463,0.6246999982977286,2.8881999969598837,True,272.9444173809545
RSA+AES-256,5000,2,102,638.1489999985206,0.6901000015204772,3.008700005011633,True,272.9444173809545
RSA+AES-256,5000,2,103,866.6212999960408,0.6604000009247102,2.923799998825416,True,272.9444173809545
RSA+AES-256,5000,2,104,1536.4832000050228,0.8421999955317006,3.0435999942710623,True,272.9444173809545
RSA+AES-256,5000,2,105,125.19909999537049,0.5707000018446706,2.9202000005170703,True,272.9444173809545
RSA+AES-256,5000,2,106,450.21860000269953,0.6789000035496429,2.966300002299249,True,272.9444173809545
RSA+AES-256,5000,2,107,353.3425000059651,0.6737000003340654,2.965699997730553,True,272.9444173809545
RSA+AES-256,5000,2,108,317.93610000022454,0.6307000003289431,2.915900004154537,True,272.9444173809545
RSA+AES-256,5000,2,109,980.2063000024646,0.698199997714255,2.9423000014503486,True,272.9444173809545
RSA+AES-256,5000,2,110,136.353699999745,0.6130999972810969,2.97839999984717,True,272.9444173809545
RSA+AES-256,5000,2,111,252.94989999383688,0.6529000020236708,2.9324999995878898,True,272.9444173809545
RSA+AES-256,5000,2,112,1318.4041000058642,0.6546000004163943,2.865499998733867,True,272.9444173809545
RSA+AES-256,5000,2,113,860.9222000013688,0.6588999967789277,2.926500004832633,True,272.9444173809545
RSA+AES-256,5000,2,114,1028.1176999997115,0.6668999994872138,2.9646000039065257,True,272.9444173809545
RSA+AES-256,5000,2,115,875.0390999994124,0.6853999948361889,3.0852999989292584,True,272.9444173809545
RSA+AES-256,5000,2,116,137.06700000329874,0.5983000010019168,2.879300001950469,True,272.9444173809545
RSA+AES-256,5000,2,117,606.0368000034941,0.6464000034611672,2.9125000000931323,True,272.9444173809545
RSA+AES-256,5000,2,118,552.8430999984266,0.6693000032100827,2.935500000603497,True,272.9444173809545
RSA+AES-256,5000,2,119,609.3196000001626,0.6570000041392632,2.9414000018732622,True,272.9444173809545
RSA+AES-256,5000,2,120,141.51549999951385,0.6237000052351505,2.9651000004378147,True,272.9444173809545
RSA+AES-256,5000,2,121,992.7429000017582,0.6189000050653704,3.016499998921063,True,272.9444173809545
RSA+AES-256,5000,2,122,596.503799999482,0.6788000027881935,2.982899997732602,True,272.9444173809545
RSA+AES-256,5000,2,123,1370.5602000045474,0.7053000008454546,3.028999999514781,True,272.9444173809545
RSA+AES-256,5000,2,124,1373.713000000862,0.683899997966364,3.030299994861707,True,272.9444173809545
RSA+AES-256,5000,2,125,153.71040000172798,0.6959000020287931,3.17209999775514,True,272.9444173809545
RSA+AES-256,5000,2,126,300.86609999852953,0.6661000006715767,2.9900000008638017,True,272.9444173809545
RSA+AES-256,5000,2,127,207.65799999935552,0.6577000021934509,3.0006999950273894,True,272.9444173809545
RSA+AES-256,5000,2,128,521.6304999994463,0.6598000036319718,2.92279999848688,True,272.9444173809545
RSA+AES-256,5000,2,129,846.7130999997607,0.6646999972872436,3.002499994181562,True,272.9444173809545
RSA+AES-256,5000,2,130,440.1016999981948,0.691400004143361,3.005599995958619,True,272.9444173809545
RSA+AES-256,5000,2,131,817.2933000023477,0.618199999735225,2.952200004074257,True,272.9444173809545
RSA+AES-256,5000,2,132,455.11769999575336,0.6893999961903319,3.0268000045907684,True,272.9444173809545
RSA+AES-256,5000,2,133,476.04839999985415,0.6098000012570992,2.9830999992555007,True,272.9444173809545
RSA+AES-256,5000,2,134,1239.8975000032806,0.6928000002517365,2.956000003905501,True,272.9444173809545
RSA+AES-256,5000,2,135,524.7403000030317,0.6831999999121763,2.9630999997607432,True,272.9444173809545
RSA+AES-256,5000,2,136,1152.341900000465,0.9185000017168932,3.0016000018804334,True,272.9444173809545
RSA+AES-256,5000,2,137,723.7355000033858,0.6862999944132753,2.852999998140149,True,272.9444173809545
RSA+AES-256,5000,2,138,1332.7003000013065,0.6916999991517514,2.994599999510683,True,272.9444173809545
RSA+AES-256,5000,2,139,938.6980999988737,0.7011999987298623,2.968100001453422,True,272.9444173809545
RSA+AES-256,5000,2,140,671.6588999988744,0.6961999970371835,2.9958000013721175,True,272.9444173809545
RSA+AES-256,5000,2,141,413.82159999920987,0.6795000008423813,2.97100000170758,True,272.9444173809545
RSA+AES-256,5000,2,142,1042.598200001521,0.6742999976268038,2.9619000051752664,True,272.9444173809545
RSA+AES-256,5000,2,143,84.55289999983506,0.6714000046486035,2.965399995446205,True,272.9444173809545
RSA+AES-256,5000,2,144,525.1080000016373,0.6962999977986328,2.951299997221213,True,272.9444173809545
RSA+AES-256,5000,2,145,387.3561000000336,0.6754999994882382,2.9826999962097034,True,272.9444173809545
RSA+AES-256,5000,2,146,1409.6102000039537,0.6089000016800128,2.9816999958711676,True,272.9444173809545
RSA+AES-256,5000,2,147,833.4355999977561,0.6378000034601428,2.9562999989138916,True,272.9444173809545
RSA+AES-256,5000,2,148,289.54300000623334,0.6314000056590885,2.979500000947155,True,272.9444173809545
RSA+AES-256,5000,2,149,740.6897000037134,0.6922999964444898,2.988600004755426,True,272.9444173809545
RSA+AES-256,5000,2,150,230.81919999822276,0.6403000006685033,3.0658000032417476,True,272.9444173809545
RSA+AES-256,5000,2,151,1135.8892999996897,0.7440000044880435,3.191499999957159,True,272.9444173809545
RSA+AES-256,5000,2,152,345.8956999966176,0.7582999969599769,3.581999997550156,True,272.9444173809545
RSA+AES-256,5000,2,153,1692.7713000040967,0.7246000022860244,3.200699997250922,True,272.9444173809545
RSA+AES-256,5000,2,154,962.786000003689,0.6812999999965541,3.1201000019791536,True,272.9444173809545
RSA+AES-256,5000,2,155,412.27020000224,0.6176000024424866,2.9508000006899238,True,272.9444173809545
RSA+AES-256,5000,2,156,1400.487399994745,0.7149000011850148,3.3937999978661537,True,272.9444173809545
RSA+AES-256,5000,2,157,779.9744000003557,0.7700000060140155,3.40660000074422,True,272.9444173809545
RSA+AES-256,5000,2,158,1150.6553999934113,0.6869999997434206,3.1233999980031513,True,272.9444173809545
RSA+AES-256,5000,2,159,567.9604999968433,0.6862000009277835,2.956700001959689,True,272.9444173809545
RSA+AES-256,5000,2,160,318.75209999998333,0.669599998218473,2.9284999982337467,True,272.9444173809545
RSA+AES-256,5000,2,161,949.5352000012645,0.6610999989788979,2.8737999964505434,True,272.9444173809545
RSA+AES-256,5000,2,162,267.9661000001943,0.6437999982153997,2.95429999823682,True,272.9444173809545
RSA+AES-256,5000,2,163,782.256899998174,0.6992999988142401,2.9569000034825876,True,272.9444173809545
RSA+AES-256,5000,2,164,521.4465999961249,0.6877999985590577,2.978200005600229,True,272.9444173809545
RSA+AES-256,5000,2,165,542.4461999937193,0.6665000037173741,2.942700004496146,True,272.9444173809545
RSA+AES-256,5000,2,166,410.93179999734275,0.6683000028715469,2.8736000022036023,True,272.9444173809545
RSA+AES-256,5000,2,167,924.2789999989327,0.6611999997403473,3.296099996077828,True,272.9444173809545
RSA+AES-256,5000,2,168,684.164199999941,0.6886999981361441,2.936600001703482,True,272.9444173809545
RSA+AES-256,5000,2,169,1652.3285000002943,0.651299997116439,2.9018000059295446,True,272.9444173809545
RSA+AES-256,5000,2,170,417.8902999992715,0.6152999994810671,2.985600003739819,True,272.9444173809545
RSA+AES-256,5000,2,171,748.1524000031641,0.6529999955091625,2.877999999327585,True,272.9444173809545
RSA+AES-256,5000,2,172,672.3498000064865,0.6415999960154295,2.871099997719284,True,272.9444173809545
RSA+AES-256,5000,2,173,354.22420000395505,0.6473999965237454,2.8972000000067055,True,272.9444173809545
RSA+AES-256,5000,2,174,2025.2322000014829,0.6587999960174784,2.9528000013669953,True,272.9444173809545
RSA+AES-256,5000,2,175,2579.5421000002534,0.6608000039705075,2.8978999980608933,True,272.9444173809545
RSA+AES-256,5000,2,176,625.9809999974095,0.6610999989788979,3.031200001714751,True,272.9444173809545
RSA+AES-256,5000,2,177,102.51019999850541,0.6292000034591183,3.0073000016273,True,272.9444173809545
RSA+AES-256,5000,2,178,328.739399999904,1.0748000058811158,3.0889000045135617,True,272.9444173809545
RSA+AES-256,5000,2,179,403.6005000016303,0.6716999996569939,3.009700005350169,True,272.9444173809545
RSA+AES-256,5000,2,180,1696.8731000015396,0.6744999991497025,2.995700000610668,True,272.9444173809545
RSA+AES-256,5000,2,181,245.84030000551138,0.6532999977935106,2.9933999976492487,True,272.9444173809545
RSA+AES-256,5000,2,182,972.5629000022309,0.6996999945840798,2.900500003306661,True,272.9444173809545
RSA+AES-256,5000,2,183,345.6036999996286,0.680199998896569,3.0409000028157607,True,272.9444173809545
RSA+AES-256,5000,2,184,687.7906000008807,0.6606000024476089,2.8976999965379946,True,272.9444173809545
RSA+AES-256,5000,2,185,489.50089999561897,0.6844000017736107,2.950299996882677,True,272.9444173809545
RSA+AES-256,5000,2,186,603.3300999988569,0.7133000035537407,2.9107000009389594,True,272.9444173809545
RSA+AES-256,5000,2,187,259.12509999761824,0.6745999999111518,2.939199999673292,True,272.9444173809545
RSA+AES-256,5000,2,188,574.8984000019846,0.6838000044808723,2.9202000005170703,True,272.9444173809545
RSA+AES-256,5000,2,189,278.1667000017478,0.6613000005017966,2.9095999998389743,True,272.9444173809545
RSA+AES-256,5000,2,190,233.20840000087628,0.6615000020246953,3.0918999982532114,True,272.9444173809545
RSA+AES-256,5000,2,191,1147.8332999977283,0.6685000043944456,2.8957000031368807,True,272.9444173809545
RSA+AES-256,5000,2,192,1152.477399999043,0.6620999993174337,2.9460000005201437,True,272.9444173809545
RSA+AES-256,5000,2,193,469.56820000195876,0.6536000000778586,2.8751999998348765,True,272.9444173809545
RSA+AES-256,5000,2,194,595.8456999942428,0.7131999955163337,2.9877999986638315,True,272.9444173809545
RSA+AES-256,5000,2,195,199.0896999996039,0.6243000025278889,2.9455000039888546,True,272.9444173809545
RSA+AES-256,5000,2,196,829.6136999997543,0.6007999982102774,2.9786999948555604,True,272.9444173809545
RSA+AES-256,5000,2,197,746.308499998122,0.66559999686433,3.028300001460593,True,272.9444173809545
RSA+AES-256,5000,2,198,966.5529999983846,0.6525999997393228,2.8917999952682294,True,272.9444173809545
RSA+AES-256,5000,2,199,1041.5454000030877,0.6053000033716671,2.9604999945149757,True,272.9444173809545
RSA+AES-256,5000,2,200,2417.1405999950366,0.6683000028715469,2.9437999983201735,True,272.9444173809545
RSA+AES-256,5000,2,201,225.98090000246884,0.6369999973685481,3.023999997822102,True,272.9444173809545
RSA+AES-256,5000,2,202,1939.7705999945174,0.6649999995715916,3.3433000062359497,True,272.9444173809545
RSA+AES-256,5000,2,203,375.58480000006966,0.6672999952570535,2.8587999986484647,True,272.9444173809545
RSA+AES-256,5000,2,204,102.62359999615,0.6265999982133508,2.9690000010305084,True,272.9444173809545
RSA+AES-256,5000,2,205,759.1144000034546,0.7003999999142252,3.0782000030740164,True,272.9444173809545
RSA+AES-256,5000,2,206,563.0912999986322,0.6790000043110922,2.913699994678609,True,272.9444173809545
RSA+AES-256,5000,2,207,1216.890499999863,0.6753000052412972,2.9060000015306287,True,272.9444173809545
RSA+AES-256,5000,2,208,1369.0841999996337,0.6572999991476536,2.864800000679679,True,272.9444173809545
RSA+AES-256,5000,2,209,998.2514000002993,0.6499000010080636,2.860799999325536,True,272.9444173809545
RSA+AES-256,5000,2,210,1758.1807000024128,0.6199000054039061,2.8433999978005886,True,272.9444173809545
RSA+AES-256,5000,2,211,413.8686999940546,0.6848000048194081,2.957199998490978,True,272.9444173809545
RSA+AES-256,5000,2,212,580.0018000009004,0.7012999994913116,2.963300001283642,True,272.9444173809545
RSA+AES-256,5000,2,213,341.9299000015599,0.6418000048142858,2.905300003476441,True,272.9444173809545
RSA+AES-256,5000,2,214,763.9970000018366,0.6638999984716065,2.857700004824437,True,272.9444173809545
RSA+AES-256,5000,2,215,1038.0471000025864,0.6573999999091029,2.982899997732602,True,272.9444173809545
RSA+AES-256,5000,2,216,202.33860000007553,0.6559999965247698,3.129099997750018,True,272.9444173809545
RSA+AES-256,5000,2,217,1164.957000000868,0.673100003041327,2.9668999995919876,True,272.9444173809545
RSA+AES-256,5000,2,218,844.8166000016499,0.6753999987267889,2.8965000019525178,True,272.9444173809545
RSA+AES-256,5000,2,219,1889.0315999960876,0.90970000019297,2.958500001113862,True,272.9444173809545
RSA+AES-256,5000,2,220,190.56650000129594,0.6296999999904074,2.963799997814931,True,272.9444173809545
RSA+AES-256,5000,2,221,108.3881999948062,0.6941000028746203,3.268000000389293,True,272.9444173809545
RSA+AES-256,5000,2,222,1180.7247000033385,0.6590999983018264,2.9269000006024726,True,272.9444173809545
RSA+AES-256,5000,2,223,1667.030299999169,0.6381999992299825,2.8601000012713484,True,272.9444173809545
RSA+AES-256,5000,2,224,1995.5250999992131,0.6716999996569939,2.9196999967098236,True,272.9444173809545
RSA+AES-256,5000,2,225,1153.4228999953484,0.6319999956758693,2.9869999998481944,True,272.9444173809545
RSA+AES-256,5000,2,226,627.0614999957616,0.6757000010111369,2.991100001963787,True,272.9444173809545
RSA+AES-256,5000,2,227,591.6130999976303,0.6809000042267144,2.9792999994242564,True,272.9444173809545
RSA+AES-256,5000,2,228,253.62500000483124,0.6529000020236708,2.9033000027993694,True,272.9444173809545
RSA+AES-256,5000,2,229,710.4083000012906,0.7039999982225709,2.9691000017919578,True,272.9444173809545
RSA+AES-256,5000,2,230,1243.0947000029846,0.9329000022262335,3.1349000055342913,True,272.9444173809545
RSA+AES-256,5000,2,231,917.3579000052996,0.698800002282951,2.8979999988223426,True,272.9444173809545
RSA+AES-256,5000,2,232,1418.4536000029766,0.7001999983913265,2.9668999995919876,True,272.9444173809545
RSA+AES-256,5000,2,233,692.3509999978705,0.6917999999132007,2.857199993741233,True,272.9444173809545
RSA+AES-256,5000,2,234,419.6643000032054,0.6603999936487526,2.9311000034795143,True,272.9444173809545
RSA+AES-256,5000,2,235,1022.1792000011192,0.6809999977122061,2.906100002292078,True,272.9444173809545
RSA+AES-256,5000,2,236,440.1900000011665,0.6685999978799373,2.9151999988243915,True,272.9444173809545
RSA+AES-256,5000,2,237,165.02150000451365,0.6758000017725863,2.945000000181608,True,272.9444173809545
RSA+AES-256,5000,2,238,676.4555999980075,0.622500003373716,3.0669999978272244,True,272.9444173809545
RSA+AES-256,5000,2,239,96.81490000366466,0.6043999965186231,2.8822999956901185,True,272.9444173809545
RSA+AES-256,5000,2,240,916.1167999991449,0.6804000004194677,2.9525999998440966,True,272.9444173809545
RSA+AES-256,5000,2,241,880.7484999997541,0.6461999946623109,2.991599998495076,True,272.9444173809545
RSA+AES-256,5000,2,242,631.5849000020535,0.6857999978819862,2.9426000037346967,True,272.9444173809545
RSA+AES-256,5000,2,243,1718.298700005107,0.7045000020298176,2.9434000025503337,True,272.9444173809545
RSA+AES-256,5000,2,244,177.2891000000527,0.6389000045601279,2.904799999669194,True,272.9444173809545
RSA+AES-256,5000,2,245,674.331300004269,0.6711000023642555,2.948699999251403,True,272.9444173809545
RSA+AES-256,5000,2,246,737.998399999924,0.6730999957653694,2.9521000033128075,True,272.9444173809545
RSA+AES-256,5000,2,247,147.00460000312887,0.639599995338358,2.9821000061929226,True,272.9444173809545
RSA+AES-256,5000,2,248,533.9556999970227,0.6600999986403622,2.9265999983181246,True,272.9444173809545
RSA+AES-256,5000,2,249,908.8221000056365,0.6712000031257048,3.0782000030740164,True,272.9444173809545
RSA+AES-256,5000,2,250,587.4100000000908,0.6850999998277985,3.0072999943513423,True,272.9444173809545
RSA+AES-256,5000,2,251,1155.507800001942,0.6615000020246953,2.903699998569209,True,272.9444173809545
RSA+AES-256,5000,2,252,919.4220000063069,0.6633999946643598,2.9084999987389892,True,272.9444173809545
RSA+AES-256,5000,2,253,777.4100000024191,0.6576999949174933,2.9304999989108182,True,272.9444173809545
RSA+AES-256,5000,2,254,352.12399999727495,0.6559999965247698,2.8898000018671155,True,272.9444173809545
RSA+AES-256,5000,2,255,1584.057699998084,0.6701999955112115,3.000099997734651,True,272.9444173809545
RSA+AES-256,5000,2,256,552.4633000022732,0.7019000040600076,2.975499999593012,True,272.9444173809545
RSA+AES-256,5000,2,257,1074.9140000043553,0.6727999934810214,2.9250000006868504,True,272.9444173809545
RSA+AES-256,5000,2,258,547.7269000039087,0.6085999993956648,2.918500002124347,True,272.9444173809545
RSA+AES-256,5000,2,259,1340.2518999937456,0.6502000032924116,2.886399997805711,True,272.9444173809545
RSA+AES-256,5000,2,260,406.6426000063075,0.6136000010883436,2.958999997645151,True,272.9444173809545
RSA+AES-256,5000,2,261,217.537500000617,0.67710000439547,2.950799993413966,True,272.9444173809545
RSA+AES-256,5000,2,262,959.2066999975941,0.6560999972862191,2.949300003820099,True,272.9444173809545
RSA+AES-256,5000,2,263,889.0914000003249,0.6674000032944605,2.989799999340903,True,272.9444173809545
RSA+AES-256,5000,2,264,402.46440000191797,0.6636999969487078,2.9837999973096885,True,272.9444173809545
RSA+AES-256,5000,2,265,412.39669999777107,0.7063000011839904,2.9862000010325573,True,272.9444173809545
RSA+AES-256,5000,2,266,582.4757000009413,0.6682999955955893,2.9089000017847866,True,272.9444173809545
RSA+AES-256,5000,2,267,395.0364000047557,0.6969000023673289,3.0115000045043416,True,272.9444173809545
RSA+AES-256,5000,2,268,640.6616999956896,0.6732999972882681,3.0134999979054555,True,272.9444173809545
RSA+AES-256,5000,2,269,143.7867999993614,0.6047000060789287,2.942599996458739,True,272.9444173809545
RSA+AES-256,5000,2,270,553.9118000015151,0.6603000001632608,2.86469999991823,True,272.9444173809545
RSA+AES-256,5000,2,271,590.8741000021109,0.6520000024465844,3.0445000011241063,True,272.9444173809545
RSA+AES-256,5000,2,272,236.40069999964908,0.6128999957581982,2.9195999959483743,True,272.9444173809545
RSA+AES-256,5000,2,273,405.52179999940563,0.6524999989778735,2.8619000004255213,True,272.9444173809545
RSA+AES-256,5000,2,274,1364.3928000019514,0.676199997542426,2.87209999805782,True,272.9444173809545
RSA+AES-256,5000,2,275,601.7892999952892,0.6643000015174039,2.9441000006045215,True,272.9444173809545
RSA+AES-256,5000,2,276,1742.9162000044016,0.6749999956809916,2.922199993918184,True,272.9444173809545
RSA+AES-256,5000,2,277,656.7383000001428,0.6493999972008169,3.120699999271892,True,272.9444173809545
RSA+AES-256,5000,2,278,40.71699999622069,0.5613999965135008,2.933600000687875,True,272.9444173809545
RSA+AES-256,5000,2,279,1624.808499997016,0.6883000023663044,2.951399997982662,True,272.9444173809545
RSA+AES-256,5000,2,280,740.5983999997261,0.6868999989819713,2.9321999973035417,True,272.9444173809545
RSA+AES-256,5000,2,281,327.51920000009704,0.6788000027881935,2.9601999995065853,True,272.9444173809545
RSA+AES-256,5000,2,282,836.3591000015731,0.6756000002496876,3.026599995791912,True,272.9444173809545
RSA+AES-256,5000,2,283,1550.8804999990389,0.6817999965278432,2.924400003394112,True,272.9444173809545
RSA+AES-256,5000,2,284,713.2356000001892,0.6969000023673289,3.0216999948606826,True,272.9444173809545
RSA+AES-256,5000,2,285,1222.8876000008313,0.6240000002435409,2.9758999953628518,True,272.9444173809545
RSA+AES-256,5000,2,286,691.9988000008743,0.6634999954258092,2.961199999845121,True,272.9444173809545
RSA+AES-256,5000,2,287,823.6484000008204,0.6710000016028062,3.0618000018876046,True,272.9444173809545
RSA+AES-256,5000,2,288,167.19159999775002,0.6121000042185187,3.006300001288764,True,272.9444173809545
RSA+AES-256,5000,2,289,1860.3771999987657,0.6965999928070232,2.97359999967739,True,272.9444173809545
RSA+AES-256,5000,2,290,428.93979999644216,0.6887999988975935,2.9291000028024428,True,272.9444173809545
RSA+AES-256,5000,2,291,472.18660000362433,0.6196000031195581,3.1447000001207925,True,272.9444173809545
RSA+AES-256,5000,2,292,466.2337999980082,0.6206999969435856,2.9429999995045364,True,272.9444173809545
RSA+AES-256,5000,2,293,456.0397999957786,0.7356999994954094,3.2302999970852397,True,272.9444173809545
RSA+AES-256,5000,2,294,1117.9231999994954,0.7006999949226156,3.0120000010356307,True,272.9444173809545
RSA+AES-256,5000,2,295,319.63810000161175,0.6712999966111965,2.9429999995045364,True,272.9444173809545
RSA+AES-256,5000,2,296,522.2183000005316,0.6520999959320761,2.8697999950964004,True,272.9444173809545
RSA+AES-256,5000,2,297,437.20459999894956,0.6504000048153102,2.9789999971399084,True,272.9444173809545
RSA+AES-256,5000,2,298,183.81070000032196,0.622500003373716,2.8468000018619932,True,272.9444173809545
RSA+AES-256,5000,2,299,1303.7944000025163,0.6205999961821362,2.9559999966295436,True,272.9444173809545
RSA+AES-256,5000,2,300,427.7968000023975,0.6680000005871989,2.9834000015398487,True,272.9444173809545
RSA+AES-256,5000,2,301,369.0807999955723,0.6740000026184134,2.930399998149369,True,272.9444173809545
RSA+AES-256,5000,2,302,633.1767000010586,0.6675999975414015,2.958100005344022,True,272.9444173809545
RSA+AES-256,5000,2,303,375.5388999998104,0.6595999948331155,2.9606000025523826,True,272.9444173809545
RSA+AES-256,5000,2,304,859.7687000001315,0.651299997116439,2.882499997213017,True,272.9444173809545
RSA+AES-256,5000,2,305,437.52870000025723,0.5917999951634556,2.944200001365971,True,272.9444173809545
RSA+AES-256,5000,2,306,1030.7947999972384,0.6267999997362494,2.954800002044067,True,272.9444173809545
RSA+AES-256,5000,2,307,47.267800000554416,0.62189999880502,2.965899999253452,True,272.9444173809545
RSA+AES-256,5000,2,308,432.8811000013957,0.6828999976278283,2.9796000017086044,True,272.9444173809545
RSA+AES-256,5000,2,309,488.26779999944847,0.6400999991456047,2.918300000601448,True,272.9444173809545
RSA+AES-256,5000,2,310,168.87539999879664,0.6633999946643598,2.973299997393042,True,272.9444173809545
RSA+AES-256,5000,2,311,559.2337999987649,0.669299995934125,2.946400003565941,True,272.9444173809545
RSA+AES-256,5000,2,312,899.9247000028845,0.6949000016902573,3.0410999970627017,True,272.9444173809545
RSA+AES-256,5000,2,313,1140.9941000019899,0.6693999966955744,2.969299996038899,True,272.9444173809545
RSA+AES-256,5000,2,314,238.67210000025807,0.6585999944945797,2.986100000271108,True,272.9444173809545
RSA+AES-256,5000,2,315,40.839499997673556,0.5926000012550503,2.994800001033582,True,272.9444173809545
RSA+AES-256,5000,2,316,752.2332000007736,0.6849000055808574,2.9814000008627772,True,272.9444173809545
RSA+AES-256,5000,2,317,416.3165999998455,0.6567000018549152,2.99319999612635,True,272.9444173809545
RSA+AES-256,5000,2,318,289.85670000110986,0.6100999962654896,2.930399998149369,True,272.9444173809545
RSA+AES-256,5000,2,319,100.39230000256794,0.6486999991466291,2.968100001453422,True,272.9444173809545
RSA+AES-256,5000,2,320,570.776599997771,0.6436000039684586,2.8868000008515082,True,272.9444173809545
RSA+AES-256,5000,2,321,1257.688900004723,0.6986000007600524,2.987899999425281,True,272.9444173809545
RSA+AES-256,5000,2,322,2251.9229000026826,0.6443999955081381,2.873999997973442,True,272.9444173809545
RSA+AES-256,5000,2,323,215.14569999999367,0.6689000001642853,2.9821999996784143,True,272.9444173809545
RSA+AES-256,5000,2,324,549.8133000000962,0.6600999986403622,2.9088000010233372,True,272.9444173809545
RSA+AES-256,5000,2,325,1519.6550999971805,0.6623999943258241,2.86469999991823,True,272.9444173809545
RSA+AES-256,5000,2,326,571.1198999997578,0.6107000008341856,2.972299997054506,True,272.9444173809545
RSA+AES-256,5000,2,327,849.2335999981151,0.6738000010955147,2.9169999979785644,True,272.9444173809545
RSA+AES-256,5000,2,328,316.06940000347095,0.6818000038038008,2.9815000016242266,True,272.9444173809545
RSA+AES-256,5000,2,329,404.54090000275755,0.6754000060027465,2.9591999991680495,True,272.9444173809545
RSA+AES-256,5000,2,330,652.6823000021977,0.6747000006726012,2.959299999929499,True,272.9444173809545
RSA+AES-256,5000,2,331,478.99689999758266,0.6759999960195273,2.968900000269059,True,272.9444173809545
RSA+AES-256,5000,2,332,358.63850000168895,0.6559000030392781,2.9317999942577444,True,272.9444173809545
RSA+AES-256,5000,2,333,134.21390000439715,0.6320000029518269,2.885200003220234,True,272.9444173809545
RSA+AES-256,5000,2,334,1093.7604999999166,0.6923999972059391,2.980699995532632,True,272.9444173809545
RSA+AES-256,5000,2,335,528.6932999952114,0.5936000015935861,2.8947999962838367,True,272.9444173809545
RSA+AES-256,5000,2,336,248.12499999825377,0.6179999982123263,3.008700005011633,True,272.9444173809545
RSA+AES-256,5000,2,337,224.76349999487866,0.6924999979673885,3.032200002053287,True,272.9444173809545
RSA+AES-256,5000,2,338,509.0644000010798,0.6366000015987083,3.0390000029001385,True,272.9444173809545
RSA+AES-256,5000,2,339,579.957199995988,0.6930000017746352,3.031200001714751,True,272.9444173809545
RSA+AES-256,5000,2,340,132.51170000148704,0.6162999998196028,2.8949999978067353,True,272.9444173809545
RSA+AES-256,5000,2,341,472.70140000182437,0.614699994912371,2.9522999975597486,True,272.9444173809545
RSA+AES-256,5000,2,342,504.9704999983078,0.6586999952560291,2.898299993830733,True,272.9444173809545
RSA+AES-256,5000,2,343,214.1907999975956,0.6723999977111816,2.9752999980701134,True,272.9444173809545
RSA+AES-256,5000,2,344,1180.6116000007023,0.6723999977111816,2.986899999086745,True,272.9444173809545
RSA+AES-256,5000,2,345,391.98860000033164,0.7161000030464493,3.0159000016283244,True,272.9444173809545
RSA+AES-256,5000,2,346,632.6655999946524,0.6740000026184134,2.9874999963794835,True,272.9444173809545
RSA+AES-256,5000,2,347,962.6035999972373,0.6589000040548854,2.995099996041972,True,272.9444173809545
RSA+AES-256,5000,2,348,1935.0348000007216,0.7046000027912669,2.97839999984717,True,272.9444173809545
RSA+AES-256,5000,2,349,825.7941999981995,0.672800000756979,2.9800999982398935,True,272.9444173809545
RSA+AES-256,5000,2,350,1114.9720999965211,0.6840999994892627,2.892900003644172,True,272.9444173809545
RSA+AES-256,5000,2,351,633.4448999987217,0.6752000044798478,2.940200000011828,True,272.9444173809545
RSA+AES-256,5000,2,352,517.0750999968732,0.654800001939293,2.8840000013587996,True,272.9444173809545
RSA+AES-256,5000,2,353,537.2774999996182,0.6539999958476983,2.838500004145317,True,272.9444173809545
RSA+AES-256,5000,2,354,517.8039000020362,0.6684000036329962,2.9279000009410083,True,272.9444173809545
RSA+AES-256,5000,2,355,1538.7754999974277,0.6749000021954998,2.9894000035710633,True,272.9444173809545
RSA+AES-256,5000,2,356,576.6871000014362,0.6450000000768341,2.909800001361873,True,272.9444173809545
RSA+AES-256,5000,2,357,1044.5343000028515,0.7027999963611364,2.8911000044899993,True,272.9444173809545
RSA+AES-256,5000,2,358,461.25609999580774,0.6971999973757192,3.0459000045084395,True,272.9444173809545
RSA+AES-256,5000,2,359,563.4789999967325,0.6395000018528663,2.8997999979765154,True,272.9444173809545
RSA+AES-256,5000,2,360,1526.9686000028742,0.690499997290317,2.9280999951879494,True,272.9444173809545
RSA+AES-256,5000,2,361,1252.6894000038737,0.9605000013834797,3.045199999178294,True,272.9444173809545
RSA+AES-256,5000,2,362,987.1974999987287,0.7007000021985732,3.3401999971829355,True,272.9444173809545
RSA+AES-256,5000,2,363,343.0263999980525,0.6579000037163496,3.009200001542922,True,272.9444173809545
RSA+AES-256,5000,2,364,864.0642000027583,0.6565999938175082,2.9316000000108033,True,272.9444173809545
RSA+AES-256,5000,2,365,685.31079999957,0.6573999999091029,2.8890000030514784,True,272.9444173809545
RSA+AES-256,5000,2,366,260.09970000450267,0.6554999999934807,3.033000000868924,True,272.9444173809545
RSA+AES-256,5000,2,367,686.2802000032389,0.6638000049861148,2.9561999981524423,True,272.9444173809545
RSA+AES-256,5000,2,368,1665.6921999965562,0.6838000044808723,2.941499995358754,True,272.9444173809545
RSA+AES-256,5000,2,369,925.5902000004426,0.6954999989829957,3.0265000023064204,True,272.9444173809545
RSA+AES-256,5000,2,370,2099.6895999996923,0.6078000005800277,2.9947000002721325,True,272.9444173809545
RSA+AES-256,5000,2,371,685.3999999948428,0.6814000007580034,2.985600003739819,True,272.9444173809545
RSA+AES-256,5000,2,372,677.9024999996182,0.6847000040579587,2.9063999973004684,True,272.9444173809545
RSA+AES-256,5000,2,373,2422.547399997711,0.6667999987257645,2.9470000008586794,True,272.9444173809545
RSA+AES-256,5000,2,374,810.3058999986388,0.6617999970330857,2.9454000032274053,True,272.9444173809545
RSA+AES-256,5000,2,375,493.92450000596,0.6247999990591779,2.9630999997607432,True,272.9444173809545
RSA+AES-256,5000,2,376,580.6712000048719,0.6175000016810372,3.0006999950273894,True,272.9444173809545
RSA+AES-256,5000,2,377,1457.5297999981558,0.6667999987257645,2.976900002977345,True,272.9444173809545
RSA+AES-256,5000,2,378,209.72550000442425,0.6237999987206422,2.9543000055127777,True,272.9444173809545
RSA+AES-256,5000,2,379,860.5544999954873,0.5956000022706576,3.0043999940971844,True,272.9444173809545
RSA+AES-256,5000,2,380,528.7953000006382,0.6939000013517216,2.871299999242183,True,272.9444173809545
RSA+AES-256,5000,2,381,983.9384000006248,0.6588999967789277,2.967799999169074,True,272.9444173809545
RSA+AES-256,5000,2,382,1087.5362000006135,0.7161000030464493,3.0511000004480593,True,272.9444173809545
RSA+AES-256,5000,2,383,746.8047000002116,0.7010000044829212,2.975300005346071,True,272.9444173809545
RSA+AES-256,5000,2,384,245.3246999939438,0.6416999967768788,2.8697999950964004,True,272.9444173809545
RSA+AES-256,5000,2,385,782.1831999972346,0.6680000005871989,3.0965000041760504,True,272.9444173809545
RSA+AES-256,5000,2,386,85.00099999946542,0.6257999993977137,2.9840999995940365,True,272.9444173809545
RSA+AES-256,5000,2,387,1375.4461999997147,0.6706000058329664,2.9137000019545667,True,272.9444173809545
RSA+AES-256,5000,2,388,540.0025999988429,0.6543999988934956,2.9584000003524125,True,272.9444173809545
RSA+AES-256,5000,2,389,420.9250999992946,0.6567000018549152,2.9059000007691793,True,272.9444173809545
RSA+AES-256,5000,2,390,237.66060000343714,0.6184000012581237,2.983999998832587,True,272.9444173809545
RSA+AES-256,5000,2,391,877.8152000013506,0.6616999962716363,2.9727000001003034,True,272.9444173809545
RSA+AES-256,5000,2,392,430.0100000036764,0.6594000005861744,2.9071999961161055,True,272.9444173809545
RSA+AES-256,5000,2,393,525.995600000897,0.6776000009267591,2.9455000039888546,True,272.9444173809545
RSA+AES-256,5000,2,394,1281.588699996064,0.7123000032152049,3.072200001042802,True,272.9444173809545
RSA+AES-256,5000,2,395,1303.5384000031627,0.6811999992351048,2.9913000034866855,True,272.9444173809545
RSA+AES-256,5000,2,396,396.48920000036014,0.7103000025381334,2.910100003646221,True,272.9444173809545
RSA+AES-256,5000,2,397,143.31559999845922,0.6537999943247996,2.94469999789726,True,272.9444173809545
RSA+AES-256,5000,2,398,265.93729999876814,0.665100000333041,3.1717000019853003,True,272.9444173809545
RSA+AES-256,5000,2,399,814.3447999973432,0.6589000040548854,2.9694000040763058,True,272.9444173809545
RSA+AES-256,5000,2,400,714.7224000000278,0.6972000046516769,2.9664999965461902,True,272.9444173809545
RSA+AES-256,5000,2,401,395.20749999792315,0.6657999983872287,2.977399999508634,True,272.9444173809545
RSA+AES-256,5000,2,402,361.2935999990441,0.6782999989809468,2.9910000012023374,True,272.9444173809545
RSA+AES-256,5000,2,403,211.35879999928875,0.669599998218473,3.1002000032458454,True,272.9444173809545
RSA+AES-256,5000,2,404,653.5832000008668,0.6827000033808872,2.984300001116935,True,272.9444173809545
RSA+AES-256,5000,2,405,172.2544000003836,0.6494999979622662,2.9381000058492646,True,272.9444173809545
RSA+AES-256,5000,2,406,630.8117000007769,0.7501000000047497,3.5523999977158383,True,272.9444173809545
RSA+AES-256,5000,2,407,313.9766000022064,0.5922000054852106,2.8766999967047013,True,272.9444173809545
RSA+AES-256,5000,2,408,279.6587999982876,0.7646000012755394,3.0149000012897886,True,272.9444173809545
RSA+AES-256,5000,2,409,591.7386000000988,0.7410999969579279,3.004400001373142,True,272.9444173809545
RSA+AES-256,5000,2,410,594.3044000014197,0.6353999997372739,2.9529000021284446,True,272.9444173809545
RSA+AES-256,5000,2,411,1238.009400003648,0.7029000043985434,2.957699995022267,True,272.9444173809545
RSA+AES-256,5000,2,412,253.03280000662198,0.6083999978727661,2.96360000356799,True,272.9444173809545
RSA+AES-256,5000,2,413,443.7508999981219,0.672800000756979,2.967300002637785,True,272.9444173809545
RSA+AES-256,5000,2,414,859.3905000016093,0.6880000000819564,3.0423999996855855,True,272.9444173809545
RSA+AES-256,5000,2,415,354.6534999986761,0.6674000032944605,2.995900002133567,True,272.9444173809545
RSA+AES-256,5000,2,416,142.13050000398653,0.6333999990602024,2.933100004156586,True,272.9444173809545
RSA+AES-256,5000,2,417,160.09160000248812,0.6663000021944754,2.967600004922133,True,272.9444173809545
RSA+AES-256,5000,2,418,550.598000001628,0.6162999998196028,3.0340000012074597,True,272.9444173809545
RSA+AES-256,5000,2,419,699.3785999948159,0.6880000000819564,3.0229999974835664,True,272.9444173809545
RSA+AES-256,5000,2,420,1195.7513000015751,0.6732999972882681,2.97359999967739,True,272.9444173809545
RSA+AES-256,5000,2,421,936.8451999980607,0.6629999988945201,2.9065000053378753,True,272.9444173809545
RSA+AES-256,5000,2,422,370.86180000187596,0.629599999228958,2.9850999999325722,True,272.9444173809545
RSA+AES-256,5000,2,423,195.21859999804292,0.7330000007641502,3.007799998158589,True,272.9444173809545
RSA+AES-256,5000,2,424,519.5703999997932,0.6532999977935106,2.9678000064450316,True,272.9444173809545
RSA+AES-256,5000,2,425,381.12790000013774,0.600800005486235,2.9471000016201288,True,272.9444173809545
RSA+AES-256,5000,2,426,927.1040000021458,0.6626000031246804,2.8957000031368807,True,272.9444173809545
RSA+AES-256,5000,2,427,699.5120999999926,0.6157999960123561,2.9601999995065853,True,272.9444173809545
RSA+AES-256,5000,2,428,1480.3424999990966,0.6905999980517663,2.9977999947732314,True,272.9444173809545
RSA+AES-256,5000,2,429,974.9300999974366,0.6772000051569194,2.978099997562822,True,272.9444173809545
RSA+AES-256,5000,2,430,395.18300000054296,0.7187999945017509,2.962200000183657,True,272.9444173809545
RSA+AES-256,5000,2,431,620.3644000052009,0.6846999967820011,2.9060000015306287,True,272.9444173809545
RSA+AES-256,5000,2,432,499.0594999981113,0.6563000060850754,2.9833000007783994,True,272.9444173809545
RSA+AES-256,5000,2,433,249.86250000074506,0.6630999996559694,2.9437999983201735,True,272.9444173809545
RSA+AES-256,5000,2,434,682.0971999986796,0.6938000005902722,2.9414000018732622,True,272.9444173809545
RSA+AES-256,5000,2,435,536.0961999977008,0.6015999970259145,2.887999995436985,True,272.9444173809545
RSA+AES-256,5000,2,436,87.20360000006622,0.6640999999945052,2.9544999997597188,True,272.9444173809545
RSA+AES-256,5000,2,437,505.0617000015336,0.6301000030362047,2.9521999967982993,True,272.9444173809545
RSA+AES-256,5000,2,438,1502.4145999996108,0.6702000027871691,3.0144999982439913,True,272.9444173809545
RSA+AES-256,5000,2,439,609.6188000010443,0.6494999979622662,2.8703999996650964,True,272.9444173809545
RSA+AES-256,5000,2,440,1188.634499994805,0.6808999969507568,2.9521999967982993,True,272.9444173809545
RSA+AES-256,5000,2,441,1186.4462000012281,0.6895000042277388,2.9471000016201288,True,272.9444173809545
RSA+AES-256,5000,2,442,602.5000000008731,0.6647999980486929,2.982700003485661,True,272.9444173809545
RSA+AES-256,5000,2,443,801.0431000002427,0.7003999999142252,2.9465000043273903,True,272.9444173809545
RSA+AES-256,5000,2,444,952.5687999994261,0.6771999978809617,2.8915999937453307,True,272.9444173809545
RSA+AES-256,5000,2,445,251.81389999488601,0.6456999981310219,2.892299999075476,True,272.9444173809545
RSA+AES-256,5000,2,446,1388.2947000020067,0.6680000005871989,2.9388000039034523,True,272.9444173809545
RSA+AES-256,5000,2,447,132.99960000585997,0.6267999997362494,2.9691999952774495,True,272.9444173809545
RSA+AES-256,5000,2,448,215.9576999983983,0.6085000059101731,2.941099999588914,True,272.9444173809545
RSA+AES-256,5000,2,449,1331.8700999952853,0.6827999968663789,2.9924999980721623,True,272.9444173809545
RSA+AES-256,5000,2,450,234.55729999841424,0.6040000007487833,2.856499995687045,True,272.9444173809545
RSA+AES-256,5000,2,451,1233.4278999987873,0.6613000005017966,3.034599998500198,True,272.9444173809545
RSA+AES-256,5000,2,452,160.66069999942556,0.6855999963590875,2.947699998912867,True,272.9444173809545
RSA+AES-256,5000,2,453,665.7478999986779,0.6629999988945201,2.9168000037316233,True,272.9444173809545
RSA+AES-256,5000,2,454,1006.2860999969416,0.6714000046486035,2.933099996880628,True,272.9444173809545
RSA+AES-256,5000,2,455,247.84759999602102,0.6853000013506971,2.9066999995848164,True,272.9444173809545
RSA+AES-256,5000,2,456,1438.9997999969637,0.6817999965278432,2.9881000009481795,True,272.9444173809545
RSA+AES-256,5000,2,457,1107.7998999971896,0.6775000001653098,2.94469999789726,True,272.9444173809545
RSA+AES-256,5000,2,458,1140.7955999966362,0.6686999986413866,2.8972000000067055,True,272.9444173809545
RSA+AES-256,5000,2,459,775.7485000038287,0.7544999971287325,3.241499995056074,True,272.9444173809545
RSA+AES-256,5000,2,460,381.5267000027234,0.6196000031195581,2.961199999845121,True,272.9444173809545
RSA+AES-256,5000,2,461,2389.643200003775,0.6667999987257645,2.9180999990785494,True,272.9444173809545
RSA+AES-256,5000,2,462,865.3455000021495,0.695100003213156,3.0259999984991737,True,272.9444173809545
RSA+AES-256,5000,2,463,539.2533999984153,0.6686000051558949,2.912099997047335,True,272.9444173809545
RSA+AES-256,5000,2,464,1173.2398999956786,0.6804000004194677,2.9665999973076396,True,272.9444173809545
RSA+AES-256,5000,2,465,562.4686000010115,0.6819999980507419,2.878699997381773,True,272.9444173809545
RSA+AES-256,5000,2,466,371.1087999981828,0.6940999955986626,2.8912999987369403,True,272.9444173809545
RSA+AES-256,5000,2,467,935.3780999954324,0.6541000038851053,2.8437000000849366,True,272.9444173809545
RSA+AES-256,5000,2,468,1255.243800005701,0.610499999311287,2.9588999968837015,True,272.9444173809545
RSA+AES-256,5000,2,469,631.2643999990541,0.6779999966965988,2.8773000012733974,True,272.9444173809545
RSA+AES-256,5000,2,470,2534.388400003081,0.636800003121607,3.017600000021048,True,272.9444173809545
RSA+AES-256,5000,2,471,569.2458999983501,0.6789000035496429,2.9731999966315925,True,272.9444173809545
RSA+AES-256,5000,2,472,413.8758000044618,0.6677999990643002,2.962999998999294,True,272.9444173809545
RSA+AES-256,5000,2,473,267.9837999967276,0.6568000026163645,2.8843000036431476,True,272.9444173809545
RSA+AES-256,5000,2,474,470.5496999958996,0.7318999996641651,3.3449999973527156,True,272.9444173809545
RSA+AES-256,5000,2,475,544.2467000029865,0.6529999955091625,3.0075999966356903,True,272.9444173809545
RSA+AES-256,5000,2,476,391.2846000021091,0.6763999990653247,2.8857000070274808,True,272.9444173809545
RSA+AES-256,5000,2,477,527.5848000019323,0.6788999962736852,2.9819999981555156,True,272.9444173809545
RSA+AES-256,5000,2,478,500.9444999959669,0.6502000032924116,2.953699993668124,True,272.9444173809545
RSA+AES-256,5000,2,479,547.9395000002114,0.6513999978778884,2.903900000092108,True,272.9444173809545
RSA+AES-256,5000,2,480,369.6475000033388,0.6540999966091476,2.8774999955203384,True,272.9444173809545
RSA+AES-256,5000,2,481,459.463200000755,0.6444999962695874,2.8987999976379797,True,272.9444173809545
RSA+AES-256,5000,2,482,543.3082999952603,0.6733000045642257,2.8784000023733824,True,272.9444173809545
RSA+AES-256,5000,2,483,376.61780000053113,0.694199996360112,3.405600000405684,True,272.9444173809545
RSA+AES-256,5000,2,484,923.0003999982728,0.6861000001663342,2.8649000014411286,True,272.9444173809545
RSA+AES-256,5000,2,485,196.95649999630405,0.6486999991466291,2.897499995015096,True,272.9444173809545
RSA+AES-256,5000,2,486,757.5616000031005,0.662200000078883,3.169800002069678,True,272.9444173809545
RSA+AES-256,5000,2,487,307.62310000136495,0.6826000026194379,2.9579000038211234,True,272.9444173809545
RSA+AES-256,5000,2,488,275.79770000011194,0.6597000028705224,2.905000001192093,True,272.9444173809545
RSA+AES-256,5000,2,489,837.0630999997957,0.6208999984664842,2.9672000018763356,True,272.9444173809545
RSA+AES-256,5000,2,490,1197.5480999972206,0.6763999990653247,2.9375999947660603,True,272.9444173809545
RSA+AES-256,5000,2,491,1354.4973000025493,0.6670000002486631,2.971499998238869,True,272.9444173809545
RSA+AES-256,5000,2,492,1465.8376000006683,0.6890000004204921,2.94690000009723,True,272.9444173809545
RSA+AES-256,5000,2,493,398.7573999984306,0.6663000021944754,3.0333999966387637,True,272.9444173809545
RSA+AES-256,5000,2,494,539.2277999999351,0.6587999960174784,2.925599997979589,True,272.9444173809545
RSA+AES-256,5000,2,495,585.9048000056646,0.7077999980538152,2.875400001357775,True,272.9444173809545
RSA+AES-256,5000,2,496,701.7312999960268,0.6792999993194826,2.9354999933275394,True,272.9444173809545
RSA+AES-256,5000,2,497,414.90060000069207,0.6532000043080188,2.983999998832587,True,272.9444173809545
RSA+AES-256,5000,2,498,576.2563000025693,0.6674999967799522,2.9845999961253256,True,272.9444173809545
RSA+AES-256,5000,2,499,417.8484000003664,0.6652000010944903,2.8810000003431924,True,272.9444173809545
RSA+AES-256,5000,2,500,1482.4748000028194,0.6678999998257495,2.9114999997545965,True,272.9444173809545
RSA+AES-256,5000,2,501,944.5806000003358,0.8759000047575682,3.016800001205411,True,272.9444173809545
RSA+AES-256,5000,2,502,1101.6073999999207,0.6876999977976084,2.8659000017796643,True,272.9444173809545
RSA+AES-256,5000,2,503,291.7489999963436,0.6100000027799979,2.9678999999305233,True,272.9444173809545
RSA+AES-256,5000,2,504,899.3642000059481,0.6570000041392632,2.9854000022169203,True,272.9444173809545
RSA+AES-256,5000,2,505,821.2160000039148,0.6811999992351048,2.987200001371093,True,272.9444173809545
RSA+AES-256,5000,2,506,847.9038000004948,0.6273999970289879,3.1148000052780844,True,272.9444173809545
RSA+AES-256,5000,2,507,929.3350999942049,0.6517000001622364,2.9468000066117384,True,272.9444173809545
RSA+AES-256,5000,2,508,773.6474999983329,0.6235000037122518,2.968299995700363,True,272.9444173809545
RSA+AES-256,5000,2,509,756.039600004442,0.6057999999029562,2.9694000040763058,True,272.9444173809545
RSA+AES-256,5000,2,510,1431.561099998362,0.6607000032090582,2.982099998916965,True,272.9444173809545
RSA+AES-256,5000,2,511,1095.9739000027184,0.6339000028674491,2.9624000017065555,True,272.9444173809545
RSA+AES-256,5000,2,512,1490.5751999976928,0.6391999995685183,3.004099999088794,True,272.9444173809545
RSA+AES-256,5000,2,513,219.5475000044098,0.672499998472631,3.010600004927255,True,272.9444173809545
RSA+AES-256,5000,2,514,1380.0805999999284,0.6788999962736852,2.9571000050054863,True,272.9444173809545
RSA+AES-256,5000,2,515,1055.8421999958227,0.739100003556814,3.063699994527269,True,272.9444173809545
RSA+AES-256,5000,2,516,591.4490999930422,0.6893999961903319,2.9708000001846813,True,272.9444173809545
RSA+AES-256,5000,2,517,610.859000000346,0.6533999985549599,2.9485999984899536,True,272.9444173809545
RSA+AES-256,5000,2,518,791.3860999979079,0.6820999988121912,3.00250000145752,True,272.9444173809545
RSA+AES-256,5000,2,519,1319.0018999957829,0.6601999994018115,2.9304000054253265,True,272.9444173809545
RSA+AES-256,5000,2,520,529.9882000035723,0.6648000053246506,2.903900000092108,True,272.9444173809545
RSA+AES-256,5000,2,521,91.9687999994494,0.6209999992279336,3.0222999994293787,True,272.9444173809545
RSA+AES-256,5000,2,522,285.8206999953836,0.6281999958446249,2.901100000599399,True,272.9444173809545
RSA+AES-256,5000,2,523,403.3032000006642,0.7616000002599321,2.984200000355486,True,272.9444173809545
RSA+AES-256,5000,2,524,314.7289999978966,0.6640999999945052,2.9702999963774346,True,272.9444173809545
RSA+AES-256,5000,2,525,535.643600000185,0.654499999654945,2.949800000351388,True,272.9444173809545
RSA+AES-256,5000,2,526,212.76110000326298,0.6840999994892627,2.98099999781698,True,272.9444173809545
RSA+AES-256,5000,2,527,1375.7037000032142,0.680500001180917,2.951599999505561,True,272.9444173809545
RSA+AES-256,5000,2,528,624.8713999957545,0.6732000038027763,3.0101000011200085,True,272.9444173809545
RSA+AES-256,5000,2,529,1409.7437000018544,0.7072000007610768,2.901300002122298,True,272.9444173809545
RSA+AES-256,5000,2,530,345.3908000010415,0.6666999979643151,2.8883000049972907,True,272.9444173809545
RSA+AES-256,5000,2,531,471.8233000021428,0.6708000000799075,3.0046000028960407,True,272.9444173809545
RSA+AES-256,5000,2,532,354.5780000058585,0.6682000021100976,3.0014000003575347,True,272.9444173809545
RSA+AES-256,5000,2,533,1830.3482999981497,0.6846000032965094,3.0122000025585294,True,272.9444173809545
RSA+AES-256,5000,2,534,869.8646999982884,0.7258999976329505,2.996700000949204,True,272.9444173809545
RSA+AES-256,5000,2,535,330.9898000006797,0.6055000048945658,2.995599999849219,True,272.9444173809545
RSA+AES-256,5000,2,536,184.33899999945424,0.6601999994018115,2.9821999996784143,True,272.9444173809545
RSA+AES-256,5000,2,537,394.6069000012358,0.6802999996580184,2.8923999998369254,True,272.9444173809545
RSA+AES-256,5000,2,538,1244.9830999976257,0.7007000021985732,3.1178999997791834,True,272.9444173809545
RSA+AES-256,5000,2,539,244.52200000087032,0.6934999983059242,2.9871000006096438,True,272.9444173809545
RSA+AES-256,5000,2,540,682.6419999997597,0.6782999989809468,2.9601999995065853,True,272.9444173809545
RSA+AES-256,5000,2,541,1465.243400001782,0.7034999944153242,3.0639000033261254,True,272.9444173809545
RSA+AES-256,5000,2,542,2288.937100005569,0.6701999955112115,2.998400006617885,True,272.9444173809545
RSA+AES-256,5000,2,543,1657.471999998961,0.7224000000860542,2.9987000016262755,True,272.9444173809545
RSA+AES-256,5000,2,544,462.8448000003118,0.6384000007528812,2.891800002544187,True,272.9444173809545
RSA+AES-256,5000,2,545,657.7148999931524,0.6771999978809617,3.016799993929453,True,272.9444173809545
RSA+AES-256,5000,2,546,796.3810000001104,0.6823000003350899,2.9643000016221777,True,272.9444173809545
RSA+AES-256,5000,2,547,358.88379999960307,0.6004999959259294,2.945000000181608,True,272.9444173809545
RSA+AES-256,5000,2,548,1261.4499000046635,0.6776000009267591,3.03140000323765,True,272.9444173809545
RSA+AES-256,5000,2,549,549.1122999956133,0.6381999992299825,2.9339999964577146,True,272.9444173809545
RSA+AES-256,5000,2,550,203.48240000021178,0.6611999997403473,3.0031999995117076,True,272.9444173809545
RSA+AES-256,5000,2,551,470.2850999965449,0.6714999981340952,3.1021000031614676,True,272.9444173809545
RSA+AES-256,5000,2,552,356.2288999964949,0.6491000021924265,2.8983000011066906,True,272.9444173809545
RSA+AES-256,5000,2,553,546.4138000024832,0.6881000008434057,3.026099999260623,True,272.9444173809545
RSA+AES-256,5000,2,554,665.6310000034864,0.87599999824306,3.576399998564739,True,272.9444173809545
RSA+AES-256,5000,2,555,951.4358000014909,0.6913999968674034,3.031599997484591,True,272.9444173809545
RSA+AES-256,5000,2,556,95.84490000270307,0.6283999973675236,3.028699997230433,True,272.9444173809545
RSA+AES-256,5000,2,557,714.4075000032899,0.6642000007559545,2.9667999988305382,True,272.9444173809545
RSA+AES-256,5000,2,558,985.5706000016653,0.6566000010934658,2.9638000050908886,True,272.9444173809545
RSA+AES-256,5000,2,559,605.427199996484,0.6752999979653396,2.936699995188974,True,272.9444173809545
RSA+AES-256,5000,2,560,513.0361999981687,0.6596000021090731,2.869999996619299,True,272.9444173809545
RSA+AES-256,5000,2,561,1413.3641000007628,0.7003000064287335,3.217899997252971,True,272.9444173809545
RSA+AES-256,5000,2,562,175.06879999564262,0.6732000038027763,2.9757000011159107,True,272.9444173809545
RSA+AES-256,5000,2,563,268.7201999942772,0.6301999965216964,3.0251999996835366,True,272.9444173809545
RSA+AES-256,5000,2,564,2001.727300004859,0.6630999996559694,3.264799997850787,True,272.9444173809545
RSA+AES-256,5000,2,565,640.3018999990309,0.658800003293436,2.9404000015347265,True,272.9444173809545
RSA+AES-256,5000,2,566,506.10640000377316,0.6371999988914467,2.9410000061034225,True,272.9444173809545
RSA+AES-256,5000,2,567,697.2053999998025,0.6917999999132007,2.970899993670173,True,272.9444173809545
RSA+AES-256,5000,2,568,733.723999997892,0.6563999995705672,2.8958999973838218,True,272.9444173809545
RSA+AES-256,5000,2,569,987.8278999967733,0.6648999988101423,2.8942999997525476,True,272.9444173809545
RSA+AES-256,5000,2,570,1111.1372000013944,0.684200000250712,2.9221000004326925,True,272.9444173809545
RSA+AES-256,5000,2,571,1832.5654000000213,0.6276999993133359,3.0327999993460253,True,272.9444173809545
RSA+AES-256,5000,2,572,909.8293999995803,0.6701000020257197,2.9272000028868206,True,272.9444173809545
RSA+AES-256,5000,2,573,559.000000001106,0.668799999402836,3.012900000612717,True,272.9444173809545
RSA+AES-256,5000,2,574,1032.3661000002176,0.6997999953455292,2.890899995691143,True,272.9444173809545
RSA+AES-256,5000,2,575,146.16579999710666,0.6240000002435409,3.0261999927461147,True,272.9444173809545
RSA+AES-256,5000,2,576,1009.2870000007679,0.6632000004174188,3.2158999965758994,True,272.9444173809545
RSA+AES-256,5000,2,577,309.58519999694545,0.6850999998277985,3.049299994017929,True,272.9444173809545
RSA+AES-256,5000,2,578,720.8685999939917,0.6893000027048402,2.979999997478444,True,272.9444173809545
RSA+AES-256,5000,2,579,1284.4957999986946,0.6904000038048252,2.958500001113862,True,272.9444173809545
RSA+AES-256,5000,2,580,261.5580999990925,0.6491000021924265,2.9651000004378147,True,272.9444173809545
RSA+AES-256,5000,2,581,1364.659799997753,0.6798000031267293,2.9877999986638315,True,272.9444173809545
RSA+AES-256,5000,2,582,490.14420000457903,0.6874999962747097,2.8947999962838367,True,272.9444173809545
RSA+AES-256,5000,2,583,943.4343999964767,0.6710999950882979,2.890200004912913,True,272.9444173809545
RSA+AES-256,5000,2,584,1878.8343999985955,0.6719000011798926,2.9144000000087544,True,272.9444173809545
RSA+AES-256,5000,2,585,456.21399999799905,0.6165000013425015,3.0445000011241063,True,272.9444173809545
RSA+AES-256,5000,2,586,764.2496999978903,0.67710000439547,2.955799995106645,True,272.9444173809545
RSA+AES-256,5000,2,587,797.9157000008854,0.6562999988091178,3.056400004425086,True,272.9444173809545
RSA+AES-256,5000,2,588,1030.3830999982893,0.6786000012652948,2.9485999984899536,True,272.9444173809545
RSA+AES-256,5000,2,589,784.6613000001526,0.6676999983028509,2.9031999947619624,True,272.9444173809545
RSA+AES-256,5000,2,590,345.3300000037416,0.6503000040538609,2.984500002639834,True,272.9444173809545
RSA+AES-256,5000,2,591,1056.8076000054134,0.6483000033767894,3.1087999959709123,True,272.9444173809545
RSA+AES-256,5000,2,592,1172.6739000005182,0.7235000011860393,2.995700000610668,True,272.9444173809545
RSA+AES-256,5000,2,593,180.02529999648686,0.6533999985549599,3.035200003068894,True,272.9444173809545
RSA+AES-256,5000,2,594,538.6921999961487,0.6443999955081381,2.887499998905696,True,272.9444173809545
RSA+AES-256,5000,2,595,1006.0511000046972,0.6620999993174337,3.0793999976594932,True,272.9444173809545
RSA+AES-256,5000,2,596,441.86379999882774,0.6486000056611374,2.9508000006899238,True,272.9444173809545
RSA+AES-256,5000,2,597,335.34460000373656,0.6624999950872734,2.8985000026295893,True,272.9444173809545
RSA+AES-256,5000,2,598,1097.5405999997747,0.6651999938185327,2.939999998488929,True,272.9444173809545
RSA+AES-256,5000,2,599,743.3383999959915,0.6261000016820617,3.015999995113816,True,272.9444173809545
RSA+AES-256,5000,2,600,140.19700000062585,0.6083000043872744,2.939699996204581,True,272.9444173809545
RSA+AES-256,5000,2,601,946.6996000046493,0.6468999999924563,3.015300004335586,True,272.9444173809545
RSA+AES-256,5000,2,602,1208.182599999418,0.915699994948227,2.9829000050085597,True,272.9444173809545
RSA+AES-256,5000,2,603,666.4059000031557,0.613899996096734,3.0295999968075193,True,272.9444173809545
RSA+AES-256,5000,2,604,477.65419999632286,0.65819999872474,2.9451000009430572,True,272.9444173809545
RSA+AES-256,5000,2,605,566.9267999983276,0.7246999957715161,2.993000001879409,True,272.9444173809545
RSA+AES-256,5000,2,606,1503.6457000023802,0.6474999972851947,2.870499993150588,True,272.9444173809545
RSA+AES-256,5000,2,607,571.531599998707,0.6989000030444004,2.9257999995024875,True,272.9444173809545
RSA+AES-256,5000,2,608,891.6878999953042,0.6111999973654747,2.9958000013721175,True,272.9444173809545
RSA+AES-256,5000,2,609,1002.791699997033,0.6665000037173741,3.2991999978548847,True,272.9444173809545
RSA+AES-256,5000,2,610,344.4362000009278,0.698499999998603,2.99319999612635,True,272.9444173809545
RSA+AES-256,5000,2,611,651.6160000028322,0.6950999959371984,3.1684999994467944,True,272.9444173809545
RSA+AES-256,5000,2,612,719.1446000069845,0.6872000012663193,3.031399995961692,True,272.9444173809545
RSA+AES-256,5000,2,613,670.7436999931815,0.6896999984746799,2.9177000033087097,True,272.9444173809545
RSA+AES-256,5000,2,614,1071.582500000659,0.6059999941498972,2.9972999982419424,True,272.9444173809545
RSA+AES-256,5000,2,615,461.2409999972442,0.7037999966996722,2.993000001879409,True,272.9444173809545
RSA+AES-256,5000,2,616,798.1614999953308,0.6618000043090433,2.967300002637785,True,272.9444173809545
RSA+AES-256,5000,2,617,1186.6971999988891,0.6952999974600971,2.929099995526485,True,272.9444173809545
RSA+AES-256,5000,2,618,361.56259999552276,0.6713000038871542,2.9466000050888397,True,272.9444173809545
RSA+AES-256,5000,2,619,1174.9866000027396,0.669400003971532,2.943200001027435,True,272.9444173809545
RSA+AES-256,5000,2,620,513.2869000008213,0.6761000040569343,3.005699996720068,True,272.9444173809545
RSA+AES-256,5000,2,621,828.0289999966044,0.6656999976257794,3.0130000013741665,True,272.9444173809545
RSA+AES-256,5000,2,622,736.6370000017923,0.6519000016851351,2.960700003313832,True,272.9444173809545
RSA+AES-256,5000,2,623,1010.2977999995346,0.665899999148678,3.286700004537124,True,272.9444173809545
RSA+AES-256,5000,2,624,190.20119999913732,0.6934999983059242,2.9788000028929673,True,272.9444173809545
RSA+AES-256,5000,2,625,808.7205999981961,0.7802999971318059,3.169700001308229,True,272.9444173809545
RSA+AES-256,5000,2,626,1322.3898999931407,0.6525000062538311,2.9595000014523976,True,272.9444173809545
RSA+AES-256,5000,2,627,1066.674800000328,0.6678999998257495,3.0050999994273297,True,272.9444173809545
RSA+AES-256,5000,2,628,609.8824000000604,0.7098000060068443,3.7566000028164126,True,272.9444173809545
RSA+AES-256,5000,2,629,1257.443400005286,0.6510999955935404,2.909800001361873,True,272.9444173809545
RSA+AES-256,5000,2,630,377.1991000030539,0.6573999999091029,2.909499999077525,True,272.9444173809545
RSA+AES-256,5000,2,631,419.07740000169724,0.6443000020226464,3.0566999994334765,True,272.9444173809545
RSA+AES-256,5000,2,632,650.1981999972486,0.6722000034642406,2.9465000043273903,True,272.9444173809545
RSA+AES-256,5000,2,633,2148.661400002311,0.6848999983048998,2.858899999409914,True,272.9444173809545
RSA+AES-256,5000,2,634,466.75750000576954,0.6741000033798628,2.9719000012846664,True,272.9444173809545
RSA+AES-256,5000,2,635,257.93110000086017,0.6729000015184283,2.91099999594735,True,272.9444173809545
RSA+AES-256,5000,2,636,1722.7219000051264,0.7208999959402718,3.0483000009553507,True,272.9444173809545
RSA+AES-256,5000,2,637,1442.1688000002177,0.6826000026194379,3.0078999989200383,True,272.9444173809545
RSA+AES-256,5000,2,638,989.7931000014069,0.7668000034755096,3.007900006195996,True,272.9444173809545
RSA+AES-256,5000,2,639,346.8681000013021,0.6802999996580184,2.984800004924182,True,272.9444173809545
RSA+AES-256,5000,2,640,1231.1039000051096,0.6854999955976382,2.98770000517834,True,272.9444173809545
RSA+AES-256,5000,2,641,752.4350000021514,0.6849999990663491,2.9577999957837164,True,272.9444173809545
RSA+AES-256,5000,2,642,346.3322999959928,0.6823000003350899,3.2407999970018864,True,272.9444173809545
RSA+AES-256,5000,2,643,388.0116000000271,0.7262999934027903,2.991100001963787,True,272.9444173809545
RSA+AES-256,5000,2,644,1176.1991000021226,0.6942999971215613,2.9518000010284595,True,272.9444173809545
RSA+AES-256,5000,2,645,1913.2659999959287,0.6898999999975786,2.9199999989941716,True,272.9444173809545
RSA+AES-256,5000,2,646,626.7162999938591,0.6859999994048849,3.0284000022220425,True,272.9444173809545
RSA+AES-256,5000,2,647,260.5055000021821,0.6653999953414313,2.9389999981503934,True,272.9444173809545
RSA+AES-256,5000,2,648,185.44629999814788,0.6470000007539056,2.9998000027262606,True,272.9444173809545
RSA+AES-256,5000,2,649,512.1453999963705,0.7391999970423058,2.9665999973076396,True,272.9444173809545
RSA+AES-256,5000,2,650,657.2000000014668,0.6532000043080188,2.995299997564871,True,272.9444173809545
RSA+AES-256,5000,2,651,401.8436999976984,0.6996000010985881,2.972299997054506,True,272.9444173809545
RSA+AES-256,5000,2,652,1439.17330000113,0.6828000041423365,2.9283999974722974,True,272.9444173809545
RSA+AES-256,5000,2,653,775.9482000037679,0.6084999986342154,2.9357999956118874,True,272.9444173809545
RSA+AES-256,5000,2,654,460.33120000356575,0.6465999977081083,2.917199999501463,True,272.9444173809545
RSA+AES-256,5000,2,655,925.9018000011565,0.6708000000799075,2.9434999960358255,True,272.9444173809545
RSA+AES-256,5000,2,656,1208.181699999841,0.9407999968971126,3.524900006595999,True,272.9444173809545
RSA+AES-256,5000,2,657,383.3551999996416,0.6737999938195571,2.9682000022148713,True,272.9444173809545
RSA+AES-256,5000,2,658,1210.383899997396,0.6113999988883734,2.9608000040752813,True,272.9444173809545
RSA+AES-256,5000,2,659,159.13699999509845,0.6214999957592227,2.940800004580524,True,272.9444173809545
RSA+AES-256,5000,2,660,645.0731999939308,0.6786999947507866,2.9676999984076247,True,272.9444173809545
RSA+AES-256,5000,2,661,775.9420000002137,0.6386999957612716,2.977399999508634,True,272.9444173809545
RSA+AES-256,5000,2,662,718.3904000048642,0.7040999989840202,3.332200001750607,True,272.9444173809545
RSA+AES-256,5000,2,663,447.7238999970723,0.8001000023796223,3.736499995284248,True,272.9444173809545
RSA+AES-256,5000,2,664,174.78709999704733,0.6900999942445196,3.436799997871276,True,272.9444173809545
RSA+AES-256,5000,2,665,541.5521999966586,0.7442999994964339,3.2143999997060746,True,272.9444173809545
RSA+AES-256,5000,2,666,580.337800005509,0.6536000000778586,3.059000002394896,True,272.9444173809545
RSA+AES-256,5000,2,667,807.2290000054636,0.6585999944945797,2.962300000945106,True,272.9444173809545
RSA+AES-256,5000,2,668,2174.6259999999893,0.6759000025340356,2.974899995024316,True,272.9444173809545
RSA+AES-256,5000,2,669,1129.3638999995892,0.6855000028735958,3.0064000020502135,True,272.9444173809545
RSA+AES-256,5000,2,670,573.8442000001669,0.6806000019423664,2.916599994932767,True,272.9444173809545
RSA+AES-256,5000,2,671,665.0956999947084,0.6381999992299825,2.858599997125566,True,272.9444173809545
RSA+AES-256,5000,2,672,1588.9882000046782,0.6721000027027912,2.8912999987369403,True,272.9444173809545
RSA+AES-256,5000,2,673,559.1658000048483,0.6633000011788681,2.9990000039106235,True,272.9444173809545
RSA+AES-256,5000,2,674,1535.8716000046115,0.6807000027038157,2.920400002039969,True,272.9444173809545
RSA+AES-256,5000,2,675,395.7541999989189,0.6495999987237155,2.9848999984096736,True,272.9444173809545
RSA+AES-256,5000,2,676,199.39670000167098,0.6768999955966137,2.9896999985794537,True,272.9444173809545
RSA+AES-256,5000,2,677,1107.569899999362,0.720000003639143,2.99799999629613,True,272.9444173809545
RSA+AES-256,5000,2,678,453.90000000043074,0.6468999999924563,3.101500005868729,True,272.9444173809545
RSA+AES-256,5000,2,679,866.469300002791,0.6743999983882532,2.9906999989179894,True,272.9444173809545
RSA+AES-256,5000,2,680,369.5942999984254,0.7051000065985136,2.8923999998369254,True,272.9444173809545
RSA+AES-256,5000,2,681,1442.4541999978828,0.672499998472631,2.8684999997494742,True,272.9444173809545
RSA+AES-256,5000,2,682,1575.9437000015168,0.6714000046486035,3.0409999963012524,True,272.9444173809545
RSA+AES-256,5000,2,683,288.30420000304,0.6848999983048998,2.9791000051773153,True,272.9444173809545
RSA+AES-256,5000,2,684,550.5029999985709,0.6854000021121465,2.9381999993347563,True,272.9444173809545
RSA+AES-256,5000,2,685,703.9307999948505,0.6672000017715618,2.9320000030566007,True,272.9444173809545
RSA+AES-256,5000,2,686,650.4920000006678,0.6661000006715767,2.9998000027262606,True,272.9444173809545
RSA+AES-256,5000,2,687,1104.7389000013936,0.6561999980476685,2.9381999993347563,True,272.9444173809545
RSA+AES-256,5000,2,688,275.0672999973176,0.6655000033788383,2.9630000062752515,True,272.9444173809545
RSA+AES-256,5000,2,689,2106.3725000058184,0.6926000060047954,2.9395999954431318,True,272.9444173809545
RSA+AES-256,5000,2,690,802.3077999969246,0.6446999977924861,2.911399998993147,True,272.9444173809545
RSA+AES-256,5000,2,691,517.3020000001998,0.6527000005007721,2.920899998571258,True,272.9444173809545
RSA+AES-256,5000,2,692,907.4844999995548,0.7041999997454695,3.000099997734651,True,272.9444173809545
RSA+AES-256,5000,2,693,1286.5634000045247,0.666200001433026,2.861799999664072,True,272.9444173809545
RSA+AES-256,5000,2,694,729.6697000056156,0.6883999958517961,2.8843000036431476,True,272.9444173809545
RSA+AES-256,5000,2,695,1140.4754000031971,0.6503999975393526,2.913699994678609,True,272.9444173809545
RSA+AES-256,5000,2,696,265.3878000055556,0.6613999939872883,2.907200003392063,True,272.9444173809545
RSA+AES-256,5000,2,697,408.89339999557706,0.6756000002496876,2.998199997819029,True,272.9444173809545
RSA+AES-256,5000,2,698,506.1942000029376,0.6594000005861744,3.0119000002741814,True,272.9444173809545
RSA+AES-256,5000,2,699,344.254000003275,0.7027999963611364,3.158799998345785,True,272.9444173809545
RSA+AES-256,5000,2,700,381.12980000005336,0.6780999974580482,2.9049000004306436,True,272.9444173809545
RSA+AES-256,5000,2,701,256.20010000420734,0.6690000009257346,2.8770999997504987,True,272.9444173809545
RSA+AES-256,5000,2,702,1074.2307999971672,0.6725999992340803,2.9525999998440966,True,272.9444173809545
RSA+AES-256,5000,2,703,1106.8545999951311,0.6949000016902573,2.967499996884726,True,272.9444173809545
RSA+AES-256,5000,2,704,443.85350000084145,0.8095000011962838,3.037800001038704,True,272.9444173809545
RSA+AES-256,5000,2,705,1018.1490999966627,0.6624000016017817,2.98099999781698,True,272.9444173809545
RSA+AES-256,5000,2,706,421.4871000003768,0.6717999931424856,2.954600000521168,True,272.9444173809545
RSA+AES-256,5000,2,707,1177.6094999950146,0.6689000001642853,2.928299996710848,True,272.9444173809545
RSA+AES-256,5000,2,708,421.5156999998726,0.7116999986465089,2.953499999421183,True,272.9444173809545
RSA+AES-256,5000,2,709,1224.5981999949436,0.6943999978830107,2.9757000011159107,True,272.9444173809545
RSA+AES-256,5000,2,710,1749.8947999993106,0.6705999985570088,2.937400000519119,True,272.9444173809545
RSA+AES-256,5000,2,711,1579.3276999975205,0.6168999971123412,2.9885999974794686,True,272.9444173809545
RSA+AES-256,5000,2,712,292.3090999975102,0.6664999964414164,2.9178999975556508,True,272.9444173809545
RSA+AES-256,5000,2,713,681.5447999979369,0.6726999999955297,2.8993000014452264,True,272.9444173809545
RSA+AES-256,5000,2,714,452.1554000020842,0.6603000001632608,2.9497999930754304,True,272.9444173809545
RSA+AES-256,5000,2,715,820.2404000039678,0.6553999992320314,2.8873999981442466,True,272.9444173809545
RSA+AES-256,5000,2,716,161.78579999541398,0.6110000031185336,3.175499994540587,True,272.9444173809545
RSA+AES-256,5000,2,717,355.4158000042662,0.7363999975495972,2.9752999980701134,True,272.9444173809545
RSA+AES-256,5000,2,718,759.5886000053724,0.6960999962757342,2.9121999978087842,True,272.9444173809545
RSA+AES-256,5000,2,719,2089.25150000141,0.6129999965196475,2.9928000003565103,True,272.9444173809545
RSA+AES-256,5000,2,720,946.2214000013773,0.6510999955935404,2.9684999972232617,True,272.9444173809545
RSA+AES-256,5000,2,721,881.0070999970776,0.6827999968663789,2.9826000027242117,True,272.9444173809545
RSA+AES-256,5000,2,722,529.2450000051758,0.6699000005028211,2.970399997138884,True,272.9444173809545
RSA+AES-256,5000,2,723,443.664099999296,0.6573999999091029,2.9598000037367456,True,272.9444173809545
RSA+AES-256,5000,2,724,1316.4551999943797,0.6856000036350451,2.917800004070159,True,272.9444173809545
RSA+AES-256,5000,2,725,149.13489999889862,0.6490000014309771,2.9275999986566603,True,272.9444173809545
RSA+AES-256,5000,2,726,211.77439999883063,0.6778000024496578,2.984999999171123,True,272.9444173809545
RSA+AES-256,5000,2,727,566.4357999994536,0.618199999735225,3.465500005404465,True,272.9444173809545
RSA+AES-256,5000,2,728,476.6745999950217,0.6886999981361441,2.923600004578475,True,272.9444173809545
RSA+AES-256,5000,2,729,1015.4188000014983,0.6626999966101721,2.966300002299249,True,272.9444173809545
RSA+AES-256,5000,2,730,1049.033999996027,0.6680000005871989,2.889900002628565,True,272.9444173809545
RSA+AES-256,5000,2,731,874.8193999999785,0.6828999976278283,2.979199998662807,True,272.9444173809545
RSA+AES-256,5000,2,732,1246.5781000064453,0.6797999958507717,2.9590000049211085,True,272.9444173809545
RSA+AES-256,5000,2,733,1204.3833000061568,0.6462000019382685,2.922600004239939,True,272.9444173809545
RSA+AES-256,5000,2,734,803.01529999997,0.6903000030433759,2.9531000036513433,True,272.9444173809545
RSA+AES-256,5000,2,735,433.6962000015774,0.6848999983048998,2.9574000000138767,True,272.9444173809545
RSA+AES-256,5000,2,736,255.50949999887962,0.7066000034683384,2.9447999986587092,True,272.9444173809545
RSA+AES-256,5000,2,737,590.1559999983874,0.7003999999142252,3.0086999977356754,True,272.9444173809545
RSA+AES-256,5000,2,738,937.1661999975913,0.6713999973726459,2.8858000005129725,True,272.9444173809545
RSA+AES-256,5000,2,739,1798.3412000030512,0.6181000062497333,2.964400002383627,True,272.9444173809545
RSA+AES-256,5000,2,740,652.7640999993309,0.6672000017715618,3.0270999995991588,True,272.9444173809545
RSA+AES-256,5000,2,741,825.8624000009149,0.675899995258078,2.868000003218185,True,272.9444173809545
RSA+AES-256,5000,2,742,692.4100999967777,0.6846999967820011,2.9188999978941865,True,272.9444173809545
RSA+AES-256,5000,2,743,1480.7739999960177,0.6636999969487078,3.0391999971470796,True,272.9444173809545
RSA+AES-256,5000,2,744,371.39960000058636,0.6701000020257197,2.9610999990836717,True,272.9444173809545
RSA+AES-256,5000,2,745,1477.5093000062043,0.618800004303921,2.978099997562822,True,272.9444173809545
RSA+AES-256,5000,2,746,1159.925400002976,0.6582999994861893,2.9543999989982694,True,272.9444173809545
RSA+AES-256,5000,2,747,465.191400006006,0.6609999982174486,2.914299999247305,True,272.9444173809545
RSA+AES-256,5000,2,748,976.2341000023298,0.665400002617389,2.969699999084696,True,272.9444173809545
RSA+AES-256,5000,2,749,487.60870000114664,0.6558000022778288,2.9484999977285042,True,272.9444173809545
RSA+AES-256,5000,2,750,416.65500000090105,0.6665999972028658,3.033000000868924,True,272.9444173809545
RSA+AES-256,5000,2,751,225.99510000145528,0.6448999993153848,2.9433000017888844,True,272.9444173809545
RSA+AES-256,5000,2,752,1498.0905999982497,0.658500001009088,3.2305999993695877,True,272.9444173809545
RSA+AES-256,5000,2,753,175.43209999712417,0.6701000020257197,2.966300002299249,True,272.9444173809545
RSA+AES-256,5000,2,754,2105.8457999970415,0.6924999979673885,2.9205000028014183,True,272.9444173809545
RSA+AES-256,5000,2,755,1567.9172000018298,0.6592000063392334,2.876000005926471,True,272.9444173809545
RSA+AES-256,5000,2,756,1725.43659999792,0.6782999989809468,2.9211000000941567,True,272.9444173809545
RSA+AES-256,5000,2,757,173.7457999988692,0.6357000020216219,2.961199999845121,True,272.9444173809545
RSA+AES-256,5000,2,758,622.3557999983313,0.6638999984716065,3.0254000012064353,True,272.9444173809545
RSA+AES-256,5000,2,759,1014.5559000011417,0.6600000051548705,2.8579999998328276,True,272.9444173809545
RSA+AES-256,5000,2,760,364.52180000196677,0.672499998472631,3.0364999984158203,True,272.9444173809545
RSA+AES-256,5000,2,761,789.5548000014969,0.6938000005902722,2.947200002381578,True,272.9444173809545
RSA+AES-256,5000,2,762,730.0082000001566,0.6431000001612119,2.970200002891943,True,272.9444173809545
RSA+AES-256,5000,2,763,870.1699999946868,0.6777000016882084,2.95170000026701,True,272.9444173809545
RSA+AES-256,5000,2,764,387.34489999478683,0.7078999988152646,3.027800004929304,True,272.9444173809545
RSA+AES-256,5000,2,765,393.57790000212844,0.6723999977111816,2.9940000022179447,True,272.9444173809545
RSA+AES-256,5000,2,766,1022.4276000008103,0.6543999988934956,3.0274000018835068,True,272.9444173809545
RSA+AES-256,5000,2,767,938.3128999979817,0.6835000021965243,2.9610999990836717,True,272.9444173809545
RSA+AES-256,5000,2,768,1317.2279999998864,0.7219000035547651,2.9346000010264106,True,272.9444173809545
RSA+AES-256,5000,2,769,733.5489000033704,0.6880999935674481,3.020500000275206,True,272.9444173809545
RSA+AES-256,5000,2,770,439.55320000532083,0.668499997118488,2.9734999989159405,True,272.9444173809545
RSA+AES-256,5000,2,771,685.8697999996366,0.701400000252761,3.016599999682512,True,272.9444173809545
RSA+AES-256,5000,2,772,502.17939999856753,0.6451000008382834,2.8848000001744367,True,272.9444173809545
RSA+AES-256,5000,2,773,857.4950999973225,0.668799999402836,2.995700000610668,True,272.9444173809545
RSA+AES-256,5000,2,774,291.0069999998086,0.6597000028705224,2.9521999967982993,True,272.9444173809545
RSA+AES-256,5000,2,775,189.28869999945164,0.6539000023622066,3.080200003751088,True,272.9444173809545
RSA+AES-256,5000,2,776,266.10720000462607,0.7169999953475781,3.0203999995137565,True,272.9444173809545
RSA+AES-256,5000,2,777,266.9108999980381,0.6556000007549301,2.9313999984879047,True,272.9444173809545
RSA+AES-256,5000,2,778,342.4799999993411,0.6769000028725713,2.9837000038241968,True,272.9444173809545
RSA+AES-256,5000,2,779,1261.0845000017434,0.6962000043131411,2.9752999980701134,True,272.9444173809545
RSA+AES-256,5000,2,780,960.3616999957012,0.6121000042185187,2.960099998745136,True,272.9444173809545
RSA+AES-256,5000,2,781,161.0486999998102,0.657899996440392,2.9063000038149767,True,272.9444173809545
RSA+AES-256,5000,2,782,1259.9944000030519,0.6785999939893372,2.8633000038098544,True,272.9444173809545
RSA+AES-256,5000,2,783,421.86170000059064,0.680199998896569,3.055000001040753,True,272.9444173809545
RSA+AES-256,5000,2,784,424.84089999925345,0.6807000027038157,2.9763999991700985,True,272.9444173809545
RSA+AES-256,5000,2,785,415.11769999488024,0.6563999995705672,2.946599997812882,True,272.9444173809545
RSA+AES-256,5000,2,786,1204.3705999967642,0.6606000024476089,2.993300004163757,True,272.9444173809545
RSA+AES-256,5000,2,787,753.3217999953195,0.6961999970371835,3.0210999975679442,True,272.9444173809545
RSA+AES-256,5000,2,788,820.408799998404,0.6652000010944903,2.970399997138884,True,272.9444173809545
RSA+AES-256,5000,2,789,920.7106999965617,0.6484000041382387,2.9031000012764707,True,272.9444173809545
RSA+AES-256,5000,2,790,245.8619999961229,0.6301999965216964,2.965599996969104,True,272.9444173809545
RSA+AES-256,5000,2,791,328.9100999973016,0.6786000012652948,3.3391999968443997,True,272.9444173809545
RSA+AES-256,5000,2,792,115.08930000127293,0.614999997196719,2.8703999996650964,True,272.9444173809545
RSA+AES-256,5000,2,793,356.7918000044301,0.705299993569497,3.0427000019699335,True,272.9444173809545
RSA+AES-256,5000,2,794,804.2548000012175,0.6704000043100677,2.9588999968837015,True,272.9444173809545
RSA+AES-256,5000,2,795,644.5286000016495,0.6925999987288378,2.9484999977285042,True,272.9444173809545
RSA+AES-256,5000,2,796,836.5642999997362,0.6939000013517216,2.9667000053450465,True,272.9444173809545
RSA+AES-256,5000,2,797,241.17300000216346,0.6031000011716969,3.0208999960450456,True,272.9444173809545
RSA+AES-256,5000,2,798,551.420900002995,0.6404000014299527,2.860000000509899,True,272.9444173809545
RSA+AES-256,5000,2,799,221.54720000253292,0.6705999985570088,2.943200001027435,True,272.9444173809545
RSA+AES-256,5000,2,800,416.4082999996026,0.653899995086249,3.013699999428354,True,272.9444173809545
RSA+AES-256,5000,2,801,1453.871199999412,0.6577999956789427,3.835700001218356,True,272.9444173809545
RSA+AES-256,5000,2,802,840.5740000016522,0.6534999993164092,3.0547999995178543,True,272.9444173809545
RSA+AES-256,5000,2,803,852.3790999970515,0.6547999946633354,2.8946000020368956,True,272.9444173809545
RSA+AES-256,5000,2,804,784.2993000012939,0.6769000028725713,2.908500006014947,True,272.9444173809545
RSA+AES-256,5000,2,805,387.3047000015504,0.6626999966101721,2.9752999980701134,True,272.9444173809545
RSA+AES-256,5000,2,806,703.5657999949763,0.6523999982164241,2.932900002633687,True,272.9444173809545
RSA+AES-256,5000,2,807,432.4664000014309,0.6393000003299676,2.887199996621348,True,272.9444173809545
RSA+AES-256,5000,2,808,336.27659999910975,0.7072000007610768,2.973700000438839,True,272.9444173809545
RSA+AES-256,5000,2,809,1258.513500004483,0.6773999994038604,3.0954000030760653,True,272.9444173809545
RSA+AES-256,5000,2,810,326.73809999687364,0.66559999686433,3.017399998498149,True,272.9444173809545
RSA+AES-256,5000,2,811,208.190100005595,0.6582999994861893,2.887000002374407,True,272.9444173809545
RSA+AES-256,5000,2,812,488.9790000015637,0.6376999954227358,3.1761999998707324,True,272.9444173809545
RSA+AES-256,5000,2,813,423.3626999994158,0.6215000030351803,2.941300001111813,True,272.9444173809545
RSA+AES-256,5000,2,814,736.4108999972814,0.6714000046486035,2.9055999984848313,True,272.9444173809545
RSA+AES-256,5000,2,815,1078.6652000024333,0.6441999939852394,2.79949999821838,True,272.9444173809545
RSA+AES-256,5000,2,816,126.2057999992976,0.5937999958405271,3.051799998502247,True,272.9444173809545
RSA+AES-256,5000,2,817,164.98590000264812,0.6369000038830563,2.787099998386111,True,272.9444173809545
RSA+AES-256,5000,2,818,1161.2531999999192,0.6457999988924712,2.9317000007722527,True,272.9444173809545
RSA+AES-256,5000,2,819,435.5451000010362,0.6632999939029105,3.1830999942030758,True,272.9444173809545
RSA+AES-256,5000,2,820,1046.1550999971223,0.6936999998288229,2.9532000044127926,True,272.9444173809545
RSA+AES-256,5000,2,821,622.6175000047078,0.681100005749613,2.92990000161808,True,272.9444173809545
RSA+AES-256,5000,2,822,940.2369000017643,0.6773999994038604,3.025799996976275,True,272.9444173809545
RSA+AES-256,5000,2,823,242.53170000156388,0.6089000016800128,2.995299997564871,True,272.9444173809545
RSA+AES-256,5000,2,824,559.5916000020225,0.6576999949174933,2.9055999984848313,True,272.9444173809545
RSA+AES-256,5000,2,825,368.48460000328487,0.5894999994779937,2.9541999974753708,True,272.9444173809545
RSA+AES-256,5000,2,826,294.35560000274563,0.6351000047288835,2.97060000593774,True,272.9444173809545
RSA+AES-256,5000,2,827,410.1384000023245,0.6486999991466291,2.8766999967047013,True,272.9444173809545
RSA+AES-256,5000,2,828,892.3766000007163,0.6539000023622066,2.879799998481758,True,272.9444173809545
RSA+AES-256,5000,2,829,850.8959000027971,0.6739999953424558,2.900900006352458,True,272.9444173809545
RSA+AES-256,5000,2,830,462.44779999688035,0.6738000010955147,2.8796999977203086,True,272.9444173809545
RSA+AES-256,5000,2,831,1262.3074999937671,0.6703000035486184,2.9444000028888695,True,272.9444173809545
RSA+AES-256,5000,2,832,922.7194000050076,0.6410999994841404,2.877500002796296,True,272.9444173809545
RSA+AES-256,5000,2,833,137.01650000439258,0.6374000004143454,3.0071000001044013,True,272.9444173809545
RSA+AES-256,5000,2,834,1208.3000000056927,0.8497000017086975,3.0043000006116927,True,272.9444173809545
RSA+AES-256,5000,2,835,1896.156400005566,0.6802999996580184,2.9848999984096736,True,272.9444173809545
RSA+AES-256,5000,2,836,471.3343999974313,0.6031000011716969,2.9553000058513135,True,272.9444173809545
RSA+AES-256,5000,2,837,1299.0391999992426,0.6161999990581535,2.9932000034023076,True,272.9444173809545
RSA+AES-256,5000,2,838,967.5367000018014,0.709100000676699,3.1527000028290786,True,272.9444173809545
RSA+AES-256,5000,2,839,441.5986999956658,0.6420999998226762,2.9962999979034066,True,272.9444173809545
RSA+AES-256,5000,2,840,544.02050000499,0.690499997290317,2.998299998580478,True,272.9444173809545
RSA+AES-256,5000,2,841,554.956800006039,0.7198000021162443,3.3268999977735803,True,272.9444173809545
RSA+AES-256,5000,2,842,349.93990000657504,0.6513999978778884,2.9242000018712133,True,272.9444173809545
RSA+AES-256,5000,2,843,578.2229000033112,0.6936999998288229,2.9998000027262606,True,272.9444173809545
RSA+AES-256,5000,2,844,109.45229999924777,0.6186999962665141,2.979999997478444,True,272.9444173809545
RSA+AES-256,5000,2,845,595.27170000365,0.6379999977070838,2.897400001529604,True,272.9444173809545
RSA+AES-256,5000,2,846,357.2083999970346,0.6661000006715767,2.9345000002649613,True,272.9444173809545
RSA+AES-256,5000,2,847,543.4912999990047,0.6826000026194379,2.901799998653587,True,272.9444173809545
RSA+AES-256,5000,2,848,993.2040999992751,0.6596999955945648,2.925500004494097,True,272.9444173809545
RSA+AES-256,5000,2,849,213.76809999492252,0.6122999984654598,2.922499996202532,True,272.9444173809545
RSA+AES-256,5000,2,850,2537.7737000017078,0.6782999989809468,2.952000002551358,True,272.9444173809545
RSA+AES-256,5000,2,851,896.6935999997077,0.6305000060820021,3.1172000017249957,True,272.9444173809545
RSA+AES-256,5000,2,852,638.1836000000476,0.6499999944935553,2.940499995020218,True,272.9444173809545
RSA+AES-256,5000,2,853,367.01909999828786,0.6701000020257197,2.909800001361873,True,272.9444173809545
RSA+AES-256,5000,2,854,203.52790000470122,0.6540000031236559,2.9474000039044768,True,272.9444173809545
RSA+AES-256,5000,2,855,286.9418000045698,0.6093999982113019,2.8755000021192245,True,272.9444173809545
RSA+AES-256,5000,2,856,2245.301400005701,0.6701999955112115,2.9770000037387945,True,272.9444173809545
RSA+AES-256,5000,2,857,363.264400002663,0.6447999985539354,2.8842000028816983,True,272.9444173809545
RSA+AES-256,5000,2,858,349.1604999944684,0.6506999998237006,2.8829000002588145,True,272.9444173809545
RSA+AES-256,5000,2,859,573.1139999988955,0.6668999994872138,2.9037999993306585,True,272.9444173809545
RSA+AES-256,5000,2,860,765.2282000053674,0.6788999962736852,2.976499999931548,True,272.9444173809545
RSA+AES-256,5000,2,861,390.07629999832716,0.6596000021090731,2.955299998575356,True,272.9444173809545
RSA+AES-256,5000,2,862,455.45759999367874,0.6678999998257495,2.954600000521168,True,272.9444173809545
RSA+AES-256,5000,2,863,499.4555999946897,0.6204000019351952,2.9500999953597784,True,272.9444173809545
RSA+AES-256,5000,2,864,1554.0320000000065,0.6802999996580184,2.893099997891113,True,272.9444173809545
RSA+AES-256,5000,2,865,966.3344000000507,0.691100001859013,3.139499996905215,True,272.9444173809545
RSA+AES-256,5000,2,866,278.3733000032953,0.6738000010955147,2.8815999976359308,True,272.9444173809545
RSA+AES-256,5000,2,867,472.3708000019542,0.6706999993184581,3.078800000366755,True,272.9444173809545
RSA+AES-256,5000,2,868,721.8450999935158,0.7877000025473535,3.056900000956375,True,272.9444173809545
RSA+AES-256,5000,2,869,528.4412999972119,0.6597000028705224,2.9637000043294393,True,272.9444173809545
RSA+AES-256,5000,2,870,347.7146000004723,0.6816999957663938,3.485799999907613,True,272.9444173809545
RSA+AES-256,5000,2,871,353.9050000035786,0.6547000011778437,2.846700001100544,True,272.9444173809545
RSA+AES-256,5000,2,872,685.5582999996841,0.6862000009277835,2.9617999971378595,True,272.9444173809545
RSA+AES-256,5000,2,873,430.29810000007274,0.6883000023663044,2.992200003063772,True,272.9444173809545
RSA+AES-256,5000,2,874,1456.4975000030245,0.6943999978830107,2.877999999327585,True,272.9444173809545
RSA+AES-256,5000,2,875,1065.4313000050024,0.6790999977965839,3.0658999967272393,True,272.9444173809545
RSA+AES-256,5000,2,876,508.3964000004926,0.67299999500392,2.8830999945057556,True,272.9444173809545
RSA+AES-256,5000,2,877,466.8470000033267,0.6819999980507419,2.9074999984004535,True,272.9444173809545
RSA+AES-256,5000,2,878,369.3195999949239,0.6303999980445951,3.1167999986791983,True,272.9444173809545
RSA+AES-256,5000,2,879,935.3090000004158,0.723099998140242,3.0037000033189543,True,272.9444173809545
RSA+AES-256,5000,2,880,705.354100005934,0.6400999991456047,2.9448999994201586,True,272.9444173809545
RSA+AES-256,5000,2,881,604.8832000014954,0.6768999955966137,2.9916000057710335,True,272.9444173809545
RSA+AES-256,5000,2,882,618.3072999992874,0.6573999999091029,2.9085999995004386,True,272.9444173809545
RSA+AES-256,5000,2,883,1349.3014999985462,0.6951999966986477,3.1471000038436614,True,272.9444173809545
RSA+AES-256,5000,2,884,628.8723000034224,0.6597999963560142,2.9452999951899983,True,272.9444173809545
RSA+AES-256,5000,2,885,651.0029999990365,0.6855000028735958,2.9569999969680794,True,272.9444173809545
RSA+AES-256,5000,2,886,1049.6887000044808,0.6156999952509068,3.001500001118984,True,272.9444173809545
RSA+AES-256,5000,2,887,771.2011999974493,0.6943000043975189,3.267000000050757,True,272.9444173809545
RSA+AES-256,5000,2,888,108.81230000086362,0.6950000024517067,2.9639999993378296,True,272.9444173809545
RSA+AES-256,5000,2,889,462.23270000336925,0.6429999993997626,2.877399994758889,True,272.9444173809545
RSA+AES-256,5000,2,890,1181.69069999567,0.7115999978850596,2.902100000937935,True,272.9444173809545
RSA+AES-256,5000,2,891,499.16790000133915,0.65080000058515,2.914600001531653,True,272.9444173809545
RSA+AES-256,5000,2,892,149.73649999592453,0.6697999997413717,2.9942000037408434,True,272.9444173809545
RSA+AES-256,5000,2,893,309.0437999999267,0.6584000002476387,3.2868000052985735,True,272.9444173809545
RSA+AES-256,5000,2,894,2380.258099998173,0.6757999944966286,2.9534000059356913,True,272.9444173809545
RSA+AES-256,5000,2,895,447.04189999902155,0.9511999960523099,2.986400002555456,True,272.9444173809545
RSA+AES-256,5000,2,896,524.1380000006757,0.6836999964434654,2.958799996122252,True,272.9444173809545
RSA+AES-256,5000,2,897,987.0233999972697,0.6227999983821064,3.0232999997679144,True,272.9444173809545
RSA+AES-256,5000,2,898,879.5516999962274,0.6680000005871989,2.918999998655636,True,272.9444173809545
RSA+AES-256,5000,2,899,588.7094999998226,0.6427999978768639,3.2470000005559996,True,272.9444173809545
RSA+AES-256,5000,2,900,458.4545999969123,0.654199997370597,2.8982000003452413,True,272.9444173809545
RSA+AES-256,5000,2,901,533.241299999645,0.6553000057465397,2.9357000021263957,True,272.9444173809545
RSA+AES-256,5000,2,902,982.6241999980994,0.6693000032100827,2.8485000002547167,True,272.9444173809545
RSA+AES-256,5000,2,903,2341.3099000026705,0.6967000008444302,2.959799996460788,True,272.9444173809545
RSA+AES-256,5000,2,904,1857.4176999973133,0.6487999999080785,2.9970999967190437,True,272.9444173809545
RSA+AES-256,5000,2,905,206.51319999888074,0.6261999951675534,2.990100001625251,True,272.9444173809545
RSA+AES-256,5000,2,906,340.5944999976782,0.6617999970330857,2.9386000023805536,True,272.9444173809545
RSA+AES-256,5000,2,907,953.2259000043268,0.6577000021934509,3.0051000067032874,True,272.9444173809545
RSA+AES-256,5000,2,908,902.0511000053375,0.6206999969435856,2.9454000032274053,True,272.9444173809545
RSA+AES-256,5000,2,909,514.0398999938043,0.6551999977091327,2.919300000939984,True,272.9444173809545
RSA+AES-256,5000,2,910,484.86149999371264,0.6216999972821213,2.921200000855606,True,272.9444173809545
RSA+AES-256,5000,2,911,400.6463000041549,0.676499999826774,3.0795000056969,True,272.9444173809545
RSA+AES-256,5000,2,912,1020.6781000015326,0.6947000001673587,3.0232000062824227,True,272.9444173809545
RSA+AES-256,5000,2,913,1693.9215999955195,0.6328999952529557,3.0933000016375445,True,272.9444173809545
RSA+AES-256,5000,2,914,755.2138000028208,0.6647999980486929,2.8972000000067055,True,272.9444173809545
RSA+AES-256,5000,2,915,340.84900000016205,0.6729000015184283,2.9963000051793642,True,272.9444173809545
RSA+AES-256,5000,2,916,607.8005000017583,0.651299997116439,2.8947999962838367,True,272.9444173809545
RSA+AES-256,5000,2,917,585.0606999956653,0.6675999975414015,3.072699997574091,True,272.9444173809545
RSA+AES-256,5000,2,918,309.30899999657413,0.6716999996569939,2.916400000685826,True,272.9444173809545
RSA+AES-256,5000,2,919,832.5358999936725,0.6894999969517812,2.8620000011869706,True,272.9444173809545
RSA+AES-256,5000,2,920,435.6136999995215,0.6474999972851947,2.883000001020264,True,272.9444173809545
RSA+AES-256,5000,2,921,1787.6987000054214,0.6503000040538609,2.946400003565941,True,272.9444173809545
RSA+AES-256,5000,2,922,334.15420000528684,0.6650000068475492,3.0339000004460104,True,272.9444173809545
RSA+AES-256,5000,2,923,777.4227999980212,0.5866999999852851,2.9116999940015376,True,272.9444173809545
RSA+AES-256,5000,2,924,555.4114999977173,0.6721000027027912,2.9616000028909184,True,272.9444173809545
RSA+AES-256,5000,2,925,1080.7223000010708,0.6212000007508323,2.916400000685826,True,272.9444173809545
RSA+AES-256,5000,2,926,730.1991999993334,0.6715999988955446,2.922699997725431,True,272.9444173809545
RSA+AES-256,5000,2,927,167.83339999528835,0.650199996016454,2.888100003474392,True,272.9444173809545
RSA+AES-256,5000,2,928,96.80600000137929,0.577899998461362,2.8708999961963855,True,272.9444173809545
RSA+AES-256,5000,2,929,108.86229999596253,0.6292000034591183,2.962499995192047,True,272.9444173809545
RSA+AES-256,5000,2,930,1050.7542000050307,0.6754000060027465,2.9829999984940514,True,272.9444173809545
RSA+AES-256,5000,2,931,636.8691000025137,0.7600999961141497,3.243400002247654,True,272.9444173809545
RSA+AES-256,5000,2,932,1207.565099997737,0.6720999954268336,2.9279000009410083,True,272.9444173809545
RSA+AES-256,5000,2,933,537.1271999974851,0.669100001687184,2.8734000006807037,True,272.9444173809545
RSA+AES-256,5000,2,934,712.1637999953236,0.6596000021090731,3.006300001288764,True,272.9444173809545
RSA+AES-256,5000,2,935,927.6580999940052,0.6614999947487377,2.8960999989067204,True,272.9444173809545
RSA+AES-256,5000,2,936,1666.9973999960348,0.6584000002476387,2.8634999980567954,True,272.9444173809545
RSA+AES-256,5000,2,937,1502.7893999940716,0.6858999986434355,2.965899999253452,True,272.9444173809545
RSA+AES-256,5000,2,938,525.8281999995233,0.6616999962716363,2.9331999976420775,True,272.9444173809545
RSA+AES-256,5000,2,939,964.2333000010694,0.6638999984716065,2.9283999974722974,True,272.9444173809545
RSA+AES-256,5000,2,940,707.1187000037753,0.6686999986413866,2.885099995182827,True,272.9444173809545
RSA+AES-256,5000,2,941,891.6511999996146,0.6016999977873638,2.897900005336851,True,272.9444173809545
RSA+AES-256,5000,2,942,514.8545999982161,0.6704000043100677,2.8850000016973354,True,272.9444173809545
RSA+AES-256,5000,2,943,914.7030999956769,0.6604000009247102,2.9837999973096885,True,272.9444173809545
RSA+AES-256,5000,2,944,1297.7713000000222,0.6752000044798478,3.0160000023897737,True,272.9444173809545
RSA+AES-256,5000,2,945,533.908600002178,0.6709000008413568,2.942700004496146,True,272.9444173809545
RSA+AES-256,5000,2,946,249.28820000059204,0.6901000015204772,3.032699998584576,True,272.9444173809545
RSA+AES-256,5000,2,947,333.4216000002925,0.6339000028674491,2.900499996030703,True,272.9444173809545
RSA+AES-256,5000,2,948,961.050099998829,0.6846999967820011,3.192500000295695,True,272.9444173809545
RSA+AES-256,5000,2,949,870.7188999978825,0.6940000021131709,2.9647999981534667,True,272.9444173809545
RSA+AES-256,5000,2,950,142.36540000274545,0.665100000333041,3.0197000014595687,True,272.9444173809545
RSA+AES-256,5000,2,951,119.84749999828637,0.5615000045509078,2.9314000057638623,True,272.9444173809545
RSA+AES-256,5000,2,952,458.3617000025697,0.6653999953414313,3.047499994863756,True,272.9444173809545
RSA+AES-256,5000,2,953,44.78999999992084,0.6353999997372739,3.0074000023887493,True,272.9444173809545
RSA+AES-256,5000,2,954,1084.8637000017334,0.6869999997434206,2.904000000853557,True,272.9444173809545
RSA+AES-256,5000,2,955,962.5841000015498,0.6814999942434952,2.947699998912867,True,272.9444173809545
RSA+AES-256,5000,2,956,558.5551999974996,0.6856000036350451,2.9451000009430572,True,272.9444173809545
RSA+AES-256,5000,2,957,505.83370000094874,0.7020999983069487,2.970000001369044,True,272.9444173809545
RSA+AES-256,5000,2,958,1173.5868999967352,0.6873999955132604,3.1103999936021864,True,272.9444173809545
RSA+AES-256,5000,2,959,525.2044999942882,0.6175000016810372,2.956700001959689,True,272.9444173809545
RSA+AES-256,5000,2,960,1154.1526000000886,0.6298000007518567,2.9644999958691187,True,272.9444173809545
RSA+AES-256,5000,2,961,2286.466900004598,0.6849000055808574,2.97359999967739,True,272.9444173809545
RSA+AES-256,5000,2,962,922.6013999941642,0.6726000065100379,2.884999994421378,True,272.9444173809545
RSA+AES-256,5000,2,963,1121.9278999997186,0.6659999999101274,2.940500002296176,True,272.9444173809545
RSA+AES-256,5000,2,964,248.7351999952807,0.6570999976247549,2.9034999970463105,True,272.9444173809545
RSA+AES-256,5000,2,965,88.00119999796152,0.5893999987165444,2.851699995517265,True,272.9444173809545
RSA+AES-256,5000,2,966,822.4808000013581,0.6505999990622513,2.9247999991639517,True,272.9444173809545
RSA+AES-256,5000,2,967,1929.6455000003334,0.7037999966996722,3.0417999951168895,True,272.9444173809545
RSA+AES-256,5000,2,968,347.59499999927357,0.6565999938175082,2.9907999996794388,True,272.9444173809545
RSA+AES-256,5000,2,969,254.19479999982286,0.6812999999965541,3.013599998666905,True,272.9444173809545
RSA+AES-256,5000,2,970,546.6747999962536,0.6705999985570088,2.974000002723187,True,272.9444173809545
RSA+AES-256,5000,2,971,330.02829999895766,0.6663999956799671,2.9794000001857057,True,272.9444173809545
RSA+AES-256,5000,2,972,1458.9495999971405,0.6749999956809916,2.9228999992483296,True,272.9444173809545
RSA+AES-256,5000,2,973,598.6294000031194,0.6936999998288229,2.935300006356556,True,272.9444173809545
RSA+AES-256,5000,2,974,852.557500002149,0.6634999954258092,2.974700000777375,True,272.9444173809545
RSA+AES-256,5000,2,975,454.07739999791374,0.6360999977914616,2.8485000002547167,True,272.9444173809545
RSA+AES-256,5000,2,976,578.8985000035609,0.6644999957643449,3.8729000007151626,True,272.9444173809545
RSA+AES-256,5000,2,977,591.2202999970759,0.6607000032090582,3.1216999996104278,True,272.9444173809545
RSA+AES-256,5000,2,978,716.1176000008709,0.6487999999080785,3.0217000021366403,True,272.9444173809545
RSA+AES-256,5000,2,979,457.41390000330284,0.6588999967789277,2.932600000349339,True,272.9444173809545
RSA+AES-256,5000,2,980,188.67230000614654,0.6162999998196028,2.955700001621153,True,272.9444173809545
RSA+AES-256,5000,2,981,358.87190000357805,0.6739999953424558,2.897099999245256,True,272.9444173809545
RSA+AES-256,5000,2,982,872.8426000016043,0.6495999987237155,2.9095999998389743,True,272.9444173809545
RSA+AES-256,5000,2,983,522.2786000013002,0.7350000014412217,2.9684999972232617,True,272.9444173809545
RSA+AES-256,5000,2,984,89.30819999659434,0.822000001790002,3.013699999428354,True,272.9444173809545
RSA+AES-256,5000,2,985,258.87469999725,0.6742000041413121,2.9111999974702485,True,272.9444173809545
RSA+AES-256,5000,2,986,118.71640000026673,0.6462999954237603,2.98320000001695,True,272.9444173809545
RSA+AES-256,5000,2,987,726.2679999985266,0.6815000015194528,3.077000001212582,True,272.9444173809545
RSA+AES-256,5000,2,988,460.71369999845047,0.6885999973746948,2.97100000170758,True,272.9444173809545
RSA+AES-256,5000,2,989,250.82309999561403,0.6648999988101423,2.966000000014901,True,272.9444173809545
RSA+AES-256,5000,2,990,2016.4564000006067,0.665400002617389,2.8817999991588295,True,272.9444173809545
RSA+AES-256,5000,2,991,1272.362499999872,0.6990999972913414,2.987599997140933,True,272.9444173809545
RSA+AES-256,5000,2,992,1461.2584999995306,0.6772999986424111,3.085500000452157,True,272.9444173809545
RSA+AES-256,5000,2,993,1070.6475999977556,0.717100003384985,2.939199999673292,True,272.9444173809545
RSA+AES-256,5000,2,994,390.54749999922933,0.6829999983892776,3.01210000179708,True,272.9444173809545
RSA+AES-256,5000,2,995,1746.8727000014042,0.6632000004174188,2.9310999962035567,True,272.9444173809545
RSA+AES-256,5000,2,996,453.18079999560723,0.6767000013496727,3.0387000006157905,True,272.9444173809545
RSA+AES-256,5000,2,997,774.8907999994117,0.7167000003391877,2.945799998997245,True,272.9444173809545
RSA+AES-256,5000,2,998,316.00809999508783,0.7120000009308569,3.0171999969752505,True,272.9444173809545
RSA+AES-256,5000,2,999,981.9338000015705,0.6510999955935404,2.903900000092108,True,272.9444173809545
RSA+AES-256,5000,2,1000,293.3009999978822,0.6573999999091029,2.932900002633687,True,272.9444173809545
RSA+AES-256,5000,2,1001,312.25399999675574,0.665400002617389,2.9934000049252063,True,272.9444173809545
RSA+AES-256,5000,2,1002,498.1430000043474,0.6972000046516769,2.9939000014564954,True,272.9444173809545
RSA+AES-256,5000,2,1003,1211.1224999971455,0.6484999976237305,2.8904999999213032,True,272.9444173809545
RSA+AES-256,5000,2,1004,419.6391000004951,0.6481000018538907,2.9195000024628825,True,272.9444173809545
RSA+AES-256,5000,2,1005,1544.8326999976416,0.6733999980497174,2.93470000178786,True,272.9444173809545
RSA+AES-256,5000,2,1006,1100.6747999999789,0.6730999957653694,2.9495999988284893,True,272.9444173809545
RSA+AES-256,5000,2,1007,1296.9315000009374,0.690199995005969,2.952300004835706,True,272.9444173809545
RSA+AES-256,5000,2,1008,718.1051000006846,0.6742999976268038,2.9370000047492795,True,272.9444173809545
RSA+AES-256,5000,2,1009,385.65119999839226,0.6500000017695129,2.9286999997566454,True,272.9444173809545
RSA+AES-256,5000,2,1010,1317.2180999972625,0.6790999977965839,2.954800002044067,True,272.9444173809545
RSA+AES-256,5000,2,1011,270.03770000010263,0.6219999995664693,2.8792000011890195,True,272.9444173809545
RSA+AES-256,5000,2,1012,403.4460000038962,0.6489000006695278,2.9162999999243766,True,272.9444173809545
RSA+AES-256,5000,2,1013,121.29100000311155,0.6687000059173442,2.9715999990003183,True,272.9444173809545
RSA+AES-256,5000,2,1014,1129.7491000004811,0.6724000049871393,2.9236999980639666,True,272.9444173809545
RSA+AES-256,5000,2,1015,317.93479999760166,0.6760999967809767,2.899200000683777,True,272.9444173809545
RSA+AES-256,5000,2,1016,842.3819999952684,0.7063000011839904,2.9847999976482242,True,272.9444173809545
RSA+AES-256,5000,2,1017,1103.7243999962811,0.6565000003320165,2.9972999982419424,True,272.9444173809545
RSA+AES-256,5000,2,1018,437.20249999751104,0.6547000011778437,2.918500002124347,True,272.9444173809545
RSA+AES-256,5000,2,1019,697.4903000009363,0.6549999961862341,2.945000000181608,True,272.9444173809545
RSA+AES-256,5000,2,1020,96.81249999994179,0.5585000035353005,2.921200000855606,True,272.9444173809545
RSA+AES-256,5000,2,1021,710.3591000050073,0.6584999937331304,2.8850000016973354,True,272.9444173809545
RSA+AES-256,5000,2,1022,842.1042000045418,0.6357999955071136,2.989600005093962,True,272.9444173809545
RSA+AES-256,5000,2,1023,227.59640000003856,0.6448999993153848,2.9021999944234267,True,272.9444173809545
RSA+AES-256,5000,2,1024,564.3610000042827,0.6147000021883287,2.939199999673292,True,272.9444173809545
RSA+AES-256,5000,2,1025,437.68719999934547,0.6519000016851351,2.8776000035577454,True,272.9444173809545
RSA+AES-256,5000,2,1026,93.90259999781847,0.5997000043862499,2.8650999956880696,True,272.9444173809545
RSA+AES-256,5000,2,1027,965.616500005126,0.6628999981330708,2.8583000021171756,True,272.9444173809545
RSA+AES-256,5000,2,1028,888.300500002515,0.6616999962716363,2.924899999925401,True,272.9444173809545
RSA+AES-256,5000,2,1029,272.7197999993223,0.6456000046455301,2.9633999947691336,True,272.9444173809545
RSA+AES-256,5000,2,1030,592.2219999993104,0.6734999988111667,2.997499999764841,True,272.9444173809545
RSA+AES-256,5000,2,1031,585.7243000064045,0.7287999978871085,3.0980000010458753,True,272.9444173809545
RSA+AES-256,5000,2,1032,1735.0439000001643,0.6887999988975935,2.92990000161808,True,272.9444173809545
RSA+AES-256,5000,2,1033,942.0186999996076,0.640199999907054,2.9645000031450763,True,272.9444173809545
RSA+AES-256,5000,2,1034,1930.6679000001168,0.6891000011819415,2.987599997140933,True,272.9444173809545
RSA+AES-256,5000,2,1035,375.2803000024869,0.6184000012581237,2.9664999965461902,True,272.9444173809545
RSA+AES-256,5000,2,1036,346.25619999860646,0.6664000029559247,2.989000000525266,True,272.9444173809545
RSA+AES-256,5000,2,1037,1469.2892000020947,0.662800004647579,2.90099999983795,True,272.9444173809545
RSA+AES-256,5000,2,1038,540.9782999995514,0.6715999988955446,3.0511000004480593,True,272.9444173809545
RSA+AES-256,5000,2,1039,293.4134999959497,0.6013000020175241,2.9873000021325424,True,272.9444173809545
RSA+AES-256,5000,2,1040,803.0418999987887,0.6816999957663938,3.0207000017981045,True,272.9444173809545
RSA+AES-256,5000,2,1041,406.73019999667304,0.9061999953701161,2.9780000040773302,True,272.9444173809545
RSA+AES-256,5000,2,1042,308.33780000102706,0.6654999961028807,3.0168999946909025,True,272.9444173809545
RSA+AES-256,5000,2,1043,228.81600000255276,0.6073000040487386,2.933900002972223,True,272.9444173809545
RSA+AES-256,5000,2,1044,450.0019999977667,0.6573000064236112,2.9413999945973046,True,272.9444173809545
RSA+AES-256,5000,2,1045,1766.6012999980012,0.760499999159947,3.6990000007790513,True,272.9444173809545
RSA+AES-256,5000,2,1046,1245.9327999968082,0.6887999988975935,3.014000001712702,True,272.9444173809545
RSA+AES-256,5000,2,1047,371.23129999963567,0.6076999998185784,2.965899999253452,True,272.9444173809545
RSA+AES-256,5000,2,1048,1717.5349000026472,0.6826000026194379,2.977600001031533,True,272.9444173809545
RSA+AES-256,5000,2,1049,953.7863000005018,0.662200000078883,2.9690000010305084,True,272.9444173809545
RSA+AES-256,5000,2,1050,851.0734000010416,0.6554999999934807,2.9018999994150363,True,272.9444173809545
RSA+AES-256,5000,2,1051,594.6219000034034,0.7037999966996722,2.981200006615836,True,272.9444173809545
RSA+AES-256,5000,2,1052,1359.262400001171,0.7134999978006817,2.9811999993398786,True,272.9444173809545
RSA+AES-256,5000,2,1053,834.0464000066277,0.6827000033808872,2.982700003485661,True,272.9444173809545
RSA+AES-256,5000,2,1054,171.58070000004955,0.5756000027759001,2.874999998311978,True,272.9444173809545
RSA+AES-256,5000,2,1055,83.85750000161352,0.5727999960072339,2.8645999991567805,True,272.9444173809545
RSA+AES-256,5000,2,1056,646.3909000012791,0.6990999972913414,2.970300003653392,True,272.9444173809545
RSA+AES-256,5000,2,1057,570.7097000049544,0.6848999983048998,2.9892999955336563,True,272.9444173809545
RSA+AES-256,5000,2,1058,1135.2246000024024,0.6982999984757043,3.0119000002741814,True,272.9444173809545
RSA+AES-256,5000,2,1059,882.183099995018,0.687899999320507,2.9216000039014034,True,272.9444173809545
RSA+AES-256,5000,2,1060,922.5165000025299,0.6355000004987232,2.935800002887845,True,272.9444173809545
RSA+AES-256,5000,2,1061,399.06540000083623,0.6830000056652352,2.9682000022148713,True,272.9444173809545
RSA+AES-256,5000,2,1062,1237.6736000005621,0.6460000004153699,2.99250000534812,True,272.9444173809545
RSA+AES-256,5000,2,1063,370.7940000022063,0.6196000031195581,2.969599998323247,True,272.9444173809545
RSA+AES-256,5000,2,1064,162.02879999764264,0.6309999953373335,2.8916000010212883,True,272.9444173809545
RSA+AES-256,5000,2,1065,202.74159999826225,0.6644000022788532,2.986400002555456,True,272.9444173809545
RSA+AES-256,5000,2,1066,1130.4253000052995,0.6785000005038455,3.019999996467959,True,272.9444173809545
RSA+AES-256,5000,2,1067,130.46380000014324,0.6360999977914616,3.012900000612717,True,272.9444173809545
RSA+AES-256,5000,2,1068,883.5048000037204,0.6869999997434206,2.976800002215896,True,272.9444173809545
RSA+AES-256,5000,2,1069,991.2975000042934,0.6909000003361143,3.074799999012612,True,272.9444173809545
RSA+AES-256,5000,2,1070,230.95260000263806,0.6323999987216666,2.899899998737965,True,272.9444173809545
RSA+AES-256,5000,2,1071,249.72429999615997,0.6414999952539802,3.3804000049713068,True,272.9444173809545
RSA+AES-256,5000,2,1072,911.4718999990146,0.6247999990591779,2.9852000006940216,True,272.9444173809545
RSA+AES-256,5000,2,1073,369.2012000028626,0.6745000064256601,2.97580000187736,True,272.9444173809545
RSA+AES-256,5000,2,1074,1408.8383999987855,0.6869999997434206,2.91540000034729,True,272.9444173809545
RSA+AES-256,5000,2,1075,1259.5754000067245,0.6705999985570088,3.00250000145752,True,272.9444173809545
RSA+AES-256,5000,2,1076,417.543100003968,0.6981000042287633,2.972599999338854,True,272.9444173809545
RSA+AES-256,5000,2,1077,676.0580999980448,0.7012999994913116,2.9783000063616782,True,272.9444173809545
RSA+AES-256,5000,2,1078,534.6324999991339,0.6773999994038604,3.0250999989220873,True,272.9444173809545
RSA+AES-256,5000,2,1079,446.4771999992081,0.6102000043028966,2.9562999989138916,True,272.9444173809545
RSA+AES-256,5000,2,1080,659.7384999986389,0.6705999985570088,2.880899999581743,True,272.9444173809545
RSA+AES-256,5000,2,1081,793.9105999976164,0.6705999985570088,2.9680999941774644,True,272.9444173809545
RSA+AES-256,5000,2,1082,627.705299993977,0.6788999962736852,3.0474000013782643,True,272.9444173809545
RSA+AES-256,5000,2,1083,659.1407000014442,0.6611999997403473,3.0123999968054704,True,272.9444173809545
RSA+AES-256,5000,2,1084,664.4290999975055,0.6663999956799671,2.9214000023785047,True,272.9444173809545
RSA+AES-256,5000,2,1085,1751.4717000012752,0.6788999962736852,2.953199997136835,True,272.9444173809545
RSA+AES-256,5000,2,1086,663.988899999822,0.6480999945779331,2.848999996786006,True,272.9444173809545
RSA+AES-256,5000,2,1087,291.28969999874244,0.6217999980435707,2.924400003394112,True,272.9444173809545
RSA+AES-256,5000,2,1088,320.5127999972319,0.7132000027922913,2.904499997384846,True,272.9444173809545
RSA+AES-256,5000,2,1089,713.5242000003927,0.6710999950882979,2.9850999999325722,True,272.9444173809545
RSA+AES-256,5000,2,1090,198.93440000305418,0.68710000050487,3.0292000010376796,True,272.9444173809545
RSA+AES-256,5000,2,1091,256.28490000235615,0.6675999975414015,2.9850999999325722,True,272.9444173809545
RSA+AES-256,5000,2,1092,1838.2364999997662,0.6858999986434355,2.9712999967159703,True,272.9444173809545
RSA+AES-256,5000,2,1093,288.509800004249,0.6643000015174039,2.9286999997566454,True,272.9444173809545
RSA+AES-256,5000,2,1094,1029.670600000827,0.6806000019423664,2.951599999505561,True,272.9444173809545
RSA+AES-256,5000,2,1095,430.11549999937415,0.6592999998247251,2.918799997132737,True,272.9444173809545
RSA+AES-256,5000,2,1096,1311.1864000020432,0.6143999999039806,2.9547000012826174,True,272.9444173809545
RSA+AES-256,5000,2,1097,210.442100004002,0.672800000756979,3.111199999693781,True,272.9444173809545
RSA+AES-256,5000,2,1098,431.00659999618074,0.767700003052596,3.049200000532437,True,272.9444173809545
RSA+AES-256,5000,2,1099,697.6479000004474,0.6726999999955297,2.9543000055127777,True,272.9444173809545
RSA+AES-256,5000,2,1100,620.807599996624,0.684200000250712,2.906900001107715,True,272.9444173809545
RSA+AES-256,5000,2,1101,1446.7650999940815,0.6858999986434355,2.9522999975597486,True,272.9444173809545
RSA+AES-256,5000,2,1102,1877.235499996459,0.6620999993174337,2.9709000009461306,True,272.9444173809545
RSA+AES-256,5000,2,1103,897.3379000017303,0.6932000032975338,2.982400001201313,True,272.9444173809545
RSA+AES-256,5000,2,1104,1365.5849000060698,0.6605999951716512,2.95689999620663,True,272.9444173809545
RSA+AES-256,5000,2,1105,149.97070000390522,0.6068999937269837,2.8604000035556965,True,272.9444173809545
RSA+AES-256,5000,2,1106,1011.8636000042898,0.676199997542426,3.008899999258574,True,272.9444173809545
RSA+AES-256,5000,2,1107,242.26740000449354,0.6770999971195124,2.9968000017106533,True,272.9444173809545
RSA+AES-256,5000,2,1108,971.9776999991154,0.6820999988121912,3.0442999996012077,True,272.9444173809545
RSA+AES-256,5000,2,1109,803.5220999954618,0.6527000005007721,2.9784999933326617,True,272.9444173809545
RSA+AES-256,5000,2,1110,278.94170000217855,0.632499999483116,3.0332999958773144,True,272.9444173809545
RSA+AES-256,5000,2,1111,255.23119999706978,0.7461999994120561,3.7741000051028095,True,272.9444173809545
RSA+AES-256,5000,2,1112,1276.3593999989098,0.7054999950923957,3.0391999971470796,True,272.9444173809545
RSA+AES-256,5000,2,1113,516.733700002078,0.6719000011798926,2.964100000099279,True,272.9444173809545
RSA+AES-256,5000,2,1114,1779.0626999994856,0.6556000007549301,2.9269000006024726,True,272.9444173809545
RSA+AES-256,5000,2,1115,952.8707999998005,0.6894000034662895,2.941499995358754,True,272.9444173809545
RSA+AES-256,5000,2,1116,581.5468999935547,0.6630000061704777,2.97359999967739,True,272.9444173809545
RSA+AES-256,5000,2,1117,1253.3347999997204,0.6712000031257048,3.1684999994467944,True,272.9444173809545
RSA+AES-256,5000,2,1118,568.1691999998293,0.6598000036319718,2.948300003481563,True,272.9444173809545
RSA+AES-256,5000,2,1119,133.7375999937649,0.6364000000758097,2.947500004665926,True,272.9444173809545
RSA+AES-256,5000,2,1120,1027.7330000026268,0.6693000032100827,2.9852000006940216,True,272.9444173809545
RSA+AES-256,5000,2,1121,730.6128999989596,0.6476000053226016,2.9630999997607432,True,272.9444173809545
RSA+AES-256,5000,2,1122,860.445800004527,0.6848999983048998,3.0064000020502135,True,272.9444173809545
RSA+AES-256,5000,2,1123,1402.2201000043424,0.6779000032111071,2.985300001455471,True,272.9444173809545
RSA+AES-256,5000,2,1124,635.6216999993194,0.6677999990643002,2.947699998912867,True,272.9444173809545
RSA+AES-256,5000,2,1125,921.0770999998203,0.6800999981351197,4.79079999786336,True,272.9444173809545
RSA+AES-256,5000,2,1126,2189.345400001912,0.686799998220522,2.9826000027242117,True,272.9444173809545
RSA+AES-256,5000,2,1127,573.5362999985227,0.6547000011778437,2.9328000018722378,True,272.9444173809545
RSA+AES-256,5000,2,1128,492.63999999675434,0.665100000333041,2.8949000043212436,True,272.9444173809545
RSA+AES-256,5000,2,1129,1035.1332999998704,0.6779999966965988,2.9281999959493987,True,272.9444173809545
RSA+AES-256,5000,2,1130,1039.6084000021801,0.6767000013496727,3.0006000015418977,True,272.9444173809545
RSA+AES-256,5000,2,1131,460.54600000206847,0.6637999977101572,2.92990000161808,True,272.9444173809545
RSA+AES-256,5000,2,1132,646.0112999993726,1.0588000004645437,2.951099995698314,True,272.9444173809545
RSA+AES-256,5000,2,1133,639.6717999959947,0.7085000033839606,2.9830999992555007,True,272.9444173809545
RSA+AES-256,5000,2,1134,331.4024999999674,0.6435000032070093,2.958799996122252,True,272.9444173809545
RSA+AES-256,5000,2,1135,198.57820000470383,0.6130000037956052,2.8997000044910237,True,272.9444173809545
RSA+AES-256,5000,2,1136,684.514600005059,0.6963999985600822,2.9739999954472296,True,272.9444173809545
RSA+AES-256,5000,2,1137,95.01810000074329,0.5949999977019615,2.922399995441083,True,272.9444173809545
RSA+AES-256,5000,2,1138,266.9815000044764,0.6638999984716065,3.0423000062000938,True,272.9444173809545
RSA+AES-256,5000,2,1139,258.4685000038007,0.6639999992330559,2.9763999991700985,True,272.9444173809545
RSA+AES-256,5000,2,1140,819.1451000020606,0.6703999970341101,2.959299999929499,True,272.9444173809545
RSA+AES-256,5000,2,1141,443.5541999991983,0.7113999963621609,3.0333999966387637,True,272.9444173809545
RSA+AES-256,5000,2,1142,615.7373999958509,0.6513000043923967,2.8684999997494742,True,272.9444173809545
RSA+AES-256,5000,2,1143,1804.4532000058098,0.6789999970351346,2.9470000008586794,True,272.9444173809545
RSA+AES-256,5000,2,1144,1257.4575999969966,0.6646000038017519,2.9587000026367605,True,272.9444173809545
RSA+AES-256,5000,2,1145,143.70880000205943,0.625700005912222,2.9906999989179894,True,272.9444173809545
RSA+AES-256,5000,2,1146,153.26510000159033,0.6018999993102625,3.0073999951127917,True,272.9444173809545
RSA+AES-256,5000,2,1147,382.89520000398625,0.6246999982977286,2.9670999938389286,True,272.9444173809545
RSA+AES-256,5000,2,1148,495.30439999944065,0.6446000043069944,2.9757000011159107,True,272.9444173809545
RSA+AES-256,5000,2,1149,497.6360000000568,0.6970000031287782,2.9709000009461306,True,272.9444173809545
RSA+AES-256,5000,2,1150,325.81410000420874,0.6818999972892925,2.9211000000941567,True,272.9444173809545
RSA+AES-256,5000,2,1151,682.1918999994523,0.6385000015143305,2.980900004331488,True,272.9444173809545
RSA+AES-256,5000,2,1152,666.239800004405,0.6704999977955595,2.8382000018609688,True,272.9444173809545
RSA+AES-256,5000,2,1153,593.4465000027558,0.7102000017766841,2.9309000019566156,True,272.9444173809545
RSA+AES-256,5000,2,1154,1329.0244000017992,0.6620999993174337,2.977600001031533,True,272.9444173809545
RSA+AES-256,5000,2,1155,126.19509999785805,0.5708999960916117,2.9235999973025173,True,272.9444173809545
RSA+AES-256,5000,2,1156,1053.435100002389,0.6527000005007721,2.874999998311978,True,272.9444173809545
RSA+AES-256,5000,2,1157,1125.1142999972217,0.6836999964434654,2.9572999992524274,True,272.9444173809545
RSA+AES-256,5000,2,1158,1398.7142000041786,0.6708000000799075,2.942899998743087,True,272.9444173809545
RSA+AES-256,5000,2,1159,594.2670000004,0.7000000041443855,2.930399998149369,True,272.9444173809545
RSA+AES-256,5000,2,1160,153.18020000268007,0.6921000021975487,3.002999997988809,True,272.9444173809545
RSA+AES-256,5000,2,1161,585.0460000001476,0.6672999952570535,2.9375000012805685,True,272.9444173809545
RSA+AES-256,5000,2,1162,1422.608399996534,0.6728999942424707,2.9142000057618134,True,272.9444173809545
RSA+AES-256,5000,2,1163,907.2081999984221,0.6850999998277985,2.9494000045815483,True,272.9444173809545
RSA+AES-256,5000,2,1164,754.4232000000193,0.6844999952591024,2.8941000055056065,True,272.9444173809545
RSA+AES-256,5000,2,1165,685.4476000007708,0.6717999931424856,2.961599995614961,True,272.9444173809545
RSA+AES-256,5000,2,1166,1014.6429000014905,0.6820999988121912,3.0479999986710027,True,272.9444173809545
RSA+AES-256,5000,2,1167,827.5809999977355,0.6675999975414015,2.994800001033582,True,272.9444173809545
RSA+AES-256,5000,2,1168,785.7290000029025,0.6924999979673885,2.9068000003462657,True,272.9444173809545
RSA+AES-256,5000,2,1169,551.0376999955042,0.6623000008403324,2.88840000575874,True,272.9444173809545
RSA+AES-256,5000,2,1170,151.74580000166316,0.5696000007446855,2.9590999984066,True,272.9444173809545
RSA+AES-256,5000,2,1171,182.9211000003852,0.6335999933071434,2.982099998916965,True,272.9444173809545
RSA+AES-256,5000,2,1172,869.8671000020113,0.6854000021121465,2.9561000046669506,True,272.9444173809545
RSA+AES-256,5000,2,1173,1225.4901999986032,0.6795000008423813,2.9891000012867153,True,272.9444173809545
RSA+AES-256,5000,2,1174,1179.9104000019724,0.8533000000170432,3.057900001294911,True,272.9444173809545
RSA+AES-256,5000,2,1175,1078.0596000040532,0.6681000013486482,2.958199998829514,True,272.9444173809545
RSA+AES-256,5000,2,1176,690.425699998741,0.6572999991476536,2.925699998741038,True,272.9444173809545
RSA+AES-256,5000,2,1177,881.0616000046139,0.6772999986424111,2.8763000009348616,True,272.9444173809545
RSA+AES-256,5000,2,1178,1045.3127000000677,0.6437999982153997,2.906599998823367,True,272.9444173809545
RSA+AES-256,5000,2,1179,659.1495999964536,1.0024000002886169,2.9591999991680495,True,272.9444173809545
RSA+AES-256,5000,2,1180,502.18170000152895,0.6678999998257495,2.8758999978890643,True,272.9444173809545
RSA+AES-256,5000,2,1181,194.40070000564447,0.6368999966070987,2.9747999942628667,True,272.9444173809545
RSA+AES-256,5000,2,1182,2402.4831999995513,0.646799999231007,2.8732999999192543,True,272.9444173809545
RSA+AES-256,5000,2,1183,111.05310000129975,0.6102000043028966,2.880299995013047,True,272.9444173809545
RSA+AES-256,5000,2,1184,1066.9425000014598,0.6502999967779033,2.921200000855606,True,272.9444173809545
RSA+AES-256,5000,2,1185,867.4231999975746,0.6705999985570088,2.8821000014431775,True,272.9444173809545
RSA+AES-256,5000,2,1186,566.9583000053535,0.676800002111122,2.9467999993357807,True,272.9444173809545
RSA+AES-256,5000,2,1187,263.9137000005576,0.6042999957571737,2.9632000005221926,True,272.9444173809545
RSA+AES-256,5000,2,1188,456.62439999432536,0.6770999971195124,3.0065999962971546,True,272.9444173809545
RSA+AES-256,5000,2,1189,371.1011000050348,0.6642000007559545,2.9906999989179894,True,272.9444173809545
RSA+AES-256,5000,2,1190,663.2222999978694,0.6103999985498376,2.991200002725236,True,272.9444173809545
RSA+AES-256,5000,2,1191,761.4924000008614,0.6710999950882979,3.0263000007835217,True,272.9444173809545
RSA+AES-256,5000,2,1192,187.71380000544013,0.6196999966050498,2.9528000013669953,True,272.9444173809545
RSA+AES-256,5000,2,1193,645.791900002223,0.6730000022798777,2.984100006869994,True,272.9444173809545
RSA+AES-256,5000,2,1194,1969.6222999991733,0.6633000011788681,3.0012999995960854,True,272.9444173809545
RSA+AES-256,5000,2,1195,404.4108000016422,0.6412000002455898,2.900800005591009,True,272.9444173809545
RSA+AES-256,5000,2,1196,905.8728000018164,0.6431000001612119,2.899500002968125,True,272.9444173809545
RSA+AES-256,5000,2,1197,100.54119999404065,0.644800005829893,2.8598999997484498,True,272.9444173809545
RSA+AES-256,5000,2,1198,1060.9911999999895,0.5902000048081391,2.8682999982265756,True,272.9444173809545
RSA+AES-256,5000,2,1199,519.3437999987509,0.7435000006807968,3.0435000007855706,True,272.9444173809545
RSA+AES-256,5000,2,1200,735.384100000374,0.6594000005861744,2.9595000014523976,True,272.9444173809545
RSA+AES-256,5000,2,1201,1298.0177000063122,0.6656000041402876,3.3060999994631857,True,272.9444173809545
RSA+AES-256,5000,2,1202,651.6399000029196,0.6673999960185029,2.947699998912867,True,272.9444173809545
RSA+AES-256,5000,2,1203,344.10709999792743,0.6768999955966137,3.4021999963442795,True,272.9444173809545
RSA+AES-256,5000,2,1204,840.3942000004463,0.6604000009247102,3.144299997074995,True,272.9444173809545
RSA+AES-256,5000,2,1205,1646.5374000035808,0.9384000004502013,2.9971000039950013,True,272.9444173809545
RSA+AES-256,5000,2,1206,776.1100999996415,0.6656999976257794,2.9362000059336424,True,272.9444173809545
RSA+AES-256,5000,2,1207,469.08710000570863,0.6392000068444759,2.934399999503512,True,272.9444173809545
RSA+AES-256,5000,2,1208,174.30700000113575,0.592800002777949,2.9370000047492795,True,272.9444173809545
RSA+AES-256,5000,2,1209,617.7365000039572,0.6668999994872138,2.9568000027211383,True,272.9444173809545
RSA+AES-256,5000,2,1210,1587.8086000011535,0.6594000005861744,2.887199996621348,True,272.9444173809545
RSA+AES-256,5000,2,1211,332.58829999977024,0.6620999993174337,2.9649000061908737,True,272.9444173809545
RSA+AES-256,5000,2,1212,972.8660999971908,0.6928000002517365,2.933399999164976,True,272.9444173809545
RSA+AES-256,5000,2,1213,937.5742999982322,0.7932999942568131,2.9309000019566156,True,272.9444173809545
RSA+AES-256,5000,2,1214,429.5725999982096,0.6798000031267293,2.9309999954421073,True,272.9444173809545
RSA+AES-256,5000,2,1215,930.5374000032316,0.6939000013517216,2.9364000001805834,True,272.9444173809545
RSA+AES-256,5000,2,1216,155.02330000163056,0.6266999989748001,2.8734000006807037,True,272.9444173809545
RSA+AES-256,5000,2,1217,820.8605999971041,0.6632000004174188,2.966699998069089,True,272.9444173809545
RSA+AES-256,5000,2,1218,388.9251000000513,0.6785999939893372,2.9522999975597486,True,272.9444173809545
RSA+AES-256,5000,2,1219,656.7437999983667,0.6759000025340356,2.963300001283642,True,272.9444173809545
RSA+AES-256,5000,2,1220,390.68130000669044,0.6788000027881935,3.0483000009553507,True,272.9444173809545
RSA+AES-256,5000,2,1221,1083.8906999997562,0.6608999974559993,2.981900004670024,True,272.9444173809545
RSA+AES-256,5000,2,1222,1940.6369000062114,0.695400005497504,3.0317999990074895,True,272.9444173809545
RSA+AES-256,5000,2,1223,229.22930000640918,0.720000003639143,3.15989999944577,True,272.9444173809545
RSA+AES-256,5000,2,1224,602.9957000064314,0.6697999997413717,2.998699994350318,True,272.9444173809545
RSA+AES-256,5000,2,1225,380.7525000011083,0.6945999994059093,2.9271000021253712,True,272.9444173809545
RSA+AES-256,5000,2,1226,1828.4035999968182,0.6911999953445047,2.907699999923352,True,272.9444173809545
RSA+AES-256,5000,2,1227,453.359699997236,0.7202999986475334,3.020600001036655,True,272.9444173809545
RSA+AES-256,5000,2,1228,598.8135999941733,0.6752999979653396,2.8983000011066906,True,272.9444173809545
RSA+AES-256,5000,2,1229,781.0441999972682,0.6523999982164241,3.017900002305396,True,272.9444173809545
RSA+AES-256,5000,2,1230,1184.4086999990395,0.7144999981392175,2.9412999938358553,True,272.9444173809545
RSA+AES-256,5000,2,1231,303.71500000183005,0.672199996188283,3.0358000003616326,True,272.9444173809545
RSA+AES-256,5000,2,1232,1027.7577999950154,0.6536000000778586,2.8902999983984046,True,272.9444173809545
RSA+AES-256,5000,2,1233,575.4310999982408,0.6868999989819713,2.875799997127615,True,272.9444173809545
RSA+AES-256,5000,2,1234,379.4475000031525,0.6613000005017966,3.0197000014595687,True,272.9444173809545
RSA+AES-256,5000,2,1235,865.7146999976248,0.6799000038881786,2.98359999578679,True,272.9444173809545
RSA+AES-256,5000,2,1236,386.57919999968726,0.661599995510187,2.876400001696311,True,272.9444173809545
RSA+AES-256,5000,2,1237,684.2460000043502,0.6969999958528206,3.056599998672027,True,272.9444173809545
RSA+AES-256,5000,2,1238,631.7969000010635,0.6481000018538907,2.9687999995076098,True,272.9444173809545
RSA+AES-256,5000,2,1239,1253.5159000035492,0.6668000060017221,2.9819999981555156,True,272.9444173809545
RSA+AES-256,5000,2,1240,1965.828699998383,0.6939000013517216,2.9371999989962205,True,272.9444173809545
RSA+AES-256,5000,2,1241,362.3396000039065,0.6762999983038753,2.929700000095181,True,272.9444173809545
RSA+AES-256,5000,2,1242,1334.6596000046702,0.6730999957653694,2.9240000003483146,True,272.9444173809545
RSA+AES-256,5000,2,1243,455.77269999921555,0.6455000038840808,2.9316000000108033,True,272.9444173809545
RSA+AES-256,5000,2,1244,764.8481000069296,0.6468999999924563,2.86950000008801,True,272.9444173809545
RSA+AES-256,5000,2,1245,251.16960000013933,0.7213999997475185,3.3148000002256595,True,272.9444173809545
RSA+AES-256,5000,2,1246,145.39849999709986,0.6060000014258549,2.977900003315881,True,272.9444173809545
RSA+AES-256,5000,2,1247,969.0675000019837,0.6778000024496578,2.969599998323247,True,272.9444173809545
RSA+AES-256,5000,2,1248,248.31389999599196,0.6073999975342304,3.062700001464691,True,272.9444173809545
RSA+AES-256,5000,2,1249,338.8126999998349,0.6584000002476387,2.9276999994181097,True,272.9444173809545
RSA+AES-256,5000,2,1250,1511.4496999958646,0.6499000010080636,2.879199993913062,True,272.9444173809545
RSA+AES-256,5000,2,1251,605.495100004191,0.6604000009247102,2.9049000004306436,True,272.9444173809545
RSA+AES-256,5000,2,1252,898.1937999997172,0.6734999988111667,3.0119000002741814,True,272.9444173809545
RSA+AES-256,5000,2,1253,612.237000001187,0.6642000007559545,3.000400000018999,True,272.9444173809545
RSA+AES-256,5000,2,1254,816.2360999995144,0.6304999988060445,2.9930999953649007,True,272.9444173809545
RSA+AES-256,5000,2,1255,427.2586000006413,0.6786000012652948,2.8810000003431924,True,272.9444173809545
RSA+AES-256,5000,2,1256,168.75740000250516,0.6224999960977584,2.9624000017065555,True,272.9444173809545
RSA+AES-256,5000,2,1257,620.9474000061164,0.68710000050487,2.8778999985661358,True,272.9444173809545
RSA+AES-256,5000,2,1258,329.74169999943115,0.6619999985559843,3.1861000024946406,True,272.9444173809545
RSA+AES-256,5000,2,1259,278.73600000020815,0.6321000037132762,2.8872999973827973,True,272.9444173809545
RSA+AES-256,5000,2,1260,1323.268799998914,0.6760999967809767,2.991699999256525,True,272.9444173809545
RSA+AES-256,5000,2,1261,347.7008999980171,0.6705999985570088,2.924400003394112,True,272.9444173809545
RSA+AES-256,5000,2,1262,1723.5093999988749,0.6864000024506822,2.9638999985763803,True,272.9444173809545
RSA+AES-256,5000,2,1263,646.1917000051471,0.6932000032975338,2.9855000029783696,True,272.9444173809545
RSA+AES-256,5000,2,1264,1035.252900001069,0.6735999995726161,2.9697999998461455,True,272.9444173809545
RSA+AES-256,5000,2,1265,712.564100002055,0.654800001939293,2.870299998903647,True,272.9444173809545
RSA+AES-256,5000,2,1266,538.4052000008523,0.6454999966081232,2.9023999959463254,True,272.9444173809545
RSA+AES-256,5000,2,1267,1601.5860000043176,0.6577000021934509,2.9056999992462806,True,272.9444173809545
RSA+AES-256,5000,2,1268,1044.3660999953863,0.6579999972018413,2.861999993911013,True,272.9444173809545
RSA+AES-256,5000,2,1269,1059.45399999473,0.7467999967047945,2.995200004079379,True,272.9444173809545
RSA+AES-256,5000,2,1270,343.61899999930756,0.6468999999924563,2.8564000022015534,True,272.9444173809545
RSA+AES-256,5000,2,1271,978.5783999977866,0.6680000005871989,2.892299999075476,True,272.9444173809545
RSA+AES-256,5000,2,1272,189.4246000010753,0.6936999998288229,2.987699997902382,True,272.9444173809545
RSA+AES-256,5000,2,1273,832.5276000032318,0.6056999991415069,2.9544999997597188,True,272.9444173809545
RSA+AES-256,5000,2,1274,280.6754999983241,0.6534999993164092,2.9144000000087544,True,272.9444173809545
RSA+AES-256,5000,2,1275,914.8931999952765,0.6606000024476089,2.986700004839804,True,272.9444173809545
RSA+AES-256,5000,2,1276,864.1446000037831,0.6825000018579885,2.996899995196145,True,272.9444173809545
RSA+AES-256,5000,2,1277,672.9448000041884,0.6630999996559694,3.007199993589893,True,272.9444173809545
RSA+AES-256,5000,2,1278,1225.8479000010993,0.6837999972049147,2.945000000181608,True,272.9444173809545
RSA+AES-256,5000,2,1279,1486.6534000029787,0.6778999959351495,2.956700001959689,True,272.9444173809545
RSA+AES-256,5000,2,1280,828.1417000034708,0.6558000022778288,2.905199995439034,True,272.9444173809545
RSA+AES-256,5000,2,1281,821.9043999997666,0.6235999971977435,2.9902000023867004,True,272.9444173809545
RSA+AES-256,5000,2,1282,575.4442999968887,0.6552999984705821,2.961599995614961,True,272.9444173809545
RSA+AES-256,5000,2,1283,1298.7285999988671,0.6763999990653247,2.964100000099279,True,272.9444173809545
RSA+AES-256,5000,2,1284,1155.9138000011444,0.706200000422541,2.9071999961161055,True,272.9444173809545
RSA+AES-256,5000,2,1285,488.901500000793,0.6691999951726757,2.887499998905696,True,272.9444173809545
RSA+AES-256,5000,2,1286,404.8728000052506,0.6634999954258092,2.9614000013680197,True,272.9444173809545
RSA+AES-256,5000,2,1287,707.5227000023006,0.6091000032029115,2.9869999998481944,True,272.9444173809545
RSA+AES-256,5000,2,1288,199.99709999683546,0.6134000068414025,2.9060999950161204,True,272.9444173809545
RSA+AES-256,5000,2,1289,234.53430000517983,0.7315999973798171,3.056800000194926,True,272.9444173809545
RSA+AES-256,5000,2,1290,897.0055999961914,0.6571999983862042,3.1130999996094033,True,272.9444173809545
RSA+AES-256,5000,2,1291,397.6775999981328,0.6416000032913871,3.339599999890197,True,272.9444173809545
RSA+AES-256,5000,2,1292,248.88970000029076,0.6420999998226762,3.177400001732167,True,272.9444173809545
RSA+AES-256,5000,2,1293,981.3081999964197,0.6702999962726608,2.916099998401478,True,272.9444173809545
RSA+AES-256,5000,2,1294,747.4853999956395,0.6903999965288676,3.111800004262477,True,272.9444173809545
RSA+AES-256,5000,2,1295,1486.2635000026785,0.6659999999101274,2.9901999951107427,True,272.9444173809545
RSA+AES-256,5000,2,1296,1325.3392999977223,0.6154000002425164,2.976499999931548,True,272.9444173809545
RSA+AES-256,5000,2,1297,143.0185999997775,0.6307000003289431,2.9511999964597635,True,272.9444173809545
RSA+AES-256,5000,2,1298,187.66189999587368,0.6686999986413866,2.975199997308664,True,272.9444173809545
RSA+AES-256,5000,2,1299,238.30309999902966,0.6418999982997775,2.9228999992483296,True,272.9444173809545
RSA+AES-256,5000,2,1300,639.877500005241,0.6984000065131113,2.9511000029742718,True,272.9444173809545
RSA+AES-256,5000,2,1301,579.8584000003757,0.6825000018579885,2.9727000001003034,True,272.9444173809545
RSA+AES-256,5000,2,1302,611.7285000000265,0.7143000038922764,2.895999998145271,True,272.9444173809545
RSA+AES-256,5000,2,1303,1524.1983000014443,0.6745999999111518,2.928599998995196,True,272.9444173809545
RSA+AES-256,5000,2,1304,1797.3241999934544,0.647900000330992,2.87910000042757,True,272.9444173809545
RSA+AES-256,5000,2,1305,471.84950000519166,0.665100000333041,3.1067999952938408,True,272.9444173809545
RSA+AES-256,5000,2,1306,796.57330000191,0.7383999982266687,3.328699996927753,True,272.9444173809545
RSA+AES-256,5000,2,1307,1399.7614000036265,0.673400005325675,2.9537000009440817,True,272.9444173809545
RSA+AES-256,5000,2,1308,548.6220000020694,0.6785999939893372,2.936699995188974,True,272.9444173809545
RSA+AES-256,5000,2,1309,200.58550000248943,0.6759000025340356,2.949999994598329,True,272.9444173809545
RSA+AES-256,5000,2,1310,352.3625000016182,0.6107999943196774,2.9733000046689995,True,272.9444173809545
RSA+AES-256,5000,2,1311,341.0599999988335,0.6253999963519163,2.9668999995919876,True,272.9444173809545
RSA+AES-256,5000,2,1312,963.6525000023539,0.6238999994820915,2.9236999980639666,True,272.9444173809545
RSA+AES-256,5000,2,1313,394.6933999977773,0.6681999948341399,2.9385000016191043,True,272.9444173809545
RSA+AES-256,5000,2,1314,1449.6996000016225,0.6678999998257495,2.948699999251403,True,272.9444173809545
RSA+AES-256,5000,2,1315,428.56310000206577,0.6788999962736852,2.924599997641053,True,272.9444173809545
RSA+AES-256,5000,2,1316,261.69239999580896,0.6659999999101274,2.8957000031368807,True,272.9444173809545
RSA+AES-256,5000,2,1317,1870.9627999996883,0.647900000330992,2.9429000060190447,True,272.9444173809545
RSA+AES-256,5000,2,1318,311.3303999998607,0.6088000009185635,2.973299997393042,True,272.9444173809545
RSA+AES-256,5000,2,1319,532.7083999945899,0.6877999985590577,3.0171999969752505,True,272.9444173809545
RSA+AES-256,5000,2,1320,526.6572999971686,0.6826000026194379,2.937600002042018,True,272.9444173809545
RSA+AES-256,5000,2,1321,1334.9225999991177,0.6704999977955595,2.896800004236866,True,272.9444173809545
RSA+AES-256,5000,2,1322,1958.1042999998317,0.6657999983872287,2.916400000685826,True,272.9444173809545
RSA+AES-256,5000,2,1323,146.19060000404716,0.6318000014289282,2.996899995196145,True,272.9444173809545
RSA+AES-256,5000,2,1324,265.88550000451505,0.6319000021903776,2.918800004408695,True,272.9444173809545
RSA+AES-256,5000,2,1325,782.367300002079,0.681100005749613,2.986899999086745,True,272.9444173809545
RSA+AES-256,5000,2,1326,134.7821000017575,0.625599997874815,2.922499996202532,True,272.9444173809545
RSA+AES-256,5000,2,1327,739.1254999965895,0.6389999980456196,3.17729999369476,True,272.9444173809545
RSA+AES-256,5000,2,1328,662.5285999980406,0.7693999941693619,2.9576000015367754,True,272.9444173809545
RSA+AES-256,5000,2,1329,661.1782999971183,0.662200000078883,2.905499997723382,True,272.9444173809545
RSA+AES-256,5000,2,1330,950.7422000024235,0.6915999983903021,2.946299995528534,True,272.9444173809545
RSA+AES-256,5000,2,1331,1420.8825000023353,0.7276999967871234,3.1496999945375137,True,272.9444173809545
RSA+AES-256,5000,2,1332,2159.238699998241,0.6686999986413866,2.9760999968857504,True,272.9444173809545
RSA+AES-256,5000,2,1333,539.7559000048204,0.661599995510187,2.9866999975638464,True,272.9444173809545
RSA+AES-256,5000,2,1334,296.197999996366,0.6729000015184283,2.9900000008638017,True,272.9444173809545
RSA+AES-256,5000,2,1335,321.07629999518394,0.6748000014340505,2.947599998151418,True,272.9444173809545
RSA+AES-256,5000,2,1336,232.52810000121826,0.6751999972038902,3.0676000023959205,True,272.9444173809545
RSA+AES-256,5000,2,1337,688.114399999904,0.6775000001653098,2.9815000016242266,True,272.9444173809545
RSA+AES-256,5000,2,1338,675.7752999983495,0.6608999974559993,2.984500002639834,True,272.9444173809545
RSA+AES-256,5000,2,1339,693.5711999976775,0.738800001272466,3.1018000008771196,True,272.9444173809545
RSA+AES-256,5000,2,1340,2207.6224999982514,0.7016999952611513,3.012599998328369,True,272.9444173809545
RSA+AES-256,5000,2,1341,632.1521999998367,0.686799998220522,2.917800004070159,True,272.9444173809545
RSA+AES-256,5000,2,1342,505.85470000078203,0.6680999940726906,2.969699999084696,True,272.9444173809545
RSA+AES-256,5000,2,1343,707.1077000000514,0.6496999994851649,2.9108000017004088,True,272.9444173809545
RSA+AES-256,5000,2,1344,660.4943999991519,0.665400002617389,2.9968000017106533,True,272.9444173809545
RSA+AES-256,5000,2,1345,188.40579999960028,0.6771999978809617,2.957800003059674,True,272.9444173809545
RSA+AES-256,5000,2,1346,1260.0858000005246,0.6539000023622066,3.041199997824151,True,272.9444173809545
RSA+AES-256,5000,2,1347,816.0351000042283,0.6761000040569343,2.994100002979394,True,272.9444173809545
RSA+AES-256,5000,2,1348,664.0144999983022,0.6747000006726012,3.046600002562627,True,272.9444173809545
RSA+AES-256,5000,2,1349,2278.521499996714,0.6499000010080636,2.9084999987389892,True,272.9444173809545
RSA+AES-256,5000,2,1350,180.53570000483887,0.6413000010070391,2.9012000013608485,True,272.9444173809545
RSA+AES-256,5000,2,1351,790.0551999991876,0.6502000032924116,2.903099994000513,True,272.9444173809545
RSA+AES-256,5000,2,1352,1129.013699995994,0.6788000027881935,3.0430999977397732,True,272.9444173809545
RSA+AES-256,5000,2,1353,126.13480000436539,0.6646999972872436,3.0377999937627465,True,272.9444173809545
RSA+AES-256,5000,2,1354,381.887799994729,0.6575000006705523,2.8883999984827824,True,272.9444173809545
RSA+AES-256,5000,2,1355,774.455399994622,0.633299998298753,2.936100005172193,True,272.9444173809545
RSA+AES-256,5000,2,1356,820.8087000020896,0.6664000029559247,2.9328000018722378,True,272.9444173809545
RSA+AES-256,5000,2,1357,202.54189999832306,0.6012999947415665,3.100800000538584,True,272.9444173809545
RSA+AES-256,5000,2,1358,604.5749999975669,0.6579000037163496,2.951399997982662,True,272.9444173809545
RSA+AES-256,5000,2,1359,241.72009999892907,0.6403000006685033,2.8917000017827377,True,272.9444173809545
RSA+AES-256,5000,2,1360,175.18330000166316,0.6447999985539354,2.9911999954492785,True,272.9444173809545
RSA+AES-256,5000,2,1361,1931.8446000033873,0.6943999978830107,3.0591000031563453,True,272.9444173809545
RSA+AES-256,5000,2,1362,349.71719999884954,0.6683999963570386,2.976100004161708,True,272.9444173809545
RSA+AES-256,5000,2,1363,1287.2434000018984,0.6187999970279634,2.983000005770009,True,272.9444173809545
RSA+AES-256,5000,2,1364,1174.308599998767,0.6533999985549599,2.9148999965400435,True,272.9444173809545
RSA+AES-256,5000,2,1365,2534.6305999992182,0.6670000002486631,2.990900000440888,True,272.9444173809545
RSA+AES-256,5000,2,1366,682.1718999999575,0.6825000018579885,2.948200002720114,True,272.9444173809545
RSA+AES-256,5000,2,1367,877.0707000003313,0.6844000017736107,2.9902000023867004,True,272.9444173809545
RSA+AES-256,5000,2,1368,237.50429999927292,0.6958000012673438,2.8875999996671453,True,272.9444173809545
RSA+AES-256,5000,2,1369,3225.6926000045496,0.6465999977081083,2.897600003052503,True,272.9444173809545
RSA+AES-256,5000,2,1370,164.03970000101253,0.6609000047319569,2.9997000019648112,True,272.9444173809545
RSA+AES-256,5000,2,1371,1277.3964000007254,0.6562999988091178,2.899200000683777,True,272.9444173809545
RSA+AES-256,5000,2,1372,691.1715000023833,0.6720000019413419,2.927199995610863,True,272.9444173809545
RSA+AES-256,5000,2,1373,406.4779000036651,0.6040000007487833,2.966500003822148,True,272.9444173809545
RSA+AES-256,5000,2,1374,548.6985000025015,0.6683000028715469,2.9819999981555156,True,272.9444173809545
RSA+AES-256,5000,2,1375,609.5520000017132,0.6903000030433759,2.890200004912913,True,272.9444173809545
RSA+AES-256,5000,2,1376,980.9695000003558,0.6773999994038604,2.947399996628519,True,272.9444173809545
RSA+AES-256,5000,2,1377,1975.3779000020586,0.7036000024527311,2.969299996038899,True,272.9444173809545
RSA+AES-256,5000,2,1378,709.5428000029642,0.7015000010142103,2.971499998238869,True,272.9444173809545
RSA+AES-256,5000,2,1379,233.87910000019474,0.6106000000727363,2.9056999992462806,True,272.9444173809545
RSA+AES-256,5000,2,1380,527.8357999995933,0.6912000026204623,2.9499000011128373,True,272.9444173809545
RSA+AES-256,5000,2,1381,100.54970000055619,0.6751000037183985,2.9004000025452115,True,272.9444173809545
RSA+AES-256,5000,2,1382,1795.4677999950945,0.6608999974559993,2.932600000349339,True,272.9444173809545
RSA+AES-256,5000,2,1383,535.3185999993002,0.6810000049881637,2.9521000033128075,True,272.9444173809545
RSA+AES-256,5000,2,1384,826.3671999957296,0.6580999979632907,2.970300003653392,True,272.9444173809545
RSA+AES-256,5000,2,1385,364.8950999995577,0.6980999969528057,3.025799996976275,True,272.9444173809545
RSA+AES-256,5000,2,1386,329.13769999868236,0.6250000005820766,2.9675999976461753,True,272.9444173809545
RSA+AES-256,5000,2,1387,849.9986000024364,0.640199999907054,2.9400999992503785,True,272.9444173809545
RSA+AES-256,5000,2,1388,183.1984000018565,0.6219999995664693,2.9815999951097183,True,272.9444173809545
RSA+AES-256,5000,2,1389,1475.6560000023455,0.7101000010152347,2.9447000051732175,True,272.9444173809545
RSA+AES-256,5000,2,1390,1205.027699994389,0.6485999983851798,2.9169999979785644,True,272.9444173809545
RSA+AES-256,5000,2,1391,555.403500002285,0.640199999907054,2.969900000607595,True,272.9444173809545
RSA+AES-256,5000,2,1392,172.12750000180677,0.6614000012632459,2.9671000011148863,True,272.9444173809545
RSA+AES-256,5000,2,1393,958.895499999926,0.6668000060017221,2.951299997221213,True,272.9444173809545
RSA+AES-256,5000,2,1394,724.4479000000865,0.6352999989758246,2.9595999949378893,True,272.9444173809545
RSA+AES-256,5000,2,1395,608.3656000046176,0.6890999939059839,2.9649999996763654,True,272.9444173809545
RSA+AES-256,5000,2,1396,1259.0076999986195,0.6600999986403622,3.0420000039157458,True,272.9444173809545
RSA+AES-256,5000,2,1397,1449.2222000044421,0.7030999986454844,3.058700000110548,True,272.9444173809545
RSA+AES-256,5000,2,1398,1216.8368999991799,0.6248999998206273,3.0149999947752804,True,272.9444173809545
RSA+AES-256,5000,2,1399,269.1804999994929,0.6706999993184581,2.9599999979836866,True,272.9444173809545
RSA+AES-256,5000,2,1400,2064.62620000093,0.6775000001653098,2.9238999995868653,True,272.9444173809545
RSA+AES-256,5000,2,1401,1244.2981999993208,0.6595000013476238,2.882399996451568,True,272.9444173809545
RSA+AES-256,5000,2,1402,772.4793999950634,0.6754999994882382,2.889600000344217,True,272.9444173809545
RSA+AES-256,5000,2,1403,1085.890099995595,0.6140999976196326,2.9825000019627623,True,272.9444173809545
RSA+AES-256,5000,2,1404,2040.938999998616,0.6742000041413121,3.0178999950294383,True,272.9444173809545
RSA+AES-256,5000,2,1405,348.61399999499554,0.6609000047319569,2.933299998403527,True,272.9444173809545
RSA+AES-256,5000,2,1406,1202.882800003863,0.6670000002486631,2.913699994678609,True,272.9444173809545
RSA+AES-256,5000,2,1407,1545.1434000060544,0.6419999990612268,2.958500001113862,True,272.9444173809545
RSA+AES-256,5000,2,1408,624.9171000017668,0.6657999983872287,3.0205999937606975,True,272.9444173809545
RSA+AES-256,5000,2,1409,452.573399998073,0.6023999958415516,2.8986999968765303,True,272.9444173809545
RSA+AES-256,5000,2,1410,250.27970000519417,0.607599999057129,3.028999999514781,True,272.9444173809545
RSA+AES-256,5000,2,1411,345.6478000007337,0.6640999999945052,2.947399996628519,True,272.9444173809545
RSA+AES-256,5000,2,1412,479.18870000285096,0.6549000027007423,2.870999996957835,True,272.9444173809545
RSA+AES-256,5000,2,1413,933.2557000016095,0.6657999983872287,2.9103000051691197,True,272.9444173809545
RSA+AES-256,5000,2,1414,1474.9415999976918,0.691400004143361,2.9842999938409775,True,272.9444173809545
RSA+AES-256,5000,2,1415,591.294799996831,0.6198999981279485,2.9665999973076396,True,272.9444173809545
RSA+AES-256,5000,2,1416,777.9912999976659,0.6915999983903021,3.038199996808544,True,272.9444173809545
RSA+AES-256,5000,2,1417,1013.0647999976645,0.6542000046465546,3.006100007041823,True,272.9444173809545
RSA+AES-256,5000,2,1418,1534.8603000020375,0.7086999976309016,2.9511000029742718,True,272.9444173809545
RSA+AES-256,5000,2,1419,1050.291699997615,0.6694999974570237,3.012799999851268,True,272.9444173809545
RSA+AES-256,5000,2,1420,116.08020000130637,0.6418999982997775,2.961599995614961,True,272.9444173809545
RSA+AES-256,5000,2,1421,455.39629999984754,0.6423999948310666,2.8995999964536168,True,272.9444173809545
RSA+AES-256,5000,2,1422,551.9176000016159,0.6705999985570088,2.9471000016201288,True,272.9444173809545
RSA+AES-256,5000,2,1423,500.61299999651965,0.6709000008413568,2.965599996969104,True,272.9444173809545
RSA+AES-256,5000,2,1424,1833.7877000012668,0.655100004223641,2.9144000000087544,True,272.9444173809545
RSA+AES-256,5000,2,1425,493.74710000120103,0.6466999984695576,2.929700000095181,True,272.9444173809545
RSA+AES-256,5000,2,1426,617.815999998129,0.6810000049881637,3.300399999716319,True,272.9444173809545
RSA+AES-256,5000,2,1427,221.94480000325711,0.632999996014405,2.9425000029732473,True,272.9444173809545
RSA+AES-256,5000,2,1428,450.26050000160467,0.6526000070152804,2.9020000001764856,True,272.9444173809545
RSA+AES-256,5000,2,1429,750.8473999987473,0.8783999946899712,2.957199998490978,True,272.9444173809545
RSA+AES-256,5000,2,1430,142.9640999995172,0.6620999993174337,2.9636999970534816,True,272.9444173809545
RSA+AES-256,5000,2,1431,372.8701000000001,0.6577000021934509,2.882200002204627,True,272.9444173809545
RSA+AES-256,5000,2,1432,276.27980000397656,0.6693999966955744,2.9651000004378147,True,272.9444173809545
RSA+AES-256,5000,2,1433,240.36879999766825,0.6367999958456494,2.9001000002608635,True,272.9444173809545
RSA+AES-256,5000,2,1434,764.0973999950802,0.651100002869498,2.9311000034795143,True,272.9444173809545
RSA+AES-256,5000,2,1435,864.4683999955305,0.6521999966935255,2.8718999965349212,True,272.9444173809545
RSA+AES-256,5000,2,1436,397.35649999784073,0.6454999966081232,2.8535999954328872,True,272.9444173809545
RSA+AES-256,5000,2,1437,1203.5168000002159,0.6626999966101721,2.897099999245256,True,272.9444173809545
RSA+AES-256,5000,2,1438,1501.2275999979465,0.6632000004174188,2.888299997721333,True,272.9444173809545
RSA+AES-256,5000,2,1439,349.3806999977096,0.65080000058515,2.918999998655636,True,272.9444173809545
RSA+AES-256,5000,2,1440,1029.5890999987023,0.6598999971174635,2.9243999961181544,True,272.9444173809545
RSA+AES-256,5000,2,1441,446.5295000045444,0.6838000044808723,2.9012000013608485,True,272.9444173809545
RSA+AES-256,5000,2,1442,635.052400000859,0.6743000049027614,2.8880000027129427,True,272.9444173809545
RSA+AES-256,5000,2,1443,1145.5311000026995,0.7502000007661991,3.0660000047646463,True,272.9444173809545
RSA+AES-256,5000,2,1444,263.93839999946067,0.6568999961018562,2.9966000001877546,True,272.9444173809545
RSA+AES-256,5000,2,1445,114.57760000484996,0.6387000030372292,2.9788000028929673,True,272.9444173809545
RSA+AES-256,5000,2,1446,1058.6857000016607,0.6751999972038902,2.968100001453422,True,272.9444173809545
RSA+AES-256,5000,2,1447,1073.0846999940695,0.67710000439547,2.986400002555456,True,272.9444173809545
RSA+AES-256,5000,2,1448,935.6110999942757,0.6304999988060445,3.0049999986658804,True,272.9444173809545
RSA+AES-256,5000,2,1449,370.69530000007944,0.6493000037153251,2.9062000030535273,True,272.9444173809545
RSA+AES-256,5000,2,1450,291.25610000482993,0.6747000006726012,2.933399999164976,True,272.9444173809545
RSA+AES-256,5000,2,1451,1451.4505000042845,0.6424000021070242,2.867900002456736,True,272.9444173809545
RSA+AES-256,5000,2,1452,1238.3457999967504,0.6590999983018264,2.910900002461858,True,272.9444173809545
RSA+AES-256,5000,2,1453,585.4294999953709,0.6788000027881935,2.902400003222283,True,272.9444173809545
RSA+AES-256,5000,2,1454,277.3068000024068,0.6797999958507717,2.961899997899309,True,272.9444173809545
RSA+AES-256,5000,2,1455,932.6696999996784,0.6076999998185784,2.969200002553407,True,272.9444173809545
RSA+AES-256,5000,2,1456,1125.159100003657,0.6179999982123263,2.994900001795031,True,272.9444173809545
RSA+AES-256,5000,2,1457,279.10919999703765,0.6604999944102019,2.984699996886775,True,272.9444173809545
RSA+AES-256,5000,2,1458,1890.8278999952017,0.7392000043182634,3.7908000012976117,True,272.9444173809545
RSA+AES-256,5000,2,1459,555.2352000013343,0.7524000029661693,3.3999000006588176,True,272.9444173809545
RSA+AES-256,5000,2,1460,122.19009999535047,0.716199996531941,3.281299999798648,True,272.9444173809545
RSA+AES-256,5000,2,1461,479.04380000545643,0.6998000026214868,3.068199999688659,True,272.9444173809545
RSA+AES-256,5000,2,1462,934.3793000007281,0.6140000041341409,2.945300002465956,True,272.9444173809545
RSA+AES-256,5000,2,1463,71.32880000426667,0.6375999946612865,2.959600002213847,True,272.9444173809545
RSA+AES-256,5000,2,1464,1140.3556000004755,0.6686999986413866,3.129400000034366,True,272.9444173809545
RSA+AES-256,5000,2,1465,1230.6051000050502,0.6375000011757948,3.0377000002772547,True,272.9444173809545
RSA+AES-256,5000,2,1466,3310.253499999817,0.6680000005871989,2.873500001442153,True,272.9444173809545
RSA+AES-256,5000,2,1467,684.3394000025,0.6866999974590726,2.943200001027435,True,272.9444173809545
RSA+AES-256,5000,2,1468,348.38780000427505,0.7086999976309016,3.0690999992657453,True,272.9444173809545
RSA+AES-256,5000,2,1469,562.7849000011338,0.6065999987185933,3.0868999965605326,True,272.9444173809545
RSA+AES-256,5000,2,1470,2106.7261999996845,0.6678999998257495,3.425200004130602,True,272.9444173809545
RSA+AES-256,5000,2,1471,300.51860000094166,0.646799999231007,2.9355999940889888,True,272.9444173809545
RSA+AES-256,5000,2,1472,737.7175000001444,0.6821999995736405,2.9807000028085895,True,272.9444173809545
RSA+AES-256,5000,2,1473,789.9890000044252,0.6786000012652948,3.0126999990898184,True,272.9444173809545
RSA+AES-256,5000,2,1474,760.1902999958838,0.6662999949185178,3.053500004170928,True,272.9444173809545
RSA+AES-256,5000,2,1475,160.3183999977773,0.6549000027007423,2.9840000061085448,True,272.9444173809545
RSA+AES-256,5000,2,1476,545.9277999980259,0.6461000011768192,2.9180999990785494,True,272.9444173809545
RSA+AES-256,5000,2,1477,838.5224000012386,0.6624999950872734,2.9100999963702634,True,272.9444173809545
RSA+AES-256,5000,2,1478,591.5748000043095,0.6511999963549897,2.8755000021192245,True,272.9444173809545
RSA+AES-256,5000,2,1479,810.3938999993261,0.6645000030403025,2.8938000032212585,True,272.9444173809545
RSA+AES-256,5000,2,1480,1078.9724999995087,0.6315999999060296,2.9638999985763803,True,272.9444173809545
RSA+AES-256,5000,2,1481,759.8046999992221,0.6740999961039051,3.0761999951209873,True,272.9444173809545
RSA+AES-256,5000,2,1482,330.1504999981262,0.6892000019433908,2.935800002887845,True,272.9444173809545
RSA+AES-256,5000,2,1483,701.3192000013078,0.6640999999945052,2.9084999987389892,True,272.9444173809545
RSA+AES-256,5000,2,1484,1007.6938000056543,0.6571999983862042,3.0394999994314276,True,272.9444173809545
RSA+AES-256,5000,2,1485,679.0053000004264,0.6884000031277537,2.9818999973940663,True,272.9444173809545
RSA+AES-256,5000,2,1486,810.7834000038565,0.672499998472631,2.9176000025472604,True,272.9444173809545
RSA+AES-256,5000,2,1487,1620.3735000017332,0.6711999958497472,2.983500002301298,True,272.9444173809545
RSA+AES-256,5000,2,1488,646.5907000019797,0.6680000005871989,3.0556999990949407,True,272.9444173809545
RSA+AES-256,5000,2,1489,573.3274000012898,0.6325000067590736,3.0060999997658655,True,272.9444173809545
RSA+AES-256,5000,2,1490,546.8977999989875,0.6747000006726012,2.9242000018712133,True,272.9444173809545
RSA+AES-256,5000,2,1491,2034.3246000047657,0.6627999973716214,2.9580999980680645,True,272.9444173809545
RSA+AES-256,5000,2,1492,694.2429999980959,0.6735999995726161,3.1398000064655207,True,272.9444173809545
RSA+AES-256,5000,2,1493,1358.3360999982688,0.6331999975373037,2.9808999970555305,True,272.9444173809545
RSA+AES-256,5000,2,1494,738.5854999956791,0.6802999996580184,2.9887000055168755,True,272.9444173809545
RSA+AES-256,5000,2,1495,970.7980000021053,0.6757000010111369,3.015199996298179,True,272.9444173809545
RSA+AES-256,5000,2,1496,523.2052999999723,0.6377999961841851,2.9800999982398935,True,272.9444173809545
RSA+AES-256,5000,2,1497,1028.3496999982162,0.6278000000747852,3.104199997324031,True,272.9444173809545
RSA+AES-256,5000,2,1498,1134.2278999945847,0.6197999973664992,2.9911999954492785,True,272.9444173809545
RSA+AES-256,5000,2,1499,483.2739000048605,0.6343999993987381,2.9991999981575646,True,272.9444173809545
RSA+AES-256,5000,2,1500,301.9849999982398,0.6353999997372739,2.9685000044992194,True,272.9444173809545
RSA+AES-256,5000,2,1501,827.7230000021518,0.7107999990694225,2.8994000022066757,True,272.9444173809545
RSA+AES-256,5000,2,1502,449.62590000068303,0.6599999978789128,2.9352999990805984,True,272.9444173809545
RSA+AES-256,5000,2,1503,760.963199994876,0.6462999954237603,2.958299999590963,True,272.9444173809545
RSA+AES-256,5000,2,1504,1054.061000002548,0.6598999971174635,3.36770000285469,True,272.9444173809545
RSA+AES-256,5000,2,1505,1222.9095000002417,0.665100000333041,2.969399996800348,True,272.9444173809545
RSA+AES-256,5000,2,1506,743.5310999935609,0.7995999985723756,2.954800002044067,True,272.9444173809545
RSA+AES-256,5000,2,1507,342.1474999995553,0.6990999972913414,2.954100003989879,True,272.9444173809545
RSA+AES-256,5000,2,1508,494.89209999592276,0.6735999995726161,2.90839999797754,True,272.9444173809545
RSA+AES-256,5000,2,1509,1525.0310999981593,0.6231999941519462,2.9871000006096438,True,272.9444173809545
RSA+AES-256,5000,2,1510,555.6962999980897,0.6617999970330857,2.9964000059408136,True,272.9444173809545
RSA+AES-256,5000,2,1511,782.4790000013309,0.6425999963539653,2.8965000019525178,True,272.9444173809545
RSA+AES-256,5000,2,1512,450.5723000038415,0.7014999937382527,2.9961999971419573,True,272.9444173809545
RSA+AES-256,5000,2,1513,50.851200001488905,0.5971999999019317,2.910299997893162,True,272.9444173809545
RSA+AES-256,5000,2,1514,973.2043000039994,0.6586999952560291,2.969900000607595,True,272.9444173809545
RSA+AES-256,5000,2,1515,750.1959000001079,0.6442999947466888,2.90099999983795,True,272.9444173809545
RSA+AES-256,5000,2,1516,415.5232999983127,0.6657999983872287,3.2396999959019013,True,272.9444173809545
RSA+AES-256,5000,2,1517,891.5209999977378,0.672199996188283,2.9854000022169203,True,272.9444173809545
RSA+AES-256,5000,2,1518,422.47219999990193,0.7172999976319261,3.0219999971450306,True,272.9444173809545
RSA+AES-256,5000,2,1519,127.98379999730969,0.6062999964342453,2.9722000035690144,True,272.9444173809545
RSA+AES-256,5000,2,1520,1220.8535999961896,0.6310000026132911,2.9055999984848313,True,272.9444173809545
RSA+AES-256,5000,2,1521,686.5401999966707,0.6542999981320463,2.8796999977203086,True,272.9444173809545
RSA+AES-256,5000,2,1522,953.0247000002419,0.6888999996590428,2.890899995691143,True,272.9444173809545
RSA+AES-256,5000,2,1523,727.0717999999761,0.6517000001622364,2.8931999986525625,True,272.9444173809545
RSA+AES-256,5000,2,1524,238.3577000000514,0.6403000006685033,2.86469999991823,True,272.9444173809545
RSA+AES-256,5000,2,1525,637.8566999992472,0.6514999986393377,2.8997999979765154,True,272.9444173809545
RSA+AES-256,5000,2,1526,654.4194000016432,0.6598999971174635,2.883000001020264,True,272.9444173809545
RSA+AES-256,5000,2,1527,1129.5222000044305,0.6400999991456047,2.9958999948576093,True,272.9444173809545
RSA+AES-256,5000,2,1528,461.9373000023188,0.6441000004997477,3.014399997482542,True,272.9444173809545
RSA+AES-256,5000,2,1529,1131.5402999971411,0.6745999999111518,2.9744999992544763,True,272.9444173809545
RSA+AES-256,5000,2,1530,475.0438000046415,0.643599996692501,2.8612000023713335,True,272.9444173809545
RSA+AES-256,5000,2,1531,712.4543999962043,0.6875000035506673,2.972999995108694,True,272.9444173809545
RSA+AES-256,5000,2,1532,1101.1975000001257,0.6655000033788383,2.912099997047335,True,272.9444173809545
RSA+AES-256,5000,2,1533,985.2370000007795,0.5998000051476993,2.9467999993357807,True,272.9444173809545
RSA+AES-256,5000,2,1534,283.779899997171,0.6892000019433908,2.9881999944336712,True,272.9444173809545
RSA+AES-256,5000,2,1535,1957.1964999995544,0.6534999993164092,2.874600002542138,True,272.9444173809545
RSA+AES-256,5000,2,1536,772.0486000034725,0.6468000065069646,2.9031000012764707,True,272.9444173809545
RSA+AES-256,5000,2,1537,636.1952999941423,0.684200000250712,2.976299998408649,True,272.9444173809545
RSA+AES-256,5000,2,1538,899.5359999971697,0.6665999972028658,3.1553000007988885,True,272.9444173809545
RSA+AES-256,5000,2,1539,1333.0867999975453,0.70189999678405,2.9054000042378902,True,272.9444173809545
RSA+AES-256,5000,2,1540,87.43030000186991,0.6136999945738353,2.9037999993306585,True,272.9444173809545
RSA+AES-256,5000,2,1541,1382.5196999969194,0.6275999985518865,2.981900004670024,True,272.9444173809545
RSA+AES-256,5000,2,1542,130.14779999502935,0.6291999961831607,2.970899993670173,True,272.9444173809545
RSA+AES-256,5000,2,1543,764.2888999980642,0.6666999979643151,3.277299998444505,True,272.9444173809545
RSA+AES-256,5000,2,1544,443.2698000018718,0.6425000028684735,3.012799999851268,True,272.9444173809545
RSA+AES-256,5000,2,1545,156.56929999386193,0.5878000010852702,2.8988000049139373,True,272.9444173809545
RSA+AES-256,5000,2,1546,990.4106999965734,0.6506999998237006,3.1247999941115268,True,272.9444173809545
RSA+AES-256,5000,2,1547,765.0219999995898,0.6858999986434355,2.9025000039837323,True,272.9444173809545
RSA+AES-256,5000,2,1548,1211.9593000024906,0.650999994832091,2.8491999983089045,True,272.9444173809545
RSA+AES-256,5000,2,1549,676.6069000004791,0.6818000038038008,3.25689999590395,True,272.9444173809545
RSA+AES-256,5000,2,1550,508.97019999683835,0.6767999948351644,2.937600002042018,True,272.9444173809545
RSA+AES-256,5000,2,1551,585.5214000039268,0.6843000010121614,2.98320000001695,True,272.9444173809545
RSA+AES-256,5000,2,1552,288.41709999687737,0.6529000020236708,2.9419999991660006,True,272.9444173809545
RSA+AES-256,5000,2,1553,202.28489999863086,0.6245999975362793,2.861400003894232,True,272.9444173809545
RSA+AES-256,5000,2,1554,394.2393999968772,0.6998999961069785,2.9065000053378753,True,272.9444173809545
RSA+AES-256,5000,2,1555,138.5593000013614,0.6346999944071285,2.8904999999213032,True,272.9444173809545
RSA+AES-256,5000,2,1556,1195.1239999980316,0.6797999958507717,2.97359999967739,True,272.9444173809545
RSA+AES-256,5000,2,1557,761.2092999988818,0.6525000062538311,2.917199999501463,True,272.9444173809545
RSA+AES-256,5000,2,1558,872.9330000060145,0.7436000014422461,2.979199998662807,True,272.9444173809545
RSA+AES-256,5000,2,1559,1361.072299994703,0.6804000004194677,2.9214999958639964,True,272.9444173809545
RSA+AES-256,5000,2,1560,560.872100002598,0.6595000013476238,2.906599998823367,True,272.9444173809545
RSA+AES-256,5000,2,1561,320.36430000152905,0.6623999943258241,2.877800005080644,True,272.9444173809545
RSA+AES-256,5000,2,1562,904.6333000005689,0.6524999989778735,2.980199999001343,True,272.9444173809545
RSA+AES-256,5000,2,1563,328.94089999899734,0.6730999957653694,2.9304999989108182,True,272.9444173809545
RSA+AES-256,5000,2,1564,344.5891000010306,0.6719000011798926,2.926399996795226,True,272.9444173809545
RSA+AES-256,5000,2,1565,1158.327899996948,0.6993999995756894,3.1649000011384487,True,272.9444173809545
RSA+AES-256,5000,2,1566,99.1005000032601,0.6017999985488132,3.0387000006157905,True,272.9444173809545
RSA+AES-256,5000,2,1567,664.1941999987466,0.6806999954278581,3.0046999963815324,True,272.9444173809545
RSA+AES-256,5000,2,1568,355.95029999967664,0.683400001435075,2.985300001455471,True,272.9444173809545
RSA+AES-256,5000,2,1569,471.3375999999698,0.6226999976206571,3.010300002642907,True,272.9444173809545
RSA+AES-256,5000,2,1570,1180.7084000029135,0.7121000016923063,2.911700001277495,True,272.9444173809545
RSA+AES-256,5000,2,1571,119.63359999936074,0.716199996531941,3.0375999995158054,True,272.9444173809545
RSA+AES-256,5000,2,1572,437.236000005214,0.6950000024517067,2.9979000028106384,True,272.9444173809545
RSA+AES-256,5000,2,1573,388.9830999978585,0.702000004821457,3.040200004761573,True,272.9444173809545
RSA+AES-256,5000,2,1574,494.18729999888455,0.6773999994038604,2.8773000012733974,True,272.9444173809545
RSA+AES-256,5000,2,1575,863.0954000036581,0.6827999968663789,2.866100003302563,True,272.9444173809545
RSA+AES-256,5000,2,1576,562.0681000000332,0.7066999969538301,2.944800005934667,True,272.9444173809545
RSA+AES-256,5000,2,1577,336.140899999009,0.632199997198768,2.9558000023826025,True,272.9444173809545
RSA+AES-256,5000,2,1578,1192.3528999977862,0.6744999991497025,2.973299997393042,True,272.9444173809545
RSA+AES-256,5000,2,1579,234.33370000566356,0.5959000045550056,2.998999996634666,True,272.9444173809545
RSA+AES-256,5000,2,1580,297.3582000049646,0.6811999992351048,3.060800001549069,True,272.9444173809545
RSA+AES-256,5000,2,1581,835.1156999997329,0.6391999995685183,2.8881999969598837,True,272.9444173809545
RSA+AES-256,5000,2,1582,270.78529999562306,0.6874999962747097,3.0570000017178245,True,272.9444173809545
RSA+AES-256,5000,2,1583,433.01630000496516,0.644800005829893,2.924899999925401,True,272.9444173809545
RSA+AES-256,5000,2,1584,548.9013999977033,0.6678000063402578,2.9601999995065853,True,272.9444173809545
RSA+AES-256,5000,2,1585,288.8357999981963,0.6971999973757192,2.9997000019648112,True,272.9444173809545
RSA+AES-256,5000,2,1586,296.36069999833126,0.6896999984746799,2.9184000013628975,True,272.9444173809545
RSA+AES-256,5000,2,1587,783.1073000052129,0.7083000018610619,3.0172999977367,True,272.9444173809545
RSA+AES-256,5000,2,1588,1091.355399999884,0.6613000005017966,2.9237000053399242,True,272.9444173809545
RSA+AES-256,5000,2,1589,1059.8623999976553,0.6947000001673587,2.979500000947155,True,272.9444173809545
RSA+AES-256,5000,2,1590,1567.8187000012258,0.6939000013517216,2.8697000016109087,True,272.9444173809545
RSA+AES-256,5000,2,1591,688.5976999983541,0.6611999997403473,3.013200002897065,True,272.9444173809545
RSA+AES-256,5000,2,1592,434.8145999974804,0.6731999965268187,3.0630999972345307,True,272.9444173809545
RSA+AES-256,5000,2,1593,1485.8824999973876,0.6604000009247102,2.86469999991823,True,272.9444173809545
RSA+AES-256,5000,2,1594,224.9253999980283,0.672499998472631,2.9576000015367754,True,272.9444173809545
RSA+AES-256,5000,2,1595,724.1474999973434,0.6558000022778288,2.9673999961232767,True,272.9444173809545
RSA+AES-256,5000,2,1596,454.4116000033682,0.6682000021100976,3.09689999994589,True,272.9444173809545
RSA+AES-256,5000,2,1597,524.8052000024472,0.6709999943268485,2.99539999832632,True,272.9444173809545
RSA+AES-256,5000,2,1598,78.45269999961602,0.6164000005810522,2.9304000054253265,True,272.9444173809545
RSA+AES-256,5000,2,1599,666.1540999994031,0.6570999976247549,2.9757000011159107,True,272.9444173809545
RSA+AES-256,5000,2,1600,765.132900000026,0.6909000003361143,2.8879000019514933,True,272.9444173809545
RSA+AES-256,5000,2,1601,159.20039999764413,0.691100001859013,2.944500003650319,True,272.9444173809545
RSA+AES-256,5000,2,1602,627.6183000009041,0.713100002030842,3.02430000010645,True,272.9444173809545
RSA+AES-256,5000,2,1603,309.4496999983676,0.6153000067570247,2.9622999936691485,True,272.9444173809545
RSA+AES-256,5000,2,1604,470.12639999593375,0.6500999952550046,2.9367000024649315,True,272.9444173809545
RSA+AES-256,5000,2,1605,1017.7490999994916,0.6726999999955297,2.9400999992503785,True,272.9444173809545
RSA+AES-256,5000,2,1606,514.3951999998535,0.6536000000778586,2.9118999955244362,True,272.9444173809545
RSA+AES-256,5000,2,1607,400.8675000004587,0.6461000011768192,2.917199999501463,True,272.9444173809545
RSA+AES-256,5000,2,1608,668.4758000046713,0.6848000048194081,2.9864999960409477,True,272.9444173809545
RSA+AES-256,5000,2,1609,628.9453999997932,0.6745000064256601,2.8939999974681996,True,272.9444173809545
RSA+AES-256,5000,2,1610,481.14650000206893,0.6680000005871989,2.8891999972984195,True,272.9444173809545
RSA+AES-256,5000,2,1611,261.86299999972107,0.6400999991456047,2.945799998997245,True,272.9444173809545
RSA+AES-256,5000,2,1612,594.401199996355,0.6947000001673587,2.9834000015398487,True,272.9444173809545
RSA+AES-256,5000,2,1613,725.2563000001828,0.6751000037183985,2.921599996625446,True,272.9444173809545
RSA+AES-256,5000,2,1614,1032.4343999964185,0.6618000043090433,2.9030000005150214,True,272.9444173809545
RSA+AES-256,5000,2,1615,229.82130000309553,0.6333999990602024,2.9785000006086193,True,272.9444173809545
RSA+AES-256,5000,2,1616,749.7257000068203,0.7173999983933754,2.928900001279544,True,272.9444173809545
RSA+AES-256,5000,2,1617,836.0323000015342,0.6444999962695874,2.891199997975491,True,272.9444173809545
RSA+AES-256,5000,2,1618,590.6119999999646,0.6752000044798478,2.9966000001877546,True,272.9444173809545
RSA+AES-256,5000,2,1619,176.5912999981083,0.6465000042226166,2.8850000016973354,True,272.9444173809545
RSA+AES-256,5000,2,1620,270.1409000001149,0.661599995510187,2.972599999338854,True,272.9444173809545
RSA+AES-256,5000,2,1621,597.2077999977046,0.6802999996580184,2.983500002301298,True,272.9444173809545
RSA+AES-256,5000,2,1622,795.9836000009091,0.6730000022798777,3.565899998648092,True,272.9444173809545
RSA+AES-256,5000,2,1623,960.1534999965224,0.6670999937341549,2.8707000019494444,True,272.9444173809545
RSA+AES-256,5000,2,1624,871.1661999986973,0.6665000037173741,2.955399999336805,True,272.9444173809545
RSA+AES-256,5000,2,1625,326.1354999995092,0.6553999992320314,2.896800004236866,True,272.9444173809545
RSA+AES-256,5000,2,1626,512.142199993832,0.6950000024517067,3.073600004427135,True,272.9444173809545
RSA+AES-256,5000,2,1627,227.67130000283942,0.6714999981340952,3.2100999960675836,True,272.9444173809545
RSA+AES-256,5000,2,1628,629.8730999988038,0.6697999997413717,2.9678999999305233,True,272.9444173809545
RSA+AES-256,5000,2,1629,353.4399999989546,0.7228999966173433,2.9140000042389147,True,272.9444173809545
RSA+AES-256,5000,2,1630,1143.6238999958732,0.6800999981351197,3.0039999983273447,True,272.9444173809545
RSA+AES-256,5000,2,1631,418.71959999843966,0.6743999983882532,3.001899996888824,True,272.9444173809545
RSA+AES-256,5000,2,1632,155.77650000341237,0.6424999955925159,2.9639999993378296,True,272.9444173809545
RSA+AES-256,5000,2,1633,320.1534999971045,0.6576000014320016,2.9882999951951206,True,272.9444173809545
RSA+AES-256,5000,2,1634,518.02730000054,0.687700005073566,2.9042999958619475,True,272.9444173809545
RSA+AES-256,5000,2,1635,1260.6640000012703,0.6722999969497323,3.4969000043929555,True,272.9444173809545
RSA+AES-256,5000,2,1636,395.804899999348,0.6690000009257346,2.889799994591158,True,272.9444173809545
RSA+AES-256,5000,2,1637,291.50030000164406,0.6381999992299825,2.863399997295346,True,272.9444173809545
RSA+AES-256,5000,2,1638,1497.6339999993797,0.6486999991466291,2.863699999579694,True,272.9444173809545
RSA+AES-256,5000,2,1639,1844.2906999989646,0.6633000011788681,2.9037999993306585,True,272.9444173809545
RSA+AES-256,5000,2,1640,1053.7373999977717,0.6759000025340356,2.9334999999264255,True,272.9444173809545
RSA+AES-256,5000,2,1641,1137.1750999969663,0.6522999974549748,2.926200002548285,True,272.9444173809545
RSA+AES-256,5000,2,1642,874.2361999975401,0.6694999974570237,2.950100002635736,True,272.9444173809545
RSA+AES-256,5000,2,1643,1066.8055999994976,0.6885999973746948,2.923799998825416,True,272.9444173809545
RSA+AES-256,5000,2,1644,265.6533999979729,0.672199996188283,2.8953000000910833,True,272.9444173809545
RSA+AES-256,5000,2,1645,658.193500006746,0.6351000047288835,2.877999999327585,True,272.9444173809545
RSA+AES-256,5000,2,1646,1124.9421000029542,0.6900000007590279,2.8795000034733675,True,272.9444173809545
RSA+AES-256,5000,2,1647,868.8908999974956,0.6186000027810223,2.9412000003503636,True,272.9444173809545
RSA+AES-256,5000,2,1648,153.68369999487186,0.6224999960977584,2.910100003646221,True,272.9444173809545
RSA+AES-256,5000,2,1649,656.1552000057418,0.6701000020257197,2.9345000002649613,True,272.9444173809545
RSA+AES-256,5000,2,1650,749.7311999977683,0.654499999654945,2.9026999982306734,True,272.9444173809545
RSA+AES-256,5000,2,1651,112.7766000063275,0.6455999973695725,2.899699997215066,True,272.9444173809545
RSA+AES-256,5000,2,1652,1185.9764999971958,0.6966000000829808,2.9724999985774048,True,272.9444173809545
RSA+AES-256,5000,2,1653,1627.3693000039202,0.6726000065100379,2.9789000036544167,True,272.9444173809545
RSA+AES-256,5000,2,1654,812.7550999997766,0.6433999951696023,2.9341999979806133,True,272.9444173809545
RSA+AES-256,5000,2,1655,134.2304999998305,0.6500000017695129,2.958199998829514,True,272.9444173809545
RSA+AES-256,5000,2,1656,702.5296000065282,0.6592999998247251,2.912700001616031,True,272.9444173809545
RSA+AES-256,5000,2,1657,458.8938999950187,0.669100001687184,2.912700001616031,True,272.9444173809545
RSA+AES-256,5000,2,1658,767.5937999956659,0.6766000005882233,2.899999999499414,True,272.9444173809545
RSA+AES-256,5000,2,1659,307.48310000490164,0.6604999944102019,2.8598999997484498,True,272.9444173809545
RSA+AES-256,5000,2,1660,544.8552000016207,0.6315999999060296,2.9570999977295287,True,272.9444173809545
RSA+AES-256,5000,2,1661,748.2935999942129,0.6194999950821511,2.9496999995899387,True,272.9444173809545
RSA+AES-256,5000,2,1662,620.19980000332,0.6611999997403473,2.9104999994160607,True,272.9444173809545
RSA+AES-256,5000,2,1663,1879.767600003106,0.7001999983913265,3.2871999937924556,True,272.9444173809545
RSA+AES-256,5000,2,1664,2738.233100004436,0.7669000042369589,3.540099998645019,True,272.9444173809545
RSA+AES-256,5000,2,1665,526.4121000000159,0.7696999964537099,3.3790000015869737,True,272.9444173809545
RSA+AES-256,5000,2,1666,705.100000006496,0.6955999997444451,3.1524000005447306,True,272.9444173809545
RSA+AES-256,5000,2,1667,753.2962000041152,0.6532999977935106,2.944399995612912,True,272.9444173809545
RSA+AES-256,5000,2,1668,574.3916999999783,0.6656999976257794,2.95429999823682,True,272.9444173809545
RSA+AES-256,5000,2,1669,792.7492000017082,0.6376999954227358,2.8913999994983897,True,272.9444173809545
RSA+AES-256,5000,2,1670,573.0283000011696,0.6609000047319569,2.9455999974743463,True,272.9444173809545
RSA+AES-256,5000,2,1671,879.4163999991724,0.6902999957674183,2.9887999990023673,True,272.9444173809545
RSA+AES-256,5000,2,1672,268.8421999991988,0.6804000004194677,2.9536000001826324,True,272.9444173809545
RSA+AES-256,5000,2,1673,687.7359999998589,0.7570000016130507,3.3723000015015714,True,272.9444173809545
RSA+AES-256,5000,2,1674,728.20760000468,0.6553999992320314,2.9484999977285042,True,272.9444173809545
RSA+AES-256,5000,2,1675,382.70790000387933,0.6609000047319569,2.9836000030627474,True,272.9444173809545
RSA+AES-256,5000,2,1676,537.8511999952025,0.6563000060850754,2.896799996960908,True,272.9444173809545
RSA+AES-256,5000,2,1677,1437.3168000020087,0.6862999944132753,2.966199994261842,True,272.9444173809545
RSA+AES-256,5000,2,1678,1309.677899997041,0.6816999957663938,3.052799998840783,True,272.9444173809545
RSA+AES-256,5000,2,1679,499.1474999987986,0.7026000021141954,2.9786000013700686,True,272.9444173809545
RSA+AES-256,5000,2,1680,1040.0129999979981,0.6732999972882681,2.966300002299249,True,272.9444173809545
RSA+AES-256,5000,2,1681,330.4418999978225,0.7191000040620565,3.1435000055353157,True,272.9444173809545
RSA+AES-256,5000,2,1682,580.2611999970395,0.6645000030403025,2.9429999995045364,True,272.9444173809545
RSA+AES-256,5000,2,1683,241.1290999953053,0.6429999993997626,2.9103000051691197,True,272.9444173809545
RSA+AES-256,5000,2,1684,461.374500002421,0.6575000006705523,2.8692000050796196,True,272.9444173809545
RSA+AES-256,5000,2,1685,555.5230000027223,0.6647999980486929,2.899800005252473,True,272.9444173809545
RSA+AES-256,5000,2,1686,743.803499994101,0.6763999990653247,2.924100001109764,True,272.9444173809545
RSA+AES-256,5000,2,1687,2841.819300003408,0.650499998300802,2.9562999989138916,True,272.9444173809545
RSA+AES-256,5000,2,1688,962.4511000001803,0.6648999988101423,2.8960999989067204,True,272.9444173809545
RSA+AES-256,5000,2,1689,1082.8588000003947,0.6119999961811118,2.952899994852487,True,272.9444173809545
RSA+AES-256,5000,2,1690,814.4529999990482,0.6712000031257048,2.955299998575356,True,272.9444173809545
RSA+AES-256,5000,2,1691,723.9824999996927,0.6777000016882084,3.0101000011200085,True,272.9444173809545
RSA+AES-256,5000,2,1692,1301.7958999989787,0.7118000066839159,3.032500004337635,True,272.9444173809545
RSA+AES-256,5000,2,1693,476.52210000524065,0.6841000067652203,2.900799998315051,True,272.9444173809545
RSA+AES-256,5000,2,1694,848.7679000027128,0.6873999955132604,2.974300005007535,True,272.9444173809545
RSA+AES-256,5000,2,1695,44.88800000399351,0.5779999992228113,2.9238999995868653,True,272.9444173809545
RSA+AES-256,5000,2,1696,782.7023999998346,0.6778000024496578,3.206499997759238,True,272.9444173809545
RSA+AES-256,5000,2,1697,692.7027999990969,0.6439999997382984,2.9590999984066,True,272.9444173809545
RSA+AES-256,5000,2,1698,637.0626999996603,0.6615000020246953,2.9584000003524125,True,272.9444173809545
RSA+AES-256,5000,2,1699,242.62260000250535,0.6041999949957244,2.965899999253452,True,272.9444173809545
RSA+AES-256,5000,2,1700,83.57840000098804,0.610800001595635,2.9530999963753857,True,272.9444173809545
RSA+AES-256,5000,2,1701,805.8309999978519,0.6907000060891733,3.247900000133086,True,272.9444173809545
RSA+AES-256,5000,2,1702,573.2838000039919,0.6754999994882382,3.0240000050980598,True,272.9444173809545
RSA+AES-256,5000,2,1703,627.7828000020236,0.6796000016038306,3.042500000447035,True,272.9444173809545
RSA+AES-256,5000,2,1704,946.1568999977317,0.7565999985672534,3.060299997741822,True,272.9444173809545
RSA+AES-256,5000,2,1705,326.9371999995201,0.6567000018549152,2.968100001453422,True,272.9444173809545
RSA+AES-256,5000,2,1706,373.1532000019797,0.702500001352746,3.0046000028960407,True,272.9444173809545
RSA+AES-256,5000,2,1707,1061.1619999981485,0.7096999979694374,2.994100002979394,True,272.9444173809545
RSA+AES-256,5000,2,1708,906.4406999968924,0.6677999990643002,2.986100000271108,True,272.9444173809545
RSA+AES-256,5000,2,1709,1298.2795999996597,0.6797999958507717,2.9643999951076694,True,272.9444173809545
RSA+AES-256,5000,2,1710,631.3867999997456,0.6791000050725415,2.9426000037346967,True,272.9444173809545
RSA+AES-256,5000,2,1711,464.09480000147596,0.6836999964434654,3.006699997058604,True,272.9444173809545
RSA+AES-256,5000,2,1712,543.6971000017365,0.6922999964444898,2.917699996032752,True,272.9444173809545
RSA+AES-256,5000,2,1713,390.43450000463054,0.6596000021090731,2.950299996882677,True,272.9444173809545
RSA+AES-256,5000,2,1714,719.2801999990479,0.6843000010121614,2.928999994765036,True,272.9444173809545
RSA+AES-256,5000,2,1715,432.36310000065714,0.6917999999132007,3.0222999994293787,True,272.9444173809545
RSA+AES-256,5000,2,1716,181.68209999566898,0.6663000021944754,3.2470000005559996,True,272.9444173809545
RSA+AES-256,5000,2,1717,550.5520000006072,0.6380999984685332,3.0431999985012226,True,272.9444173809545
RSA+AES-256,5000,2,1718,848.3531000019866,0.6789000035496429,3.00539999443572,True,272.9444173809545
RSA+AES-256,5000,2,1719,540.628700000525,0.6588999967789277,2.8708000027108938,True,272.9444173809545
RSA+AES-256,5000,2,1720,733.2737000033376,0.687599997036159,2.9529000021284446,True,272.9444173809545
RSA+AES-256,5000,2,1721,1838.9353999955347,0.6473000030382536,2.842499998223502,True,272.9444173809545
RSA+AES-256,5000,2,1722,103.73989999789046,0.6372999996528961,2.9760999968857504,True,272.9444173809545
RSA+AES-256,5000,2,1723,919.552899998962,0.6922000029589981,2.986599996802397,True,272.9444173809545
RSA+AES-256,5000,2,1724,94.23580000293441,0.6462999954237603,3.026700003829319,True,272.9444173809545
RSA+AES-256,5000,2,1725,538.9168999972753,0.680199998896569,2.8938999967067502,True,272.9444173809545
RSA+AES-256,5000,2,1726,532.487399999809,0.698800002282951,2.964700004667975,True,272.9444173809545
RSA+AES-256,5000,2,1727,666.3014000005205,0.6140999976196326,3.0193999991752207,True,272.9444173809545
RSA+AES-256,5000,2,1728,971.0302000021329,0.5984000017633662,2.941799997643102,True,272.9444173809545
RSA+AES-256,5000,2,1729,795.1644000058877,0.6466999984695576,2.9847999976482242,True,272.9444173809545
RSA+AES-256,5000,2,1730,611.6511000000173,0.6706999993184581,3.040200004761573,True,272.9444173809545
RSA+AES-256,5000,2,1731,1241.5402999977232,0.6546000004163943,2.9088000010233372,True,272.9444173809545
RSA+AES-256,5000,2,1732,735.7158999948297,0.6954999989829957,3.020600001036655,True,272.9444173809545
RSA+AES-256,5000,2,1733,628.985700001067,0.7121000016923063,2.930300004663877,True,272.9444173809545
RSA+AES-256,5000,2,1734,153.9349999948172,0.5887000006623566,3.1072999991010875,True,272.9444173809545
RSA+AES-256,5000,2,1735,500.64299999939976,0.6844000017736107,2.9983999993419275,True,272.9444173809545
RSA+AES-256,5000,2,1736,886.9249999988824,0.6372999996528961,2.8615999981411733,True,272.9444173809545
RSA+AES-256,5000,2,1737,1621.7441000044346,0.6766999940737151,2.9489000007743016,True,272.9444173809545
RSA+AES-256,5000,2,1738,338.9119999992545,0.6814000007580034,2.9163999934098683,True,272.9444173809545
RSA+AES-256,5000,2,1739,489.3231999958516,0.6285999988904223,3.031200001714751,True,272.9444173809545
RSA+AES-256,5000,2,1740,356.81279999698745,0.6596999955945648,2.9404000015347265,True,272.9444173809545
RSA+AES-256,5000,2,1741,431.0212999989744,0.6827000033808872,2.937400000519119,True,272.9444173809545
RSA+AES-256,5000,2,1742,500.5671999970218,0.6721000027027912,2.8763000009348616,True,272.9444173809545
RSA+AES-256,5000,2,1743,960.4642999984208,0.7209000032162294,3.0413999993470497,True,272.9444173809545
RSA+AES-256,5000,2,1744,697.1842999992077,0.6504000048153102,2.969599998323247,True,272.9444173809545
RSA+AES-256,5000,2,1745,723.8104999996722,0.6855000028735958,2.930000002379529,True,272.9444173809545
RSA+AES-256,5000,2,1746,867.0184000002337,0.6687000059173442,2.9147000022931024,True,272.9444173809545
RSA+AES-256,5000,2,1747,1460.6860999992932,0.6136999945738353,2.9837000038241968,True,272.9444173809545
RSA+AES-256,5000,2,1748,942.9388999997173,0.6635000027017668,3.0057000039960258,True,272.9444173809545
RSA+AES-256,5000,2,1749,486.84639999555657,0.6928000002517365,2.9590999984066,True,272.9444173809545
RSA+AES-256,5000,2,1750,1815.616100000625,0.6756000002496876,2.96360000356799,True,272.9444173809545
RSA+AES-256,5000,2,1751,902.3450000022422,0.7845000000088476,2.9100999963702634,True,272.9444173809545
RSA+AES-256,5000,2,1752,136.71440000325674,0.6539000023622066,3.363000003446359,True,272.9444173809545
RSA+AES-256,5000,2,1753,1833.6874999949941,0.68710000050487,3.0542999957106076,True,272.9444173809545
RSA+AES-256,5000,2,1754,671.1957000006805,0.6809000042267144,2.9672999953618273,True,272.9444173809545
RSA+AES-256,5000,2,1755,888.880300000892,0.6819999980507419,3.3924000017577782,True,272.9444173809545
RSA+AES-256,5000,2,1756,1710.5549999978393,0.6711000023642555,2.992000001540873,True,272.9444173809545
RSA+AES-256,5000,2,1757,652.1881000007852,0.6733999980497174,2.9736000069533475,True,272.9444173809545
RSA+AES-256,5000,2,1758,781.878499998129,0.650199996016454,2.9360999978962354,True,272.9444173809545
RSA+AES-256,5000,2,1759,509.1102000005776,0.6999999968684278,3.013500005181413,True,272.9444173809545
RSA+AES-256,5000,2,1760,185.32929999491898,0.6007999982102774,2.979199998662807,True,272.9444173809545
RSA+AES-256,5000,2,1761,1322.1804999993765,0.611600000411272,2.967300002637785,True,272.9444173809545
RSA+AES-256,5000,2,1762,199.08260000374867,0.6607000032090582,2.957800003059674,True,272.9444173809545
RSA+AES-256,5000,2,1763,75.8581000045524,0.6305999995674938,2.962699996714946,True,272.9444173809545
RSA+AES-256,5000,2,1764,738.6342000027071,0.6614000012632459,3.0449999976553954,True,272.9444173809545
RSA+AES-256,5000,2,1765,238.76710000331514,0.6906999988132156,2.981300000101328,True,272.9444173809545
RSA+AES-256,5000,2,1766,607.0082000005641,0.6752999979653396,2.882000000681728,True,272.9444173809545
RSA+AES-256,5000,2,1767,1425.982799999474,0.6019000065862201,2.9375000012805685,True,272.9444173809545
RSA+AES-256,5000,2,1768,264.57709999522194,0.7039999982225709,2.9192000001785345,True,272.9444173809545
RSA+AES-256,5000,2,1769,142.49479999853065,0.6056999991415069,2.8918999960296787,True,272.9444173809545
RSA+AES-256,5000,2,1770,912.041900002805,0.6892000019433908,2.9279000009410083,True,272.9444173809545
RSA+AES-256,5000,2,1771,199.12720000138506,0.6685999978799373,2.96429999434622,True,272.9444173809545
RSA+AES-256,5000,2,1772,1031.8368999942322,0.6481000018538907,2.8821000014431775,True,272.9444173809545
RSA+AES-256,5000,2,1773,1176.5175000036834,0.6553000057465397,3.2062000027508475,True,272.9444173809545
RSA+AES-256,5000,2,1774,533.6068000033265,0.6791999985580333,3.012400004081428,True,272.9444173809545
RSA+AES-256,5000,2,1775,597.5192000041716,0.6562999988091178,2.9863000017940067,True,272.9444173809545
RSA+AES-256,5000,2,1776,654.6840000009979,0.6425999963539653,2.890899995691143,True,272.9444173809545
RSA+AES-256,5000,2,1777,335.0512000033632,0.6775000001653098,2.9457000055117533,True,272.9444173809545
RSA+AES-256,5000,2,1778,151.10640000057174,0.6245000040507875,2.9673999961232767,True,272.9444173809545
RSA+AES-256,5000,2,1779,316.59750000108033,0.6452000015997328,2.8615000046556816,True,272.9444173809545
RSA+AES-256,5000,2,1780,1041.224799999327,0.6665000037173741,2.898299993830733,True,272.9444173809545
RSA+AES-256,5000,2,1781,669.2040999987512,0.6902000022819266,2.9824999946868047,True,272.9444173809545
RSA+AES-256,5000,2,1782,622.5216999955592,0.665700004901737,2.879400002711918,True,272.9444173809545
RSA+AES-256,5000,2,1783,786.7972999956692,0.6958000012673438,2.915600001870189,True,272.9444173809545
RSA+AES-256,5000,2,1784,271.62630000384524,0.7093999956850894,2.946100001281593,True,272.9444173809545
RSA+AES-256,5000,2,1785,580.1451000006637,0.6566000010934658,2.9177999967942014,True,272.9444173809545
RSA+AES-256,5000,2,1786,837.9112000038731,0.6743999983882532,3.0688999977428466,True,272.9444173809545
RSA+AES-256,5000,2,1787,48.93820000143023,0.5627999998978339,2.9859999995096587,True,272.9444173809545
RSA+AES-256,5000,2,1788,434.26370000088355,0.6959000020287931,3.005800004757475,True,272.9444173809545
RSA+AES-256,5000,2,1789,865.7683999990695,0.7030999986454844,3.049099999770988,True,272.9444173809545
RSA+AES-256,5000,2,1790,874.524000006204,0.6883000023663044,2.926200002548285,True,272.9444173809545
RSA+AES-256,5000,2,1791,1416.9986999986577,0.661899997794535,3.0933000016375445,True,272.9444173809545
RSA+AES-256,5000,2,1792,317.05409999995027,0.6924999979673885,2.8587999986484647,True,272.9444173809545
RSA+AES-256,5000,2,1793,374.869100000069,0.668799999402836,2.9376999955275096,True,272.9444173809545
RSA+AES-256,5000,2,1794,131.42859999788925,0.6818000038038008,3.008100000442937,True,272.9444173809545
RSA+AES-256,5000,2,1795,324.7479999990901,0.6929000010131858,2.994900001795031,True,272.9444173809545
RSA+AES-256,5000,2,1796,1248.253300000215,0.6710000016028062,2.9901999951107427,True,272.9444173809545
RSA+AES-256,5000,2,1797,719.9890999982017,0.6893999961903319,2.9792000059387647,True,272.9444173809545
RSA+AES-256,5000,2,1798,1599.59080000408,0.6556999942404218,2.8684999997494742,True,272.9444173809545
RSA+AES-256,5000,2,1799,301.4350999947055,0.662000005831942,2.9874000028939918,True,272.9444173809545
RSA+AES-256,5000,2,1800,216.75830000458518,0.6537000008393079,2.875099999073427,True,272.9444173809545
RSA+AES-256,5000,2,1801,1165.0483999983408,0.6936999998288229,3.0045000021345913,True,272.9444173809545
RSA+AES-256,5000,2,1802,401.00920000259066,0.6537000008393079,2.9858999987482093,True,272.9444173809545
RSA+AES-256,5000,2,1803,404.59759999794187,0.6678999998257495,2.9074999984004535,True,272.9444173809545
RSA+AES-256,5000,2,1804,208.1841999970493,0.7045000020298176,3.002999997988809,True,272.9444173809545
RSA+AES-256,5000,2,1805,648.8805999979377,0.6946000066818669,2.904799999669194,True,272.9444173809545
RSA+AES-256,5000,2,1806,571.9701999987592,0.6805999946664087,2.984300001116935,True,272.9444173809545
RSA+AES-256,5000,2,1807,480.40770000079647,0.6714999981340952,3.03140000323765,True,272.9444173809545
RSA+AES-256,5000,2,1808,893.0277999970713,0.6646000038017519,3.00539999443572,True,272.9444173809545
RSA+AES-256,5000,2,1809,1077.4887999941711,0.6703000035486184,2.9814000008627772,True,272.9444173809545
RSA+AES-256,5000,2,1810,874.7119000036037,0.6861000001663342,2.980499994009733,True,272.9444173809545
RSA+AES-256,5000,2,1811,723.829199996544,0.6453000023611821,2.9683999964618124,True,272.9444173809545
RSA+AES-256,5000,2,1812,314.04509999993024,0.6311000033747405,2.9414000018732622,True,272.9444173809545
RSA+AES-256,5000,2,1813,973.7366999979713,0.6734999988111667,3.0551000018022023,True,272.9444173809545
RSA+AES-256,5000,2,1814,1288.5844000047655,0.6849000055808574,2.916899997217115,True,272.9444173809545
RSA+AES-256,5000,2,1815,273.65040000586305,0.6388000037986785,2.9030000005150214,True,272.9444173809545
RSA+AES-256,5000,2,1816,102.3642000000109,0.5865999992238358,2.909300004830584,True,272.9444173809545
RSA+AES-256,5000,2,1817,1321.9201999963843,0.6779000032111071,3.0234000005293638,True,272.9444173809545
RSA+AES-256,5000,2,1818,207.33589999872493,0.6616999962716363,2.9787999956170097,True,272.9444173809545
RSA+AES-256,5000,2,1819,576.2424999993527,0.6498000002466142,2.8485000002547167,True,272.9444173809545
RSA+AES-256,5000,2,1820,512.3361000005389,0.6494999979622662,2.8850000016973354,True,272.9444173809545
RSA+AES-256,5000,2,1821,967.5754999989294,0.6202000004122965,2.9605000017909333,True,272.9444173809545
RSA+AES-256,5000,2,1822,945.0208999987808,0.6703999970341101,2.975699993839953,True,272.9444173809545
RSA+AES-256,5000,2,1823,470.8831999960239,0.6634000019403175,2.9685000044992194,True,272.9444173809545
RSA+AES-256,5000,2,1824,396.164999998291,0.6771999978809617,2.9603000002680346,True,272.9444173809545
RSA+AES-256,5000,2,1825,801.2152000010246,0.6738000010955147,2.9969000024721026,True,272.9444173809545
RSA+AES-256,5000,2,1826,982.0123000026797,0.6810999984736554,2.879799998481758,True,272.9444173809545
RSA+AES-256,5000,2,1827,491.10790000122506,0.6765999933122657,2.970699999423232,True,272.9444173809545
RSA+AES-256,5000,2,1828,1324.1305999981705,0.6760999967809767,2.9045999981462955,True,272.9444173809545
RSA+AES-256,5000,2,1829,2240.741799992975,0.6607000032090582,2.922399995441083,True,272.9444173809545
RSA+AES-256,5000,2,1830,582.5118999928236,0.6910000010975637,2.9983999993419275,True,272.9444173809545
RSA+AES-256,5000,2,1831,638.4156999993138,0.6117000011727214,2.9477999996743165,True,272.9444173809545
RSA+AES-256,5000,2,1832,624.3778999996721,0.6726999999955297,3.027800004929304,True,272.9444173809545
RSA+AES-256,5000,2,1833,1039.210800001456,0.6800999981351197,2.9496999995899387,True,272.9444173809545
RSA+AES-256,5000,2,1834,847.8665000002366,0.6753999987267889,3.1405000045197085,True,272.9444173809545
RSA+AES-256,5000,2,1835,933.3950000000186,0.6706999993184581,2.995700000610668,True,272.9444173809545
RSA+AES-256,5000,2,1836,865.9203999995952,0.6257999993977137,2.9973999990033917,True,272.9444173809545
RSA+AES-256,5000,2,1837,854.8875999986194,0.6739000018569641,2.9876000044168904,True,272.9444173809545
RSA+AES-256,5000,2,1838,811.0291999983019,0.6783999997423962,2.910299997893162,True,272.9444173809545
RSA+AES-256,5000,2,1839,365.5808000039542,0.6671000010101125,3.2648999986122362,True,272.9444173809545
RSA+AES-256,5000,2,1840,776.8963999988046,0.6960999962757342,2.962600003229454,True,272.9444173809545
RSA+AES-256,5000,2,1841,954.3723999959184,0.6697999997413717,2.9778999960399233,True,272.9444173809545
RSA+AES-256,5000,2,1842,428.86929999804124,0.6741000033798628,2.9203000012785196,True,272.9444173809545
RSA+AES-256,5000,2,1843,321.4430000007269,0.6001000001560897,2.9441000006045215,True,272.9444173809545
RSA+AES-256,5000,2,1844,1388.6518999934196,0.6563999995705672,2.934200005256571,True,272.9444173809545
RSA+AES-256,5000,2,1845,908.1497000006493,0.6549000027007423,2.922099993156735,True,272.9444173809545
RSA+AES-256,5000,2,1846,1506.9856999980402,0.6781999982194975,2.988099993672222,True,272.9444173809545
RSA+AES-256,5000,2,1847,1859.7995999953127,0.650499998300802,2.8336000032140873,True,272.9444173809545
RSA+AES-256,5000,2,1848,279.8301000002539,0.6693000032100827,2.867700000933837,True,272.9444173809545
RSA+AES-256,5000,2,1849,331.0286999985692,0.6652000010944903,2.8509000039775856,True,272.9444173809545
RSA+AES-256,5000,2,1850,291.34650000196416,0.6700999947497621,2.95689999620663,True,272.9444173809545
RSA+AES-256,5000,2,1851,545.6443000002764,0.6428000051528215,2.922699997725431,True,272.9444173809545
RSA+AES-256,5000,2,1852,1909.0980000037234,0.6694999974570237,2.9447000051732175,True,272.9444173809545
RSA+AES-256,5000,2,1853,658.9131000000634,0.6422000005841255,2.878399995097425,True,272.9444173809545
RSA+AES-256,5000,2,1854,583.8459000005969,0.6743000049027614,2.9254999972181395,True,272.9444173809545
RSA+AES-256,5000,2,1855,231.32079999777488,0.6401000064215623,2.9328999953577295,True,272.9444173809545
RSA+AES-256,5000,2,1856,1008.0283999996027,0.6261000016820617,3.050300001632422,True,272.9444173809545
RSA+AES-256,5000,2,1857,613.2163000002038,0.6609999982174486,3.233600000385195,True,272.9444173809545
RSA+AES-256,5000,2,1858,186.62499999481952,0.6216999972821213,2.977600001031533,True,272.9444173809545
RSA+AES-256,5000,2,1859,525.0618999998551,0.8362000007764436,3.045599994948134,True,272.9444173809545
RSA+AES-256,5000,2,1860,2072.9264999972656,0.6623000008403324,2.966000000014901,True,272.9444173809545
RSA+AES-256,5000,2,1861,552.8883000006317,0.6920000014360994,3.0714999957126565,True,272.9444173809545
RSA+AES-256,5000,2,1862,700.1534000009997,0.6485999983851798,2.970000001369044,True,272.9444173809545
RSA+AES-256,5000,2,1863,353.04069999983767,0.6818000038038008,2.9536000001826324,True,272.9444173809545
RSA+AES-256,5000,2,1864,709.5749000000069,0.9137999950326048,3.111099998932332,True,272.9444173809545
RSA+AES-256,5000,2,1865,930.6643999952939,0.6666999979643151,2.971499998238869,True,272.9444173809545
RSA+AES-256,5000,2,1866,1237.8145000038785,0.6750000029569492,2.9265999983181246,True,272.9444173809545
RSA+AES-256,5000,2,1867,359.03220000182046,0.6725999992340803,2.896300000429619,True,272.9444173809545
RSA+AES-256,5000,2,1868,337.5873999975738,0.6697999997413717,2.9233999957796186,True,272.9444173809545
RSA+AES-256,5000,2,1869,673.7495999987004,0.6533000050694682,2.8782999943359755,True,272.9444173809545
RSA+AES-256,5000,2,1870,512.1805999951903,0.8675999997649342,2.9991999981575646,True,272.9444173809545
RSA+AES-256,5000,2,1871,778.5614000022179,0.6676999983028509,2.9508000006899238,True,272.9444173809545
RSA+AES-256,5000,2,1872,259.55360000079963,0.6480000010924414,3.0518999992636964,True,272.9444173809545
RSA+AES-256,5000,2,1873,1011.3674000022002,0.6589999975403771,2.972900001623202,True,272.9444173809545
RSA+AES-256,5000,2,1874,527.6707000011811,0.6987000015215017,2.984200000355486,True,272.9444173809545
RSA+AES-256,5000,2,1875,439.9332000029972,0.6830999991507269,3.0133000036585145,True,272.9444173809545
RSA+AES-256,5000,2,1876,627.5860000023386,0.6681000013486482,3.019000003405381,True,272.9444173809545
RSA+AES-256,5000,2,1877,911.0270000019227,0.6714999981340952,3.1929000033414923,True,272.9444173809545
RSA+AES-256,5000,2,1878,898.6366999961319,0.6498999937321059,2.9272999963723123,True,272.9444173809545
RSA+AES-256,5000,2,1879,88.5707999987062,0.5874999988009222,2.933900002972223,True,272.9444173809545
RSA+AES-256,5000,2,1880,261.9142000039574,0.6542000046465546,2.964100000099279,True,272.9444173809545
RSA+AES-256,5000,2,1881,289.68449999956647,0.6772999986424111,2.939999998488929,True,272.9444173809545
RSA+AES-256,5000,2,1882,535.1355000020703,0.6756000002496876,2.904200002376456,True,272.9444173809545
RSA+AES-256,5000,2,1883,726.509599997371,0.665700004901737,2.922300001955591,True,272.9444173809545
RSA+AES-256,5000,2,1884,1005.6132000026992,0.686799998220522,2.9823000004398637,True,272.9444173809545
RSA+AES-256,5000,2,1885,525.5710999990697,0.6881000008434057,2.976100004161708,True,272.9444173809545
RSA+AES-256,5000,2,1886,936.971100003575,0.716199996531941,2.965599996969104,True,272.9444173809545
RSA+AES-256,5000,2,1887,681.0937999980524,0.6847999975434504,3.1013999978313223,True,272.9444173809545
RSA+AES-256,5000,2,1888,393.98009999422356,0.6388000037986785,3.208200003427919,True,272.9444173809545
RSA+AES-256,5000,2,1889,1333.0609999975422,0.6784000070183538,2.9063999973004684,True,272.9444173809545
RSA+AES-256,5000,2,1890,2068.6430999994627,0.6833999941591173,2.945799998997245,True,272.9444173809545
RSA+AES-256,5000,2,1891,710.1085000031162,0.6723999977111816,2.9243999961181544,True,272.9444173809545
RSA+AES-256,5000,2,1892,826.3488000011421,0.6835000021965243,2.944600004411768,True,272.9444173809545
RSA+AES-256,5000,2,1893,1974.2943000019295,0.680500001180917,2.8846999994129874,True,272.9444173809545
RSA+AES-256,5000,2,1894,926.3987000013003,0.6854999955976382,2.970699999423232,True,272.9444173809545
RSA+AES-256,5000,2,1895,306.11960000533145,0.6635999961872585,2.9071000026306137,True,272.9444173809545
RSA+AES-256,5000,2,1896,140.86289999977453,0.5949999977019615,2.9419999991660006,True,272.9444173809545
RSA+AES-256,5000,2,1897,764.2429999978049,0.6744999991497025,2.9630999997607432,True,272.9444173809545
RSA+AES-256,5000,2,1898,509.37580000027083,0.6561999980476685,2.959100005682558,True,272.9444173809545
RSA+AES-256,5000,2,1899,1204.988899997261,0.6807000027038157,2.8755000021192245,True,272.9444173809545
RSA+AES-256,5000,2,1900,1362.0837999987998,0.6627000038861297,2.9434999960358255,True,272.9444173809545
RSA+AES-256,5000,2,1901,730.1131999993231,0.6805999946664087,2.9004000025452115,True,272.9444173809545
RSA+AES-256,5000,2,1902,946.4788000041153,0.7015000010142103,2.9503000041586347,True,272.9444173809545
RSA+AES-256,5000,2,1903,1475.8126000015181,0.7011999987298623,3.010600004927255,True,272.9444173809545
RSA+AES-256,5000,2,1904,574.4166000004043,0.6848999983048998,3.0377000002772547,True,272.9444173809545
RSA+AES-256,5000,2,1905,472.7688999992097,0.6778000024496578,2.940500002296176,True,272.9444173809545
RSA+AES-256,5000,2,1906,1598.1160000010277,0.6536000000778586,2.904699998907745,True,272.9444173809545
RSA+AES-256,5000,2,1907,1620.504999998957,0.6638000049861148,2.9781000048387796,True,272.9444173809545
RSA+AES-256,5000,2,1908,1092.160200001672,0.6815999950049445,2.9570999977295287,True,272.9444173809545
RSA+AES-256,5000,2,1909,339.6677999990061,0.6333999990602024,2.8835999983130023,True,272.9444173809545
RSA+AES-256,5000,2,1910,617.6554999983637,0.6561000045621768,2.960400001029484,True,272.9444173809545
RSA+AES-256,5000,2,1911,948.3938999983366,0.6909000003361143,2.927800000179559,True,272.9444173809545
RSA+AES-256,5000,2,1912,862.8210999959265,0.6733000045642257,3.175799996824935,True,272.9444173809545
RSA+AES-256,5000,2,1913,107.93050000211224,0.5476999940583482,2.8864000050816685,True,272.9444173809545
RSA+AES-256,5000,2,1914,719.9939999991329,0.6702000027871691,2.942899998743087,True,272.9444173809545
RSA+AES-256,5000,2,1915,416.89970000152243,0.7006000014371239,2.9903999966336414,True,272.9444173809545
RSA+AES-256,5000,2,1916,543.2041000021854,0.636800003121607,2.9071000026306137,True,272.9444173809545
RSA+AES-256,5000,2,1917,1711.8969000002835,0.6917999999132007,2.9275999986566603,True,272.9444173809545
RSA+AES-256,5000,2,1918,203.4614000003785,0.6590999983018264,2.933299998403527,True,272.9444173809545
RSA+AES-256,5000,2,1919,285.4497000007541,0.7019999975454994,2.953300005174242,True,272.9444173809545
RSA+AES-256,5000,2,1920,1294.4313999978476,0.6169000043882988,2.972799993585795,True,272.9444173809545
RSA+AES-256,5000,2,1921,863.2460000007995,0.6981000042287633,3.050300001632422,True,272.9444173809545
RSA+AES-256,5000,2,1922,109.65379999834113,0.6466999984695576,2.94690000009723,True,272.9444173809545
RSA+AES-256,5000,2,1923,191.68579999677604,0.666200001433026,3.00250000145752,True,272.9444173809545
RSA+AES-256,5000,2,1924,1356.4231999989715,0.7106000048224814,2.9412000003503636,True,272.9444173809545
RSA+AES-256,5000,2,1925,268.1016999995336,0.6339999963529408,2.895699995860923,True,272.9444173809545
RSA+AES-256,5000,2,1926,1257.6846000010846,0.610800001595635,2.972999995108694,True,272.9444173809545
RSA+AES-256,5000,2,1927,428.5842000026605,0.6626999966101721,2.87880000541918,True,272.9444173809545
RSA+AES-256,5000,2,1928,477.1559000000707,0.6431000001612119,2.978899996378459,True,272.9444173809545
RSA+AES-256,5000,2,1929,430.7023000001209,0.6136000010883436,2.9578999965451658,True,272.9444173809545
RSA+AES-256,5000,2,1930,540.1858999975957,0.6463000026997179,3.319199997349642,True,272.9444173809545
RSA+AES-256,5000,2,1931,1773.7386000007973,0.8847999997669831,2.9977999947732314,True,272.9444173809545
RSA+AES-256,5000,2,1932,419.01189999771304,0.6656999976257794,2.9582000061054714,True,272.9444173809545
RSA+AES-256,5000,2,1933,1058.569599998009,0.6519000016851351,3.2205000024987385,True,272.9444173809545
RSA+AES-256,5000,2,1934,632.7004000049783,0.7322000019485131,3.141900000628084,True,272.9444173809545
RSA+AES-256,5000,2,1935,993.5544999971171,0.6884000031277537,3.0073000016273,True,272.9444173809545
RSA+AES-256,5000,2,1936,155.6328000006033,0.6598000036319718,3.0213999998522922,True,272.9444173809545
RSA+AES-256,5000,2,1937,1017.2420000017155,0.6503000040538609,2.9357000021263957,True,272.9444173809545
RSA+AES-256,5000,2,1938,304.55349999829195,0.6538000016007572,2.9088000010233372,True,272.9444173809545
RSA+AES-256,5000,2,1939,579.4647000002442,0.6613000005017966,2.9789999971399084,True,272.9444173809545
RSA+AES-256,5000,2,1940,1031.9189000001643,0.6559999965247698,2.8965000019525178,True,272.9444173809545
RSA+AES-256,5000,2,1941,180.60310000146274,0.6391999995685183,2.965899999253452,True,272.9444173809545
RSA+AES-256,5000,2,1942,741.2169999952312,0.6715999988955446,3.035599998838734,True,272.9444173809545
RSA+AES-256,5000,2,1943,1346.9392000042717,0.6312000041361898,2.9404000015347265,True,272.9444173809545
RSA+AES-256,5000,2,1944,43.00810000131605,0.5848000000696629,2.918300000601448,True,272.9444173809545
RSA+AES-256,5000,2,1945,366.914900005213,0.6598999971174635,2.947200002381578,True,272.9444173809545
RSA+AES-256,5000,2,1946,389.45629999943776,0.6715999988955446,2.8525000016088597,True,272.9444173809545
RSA+AES-256,5000,2,1947,778.612099995371,0.6293999977060594,3.01949999993667,True,272.9444173809545
RSA+AES-256,5000,2,1948,98.9597000007052,0.6443000020226464,3.0082000012043864,True,272.9444173809545
RSA+AES-256,5000,2,1949,372.66290000115987,0.6240000002435409,2.9161999991629273,True,272.9444173809545
RSA+AES-256,5000,2,1950,1235.073400006513,0.6530999962706119,2.890700001444202,True,272.9444173809545
RSA+AES-256,5000,2,1951,338.56489999743644,0.6422000005841255,2.952399998321198,True,272.9444173809545
RSA+AES-256,5000,2,1952,909.4173999983468,0.6747000006726012,2.9213000016170554,True,272.9444173809545
RSA+AES-256,5000,2,1953,864.9565999949118,0.6767000013496727,2.9024999967077747,True,272.9444173809545
RSA+AES-256,5000,2,1954,323.10290000168607,0.6676999983028509,2.9558999958680943,True,272.9444173809545
RSA+AES-256,5000,2,1955,158.20720000192523,0.6511999963549897,2.9983999993419275,True,272.9444173809545
RSA+AES-256,5000,2,1956,577.9895000014221,0.6966000000829808,3.0859000034979545,True,272.9444173809545
RSA+AES-256,5000,2,1957,1282.7591000022949,0.6416000032913871,2.884100002120249,True,272.9444173809545
RSA+AES-256,5000,2,1958,415.77919999690494,0.6711000023642555,2.8775999962817878,True,272.9444173809545
RSA+AES-256,5000,2,1959,243.65840000245953,0.62189999880502,2.9461999947670847,True,272.9444173809545
RSA+AES-256,5000,2,1960,378.8252000013017,0.6433000016841106,2.900300001783762,True,272.9444173809545
RSA+AES-256,5000,2,1961,1027.397400001064,0.65819999872474,2.9500999953597784,True,272.9444173809545
RSA+AES-256,5000,2,1962,944.2483999955584,0.6692000024486333,3.0769000004511327,True,272.9444173809545
RSA+AES-256,5000,2,1963,386.88900000124704,0.6491000021924265,2.962500002468005,True,272.9444173809545
RSA+AES-256,5000,2,1964,1055.6895999980043,0.672499998472631,2.892499993322417,True,272.9444173809545
RSA+AES-256,5000,2,1965,625.253199999861,0.6693000032100827,2.9561000046669506,True,272.9444173809545
RSA+AES-256,5000,2,1966,843.5865999999805,0.665100000333041,2.859699998225551,True,272.9444173809545
RSA+AES-256,5000,2,1967,822.5900999968871,0.6767000013496727,2.998699994350318,True,272.9444173809545
RSA+AES-256,5000,2,1968,183.64399999700254,0.6182999932207167,2.845700000762008,True,272.9444173809545
RSA+AES-256,5000,2,1969,1331.4176999992924,0.608200003625825,2.976699994178489,True,272.9444173809545
RSA+AES-256,5000,2,1970,845.6576999960816,0.6847000040579587,3.215600001567509,True,272.9444173809545
RSA+AES-256,5000,2,1971,363.91960000037216,0.6591999990632758,2.9781999983242713,True,272.9444173809545
RSA+AES-256,5000,2,1972,1349.064800000633,0.6756000002496876,3.0257000034907833,True,272.9444173809545
RSA+AES-256,5000,2,1973,1077.1966000029352,0.6600999986403622,2.950900001451373,True,272.9444173809545
RSA+AES-256,5000,2,1974,230.501700003515,0.6278000000747852,2.9323000053409487,True,272.9444173809545
RSA+AES-256,5000,2,1975,580.4874000023119,0.6447999985539354,2.956399999675341,True,272.9444173809545
RSA+AES-256,5000,2,1976,1340.380900001037,0.6794000000809319,2.974700000777375,True,272.9444173809545
RSA+AES-256,5000,2,1977,906.4225999973132,0.6822999930591322,2.982599995448254,True,272.9444173809545
RSA+AES-256,5000,2,1978,684.3904999986989,0.6854999955976382,2.962999998999294,True,272.9444173809545
RSA+AES-256,5000,2,1979,1106.7026000018814,0.9504000045126304,3.049400002055336,True,272.9444173809545
RSA+AES-256,5000,2,1980,1561.1681000009412,0.6980999969528057,2.9192000001785345,True,272.9444173809545
RSA+AES-256,5000,2,1981,366.328700001759,0.7136999993235804,3.0225000009522773,True,272.9444173809545
RSA+AES-256,5000,2,1982,1754.8710000046412,0.6569000033778138,2.9169999979785644,True,272.9444173809545
RSA+AES-256,5000,2,1983,533.6367999989307,0.7105999975465238,3.0084999962127768,True,272.9444173809545
RSA+AES-256,5000,2,1984,433.09819999558385,0.6571999983862042,2.962500002468005,True,272.9444173809545
RSA+AES-256,5000,2,1985,216.29920000123093,0.6553000057465397,2.97839999984717,True,272.9444173809545
RSA+AES-256,5000,2,1986,686.8654999998398,0.6693999966955744,3.1096999955479987,True,272.9444173809545
RSA+AES-256,5000,2,1987,565.2554000043892,0.6626000031246804,2.9444000028888695,True,272.9444173809545
RSA+AES-256,5000,2,1988,469.6777999997721,0.6575000006705523,3.146899995044805,True,272.9444173809545
RSA+AES-256,5000,2,1989,127.29430000035791,0.5729999975301325,2.839199994923547,True,272.9444173809545
RSA+AES-256,5000,2,1990,306.8392999994103,0.6718000004184432,2.8978000045754015,True,272.9444173809545
RSA+AES-256,5000,2,1991,517.6285999987158,0.6653000018559396,2.9015999971306883,True,272.9444173809545
RSA+AES-256,5000,2,1992,1750.9212999939336,0.6657999983872287,2.890700001444202,True,272.9444173809545
RSA+AES-256,5000,2,1993,755.2990999975009,0.6490000014309771,3.1667000002926216,True,272.9444173809545
RSA+AES-256,5000,2,1994,512.1134999935748,0.68710000050487,3.3003000062308274,True,272.9444173809545
RSA+AES-256,5000,2,1995,410.70680000120774,0.6466999984695576,2.9132999989087693,True,272.9444173809545
RSA+AES-256,5000,2,1996,84.69070000137435,0.6098000012570992,2.913800002716016,True,272.9444173809545
RSA+AES-256,5000,2,1997,656.7762999984552,0.672199996188283,3.660800000943709,True,272.9444173809545
RSA+AES-256,5000,2,1998,410.2111000029254,0.7043000005069189,2.9429999995045364,True,272.9444173809545
RSA+AES-256,5000,2,1999,900.8345000038389,0.6645999965257943,2.97580000187736,True,272.9444173809545
RSA+AES-256,5000,2,2000,219.35979999398114,0.6743000049027614,2.9837999973096885,True,272.9444173809545
RSA+AES-256,5000,2,2001,677.3747999977786,0.6892000019433908,3.0555999983334914,True,272.9444173809545
RSA+AES-256,5000,2,2002,939.1550000000279,0.6670000002486631,2.886399997805711,True,272.9444173809545
RSA+AES-256,5000,2,2003,800.2261000001454,0.6670000002486631,2.986400002555456,True,272.9444173809545
RSA+AES-256,5000,2,2004,229.38660000363598,0.6580999979632907,3.021600001375191,True,272.9444173809545
RSA+AES-256,5000,2,2005,1748.589599999832,0.6624000016017817,3.355699998792261,True,272.9444173809545
RSA+AES-256,5000,2,2006,451.11919999908423,0.6634000019403175,2.8815999976359308,True,272.9444173809545
RSA+AES-256,5000,2,2007,857.1945000003325,0.6712999966111965,2.905300003476441,True,272.9444173809545
RSA+AES-256,5000,2,2008,143.802799997502,0.5845000050612725,2.9132999989087693,True,272.9444173809545
RSA+AES-256,5000,2,2009,607.8619999971124,0.676199997542426,3.0035000017960556,True,272.9444173809545
RSA+AES-256,5000,2,2010,577.810299997509,0.6650999930570833,2.9521999967982993,True,272.9444173809545
RSA+AES-256,5000,2,2011,1300.3874000060023,0.6861000001663342,3.010699998412747,True,272.9444173809545
RSA+AES-256,5000,2,2012,658.6381000015535,0.6401000064215623,3.1202999962260947,True,272.9444173809545
RSA+AES-256,5000,2,2013,1264.5358000008855,0.665700004901737,2.9238999995868653,True,272.9444173809545
RSA+AES-256,5000,2,2014,276.98980000423035,0.6296999999904074,2.941099999588914,True,272.9444173809545
RSA+AES-256,5000,2,2015,681.8539000014425,0.6708000000799075,2.95429999823682,True,272.9444173809545
RSA+AES-256,5000,2,2016,374.7332999992068,0.6147000021883287,3.0120000010356307,True,272.9444173809545
RSA+AES-256,5000,2,2017,271.5796000047703,0.6868999989819713,3.013900000951253,True,272.9444173809545
RSA+AES-256,5000,2,2018,1591.5968999979668,0.8033000049181283,2.990900000440888,True,272.9444173809545
RSA+AES-256,5000,2,2019,1735.5004999990342,0.7157000000006519,3.0279000056907535,True,272.9444173809545
RSA+AES-256,5000,2,2020,136.24290000007022,0.611600000411272,2.9026000047451816,True,272.9444173809545
RSA+AES-256,5000,2,2021,722.2480999989784,0.6742999976268038,2.997699994011782,True,272.9444173809545
RSA+AES-256,5000,2,2022,174.8717000009492,0.6590999983018264,2.9206000035628676,True,272.9444173809545
RSA+AES-256,5000,2,2023,688.8391000029515,0.666200001433026,2.9447000051732175,True,272.9444173809545
RSA+AES-256,5000,2,2024,237.6494999989518,0.6810999984736554,2.966000000014901,True,272.9444173809545
RSA+AES-256,5000,2,2025,437.943400000222,0.7001000049058348,3.0406000005314127,True,272.9444173809545
RSA+AES-256,5000,2,2026,1001.0087000046042,0.6677999990643002,2.9850999999325722,True,272.9444173809545
RSA+AES-256,5000,2,2027,450.2037999991444,0.6210999999893829,2.977600001031533,True,272.9444173809545
RSA+AES-256,5000,2,2028,436.379400001897,0.6458999996539205,2.868099996703677,True,272.9444173809545
RSA+AES-256,5000,2,2029,1036.0661000013351,0.6406000029528514,2.9937999934190884,True,272.9444173809545
RSA+AES-256,5000,2,2030,1082.1320000031847,0.6601999994018115,3.94179999420885,True,272.9444173809545
RSA+AES-256,5000,2,2031,180.08650000410853,0.6245000040507875,2.942599996458739,True,272.9444173809545
RSA+AES-256,5000,2,2032,660.1162000006298,0.7150000019464642,2.9173000002629124,True,272.9444173809545
RSA+AES-256,5000,2,2033,1052.4643000026117,0.6436999974539503,2.877699997043237,True,272.9444173809545
RSA+AES-256,5000,2,2034,1591.3834999955725,0.6680000005871989,2.9104999994160607,True,272.9444173809545
RSA+AES-256,5000,2,2035,244.29170000075828,0.6281000023591332,2.9467999993357807,True,272.9444173809545
RSA+AES-256,5000,2,2036,1334.3667000008281,0.6051000018487684,2.9661000007763505,True,272.9444173809545
RSA+AES-256,5000,2,2037,85.39590000145836,0.6232000014279038,2.934099997219164,True,272.9444173809545
RSA+AES-256,5000,2,2038,897.1486000009463,0.6142999991425313,2.9672000018763356,True,272.9444173809545
RSA+AES-256,5000,2,2039,1323.837600000843,0.6677999990643002,2.930300004663877,True,272.9444173809545
RSA+AES-256,5000,2,2040,334.2202999992878,0.6355000004987232,2.9833000007783994,True,272.9444173809545
RSA+AES-256,5000,2,2041,1831.332100002328,0.6811999992351048,3.034900000784546,True,272.9444173809545
RSA+AES-256,5000,2,2042,882.2940000027302,0.68450000253506,3.001500001118984,True,272.9444173809545
RSA+AES-256,5000,2,2043,260.24479999614414,0.6566000010934658,2.8917999952682294,True,272.9444173809545
RSA+AES-256,5000,2,2044,448.154900004738,0.6711000023642555,2.884599998651538,True,272.9444173809545
RSA+AES-256,5000,2,2045,304.77940000128,0.6576000014320016,2.958299999590963,True,272.9444173809545
RSA+AES-256,5000,2,2046,226.83349999715574,0.6607999966945499,2.9524999990826473,True,272.9444173809545
RSA+AES-256,5000,2,2047,251.58489999739686,0.6435000032070093,3.0091000007814728,True,272.9444173809545
RSA+AES-256,5000,2,2048,556.2112000043271,0.7607000006828457,3.6976999981561676,True,272.9444173809545
RSA+AES-256,5000,2,2049,702.88260000234,0.7150000019464642,3.1798999989405274,True,272.9444173809545
RSA+AES-256,5000,2,2050,1305.973599999561,0.6950999959371984,2.9482999962056056,True,272.9444173809545
RSA+AES-256,5000,2,2051,643.3563000027789,0.6603000001632608,3.075900000112597,True,272.9444173809545
RSA+AES-256,5000,2,2052,711.9252999982564,0.709100000676699,2.9646999973920174,True,272.9444173809545
RSA+AES-256,5000,2,2053,298.46230000111973,0.6959999955142848,2.9591999991680495,True,272.9444173809545
RSA+AES-256,5000,2,2054,494.60269999690354,0.6873000020277686,2.9460000005201437,True,272.9444173809545
RSA+AES-256,5000,2,2055,602.2592000008444,0.6877999985590577,2.9881999944336712,True,272.9444173809545
RSA+AES-256,5000,2,2056,718.8024999995832,0.6286999996518716,2.985499995702412,True,272.9444173809545
RSA+AES-256,5000,2,2057,304.1021999961231,0.6830000056652352,2.8941999989910983,True,272.9444173809545
RSA+AES-256,5000,2,2058,285.02909999951953,0.585900001169648,2.980299999762792,True,272.9444173809545
RSA+AES-256,5000,2,2059,629.4717000055243,0.6627999973716214,2.9968000017106533,True,272.9444173809545
RSA+AES-256,5000,2,2060,2153.5404000023846,0.6820999988121912,3.139600004942622,True,272.9444173809545
RSA+AES-256,5000,2,2061,211.96920000511454,0.6031000011716969,2.93279999459628,True,272.9444173809545
RSA+AES-256,5000,2,2062,442.63369999680435,0.6701000020257197,2.9624000017065555,True,272.9444173809545
RSA+AES-256,5000,2,2063,334.4031999949948,0.6231000006664544,2.969900000607595,True,272.9444173809545
RSA+AES-256,5000,2,2064,1338.3086000030744,0.6610999989788979,3.0122000025585294,True,272.9444173809545
RSA+AES-256,5000,2,2065,556.5518000003067,0.661899997794535,2.895500001613982,True,272.9444173809545
RSA+AES-256,5000,2,2066,1683.1014999988838,0.6364000000758097,2.89360000169836,True,272.9444173809545
RSA+AES-256,5000,2,2067,226.74879999976838,0.6776999944122508,3.023699995537754,True,272.9444173809545
RSA+AES-256,5000,2,2068,775.6964000000153,0.7041999997454695,2.955799995106645,True,272.9444173809545
RSA+AES-256,5000,2,2069,574.528700002702,0.6718000004184432,2.977900003315881,True,272.9444173809545
RSA+AES-256,5000,2,2070,550.4516000000876,0.6972999981371686,2.893099997891113,True,272.9444173809545
RSA+AES-256,5000,2,2071,366.41279999457765,0.6652000010944903,2.970099994854536,True,272.9444173809545
RSA+AES-256,5000,2,2072,388.065800005279,0.6827000033808872,2.9536000001826324,True,272.9444173809545
RSA+AES-256,5000,2,2073,548.1550999975298,0.6692000024486333,2.9336999941733666,True,272.9444173809545
RSA+AES-256,5000,2,2074,324.29750000301283,0.6426999971154146,2.977399999508634,True,272.9444173809545
RSA+AES-256,5000,2,2075,786.3778000028105,0.6528999947477132,2.856699997209944,True,272.9444173809545
RSA+AES-256,5000,2,2076,802.4442000023555,0.680800003465265,2.976800002215896,True,272.9444173809545
RSA+AES-256,5000,2,2077,268.9626999999746,0.6404000014299527,2.9375000012805685,True,272.9444173809545
RSA+AES-256,5000,2,2078,1314.0256000042427,0.6726000065100379,3.023500001290813,True,272.9444173809545
RSA+AES-256,5000,2,2079,1745.3170000007958,0.650499998300802,2.8741999994963408,True,272.9444173809545
RSA+AES-256,5000,2,2080,840.323599994008,0.6366000015987083,3.0582999970647506,True,272.9444173809545
RSA+AES-256,5000,2,2081,702.4709000033909,0.7265999956871383,2.9694000040763058,True,272.9444173809545
RSA+AES-256,5000,2,2082,952.9666000016732,0.6425999963539653,2.919099999417085,True,272.9444173809545
RSA+AES-256,5000,2,2083,1696.1090999975568,0.686499995936174,2.971300003991928,True,272.9444173809545
RSA+AES-256,5000,2,2084,639.1183999949135,0.6496000059996732,2.9071999961161055,True,272.9444173809545
RSA+AES-256,5000,2,2085,2008.784800003923,0.651299997116439,2.9426999972201884,True,272.9444173809545
RSA+AES-256,5000,2,2086,1795.6997000001138,0.6833000006736256,2.984600003401283,True,272.9444173809545
RSA+AES-256,5000,2,2087,1670.6191999983275,0.6953999982215464,2.9704000044148415,True,272.9444173809545
RSA+AES-256,5000,2,2088,566.188400000101,0.6542999981320463,2.9030000005150214,True,272.9444173809545
RSA+AES-256,5000,2,2089,131.2169999946491,0.6464000034611672,3.228600005968474,True,272.9444173809545
RSA+AES-256,5000,2,2090,937.4254000067594,0.647900000330992,2.8515999947558157,True,272.9444173809545
RSA+AES-256,5000,2,2091,242.10110000421992,0.6758000017725863,3.369999998540152,True,272.9444173809545
RSA+AES-256,5000,2,2092,1517.4273000011453,0.6662999949185178,3.0088000057730824,True,272.9444173809545
RSA+AES-256,5000,2,2093,719.8917000059737,0.6814000007580034,3.027599996130448,True,272.9444173809545
RSA+AES-256,5000,2,2094,317.559800001618,0.665700004901737,2.968299995700363,True,272.9444173809545
RSA+AES-256,5000,2,2095,236.7247000001953,0.6422000005841255,3.012599998328369,True,272.9444173809545
RSA+AES-256,5000,2,2096,542.7029999991646,0.6326000002445653,2.9683999964618124,True,272.9444173809545
RSA+AES-256,5000,2,2097,547.4478999967687,0.6362999993143603,2.8543000007630326,True,272.9444173809545
RSA+AES-256,5000,2,2098,1757.84620000195,0.6788000027881935,2.951299997221213,True,272.9444173809545
RSA+AES-256,5000,2,2099,3074.5882999981404,0.6610999989788979,3.023999997822102,True,272.9444173809545
RSA+AES-256,5000,2,2100,452.7816999980132,0.6635999961872585,2.9733000046689995,True,272.9444173809545
RSA+AES-256,5000,2,2101,1214.7451999990153,0.6500999952550046,2.977600001031533,True,272.9444173809545
RSA+AES-256,5000,2,2102,2287.180100000114,0.6740999961039051,2.9786999948555604,True,272.9444173809545
RSA+AES-256,5000,2,2103,1407.8069999959553,0.7361000025412068,3.0025999949430116,True,272.9444173809545
RSA+AES-256,5000,2,2104,1328.350899995712,0.6327000010060146,2.976699994178489,True,272.9444173809545
RSA+AES-256,5000,2,2105,292.19559999910416,0.6699000005028211,2.985300001455471,True,272.9444173809545
RSA+AES-256,5000,2,2106,935.1250000036089,0.6731999965268187,2.937600002042018,True,272.9444173809545
RSA+AES-256,5000,2,2107,875.7712000005995,0.6719000011798926,2.9683999964618124,True,272.9444173809545
RSA+AES-256,5000,2,2108,994.187399999646,0.6853000013506971,2.947399996628519,True,272.9444173809545
RSA+AES-256,5000,2,2109,1056.272900001204,0.6890000004204921,2.9613000006065704,True,272.9444173809545
RSA+AES-256,5000,2,2110,408.5680999996839,0.6553000057465397,3.1422999963979237,True,272.9444173809545
RSA+AES-256,5000,2,2111,1891.7010000004666,0.6630999996559694,2.9298000008566305,True,272.9444173809545
RSA+AES-256,5000,2,2112,1832.6702999984263,0.6569999968633056,2.954800002044067,True,272.9444173809545
RSA+AES-256,5000,2,2113,757.7915000001667,0.6771999978809617,2.9980000035720877,True,272.9444173809545
RSA+AES-256,5000,2,2114,384.84210000024177,0.6779000032111071,2.9419999991660006,True,272.9444173809545
RSA+AES-256,5000,2,2115,438.1016000043019,0.6767999948351644,2.9913000034866855,True,272.9444173809545
RSA+AES-256,5000,2,2116,806.2749999953667,0.6570000041392632,3.1529000043519773,True,272.9444173809545
RSA+AES-256,5000,2,2117,760.7900000002701,0.6968000016058795,2.9914999977336265,True,272.9444173809545
RSA+AES-256,5000,2,2118,930.6924999982584,0.6789999970351346,3.0075000031501986,True,272.9444173809545
RSA+AES-256,5000,2,2119,897.1078999966267,0.7107999990694225,2.97359999967739,True,272.9444173809545
RSA+AES-256,5000,2,2120,817.8035000019008,0.6762999983038753,3.0152999970596284,True,272.9444173809545
RSA+AES-256,5000,2,2121,191.15669999882812,0.6837999972049147,2.9030000005150214,True,272.9444173809545
RSA+AES-256,5000,2,2122,1607.1475999997347,0.6856999971205369,2.9060999950161204,True,272.9444173809545
RSA+AES-256,5000,2,2123,816.2051000035717,0.6131999980425462,3.0294000025605783,True,272.9444173809545
RSA+AES-256,5000,2,2124,1701.4045000032638,0.6470000007539056,2.9639999993378296,True,272.9444173809545
RSA+AES-256,5000,2,2125,897.055100002035,0.6500000017695129,2.8555999961099587,True,272.9444173809545
RSA+AES-256,5000,2,2126,964.4016000020201,0.6084999986342154,2.956099997390993,True,272.9444173809545
RSA+AES-256,5000,2,2127,1346.561099999235,0.6604999944102019,3.0994999979157,True,272.9444173809545
RSA+AES-256,5000,2,2128,470.3332000062801,0.6748999949195422,2.943999999843072,True,272.9444173809545
RSA+AES-256,5000,2,2129,885.3820000003907,0.6723999977111816,2.952899994852487,True,272.9444173809545
RSA+AES-256,5000,2,2130,1083.3513999969,0.7026000021141954,3.0213999998522922,True,272.9444173809545
RSA+AES-256,5000,2,2131,87.59080000163522,0.6448999993153848,2.966000000014901,True,272.9444173809545
RSA+AES-256,5000,2,2132,228.88620000594528,0.6187000035424717,2.9635000028065406,True,272.9444173809545
RSA+AES-256,5000,2,2133,944.7873000026448,0.7569000008516014,3.0267999973148108,True,272.9444173809545
RSA+AES-256,5000,2,2134,1204.8591999991913,0.6664000029559247,3.009400003065821,True,272.9444173809545
RSA+AES-256,5000,2,2135,453.0672999972012,0.6379999977070838,2.9477999996743165,True,272.9444173809545
RSA+AES-256,5000,2,2136,206.80139999603853,0.644200001261197,2.955399999336805,True,272.9444173809545
RSA+AES-256,5000,2,2137,770.8476000043447,0.6448999993153848,2.9738000012002885,True,272.9444173809545
RSA+AES-256,5000,2,2138,1069.191899994621,0.6723000042256899,3.2253000026685186,True,272.9444173809545
RSA+AES-256,5000,2,2139,1262.943699999596,0.684200000250712,2.8920000040670857,True,272.9444173809545
RSA+AES-256,5000,2,2140,1158.3519000050728,0.6708000000799075,2.907099995354656,True,272.9444173809545
RSA+AES-256,5000,2,2141,1157.7542000013636,0.6816999957663938,3.168700000969693,True,272.9444173809545
RSA+AES-256,5000,2,2142,833.041999998386,0.6711000023642555,2.98320000001695,True,272.9444173809545
RSA+AES-256,5000,2,2143,651.1326000036206,0.6732000038027763,3.0012999995960854,True,272.9444173809545
RSA+AES-256,5000,2,2144,347.2299999993993,0.6412000002455898,2.8777999978046864,True,272.9444173809545
RSA+AES-256,5000,2,2145,280.30739999667276,0.6692000024486333,2.972400005091913,True,272.9444173809545
RSA+AES-256,5000,2,2146,161.97439999814378,0.6668999994872138,2.9687999995076098,True,272.9444173809545
RSA+AES-256,5000,2,2147,818.5735999941244,0.603599997702986,2.9727000001003034,True,272.9444173809545
RSA+AES-256,5000,2,2148,647.4555000022519,0.6711000023642555,2.9207999978098087,True,272.9444173809545
RSA+AES-256,5000,2,2149,1419.4302000032621,0.6809999977122061,2.962300000945106,True,272.9444173809545
RSA+AES-256,5000,2,2150,100.90350000245962,0.6137000018497929,2.9867999983252957,True,272.9444173809545
RSA+AES-256,5000,2,2151,843.5983000017586,0.6712000031257048,2.94019999273587,True,272.9444173809545
RSA+AES-256,5000,2,2152,624.6115999965696,0.6569000033778138,2.864500005671289,True,272.9444173809545
RSA+AES-256,5000,2,2153,1162.1577000041725,0.6804999939049594,2.9367000024649315,True,272.9444173809545
RSA+AES-256,5000,2,2154,1156.279100003303,0.6840999994892627,2.960400001029484,True,272.9444173809545
RSA+AES-256,5000,2,2155,1367.7895000000717,0.6871999939903617,2.9508000006899238,True,272.9444173809545
RSA+AES-256,5000,2,2156,1181.7421000014292,0.6943000043975189,3.051799998502247,True,272.9444173809545
RSA+AES-256,5000,2,2157,384.49450000189245,0.6302000037976541,2.989499997056555,True,272.9444173809545
RSA+AES-256,5000,2,2158,148.84470000106376,0.6078999940655194,2.9346000010264106,True,272.9444173809545
RSA+AES-256,5000,2,2159,370.771900001273,0.6791000050725415,2.9675000041606836,True,272.9444173809545
RSA+AES-256,5000,2,2160,769.8880000025383,0.6510999955935404,2.868000003218185,True,272.9444173809545
RSA+AES-256,5000,2,2161,1324.823099996138,0.6850999998277985,2.860399996279739,True,272.9444173809545
RSA+AES-256,5000,2,2162,721.9237999961479,0.5978999979561195,3.032300002814736,True,272.9444173809545
RSA+AES-256,5000,2,2163,1706.757199994172,0.6439999997382984,2.885900001274422,True,272.9444173809545
RSA+AES-256,5000,2,2164,811.0902999978862,0.6915000049048103,2.9858999987482093,True,272.9444173809545
RSA+AES-256,5000,2,2165,388.8119000039296,0.6577000021934509,2.9434000025503337,True,272.9444173809545
RSA+AES-256,5000,2,2166,712.39549999882,0.712199995177798,2.933399999164976,True,272.9444173809545
RSA+AES-256,5000,2,2167,1138.094900001306,0.7169000018620864,3.042500000447035,True,272.9444173809545
RSA+AES-256,5000,2,2168,1080.125799999223,0.6136000010883436,2.9454000032274053,True,272.9444173809545
RSA+AES-256,5000,2,2169,172.8168000045116,0.6066000059945509,2.982099998916965,True,272.9444173809545
RSA+AES-256,5000,2,2170,835.6924999970943,0.6113999988883734,3.0324999970616773,True,272.9444173809545
RSA+AES-256,5000,2,2171,338.8441999995848,0.6561000045621768,3.173500001139473,True,272.9444173809545
RSA+AES-256,5000,2,2172,522.0651999989059,0.680000004649628,2.869800002372358,True,272.9444173809545
RSA+AES-256,5000,2,2173,171.49960000097053,0.6367000023601577,2.9100000028847717,True,272.9444173809545
RSA+AES-256,5000,2,2174,235.2889999965555,0.7492000004276633,2.9383000000962056,True,272.9444173809545
RSA+AES-256,5000,2,2175,908.7590000053751,0.6857000043964945,2.9314000057638623,True,272.9444173809545
RSA+AES-256,5000,2,2176,433.1112999934703,0.6835000021965243,3.034800000023097,True,272.9444173809545
RSA+AES-256,5000,2,2177,1580.0585000033607,0.6244000032893382,2.8835000048275106,True,272.9444173809545
RSA+AES-256,5000,2,2178,596.8566000010469,0.6414000017684884,2.918300000601448,True,272.9444173809545
RSA+AES-256,5000,2,2179,1013.321200000064,0.6701999955112115,2.9336999941733666,True,272.9444173809545
RSA+AES-256,5000,2,2180,1256.7361000037636,0.6766000005882233,2.9645000031450763,True,272.9444173809545
RSA+AES-256,5000,2,2181,1282.3733000041102,0.610499999311287,3.038299997569993,True,272.9444173809545
RSA+AES-256,5000,2,2182,561.1914000037359,0.6550999969476834,3.2078000003821217,True,272.9444173809545
RSA+AES-256,5000,2,2183,618.1284000049345,0.6837999972049147,3.0181999973137863,True,272.9444173809545
RSA+AES-256,5000,2,2184,276.66210000461433,0.654499999654945,2.9510000022128224,True,272.9444173809545
RSA+AES-256,5000,2,2185,888.653100002557,0.6633000011788681,2.9012999948463403,True,272.9444173809545
RSA+AES-256,5000,2,2186,574.1584999996121,0.7190000033006072,2.95689999620663,True,272.9444173809545
RSA+AES-256,5000,2,2187,116.02800000400748,0.6060000014258549,2.892999997129664,True,272.9444173809545
RSA+AES-256,5000,2,2188,514.876400004141,0.6136000010883436,2.9620999994222075,True,272.9444173809545
RSA+AES-256,5000,2,2189,1112.6524999999674,0.6934999983059242,2.8942999997525476,True,272.9444173809545
RSA+AES-256,5000,2,2190,165.23210000013933,0.6799000038881786,3.0030000052647665,True,272.9444173809545
RSA+AES-256,5000,2,2191,1709.0744000015547,0.6427999978768639,2.97580000187736,True,272.9444173809545
RSA+AES-256,5000,2,2192,371.24860000039916,0.6804000004194677,2.9426999972201884,True,272.9444173809545
RSA+AES-256,5000,2,2193,538.306399997964,0.6817999965278432,2.9465000043273903,True,272.9444173809545
RSA+AES-256,5000,2,2194,133.60850000026403,0.6690000009257346,2.970399997138884,True,272.9444173809545
RSA+AES-256,5000,2,2195,1261.6475000031642,0.6685999978799373,3.064500000618864,True,272.9444173809545
RSA+AES-256,5000,2,2196,96.19810000003781,0.6536000000778586,2.946599997812882,True,272.9444173809545
RSA+AES-256,5000,2,2197,692.7773000061279,0.6769000028725713,3.0637000018032268,True,272.9444173809545
RSA+AES-256,5000,2,2198,866.6324000005261,0.6403000006685033,2.8583000021171756,True,272.9444173809545
RSA+AES-256,5000,2,2199,1197.7283000014722,0.6683999963570386,2.9760999968857504,True,272.9444173809545
RSA+AES-256,5000,2,2200,672.6004000011017,0.715899994247593,3.1766000029165298,True,272.9444173809545
RSA+AES-256,5000,2,2201,1580.7534999985364,0.6827000033808872,2.961899997899309,True,272.9444173809545
RSA+AES-256,5000,2,2202,194.47840000066208,0.6998999961069785,2.9690000010305084,True,272.9444173809545
RSA+AES-256,5000,2,2203,758.4070999946562,0.6868999989819713,2.9431000002659857,True,272.9444173809545
RSA+AES-256,5000,2,2204,857.4972999995225,0.6771999978809617,2.9921999957878143,True,272.9444173809545
RSA+AES-256,5000,2,2205,239.49780000111787,0.6689000001642853,2.916400000685826,True,272.9444173809545
RSA+AES-256,5000,2,2206,337.69649999885587,0.6261999951675534,2.890300005674362,True,272.9444173809545
RSA+AES-256,5000,2,2207,600.1094000021112,0.6629999988945201,2.9617999971378595,True,272.9444173809545
RSA+AES-256,5000,2,2208,736.6670999981579,0.6773999994038604,3.017099996213801,True,272.9444173809545
RSA+AES-256,5000,2,2209,438.48199999774806,0.6697999997413717,2.9970999967190437,True,272.9444173809545
RSA+AES-256,5000,2,2210,761.2490999963484,0.69449999864446,3.029300001799129,True,272.9444173809545
RSA+AES-256,5000,2,2211,237.1140999966883,0.6464000034611672,2.9283000039868057,True,272.9444173809545
RSA+AES-256,5000,2,2212,1295.2160000058939,0.5946000019321218,2.9442999948514625,True,272.9444173809545
RSA+AES-256,5000,2,2213,1028.324299993983,0.705099999322556,2.8880999961984344,True,272.9444173809545
RSA+AES-256,5000,2,2214,669.1276999990805,0.6461000011768192,2.9702999963774346,True,272.9444173809545
RSA+AES-256,5000,2,2215,327.73519999318523,0.6682999955955893,2.9828000042471103,True,272.9444173809545
RSA+AES-256,5000,2,2216,411.67439999844646,0.7026000021141954,2.9959999956190586,True,272.9444173809545
RSA+AES-256,5000,2,2217,466.19579999969574,0.6626999966101721,2.950900001451373,True,272.9444173809545
RSA+AES-256,5000,2,2218,950.2922000028775,0.6787000020267442,3.027599996130448,True,272.9444173809545
RSA+AES-256,5000,2,2219,377.661899998202,0.6579999972018413,3.114199993433431,True,272.9444173809545
RSA+AES-256,5000,2,2220,722.8548999992199,0.6834999949205667,2.995099996041972,True,272.9444173809545
RSA+AES-256,5000,2,2221,419.8004999998375,0.6290999954217114,2.890700001444202,True,272.9444173809545
RSA+AES-256,5000,2,2222,866.5748000057647,0.6515000059152953,3.106700001808349,True,272.9444173809545
RSA+AES-256,5000,2,2223,1079.5696999994107,0.6986999942455441,2.945799998997245,True,272.9444173809545
RSA+AES-256,5000,2,2224,1263.1446000013966,0.6470000007539056,2.999100004672073,True,272.9444173809545
RSA+AES-256,5000,2,2225,396.4085999978124,0.6901000015204772,2.988699998240918,True,272.9444173809545
RSA+AES-256,5000,2,2226,1183.6063000009744,0.6561000045621768,3.9317000046139583,True,272.9444173809545
RSA+AES-256,5000,2,2227,477.09719999693334,0.6874999962747097,2.960700003313832,True,272.9444173809545
RSA+AES-256,5000,2,2228,787.6345000040601,0.6902000022819266,3.0196000006981194,True,272.9444173809545
RSA+AES-256,5000,2,2229,1122.9279000035604,0.7207999951788224,3.0420999974012375,True,272.9444173809545
RSA+AES-256,5000,2,2230,112.27040000085253,0.5890000029467046,2.885200003220234,True,272.9444173809545
RSA+AES-256,5000,2,2231,621.2639999939711,0.6682000021100976,2.943200001027435,True,272.9444173809545
RSA+AES-256,5000,2,2232,596.3110999946366,0.6914999976288527,3.3059999987017363,True,272.9444173809545
RSA+AES-256,5000,2,2233,1198.0800999954226,0.6682000021100976,3.003600002557505,True,272.9444173809545
RSA+AES-256,5000,2,2234,2008.3180000001448,0.6762999983038753,3.4054999996442348,True,272.9444173809545
RSA+AES-256,5000,2,2235,928.827600000659,0.6792999993194826,2.912700001616031,True,272.9444173809545
RSA+AES-256,5000,2,2236,443.35290000162786,0.6045999980415218,2.962600003229454,True,272.9444173809545
RSA+AES-256,5000,2,2237,777.7717999997549,0.6458999996539205,2.837699998053722,True,272.9444173809545
RSA+AES-256,5000,2,2238,611.667999997735,0.6604000009247102,3.1211000023176894,True,272.9444173809545
RSA+AES-256,5000,2,2239,654.6261999974377,0.669599998218473,3.0508999989251606,True,272.9444173809545
RSA+AES-256,5000,2,2240,620.4752000048757,0.6783000062569045,2.918499994848389,True,272.9444173809545
RSA+AES-256,5000,2,2241,522.9036000018823,0.6730999957653694,2.956399999675341,True,272.9444173809545
RSA+AES-256,5000,2,2242,457.8294000020833,0.669400003971532,2.9418000049190596,True,272.9444173809545
RSA+AES-256,5000,2,2243,323.2905999975628,0.6549999961862341,2.9214000023785047,True,272.9444173809545
RSA+AES-256,5000,2,2244,368.2769000006374,0.6883999958517961,2.9466999985743314,True,272.9444173809545
RSA+AES-256,5000,2,2245,657.3176000019885,0.6123999992269091,2.9524999990826473,True,272.9444173809545
RSA+AES-256,5000,2,2246,449.884400004521,0.6895000042277388,3.0130000013741665,True,272.9444173809545
RSA+AES-256,5000,2,2247,1391.0574999972596,0.668499997118488,2.940300000773277,True,272.9444173809545
RSA+AES-256,5000,2,2248,537.279900003341,0.7650999978068285,2.9015999971306883,True,272.9444173809545
RSA+AES-256,5000,2,2249,464.54430000449065,0.6684000036329962,2.929200003563892,True,272.9444173809545
RSA+AES-256,5000,2,2250,1034.1936999975587,0.6638999984716065,3.205199995136354,True,272.9444173809545
RSA+AES-256,5000,2,2251,181.029799998214,0.6167000028654002,3.00470000365749,True,272.9444173809545
RSA+AES-256,5000,2,2252,194.0991999945254,0.6493000037153251,2.93690000398783,True,272.9444173809545
RSA+AES-256,5000,2,2253,597.2903000001679,0.699100004567299,2.9460000005201437,True,272.9444173809545
RSA+AES-256,5000,2,2254,678.9868999985629,0.6446999977924861,2.9496999995899387,True,272.9444173809545
RSA+AES-256,5000,2,2255,293.7090000050375,0.6798000031267293,2.9654000027221628,True,272.9444173809545
RSA+AES-256,5000,2,2256,430.44779999763705,0.694199996360112,2.962300000945106,True,272.9444173809545
RSA+AES-256,5000,2,2257,191.77140000101645,0.6242000017664395,2.946999993582722,True,272.9444173809545
RSA+AES-256,5000,2,2258,595.3312999990885,0.6200999996508472,2.980199999001343,True,272.9444173809545
RSA+AES-256,5000,2,2259,549.7568999999203,0.647100001515355,2.9264999975566752,True,272.9444173809545
RSA+AES-256,5000,2,2260,1970.9615000028862,0.6569999968633056,2.9321999973035417,True,272.9444173809545
RSA+AES-256,5000,2,2261,1091.5648000009242,0.6854000021121465,2.9275999986566603,True,272.9444173809545
RSA+AES-256,5000,2,2262,1174.3397000027471,0.6604000009247102,2.9066999995848164,True,272.9444173809545
RSA+AES-256,5000,2,2263,2477.6760000022477,0.7236000019474886,2.983899998071138,True,272.9444173809545
RSA+AES-256,5000,2,2264,505.68899999780115,0.6614999947487377,2.9294000050867908,True,272.9444173809545
RSA+AES-256,5000,2,2265,1131.9581999996444,0.6737000003340654,2.953800001705531,True,272.9444173809545
RSA+AES-256,5000,2,2266,173.09799999929965,0.7133999970392324,2.9924999980721623,True,272.9444173809545
RSA+AES-256,5000,2,2267,982.3277000032249,0.712499997462146,3.027999999176245,True,272.9444173809545
RSA+AES-256,5000,2,2268,743.4910000010859,0.7435000006807968,3.3892999999807216,True,272.9444173809545
RSA+AES-256,5000,2,2269,1998.4266999963438,0.7055000023683533,3.0617000011261553,True,272.9444173809545
RSA+AES-256,5000,2,2270,932.2965999963344,0.6723999977111816,2.9947000002721325,True,272.9444173809545
RSA+AES-256,5000,2,2271,574.8176000051899,0.686799998220522,2.965699997730553,True,272.9444173809545
RSA+AES-256,5000,2,2272,1497.102300003462,0.6387000030372292,2.8901000041514635,True,272.9444173809545
RSA+AES-256,5000,2,2273,409.19729999586707,0.6838000044808723,3.0020999984117225,True,272.9444173809545
RSA+AES-256,5000,2,2274,1574.2809000003035,0.6916999991517514,2.911700001277495,True,272.9444173809545
RSA+AES-256,5000,2,2275,135.1001000002725,0.5944000004092231,2.8873999981442466,True,272.9444173809545
RSA+AES-256,5000,2,2276,773.2464000000618,0.6787999955122359,3.267000000050757,True,272.9444173809545
RSA+AES-256,5000,2,2277,65.41329999890877,0.5848000000696629,3.1429999944521114,True,272.9444173809545
RSA+AES-256,5000,2,2278,804.1172000012011,0.6603000001632608,2.9280000017024577,True,272.9444173809545
RSA+AES-256,5000,2,2279,630.9451000051922,0.6553999992320314,2.9457000055117533,True,272.9444173809545
RSA+AES-256,5000,2,2280,699.9425000030897,0.6686999986413866,2.959100005682558,True,272.9444173809545
RSA+AES-256,5000,2,2281,263.54390000051353,0.6665999972028658,2.9037999993306585,True,272.9444173809545
RSA+AES-256,5000,2,2282,1313.2446999952663,0.7098999994923361,2.9088000010233372,True,272.9444173809545
RSA+AES-256,5000,2,2283,896.5552000008756,0.6595999948331155,2.9037999993306585,True,272.9444173809545
RSA+AES-256,5000,2,2284,683.2156000018585,0.6721000027027912,2.9541999974753708,True,272.9444173809545
RSA+AES-256,5000,2,2285,176.49720000190428,0.5988999982946552,2.97580000187736,True,272.9444173809545
RSA+AES-256,5000,2,2286,645.5085999987205,0.6590999983018264,2.8972999934921972,True,272.9444173809545
RSA+AES-256,5000,2,2287,1030.679900002724,0.6759000025340356,2.9833000007783994,True,272.9444173809545
RSA+AES-256,5000,2,2288,2265.80439999816,0.6511999963549897,3.1941999986884184,True,272.9444173809545
RSA+AES-256,5000,2,2289,1038.0753999997978,0.6569999968633056,2.882799999497365,True,272.9444173809545
RSA+AES-256,5000,2,2290,220.02389999397565,0.6458999996539205,2.968100001453422,True,272.9444173809545
RSA+AES-256,5000,2,2291,1079.4125999964308,0.6779000032111071,2.9254000037326477,True,272.9444173809545
RSA+AES-256,5000,2,2292,375.3618999980972,0.6607000032090582,2.9558000023826025,True,272.9444173809545
RSA+AES-256,5000,2,2293,197.12889999937033,0.6092999974498525,2.9460000005201437,True,272.9444173809545
RSA+AES-256,5000,2,2294,71.24950000434183,0.6173000001581386,2.9829000050085597,True,272.9444173809545
RSA+AES-256,5000,2,2295,1174.5050000026822,0.6530000027851202,2.8767999974661507,True,272.9444173809545
RSA+AES-256,5000,2,2296,517.2976000030758,0.6690000009257346,2.923799998825416,True,272.9444173809545
RSA+AES-256,5000,2,2297,678.3127000016975,0.6737000003340654,3.0335999981616624,True,272.9444173809545
RSA+AES-256,5000,2,2298,977.5321999986772,0.6617999970330857,2.93210000381805,True,272.9444173809545
RSA+AES-256,5000,2,2299,923.2688999982201,0.7008000029600225,2.9787999956170097,True,272.9444173809545
RSA+AES-256,5000,2,2300,323.1567999973777,0.6521000032080337,2.9057000065222383,True,272.9444173809545
RSA+AES-256,5000,2,2301,1069.0426000001025,0.6775000001653098,2.9288000005180947,True,272.9444173809545
RSA+AES-256,5000,2,2302,475.2615999968839,0.6828999976278283,2.9184000013628975,True,272.9444173809545
RSA+AES-256,5000,2,2303,1537.3550999938743,0.7015000010142103,3.4248000010848045,True,272.9444173809545
RSA+AES-256,5000,2,2304,640.7203999988269,0.6573999999091029,2.9169999979785644,True,272.9444173809545
RSA+AES-256,5000,2,2305,350.9522000022116,0.6861000001663342,2.9844000018783845,True,272.9444173809545
RSA+AES-256,5000,2,2306,996.2983000004897,0.6672000017715618,2.9741000034846365,True,272.9444173809545
RSA+AES-256,5000,2,2307,940.617200001725,0.6637999977101572,2.982700003485661,True,272.9444173809545
RSA+AES-256,5000,2,2308,305.6953000050271,0.6164000005810522,3.0060999997658655,True,272.9444173809545
RSA+AES-256,5000,2,2309,1217.5924999974086,0.6342000051517971,2.8964000011910684,True,272.9444173809545
RSA+AES-256,5000,2,2310,79.19620000029681,0.6269000004976988,2.98579999798676,True,272.9444173809545
RSA+AES-256,5000,2,2311,56.54589999903692,0.5898000017623417,3.0020000049262308,True,272.9444173809545
RSA+AES-256,5000,2,2312,497.17210000380874,0.6968000016058795,3.010200001881458,True,272.9444173809545
RSA+AES-256,5000,2,2313,311.8216999937431,0.6721000027027912,2.950900001451373,True,272.9444173809545
RSA+AES-256,5000,2,2314,801.8874000044889,0.6642999942414463,2.94949999806704,True,272.9444173809545
RSA+AES-256,5000,2,2315,748.7827999939327,0.7047000035527162,3.000400000018999,True,272.9444173809545
RSA+AES-256,5000,2,2316,694.6392000027117,0.6692000024486333,2.969599998323247,True,272.9444173809545
RSA+AES-256,5000,2,2317,1161.6543999989517,0.6675999975414015,2.9653000019607134,True,272.9444173809545
RSA+AES-256,5000,2,2318,994.5210000005318,0.6750999964424409,3.024199999345001,True,272.9444173809545
RSA+AES-256,5000,2,2319,365.4119000057108,0.6802999996580184,2.9598999972222373,True,272.9444173809545
RSA+AES-256,5000,2,2320,1793.7085000012303,0.6227999983821064,3.061900002649054,True,272.9444173809545
RSA+AES-256,5000,2,2321,811.578400003782,0.644200001261197,3.0191000041668303,True,272.9444173809545
RSA+AES-256,5000,2,2322,296.0920999976224,0.6284000046434812,2.940200000011828,True,272.9444173809545
RSA+AES-256,5000,2,2323,467.74159999768017,0.6683999963570386,2.88360000558896,True,272.9444173809545
RSA+AES-256,5000,2,2324,983.8288000028115,0.6758000017725863,2.9178999975556508,True,272.9444173809545
RSA+AES-256,5000,2,2325,799.6800999972038,0.6836000029579736,3.3155999990412965,True,272.9444173809545
RSA+AES-256,5000,2,2326,134.6387000012328,0.5822999955853447,2.8888000015285797,True,272.9444173809545
RSA+AES-256,5000,2,2327,940.7581999985268,0.6915999983903021,3.0409999963012524,True,272.9444173809545
RSA+AES-256,5000,2,2328,779.4128000023193,0.6910000010975637,2.9646999973920174,True,272.9444173809545
RSA+AES-256,5000,2,2329,457.8509999992093,0.680500001180917,2.97359999967739,True,272.9444173809545
RSA+AES-256,5000,2,2330,1382.2662999955355,0.6666999979643151,2.9176000025472604,True,272.9444173809545
RSA+AES-256,5000,2,2331,106.60249999637017,0.5798999991384335,3.018700001121033,True,272.9444173809545
RSA+AES-256,5000,2,2332,317.7817999967374,0.6686999986413866,2.971800000523217,True,272.9444173809545
RSA+AES-256,5000,2,2333,1697.306000001845,0.666200001433026,3.0398000017157756,True,272.9444173809545
RSA+AES-256,5000,2,2334,823.2605000011972,0.6695000047329813,3.0073999951127917,True,272.9444173809545
RSA+AES-256,5000,2,2335,1898.3840000000782,0.6577000021934509,3.0160000023897737,True,272.9444173809545
RSA+AES-256,5000,2,2336,303.5537000032491,0.6244000032893382,2.9914999977336265,True,272.9444173809545
RSA+AES-256,5000,2,2337,617.1614000049885,0.662500002363231,2.881899999920279,True,272.9444173809545
RSA+AES-256,5000,2,2338,587.3861000000034,0.7280999998329207,3.0086000042501837,True,272.9444173809545
RSA+AES-256,5000,2,2339,737.158099997032,0.6828000041423365,2.8996000037295744,True,272.9444173809545
RSA+AES-256,5000,2,2340,1100.3641999996034,0.6819999980507419,2.976499999931548,True,272.9444173809545
RSA+AES-256,5000,2,2341,456.0436000028858,0.6810999984736554,2.9532000044127926,True,272.9444173809545
RSA+AES-256,5000,2,2342,1378.6694000009447,0.6828999976278283,2.9811999993398786,True,272.9444173809545
RSA+AES-256,5000,2,2343,834.2850999979419,0.6074999982956797,2.956099997390993,True,272.9444173809545
RSA+AES-256,5000,2,2344,97.78590000496479,0.6133999995654449,2.907099995354656,True,272.9444173809545
RSA+AES-256,5000,2,2345,865.3482000008808,0.6188999977894127,2.9405999957816675,True,272.9444173809545
RSA+AES-256,5000,2,2346,461.36290000140434,0.6636000034632161,2.8923999998369254,True,272.9444173809545
RSA+AES-256,5000,2,2347,562.0748000001186,0.6893999961903319,2.9429000060190447,True,272.9444173809545
RSA+AES-256,5000,2,2348,490.9174999993411,0.701400000252761,2.994499998749234,True,272.9444173809545
RSA+AES-256,5000,2,2349,290.85369999666,0.6883000023663044,3.0050999994273297,True,272.9444173809545
RSA+AES-256,5000,2,2350,341.5741999997408,0.6812999999965541,2.9699999940930866,True,272.9444173809545
RSA+AES-256,5000,2,2351,571.018799993908,0.676499999826774,3.01469999976689,True,272.9444173809545
RSA+AES-256,5000,2,2352,809.2532000009669,0.6701000020257197,3.00250000145752,True,272.9444173809545
RSA+AES-256,5000,2,2353,1409.8677000001771,0.6349000032059848,2.997199997480493,True,272.9444173809545
RSA+AES-256,5000,2,2354,632.4986000036006,0.6546000004163943,2.973900001961738,True,272.9444173809545
RSA+AES-256,5000,2,2355,409.42619999987073,0.6930000017746352,2.98099999781698,True,272.9444173809545
RSA+AES-256,5000,2,2356,647.7980999989086,0.6725000057485886,2.9694999975617975,True,272.9444173809545
RSA+AES-256,5000,2,2357,501.5648999979021,0.6490000014309771,2.9092000040691346,True,272.9444173809545
RSA+AES-256,5000,2,2358,287.34749999421183,0.6250999940675683,2.979500000947155,True,272.9444173809545
RSA+AES-256,5000,2,2359,1264.13329999923,0.6845999960205518,2.9543999989982694,True,272.9444173809545
RSA+AES-256,5000,2,2360,1631.6558999969857,0.6487999999080785,2.880899999581743,True,272.9444173809545
RSA+AES-256,5000,2,2361,157.34649999649264,0.6604999944102019,3.0408000020543113,True,272.9444173809545
RSA+AES-256,5000,2,2362,239.00120000325842,0.6817000030423515,3.073300002142787,True,272.9444173809545
RSA+AES-256,5000,2,2363,860.5757999976049,0.785099997301586,3.027200000360608,True,272.9444173809545
RSA+AES-256,5000,2,2364,608.2030999968993,0.6049000003258698,3.0115999979898334,True,272.9444173809545
RSA+AES-256,5000,2,2365,1192.3641999965184,0.6071999960113317,3.081499999098014,True,272.9444173809545
RSA+AES-256,5000,2,2366,114.61899999994785,0.6106000000727363,2.8986999968765303,True,272.9444173809545
RSA+AES-256,5000,2,2367,474.22309999819845,0.6522000039694831,2.9976000005262904,True,272.9444173809545
RSA+AES-256,5000,2,2368,421.5900999988662,0.6519000016851351,2.8669000021182,True,272.9444173809545
RSA+AES-256,5000,2,2369,629.2089999988093,0.6773999994038604,2.923300002294127,True,272.9444173809545
RSA+AES-256,5000,2,2370,390.7922999933362,0.655100004223641,2.9651000004378147,True,272.9444173809545
RSA+AES-256,5000,2,2371,1074.6479999943404,0.6657999983872287,3.4075000003213063,True,272.9444173809545
RSA+AES-256,5000,2,2372,540.2345000038622,0.6722999969497323,2.922300001955591,True,272.9444173809545
RSA+AES-256,5000,2,2373,66.76359999983106,0.6173000001581386,2.980500001285691,True,272.9444173809545
RSA+AES-256,5000,2,2374,2015.4169000015827,0.680199998896569,2.977100004500244,True,272.9444173809545
RSA+AES-256,5000,2,2375,174.1900999986683,0.6443000020226464,2.951599999505561,True,272.9444173809545
RSA+AES-256,5000,2,2376,103.86599999765167,0.596199999563396,2.8708999961963855,True,272.9444173809545
RSA+AES-256,5000,2,2377,201.183500001207,0.6076999998185784,2.9140000042389147,True,272.9444173809545
RSA+AES-256,5000,2,2378,90.09700000024168,0.632800001767464,3.0107999991741963,True,272.9444173809545
RSA+AES-256,5000,2,2379,644.3317999946885,0.6441000004997477,2.9158999968785793,True,272.9444173809545
RSA+AES-256,5000,2,2380,81.32389999809675,0.5930000043008476,2.8659000017796643,True,272.9444173809545
RSA+AES-256,5000,2,2381,473.3078999997815,0.6708000000799075,2.8868000008515082,True,272.9444173809545
RSA+AES-256,5000,2,2382,1500.8801000003587,0.7392000043182634,3.196399993612431,True,272.9444173809545
RSA+AES-256,5000,2,2383,419.74589999881573,0.6874999962747097,3.045000004931353,True,272.9444173809545
RSA+AES-256,5000,2,2384,698.104199997033,0.6219000060809776,3.0006000015418977,True,272.9444173809545
RSA+AES-256,5000,2,2385,253.20900000224356,0.6573999999091029,2.951299997221213,True,272.9444173809545
RSA+AES-256,5000,2,2386,1908.1531000047107,0.6676999983028509,2.9913000034866855,True,272.9444173809545
RSA+AES-256,5000,2,2387,793.2383000006666,0.6087000001571141,2.968100001453422,True,272.9444173809545
RSA+AES-256,5000,2,2388,607.2581999978865,0.6902999957674183,2.9345000002649613,True,272.9444173809545
RSA+AES-256,5000,2,2389,563.2802999971318,0.6782999989809468,3.182699998433236,True,272.9444173809545
RSA+AES-256,5000,2,2390,797.4969999995665,0.650499998300802,2.9313999984879047,True,272.9444173809545
RSA+AES-256,5000,2,2391,485.213299994939,0.6676999983028509,2.948600005765911,True,272.9444173809545
RSA+AES-256,5000,2,2392,959.9749999979394,0.6750999964424409,2.958799996122252,True,272.9444173809545
RSA+AES-256,5000,2,2393,1242.3473000017111,0.676199997542426,3.432299999985844,True,272.9444173809545
RSA+AES-256,5000,2,2394,293.64039999927627,0.6461000011768192,2.970200002891943,True,272.9444173809545
RSA+AES-256,5000,2,2395,209.0494000003673,0.6636999969487078,3.0182999980752356,True,272.9444173809545
RSA+AES-256,5000,2,2396,957.4474999972153,0.6645000030403025,2.978099997562822,True,272.9444173809545
RSA+AES-256,5000,2,2397,819.6097000036389,0.6690000009257346,2.9888999997638166,True,272.9444173809545
RSA+AES-256,5000,2,2398,493.56089999491815,0.6616000027861446,3.0273000011220574,True,272.9444173809545
RSA+AES-256,5000,2,2399,211.25749999919208,0.6339000028674491,3.1648000003769994,True,272.9444173809545
RSA+AES-256,5000,2,2400,702.2438000058173,0.6901000015204772,2.9646000039065257,True,272.9444173809545
RSA+AES-256,5000,2,2401,1337.9820999980439,0.6066999994800426,2.970000001369044,True,272.9444173809545
RSA+AES-256,5000,2,2402,365.7851000025403,0.6820999988121912,2.962999998999294,True,272.9444173809545
RSA+AES-256,5000,2,2403,991.2396999934572,0.6875000035506673,3.0284000022220425,True,272.9444173809545
RSA+AES-256,5000,2,2404,169.23099999985425,0.6740000026184134,2.9108999951859005,True,272.9444173809545
RSA+AES-256,5000,2,2405,1104.5920999968075,0.6568000026163645,2.8851000024587847,True,272.9444173809545
RSA+AES-256,5000,2,2406,934.0152000004309,0.6465000042226166,3.0602000042563304,True,272.9444173809545
RSA+AES-256,5000,2,2407,1353.4052000031807,0.6683000028715469,2.9767000014544465,True,272.9444173809545
RSA+AES-256,5000,2,2408,788.4047999978065,0.6825000018579885,2.9951999968034215,True,272.9444173809545
RSA+AES-256,5000,2,2409,364.4897000049241,0.6347000016830862,2.9264000040711835,True,272.9444173809545
RSA+AES-256,5000,2,2410,351.83880000113277,0.723099998140242,2.991699999256525,True,272.9444173809545
RSA+AES-256,5000,2,2411,419.2112000018824,0.6600999986403622,2.942899998743087,True,272.9444173809545
RSA+AES-256,5000,2,2412,387.439699996321,0.6279000008362345,2.8741999994963408,True,272.9444173809545
RSA+AES-256,5000,2,2413,676.1570000016945,0.6933000040589832,2.9005999967921525,True,272.9444173809545
RSA+AES-256,5000,2,2414,1614.6073000054457,0.6628999981330708,3.085700001975056,True,272.9444173809545
RSA+AES-256,5000,2,2415,479.66530000121566,0.6619999985559843,2.8764999951818027,True,272.9444173809545
RSA+AES-256,5000,2,2416,1349.811400003091,0.6738999945810065,3.1435999990208074,True,272.9444173809545
RSA+AES-256,5000,2,2417,691.5618000057293,0.6129000030341558,2.9787999956170097,True,272.9444173809545
RSA+AES-256,5000,2,2418,552.6940999989165,0.6991999980527908,3.003100006026216,True,272.9444173809545
RSA+AES-256,5000,2,2419,354.90469999786,0.6506999998237006,2.842699999746401,True,272.9444173809545
RSA+AES-256,5000,2,2420,792.4672000008286,0.6734999988111667,2.9275000051711686,True,272.9444173809545
RSA+AES-256,5000,2,2421,386.3928999999189,0.607900001341477,2.9940000022179447,True,272.9444173809545
RSA+AES-256,5000,2,2422,847.1817000026931,0.635899996268563,2.986599996802397,True,272.9444173809545
RSA+AES-256,5000,2,2423,1149.0691999933915,0.6567000018549152,2.9538999951910228,True,272.9444173809545
RSA+AES-256,5000,2,2424,217.18050000345102,0.6734999988111667,2.9709000009461306,True,272.9444173809545
RSA+AES-256,5000,2,2425,1797.7984000026481,0.7212000055005774,2.9397999969660304,True,272.9444173809545
RSA+AES-256,5000,2,2426,331.5309999961755,0.6826000026194379,3.0196000006981194,True,272.9444173809545
RSA+AES-256,5000,2,2427,538.6238999999478,0.662000005831942,2.9412000003503636,True,272.9444173809545
RSA+AES-256,5000,2,2428,312.40819999948144,0.6210999999893829,2.970399997138884,True,272.9444173809545
RSA+AES-256,5000,2,2429,526.5761999980896,0.651599999400787,2.899800005252473,True,272.9444173809545
RSA+AES-256,5000,2,2430,433.4004999982426,0.6486999991466291,2.9136000011931174,True,272.9444173809545
RSA+AES-256,5000,2,2431,1252.1758999937447,0.6497999929706566,3.2712000029277988,True,272.9444173809545
RSA+AES-256,5000,2,2432,241.85469999792986,0.6348000024445355,2.9751000038231723,True,272.9444173809545
RSA+AES-256,5000,2,2433,458.2379999992554,0.6582999994861893,2.931199996965006,True,272.9444173809545
RSA+AES-256,5000,2,2434,752.2949999984121,0.6966000000829808,2.971999994770158,True,272.9444173809545
RSA+AES-256,5000,2,2435,2158.8158999948064,0.6276999993133359,2.973700000438839,True,272.9444173809545
RSA+AES-256,5000,2,2436,297.3965000055614,0.6683999963570386,2.9103999986546114,True,272.9444173809545
RSA+AES-256,5000,2,2437,980.8016999959364,0.6869999997434206,3.034800000023097,True,272.9444173809545
RSA+AES-256,5000,2,2438,562.367999998969,0.6939999948372133,2.92250000347849,True,272.9444173809545
RSA+AES-256,5000,2,2439,1004.9557000020286,0.6441999939852394,2.906100002292078,True,272.9444173809545
RSA+AES-256,5000,2,2440,675.5661999995937,0.6916000056662597,2.9958000013721175,True,272.9444173809545
RSA+AES-256,5000,2,2441,790.8749000052921,0.6940000021131709,3.022400000190828,True,272.9444173809545
RSA+AES-256,5000,2,2442,1289.560999997775,0.6702000027871691,2.878799998143222,True,272.9444173809545
RSA+AES-256,5000,2,2443,664.3240000048536,0.6675999975414015,2.940499995020218,True,272.9444173809545
RSA+AES-256,5000,2,2444,2095.7927999988897,0.6168000036268495,2.9451000009430572,True,272.9444173809545
RSA+AES-256,5000,2,2445,592.9249999971944,0.6556999942404218,2.9715000055148266,True,272.9444173809545
RSA+AES-256,5000,2,2446,58.5780999972485,0.5721999987144955,2.922600004239939,True,272.9444173809545
RSA+AES-256,5000,2,2447,841.7992999966373,0.6758000017725863,2.9696000055992045,True,272.9444173809545
RSA+AES-256,5000,2,2448,846.0851999989245,0.6823000003350899,2.9462000020430423,True,272.9444173809545
RSA+AES-256,5000,2,2449,598.7587999989046,0.6296999999904074,2.9913000034866855,True,272.9444173809545
RSA+AES-256,5000,2,2450,588.1377999976394,0.6648999988101423,2.927800000179559,True,272.9444173809545
RSA+AES-256,5000,2,2451,1862.1415000015986,0.6791999985580333,2.9572999992524274,True,272.9444173809545
RSA+AES-256,5000,2,2452,107.79330000514165,0.6114999996498227,2.9203000012785196,True,272.9444173809545
RSA+AES-256,5000,2,2453,322.3020000004908,0.6601000059163198,2.978700002131518,True,272.9444173809545
RSA+AES-256,5000,2,2454,2164.1931000049226,0.6681000013486482,2.9820000054314733,True,272.9444173809545
RSA+AES-256,5000,2,2455,521.5662000045995,0.6853999948361889,3.011600005265791,True,272.9444173809545
RSA+AES-256,5000,2,2456,154.60609999718145,0.6790999977965839,3.010699998412747,True,272.9444173809545
RSA+AES-256,5000,2,2457,1167.6259000014397,0.657899996440392,2.951599999505561,True,272.9444173809545
RSA+AES-256,5000,2,2458,439.12060000002384,0.6352999989758246,2.98800000018673,True,272.9444173809545
RSA+AES-256,5000,2,2459,1008.6879000009503,0.6272000027820468,2.94949999806704,True,272.9444173809545
RSA+AES-256,5000,2,2460,546.5508000052068,0.6826000026194379,3.0363000041688792,True,272.9444173809545
RSA+AES-256,5000,2,2461,695.2578999989782,0.661899997794535,2.9895999978180043,True,272.9444173809545
RSA+AES-256,5000,2,2462,668.983900002786,0.6706999993184581,2.8979999988223426,True,272.9444173809545
RSA+AES-256,5000,2,2463,495.74240000220016,0.6597000028705224,2.925599997979589,True,272.9444173809545
RSA+AES-256,5000,2,2464,568.3736999999383,0.6690999944112264,2.923300002294127,True,272.9444173809545
RSA+AES-256,5000,2,2465,627.8250999966986,0.6295000057434663,2.9778000025544316,True,272.9444173809545
RSA+AES-256,5000,2,2466,988.0801999970572,0.6843000010121614,2.9642000008607283,True,272.9444173809545
RSA+AES-256,5000,2,2467,349.46839999611257,0.6520000024465844,2.9304000054253265,True,272.9444173809545
RSA+AES-256,5000,2,2468,1301.4738999991096,0.6577000021934509,2.8751999998348765,True,272.9444173809545
RSA+AES-256,5000,2,2469,451.80579999578185,0.6637999977101572,2.932600000349339,True,272.9444173809545
RSA+AES-256,5000,2,2470,296.1996000012732,0.6632000004174188,3.015199996298179,True,272.9444173809545
RSA+AES-256,5000,2,2471,2103.393400000641,0.6492999964393675,2.886700000090059,True,272.9444173809545
RSA+AES-256,5000,2,2472,649.1470000037225,0.614699994912371,3.026099999260623,True,272.9444173809545
RSA+AES-256,5000,2,2473,3189.426100005221,0.6759999960195273,2.9121000043232925,True,272.9444173809545
RSA+AES-256,5000,2,2474,734.1921999977785,0.6530000027851202,2.9477999996743165,True,272.9444173809545
RSA+AES-256,5000,2,2475,393.2076000055531,0.6446999977924861,2.877699997043237,True,272.9444173809545
RSA+AES-256,5000,2,2476,183.51470000197878,0.6142999991425313,2.8854999982286245,True,272.9444173809545
RSA+AES-256,5000,2,2477,714.0810999990208,0.650499998300802,2.8770999997504987,True,272.9444173809545
RSA+AES-256,5000,2,2478,327.52800000162097,0.7351999956881627,2.9525999998440966,True,272.9444173809545
RSA+AES-256,5000,2,2479,1357.237600001099,0.6762999983038753,3.0350000015459955,True,272.9444173809545
RSA+AES-256,5000,2,2480,555.2626999997301,0.6732999972882681,3.041599993593991,True,272.9444173809545
RSA+AES-256,5000,2,2481,906.5417999954661,0.683400001435075,2.886000002035871,True,272.9444173809545
RSA+AES-256,5000,2,2482,1028.4145000041462,0.6441000004997477,2.8804999965359457,True,272.9444173809545
RSA+AES-256,5000,2,2483,1479.843200002506,0.6989999965298921,3.0210000040824525,True,272.9444173809545
RSA+AES-256,5000,2,2484,569.4556999951601,0.7104000032995827,2.949300003820099,True,272.9444173809545
RSA+AES-256,5000,2,2485,1472.2451000052388,0.6103999985498376,2.9844000018783845,True,272.9444173809545
RSA+AES-256,5000,2,2486,462.9733999972814,0.6922000029589981,2.9761999976472,True,272.9444173809545
RSA+AES-256,5000,2,2487,428.3632000006037,0.6744000056642108,2.9601999995065853,True,272.9444173809545
RSA+AES-256,5000,2,2488,529.6061000044574,0.6560999972862191,2.8686000005109236,True,272.9444173809545
RSA+AES-256,5000,2,2489,401.3775000057649,0.6796000016038306,2.9704000044148415,True,272.9444173809545
RSA+AES-256,5000,2,2490,297.76339999807533,0.6775000001653098,3.146700000797864,True,272.9444173809545
RSA+AES-256,5000,2,2491,1457.5478000042494,0.6526000070152804,2.8755999956047162,True,272.9444173809545
RSA+AES-256,5000,2,2492,2368.380599997181,0.6721000027027912,2.8873999981442466,True,272.9444173809545
RSA+AES-256,5000,2,2493,184.8621000026469,0.6719000011798926,3.0163999981596135,True,272.9444173809545
RSA+AES-256,5000,2,2494,1018.1751000054646,0.6999999968684278,2.989000000525266,True,272.9444173809545
RSA+AES-256,5000,2,2495,646.752299995569,0.6582999994861893,2.94209999992745,True,272.9444173809545
RSA+AES-256,5000,2,2496,858.6711000025389,0.6677999990643002,3.44549999863375,True,272.9444173809545
RSA+AES-256,5000,2,2497,1268.9892999987933,0.6606000024476089,2.960400001029484,True,272.9444173809545
RSA+AES-256,5000,2,2498,385.63520000025164,0.6611999997403473,2.8946999955223873,True,272.9444173809545
RSA+AES-256,5000,2,2499,414.90519999933895,0.6537000008393079,2.885599998990074,True,272.9444173809545
RSA+AES-256,5000,2,2500,585.4753000021446,0.6862000009277835,2.8622000027098693,True,272.9444173809545
RSA+AES-256,5000,2,2501,555.582000000868,0.6443000020226464,2.8994000022066757,True,272.9444173809545
RSA+AES-256,5000,2,2502,610.5192999966675,0.6959000020287931,2.983899998071138,True,272.9444173809545
RSA+AES-256,5000,2,2503,320.42929999443004,0.6556000007549301,3.0963000026531518,True,272.9444173809545
RSA+AES-256,5000,2,2504,1559.5792000021902,0.6300000022747554,3.0094999965513125,True,272.9444173809545
RSA+AES-256,5000,2,2505,857.2710000007646,0.7393999985652044,3.278899996075779,True,272.9444173809545
RSA+AES-256,5000,2,2506,441.8205999972997,0.7272000002558343,3.5284000041428953,True,272.9444173809545
RSA+AES-256,5000,2,2507,418.93870000058087,0.6426000036299229,3.0926999970688485,True,272.9444173809545
RSA+AES-256,5000,2,2508,1117.4994000029983,0.669100001687184,2.9694000040763058,True,272.9444173809545
RSA+AES-256,5000,2,2509,330.74610000039684,0.6782999989809468,3.008100000442937,True,272.9444173809545
RSA+AES-256,5000,2,2510,324.82080000045244,0.6501000025309622,2.924100001109764,True,272.9444173809545
RSA+AES-256,5000,2,2511,721.2139000039315,0.662500002363231,2.93729999975767,True,272.9444173809545
RSA+AES-256,5000,2,2512,924.9051999941003,0.6624000016017817,3.3038000037777238,True,272.9444173809545
RSA+AES-256,5000,2,2513,965.5702000018209,0.6315999999060296,2.8671999971265905,True,272.9444173809545
RSA+AES-256,5000,2,2514,1645.0093000021297,0.6616000027861446,3.1277000016416423,True,272.9444173809545
RSA+AES-256,5000,2,2515,1058.193199998641,0.6652000010944903,2.9521000033128075,True,272.9444173809545
RSA+AES-256,5000,2,2516,1029.522500000894,0.6642999942414463,2.9576000015367754,True,272.9444173809545
RSA+AES-256,5000,2,2517,396.376999997301,0.625900000159163,2.9078000006848015,True,272.9444173809545
RSA+AES-256,5000,2,2518,1032.0896999983233,0.6557999950018711,2.9209000058472157,True,272.9444173809545
RSA+AES-256,5000,2,2519,343.1200000050012,0.6812000065110624,2.9104999994160607,True,272.9444173809545
RSA+AES-256,5000,2,2520,809.8179000007804,0.6820999988121912,2.9933999976492487,True,272.9444173809545
RSA+AES-256,5000,2,2521,287.19969999656314,0.6645999965257943,3.667099997983314,True,272.9444173809545
RSA+AES-256,5000,2,2522,426.6903000025195,0.6811999992351048,2.898099999583792,True,272.9444173809545
RSA+AES-256,5000,2,2523,1865.5119000031846,0.6868999989819713,2.932600000349339,True,272.9444173809545
RSA+AES-256,5000,2,2524,239.74509999970905,0.6394000010914169,2.877399994758889,True,272.9444173809545
RSA+AES-256,5000,2,2525,372.51459999970393,0.6416999967768788,2.977099997224286,True,272.9444173809545
RSA+AES-256,5000,2,2526,736.8586999946274,0.6568000026163645,2.890000003390014,True,272.9444173809545
RSA+AES-256,5000,2,2527,186.66790000133915,0.6480999945779331,2.8701999981421977,True,272.9444173809545
RSA+AES-256,5000,2,2528,867.0112999971025,0.6754999994882382,3.058700000110548,True,272.9444173809545
RSA+AES-256,5000,2,2529,277.8059999982361,0.6390999988070689,2.9433000017888844,True,272.9444173809545
RSA+AES-256,5000,2,2530,425.8988000001409,0.65819999872474,2.8993000014452264,True,272.9444173809545
RSA+AES-256,5000,2,2531,708.6180999976932,0.6597999963560142,2.871900003810879,True,272.9444173809545
RSA+AES-256,5000,2,2532,1082.596399995964,0.6723000042256899,3.384099996765144,True,272.9444173809545
RSA+AES-256,5000,2,2533,85.81849999609403,0.6087000001571141,2.977100004500244,True,272.9444173809545
RSA+AES-256,5000,2,2534,480.8798999947612,0.6522999974549748,2.9222999946796335,True,272.9444173809545
RSA+AES-256,5000,2,2535,484.61240000324324,0.5971999999019317,2.957699995022267,True,272.9444173809545
RSA+AES-256,5000,2,2536,884.6693000014056,0.6714999981340952,2.9088000010233372,True,272.9444173809545
RSA+AES-256,5000,2,2537,1109.8318000003928,0.658500001009088,2.8873999981442466,True,272.9444173809545
RSA+AES-256,5000,2,2538,1095.0517000019317,0.6610999989788979,2.932600000349339,True,272.9444173809545
RSA+AES-256,5000,2,2539,1155.8374999949592,0.6375999946612865,3.3609000020078383,True,272.9444173809545
RSA+AES-256,5000,2,2540,296.1293999978807,0.6370999981299974,2.8986999968765303,True,272.9444173809545
RSA+AES-256,5000,2,2541,615.6221999990521,0.6640999999945052,2.98060000204714,True,272.9444173809545
RSA+AES-256,5000,2,2542,334.6425999989151,0.6339000028674491,2.928100002463907,True,272.9444173809545
RSA+AES-256,5000,2,2543,876.9904999935534,0.6613000005017966,2.9837000038241968,True,272.9444173809545
RSA+AES-256,5000,2,2544,399.5361999986926,0.6178000039653853,2.9206000035628676,True,272.9444173809545
RSA+AES-256,5000,2,2545,561.5888999964227,0.6493000037153251,2.939199999673292,True,272.9444173809545
RSA+AES-256,5000,2,2546,2444.234199996572,0.6823000003350899,3.247700005886145,True,272.9444173809545
RSA+AES-256,5000,2,2547,712.7792000028421,0.6741000033798628,2.9646000039065257,True,272.9444173809545
RSA+AES-256,5000,2,2548,1018.9782000015839,0.6539000023622066,2.9098999948473647,True,272.9444173809545
RSA+AES-256,5000,2,2549,1293.060299998615,0.6493999972008169,2.9563000061898492,True,272.9444173809545
RSA+AES-256,5000,2,2550,733.8786000036635,0.669100001687184,2.8888000015285797,True,272.9444173809545
RSA+AES-256,5000,2,2551,493.03250000230037,0.6590999983018264,2.9209000058472157,True,272.9444173809545
RSA+AES-256,5000,2,2552,1233.8782999941031,0.675899995258078,2.9544999997597188,True,272.9444173809545
RSA+AES-256,5000,2,2553,506.76430000021355,0.6224999960977584,2.9686000052606687,True,272.9444173809545
RSA+AES-256,5000,2,2554,457.34129999618744,0.647599998046644,2.8734000006807037,True,272.9444173809545
RSA+AES-256,5000,2,2555,721.8356000012136,0.6830000056652352,2.9125000000931323,True,272.9444173809545
RSA+AES-256,5000,2,2556,120.09599999873899,0.6582999994861893,2.977200005261693,True,272.9444173809545
RSA+AES-256,5000,2,2557,576.0177000047406,0.6877999985590577,3.0408000020543113,True,272.9444173809545
RSA+AES-256,5000,2,2558,495.1225000040722,0.6700999947497621,2.9661000007763505,True,272.9444173809545
RSA+AES-256,5000,2,2559,479.77060000266647,0.6635999961872585,3.186399997503031,True,272.9444173809545
RSA+AES-256,5000,2,2560,1903.455399995437,0.644500003545545,2.9078000006848015,True,272.9444173809545
RSA+AES-256,5000,2,2561,1299.4037000025855,0.6219999995664693,2.9850999999325722,True,272.9444173809545
RSA+AES-256,5000,2,2562,175.53680000128224,0.9215000027325004,3.0411000043386593,True,272.9444173809545
RSA+AES-256,5000,2,2563,490.5030000008992,0.636500000837259,2.898099999583792,True,272.9444173809545
RSA+AES-256,5000,2,2564,323.67640000302345,0.6517000001622364,2.9484999977285042,True,272.9444173809545
RSA+AES-256,5000,2,2565,1041.4098000037484,0.6846000032965094,2.952399998321198,True,272.9444173809545
RSA+AES-256,5000,2,2566,505.1037000012002,0.6714999981340952,2.8909000029671006,True,272.9444173809545
RSA+AES-256,5000,2,2567,1050.2607999951579,0.650499998300802,2.886899994337,True,272.9444173809545
RSA+AES-256,5000,2,2568,774.7553000008338,0.6799999973736703,3.009399995789863,True,272.9444173809545
RSA+AES-256,5000,2,2569,997.5166999938665,0.6550999969476834,2.908500006014947,True,272.9444173809545
RSA+AES-256,5000,2,2570,460.4998000068008,0.6676999983028509,3.001500001118984,True,272.9444173809545
RSA+AES-256,5000,2,2571,729.5825999972294,0.6790999977965839,2.992200003063772,True,272.9444173809545
RSA+AES-256,5000,2,2572,369.12699999811593,0.6646999972872436,2.932600000349339,True,272.9444173809545
RSA+AES-256,5000,2,2573,1848.1237000014517,0.64820000261534,2.8725000011036173,True,272.9444173809545
RSA+AES-256,5000,2,2574,607.4271000034059,0.6668999994872138,2.947200002381578,True,272.9444173809545
RSA+AES-256,5000,2,2575,747.3131000006106,0.7008999964455143,3.0101999946055003,True,272.9444173809545
RSA+AES-256,5000,2,2576,1137.2289000064484,0.6410000059986487,2.867399998649489,True,272.9444173809545
RSA+AES-256,5000,2,2577,824.9539999960689,0.6706000058329664,2.9246999984025024,True,272.9444173809545
RSA+AES-256,5000,2,2578,443.39010000112467,0.646799999231007,2.9506999999284744,True,272.9444173809545
RSA+AES-256,5000,2,2579,865.6131000025198,0.6572999991476536,2.952200004074257,True,272.9444173809545
RSA+AES-256,5000,2,2580,262.89320000068983,0.6779999966965988,2.9709000009461306,True,272.9444173809545
RSA+AES-256,5000,2,2581,911.0369999980321,0.7003000064287335,2.914799995778594,True,272.9444173809545
RSA+AES-256,5000,2,2582,569.3350000001374,0.9619999982533045,4.719700002169702,True,272.9444173809545
RSA+AES-256,5000,2,2583,114.61730000155512,0.6243000025278889,3.260799996496644,True,272.9444173809545
RSA+AES-256,5000,2,2584,464.0288000009605,0.6319000021903776,2.8811000011046417,True,272.9444173809545
RSA+AES-256,5000,2,2585,884.285500003898,0.6664999964414164,2.9237000053399242,True,272.9444173809545
RSA+AES-256,5000,2,2586,1558.345700002974,0.6304999988060445,3.0203999995137565,True,272.9444173809545
RSA+AES-256,5000,2,2587,1249.148900002183,0.6490000014309771,3.0688999977428466,True,272.9444173809545
RSA+AES-256,5000,2,2588,1769.2744999949355,0.6302999972831458,2.9584000003524125,True,272.9444173809545
RSA+AES-256,5000,2,2589,599.1327000010642,0.719700001354795,2.976299998408649,True,272.9444173809545
RSA+AES-256,5000,2,2590,271.8913999997312,0.6664000029559247,2.9704000044148415,True,272.9444173809545
RSA+AES-256,5000,2,2591,283.7006999980076,0.6359000035445206,2.9016999978921376,True,272.9444173809545
RSA+AES-256,5000,2,2592,407.2662000035052,0.6349999966914766,2.927000001363922,True,272.9444173809545
RSA+AES-256,5000,2,2593,211.8782999968971,0.8040999964578077,3.447200004302431,True,272.9444173809545
RSA+AES-256,5000,2,2594,208.84310000110418,0.6581000052392483,3.1706000008853152,True,272.9444173809545
RSA+AES-256,5000,2,2595,930.7991000023321,0.6840999994892627,2.9487000065273605,True,272.9444173809545
RSA+AES-256,5000,2,2596,850.9369000021252,0.6895000042277388,2.99059999815654,True,272.9444173809545
RSA+AES-256,5000,2,2597,342.35529999568826,0.6847000040579587,2.986700004839804,True,272.9444173809545
RSA+AES-256,5000,2,2598,614.4268999996711,0.6677000055788085,2.913500000431668,True,272.9444173809545
RSA+AES-256,5000,2,2599,651.6155999997864,0.6592999998247251,2.964700004667975,True,272.9444173809545
RSA+AES-256,5000,2,2600,843.5262999992119,0.651599999400787,2.967799999169074,True,272.9444173809545
RSA+AES-256,5000,2,2601,818.9636999959475,0.6078000005800277,2.9638999985763803,True,272.9444173809545
RSA+AES-256,5000,2,2602,1790.7692000007955,0.6379999977070838,2.9456999982357956,True,272.9444173809545
RSA+AES-256,5000,2,2603,106.26830000546761,0.62189999880502,3.005500002473127,True,272.9444173809545
RSA+AES-256,5000,2,2604,1538.2319999989704,0.6882000016048551,2.945799998997245,True,272.9444173809545
RSA+AES-256,5000,2,2605,713.2073000029777,0.6804000004194677,2.957500000775326,True,272.9444173809545
RSA+AES-256,5000,2,2606,978.822900004161,0.6781999982194975,2.904300003137905,True,272.9444173809545
RSA+AES-256,5000,2,2607,124.47460000112187,0.607900001341477,2.990900000440888,True,272.9444173809545
RSA+AES-256,5000,2,2608,642.7378000007593,0.6562999988091178,3.0012999995960854,True,272.9444173809545
RSA+AES-256,5000,2,2609,460.09090000006836,0.680199998896569,2.935500000603497,True,272.9444173809545
RSA+AES-256,5000,2,2610,2099.558399997477,0.6692000024486333,2.967199994600378,True,272.9444173809545
RSA+AES-256,5000,2,2611,816.8005000043195,0.6014000027789734,2.9537000009440817,True,272.9444173809545
RSA+AES-256,5000,2,2612,577.8066999992006,0.6399000048986636,2.9324999995878898,True,272.9444173809545
RSA+AES-256,5000,2,2613,1149.963800002297,0.6443999955081381,2.980199999001343,True,272.9444173809545
RSA+AES-256,5000,2,2614,791.439700005867,0.6773999994038604,2.9733000046689995,True,272.9444173809545
RSA+AES-256,5000,2,2615,365.34600000595674,0.6611999997403473,2.915600001870189,True,272.9444173809545
RSA+AES-256,5000,2,2616,275.92230000300333,0.6441000004997477,2.9286999997566454,True,272.9444173809545
RSA+AES-256,5000,2,2617,781.5133999974933,0.6605000016861595,2.9547000012826174,True,272.9444173809545
RSA+AES-256,5000,2,2618,305.14299999776995,0.6445999970310368,3.223600004275795,True,272.9444173809545
RSA+AES-256,5000,2,2619,824.9772999988636,0.6721000027027912,2.9236999980639666,True,272.9444173809545
RSA+AES-256,5000,2,2620,553.4198000023025,0.6638999984716065,2.9089000017847866,True,272.9444173809545
RSA+AES-256,5000,2,2621,1294.886800002132,0.662200000078883,2.9840999995940365,True,272.9444173809545
RSA+AES-256,5000,2,2622,394.74540000082925,0.6415000025299378,2.8564000022015534,True,272.9444173809545
RSA+AES-256,5000,2,2623,440.1806000023498,0.6808999969507568,3.0113999964669347,True,272.9444173809545
RSA+AES-256,5000,2,2624,477.90299999905983,0.6818999972892925,3.075900000112597,True,272.9444173809545
RSA+AES-256,5000,2,2625,839.6823000002769,0.6403000006685033,3.1858000002102926,True,272.9444173809545
RSA+AES-256,5000,2,2626,1121.3749999951688,0.6904000038048252,3.976499996497296,True,272.9444173809545
RSA+AES-256,5000,2,2627,398.73529999749735,0.6694999974570237,2.955700001621153,True,272.9444173809545
RSA+AES-256,5000,2,2628,1266.2928999998257,0.6894999969517812,2.9464999970514327,True,272.9444173809545
RSA+AES-256,5000,2,2629,1990.531399998872,0.6524000054923818,2.9081000029691495,True,272.9444173809545
RSA+AES-256,5000,2,2630,444.1430000006221,0.6509000013465993,3.0027999964659102,True,272.9444173809545
RSA+AES-256,5000,2,2631,499.2841999992379,0.6806000019423664,2.9811999993398786,True,272.9444173809545
RSA+AES-256,5000,2,2632,200.63629999640398,0.6137000018497929,2.865499998733867,True,272.9444173809545
RSA+AES-256,5000,2,2633,241.12060000334168,0.6737000003340654,2.9500000018742867,True,272.9444173809545
RSA+AES-256,5000,2,2634,142.80399999552174,0.6179000047268346,2.869800002372358,True,272.9444173809545
RSA+AES-256,5000,2,2635,239.70539999572793,0.6599999978789128,2.945499996712897,True,272.9444173809545
RSA+AES-256,5000,2,2636,855.0317999979598,0.6499000010080636,2.888600000005681,True,272.9444173809545
RSA+AES-256,5000,2,2637,448.5538999942946,0.672800000756979,3.0735999971511774,True,272.9444173809545
RSA+AES-256,5000,2,2638,268.0065000022296,0.7070000065141357,2.99059999815654,True,272.9444173809545
RSA+AES-256,5000,2,2639,1526.1497000028612,0.6718000004184432,2.984600003401283,True,272.9444173809545
RSA+AES-256,5000,2,2640,809.1963999977452,0.6521000032080337,2.9964999994263053,True,272.9444173809545
RSA+AES-256,5000,2,2641,1749.5857999965665,0.6664000029559247,2.9460999940056354,True,272.9444173809545
RSA+AES-256,5000,2,2642,895.901199997752,0.6605000016861595,2.8979999988223426,True,272.9444173809545
RSA+AES-256,5000,2,2643,673.4668999997666,0.6718000004184432,2.8854999982286245,True,272.9444173809545
RSA+AES-256,5000,2,2644,1120.5715999967651,0.6054999976186082,2.9500000018742867,True,272.9444173809545
RSA+AES-256,5000,2,2645,274.5973999990383,0.6616000027861446,2.9298000008566305,True,272.9444173809545
RSA+AES-256,5000,2,2646,487.79210000066087,0.6522000039694831,2.9899000001023524,True,272.9444173809545
RSA+AES-256,5000,2,2647,777.8563000028953,0.6167000028654002,2.9676999984076247,True,272.9444173809545
RSA+AES-256,5000,2,2648,471.938599999703,0.6630999996559694,2.916700002970174,True,272.9444173809545
RSA+AES-256,5000,2,2649,2739.8345000037807,0.6531999970320612,2.955400006612763,True,272.9444173809545
RSA+AES-256,5000,2,2650,685.4894999996759,0.6653000018559396,2.9313999984879047,True,272.9444173809545
RSA+AES-256,5000,2,2651,2243.9666999998735,0.6651999938185327,2.9847999976482242,True,272.9444173809545
RSA+AES-256,5000,2,2652,461.31830000376794,0.6505999990622513,2.947200002381578,True,272.9444173809545
RSA+AES-256,5000,2,2653,526.2683999972069,0.6577999956789427,3.022599994437769,True,272.9444173809545
RSA+AES-256,5000,2,2654,856.4253000004101,0.6773999994038604,2.967799999169074,True,272.9444173809545
RSA+AES-256,5000,2,2655,927.74179999833,0.691100001859013,2.976699994178489,True,272.9444173809545
RSA+AES-256,5000,2,2656,1053.4807000003639,0.724199999240227,3.027500002644956,True,272.9444173809545
RSA+AES-256,5000,2,2657,264.977099999669,0.6629999988945201,2.961199999845121,True,272.9444173809545
RSA+AES-256,5000,2,2658,812.4883999989834,0.6905999980517663,3.0014000003575347,True,272.9444173809545
RSA+AES-256,5000,2,2659,267.82359999924665,0.6632000004174188,3.0507999981637113,True,272.9444173809545
RSA+AES-256,5000,2,2660,235.7140999956755,0.6668999994872138,3.010699998412747,True,272.9444173809545
RSA+AES-256,5000,2,2661,494.07500000233995,0.7057999973767437,3.2766000003903173,True,272.9444173809545
RSA+AES-256,5000,2,2662,263.7027000018861,0.5995000028633513,2.950100002635736,True,272.9444173809545
RSA+AES-256,5000,2,2663,1262.4109000025783,0.644200001261197,2.8550999995786697,True,272.9444173809545
RSA+AES-256,5000,2,2664,506.0827999986941,0.6665999972028658,2.975999996124301,True,272.9444173809545
RSA+AES-256,5000,2,2665,673.7722999969264,0.6764000063412823,2.894400000513997,True,272.9444173809545
RSA+AES-256,5000,2,2666,475.69920000387356,0.6662999949185178,2.9760000034002587,True,272.9444173809545
RSA+AES-256,5000,2,2667,390.9230000062962,0.6450000000768341,2.948000001197215,True,272.9444173809545
RSA+AES-256,5000,2,2668,1437.5231000012718,0.6323999987216666,2.96840000373777,True,272.9444173809545
RSA+AES-256,5000,2,2669,1547.798799998418,0.6780000039725564,2.966000000014901,True,272.9444173809545
RSA+AES-256,5000,2,2670,1508.1761999972514,0.6696999989799224,2.98579999798676,True,272.9444173809545
RSA+AES-256,5000,2,2671,1111.9572000025073,0.6723999977111816,3.003100006026216,True,272.9444173809545
RSA+AES-256,5000,2,2672,1055.5049000031431,0.60450000455603,2.935500000603497,True,272.9444173809545
RSA+AES-256,5000,2,2673,953.2123000026331,0.6928000002517365,2.994799993757624,True,272.9444173809545
RSA+AES-256,5000,2,2674,504.0999999982887,0.6888999996590428,2.9107000009389594,True,272.9444173809545
RSA+AES-256,5000,2,2675,402.42250000301283,0.6701999955112115,3.0020000049262308,True,272.9444173809545
RSA+AES-256,5000,2,2676,432.28780000208644,0.6444999962695874,2.8748999975505285,True,272.9444173809545
RSA+AES-256,5000,2,2677,2210.3499000004376,0.6644000022788532,2.919099999417085,True,272.9444173809545
RSA+AES-256,5000,2,2678,1351.6339999987395,0.6616999962716363,2.9691999952774495,True,272.9444173809545
RSA+AES-256,5000,2,2679,1620.952400000533,0.6738000010955147,2.9982000050949864,True,272.9444173809545
RSA+AES-256,5000,2,2680,723.3484999960638,0.6580000044777989,2.962799997476395,True,272.9444173809545
RSA+AES-256,5000,2,2681,793.4992000009515,0.6894999969517812,3.008899999258574,True,272.9444173809545
RSA+AES-256,5000,2,2682,1134.4498000034946,0.6846000032965094,3.126999996311497,True,272.9444173809545
RSA+AES-256,5000,2,2683,559.1462000011234,0.6940000021131709,2.9111999974702485,True,272.9444173809545
RSA+AES-256,5000,2,2684,992.3979000013787,0.6559000030392781,2.906100002292078,True,272.9444173809545
RSA+AES-256,5000,2,2685,357.74709999532206,0.6580999979632907,2.940499995020218,True,272.9444173809545
RSA+AES-256,5000,2,2686,3357.4032000033185,0.687599997036159,2.968999993754551,True,272.9444173809545
RSA+AES-256,5000,2,2687,255.6646000011824,0.654499999654945,2.9081000029691495,True,272.9444173809545
RSA+AES-256,5000,2,2688,400.9474000049522,0.6452999950852245,2.9389000046649016,True,272.9444173809545
RSA+AES-256,5000,2,2689,727.6670999999624,0.7044000012683682,2.9983999993419275,True,272.9444173809545
RSA+AES-256,5000,2,2690,790.0069000024814,0.6735999995726161,2.9936999999335967,True,272.9444173809545
RSA+AES-256,5000,2,2691,901.9262000001618,0.6278000000747852,2.985499995702412,True,272.9444173809545
RSA+AES-256,5000,2,2692,422.6912000012817,0.68710000050487,3.016800001205411,True,272.9444173809545
RSA+AES-256,5000,2,2693,558.8762000043062,0.6721000027027912,2.9863000017940067,True,272.9444173809545
RSA+AES-256,5000,2,2694,825.1760999992257,0.6460000004153699,2.8583000021171756,True,272.9444173809545
RSA+AES-256,5000,2,2695,364.9576000025263,0.6806000019423664,2.970500005176291,True,272.9444173809545
RSA+AES-256,5000,2,2696,260.26899999851594,0.6925999987288378,2.8909999964525923,True,272.9444173809545
RSA+AES-256,5000,2,2697,2404.6577000044635,0.7021000055829063,3.0280999999376945,True,272.9444173809545
RSA+AES-256,5000,2,2698,640.2343000008841,0.6171999993966892,3.03880000137724,True,272.9444173809545
RSA+AES-256,5000,2,2699,727.3750999956974,0.6481000018538907,2.978899996378459,True,272.9444173809545
RSA+AES-256,5000,2,2700,1046.6199000002234,0.6166000021039508,2.9532999978982843,True,272.9444173809545
RSA+AES-256,5000,2,2701,229.2003999973531,0.6597000028705224,2.9122999985702336,True,272.9444173809545
RSA+AES-256,5000,2,2702,743.7270000009448,0.6615000020246953,2.9525999998440966,True,272.9444173809545
RSA+AES-256,5000,2,2703,865.8894000036526,0.6501000025309622,2.870299998903647,True,272.9444173809545
RSA+AES-256,5000,2,2704,1672.4967999980436,0.6730000022798777,2.896300000429619,True,272.9444173809545
RSA+AES-256,5000,2,2705,1540.0070999967284,0.6639999992330559,3.100299996731337,True,272.9444173809545
RSA+AES-256,5000,2,2706,265.43329999549314,0.6862000009277835,2.966300002299249,True,272.9444173809545
RSA+AES-256,5000,2,2707,775.4989000022761,0.6690000009257346,3.0841999978292733,True,272.9444173809545
RSA+AES-256,5000,2,2708,769.6911000020918,0.75970000034431,3.0144000047584996,True,272.9444173809545
RSA+AES-256,5000,2,2709,288.34440000355244,0.6491999956779182,2.925200002209749,True,272.9444173809545
RSA+AES-256,5000,2,2710,226.62570000102278,0.6336999940685928,2.92539999645669,True,272.9444173809545
RSA+AES-256,5000,2,2711,1168.3618999959435,0.6529000020236708,2.9482999962056056,True,272.9444173809545
RSA+AES-256,5000,2,2712,976.5352000031271,0.7101000010152347,3.026700003829319,True,272.9444173809545
RSA+AES-256,5000,2,2713,612.0008999932907,0.6747000006726012,3.0071000001044013,True,272.9444173809545
RSA+AES-256,5000,2,2714,796.9606000042404,0.669100001687184,2.8811000011046417,True,272.9444173809545
RSA+AES-256,5000,2,2715,1217.2624999948312,0.6897999992361292,2.975999996124301,True,272.9444173809545
RSA+AES-256,5000,2,2716,994.3468999990728,0.6815000015194528,2.9781999983242713,True,272.9444173809545
RSA+AES-256,5000,2,2717,993.7367000020458,0.6829000049037859,2.978899996378459,True,272.9444173809545
RSA+AES-256,5000,2,2718,723.8217999984045,0.6380999984685332,3.027200000360608,True,272.9444173809545
RSA+AES-256,5000,2,2719,535.5605000004289,0.6804000004194677,2.9288000005180947,True,272.9444173809545
RSA+AES-256,5000,2,2720,416.9959999999264,0.6575000006705523,2.928900001279544,True,272.9444173809545
RSA+AES-256,5000,2,2721,531.7907000062405,0.6662999949185178,3.0108999999356456,True,272.9444173809545
RSA+AES-256,5000,2,2722,1257.200100000773,0.6640999999945052,2.9198999982327223,True,272.9444173809545
RSA+AES-256,5000,2,2723,977.1777999994811,0.6973999988986179,2.956000003905501,True,272.9444173809545
RSA+AES-256,5000,2,2724,142.75459999771556,0.6335000070976093,2.94949999806704,True,272.9444173809545
RSA+AES-256,5000,2,2725,1254.0254999985336,0.6065999987185933,2.95880000339821,True,272.9444173809545
RSA+AES-256,5000,2,2726,274.74610000354005,0.6522999974549748,2.9108999951859005,True,272.9444173809545
RSA+AES-256,5000,2,2727,429.4067000009818,0.6486000056611374,2.9790999979013577,True,272.9444173809545
RSA+AES-256,5000,2,2728,609.0249000044423,0.6712000031257048,2.968900000269059,True,272.9444173809545
RSA+AES-256,5000,2,2729,705.2900999988196,0.6386999957612716,3.061299998080358,True,272.9444173809545
RSA+AES-256,5000,2,2730,1983.5378999996465,0.6653000018559396,2.921899998909794,True,272.9444173809545
RSA+AES-256,5000,2,2731,954.0395999938482,0.6824000010965392,2.9452000017045066,True,272.9444173809545
RSA+AES-256,5000,2,2732,817.8847000017413,0.6414999952539802,2.851500001270324,True,272.9444173809545
RSA+AES-256,5000,2,2733,700.604799996654,0.6827999968663789,2.9282000032253563,True,272.9444173809545
RSA+AES-256,5000,2,2734,279.11560000211466,0.6741999968653545,2.9932999968877994,True,272.9444173809545
RSA+AES-256,5000,2,2735,1188.2725000032224,0.6532999977935106,2.884400004404597,True,272.9444173809545
RSA+AES-256,5000,2,2736,732.7367000034428,0.5894999994779937,2.9111999974702485,True,272.9444173809545
RSA+AES-256,5000,2,2737,781.6019000019878,0.6747000006726012,2.958900004159659,True,272.9444173809545
RSA+AES-256,5000,2,2738,402.2294000023976,0.6616999962716363,2.9613000006065704,True,272.9444173809545
RSA+AES-256,5000,2,2739,930.0201999940327,0.687899999320507,2.937400000519119,True,272.9444173809545
RSA+AES-256,5000,2,2740,611.5558000019519,0.6795000008423813,2.977700001792982,True,272.9444173809545
RSA+AES-256,5000,2,2741,1167.0766999959596,0.6913000033819117,2.9345000002649613,True,272.9444173809545
RSA+AES-256,5000,2,2742,767.2739000045112,0.6679000071017072,2.9025000039837323,True,272.9444173809545
RSA+AES-256,5000,2,2743,302.6070999985677,0.6668999994872138,2.9591999991680495,True,272.9444173809545
RSA+AES-256,5000,2,2744,788.7695000026724,0.6473000030382536,2.909199996793177,True,272.9444173809545
RSA+AES-256,5000,2,2745,636.5946000005351,0.6963999985600822,2.993800000695046,True,272.9444173809545
RSA+AES-256,5000,2,2746,813.2164999988163,0.6623000008403324,3.33880000107456,True,272.9444173809545
RSA+AES-256,5000,2,2747,1143.08660000097,0.6492999964393675,2.947900000435766,True,272.9444173809545
RSA+AES-256,5000,2,2748,912.6105999966967,0.7419000030495226,3.376299995579757,True,272.9444173809545
RSA+AES-256,5000,2,2749,1830.722099999548,0.7078999988152646,3.292399997008033,True,272.9444173809545
RSA+AES-256,5000,2,2750,878.2776000007289,0.6667000052402727,3.1938999964040704,True,272.9444173809545
RSA+AES-256,5000,2,2751,88.38699999614619,0.5530999987968244,2.9609999983222224,True,272.9444173809545
RSA+AES-256,5000,2,2752,965.4227999999421,0.7041999997454695,2.9616000028909184,True,272.9444173809545
RSA+AES-256,5000,2,2753,724.6832000018912,0.6726999999955297,2.9667000053450465,True,272.9444173809545
RSA+AES-256,5000,2,2754,1197.2342000008211,0.694800000928808,2.9041000016150065,True,272.9444173809545
RSA+AES-256,5000,2,2755,315.98769999982323,0.6817999965278432,3.290000000561122,True,272.9444173809545
RSA+AES-256,5000,2,2756,396.7382999981055,0.6913999968674034,2.9384999943431467,True,272.9444173809545
RSA+AES-256,5000,2,2757,737.954100004572,0.7705000025453046,3.0413999993470497,True,272.9444173809545
RSA+AES-256,5000,2,2758,1257.4287000024924,0.6615000020246953,2.892799995606765,True,272.9444173809545
RSA+AES-256,5000,2,2759,1247.5443000002997,0.6701000020257197,2.9543999989982694,True,272.9444173809545
RSA+AES-256,5000,2,2760,633.5802000030526,0.676800002111122,3.2923000035225414,True,272.9444173809545
RSA+AES-256,5000,2,2761,361.4672000039718,0.6533000050694682,2.9243000026326627,True,272.9444173809545
RSA+AES-256,5000,2,2762,142.41250000486616,0.6435000032070093,2.8770999997504987,True,272.9444173809545
RSA+AES-256,5000,2,2763,1492.6754999978584,0.6658000056631863,2.924899999925401,True,272.9444173809545
RSA+AES-256,5000,2,2764,189.47119999938877,0.6610999989788979,2.8795999969588593,True,272.9444173809545
RSA+AES-256,5000,2,2765,207.43099999526748,0.6248999998206273,2.9066999995848164,True,272.9444173809545
RSA+AES-256,5000,2,2766,343.27830000256654,0.7140000016079284,3.0719000060344115,True,272.9444173809545
RSA+AES-256,5000,2,2767,290.8832999964943,0.6599999978789128,2.9330000033951364,True,272.9444173809545
RSA+AES-256,5000,2,2768,765.0609999982407,0.661899997794535,2.9624000017065555,True,272.9444173809545
RSA+AES-256,5000,2,2769,361.15199999767356,0.6552999984705821,3.029799998330418,True,272.9444173809545
RSA+AES-256,5000,2,2770,626.6370999946957,0.6371999988914467,2.9238999995868653,True,272.9444173809545
RSA+AES-256,5000,2,2771,539.371899998514,0.7033000001683831,3.052299995033536,True,272.9444173809545
RSA+AES-256,5000,2,2772,1716.0011000014492,0.6710000016028062,2.961599995614961,True,272.9444173809545
RSA+AES-256,5000,2,2773,1141.2426000024425,0.6255000043893233,2.9452000017045066,True,272.9444173809545
RSA+AES-256,5000,2,2774,493.93780000536935,0.6861000001663342,2.8978999980608933,True,272.9444173809545
RSA+AES-256,5000,2,2775,1058.7078999960795,0.6597000028705224,3.0925000028219074,True,272.9444173809545
RSA+AES-256,5000,2,2776,119.09439999726601,0.6089999951655045,2.9802000062773004,True,272.9444173809545
RSA+AES-256,5000,2,2777,240.90679999790154,0.6699000005028211,2.8872999973827973,True,272.9444173809545
RSA+AES-256,5000,2,2778,342.07839999726275,0.6690000009257346,2.997800002049189,True,272.9444173809545
RSA+AES-256,5000,2,2779,1274.5044000039343,0.6627999973716214,2.972599999338854,True,272.9444173809545
RSA+AES-256,5000,2,2780,941.5424000035273,0.639899997622706,2.9668999995919876,True,272.9444173809545
RSA+AES-256,5000,2,2781,437.1997999987798,0.6718000004184432,2.9155999945942312,True,272.9444173809545
RSA+AES-256,5000,2,2782,156.07080000336282,0.683899997966364,2.9757000011159107,True,272.9444173809545
RSA+AES-256,5000,2,2783,185.31399999483256,0.6484999976237305,2.867799994419329,True,272.9444173809545
RSA+AES-256,5000,2,2784,270.4431000020122,0.6573999999091029,2.9651000004378147,True,272.9444173809545
RSA+AES-256,5000,2,2785,310.3588000012678,0.647299995762296,3.009800006111618,True,272.9444173809545
RSA+AES-256,5000,2,2786,1203.177900002629,0.683400001435075,2.969699999084696,True,272.9444173809545
RSA+AES-256,5000,2,2787,988.5413000010885,0.669100001687184,2.9100999963702634,True,272.9444173809545
RSA+AES-256,5000,2,2788,646.7948999998043,0.6656999976257794,2.9394999946816824,True,272.9444173809545
RSA+AES-256,5000,2,2789,150.7744000045932,0.6489000006695278,2.995599999849219,True,272.9444173809545
RSA+AES-256,5000,2,2790,252.72180000320077,0.6386000022757798,2.8843000036431476,True,272.9444173809545
RSA+AES-256,5000,2,2791,402.29779999936,0.6577000021934509,2.9712000032304786,True,272.9444173809545
RSA+AES-256,5000,2,2792,1342.2070000015083,0.691100001859013,2.9484000042430125,True,272.9444173809545
RSA+AES-256,5000,2,2793,411.1652999999933,0.6525999997393228,2.8941999989910983,True,272.9444173809545
RSA+AES-256,5000,2,2794,597.7480000001378,0.6702000027871691,3.050500003155321,True,272.9444173809545
RSA+AES-256,5000,2,2795,280.866099994455,0.6279999943217263,2.911700001277495,True,272.9444173809545
RSA+AES-256,5000,2,2796,615.2777000024798,0.6729000015184283,2.951399997982662,True,272.9444173809545
RSA+AES-256,5000,2,2797,450.2197000037995,0.6376000019372441,2.943699997558724,True,272.9444173809545
RSA+AES-256,5000,2,2798,620.7024000032106,0.6629999988945201,2.967499996884726,True,272.9444173809545
RSA+AES-256,5000,2,2799,575.7362000003923,0.6043999965186231,3.0666000020573847,True,272.9444173809545
RSA+AES-256,5000,2,2800,191.56349999684608,0.6601999994018115,2.9136000011931174,True,272.9444173809545
RSA+AES-256,5000,2,2801,351.1660999938613,0.7159000015235506,3.137700005027,True,272.9444173809545
RSA+AES-256,5000,2,2802,1675.325399999565,0.6536000000778586,2.9071999961161055,True,272.9444173809545
RSA+AES-256,5000,2,2803,1090.923899995687,0.6161999990581535,2.965899999253452,True,272.9444173809545
RSA+AES-256,5000,2,2804,442.47940000059316,0.7342000026255846,2.990100001625251,True,272.9444173809545
RSA+AES-256,5000,2,2805,1317.75899999775,0.6485999983851798,3.4663999977055937,True,272.9444173809545
RSA+AES-256,5000,2,2806,1077.1262999987812,0.6223000018508174,3.0409000028157607,True,272.9444173809545
RSA+AES-256,5000,2,2807,1904.7057999996468,0.65819999872474,2.899999999499414,True,272.9444173809545
RSA+AES-256,5000,2,2808,861.2340000036056,0.9192000070470385,3.4041000035358593,True,272.9444173809545
RSA+AES-256,5000,2,2809,225.4735000024084,0.7170000026235357,3.1978999977582134,True,272.9444173809545
RSA+AES-256,5000,2,2810,565.8066000032704,0.6620999993174337,2.9495999988284893,True,272.9444173809545
RSA+AES-256,5000,2,2811,244.3457000044873,0.6574999933945946,2.98839999595657,True,272.9444173809545
RSA+AES-256,5000,2,2812,518.9911999987089,0.666200001433026,2.9738000012002885,True,272.9444173809545
RSA+AES-256,5000,2,2813,2195.7391999967513,0.7034000009298325,3.6018000027979724,True,272.9444173809545
RSA+AES-256,5000,2,2814,2621.1599000016577,0.6433000016841106,2.970699999423232,True,272.9444173809545
RSA+AES-256,5000,2,2815,1925.15529999946,0.6906000053277239,3.2041000013123266,True,272.9444173809545
RSA+AES-256,5000,2,2816,1743.4256000051391,0.6616000027861446,2.965899999253452,True,272.9444173809545
RSA+AES-256,5000,2,2817,298.6144000024069,0.6756000002496876,3.0025999949430116,True,272.9444173809545
RSA+AES-256,5000,2,2818,642.6997000016854,0.6817000030423515,2.9744999992544763,True,272.9444173809545
RSA+AES-256,5000,2,2819,455.30090000102064,0.6083999978727661,3.0841999978292733,True,272.9444173809545
RSA+AES-256,5000,2,2820,870.2720000001136,0.6595000013476238,3.223799998522736,True,272.9444173809545
RSA+AES-256,5000,2,2821,208.7433000051533,0.690799999574665,2.993499998410698,True,272.9444173809545
RSA+AES-256,5000,2,2822,435.6791999962297,0.6666000044788234,2.96360000356799,True,272.9444173809545
RSA+AES-256,5000,2,2823,369.7810000012396,0.7212000055005774,3.0479999986710027,True,272.9444173809545
RSA+AES-256,5000,2,2824,1196.7291000037221,0.6751000037183985,3.003300000273157,True,272.9444173809545
RSA+AES-256,5000,2,2825,482.1911999970325,0.6563999995705672,2.951399997982662,True,272.9444173809545
RSA+AES-256,5000,2,2826,1122.7096000002348,0.6549999961862341,2.913000003900379,True,272.9444173809545
RSA+AES-256,5000,2,2827,372.02260000049137,0.6323000052361749,3.0105999976512976,True,272.9444173809545
RSA+AES-256,5000,2,2828,810.0324000042747,0.6723999977111816,2.946100001281593,True,272.9444173809545
RSA+AES-256,5000,2,2829,269.2139999999199,0.6609999982174486,3.2028000059654005,True,272.9444173809545
RSA+AES-256,5000,2,2830,165.77970000071218,0.6328999952529557,2.950400004920084,True,272.9444173809545
RSA+AES-256,5000,2,2831,380.869900000107,0.7139000008464791,2.903900000092108,True,272.9444173809545
RSA+AES-256,5000,2,2832,546.0040000034496,0.6752000044798478,2.9671000011148863,True,272.9444173809545
RSA+AES-256,5000,2,2833,1204.4153999959235,0.6702000027871691,2.956399999675341,True,272.9444173809545
RSA+AES-256,5000,2,2834,849.4924999977229,0.6566000010934658,3.2685000041965395,True,272.9444173809545
RSA+AES-256,5000,2,2835,271.24580000236165,0.6447999985539354,2.9245000041555613,True,272.9444173809545
RSA+AES-256,5000,2,2836,2005.0430999981472,0.6614000012632459,2.9833000007783994,True,272.9444173809545
RSA+AES-256,5000,2,2837,796.6806000040378,0.6559999965247698,2.9063000038149767,True,272.9444173809545
RSA+AES-256,5000,2,2838,523.2465000008233,0.6924999979673885,2.972900001623202,True,272.9444173809545
RSA+AES-256,5000,2,2839,591.9017999985954,0.6847999975434504,2.9741999969701283,True,272.9444173809545
RSA+AES-256,5000,2,2840,210.61410000402248,0.6579999972018413,3.099000001384411,True,272.9444173809545
RSA+AES-256,5000,2,2841,1419.9177999980748,0.7146999996621162,2.9481999954441562,True,272.9444173809545
RSA+AES-256,5000,2,2842,367.4158000067109,0.6817999965278432,2.981300000101328,True,272.9444173809545
RSA+AES-256,5000,2,2843,640.8726000008755,0.7217999955173582,2.980199999001343,True,272.9444173809545
RSA+AES-256,5000,2,2844,415.3331999987131,0.6460000004153699,2.961500002129469,True,272.9444173809545
RSA+AES-256,5000,2,2845,894.0135000011651,0.6749000021954998,2.991400004248135,True,272.9444173809545
RSA+AES-256,5000,2,2846,556.0425000003306,0.6772999986424111,2.9282000032253563,True,272.9444173809545
RSA+AES-256,5000,2,2847,463.6032999987947,0.6682999955955893,3.2696999987820163,True,272.9444173809545
RSA+AES-256,5000,2,2848,767.4305000036838,0.7029999978840351,2.933399999164976,True,272.9444173809545
RSA+AES-256,5000,2,2849,808.9258999971207,0.6912000026204623,3.044400000362657,True,272.9444173809545
RSA+AES-256,5000,2,2850,637.716699995508,0.6976000004215166,2.9972999982419424,True,272.9444173809545
RSA+AES-256,5000,2,2851,218.2667000015499,0.7273000010172836,2.998900003149174,True,272.9444173809545
RSA+AES-256,5000,2,2852,1385.190100001637,0.6463999961852096,2.846700001100544,True,272.9444173809545
RSA+AES-256,5000,2,2853,719.4705000001704,0.6705999985570088,2.9958000013721175,True,272.9444173809545
RSA+AES-256,5000,2,2854,802.3435999930371,0.6529000020236708,3.066099998250138,True,272.9444173809545
RSA+AES-256,5000,2,2855,464.2898999954923,0.727400001778733,3.1519000040134415,True,272.9444173809545
RSA+AES-256,5000,2,2856,151.44870000222,0.6090000024414621,2.903900000092108,True,272.9444173809545
RSA+AES-256,5000,2,2857,769.3106000006082,0.672199996188283,3.0111000014585443,True,272.9444173809545
RSA+AES-256,5000,2,2858,808.1622000026982,0.6597000028705224,2.900699997553602,True,272.9444173809545
RSA+AES-256,5000,2,2859,185.45689999882597,0.6605000016861595,2.9980000035720877,True,272.9444173809545
RSA+AES-256,5000,2,2860,688.9597000044887,0.6550999969476834,2.9752000045846216,True,272.9444173809545
RSA+AES-256,5000,2,2861,1196.1407999988296,0.7250999988173135,2.945600004750304,True,272.9444173809545
RSA+AES-256,5000,2,2862,287.0152999967104,0.702500001352746,2.899200000683777,True,272.9444173809545
RSA+AES-256,5000,2,2863,736.2948000009055,0.611100003879983,2.947699998912867,True,272.9444173809545
RSA+AES-256,5000,2,2864,757.9662999996799,0.6223000018508174,2.984300001116935,True,272.9444173809545
RSA+AES-256,5000,2,2865,778.0482000016491,0.6606999959331006,2.8795999969588593,True,272.9444173809545
RSA+AES-256,5000,2,2866,444.5553999976255,0.6912000026204623,2.9775000002700835,True,272.9444173809545
RSA+AES-256,5000,2,2867,354.5633000030648,0.6725999992340803,3.003600002557505,True,272.9444173809545
RSA+AES-256,5000,2,2868,771.0630000001402,0.654499999654945,2.9739999954472296,True,272.9444173809545
RSA+AES-256,5000,2,2869,560.3037999972003,0.6724000049871393,2.902100000937935,True,272.9444173809545
RSA+AES-256,5000,2,2870,188.38659999892116,0.6265999982133508,2.986899999086745,True,272.9444173809545
RSA+AES-256,5000,2,2871,147.76249999704305,0.6909000003361143,2.9331999976420775,True,272.9444173809545
RSA+AES-256,5000,2,2872,191.34760000451934,0.6456999981310219,2.921200000855606,True,272.9444173809545
RSA+AES-256,5000,2,2873,900.0355000025593,0.6880000000819564,2.979699995194096,True,272.9444173809545
RSA+AES-256,5000,2,2874,1004.4590000034077,0.665899999148678,2.9767000014544465,True,272.9444173809545
RSA+AES-256,5000,2,2875,376.8590000036056,0.665899999148678,2.9858999987482093,True,272.9444173809545
RSA+AES-256,5000,2,2876,885.8971000008751,0.669100001687184,3.0006000015418977,True,272.9444173809545
RSA+AES-256,5000,2,2877,769.4659999979194,0.6176999959279783,2.9763999991700985,True,272.9444173809545
RSA+AES-256,5000,2,2878,813.8095999966026,0.6980999969528057,2.9869999998481944,True,272.9444173809545
RSA+AES-256,5000,2,2879,782.7202999978908,0.6571000049007125,2.943899999081623,True,272.9444173809545
RSA+AES-256,5000,2,2880,526.6450999988592,0.6778000024496578,2.95880000339821,True,272.9444173809545
RSA+AES-256,5000,2,2881,1537.9668999958085,0.7000000041443855,2.9715999990003183,True,272.9444173809545
RSA+AES-256,5000,2,2882,1360.9954999992624,0.6505999990622513,3.021900003659539,True,272.9444173809545
RSA+AES-256,5000,2,2883,902.808399994683,0.6741000033798628,2.925299995695241,True,272.9444173809545
RSA+AES-256,5000,2,2884,61.97999999858439,0.6584999937331304,2.9925999988336116,True,272.9444173809545
RSA+AES-256,5000,2,2885,164.14110000187065,0.6303999980445951,2.8689000027952716,True,272.9444173809545
RSA+AES-256,5000,2,2886,327.9298999987077,0.6964999993215315,3.001500001118984,True,272.9444173809545
RSA+AES-256,5000,2,2887,122.8692999939085,0.6196000031195581,2.8803999957744963,True,272.9444173809545
RSA+AES-256,5000,2,2888,619.2929999961052,0.6796000016038306,2.955299998575356,True,272.9444173809545
RSA+AES-256,5000,2,2889,451.0917999941739,0.7098000060068443,2.9400999992503785,True,272.9444173809545
RSA+AES-256,5000,2,2890,646.8511999992188,0.6632999939029105,3.2869999995455146,True,272.9444173809545
RSA+AES-256,5000,2,2891,623.8550999987638,0.7157000000006519,3.005699996720068,True,272.9444173809545
RSA+AES-256,5000,2,2892,327.18089999980293,0.6540000031236559,2.9500000018742867,True,272.9444173809545
RSA+AES-256,5000,2,2893,1036.0279000014998,0.5990999998175539,2.969900000607595,True,272.9444173809545
RSA+AES-256,5000,2,2894,1758.1427999975858,0.6590000048163347,2.926099994510878,True,272.9444173809545
RSA+AES-256,5000,2,2895,1019.4870000050287,0.6550999969476834,3.009700005350169,True,272.9444173809545
RSA+AES-256,5000,2,2896,284.1236000022036,0.68450000253506,2.909800001361873,True,272.9444173809545
RSA+AES-256,5000,2,2897,850.0782000046456,0.628499998128973,2.9668999995919876,True,272.9444173809545
RSA+AES-256,5000,2,2898,2302.6456000006874,0.6548999954247847,2.92319999425672,True,272.9444173809545
RSA+AES-256,5000,2,2899,713.8747999997577,0.6580999979632907,2.9931000026408583,True,272.9444173809545
RSA+AES-256,5000,2,2900,323.16680000076303,0.7009999972069636,2.955799995106645,True,272.9444173809545
RSA+AES-256,5000,2,2901,1448.0758999998216,0.6886000046506524,2.97580000187736,True,272.9444173809545
RSA+AES-256,5000,2,2902,245.37039999995613,0.6668999994872138,2.9614000013680197,True,272.9444173809545
RSA+AES-256,5000,2,2903,536.731599997438,0.6848000048194081,3.092899998591747,True,272.9444173809545
RSA+AES-256,5000,2,2904,531.321400005254,0.6419000055757351,2.903699998569209,True,272.9444173809545
RSA+AES-256,5000,2,2905,493.39189999591326,0.6681000013486482,2.986599996802397,True,272.9444173809545
RSA+AES-256,5000,2,2906,1918.8204999954905,0.6893000027048402,3.106099997239653,True,272.9444173809545
RSA+AES-256,5000,2,2907,928.4351000023889,0.6577999956789427,2.9553000058513135,True,272.9444173809545
RSA+AES-256,5000,2,2908,444.87110000045504,0.7341000018641353,3.138200001558289,True,272.9444173809545
RSA+AES-256,5000,2,2909,543.4991000001901,0.6794000000809319,3.0163999981596135,True,272.9444173809545
RSA+AES-256,5000,2,2910,2040.2774000031059,0.6932000032975338,2.9414000018732622,True,272.9444173809545
RSA+AES-256,5000,2,2911,2447.341300001426,0.6740000026184134,2.965200001199264,True,272.9444173809545
RSA+AES-256,5000,2,2912,1930.506000004243,0.7165999995777383,3.0372000037459657,True,272.9444173809545
RSA+AES-256,5000,2,2913,634.8778999963542,0.6706999993184581,2.974200004246086,True,272.9444173809545
RSA+AES-256,5000,2,2914,1298.024700001406,0.6600999986403622,3.035400004591793,True,272.9444173809545
RSA+AES-256,5000,2,2915,316.9239999988349,0.6533999985549599,2.921899998909794,True,272.9444173809545
RSA+AES-256,5000,2,2916,1361.98599999625,0.8761999997659586,2.9179999983171,True,272.9444173809545
RSA+AES-256,5000,2,2917,926.9084999978077,0.6615000020246953,2.9785000006086193,True,272.9444173809545
RSA+AES-256,5000,2,2918,493.20260000240523,0.6517000001622364,2.966199994261842,True,272.9444173809545
RSA+AES-256,5000,2,2919,606.4294000025257,0.6729000015184283,2.9288000005180947,True,272.9444173809545
RSA+AES-256,5000,2,2920,161.02630000386853,0.5845000050612725,2.986100000271108,True,272.9444173809545
RSA+AES-256,5000,2,2921,439.2513000057079,0.6643999950028956,2.9503999976441264,True,272.9444173809545
RSA+AES-256,5000,2,2922,1173.5110999943572,0.6533999985549599,3.1112000069697388,True,272.9444173809545
RSA+AES-256,5000,2,2923,646.5776000040933,0.6714000046486035,2.981300000101328,True,272.9444173809545
RSA+AES-256,5000,2,2924,794.3099999974947,0.6741000033798628,3.004899997904431,True,272.9444173809545
RSA+AES-256,5000,2,2925,395.9635999999591,0.6969999958528206,3.0287999979918823,True,272.9444173809545
RSA+AES-256,5000,2,2926,902.9463999977452,0.6566000010934658,3.025799996976275,True,272.9444173809545
RSA+AES-256,5000,2,2927,368.47959999431623,0.6674999967799522,2.904099994339049,True,272.9444173809545
RSA+AES-256,5000,2,2928,246.60860000585672,0.6846999967820011,2.9013999956077896,True,272.9444173809545
RSA+AES-256,5000,2,2929,760.7018999988213,1.2936999992234632,4.43710000399733,True,272.9444173809545
RSA+AES-256,5000,2,2930,3039.7497000012663,0.6690000009257346,3.041899995878339,True,272.9444173809545
RSA+AES-256,5000,2,2931,582.4381999991601,0.6720000019413419,2.9565000004367903,True,272.9444173809545
RSA+AES-256,5000,2,2932,795.7086999958847,0.6783999997423962,3.0248999973991886,True,272.9444173809545
RSA+AES-256,5000,2,2933,1022.5648000050569,0.6905000045662746,2.9463000028044917,True,272.9444173809545
RSA+AES-256,5000,2,2934,701.1292000024696,0.6195000023581088,2.9694999975617975,True,272.9444173809545
RSA+AES-256,5000,2,2935,574.1941999949631,0.6779000032111071,2.8894999995827675,True,272.9444173809545
RSA+AES-256,5000,2,2936,88.57240000361344,0.6423000013455749,3.016599999682512,True,272.9444173809545
RSA+AES-256,5000,2,2937,272.30520000011893,0.6524999989778735,3.000700002303347,True,272.9444173809545
RSA+AES-256,5000,2,2938,1585.7641999973566,0.7556999989901669,3.0244000008678995,True,272.9444173809545
RSA+AES-256,5000,2,2939,374.8736000052304,0.6786999947507866,2.9584000003524125,True,272.9444173809545
RSA+AES-256,5000,2,2940,1260.1355000006151,0.6389999980456196,3.0651999986730516,True,272.9444173809545
RSA+AES-256,5000,2,2941,532.5035999994725,0.6195000023581088,3.0732000013813376,True,272.9444173809545
RSA+AES-256,5000,2,2942,123.21459999657236,0.6083000043872744,2.940600003057625,True,272.9444173809545
RSA+AES-256,5000,2,2943,399.84890000050655,0.8149999994202517,3.030700005183462,True,272.9444173809545
RSA+AES-256,5000,2,2944,2228.115300000354,0.6903999965288676,3.0621000041719526,True,272.9444173809545
RSA+AES-256,5000,2,2945,476.59729999577394,0.6165000013425015,2.9885999974794686,True,272.9444173809545
RSA+AES-256,5000,2,2946,1143.4052999975393,0.6787999955122359,3.006999999342952,True,272.9444173809545
RSA+AES-256,5000,2,2947,274.1292999999132,0.6680000005871989,2.977600001031533,True,272.9444173809545
RSA+AES-256,5000,2,2948,1250.2365000036662,0.6692000024486333,3.097200002230238,True,272.9444173809545
RSA+AES-256,5000,2,2949,1186.788200000592,0.6902000022819266,2.9187000036472455,True,272.9444173809545
RSA+AES-256,5000,2,2950,1328.022300003795,0.6704999977955595,2.977299998747185,True,272.9444173809545
RSA+AES-256,5000,2,2951,536.7216999948141,0.6623000008403324,2.959600002213847,True,272.9444173809545
RSA+AES-256,5000,2,2952,1780.5254999984754,2.0586000027833506,16.018599999370053,True,272.9444173809545
RSA+AES-256,5000,2,2953,742.5816999966628,1.3074999951641075,6.012600002577528,True,272.9444173809545
RSA+AES-256,5000,2,2954,735.2105999962077,1.0829999955603853,4.95299999602139,True,272.9444173809545
RSA+AES-256,5000,2,2955,1225.7959000053233,0.8391000010306016,4.112800001166761,True,272.9444173809545
RSA+AES-256,5000,2,2956,574.1160000034142,0.8233000044128858,3.9281999997911043,True,272.9444173809545
RSA+AES-256,5000,2,2957,494.6519000004628,0.818799999251496,3.9699000044493005,True,272.9444173809545
RSA+AES-256,5000,2,2958,775.3075000000536,0.9057999996002764,4.166499995335471,True,272.9444173809545
RSA+AES-256,5000,2,2959,865.7615999982227,0.8530999984941445,3.8693999958923087,True,272.9444173809545
RSA+AES-256,5000,2,2960,907.9142999980832,0.6646000038017519,3.141100001812447,True,272.9444173809545
RSA+AES-256,5000,2,2961,1580.3539000044111,0.6742000041413121,2.9317000007722527,True,272.9444173809545
RSA+AES-256,5000,2,2962,518.3236000011675,0.6953999982215464,3.0197000014595687,True,272.9444173809545
RSA+AES-256,5000,2,2963,404.065199996694,0.6902000022819266,2.9628999982378446,True,272.9444173809545
RSA+AES-256,5000,2,2964,460.3265000041574,0.6921000021975487,3.0147999932523817,True,272.9444173809545
RSA+AES-256,5000,2,2965,1509.347599996545,0.7194999998318963,3.0050999994273297,True,272.9444173809545
RSA+AES-256,5000,2,2966,386.41549999738345,0.6645999965257943,2.928299996710848,True,272.9444173809545
RSA+AES-256,5000,2,2967,1151.1943000004976,0.7202999986475334,3.173099998093676,True,272.9444173809545
RSA+AES-256,5000,2,2968,244.70300000393763,0.6776000009267591,3.122599999187514,True,272.9444173809545
RSA+AES-256,5000,2,2969,473.44929999962915,0.7379000016953796,3.194400000211317,True,272.9444173809545
RSA+AES-256,5000,2,2970,486.2501000025077,0.6692000024486333,3.0324000035761856,True,272.9444173809545
RSA+AES-256,5000,2,2971,1393.377899999905,0.6208999984664842,3.1680000029155053,True,272.9444173809545
RSA+AES-256,5000,2,2972,163.5004999989178,0.600800005486235,3.0551000018022023,True,272.9444173809545
RSA+AES-256,5000,2,2973,582.6519000038388,0.6498000002466142,2.926000001025386,True,272.9444173809545
RSA+AES-256,5000,2,2974,349.0111999999499,0.6997999953455292,3.0186999938450754,True,272.9444173809545
RSA+AES-256,5000,2,2975,1348.3214000007138,0.6250000005820766,2.9972999982419424,True,272.9444173809545
RSA+AES-256,5000,2,2976,639.2109999942477,0.6695000047329813,2.967300002637785,True,272.9444173809545
RSA+AES-256,5000,2,2977,297.8840000068885,0.6559999965247698,2.9489000007743016,True,272.9444173809545
RSA+AES-256,5000,2,2978,335.29840000119293,0.6796000016038306,2.992899993842002,True,272.9444173809545
RSA+AES-256,5000,2,2979,519.225700001698,0.6741000033798628,2.9445999971358106,True,272.9444173809545
RSA+AES-256,5000,2,2980,1071.0657000017818,0.6721000027027912,2.9045999981462955,True,272.9444173809545
RSA+AES-256,5000,2,2981,285.2197999964119,0.6498000002466142,2.9934000049252063,True,272.9444173809545
RSA+AES-256,5000,2,2982,499.8029999987921,0.6623000008403324,2.9617999971378595,True,272.9444173809545
RSA+AES-256,5000,2,2983,1703.2930000059423,0.6812999999965541,2.974399998493027,True,272.9444173809545
RSA+AES-256,5000,2,2984,480.3900999977486,0.6436999974539503,2.912700001616031,True,272.9444173809545
RSA+AES-256,5000,2,2985,149.47369999572402,0.6213999949977733,3.093899998930283,True,272.9444173809545
RSA+AES-256,5000,2,2986,172.5330999979633,0.6520000024465844,2.9528000013669953,True,272.9444173809545
RSA+AES-256,5000,2,2987,684.7829000034835,0.6780000039725564,2.9530999963753857,True,272.9444173809545
RSA+AES-256,5000,2,2988,453.3314000000246,0.6390999988070689,3.8924999971641228,True,272.9444173809545
RSA+AES-256,5000,2,2989,198.6858000018401,0.6668999994872138,3.181200001563411,True,272.9444173809545
RSA+AES-256,5000,2,2990,1132.8153000067687,0.596800004132092,2.9474000039044768,True,272.9444173809545
RSA+AES-256,5000,2,2991,1055.3027000059956,0.6659999999101274,2.997199997480493,True,272.9444173809545
RSA+AES-256,5000,2,2992,1053.475000000617,0.6819000045652501,2.9713999974774197,True,272.9444173809545
RSA+AES-256,5000,2,2993,1596.03110000171,0.6913999968674034,3.0073000016273,True,272.9444173809545
RSA+AES-256,5000,2,2994,1134.9761999954353,0.6821999995736405,2.952000002551358,True,272.9444173809545
RSA+AES-256,5000,2,2995,392.3584000003757,0.6675999975414015,2.909199996793177,True,272.9444173809545
RSA+AES-256,5000,2,2996,486.01090000011027,0.6273999970289879,2.975000003061723,True,272.9444173809545
RSA+AES-256,5000,2,2997,698.9964000022155,0.6821999995736405,2.9574000000138767,True,272.9444173809545
RSA+AES-256,5000,2,2998,512.150800001109,0.6697999997413717,2.995599999849219,True,272.9444173809545
RSA+AES-256,5000,2,2999,111.72870000154944,0.6173000001581386,2.9662000015378,True,272.9444173809545
RSA+AES-256,5000,2,3000,736.3057999973535,0.675899995258078,2.946100001281593,True,272.9444173809545
RSA+AES-256,5000,2,3001,390.9563999986858,0.6657999983872287,2.987399995618034,True,272.9444173809545
RSA+AES-256,5000,2,3002,158.59619999537244,0.647599998046644,2.994800001033582,True,272.9444173809545
RSA+AES-256,5000,2,3003,475.1596999994945,0.6770999971195124,2.915099998062942,True,272.9444173809545
RSA+AES-256,5000,2,3004,460.5775000018184,0.6378000034601428,2.861199995095376,True,272.9444173809545
RSA+AES-256,5000,2,3005,546.5181000035955,0.6993999995756894,2.952399998321198,True,272.9444173809545
RSA+AES-256,5000,2,3006,338.67299999837996,0.6888999996590428,2.9818000039085746,True,272.9444173809545
RSA+AES-256,5000,2,3007,422.8443000029074,0.6964000058360398,2.959299999929499,True,272.9444173809545
RSA+AES-256,5000,2,3008,931.1818999995012,0.6263000032049604,3.0302000013762154,True,272.9444173809545
RSA+AES-256,5000,2,3009,493.56510000507114,0.6531999970320612,2.929599999333732,True,272.9444173809545
RSA+AES-256,5000,2,3010,933.7719000031939,0.7056999966152944,2.968900000269059,True,272.9444173809545
RSA+AES-256,5000,2,3011,361.37639999651583,0.6754999994882382,2.9548999955295585,True,272.9444173809545
RSA+AES-256,5000,2,3012,507.0049999994808,0.6613000005017966,2.9080000022077,True,272.9444173809545
RSA+AES-256,5000,2,3013,1661.4771000022301,0.6819000045652501,3.1865999990259297,True,272.9444173809545
RSA+AES-256,5000,2,3014,336.36829999886686,0.632499999483116,3.0580000020563602,True,272.9444173809545
RSA+AES-256,5000,2,3015,747.1346000020276,0.6677999990643002,2.9196999967098236,True,272.9444173809545
RSA+AES-256,5000,2,3016,322.50919999933103,0.7915000023785979,3.005699996720068,True,272.9444173809545
RSA+AES-256,5000,2,3017,1842.0522000014898,0.6824000010965392,2.9569999969680794,True,272.9444173809545
RSA+AES-256,5000,2,3018,1328.9034000044921,0.6786000012652948,2.9757000011159107,True,272.9444173809545
RSA+AES-256,5000,2,3019,1056.4404000033392,0.6536999935633503,3.2516999999643303,True,272.9444173809545
RSA+AES-256,5000,2,3020,255.17779999790946,0.6721000027027912,3.0254000012064353,True,272.9444173809545
RSA+AES-256,5000,2,3021,394.9097000004258,0.6683000028715469,3.0234000005293638,True,272.9444173809545
RSA+AES-256,5000,2,3022,1238.8422999938484,0.6849000055808574,3.0590999958803877,True,272.9444173809545
RSA+AES-256,5000,2,3023,1178.2558999984758,0.6785000005038455,2.8972000000067055,True,272.9444173809545
RSA+AES-256,5000,2,3024,72.58240000373917,0.6304999988060445,3.242700004193466,True,272.9444173809545
RSA+AES-256,5000,2,3025,1292.7693000019644,0.6836999964434654,3.312199994979892,True,272.9444173809545
RSA+AES-256,5000,2,3026,1504.0105000007316,0.6576000014320016,2.9383000000962056,True,272.9444173809545
RSA+AES-256,5000,2,3027,372.8463999941596,0.6843000010121614,3.204200002073776,True,272.9444173809545
RSA+AES-256,5000,2,3028,988.1113999945228,0.6883000023663044,2.904199995100498,True,272.9444173809545
RSA+AES-256,5000,2,3029,975.4493000000366,0.6703999970341101,3.005000005941838,True,272.9444173809545
RSA+AES-256,5000,2,3030,775.493599998299,0.6523000047309324,3.1003000040072948,True,272.9444173809545
RSA+AES-256,5000,2,3031,1116.9942000051378,0.6988999957684427,3.081499999098014,True,272.9444173809545
RSA+AES-256,5000,2,3032,1052.5215000016033,0.7029000043985434,2.982899997732602,True,272.9444173809545
RSA+AES-256,5000,2,3033,664.0641999983927,0.654499999654945,2.9761999976472,True,272.9444173809545
RSA+AES-256,5000,2,3034,1296.5116999985185,0.6439000062528066,2.9931000026408583,True,272.9444173809545
RSA+AES-256,5000,2,3035,875.6508000005851,0.6664000029559247,2.9733000046689995,True,272.9444173809545
RSA+AES-256,5000,2,3036,1113.454800004547,0.6685999978799373,2.912700001616031,True,272.9444173809545
RSA+AES-256,5000,2,3037,1492.495600003167,0.654199997370597,3.027999999176245,True,272.9444173809545
RSA+AES-256,5000,2,3038,847.8940999993938,0.7050000058370642,3.264900005888194,True,272.9444173809545
RSA+AES-256,5000,2,3039,367.4901999984286,0.6945999994059093,2.9748000015388243,True,272.9444173809545
RSA+AES-256,5000,2,3040,362.61889999877894,0.6385000015143305,2.9555000000982545,True,272.9444173809545
RSA+AES-256,5000,2,3041,156.77960000175517,0.690199995005969,2.977399999508634,True,272.9444173809545
RSA+AES-256,5000,2,3042,95.89750000304775,0.6413000010070391,2.9672999953618273,True,272.9444173809545
RSA+AES-256,5000,2,3043,1268.4938999955193,0.6891000011819415,3.009699998074211,True,272.9444173809545
RSA+AES-256,5000,2,3044,782.6936000055866,0.7182000044849701,3.8292999961413443,True,272.9444173809545
RSA+AES-256,5000,2,3045,566.2486000001081,0.6896000049891882,3.001899996888824,True,272.9444173809545
RSA+AES-256,5000,2,3046,804.9041000049328,0.6762000048183836,3.048899998248089,True,272.9444173809545
RSA+AES-256,5000,2,3047,302.98409999522846,0.6620999993174337,2.889700001105666,True,272.9444173809545
RSA+AES-256,5000,2,3048,295.6532000025618,0.5941999988863245,2.9551999978139065,True,272.9444173809545
RSA+AES-256,5000,2,3049,608.4975999983726,0.6935999990673736,2.9320999965420924,True,272.9444173809545
RSA+AES-256,5000,2,3050,156.11949999583885,0.6600999986403622,2.947599998151418,True,272.9444173809545
RSA+AES-256,5000,2,3051,2286.9430999999167,0.6527000005007721,3.0379000018001534,True,272.9444173809545
RSA+AES-256,5000,2,3052,416.5733999980148,0.6753999987267889,2.981600002385676,True,272.9444173809545
RSA+AES-256,5000,2,3053,443.89960000262363,0.8318999971379526,3.024999998160638,True,272.9444173809545
RSA+AES-256,5000,2,3054,673.0852000036975,0.6826999961049296,2.9176000025472604,True,272.9444173809545
RSA+AES-256,5000,2,3055,1267.8560999993351,0.7583000042359345,3.379100002348423,True,272.9444173809545
RSA+AES-256,5000,2,3056,275.71870000247145,0.6746999933966435,3.213399999367539,True,272.9444173809545
RSA+AES-256,5000,2,3057,719.3791999961832,0.683400001435075,2.9825000019627623,True,272.9444173809545
RSA+AES-256,5000,2,3058,269.49449999665376,0.6784999932278879,2.9907999996794388,True,272.9444173809545
RSA+AES-256,5000,2,3059,263.3759000018472,0.6738000010955147,2.95170000026701,True,272.9444173809545
RSA+AES-256,5000,2,3060,450.4030000025523,0.6962999977986328,3.087600001890678,True,272.9444173809545
RSA+AES-256,5000,2,3061,301.67579999397276,0.6285999988904223,2.9422000006888993,True,272.9444173809545
RSA+AES-256,5000,2,3062,399.0747999996529,0.72340000042459,2.993800000695046,True,272.9444173809545
RSA+AES-256,5000,2,3063,118.87550000392366,0.7110000005923212,2.9896999985794537,True,272.9444173809545
RSA+AES-256,5000,2,3064,866.3163000019267,0.6730999957653694,2.95469999400666,True,272.9444173809545
RSA+AES-256,5000,2,3065,189.09059999714373,0.647100001515355,3.4766999960993417,True,272.9444173809545
RSA+AES-256,5000,2,3066,271.4373999988311,0.6833000006736256,2.9895999978180043,True,272.9444173809545
RSA+AES-256,5000,2,3067,801.2068000025465,0.6626999966101721,3.0483000009553507,True,272.9444173809545
RSA+AES-256,5000,2,3068,351.02180000103544,0.6921999956830405,2.9761999976472,True,272.9444173809545
RSA+AES-256,5000,2,3069,866.9306000010693,0.6716999996569939,3.059800001210533,True,272.9444173809545
RSA+AES-256,5000,2,3070,171.43960000248626,0.647599998046644,2.9619000051752664,True,272.9444173809545
RSA+AES-256,5000,2,3071,472.37180000229273,0.6071999960113317,2.997000003233552,True,272.9444173809545
RSA+AES-256,5000,2,3072,416.6426000010688,0.6795000008423813,2.9741000034846365,True,272.9444173809545
RSA+AES-256,5000,2,3073,268.17290000326466,0.665700004901737,3.0108999999356456,True,272.9444173809545
RSA+AES-256,5000,2,3074,766.2252000009175,0.6573999999091029,2.9563000061898492,True,272.9444173809545
RSA+AES-256,5000,2,3075,1509.5653999960632,0.6559000030392781,2.8697000016109087,True,272.9444173809545
RSA+AES-256,5000,2,3076,694.7610999995959,0.6559999965247698,2.982099998916965,True,272.9444173809545
RSA+AES-256,5000,2,3077,394.99099999375176,0.6638000049861148,2.9349999967962503,True,272.9444173809545
RSA+AES-256,5000,2,3078,1019.4779000012204,0.6796000016038306,2.9336999941733666,True,272.9444173809545
RSA+AES-256,5000,2,3079,285.50560000439873,0.6571999983862042,2.94690000009723,True,272.9444173809545
RSA+AES-256,5000,2,3080,923.1876999983797,0.6699000005028211,2.991900000779424,True,272.9444173809545
RSA+AES-256,5000,2,3081,673.4470000010333,0.6689000001642853,2.9293000043253414,True,272.9444173809545
RSA+AES-256,5000,2,3082,710.0809999974445,0.650499998300802,2.9804000005242415,True,272.9444173809545
RSA+AES-256,5000,2,3083,501.6625999996904,0.6427999978768639,2.9080000022077,True,272.9444173809545
RSA+AES-256,5000,2,3084,317.19609999709064,0.643700004729908,2.994299997226335,True,272.9444173809545
RSA+AES-256,5000,2,3085,720.5781999946339,0.6624000016017817,3.4357999975327402,True,272.9444173809545
RSA+AES-256,5000,2,3086,787.0697000034852,0.6955999997444451,2.951299997221213,True,272.9444173809545
RSA+AES-256,5000,2,3087,143.01229999546194,0.6351000047288835,2.8776000035577454,True,272.9444173809545
RSA+AES-256,5000,2,3088,1321.2638999975752,0.6924000044818968,2.998199997819029,True,272.9444173809545
RSA+AES-256,5000,2,3089,598.7887000010232,0.6911999953445047,2.868399998988025,True,272.9444173809545
RSA+AES-256,5000,2,3090,744.7520999994595,0.6200000061653554,2.994800001033582,True,272.9444173809545
RSA+AES-256,5000,2,3091,1020.0414000064484,0.662200000078883,2.9451000009430572,True,272.9444173809545
RSA+AES-256,5000,2,3092,286.1951000013505,0.9715999985928647,2.9574000000138767,True,272.9444173809545
RSA+AES-256,5000,2,3093,1148.6155999955372,0.6684000036329962,2.9962999979034066,True,272.9444173809545
RSA+AES-256,5000,2,3094,761.785200003942,0.7032000066828914,2.9399000050034374,True,272.9444173809545
RSA+AES-256,5000,2,3095,344.8777999947197,0.6080000021029264,2.9453999959514476,True,272.9444173809545
RSA+AES-256,5000,2,3096,862.9742999983137,0.7212999989860691,3.1765000021550804,True,272.9444173809545
RSA+AES-256,5000,2,3097,461.1667999997735,0.6961999970371835,2.9894000035710633,True,272.9444173809545
RSA+AES-256,5000,2,3098,138.12719999987166,0.613899996096734,3.0501000001095235,True,272.9444173809545
RSA+AES-256,5000,2,3099,329.78559999901336,0.6652000010944903,2.9577999957837164,True,272.9444173809545
RSA+AES-256,5000,2,3100,330.202700002701,0.8633999968878925,3.0002999992575496,True,272.9444173809545
RSA+AES-256,5000,2,3101,983.3347999956459,0.8092000061878935,3.0125000048428774,True,272.9444173809545
RSA+AES-256,5000,2,3102,335.3497000061907,0.6552000049850903,3.1472000046051107,True,272.9444173809545
RSA+AES-256,5000,2,3103,1115.958900001715,0.6800999981351197,2.891999996791128,True,272.9444173809545
RSA+AES-256,5000,2,3104,1166.2441000007675,0.6954999989829957,3.2978000017465092,True,272.9444173809545
RSA+AES-256,5000,2,3105,284.1610000032233,0.6744999991497025,2.9800999982398935,True,272.9444173809545
RSA+AES-256,5000,2,3106,156.65050000097835,0.6166000021039508,2.9259999937494285,True,272.9444173809545
RSA+AES-256,5000,2,3107,870.7543999989866,0.666200001433026,2.900500003306661,True,272.9444173809545
RSA+AES-256,5000,2,3108,236.015899994527,0.6754999994882382,2.9394000011961907,True,272.9444173809545
RSA+AES-256,5000,2,3109,572.2490999978618,0.654499999654945,2.9588999968837015,True,272.9444173809545
RSA+AES-256,5000,2,3110,227.59810000570724,0.6643000015174039,2.927499997895211,True,272.9444173809545
RSA+AES-256,5000,2,3111,323.553099995479,0.6817000030423515,2.9460000005201437,True,272.9444173809545
RSA+AES-256,5000,2,3112,342.3756000047433,0.8469000022159889,3.057599999010563,True,272.9444173809545
RSA+AES-256,5000,2,3113,585.2765000017826,0.6586999952560291,2.9937999934190884,True,272.9444173809545
RSA+AES-256,5000,2,3114,1267.6631000067573,0.6661000006715767,2.885900001274422,True,272.9444173809545
RSA+AES-256,5000,2,3115,589.39979999559,0.6234999964362942,2.939800004241988,True,272.9444173809545
RSA+AES-256,5000,2,3116,1681.1056999940774,0.6579999972018413,3.04360000154702,True,272.9444173809545
RSA+AES-256,5000,2,3117,825.0687000036123,0.6553999992320314,2.8679999959422275,True,272.9444173809545
RSA+AES-256,5000,2,3118,406.6378999996232,0.6621000065933913,2.9630999997607432,True,272.9444173809545
RSA+AES-256,5000,2,3119,365.3277999983402,0.6779000032111071,2.959299999929499,True,272.9444173809545
RSA+AES-256,5000,2,3120,528.0219999986002,0.7065999961923808,2.973500006191898,True,272.9444173809545
RSA+AES-256,5000,2,3121,1399.3295999971451,0.7155999992392026,2.990400003909599,True,272.9444173809545
RSA+AES-256,5000,2,3122,667.4060999939684,0.6624000016017817,2.918799997132737,True,272.9444173809545
RSA+AES-256,5000,2,3123,519.8099999979604,0.6531000035465695,2.9547000012826174,True,272.9444173809545
RSA+AES-256,5000,2,3124,827.4233999982243,0.6955999997444451,3.0294000025605783,True,272.9444173809545
RSA+AES-256,5000,2,3125,373.16670000291197,0.6636999969487078,2.962600003229454,True,272.9444173809545
RSA+AES-256,5000,2,3126,2230.009399994742,0.6681000013486482,2.9155000011087395,True,272.9444173809545
RSA+AES-256,5000,2,3127,455.7310999953188,0.6654999961028807,2.9715999990003183,True,272.9444173809545
RSA+AES-256,5000,2,3128,863.2727000003797,0.7034000009298325,3.152199999021832,True,272.9444173809545
RSA+AES-256,5000,2,3129,623.8222999963909,0.6200999996508472,2.965899999253452,True,272.9444173809545
RSA+AES-256,5000,2,3130,479.87930000090273,0.6712000031257048,3.000400000018999,True,272.9444173809545
RSA+AES-256,5000,2,3131,201.75100000051316,0.5940999981248751,2.975000003061723,True,272.9444173809545
RSA+AES-256,5000,2,3132,869.1109999999753,0.6852000005892478,2.9844000018783845,True,272.9444173809545
RSA+AES-256,5000,2,3133,285.14200000063283,0.6276999993133359,2.938700003142003,True,272.9444173809545
RSA+AES-256,5000,2,3134,1443.075499999395,0.6667999987257645,2.961999998660758,True,272.9444173809545
RSA+AES-256,5000,2,3135,183.00900000031106,0.6130999972810969,2.976499999931548,True,272.9444173809545
RSA+AES-256,5000,2,3136,1681.7183999955887,0.6660999933956191,2.99510000331793,True,272.9444173809545
RSA+AES-256,5000,2,3137,900.2165999991121,0.6817000030423515,2.9844999953638762,True,272.9444173809545
RSA+AES-256,5000,2,3138,1096.7636999994284,0.6795000008423813,2.9620999994222075,True,272.9444173809545
RSA+AES-256,5000,2,3139,309.8896000010427,0.657899996440392,3.1454999989364296,True,272.9444173809545
RSA+AES-256,5000,2,3140,411.20909999881405,0.7178000014391728,3.038499999092892,True,272.9444173809545
RSA+AES-256,5000,2,3141,764.3218000011984,0.7387000005110167,3.4794000021065585,True,272.9444173809545
RSA+AES-256,5000,2,3142,906.7628999982844,0.7562000027974136,3.579700001864694,True,272.9444173809545
RSA+AES-256,5000,2,3143,740.7199999943259,0.7155000057537109,3.082900002482347,True,272.9444173809545
RSA+AES-256,5000,2,3144,371.60620000213385,0.6912000026204623,3.450600001087878,True,272.9444173809545
RSA+AES-256,5000,2,3145,957.1089999953983,0.6858999986434355,3.0518999992636964,True,272.9444173809545
RSA+AES-256,5000,2,3146,462.31949999491917,0.7126000054995529,2.9752999980701134,True,272.9444173809545
RSA+AES-256,5000,2,3147,760.4630999994697,0.6796000016038306,2.9775000002700835,True,272.9444173809545
RSA+AES-256,5000,2,3148,1006.7425999950501,0.6539000023622066,2.93729999975767,True,272.9444173809545
RSA+AES-256,5000,2,3149,665.4353999983869,0.680199998896569,2.9789999971399084,True,272.9444173809545
RSA+AES-256,5000,2,3150,716.7715000032331,0.671899993903935,2.968299995700363,True,272.9444173809545
RSA+AES-256,5000,2,3151,1437.7454000059515,0.6372999996528961,2.9796000017086044,True,272.9444173809545
RSA+AES-256,5000,2,3152,69.9389999936102,0.6604999944102019,3.0284999957075343,True,272.9444173809545
RSA+AES-256,5000,2,3153,277.8755999970599,0.6388000037986785,2.9301999966264702,True,272.9444173809545
RSA+AES-256,5000,2,3154,787.0859000031487,0.6756999937351793,2.95170000026701,True,272.9444173809545
RSA+AES-256,5000,2,3155,548.4701000023051,0.6670000002486631,3.024600002390798,True,272.9444173809545
RSA+AES-256,5000,2,3156,837.1670999986236,0.6525999997393228,2.938599995104596,True,272.9444173809545
RSA+AES-256,5000,2,3157,506.7748000001302,0.6611999997403473,2.9671000011148863,True,272.9444173809545
RSA+AES-256,5000,2,3158,823.5908999995445,0.66559999686433,3.1498999960604124,True,272.9444173809545
RSA+AES-256,5000,2,3159,58.0476000031922,0.5827999993925914,2.8491999983089045,True,272.9444173809545
RSA+AES-256,5000,2,3160,412.06899999815505,0.6979999961913563,2.9596999956993386,True,272.9444173809545
RSA+AES-256,5000,2,3161,435.83270000090124,0.6820999988121912,2.966699998069089,True,272.9444173809545
RSA+AES-256,5000,2,3162,423.19270000007236,0.6484000041382387,2.893099997891113,True,272.9444173809545
RSA+AES-256,5000,2,3163,234.88280000310624,0.6816999957663938,3.015000002051238,True,272.9444173809545
RSA+AES-256,5000,2,3164,626.4424999972107,0.7046000027912669,3.203400003258139,True,272.9444173809545
RSA+AES-256,5000,2,3165,457.08149999700254,0.6415000025299378,3.0874000003677793,True,272.9444173809545
RSA+AES-256,5000,2,3166,2003.3136999991257,0.6466000049840659,3.0210999975679442,True,272.9444173809545
RSA+AES-256,5000,2,3167,842.3508999985643,0.6700000012642704,2.9671000011148863,True,272.9444173809545
RSA+AES-256,5000,2,3168,532.2976000024937,0.7863999999244697,2.9257000060169958,True,272.9444173809545
RSA+AES-256,5000,2,3169,422.7376999988337,0.6670000002486631,2.986100000271108,True,272.9444173809545
RSA+AES-256,5000,2,3170,1006.9755000004079,0.6691999951726757,3.0144999982439913,True,272.9444173809545
RSA+AES-256,5000,2,3171,178.3780999976443,0.6934000048204325,3.012799999851268,True,272.9444173809545
RSA+AES-256,5000,2,3172,870.7635999962804,0.6550000034621917,3.177099999447819,True,272.9444173809545
RSA+AES-256,5000,2,3173,1193.4968999994453,0.6819000045652501,2.964599996630568,True,272.9444173809545
RSA+AES-256,5000,2,3174,256.434499999159,0.7250999988173135,3.0880000049364753,True,272.9444173809545
RSA+AES-256,5000,2,3175,351.3660999960848,0.6283999973675236,2.8718999965349212,True,272.9444173809545
RSA+AES-256,5000,2,3176,545.8644999962416,0.6462999954237603,2.993499998410698,True,272.9444173809545
RSA+AES-256,5000,2,3177,598.0735000048298,0.6794000000809319,2.914799995778594,True,272.9444173809545
RSA+AES-256,5000,2,3178,269.85830000194255,0.7098000060068443,3.0048000044189394,True,272.9444173809545
RSA+AES-256,5000,2,3179,67.01720000273781,0.6199000054039061,3.00470000365749,True,272.9444173809545
RSA+AES-256,5000,2,3180,1151.5606999964803,0.7174999991548248,3.170999996655155,True,272.9444173809545
RSA+AES-256,5000,2,3181,978.2903000013903,0.7324000034714118,3.0067999978200532,True,272.9444173809545
RSA+AES-256,5000,2,3182,1220.0780999992276,0.6869999997434206,3.0213999998522922,True,272.9444173809545
RSA+AES-256,5000,2,3183,728.8226999953622,0.6752000044798478,3.20099999953527,True,272.9444173809545
RSA+AES-256,5000,2,3184,1000.7395000066026,0.6761000040569343,3.015800000866875,True,272.9444173809545
RSA+AES-256,5000,2,3185,968.2258999964688,0.6691999951726757,2.9305999996722676,True,272.9444173809545
RSA+AES-256,5000,2,3186,221.04830000171205,0.5987000040477142,2.993499998410698,True,272.9444173809545
RSA+AES-256,5000,2,3187,285.30980000505224,0.7983000032254495,3.0104999968898483,True,272.9444173809545
RSA+AES-256,5000,2,3188,505.8117999942624,0.6807999961893074,3.464100002020132,True,272.9444173809545
RSA+AES-256,5000,2,3189,1409.5746000020881,0.7557999997516163,3.1394000034197234,True,272.9444173809545
RSA+AES-256,5000,2,3190,2364.6593000012217,0.6811999992351048,3.0361000026459806,True,272.9444173809545
RSA+AES-256,5000,2,3191,355.0424999993993,0.6897999992361292,2.9790999979013577,True,272.9444173809545
RSA+AES-256,5000,2,3192,469.20989999489393,0.6203000011737458,2.954400006274227,True,272.9444173809545
RSA+AES-256,5000,2,3193,650.1666000040132,0.6704999977955595,2.971800000523217,True,272.9444173809545
RSA+AES-256,5000,2,3194,663.0275999996229,0.6457999988924712,2.970500005176291,True,272.9444173809545
RSA+AES-256,5000,2,3195,669.2541000011261,0.6759000025340356,3.013599998666905,True,272.9444173809545
RSA+AES-256,5000,2,3196,196.86960000399267,0.6114999996498227,2.9614999948535115,True,272.9444173809545
RSA+AES-256,5000,2,3197,701.2698000035016,0.6705999985570088,2.9722000035690144,True,272.9444173809545
RSA+AES-256,5000,2,3198,141.8876999960048,0.6260999944061041,3.034100001968909,True,272.9444173809545
RSA+AES-256,5000,2,3199,601.5262000000803,0.6683000028715469,2.937400000519119,True,272.9444173809545
RSA+AES-256,5000,2,3200,882.0021999999881,0.6770000036340207,2.9781999983242713,True,272.9444173809545
RSA+AES-256,5000,2,3201,270.35410000098636,0.6854000021121465,2.8960999989067204,True,272.9444173809545
RSA+AES-256,5000,2,3202,1001.528299995698,0.6823000003350899,2.971499998238869,True,272.9444173809545
RSA+AES-256,5000,2,3203,665.5998999995063,0.6789000035496429,2.95170000026701,True,272.9444173809545
RSA+AES-256,5000,2,3204,1744.7076000025845,0.6915000049048103,2.937600002042018,True,272.9444173809545
RSA+AES-256,5000,2,3205,466.6194000019459,0.654199997370597,2.92279999848688,True,272.9444173809545
RSA+AES-256,5000,2,3206,352.93860000092536,0.632999996014405,2.8560999999172054,True,272.9444173809545
RSA+AES-256,5000,2,3207,337.426800004323,0.600200000917539,2.979500000947155,True,272.9444173809545
RSA+AES-256,5000,2,3208,400.63889999873936,0.6604000009247102,3.0091999942669645,True,272.9444173809545
RSA+AES-256,5000,2,3209,1004.5018999953754,0.6824000010965392,3.0437000023084693,True,272.9444173809545
RSA+AES-256,5000,2,3210,831.9821999975829,0.6619999985559843,2.882399996451568,True,272.9444173809545
RSA+AES-256,5000,2,3211,716.2753000011435,0.6995000003371388,2.9928000003565103,True,272.9444173809545
RSA+AES-256,5000,2,3212,716.5790999933961,0.6802999996580184,2.959400000690948,True,272.9444173809545
RSA+AES-256,5000,2,3213,180.5460999967181,0.6791999985580333,2.9511999964597635,True,272.9444173809545
RSA+AES-256,5000,2,3214,503.0126999990898,0.6667999987257645,2.9419999991660006,True,272.9444173809545
RSA+AES-256,5000,2,3215,284.84320000279695,0.6661999941570684,2.8510999982245266,True,272.9444173809545
RSA+AES-256,5000,2,3216,249.6443999989424,0.6701000020257197,2.98060000204714,True,272.9444173809545
RSA+AES-256,5000,2,3217,244.09369999921182,0.6553999992320314,2.9521000033128075,True,272.9444173809545
RSA+AES-256,5000,2,3218,693.583000000217,0.6245999975362793,2.975199997308664,True,272.9444173809545
RSA+AES-256,5000,2,3219,1169.8866000006092,0.6817000030423515,3.0313000024762005,True,272.9444173809545
RSA+AES-256,5000,2,3220,698.6657999950694,0.6339000028674491,2.977799995278474,True,272.9444173809545
RSA+AES-256,5000,2,3221,1073.274800000945,0.669599998218473,2.958500001113862,True,272.9444173809545
RSA+AES-256,5000,2,3222,425.4490999956033,0.6586000017705373,3.067800003918819,True,272.9444173809545
RSA+AES-256,5000,2,3223,670.7649000018137,0.6789000035496429,2.9704999979003333,True,272.9444173809545
RSA+AES-256,5000,2,3224,268.79619999817805,0.7110000005923212,2.9973999990033917,True,272.9444173809545
RSA+AES-256,5000,2,3225,334.32420000463026,0.6794999935664237,3.0016000018804334,True,272.9444173809545
RSA+AES-256,5000,2,3226,522.9991000014707,0.6880000000819564,2.977600001031533,True,272.9444173809545
RSA+AES-256,5000,2,3227,855.2528000000166,0.6805999946664087,2.9256000052555464,True,272.9444173809545
RSA+AES-256,5000,2,3228,198.4089000034146,0.6635000027017668,2.9529000021284446,True,272.9444173809545
RSA+AES-256,5000,2,3229,1605.5696999974316,0.662200000078883,2.971499998238869,True,272.9444173809545
RSA+AES-256,5000,2,3230,1497.4762999991071,0.6856000036350451,3.1938000029185787,True,272.9444173809545
RSA+AES-256,5000,2,3231,746.4934999952675,0.691299996105954,2.935500000603497,True,272.9444173809545
RSA+AES-256,5000,2,3232,478.7696999992477,0.6620999993174337,3.0102999953669496,True,272.9444173809545
RSA+AES-256,5000,2,3233,257.953100001032,0.6637999977101572,2.9532000044127926,True,272.9444173809545
RSA+AES-256,5000,2,3234,832.0272999990266,0.6047000060789287,2.9503999976441264,True,272.9444173809545
RSA+AES-256,5000,2,3235,358.42020000563934,0.6895000042277388,2.977099997224286,True,272.9444173809545
RSA+AES-256,5000,2,3236,346.14240000519203,0.6700000012642704,2.968599997984711,True,272.9444173809545
RSA+AES-256,5000,2,3237,755.2119999963907,0.6836000029579736,2.9676999984076247,True,272.9444173809545
RSA+AES-256,5000,2,3238,228.49410000344506,0.6640999999945052,2.92279999848688,True,272.9444173809545
RSA+AES-256,5000,2,3239,731.6827999966335,0.6893000027048402,2.9637000043294393,True,272.9444173809545
RSA+AES-256,5000,2,3240,663.7531999949715,0.6935999990673736,2.866999995603692,True,272.9444173809545
RSA+AES-256,5000,2,3241,112.71509999642149,0.6382000065059401,2.9187000036472455,True,272.9444173809545
RSA+AES-256,5000,2,3242,936.3572000002023,0.6886999981361441,3.005000005941838,True,272.9444173809545
RSA+AES-256,5000,2,3243,421.57379999844125,0.6791999985580333,3.0073000016273,True,272.9444173809545
RSA+AES-256,5000,2,3244,322.34010000684066,0.6955999997444451,2.9958000013721175,True,272.9444173809545
RSA+AES-256,5000,2,3245,491.9153000009828,0.6663000021944754,2.965399995446205,True,272.9444173809545
RSA+AES-256,5000,2,3246,1450.7891999965068,0.6931000025360845,2.9647999981534667,True,272.9444173809545
RSA+AES-256,5000,2,3247,170.63770000095246,0.6418999982997775,2.9547000012826174,True,272.9444173809545
RSA+AES-256,5000,2,3248,531.6311999995378,0.6831999999121763,3.061799994611647,True,272.9444173809545
RSA+AES-256,5000,2,3249,689.0088000000105,0.607299996772781,2.982899997732602,True,272.9444173809545
RSA+AES-256,5000,2,3250,315.8056999964174,0.6758000017725863,2.987399995618034,True,272.9444173809545
RSA+AES-256,5000,2,3251,1090.0995999982115,0.7085000033839606,2.9304999989108182,True,272.9444173809545
RSA+AES-256,5000,2,3252,2272.177800005011,0.7089000064297579,2.9490999950212426,True,272.9444173809545
RSA+AES-256,5000,2,3253,600.260300001537,0.6847999975434504,2.991900000779424,True,272.9444173809545
RSA+AES-256,5000,2,3254,534.1923000014503,0.665899999148678,3.122499998426065,True,272.9444173809545
RSA+AES-256,5000,2,3255,432.662999999593,0.6670000002486631,2.9786999948555604,True,272.9444173809545
RSA+AES-256,5000,2,3256,546.7037999987951,0.6642000007559545,3.1340999994426966,True,272.9444173809545
RSA+AES-256,5000,2,3257,384.3473000015365,0.6923999972059391,2.9867999983252957,True,272.9444173809545
RSA+AES-256,5000,2,3258,588.1542999995872,0.6169000043882988,2.9561999981524423,True,272.9444173809545
RSA+AES-256,5000,2,3259,1198.834299997543,0.6862000009277835,4.478399998333771,True,272.9444173809545
RSA+AES-256,5000,2,3260,663.3631000004243,0.6720000019413419,2.954800002044067,True,272.9444173809545
RSA+AES-256,5000,2,3261,795.5939999956172,0.7004999933997169,3.0035999952815473,True,272.9444173809545
RSA+AES-256,5000,2,3262,1334.581099996285,0.690799999574665,2.971800000523217,True,272.9444173809545
RSA+AES-256,5000,2,3263,414.8588000025484,0.6797000023652799,3.0041999998502433,True,272.9444173809545
RSA+AES-256,5000,2,3264,2057.1754000047804,0.6600999986403622,3.0011000053491443,True,272.9444173809545
RSA+AES-256,5000,2,3265,479.0202000003774,0.6743000049027614,2.940699996543117,True,272.9444173809545
RSA+AES-256,5000,2,3266,191.66029999905732,0.6726999999955297,2.9733000046689995,True,272.9444173809545
RSA+AES-256,5000,2,3267,1147.934399996302,0.6760999967809767,2.987899999425281,True,272.9444173809545
RSA+AES-256,5000,2,3268,638.8309999965713,0.6701000020257197,2.983999998832587,True,272.9444173809545
RSA+AES-256,5000,2,3269,69.05270000424935,0.6286999996518716,2.9686999987461604,True,272.9444173809545
RSA+AES-256,5000,2,3270,109.38259999966249,0.6310000026132911,2.896799996960908,True,272.9444173809545
RSA+AES-256,5000,2,3271,985.4881999999634,0.6521999966935255,3.086199998506345,True,272.9444173809545
RSA+AES-256,5000,2,3272,421.71760000201175,0.7052000000840053,2.9767000014544465,True,272.9444173809545
RSA+AES-256,5000,2,3273,550.445499997295,0.6775000001653098,3.143800000543706,True,272.9444173809545
RSA+AES-256,5000,2,3274,577.6410999969812,0.665899999148678,2.9595999949378893,True,272.9444173809545
RSA+AES-256,5000,2,3275,1367.8519000022789,0.6943999978830107,2.9514999987441115,True,272.9444173809545
RSA+AES-256,5000,2,3276,312.3334999982035,0.6309000018518418,2.980500001285691,True,272.9444173809545
RSA+AES-256,5000,2,3277,174.41999999573454,0.6792999993194826,2.9741000034846365,True,272.9444173809545
RSA+AES-256,5000,2,3278,979.8417000056361,0.6596999955945648,2.9858999987482093,True,272.9444173809545
RSA+AES-256,5000,2,3279,488.1307000032393,0.6973999988986179,3.012900000612717,True,272.9444173809545
RSA+AES-256,5000,2,3280,251.50560000474798,0.6187000035424717,2.861199995095376,True,272.9444173809545
RSA+AES-256,5000,2,3281,950.9469999975408,0.702500001352746,2.9222999946796335,True,272.9444173809545
RSA+AES-256,5000,2,3282,578.0748999968637,0.6876999977976084,3.0059000055189244,True,272.9444173809545
RSA+AES-256,5000,2,3283,433.44550000620075,0.7594999988214113,2.9983999993419275,True,272.9444173809545
RSA+AES-256,5000,2,3284,469.4711999982246,1.080799993360415,3.3551000014995225,True,272.9444173809545
RSA+AES-256,5000,2,3285,1043.9020000048913,0.8081000050879084,3.402400005143136,True,272.9444173809545
RSA+AES-256,5000,2,3286,654.5432999992045,0.7165999995777383,3.1447000001207925,True,272.9444173809545
RSA+AES-256,5000,2,3287,362.80909999914,0.7173999983933754,3.540199999406468,True,272.9444173809545
RSA+AES-256,5000,2,3288,755.2862000011373,0.7170000026235357,2.974700000777375,True,272.9444173809545
RSA+AES-256,5000,2,3289,648.3535000006668,0.7031000059214421,3.02469999587629,True,272.9444173809545
RSA+AES-256,5000,2,3290,419.5722000004025,0.6791999985580333,3.1321999995270744,True,272.9444173809545
RSA+AES-256,5000,2,3291,1051.8817999982275,0.6226999976206571,2.992699999595061,True,272.9444173809545
RSA+AES-256,5000,2,3292,616.6248000008636,0.7919999989098869,3.052899999602232,True,272.9444173809545
RSA+AES-256,5000,2,3293,433.10010000277543,0.6598999971174635,2.939199999673292,True,272.9444173809545
RSA+AES-256,5000,2,3294,2675.587599995197,0.6773999994038604,3.01469999976689,True,272.9444173809545
RSA+AES-256,5000,2,3295,297.3668999984511,0.759399998059962,3.0332000023918226,True,272.9444173809545
RSA+AES-256,5000,2,3296,159.09709999687038,0.5795999968540855,2.94469999789726,True,272.9444173809545
RSA+AES-256,5000,2,3297,500.234699997236,0.643899998976849,2.931999995780643,True,272.9444173809545
RSA+AES-256,5000,2,3298,1232.323099997302,0.6133999995654449,2.963300001283642,True,272.9444173809545
RSA+AES-256,5000,2,3299,669.706300002872,0.6664999964414164,2.950299996882677,True,272.9444173809545
RSA+AES-256,5000,2,3300,660.1391000003787,0.6993000060901977,2.9465000043273903,True,272.9444173809545
RSA+AES-256,5000,2,3301,719.0925000031712,0.65819999872474,2.8873999981442466,True,272.9444173809545
RSA+AES-256,5000,2,3302,399.36840000154916,0.6543999988934956,2.9059000007691793,True,272.9444173809545
RSA+AES-256,5000,2,3303,765.0489000006928,0.7048999977996573,3.0151000028126873,True,272.9444173809545
RSA+AES-256,5000,2,3304,435.6820999964839,0.6224999960977584,2.9701000021304935,True,272.9444173809545
RSA+AES-256,5000,2,3305,668.2122999991407,0.6661000006715767,2.9676999984076247,True,272.9444173809545
RSA+AES-256,5000,2,3306,734.3818999943323,0.6798000031267293,2.952200004074257,True,272.9444173809545
RSA+AES-256,5000,2,3307,368.59060000278987,0.6642000007559545,3.046999998332467,True,272.9444173809545
RSA+AES-256,5000,2,3308,1132.6907999973628,0.6580000044777989,2.9307999939192086,True,272.9444173809545
RSA+AES-256,5000,2,3309,215.63769999920623,0.6537000008393079,2.9575999942608178,True,272.9444173809545
RSA+AES-256,5000,2,3310,720.8826999994926,0.6796000016038306,3.0944000027375296,True,272.9444173809545
RSA+AES-256,5000,2,3311,294.72839999652933,0.5952000065008178,3.0764000039198436,True,272.9444173809545
RSA+AES-256,5000,2,3312,158.92689999600407,0.6362999993143603,2.945600004750304,True,272.9444173809545
RSA+AES-256,5000,2,3313,120.53190000005998,0.6020000000717118,2.967600004922133,True,272.9444173809545
RSA+AES-256,5000,2,3314,985.8457000009366,0.6734999988111667,2.96840000373777,True,272.9444173809545
RSA+AES-256,5000,2,3315,1043.2457999995677,0.6824000010965392,2.9830999992555007,True,272.9444173809545
RSA+AES-256,5000,2,3316,1584.5575999992434,0.6807000027038157,2.9642000008607283,True,272.9444173809545
RSA+AES-256,5000,2,3317,898.5934000011184,0.654499999654945,2.914999997301493,True,272.9444173809545
RSA+AES-256,5000,2,3318,732.683200003521,0.6797000023652799,3.0189000026439317,True,272.9444173809545
RSA+AES-256,5000,2,3319,469.349200000579,0.6414000017684884,2.95429999823682,True,272.9444173809545
RSA+AES-256,5000,2,3320,458.8475999989896,0.6797999958507717,2.961899997899309,True,272.9444173809545
RSA+AES-256,5000,2,3321,2455.7203000003938,0.6722999969497323,2.9445999971358106,True,272.9444173809545
RSA+AES-256,5000,2,3322,432.3407000047155,0.6723999977111816,3.017399998498149,True,272.9444173809545
RSA+AES-256,5000,2,3323,1338.6907999956748,0.673100003041327,2.9942000037408434,True,272.9444173809545
RSA+AES-256,5000,2,3324,588.4607000043616,0.6999999968684278,2.9863999952794984,True,272.9444173809545
RSA+AES-256,5000,2,3325,191.58489999972517,0.6233999956748448,2.9511000029742718,True,272.9444173809545
RSA+AES-256,5000,2,3326,580.7193000000552,0.6761000040569343,2.9864999960409477,True,272.9444173809545
RSA+AES-256,5000,2,3327,414.2154000001028,0.6971000038902275,2.9792999994242564,True,272.9444173809545
RSA+AES-256,5000,2,3328,2367.1188000007533,0.6722000034642406,3.0112999957054853,True,272.9444173809545
RSA+AES-256,5000,2,3329,838.9104999951087,0.7084000026225112,2.955299998575356,True,272.9444173809545
RSA+AES-256,5000,2,3330,301.2368999989121,0.7035000016912818,2.8872999973827973,True,272.9444173809545
RSA+AES-256,5000,2,3331,424.21530000137864,0.6542999981320463,2.9887999990023673,True,272.9444173809545
RSA+AES-256,5000,2,3332,652.2507999980007,0.6963000050745904,2.977900003315881,True,272.9444173809545
RSA+AES-256,5000,2,3333,850.9084000033909,0.6847999975434504,2.94729999586707,True,272.9444173809545
RSA+AES-256,5000,2,3334,145.50629999575904,0.6568999961018562,3.626499994425103,True,272.9444173809545
RSA+AES-256,5000,2,3335,431.1766000028001,0.669599998218473,2.9768999957013875,True,272.9444173809545
RSA+AES-256,5000,2,3336,362.7543000038713,0.6506999998237006,2.867600000172388,True,272.9444173809545
RSA+AES-256,5000,2,3337,337.9398000033689,0.6540000031236559,3.024999998160638,True,272.9444173809545
RSA+AES-256,5000,2,3338,156.84909999981755,0.6256000051507726,2.9579000038211234,True,272.9444173809545
RSA+AES-256,5000,2,3339,1486.3174999991315,0.6633000011788681,2.9518000010284595,True,272.9444173809545
RSA+AES-256,5000,2,3340,1009.9368000010145,0.6722999969497323,2.965699997730553,True,272.9444173809545
RSA+AES-256,5000,2,3341,413.1974999982049,0.7114999971236102,3.0676000023959205,True,272.9444173809545
RSA+AES-256,5000,2,3342,471.62180000304943,0.6806999954278581,2.940200000011828,True,272.9444173809545
RSA+AES-256,5000,2,3343,499.7102999986964,0.6827000033808872,3.0208999960450456,True,272.9444173809545
RSA+AES-256,5000,2,3344,1039.246499996807,0.6667999987257645,2.988200001709629,True,272.9444173809545
RSA+AES-256,5000,2,3345,741.4815000011004,0.6093000047258101,2.984199993079528,True,272.9444173809545
RSA+AES-256,5000,2,3346,1519.2218000011053,0.7792999967932701,3.0595999996876344,True,272.9444173809545
RSA+AES-256,5000,2,3347,590.0068999981158,0.7112000021152198,2.966699998069089,True,272.9444173809545
RSA+AES-256,5000,2,3348,84.65889999934006,0.6034999969415367,2.9376999955275096,True,272.9444173809545
RSA+AES-256,5000,2,3349,331.85490000323625,0.6940999955986626,3.1975000019883737,True,272.9444173809545
RSA+AES-256,5000,2,3350,283.9652000038768,0.6471999950008467,2.971800000523217,True,272.9444173809545
RSA+AES-256,5000,2,3351,1271.766600002593,0.6368999966070987,2.9677000056835823,True,272.9444173809545
RSA+AES-256,5000,2,3352,1233.4217999959947,0.676800002111122,2.9338999956962653,True,272.9444173809545
RSA+AES-256,5000,2,3353,276.97270000498975,0.6513999978778884,3.007600003911648,True,272.9444173809545
RSA+AES-256,5000,2,3354,292.43940000014845,0.6550999969476834,2.9170999987400137,True,272.9444173809545
RSA+AES-256,5000,2,3355,1138.6166000011144,0.6783999997423962,2.9899000001023524,True,272.9444173809545
RSA+AES-256,5000,2,3356,264.3240000033984,0.6837999972049147,2.9871000006096438,True,272.9444173809545
RSA+AES-256,5000,2,3357,378.46819999685977,0.684200000250712,2.955600000859704,True,272.9444173809545
RSA+AES-256,5000,2,3358,1598.3125999991898,0.6769999963580631,2.932299998064991,True,272.9444173809545
RSA+AES-256,5000,2,3359,1245.460300000559,0.6591999990632758,2.927800000179559,True,272.9444173809545
RSA+AES-256,5000,2,3360,442.5115999983973,0.7074000022839755,3.0970000007073395,True,272.9444173809545
RSA+AES-256,5000,2,3361,1773.1848999974318,0.6952000039746054,2.955799995106645,True,272.9444173809545
RSA+AES-256,5000,2,3362,339.7116999985883,0.6276000058278441,2.9814000008627772,True,272.9444173809545
RSA+AES-256,5000,2,3363,116.9819999995525,0.6456999981310219,3.240199999709148,True,272.9444173809545
RSA+AES-256,5000,2,3364,612.7459999988787,0.6763999990653247,3.0299999998533167,True,272.9444173809545
RSA+AES-256,5000,2,3365,301.4661999986856,0.6023000023560598,2.969900000607595,True,272.9444173809545
RSA+AES-256,5000,2,3366,298.3377999989898,0.6666999979643151,3.006800005096011,True,272.9444173809545
RSA+AES-256,5000,2,3367,440.75860000157263,0.6879999928059988,2.9668999995919876,True,272.9444173809545
RSA+AES-256,5000,2,3368,1060.9092000013334,0.668499997118488,2.974000002723187,True,272.9444173809545
RSA+AES-256,5000,2,3369,466.9164000006276,0.6756000002496876,2.988699998240918,True,272.9444173809545
RSA+AES-256,5000,2,3370,1039.0502000009292,0.6781999982194975,2.9811999993398786,True,272.9444173809545
RSA+AES-256,5000,2,3371,1018.5166000010213,0.6605000016861595,2.879799998481758,True,272.9444173809545
RSA+AES-256,5000,2,3372,542.9462999964016,0.6274999977904372,2.980900004331488,True,272.9444173809545
RSA+AES-256,5000,2,3373,251.68870000197785,0.6623000008403324,3.0144999982439913,True,272.9444173809545
RSA+AES-256,5000,2,3374,752.2151000011945,0.6653000018559396,2.9569000034825876,True,272.9444173809545
RSA+AES-256,5000,2,3375,222.91499999846565,0.7039999982225709,2.9817000031471252,True,272.9444173809545
RSA+AES-256,5000,2,3376,1592.7336000022478,0.6648999988101423,2.943899999081623,True,272.9444173809545
RSA+AES-256,5000,2,3377,1331.5833000015118,0.6771999978809617,2.980500001285691,True,272.9444173809545
RSA+AES-256,5000,2,3378,457.3214999982156,0.6560999972862191,3.0906000029062852,True,272.9444173809545
RSA+AES-256,5000,2,3379,396.5055999942706,0.6580000044777989,2.939999998488929,True,272.9444173809545
RSA+AES-256,5000,2,3380,943.5551999995369,0.6592999998247251,2.980800003570039,True,272.9444173809545
RSA+AES-256,5000,2,3381,350.64749999583,0.6624000016017817,2.9702999963774346,True,272.9444173809545
RSA+AES-256,5000,2,3382,1121.4965999970445,0.6816000022809021,2.902899999753572,True,272.9444173809545
RSA+AES-256,5000,2,3383,1378.3393999983673,0.6572999991476536,2.9404000015347265,True,272.9444173809545
RSA+AES-256,5000,2,3384,1087.570700001379,0.6645000030403025,2.9976000005262904,True,272.9444173809545
RSA+AES-256,5000,2,3385,499.34960000246065,0.6629999988945201,2.9317000007722527,True,272.9444173809545
RSA+AES-256,5000,2,3386,566.3598000028287,0.6464999969466589,2.8583000021171756,True,272.9444173809545
RSA+AES-256,5000,2,3387,592.5301000024774,0.6572999991476536,2.9192000001785345,True,272.9444173809545
RSA+AES-256,5000,2,3388,434.95189999521244,0.6571999983862042,2.918499994848389,True,272.9444173809545
RSA+AES-256,5000,2,3389,109.92229999828851,0.68710000050487,2.9590999984066,True,272.9444173809545
RSA+AES-256,5000,2,3390,466.58880000177305,0.6836000029579736,3.304300000309013,True,272.9444173809545
RSA+AES-256,5000,2,3391,567.6630000016303,0.6173000001581386,3.0143000039970502,True,272.9444173809545
RSA+AES-256,5000,2,3392,592.3983999964548,0.6575000006705523,2.8982000003452413,True,272.9444173809545
RSA+AES-256,5000,2,3393,706.3875000021653,0.680500001180917,2.9235999973025173,True,272.9444173809545
RSA+AES-256,5000,2,3394,810.1033999992069,0.6493999972008169,3.042900003492832,True,272.9444173809545
RSA+AES-256,5000,2,3395,1058.724100003019,1.0420999969937839,3.9729999989503995,True,272.9444173809545
RSA+AES-256,5000,2,3396,959.5012999998289,0.69449999864446,2.929700000095181,True,272.9444173809545
RSA+AES-256,5000,2,3397,278.97339999617543,0.6766000005882233,3.0314999967231415,True,272.9444173809545
RSA+AES-256,5000,2,3398,288.73380000004545,0.6851999933132902,3.0298000056063756,True,272.9444173809545
RSA+AES-256,5000,2,3399,724.9060999965877,0.6709000008413568,2.921200000855606,True,272.9444173809545
RSA+AES-256,5000,2,3400,487.74979999870993,0.6719000011798926,2.926399996795226,True,272.9444173809545
RSA+AES-256,5000,2,3401,2146.8815999978688,0.6843000010121614,2.950100002635736,True,272.9444173809545
RSA+AES-256,5000,2,3402,1849.7418000042671,0.6643000015174039,2.921200000855606,True,272.9444173809545
RSA+AES-256,5000,2,3403,760.2628999957233,0.6224999960977584,2.9995000004419126,True,272.9444173809545
RSA+AES-256,5000,2,3404,2030.6732000026386,0.6124999999883585,3.0464000010397285,True,272.9444173809545
RSA+AES-256,5000,2,3405,852.62469999725,0.6515000059152953,2.9427999979816377,True,272.9444173809545
RSA+AES-256,5000,2,3406,1069.9022999979206,0.6754999994882382,3.2299999948008917,True,272.9444173809545
RSA+AES-256,5000,2,3407,355.68030000285944,0.6873999955132604,2.9826000027242117,True,272.9444173809545
RSA+AES-256,5000,2,3408,861.949199999799,0.6608000039705075,2.9654000027221628,True,272.9444173809545
RSA+AES-256,5000,2,3409,730.3780000002007,0.6884999966132455,2.9610999990836717,True,272.9444173809545
RSA+AES-256,5000,2,3410,1166.7668000009144,0.7170000026235357,3.1002000032458454,True,272.9444173809545
RSA+AES-256,5000,2,3411,851.7301000028965,0.6992999988142401,2.9597000029752962,True,272.9444173809545
RSA+AES-256,5000,2,3412,889.9772000004305,0.6376000019372441,2.9555000000982545,True,272.9444173809545
RSA+AES-256,5000,2,3413,281.3019000022905,0.6561000045621768,2.9649999996763654,True,272.9444173809545
RSA+AES-256,5000,2,3414,617.7341000002343,0.5978999979561195,2.948500005004462,True,272.9444173809545
RSA+AES-256,5000,2,3415,2693.094200003543,0.6680000005871989,2.9757000011159107,True,272.9444173809545
RSA+AES-256,5000,2,3416,707.3939999972936,0.6340999971143901,2.924299995356705,True,272.9444173809545
RSA+AES-256,5000,2,3417,382.833000003302,0.7218999962788075,2.9884999967180192,True,272.9444173809545
RSA+AES-256,5000,2,3418,1329.4825999983004,0.6699000005028211,2.9324999995878898,True,272.9444173809545
RSA+AES-256,5000,2,3419,507.43960000545485,0.6820000053266995,3.0514000027324073,True,272.9444173809545
RSA+AES-256,5000,2,3420,1248.1025000015507,0.6682999955955893,2.9121000043232925,True,272.9444173809545
RSA+AES-256,5000,2,3421,270.105000003241,0.7027999963611364,3.06060000002617,True,272.9444173809545
RSA+AES-256,5000,2,3422,736.2313999983598,0.6711000023642555,2.9243999961181544,True,272.9444173809545
RSA+AES-256,5000,2,3423,1085.4619000019738,0.69449999864446,2.9954999990877695,True,272.9444173809545
RSA+AES-256,5000,2,3424,719.2658999993,0.6735999995726161,2.948300003481563,True,272.9444173809545
RSA+AES-256,5000,2,3425,731.9601000053808,0.9941000025719404,3.386999997019302,True,272.9444173809545
RSA+AES-256,5000,2,3426,639.0676000009989,0.9002000006148592,3.0225000009522773,True,272.9444173809545
RSA+AES-256,5000,2,3427,728.5647999960929,0.7034000009298325,3.31729999743402,True,272.9444173809545
RSA+AES-256,5000,2,3428,254.92700000177138,0.6601999994018115,3.021299999090843,True,272.9444173809545
RSA+AES-256,5000,2,3429,535.177300000214,0.6820999988121912,3.0477000036626123,True,272.9444173809545
RSA+AES-256,5000,2,3430,1078.734099995927,0.6592999998247251,2.8812999953515828,True,272.9444173809545
RSA+AES-256,5000,2,3431,342.58910000062315,0.6940000021131709,2.9866000040783547,True,272.9444173809545
RSA+AES-256,5000,2,3432,269.9720000018715,0.6003000016789883,2.8942999997525476,True,272.9444173809545
RSA+AES-256,5000,2,3433,511.6744999977527,0.8361000000149943,2.9590999984066,True,272.9444173809545
RSA+AES-256,5000,2,3434,99.9803000013344,0.6349999966914766,2.965200001199264,True,272.9444173809545
RSA+AES-256,5000,2,3435,1460.920299999998,0.7410999969579279,3.6341000013635494,True,272.9444173809545
RSA+AES-256,5000,2,3436,1483.2325000024866,0.771099999838043,3.28290000470588,True,272.9444173809545
RSA+AES-256,5000,2,3437,305.60479999985546,0.7439999972120859,3.743399996892549,True,272.9444173809545
RSA+AES-256,5000,2,3438,2456.316199997673,0.7943000018713064,3.661800001282245,True,272.9444173809545
RSA+AES-256,5000,2,3439,417.3448000001372,0.7300999932340346,3.4331000060774386,True,272.9444173809545
RSA+AES-256,5000,2,3440,495.58230000548065,0.8092999996733852,3.541199999745004,True,272.9444173809545
RSA+AES-256,5000,2,3441,552.3237000015797,0.7438000029651448,3.472799995506648,True,272.9444173809545
RSA+AES-256,5000,2,3442,1396.8954999945709,0.8140999998431653,3.4680000026128255,True,272.9444173809545
RSA+AES-256,5000,2,3443,881.6413999957149,0.723099998140242,3.275300005043391,True,272.9444173809545
RSA+AES-256,5000,2,3444,703.7952999962727,0.7172999976319261,3.0258999977377243,True,272.9444173809545
RSA+AES-256,5000,2,3445,373.16509999800473,0.66559999686433,2.973700000438839,True,272.9444173809545
RSA+AES-256,5000,2,3446,629.3685999989975,0.6980999969528057,2.9921000023023225,True,272.9444173809545
RSA+AES-256,5000,2,3447,458.76729999872623,0.657899996440392,2.9391000061878003,True,272.9444173809545
RSA+AES-256,5000,2,3448,1214.722000004258,0.6553999992320314,3.1209999942802824,True,272.9444173809545
RSA+AES-256,5000,2,3449,347.14830000302754,0.6506999998237006,2.958799996122252,True,272.9444173809545
RSA+AES-256,5000,2,3450,889.2450000057579,0.6915999983903021,2.9494000045815483,True,272.9444173809545
RSA+AES-256,5000,2,3451,477.74460000073304,0.6700000012642704,3.166299997246824,True,272.9444173809545
RSA+AES-256,5000,2,3452,239.0016999997897,0.6476000053226016,2.9874000028939918,True,272.9444173809545
RSA+AES-256,5000,2,3453,1359.2514999982086,0.6647999980486929,2.945799998997245,True,272.9444173809545
RSA+AES-256,5000,2,3454,2040.7478000051924,0.7075000030454248,2.9770000037387945,True,272.9444173809545
RSA+AES-256,5000,2,3455,251.41199999779928,0.5929000035393983,2.962200000183657,True,272.9444173809545
RSA+AES-256,5000,2,3456,624.7569999977713,0.6657999983872287,2.9128000023774803,True,272.9444173809545
RSA+AES-256,5000,2,3457,371.05679999513086,0.6591999990632758,2.9353999998420477,True,272.9444173809545
RSA+AES-256,5000,2,3458,493.9224000045215,0.7121000016923063,2.973099995870143,True,272.9444173809545
RSA+AES-256,5000,2,3459,846.48659999948,0.6917999999132007,2.8745000017806888,True,272.9444173809545
RSA+AES-256,5000,2,3460,487.1768000011798,0.6263000032049604,3.0041000063647516,True,272.9444173809545
RSA+AES-256,5000,2,3461,531.3538999980665,0.6408999979612418,2.872700002626516,True,272.9444173809545
RSA+AES-256,5000,2,3462,175.72990000189748,0.6818999972892925,3.0767999996896833,True,272.9444173809545
RSA+AES-256,5000,2,3463,661.1147000003257,0.6714999981340952,2.9130999973858707,True,272.9444173809545
RSA+AES-256,5000,2,3464,705.0544000012451,0.6208999984664842,2.9474000039044768,True,272.9444173809545
RSA+AES-256,5000,2,3465,181.34279999503633,0.6633000011788681,2.9643000016221777,True,272.9444173809545
RSA+AES-256,5000,2,3466,490.7939999975497,0.629100002697669,2.979999997478444,True,272.9444173809545
RSA+AES-256,5000,2,3467,403.2724000062444,0.647299995762296,3.0371000029845163,True,272.9444173809545
RSA+AES-256,5000,2,3468,1515.9798999957275,0.6945999994059093,3.358699999807868,True,272.9444173809545
RSA+AES-256,5000,2,3469,1138.4181999965222,0.647900000330992,2.9504999984055758,True,272.9444173809545
RSA+AES-256,5000,2,3470,1741.323399997782,0.6585999944945797,3.0790000018896535,True,272.9444173809545
RSA+AES-256,5000,2,3471,440.78450000233715,0.6572000056621619,2.857799998309929,True,272.9444173809545
RSA+AES-256,5000,2,3472,1581.3259999995353,0.7009999972069636,2.9587000026367605,True,272.9444173809545
RSA+AES-256,5000,2,3473,464.82869999454124,0.6894999969517812,2.8946000020368956,True,272.9444173809545
RSA+AES-256,5000,2,3474,904.9215999984881,0.6427000043913722,3.2885999971767887,True,272.9444173809545
RSA+AES-256,5000,2,3475,1331.3003000002936,0.6740999961039051,3.0073000016273,True,272.9444173809545
RSA+AES-256,5000,2,3476,548.513699999603,0.6642000007559545,3.031299995200243,True,272.9444173809545
RSA+AES-256,5000,2,3477,823.2676999978139,0.6393000003299676,2.9606999960378744,True,272.9444173809545
RSA+AES-256,5000,2,3478,1711.7851000002702,0.6682000021100976,2.9639999993378296,True,272.9444173809545
RSA+AES-256,5000,2,3479,670.1532000006409,0.6610000054934062,2.902100000937935,True,272.9444173809545
RSA+AES-256,5000,2,3480,988.4294000003138,0.7444000002578832,2.9635999962920323,True,272.9444173809545
RSA+AES-256,5000,2,3481,253.01760000002105,0.646799999231007,2.9958000013721175,True,272.9444173809545
RSA+AES-256,5000,2,3482,1285.804699997243,0.6826000026194379,3.0327999993460253,True,272.9444173809545
RSA+AES-256,5000,2,3483,598.4453999990365,0.7219999970402569,2.909000002546236,True,272.9444173809545
RSA+AES-256,5000,2,3484,863.68969999603,0.6745999999111518,3.01989999570651,True,272.9444173809545
RSA+AES-256,5000,2,3485,1097.7997000009054,0.6971999973757192,2.931800001533702,True,272.9444173809545
RSA+AES-256,5000,2,3486,796.2505999967107,0.6694999974570237,2.9224000027170405,True,272.9444173809545
RSA+AES-256,5000,2,3487,1348.5367999965092,0.6639999992330559,3.160200001730118,True,272.9444173809545
RSA+AES-256,5000,2,3488,225.87650000059512,0.6209999992279336,2.9761999976472,True,272.9444173809545
RSA+AES-256,5000,2,3489,476.6710000039893,0.6524999989778735,2.8968999977223575,True,272.9444173809545
RSA+AES-256,5000,2,3490,423.8769000003231,0.6934000048204325,2.969200002553407,True,272.9444173809545
RSA+AES-256,5000,2,3491,1630.6691999998293,0.654800001939293,2.903099994000513,True,272.9444173809545
RSA+AES-256,5000,2,3492,186.1408999975538,0.6594000005861744,2.9452000017045066,True,272.9444173809545
RSA+AES-256,5000,2,3493,134.3683000013698,0.6137000018497929,2.883799999835901,True,272.9444173809545
RSA+AES-256,5000,2,3494,130.3055000025779,0.6441999939852394,2.9826999962097034,True,272.9444173809545
RSA+AES-256,5000,2,3495,302.6686000011978,0.6678999998257495,2.9696000055992045,True,272.9444173809545
RSA+AES-256,5000,2,3496,961.1326000012923,0.6697999997413717,3.0180000030668452,True,272.9444173809545
RSA+AES-256,5000,2,3497,541.6877000025124,0.6584000002476387,2.996399998664856,True,272.9444173809545
RSA+AES-256,5000,2,3498,600.7482999993954,0.6531999970320612,3.056499997910578,True,272.9444173809545
RSA+AES-256,5000,2,3499,1650.7507999995141,0.6454999966081232,3.029900006367825,True,272.9444173809545
RSA+AES-256,5000,2,3500,1046.7263000027742,0.6599999978789128,3.0112999957054853,True,272.9444173809545
RSA+AES-256,5000,2,3501,1142.0097000009264,0.637100005405955,2.9381999993347563,True,272.9444173809545
RSA+AES-256,5000,2,3502,569.4902000032016,0.6983999992371537,2.9178999975556508,True,272.9444173809545
RSA+AES-256,5000,2,3503,487.31499999848893,0.6971999973757192,2.9647999981534667,True,272.9444173809545
RSA+AES-256,5000,2,3504,327.8042000019923,0.6464999969466589,3.0097999988356605,True,272.9444173809545
RSA+AES-256,5000,2,3505,532.5295999937225,0.6648000053246506,3.000400000018999,True,272.9444173809545
RSA+AES-256,5000,2,3506,1002.656599994225,0.6459999931394123,2.906599998823367,True,272.9444173809545
RSA+AES-256,5000,2,3507,808.8543999983813,0.5986000032862648,2.9464999970514327,True,272.9444173809545
RSA+AES-256,5000,2,3508,1298.559999995632,0.6261000016820617,2.9891000012867153,True,272.9444173809545
RSA+AES-256,5000,2,3509,360.7135999991442,0.6492000029538758,2.9983999993419275,True,272.9444173809545
RSA+AES-256,5000,2,3510,454.85209999606013,0.6633000011788681,2.996899995196145,True,272.9444173809545
RSA+AES-256,5000,2,3511,393.81829999911133,0.6708999935653992,2.969900000607595,True,272.9444173809545
RSA+AES-256,5000,2,3512,510.6050000031246,0.6785000005038455,2.955600000859704,True,272.9444173809545
RSA+AES-256,5000,2,3513,313.4513000040897,0.7626999940839596,3.0296999975689687,True,272.9444173809545
RSA+AES-256,5000,2,3514,741.3213999971049,0.6759000025340356,2.9756000003544614,True,272.9444173809545
RSA+AES-256,5000,2,3515,339.99320000293665,0.6884000031277537,3.0263999942690134,True,272.9444173809545
RSA+AES-256,5000,2,3516,427.04029999731574,0.6569000033778138,2.888900002290029,True,272.9444173809545
RSA+AES-256,5000,2,3517,595.2226000008523,0.668799999402836,2.8996000037295744,True,272.9444173809545
RSA+AES-256,5000,2,3518,1322.7130999948713,0.6872000012663193,3.004899997904431,True,272.9444173809545
RSA+AES-256,5000,2,3519,395.85100000113016,0.7100000002537854,3.261099998780992,True,272.9444173809545
RSA+AES-256,5000,2,3520,235.3739999962272,0.6955999997444451,3.0487999974866398,True,272.9444173809545
RSA+AES-256,5000,2,3521,989.6082999985083,0.70189999678405,3.1384999965666793,True,272.9444173809545
RSA+AES-256,5000,2,3522,1234.3798000001698,0.6749000021954998,3.0191000041668303,True,272.9444173809545
RSA+AES-256,5000,2,3523,980.5598000020836,0.6667999987257645,2.930700000433717,True,272.9444173809545
RSA+AES-256,5000,2,3524,1143.2961000027717,0.6711999958497472,2.975300005346071,True,272.9444173809545
RSA+AES-256,5000,2,3525,907.7207000009366,0.6919999941601418,2.9941999964648858,True,272.9444173809545
RSA+AES-256,5000,2,3526,362.1244999958435,0.6134000068414025,3.034700006537605,True,272.9444173809545
RSA+AES-256,5000,2,3527,1379.8705999943195,0.6853000013506971,2.9357999956118874,True,272.9444173809545
RSA+AES-256,5000,2,3528,1262.6019999952405,0.6376000019372441,3.0383000048459508,True,272.9444173809545
RSA+AES-256,5000,2,3529,625.6141999983811,0.6568000026163645,3.0145999990054406,True,272.9444173809545
RSA+AES-256,5000,2,3530,689.1793999966467,0.6416000032913871,2.9026999982306734,True,272.9444173809545
RSA+AES-256,5000,2,3531,1620.175800002471,0.7057999973767437,2.9364000001805834,True,272.9444173809545
RSA+AES-256,5000,2,3532,528.3162999985507,0.690799999574665,2.9796000017086044,True,272.9444173809545
RSA+AES-256,5000,2,3533,612.3974000001908,0.699100004567299,2.914999997301493,True,272.9444173809545
RSA+AES-256,5000,2,3534,257.24130000162404,0.632499999483116,2.893700002459809,True,272.9444173809545
RSA+AES-256,5000,2,3535,1168.6219000039273,0.6745999999111518,2.971499998238869,True,272.9444173809545
RSA+AES-256,5000,2,3536,1388.4218000021065,0.6600999986403622,2.9723999978159554,True,272.9444173809545
RSA+AES-256,5000,2,3537,393.1531000052928,0.6394000010914169,2.9719000012846664,True,272.9444173809545
RSA+AES-256,5000,2,3538,440.87130000116304,0.5977000037091784,2.938700003142003,True,272.9444173809545
RSA+AES-256,5000,2,3539,1220.152699999744,0.6778000024496578,2.9257999995024875,True,272.9444173809545
RSA+AES-256,5000,2,3540,104.79420000046957,0.6296000065049157,2.933900002972223,True,272.9444173809545
RSA+AES-256,5000,2,3541,447.11789999564644,0.625900000159163,2.9686999987461604,True,272.9444173809545
RSA+AES-256,5000,2,3542,358.33699999784585,0.6836000029579736,2.8917999952682294,True,272.9444173809545
RSA+AES-256,5000,2,3543,451.55849999719067,0.6595999948331155,2.918300000601448,True,272.9444173809545
RSA+AES-256,5000,2,3544,494.5469000012963,0.6715999988955446,2.9378000035649166,True,272.9444173809545
RSA+AES-256,5000,2,3545,416.3808999946923,0.662800004647579,2.9888999997638166,True,272.9444173809545
RSA+AES-256,5000,2,3546,408.1182000008994,0.7044000012683682,2.9558999958680943,True,272.9444173809545
RSA+AES-256,5000,2,3547,1103.1247999999323,0.6726999999955297,3.1472999980906025,True,272.9444173809545
RSA+AES-256,5000,2,3548,430.56390000128886,0.7083000018610619,2.989799999340903,True,272.9444173809545
RSA+AES-256,5000,2,3549,870.4059000010602,0.6558000022778288,2.974700000777375,True,272.9444173809545
RSA+AES-256,5000,2,3550,1299.8956000010367,0.6495000052382238,2.891199997975491,True,272.9444173809545
RSA+AES-256,5000,2,3551,1034.4205000001239,0.6458999996539205,3.2128000020748004,True,272.9444173809545
RSA+AES-256,5000,2,3552,540.616799997224,0.7110000005923212,2.9357000021263957,True,272.9444173809545
RSA+AES-256,5000,2,3553,1342.8901999941445,0.6629999988945201,3.013699999428354,True,272.9444173809545
RSA+AES-256,5000,2,3554,392.16189999569906,0.6626000031246804,2.956399999675341,True,272.9444173809545
RSA+AES-256,5000,2,3555,2117.051299996092,0.6972000046516769,2.9647999981534667,True,272.9444173809545
RSA+AES-256,5000,2,3556,433.8318000009167,0.8420000012847595,3.0893000002834015,True,272.9444173809545
RSA+AES-256,5000,2,3557,1413.0617000046186,0.6753999987267889,3.0684000012115575,True,272.9444173809545
RSA+AES-256,5000,2,3558,490.77699999907054,0.6601999994018115,2.991900000779424,True,272.9444173809545
RSA+AES-256,5000,2,3559,251.45270000211895,0.7150999954319559,3.0486999967251904,True,272.9444173809545
RSA+AES-256,5000,2,3560,268.5111999962828,0.6896000049891882,3.055999994103331,True,272.9444173809545
RSA+AES-256,5000,2,3561,763.0371999985073,0.7029999978840351,3.0298000056063756,True,272.9444173809545
RSA+AES-256,5000,2,3562,532.3896999980207,0.7102000017766841,2.9744999992544763,True,272.9444173809545
RSA+AES-256,5000,2,3563,326.6825999962748,0.6101000035414472,3.0057000039960258,True,272.9444173809545
RSA+AES-256,5000,2,3564,459.2733000026783,0.5994000021019019,2.9532999978982843,True,272.9444173809545
RSA+AES-256,5000,2,3565,144.44559999537887,0.6290999954217114,3.0486000032396987,True,272.9444173809545
RSA+AES-256,5000,2,3566,412.42260000581155,0.9047999992617406,3.1003999974927865,True,272.9444173809545
RSA+AES-256,5000,2,3567,1050.3517000033753,0.6484000041382387,2.8693999993265606,True,272.9444173809545
RSA+AES-256,5000,2,3568,89.65779999562073,0.6103999985498376,3.0448000034084544,True,272.9444173809545
RSA+AES-256,5000,2,3569,1077.8186999959871,0.7178000014391728,3.0020999984117225,True,272.9444173809545
RSA+AES-256,5000,2,3570,1482.6877000014065,0.6680999940726906,3.007799998158589,True,272.9444173809545
RSA+AES-256,5000,2,3571,2274.862400001439,0.6709000008413568,2.9356000013649464,True,272.9444173809545
RSA+AES-256,5000,2,3572,508.2458000033512,0.6017000050633214,2.9815000016242266,True,272.9444173809545
RSA+AES-256,5000,2,3573,342.47619999950984,0.6446999977924861,2.8957999966223724,True,272.9444173809545
RSA+AES-256,5000,2,3574,837.0370999982697,0.6623000008403324,2.954799994768109,True,272.9444173809545
RSA+AES-256,5000,2,3575,474.5565999983228,0.6776000009267591,2.8851000024587847,True,272.9444173809545
RSA+AES-256,5000,2,3576,257.3865000013029,0.6461000011768192,2.9671000011148863,True,272.9444173809545
RSA+AES-256,5000,2,3577,656.4204000023892,0.6505999990622513,3.2485999981872737,True,272.9444173809545
RSA+AES-256,5000,2,3578,280.0433000011253,0.6607000032090582,2.9576000015367754,True,272.9444173809545
RSA+AES-256,5000,2,3579,236.46200000075623,0.68710000050487,2.8983000011066906,True,272.9444173809545
RSA+AES-256,5000,2,3580,689.891499998339,0.6702000027871691,3.0034000010346062,True,272.9444173809545
RSA+AES-256,5000,2,3581,853.0485000010231,0.6417999975383282,2.907299996877555,True,272.9444173809545
RSA+AES-256,5000,2,3582,497.4902000030852,0.6795000008423813,2.9815000016242266,True,272.9444173809545
RSA+AES-256,5000,2,3583,79.408899997361,0.6283000038820319,3.1697999947937205,True,272.9444173809545
RSA+AES-256,5000,2,3584,568.9933000030578,0.6663999956799671,2.9195999959483743,True,272.9444173809545
RSA+AES-256,5000,2,3585,412.68850000051316,0.6908000068506226,3.0470999990939163,True,272.9444173809545
RSA+AES-256,5000,2,3586,525.7625000012922,0.6113000054028817,2.9423000014503486,True,272.9444173809545
RSA+AES-256,5000,2,3587,645.3964999964228,0.665100000333041,2.949800000351388,True,272.9444173809545
RSA+AES-256,5000,2,3588,1089.9988999954076,0.6723999977111816,2.9601999995065853,True,272.9444173809545
RSA+AES-256,5000,2,3589,518.111500001396,0.6779000032111071,2.9599999979836866,True,272.9444173809545
RSA+AES-256,5000,2,3590,1361.1005000057048,0.6935000055818819,2.952000002551358,True,272.9444173809545
RSA+AES-256,5000,2,3591,516.8737000058172,0.7055000023683533,2.9370000047492795,True,272.9444173809545
RSA+AES-256,5000,2,3592,398.22149999963585,0.658500001009088,2.9574000000138767,True,272.9444173809545
RSA+AES-256,5000,2,3593,300.3465000001597,0.6557000015163794,2.994999995280523,True,272.9444173809545
RSA+AES-256,5000,2,3594,833.6724000037066,0.7038000039756298,3.143000001728069,True,272.9444173809545
RSA+AES-256,5000,2,3595,1707.9506000009133,0.6773000059183687,2.9572999992524274,True,272.9444173809545
RSA+AES-256,5000,2,3596,272.07220000127563,0.6603000001632608,2.9597000029752962,True,272.9444173809545
RSA+AES-256,5000,2,3597,1708.3585000000312,0.6931000025360845,2.9929000011179596,True,272.9444173809545
RSA+AES-256,5000,2,3598,703.4007999973255,0.6972000046516769,2.9634000020450912,True,272.9444173809545
RSA+AES-256,5000,2,3599,761.9908999986365,0.6714999981340952,2.882499997213017,True,272.9444173809545
RSA+AES-256,5000,2,3600,1328.9164000016171,0.6127000015112571,2.966600004583597,True,272.9444173809545
RSA+AES-256,5000,2,3601,378.4890000024461,0.6665999972028658,2.9225999969639815,True,272.9444173809545
RSA+AES-256,5000,2,3602,459.2507999986992,0.6788000027881935,2.972100002807565,True,272.9444173809545
RSA+AES-256,5000,2,3603,751.6816999996081,0.669599998218473,2.985600003739819,True,272.9444173809545
RSA+AES-256,5000,2,3604,482.9585999978008,0.6101000035414472,2.9456999982357956,True,272.9444173809545
RSA+AES-256,5000,2,3605,215.4588000048534,0.6603000001632608,2.928900001279544,True,272.9444173809545
RSA+AES-256,5000,2,3606,844.2931000026874,0.6572999991476536,2.9161000056774355,True,272.9444173809545
RSA+AES-256,5000,2,3607,324.3854000029387,0.6738000010955147,2.9168000037316233,True,272.9444173809545
RSA+AES-256,5000,2,3608,1299.0461000008509,0.7548999928985722,3.6525999967125244,True,272.9444173809545
RSA+AES-256,5000,2,3609,946.8579000022146,0.7369000013568439,3.518899997288827,True,272.9444173809545
RSA+AES-256,5000,2,3610,689.7494999939227,0.8173999958671629,3.2690999942133203,True,272.9444173809545
RSA+AES-256,5000,2,3611,303.20709999796236,0.6551999977091327,3.0371000029845163,True,272.9444173809545
RSA+AES-256,5000,2,3612,675.2783000047202,0.6711000023642555,3.0408000020543113,True,272.9444173809545
RSA+AES-256,5000,2,3613,872.6925000009942,0.6681000013486482,3.0115999979898334,True,272.9444173809545
RSA+AES-256,5000,2,3614,627.0502000043052,0.6882000016048551,3.0292000010376796,True,272.9444173809545
RSA+AES-256,5000,2,3615,832.1937000000617,0.6668999994872138,2.986899999086745,True,272.9444173809545
RSA+AES-256,5000,2,3616,1643.8810999970883,0.6590999983018264,2.9967999944346957,True,272.9444173809545
RSA+AES-256,5000,2,3617,1403.5884999975679,0.672499998472631,3.071099999942817,True,272.9444173809545
RSA+AES-256,5000,2,3618,749.8839999971096,0.6888999996590428,2.9302999973879196,True,272.9444173809545
RSA+AES-256,5000,2,3619,230.647799995495,0.5756000027759001,2.860300002794247,True,272.9444173809545
RSA+AES-256,5000,2,3620,377.53220000013243,0.698800002282951,3.0254000012064353,True,272.9444173809545
RSA+AES-256,5000,2,3621,1559.6394000021974,0.6716999996569939,2.9802000062773004,True,272.9444173809545
RSA+AES-256,5000,2,3622,845.2737999978126,0.6903000030433759,2.9383000000962056,True,272.9444173809545
RSA+AES-256,5000,2,3623,644.3561999985832,0.7107999990694225,2.9458000062732026,True,272.9444173809545
RSA+AES-256,5000,2,3624,297.51129999931436,0.6501000025309622,2.9667000053450465,True,272.9444173809545
RSA+AES-256,5000,2,3625,848.7928000031388,0.6845999960205518,3.0918000047677197,True,272.9444173809545
RSA+AES-256,5000,2,3626,333.3894999959739,0.6591999990632758,2.9789999971399084,True,272.9444173809545
RSA+AES-256,5000,2,3627,1384.5641000007163,0.6749999956809916,2.9485999984899536,True,272.9444173809545
RSA+AES-256,5000,2,3628,607.4423999962164,0.821099994936958,3.002699995704461,True,272.9444173809545
RSA+AES-256,5000,2,3629,116.14530000224477,0.6350999974529259,2.9665999973076396,True,272.9444173809545
RSA+AES-256,5000,2,3630,3208.339099997829,0.6608000039705075,3.2215000028372742,True,272.9444173809545
RSA+AES-256,5000,2,3631,1348.4448999952292,0.6901000015204772,3.0790000018896535,True,272.9444173809545
RSA+AES-256,5000,2,3632,279.21079999941867,0.6465999977081083,3.020500000275206,True,272.9444173809545
RSA+AES-256,5000,2,3633,2516.5108000001055,0.6680999940726906,3.0240999985835515,True,272.9444173809545
RSA+AES-256,5000,2,3634,1135.7441000000108,0.6848999983048998,2.9853999949409626,True,272.9444173809545
RSA+AES-256,5000,2,3635,726.7460000002757,0.6680000005871989,3.0956999980844557,True,272.9444173809545
RSA+AES-256,5000,2,3636,693.6027999981889,0.6534999993164092,2.8874000054202043,True,272.9444173809545
RSA+AES-256,5000,2,3637,1770.1821000009659,0.669599998218473,2.9265999983181246,True,272.9444173809545
RSA+AES-256,5000,2,3638,320.3174999944167,0.6639000057475641,2.9654999962076545,True,272.9444173809545
RSA+AES-256,5000,2,3639,394.6034000036889,0.6850999998277985,2.990299995872192,True,272.9444173809545
RSA+AES-256,5000,2,3640,548.0437000005622,0.6635999961872585,2.9288000005180947,True,272.9444173809545
RSA+AES-256,5000,2,3641,645.6828000009409,0.6817999965278432,2.9387999966274947,True,272.9444173809545
RSA+AES-256,5000,2,3642,503.7439000006998,0.6838000044808723,2.974000002723187,True,272.9444173809545
RSA+AES-256,5000,2,3643,810.0856000019121,0.643899998976849,2.9635999962920323,True,272.9444173809545
RSA+AES-256,5000,2,3644,775.2299999992829,0.6999999968684278,3.179900006216485,True,272.9444173809545
RSA+AES-256,5000,2,3645,1403.5718999948585,0.6757999944966286,3.011799999512732,True,272.9444173809545
RSA+AES-256,5000,2,3646,437.0732999959728,0.6798000031267293,2.9940000022179447,True,272.9444173809545
RSA+AES-256,5000,2,3647,2627.5167999992846,0.6597999963560142,2.961199999845121,True,272.9444173809545
RSA+AES-256,5000,2,3648,293.1398000000627,0.6476999988080934,2.978599994094111,True,272.9444173809545
RSA+AES-256,5000,2,3649,333.2851000013761,0.6505000055767596,2.899699997215066,True,272.9444173809545
RSA+AES-256,5000,2,3650,535.2343999984441,0.6638999984716065,2.9550000035669655,True,272.9444173809545
RSA+AES-256,5000,2,3651,166.82090000540484,0.6486999991466291,2.9456999982357956,True,272.9444173809545
RSA+AES-256,5000,2,3652,1228.2937000054517,0.6725999992340803,2.864499998395331,True,272.9444173809545
RSA+AES-256,5000,2,3653,2010.005900003307,0.672800000756979,3.0864000000292435,True,272.9444173809545
RSA+AES-256,5000,2,3654,1199.6470999947633,0.6606000024476089,2.907200003392063,True,272.9444173809545
RSA+AES-256,5000,2,3655,3427.2558000011486,0.713100002030842,3.0179999957908876,True,272.9444173809545
RSA+AES-256,5000,2,3656,1284.1920999999274,0.6749000021954998,2.995599999849219,True,272.9444173809545
RSA+AES-256,5000,2,3657,1439.8399000056088,0.6659999999101274,2.880899999581743,True,272.9444173809545
RSA+AES-256,5000,2,3658,599.0412999963155,0.644800005829893,2.969699999084696,True,272.9444173809545
RSA+AES-256,5000,2,3659,257.4075999946217,0.6393000003299676,2.9445999971358106,True,272.9444173809545
RSA+AES-256,5000,2,3660,61.3632000022335,0.5835000047227368,2.878300001611933,True,272.9444173809545
RSA+AES-256,5000,2,3661,332.98759999888716,0.6761000040569343,2.9532000044127926,True,272.9444173809545
RSA+AES-256,5000,2,3662,457.5105999974767,0.6436999974539503,2.888600000005681,True,272.9444173809545
RSA+AES-256,5000,2,3663,518.001299999014,0.6744999991497025,3.0284000022220425,True,272.9444173809545
RSA+AES-256,5000,2,3664,184.22959999588784,0.6756000002496876,3.0034000010346062,True,272.9444173809545
RSA+AES-256,5000,2,3665,1438.5792999964906,0.6705999985570088,2.977799995278474,True,272.9444173809545
RSA+AES-256,5000,2,3666,704.4389999937266,0.669100001687184,2.880599997297395,True,272.9444173809545
RSA+AES-256,5000,2,3667,231.5567000041483,0.6290999954217114,2.960400001029484,True,272.9444173809545
RSA+AES-256,5000,2,3668,671.6761999996379,0.6670000002486631,2.929700000095181,True,272.9444173809545
RSA+AES-256,5000,2,3669,1428.0247999995481,0.6208999984664842,2.9785000006086193,True,272.9444173809545
RSA+AES-256,5000,2,3670,315.84579999616835,0.654800001939293,2.934200005256571,True,272.9444173809545
RSA+AES-256,5000,2,3671,457.65599999867845,0.6626000031246804,2.8734000006807037,True,272.9444173809545
RSA+AES-256,5000,2,3672,183.42590000247583,0.6587000025319867,2.941799997643102,True,272.9444173809545
RSA+AES-256,5000,2,3673,596.9886000020779,0.9538999947835691,2.9719000012846664,True,272.9444173809545
RSA+AES-256,5000,2,3674,916.5662000013981,0.6902999957674183,2.9269000006024726,True,272.9444173809545
RSA+AES-256,5000,2,3675,559.0353000006871,0.6773000059183687,3.0182999980752356,True,272.9444173809545
RSA+AES-256,5000,2,3676,385.18339999427553,0.6748999949195422,2.9460000005201437,True,272.9444173809545
RSA+AES-256,5000,2,3677,1620.9091000055196,0.6657999983872287,2.9533999986597337,True,272.9444173809545
RSA+AES-256,5000,2,3678,1052.985099995567,0.668799999402836,2.967499996884726,True,272.9444173809545
RSA+AES-256,5000,2,3679,338.44020000105957,0.6828999976278283,2.99510000331793,True,272.9444173809545
RSA+AES-256,5000,2,3680,406.6646999999648,0.6457999988924712,2.870900003472343,True,272.9444173809545
RSA+AES-256,5000,2,3681,512.8081000002567,0.6209999992279336,2.9276999994181097,True,272.9444173809545
RSA+AES-256,5000,2,3682,182.57579999772133,0.698499999998603,3.0157000001054257,True,272.9444173809545
RSA+AES-256,5000,2,3683,353.17339999892283,0.7801000028848648,2.996899995196145,True,272.9444173809545
RSA+AES-256,5000,2,3684,595.628700000816,0.6681999948341399,3.034800000023097,True,272.9444173809545
RSA+AES-256,5000,2,3685,564.4762000010815,0.6709000008413568,2.9672999953618273,True,272.9444173809545
RSA+AES-256,5000,2,3686,790.8150000002934,0.6636000034632161,2.972299997054506,True,272.9444173809545
RSA+AES-256,5000,2,3687,620.180400001118,0.6232000014279038,2.9895999978180043,True,272.9444173809545
RSA+AES-256,5000,2,3688,748.5089000037988,0.669400003971532,2.9884999967180192,True,272.9444173809545
RSA+AES-256,5000,2,3689,707.9472999976133,0.6605000016861595,2.92730000364827,True,272.9444173809545
RSA+AES-256,5000,2,3690,172.51329999999143,0.6065999987185933,2.8583000021171756,True,272.9444173809545
RSA+AES-256,5000,2,3691,892.5299999973504,0.7483000008505769,3.0270999995991588,True,272.9444173809545
RSA+AES-256,5000,2,3692,210.59300000342773,0.9434999956283718,3.0288999987533316,True,272.9444173809545
RSA+AES-256,5000,2,3693,787.5420999989728,0.6972000046516769,2.914299999247305,True,272.9444173809545
RSA+AES-256,5000,2,3694,363.9861000046949,0.6773000059183687,3.1751999995321967,True,272.9444173809545
RSA+AES-256,5000,2,3695,150.12530000240076,0.6598000036319718,2.99510000331793,True,272.9444173809545
RSA+AES-256,5000,2,3696,641.9007000004058,0.6011000004946254,2.9419999991660006,True,272.9444173809545
RSA+AES-256,5000,2,3697,525.3090000041993,0.5942999996477738,2.9690000010305084,True,272.9444173809545
RSA+AES-256,5000,2,3698,457.7632000000449,0.672199996188283,3.2672999950591475,True,272.9444173809545
RSA+AES-256,5000,2,3699,736.5845000022091,0.6772000051569194,2.9910000012023374,True,272.9444173809545
RSA+AES-256,5000,2,3700,1080.4993999990984,0.7179000022006221,3.0138000001898035,True,272.9444173809545
RSA+AES-256,5000,2,3701,417.548599994916,0.6632000004174188,2.9856999972253107,True,272.9444173809545
RSA+AES-256,5000,2,3702,1174.3427000037627,0.6742000041413121,2.947599998151418,True,272.9444173809545
RSA+AES-256,5000,2,3703,1032.6682000013534,0.6599999978789128,3.0049000051803887,True,272.9444173809545
RSA+AES-256,5000,2,3704,757.9404999996768,0.6809000042267144,2.9323999988264404,True,272.9444173809545
RSA+AES-256,5000,2,3705,614.7761999964132,0.7067999977152795,3.0661999990115874,True,272.9444173809545
RSA+AES-256,5000,2,3706,520.6798999934108,0.7100000002537854,2.9757000011159107,True,272.9444173809545
RSA+AES-256,5000,2,3707,1762.8321000011056,0.6546000004163943,2.861000000848435,True,272.9444173809545
RSA+AES-256,5000,2,3708,408.7412000008044,0.6713000038871542,3.7761999992653728,True,272.9444173809545
RSA+AES-256,5000,2,3709,1757.4053999996977,0.6304999988060445,2.9825000019627623,True,272.9444173809545
RSA+AES-256,5000,2,3710,1221.6023999935715,0.6416999967768788,2.8681000039796345,True,272.9444173809545
RSA+AES-256,5000,2,3711,356.32299999997485,0.6911999953445047,3.017600000021048,True,272.9444173809545
RSA+AES-256,5000,2,3712,636.9630000044708,0.6624999950872734,2.968900000269059,True,272.9444173809545
RSA+AES-256,5000,2,3713,1120.9811999942758,0.6800999981351197,3.0108999999356456,True,272.9444173809545
RSA+AES-256,5000,2,3714,2174.785100003646,0.7117000059224665,3.3613999985391274,True,272.9444173809545
RSA+AES-256,5000,2,3715,419.7152000051574,0.7085999968694523,3.157499995722901,True,272.9444173809545
RSA+AES-256,5000,2,3716,671.3772000002791,0.6620999993174337,2.99539999832632,True,272.9444173809545
RSA+AES-256,5000,2,3717,825.2522999973735,0.6700000012642704,2.860399996279739,True,272.9444173809545
RSA+AES-256,5000,2,3718,203.71869999507908,0.6143999999039806,3.0187999946065247,True,272.9444173809545
RSA+AES-256,5000,2,3719,302.6239999962854,0.6554999999934807,2.925299995695241,True,272.9444173809545
RSA+AES-256,5000,2,3720,1819.3843999979435,0.6775000001653098,3.059000002394896,True,272.9444173809545
RSA+AES-256,5000,2,3721,986.954500003776,0.6905999980517663,2.951299997221213,True,272.9444173809545
RSA+AES-256,5000,2,3722,378.2933000038611,0.6619999985559843,2.9979000028106384,True,272.9444173809545
RSA+AES-256,5000,2,3723,273.1058999997913,0.6446999977924861,2.969699999084696,True,272.9444173809545
RSA+AES-256,5000,2,3724,1967.5491999951191,0.7004999933997169,2.9317000007722527,True,272.9444173809545
RSA+AES-256,5000,2,3725,257.6259999987087,0.6681000013486482,2.9951999968034215,True,272.9444173809545
RSA+AES-256,5000,2,3726,182.8486000013072,0.6700000012642704,3.0336999989231117,True,272.9444173809545
RSA+AES-256,5000,2,3727,250.54610000370303,0.6417999975383282,2.988500003993977,True,272.9444173809545
RSA+AES-256,5000,2,3728,1128.812900002231,0.7162999972933903,2.9357000021263957,True,272.9444173809545
RSA+AES-256,5000,2,3729,1010.6865999987349,0.6713000038871542,2.905499997723382,True,272.9444173809545
RSA+AES-256,5000,2,3730,459.19339999818476,0.6844000017736107,2.9940999957034364,True,272.9444173809545
RSA+AES-256,5000,2,3731,212.3178999972879,0.679899996612221,2.948099994682707,True,272.9444173809545
RSA+AES-256,5000,2,3732,365.4322000002139,0.6591999990632758,2.941799997643102,True,272.9444173809545
RSA+AES-256,5000,2,3733,435.63759999960894,0.639899997622706,2.861100001609884,True,272.9444173809545
RSA+AES-256,5000,2,3734,68.43429999571526,0.6429999993997626,3.0677999966428615,True,272.9444173809545
RSA+AES-256,5000,2,3735,347.62030000274535,0.626200002443511,2.9293000043253414,True,272.9444173809545
RSA+AES-256,5000,2,3736,452.4680000031367,0.65080000058515,3.0108999999356456,True,272.9444173809545
RSA+AES-256,5000,2,3737,683.1448000011733,0.6575000006705523,2.9601000060210936,True,272.9444173809545
RSA+AES-256,5000,2,3738,727.1178999944823,0.6168000036268495,3.013299996382557,True,272.9444173809545
RSA+AES-256,5000,2,3739,2224.0259000027436,0.7253999938257039,3.150099997583311,True,272.9444173809545
RSA+AES-256,5000,2,3740,907.0108999949298,0.6591999990632758,3.037899994524196,True,272.9444173809545
RSA+AES-256,5000,2,3741,627.321200001461,0.6220999930519611,2.987800005939789,True,272.9444173809545
RSA+AES-256,5000,2,3742,513.7858999951277,0.6923000037204474,2.9993999996804632,True,272.9444173809545
RSA+AES-256,5000,2,3743,691.3454000023194,0.760000002628658,2.9653000019607134,True,272.9444173809545
RSA+AES-256,5000,2,3744,1868.5868999964441,0.6516000066767447,2.962999998999294,True,272.9444173809545
RSA+AES-256,5000,2,3745,921.7639000053168,0.6166000021039508,2.9437999983201735,True,272.9444173809545
RSA+AES-256,5000,2,3746,930.7229999976698,0.7009000037214719,3.1556000030832365,True,272.9444173809545
RSA+AES-256,5000,2,3747,257.3100000008708,0.6611999997403473,3.152999997837469,True,272.9444173809545
RSA+AES-256,5000,2,3748,264.31679999950575,0.6835000021965243,3.0918000047677197,True,272.9444173809545
RSA+AES-256,5000,2,3749,451.0688000009395,0.6649999995715916,3.322600001411047,True,272.9444173809545
RSA+AES-256,5000,2,3750,645.9429999958957,0.6799000038881786,2.89360000169836,True,272.9444173809545
RSA+AES-256,5000,2,3751,1156.307299999753,0.6567000018549152,2.8645999991567805,True,272.9444173809545
RSA+AES-256,5000,2,3752,378.38149999879533,0.6921000021975487,3.0075999966356903,True,272.9444173809545
RSA+AES-256,5000,2,3753,146.68019999953685,0.6665999972028658,2.9818000039085746,True,272.9444173809545
RSA+AES-256,5000,2,3754,432.31139999988955,0.7292000009329058,2.9749999957857653,True,272.9444173809545
RSA+AES-256,5000,2,3755,153.6874999947031,0.5945000011706725,3.0688999977428466,True,272.9444173809545
RSA+AES-256,5000,2,3756,334.05440000206,0.661700003547594,2.87910000042757,True,272.9444173809545
RSA+AES-256,5000,2,3757,1117.1851999970386,0.6597000028705224,2.8920999975525774,True,272.9444173809545
RSA+AES-256,5000,2,3758,229.7949999992852,0.6893999961903319,3.154400001221802,True,272.9444173809545
RSA+AES-256,5000,2,3759,1338.013000000501,0.6802999996580184,2.997499999764841,True,272.9444173809545
RSA+AES-256,5000,2,3760,273.9995000010822,0.7059999988996424,2.997000003233552,True,272.9444173809545
RSA+AES-256,5000,2,3761,1117.988099998911,0.6543999988934956,3.087900004175026,True,272.9444173809545
RSA+AES-256,5000,2,3762,453.2085999962874,0.7172000041464344,2.9056999992462806,True,272.9444173809545
RSA+AES-256,5000,2,3763,168.78889999497915,0.6476999988080934,2.9434000025503337,True,272.9444173809545
RSA+AES-256,5000,2,3764,724.5241999989958,0.6738999945810065,2.8722999995807186,True,272.9444173809545
RSA+AES-256,5000,2,3765,1079.080999996222,0.6697999997413717,2.930500006186776,True,272.9444173809545
RSA+AES-256,5000,2,3766,529.8757000055048,0.6606000024476089,2.998800002387725,True,272.9444173809545
RSA+AES-256,5000,2,3767,795.5397999976412,0.6033000026945956,2.9543000055127777,True,272.9444173809545
RSA+AES-256,5000,2,3768,1476.5033000003314,0.7022999998298474,3.0516999977407977,True,272.9444173809545
RSA+AES-256,5000,2,3769,720.5375999983517,0.6253000028664246,3.132599995296914,True,272.9444173809545
RSA+AES-256,5000,2,3770,1690.2745999977924,0.6943000043975189,2.9746000000159256,True,272.9444173809545
RSA+AES-256,5000,2,3771,577.681400005531,0.6836000029579736,2.9635999962920323,True,272.9444173809545
RSA+AES-256,5000,2,3772,874.2001999999047,0.6549000027007423,2.9054000042378902,True,272.9444173809545
RSA+AES-256,5000,2,3773,447.04970000020694,0.6624999950872734,2.9844000018783845,True,272.9444173809545
RSA+AES-256,5000,2,3774,293.01899999700254,0.6591999990632758,2.903299995523412,True,272.9444173809545
RSA+AES-256,5000,2,3775,547.3886999971,0.66559999686433,3.282300000137184,True,272.9444173809545
RSA+AES-256,5000,2,3776,235.4875000019092,0.6780999974580482,2.8936999951838516,True,272.9444173809545
RSA+AES-256,5000,2,3777,682.3517999946489,0.6489000006695278,2.897600003052503,True,272.9444173809545
RSA+AES-256,5000,2,3778,321.0439000031329,0.686799998220522,2.9723999978159554,True,272.9444173809545
RSA+AES-256,5000,2,3779,358.6012999949162,0.6554999999934807,2.9184000013628975,True,272.9444173809545
RSA+AES-256,5000,2,3780,270.6719999987399,0.6491999956779182,2.883499997551553,True,272.9444173809545
RSA+AES-256,5000,2,3781,813.9042999973753,0.628499998128973,3.0371000029845163,True,272.9444173809545
RSA+AES-256,5000,2,3782,513.4235000004992,0.6610999989788979,2.9709000009461306,True,272.9444173809545
RSA+AES-256,5000,2,3783,1104.0581999986898,0.7142999966163188,3.0274000018835068,True,272.9444173809545
RSA+AES-256,5000,2,3784,711.5634000001592,0.6718000004184432,2.895999998145271,True,272.9444173809545
RSA+AES-256,5000,2,3785,689.6065999972052,0.8337999970535748,2.9492999965441413,True,272.9444173809545
RSA+AES-256,5000,2,3786,2251.937799999723,0.6625999958487228,2.9275000051711686,True,272.9444173809545
RSA+AES-256,5000,2,3787,737.5532000005478,0.6084000051487237,2.9951999968034215,True,272.9444173809545
RSA+AES-256,5000,2,3788,160.27480000047944,0.6928000002517365,3.006600003573112,True,272.9444173809545
RSA+AES-256,5000,2,3789,988.8716999994358,0.6821999995736405,2.9668999995919876,True,272.9444173809545
RSA+AES-256,5000,2,3790,250.13909999688622,0.6505999990622513,2.9574000000138767,True,272.9444173809545
RSA+AES-256,5000,2,3791,485.7756000055815,0.6766000005882233,2.9280999951879494,True,272.9444173809545
RSA+AES-256,5000,2,3792,2005.289200002153,0.6713999973726459,2.9577999957837164,True,272.9444173809545
RSA+AES-256,5000,2,3793,1189.697999994678,0.6366999950842,3.0084999962127768,True,272.9444173809545
RSA+AES-256,5000,2,3794,1019.4731000010506,0.6819000045652501,3.2569999966653995,True,272.9444173809545
RSA+AES-256,5000,2,3795,1858.2951999997022,0.6833000006736256,2.880100000766106,True,272.9444173809545
RSA+AES-256,5000,2,3796,372.64760000107344,0.6656999976257794,3.2206999967456795,True,272.9444173809545
RSA+AES-256,5000,2,3797,270.95009999902686,0.6559000030392781,2.9386999958660454,True,272.9444173809545
RSA+AES-256,5000,2,3798,608.1076999980723,0.6735999995726161,2.954900002805516,True,272.9444173809545
RSA+AES-256,5000,2,3799,663.7866999953985,0.6624000016017817,2.8805000038119033,True,272.9444173809545
RSA+AES-256,5000,2,3800,401.72850000089966,0.6960999962757342,2.9413999945973046,True,272.9444173809545
RSA+AES-256,5000,2,3801,366.84019999665907,0.7133000035537407,2.964400002383627,True,272.9444173809545
RSA+AES-256,5000,2,3802,518.1717000014032,0.655100004223641,2.984900005685631,True,272.9444173809545
RSA+AES-256,5000,2,3803,1141.5135999995982,0.6089000016800128,2.967000000353437,True,272.9444173809545
RSA+AES-256,5000,2,3804,1327.1214999986114,0.6675000040559098,2.8520999985630624,True,272.9444173809545
RSA+AES-256,5000,2,3805,410.0304000021424,0.5910999971092679,2.987599997140933,True,272.9444173809545
RSA+AES-256,5000,2,3806,1212.185500000487,0.6485999983851798,2.8796999977203086,True,272.9444173809545
RSA+AES-256,5000,2,3807,432.0743000062066,1.0919000051217154,3.3947999982046895,True,272.9444173809545
RSA+AES-256,5000,2,3808,212.99220000219066,0.7014999937382527,3.0374000052688643,True,272.9444173809545
RSA+AES-256,5000,2,3809,983.7822999979835,0.676499999826774,2.9243000026326627,True,272.9444173809545
RSA+AES-256,5000,2,3810,1477.2567999971216,0.6893000027048402,2.938099998573307,True,272.9444173809545
RSA+AES-256,5000,2,3811,191.216400002304,0.6349999966914766,2.9179999983171,True,272.9444173809545
RSA+AES-256,5000,2,3812,390.84330000332557,0.6618000043090433,3.127299998595845,True,272.9444173809545
RSA+AES-256,5000,2,3813,288.0469000010635,0.6751999972038902,3.023699995537754,True,272.9444173809545
RSA+AES-256,5000,2,3814,1057.2848999945563,0.7251999995787628,3.028300001460593,True,272.9444173809545
RSA+AES-256,5000,2,3815,455.08040000277106,0.676199997542426,2.9587000026367605,True,272.9444173809545
RSA+AES-256,5000,2,3816,597.4226000034832,0.672499998472631,3.016400005435571,True,272.9444173809545
RSA+AES-256,5000,2,3817,876.9538999986253,0.6738000010955147,2.847499999916181,True,272.9444173809545
RSA+AES-256,5000,2,3818,454.2245999982697,0.6528000012622215,2.885900001274422,True,272.9444173809545
RSA+AES-256,5000,2,3819,195.32859999890206,0.6597000028705224,2.9651000004378147,True,272.9444173809545
RSA+AES-256,5000,2,3820,198.22500000009313,0.6283999973675236,2.9749999957857653,True,272.9444173809545
RSA+AES-256,5000,2,3821,1457.5059000053443,0.6487999999080785,2.9173000002629124,True,272.9444173809545
RSA+AES-256,5000,2,3822,775.9872999959043,0.7040999989840202,3.038599999854341,True,272.9444173809545
RSA+AES-256,5000,2,3823,424.98840000189375,0.687899999320507,2.994800001033582,True,272.9444173809545
RSA+AES-256,5000,2,3824,768.5631999993348,0.6883000023663044,2.9678999999305233,True,272.9444173809545
RSA+AES-256,5000,2,3825,1169.3846999987727,0.683700003719423,2.996099996380508,True,272.9444173809545
RSA+AES-256,5000,2,3826,1315.1949000020977,0.6607000032090582,2.8829000002588145,True,272.9444173809545
RSA+AES-256,5000,2,3827,449.4062000012491,0.6690000009257346,2.9378000035649166,True,272.9444173809545
RSA+AES-256,5000,2,3828,1115.2071000033175,0.6632000004174188,3.2059000004664995,True,272.9444173809545
RSA+AES-256,5000,2,3829,826.9403000012971,0.7119000001694076,2.9606999960378744,True,272.9444173809545
RSA+AES-256,5000,2,3830,618.9534000004642,0.6557000015163794,2.9830999992555007,True,272.9444173809545
RSA+AES-256,5000,2,3831,786.0586999959196,0.6902999957674183,3.037499998754356,True,272.9444173809545
RSA+AES-256,5000,2,3832,730.02809999889,0.6578000029549003,2.890000003390014,True,272.9444173809545
RSA+AES-256,5000,2,3833,568.9829999973881,0.7007999956840649,2.999299998919014,True,272.9444173809545
RSA+AES-256,5000,2,3834,408.5047999978997,0.6417999975383282,2.888600000005681,True,272.9444173809545
RSA+AES-256,5000,2,3835,193.18670000211569,0.5983000010019168,2.992699999595061,True,272.9444173809545
RSA+AES-256,5000,2,3836,1193.5063999990234,0.654499999654945,2.9360000044107437,True,272.9444173809545
RSA+AES-256,5000,2,3837,1089.1443000000436,0.6757000010111369,3.0393999986699782,True,272.9444173809545
RSA+AES-256,5000,2,3838,371.5830000001006,0.6053000033716671,2.9437999983201735,True,272.9444173809545
RSA+AES-256,5000,2,3839,529.8390000025393,0.6896999984746799,3.0067000043345615,True,272.9444173809545
RSA+AES-256,5000,2,3840,281.6432000036002,0.6762999983038753,2.998600000864826,True,272.9444173809545
RSA+AES-256,5000,2,3841,705.5360000013025,0.650199996016454,2.954800002044067,True,272.9444173809545
RSA+AES-256,5000,2,3842,1059.1509999940172,0.6610999989788979,2.90099999983795,True,272.9444173809545
RSA+AES-256,5000,2,3843,181.10799999703886,0.6942000036360696,2.9756000003544614,True,272.9444173809545
RSA+AES-256,5000,2,3844,691.0490000009304,0.6885999973746948,2.9408999980660155,True,272.9444173809545
RSA+AES-256,5000,2,3845,1475.7938999973703,0.6609999982174486,3.052400003070943,True,272.9444173809545
RSA+AES-256,5000,2,3846,184.94039999495726,0.6502999967779033,2.943299994512927,True,272.9444173809545
RSA+AES-256,5000,2,3847,562.1825999987777,0.6505999990622513,2.914900003816001,True,272.9444173809545
RSA+AES-256,5000,2,3848,429.4145000021672,0.6714999981340952,2.966699998069089,True,272.9444173809545
RSA+AES-256,5000,2,3849,639.5938999994542,0.6161999990581535,2.994299997226335,True,272.9444173809545
RSA+AES-256,5000,2,3850,799.7447000016109,0.6835000021965243,2.972299997054506,True,272.9444173809545
RSA+AES-256,5000,2,3851,1755.2790999980061,0.8201999953598715,3.424700000323355,True,272.9444173809545
RSA+AES-256,5000,2,3852,1972.33640000195,0.6496999994851649,2.898899998399429,True,272.9444173809545
RSA+AES-256,5000,2,3853,213.35320000071079,0.6543000054080039,3.2458999994560145,True,272.9444173809545
RSA+AES-256,5000,2,3854,1064.180800000031,0.6767999948351644,2.9214000023785047,True,272.9444173809545
RSA+AES-256,5000,2,3855,684.0402000016184,0.7087000049068592,2.987699997902382,True,272.9444173809545
RSA+AES-256,5000,2,3856,258.6160999999265,0.6876000043121167,2.9690000010305084,True,272.9444173809545
RSA+AES-256,5000,2,3857,938.1682999955956,0.6517000001622364,2.9104999994160607,True,272.9444173809545
RSA+AES-256,5000,2,3858,560.2616000032867,0.7383999982266687,2.8916000010212883,True,272.9444173809545
RSA+AES-256,5000,2,3859,552.5100000013481,0.6630999996559694,2.951200003735721,True,272.9444173809545
RSA+AES-256,5000,2,3860,1107.933299994329,0.702199999068398,2.995200004079379,True,272.9444173809545
RSA+AES-256,5000,2,3861,582.4371999988216,0.6629999988945201,2.931199996965006,True,272.9444173809545
RSA+AES-256,5000,2,3862,1005.0203999999212,0.6945000059204176,3.002199999173172,True,272.9444173809545
RSA+AES-256,5000,2,3863,1101.906299998518,0.6577000021934509,2.958299999590963,True,272.9444173809545
RSA+AES-256,5000,2,3864,163.5208000006969,0.6921999956830405,3.104600000369828,True,272.9444173809545
RSA+AES-256,5000,2,3865,675.8517999987816,0.6080999955884181,2.970000001369044,True,272.9444173809545
RSA+AES-256,5000,2,3866,1962.7078999983496,0.6920000014360994,3.333099994051736,True,272.9444173809545
RSA+AES-256,5000,2,3867,797.506599999906,0.6598999971174635,2.908700000261888,True,272.9444173809545
RSA+AES-256,5000,2,3868,364.53610000171466,0.6795000008423813,2.9588999968837015,True,272.9444173809545
RSA+AES-256,5000,2,3869,655.3968000007444,0.6781999982194975,2.968999993754551,True,272.9444173809545
RSA+AES-256,5000,2,3870,671.0241000037058,0.662200000078883,2.8961999996681698,True,272.9444173809545
RSA+AES-256,5000,2,3871,2067.535300004238,0.6676999983028509,2.953499999421183,True,272.9444173809545
RSA+AES-256,5000,2,3872,552.2060000002966,0.6531000035465695,2.9383000000962056,True,272.9444173809545
RSA+AES-256,5000,2,3873,647.6859999966109,0.6520000024465844,2.868200004741084,True,272.9444173809545
RSA+AES-256,5000,2,3874,803.4346999993431,0.6608999974559993,2.98839999595657,True,272.9444173809545
RSA+AES-256,5000,2,3875,333.8002000018605,0.6277000065892935,2.9506000064429827,True,272.9444173809545
RSA+AES-256,5000,2,3876,727.9252000007546,0.6085999993956648,2.983999998832587,True,272.9444173809545
RSA+AES-256,5000,2,3877,435.3964999972959,0.6796999950893223,2.9938999941805378,True,272.9444173809545
RSA+AES-256,5000,2,3878,407.97339999699034,0.6833999941591173,2.9572999992524274,True,272.9444173809545
RSA+AES-256,5000,2,3879,575.7948999962537,0.6676999983028509,2.992000001540873,True,272.9444173809545
RSA+AES-256,5000,2,3880,202.2456000049715,0.6575000006705523,2.92730000364827,True,272.9444173809545
RSA+AES-256,5000,2,3881,1260.718600002292,0.7852000053389929,3.4592000010889024,True,272.9444173809545
RSA+AES-256,5000,2,3882,911.6347999952268,0.6814000007580034,3.122199996141717,True,272.9444173809545
RSA+AES-256,5000,2,3883,538.7775999988662,0.6773999994038604,2.9979000028106384,True,272.9444173809545
RSA+AES-256,5000,2,3884,970.4773999983445,0.6234000029508024,2.9641999935847707,True,272.9444173809545
RSA+AES-256,5000,2,3885,384.23900000634603,0.6610999989788979,2.9310999962035567,True,272.9444173809545
RSA+AES-256,5000,2,3886,857.7096000008169,0.668499997118488,3.185100002156105,True,272.9444173809545
RSA+AES-256,5000,2,3887,414.19020000466844,0.604200002271682,2.967499996884726,True,272.9444173809545
RSA+AES-256,5000,2,3888,654.7075000053155,0.6571999983862042,2.8953000000910833,True,272.9444173809545
RSA+AES-256,5000,2,3889,1402.5660999977845,0.6661000006715767,2.9874999963794835,True,272.9444173809545
RSA+AES-256,5000,2,3890,319.17170000087935,0.6700000012642704,2.9922999965492636,True,272.9444173809545
RSA+AES-256,5000,2,3891,1675.0583999964874,0.6738000010955147,2.9993999996804632,True,272.9444173809545
RSA+AES-256,5000,2,3892,785.1851000013994,0.6419999990612268,2.9126000008545816,True,272.9444173809545
RSA+AES-256,5000,2,3893,754.957099998137,0.6625999958487228,2.9690000010305084,True,272.9444173809545
RSA+AES-256,5000,2,3894,759.5685999986017,0.6289000011747703,2.961899997899309,True,272.9444173809545
RSA+AES-256,5000,2,3895,675.8317999992869,0.720000003639143,2.9620999994222075,True,272.9444173809545
RSA+AES-256,5000,2,3896,675.4457999995793,0.6080000021029264,2.922399995441083,True,272.9444173809545
RSA+AES-256,5000,2,3897,1321.6113000016776,0.6791999985580333,2.9599999979836866,True,272.9444173809545
RSA+AES-256,5000,2,3898,204.8270000013872,0.6605000016861595,2.9510000022128224,True,272.9444173809545
RSA+AES-256,5000,2,3899,646.6757000016514,0.6683000028715469,2.9357000021263957,True,272.9444173809545
RSA+AES-256,5000,2,3900,449.6835999962059,0.661899997794535,2.9642000008607283,True,272.9444173809545
RSA+AES-256,5000,2,3901,1025.2043000000413,0.6271000020205975,2.9447999986587092,True,272.9444173809545
RSA+AES-256,5000,2,3902,1289.9058999973931,0.6733999980497174,2.997000003233552,True,272.9444173809545
RSA+AES-256,5000,2,3903,56.66840000048978,0.6371999988914467,2.945300002465956,True,272.9444173809545
RSA+AES-256,5000,2,3904,90.1739999972051,0.5836999989696778,2.9128000023774803,True,272.9444173809545
RSA+AES-256,5000,2,3905,292.1398999969824,0.6649999995715916,2.9508000006899238,True,272.9444173809545
RSA+AES-256,5000,2,3906,182.01569999655476,0.658500001009088,2.956399999675341,True,272.9444173809545
RSA+AES-256,5000,2,3907,1348.5864000031142,0.658500001009088,2.8800000000046566,True,272.9444173809545
RSA+AES-256,5000,2,3908,813.3637999999337,0.6655000033788383,2.9854000022169203,True,272.9444173809545
RSA+AES-256,5000,2,3909,1400.1719000007142,0.6859999994048849,3.0138000001898035,True,272.9444173809545
RSA+AES-256,5000,2,3910,1399.4447000004584,0.6642999942414463,2.9139000034774654,True,272.9444173809545
RSA+AES-256,5000,2,3911,498.0806000021403,0.675899995258078,2.9987000016262755,True,272.9444173809545
RSA+AES-256,5000,2,3912,678.0979000031948,0.662800004647579,2.9635000028065406,True,272.9444173809545
RSA+AES-256,5000,2,3913,518.1899000017438,0.6671999944956042,2.9283000039868057,True,272.9444173809545
RSA+AES-256,5000,2,3914,1171.3997000042582,0.6597000028705224,2.9531000036513433,True,272.9444173809545
RSA+AES-256,5000,2,3915,1435.3233000001637,0.6472000022768043,2.8777000043191947,True,272.9444173809545
RSA+AES-256,5000,2,3916,1533.5025000022142,0.6614000012632459,2.9503000041586347,True,272.9444173809545
RSA+AES-256,5000,2,3917,581.7752999937511,0.6978000019444153,2.978099997562822,True,272.9444173809545
RSA+AES-256,5000,2,3918,611.1307000028319,0.6766000005882233,3.0321999947773293,True,272.9444173809545
RSA+AES-256,5000,2,3919,763.3343000052264,0.6852000005892478,3.0049999986658804,True,272.9444173809545
RSA+AES-256,5000,2,3920,260.7464000029722,0.6557999950018711,2.955600000859704,True,272.9444173809545
RSA+AES-256,5000,2,3921,996.1318999994546,0.6705999985570088,2.9719000012846664,True,272.9444173809545
RSA+AES-256,5000,2,3922,130.71729999501258,0.6661000006715767,2.955299998575356,True,272.9444173809545
RSA+AES-256,5000,2,3923,1149.1749999986496,0.6517000001622364,2.9866000040783547,True,272.9444173809545
RSA+AES-256,5000,2,3924,406.0087999969255,0.6592999998247251,2.900799998315051,True,272.9444173809545
RSA+AES-256,5000,2,3925,660.692299999937,0.6684000036329962,2.900900006352458,True,272.9444173809545
RSA+AES-256,5000,2,3926,311.08320000203094,0.6489999941550195,2.9168000037316233,True,272.9444173809545
RSA+AES-256,5000,2,3927,403.10210000461666,0.6653999953414313,3.2881000006454997,True,272.9444173809545
RSA+AES-256,5000,2,3928,390.732100000605,0.7031000059214421,2.9600000052596442,True,272.9444173809545
RSA+AES-256,5000,2,3929,498.7237000023015,0.657899996440392,2.9545000070356764,True,272.9444173809545
RSA+AES-256,5000,2,3930,549.7803999969619,0.6714999981340952,3.0057000039960258,True,272.9444173809545
RSA+AES-256,5000,2,3931,418.66200000367826,0.6919000006746501,3.0014000003575347,True,272.9444173809545
RSA+AES-256,5000,2,3932,753.3410000032745,0.6612000070163049,2.978200005600229,True,272.9444173809545
RSA+AES-256,5000,2,3933,1374.2974999986473,0.6838000044808723,2.9208000050857663,True,272.9444173809545
RSA+AES-256,5000,2,3934,1069.8288999992656,0.6840999994892627,2.891300006012898,True,272.9444173809545
RSA+AES-256,5000,2,3935,331.998299996485,0.6628999981330708,2.9932999968877994,True,272.9444173809545
RSA+AES-256,5000,2,3936,545.226799993543,0.6809000042267144,2.959299999929499,True,272.9444173809545
RSA+AES-256,5000,2,3937,910.3250999978627,0.6791999985580333,2.983699996548239,True,272.9444173809545
RSA+AES-256,5000,2,3938,467.5178999968921,0.6495000052382238,2.9280000017024577,True,272.9444173809545
RSA+AES-256,5000,2,3939,554.2963000043528,0.7037000032141805,2.919499995186925,True,272.9444173809545
RSA+AES-256,5000,2,3940,621.183999995992,0.6674000032944605,2.9429999995045364,True,272.9444173809545
RSA+AES-256,5000,2,3941,316.0965999995824,0.6995000003371388,3.0251999996835366,True,272.9444173809545
RSA+AES-256,5000,2,3942,519.5356000040192,0.6981000042287633,3.0483000009553507,True,272.9444173809545
RSA+AES-256,5000,2,3943,1129.486600002565,0.6794000000809319,2.981600002385676,True,272.9444173809545
RSA+AES-256,5000,2,3944,1632.4137999981758,0.6667000052402727,2.9301000031409785,True,272.9444173809545
RSA+AES-256,5000,2,3945,1031.391500000609,0.6831999999121763,2.9823999939253554,True,272.9444173809545
RSA+AES-256,5000,2,3946,311.716999996861,0.6854999955976382,2.998100004333537,True,272.9444173809545
RSA+AES-256,5000,2,3947,1018.7576000025729,0.6859999994048849,2.982700003485661,True,272.9444173809545
RSA+AES-256,5000,2,3948,392.00220000202535,0.6644000022788532,2.948500005004462,True,272.9444173809545
RSA+AES-256,5000,2,3949,46.67179999523796,0.5430000019259751,2.9211000000941567,True,272.9444173809545
RSA+AES-256,5000,2,3950,383.594599996286,0.6180999989737757,2.9945000060251914,True,272.9444173809545
RSA+AES-256,5000,2,3951,338.40760000020964,0.640500002191402,3.1574000022374094,True,272.9444173809545
RSA+AES-256,5000,2,3952,598.0973999976413,0.6950000024517067,3.004099999088794,True,272.9444173809545
RSA+AES-256,5000,2,3953,695.510599995032,0.6481000018538907,2.9426000037346967,True,272.9444173809545
RSA+AES-256,5000,2,3954,457.88590000302065,0.6428999986383133,2.8671999971265905,True,272.9444173809545
RSA+AES-256,5000,2,3955,335.95129999594064,0.668799999402836,2.9205000028014183,True,272.9444173809545
RSA+AES-256,5000,2,3956,170.39610000210814,0.6554999999934807,3.0038000040804036,True,272.9444173809545
RSA+AES-256,5000,2,3957,395.8585999935167,0.7063999946694821,2.931999995780643,True,272.9444173809545
RSA+AES-256,5000,2,3958,364.51660000602715,0.7117999994079582,3.186099995218683,True,272.9444173809545
RSA+AES-256,5000,2,3959,515.2133000010508,0.7040000054985285,2.9906999989179894,True,272.9444173809545
RSA+AES-256,5000,2,3960,1050.910500001919,0.6572999991476536,3.008100000442937,True,272.9444173809545
RSA+AES-256,5000,2,3961,839.6686999985832,0.6606000024476089,3.004099999088794,True,272.9444173809545
RSA+AES-256,5000,2,3962,1340.0541999944835,0.6917999999132007,3.672299993922934,True,272.9444173809545
RSA+AES-256,5000,2,3963,305.5129999993369,0.651599999400787,2.9716999997617677,True,272.9444173809545
RSA+AES-256,5000,2,3964,1109.9207000006572,0.6738000010955147,3.0159000016283244,True,272.9444173809545
RSA+AES-256,5000,2,3965,1067.823600002157,0.6885000038892031,2.972599999338854,True,272.9444173809545
RSA+AES-256,5000,2,3966,1390.4624999995576,0.6862000009277835,2.9543999989982694,True,272.9444173809545
RSA+AES-256,5000,2,3967,626.1166000040248,0.6460000004153699,2.946100001281593,True,272.9444173809545
RSA+AES-256,5000,2,3968,1991.8037000024924,0.6601999994018115,2.9427999979816377,True,272.9444173809545
RSA+AES-256,5000,2,3969,197.59229999908712,0.6302000037976541,2.9758999953628518,True,272.9444173809545
RSA+AES-256,5000,2,3970,928.3211999936611,0.6569000033778138,3.189400005794596,True,272.9444173809545
RSA+AES-256,5000,2,3971,690.222500001255,0.7326999984798022,3.048599995963741,True,272.9444173809545
RSA+AES-256,5000,2,3972,933.5135000001173,0.6633999946643598,3.06060000002617,True,272.9444173809545
RSA+AES-256,5000,2,3973,199.36069999675965,0.7578999939141795,2.9702999963774346,True,272.9444173809545
RSA+AES-256,5000,2,3974,54.27910000435077,0.5785999965155497,2.947699998912867,True,272.9444173809545
RSA+AES-256,5000,2,3975,70.19969999964815,0.5552000002353452,2.9246999984025024,True,272.9444173809545
RSA+AES-256,5000,2,3976,689.692300002207,0.6686999986413866,2.9993999996804632,True,272.9444173809545
RSA+AES-256,5000,2,3977,1185.9688000040478,0.6738000010955147,3.018899995367974,True,272.9444173809545
RSA+AES-256,5000,2,3978,102.0487999994657,0.5788999987998977,2.9404000015347265,True,272.9444173809545
RSA+AES-256,5000,2,3979,672.8872000021511,0.872900003741961,2.97359999967739,True,272.9444173809545
RSA+AES-256,5000,2,3980,560.528299996804,0.6780999974580482,3.0811000033281744,True,272.9444173809545
RSA+AES-256,5000,2,3981,554.9050000045099,0.6840999994892627,3.0477000036626123,True,272.9444173809545
RSA+AES-256,5000,2,3982,242.73269999685,0.6853000013506971,2.9129000031389296,True,272.9444173809545
RSA+AES-256,5000,2,3983,118.25370000588009,0.6219999995664693,2.955700001621153,True,272.9444173809545
RSA+AES-256,5000,2,3984,1003.8241000002017,0.6164000005810522,2.9574000000138767,True,272.9444173809545
RSA+AES-256,5000,2,3985,1670.6620999975712,0.6747000006726012,2.997800002049189,True,272.9444173809545
RSA+AES-256,5000,2,3986,671.5177000005497,0.6235999971977435,2.929700000095181,True,272.9444173809545
RSA+AES-256,5000,2,3987,820.2946000019438,0.6586000017705373,2.977900003315881,True,272.9444173809545
RSA+AES-256,5000,2,3988,1649.903199999244,0.6844000017736107,3.010699998412747,True,272.9444173809545
RSA+AES-256,5000,2,3989,408.98590000142576,0.6678999998257495,2.966000000014901,True,272.9444173809545
RSA+AES-256,5000,2,3990,1102.8165999960038,0.6658000056631863,2.9532999978982843,True,272.9444173809545
RSA+AES-256,5000,2,3991,570.2416999993147,0.6905000045662746,3.017399998498149,True,272.9444173809545
RSA+AES-256,5000,2,3992,701.9040999948629,0.738499998988118,3.0996999994385988,True,272.9444173809545
RSA+AES-256,5000,2,3993,1131.7858999973396,0.7123000032152049,2.9580999980680645,True,272.9444173809545
RSA+AES-256,5000,2,3994,1477.5530000042636,0.6522999974549748,2.854400001524482,True,272.9444173809545
RSA+AES-256,5000,2,3995,396.77369999844814,0.6749999956809916,2.9738000012002885,True,272.9444173809545
RSA+AES-256,5000,2,3996,722.1097000001464,0.6176000024424866,3.129599994281307,True,272.9444173809545
RSA+AES-256,5000,2,3997,449.88049999665236,0.6752999979653396,2.98800000018673,True,272.9444173809545
RSA+AES-256,5000,2,3998,624.082800000906,0.7126999989850447,3.0111000014585443,True,272.9444173809545
RSA+AES-256,5000,2,3999,177.83960000087973,0.6194000015966594,2.9836000030627474,True,272.9444173809545
RSA+AES-256,5000,2,4000,1883.562000002712,0.6536000000778586,2.900800005591009,True,272.9444173809545
RSA+AES-256,5000,2,4001,1108.6746999935713,0.708199993823655,3.0207000017981045,True,272.9444173809545
RSA+AES-256,5000,2,4002,530.1685000013094,0.6485000048996881,3.0200000037439167,True,272.9444173809545
RSA+AES-256,5000,2,4003,1545.6667999969795,0.6494000044767745,3.043900003831368,True,272.9444173809545
RSA+AES-256,5000,2,4004,1110.1239999989048,0.6738000010955147,2.962200000183657,True,272.9444173809545
RSA+AES-256,5000,2,4005,388.687899998331,0.687599997036159,2.897600003052503,True,272.9444173809545
RSA+AES-256,5000,2,4006,627.7012000064133,0.6672000017715618,2.9675999976461753,True,272.9444173809545
RSA+AES-256,5000,2,4007,1081.3005000018165,0.6865000032121316,2.963499995530583,True,272.9444173809545
RSA+AES-256,5000,2,4008,1166.1198000001605,0.6744999991497025,2.9770000037387945,True,272.9444173809545
RSA+AES-256,5000,2,4009,966.9761000041035,0.614199998381082,3.21839999378426,True,272.9444173809545
RSA+AES-256,5000,2,4010,364.29130000033183,0.6431000001612119,2.948000001197215,True,272.9444173809545
RSA+AES-256,5000,2,4011,464.976299997943,0.6683000028715469,2.977600001031533,True,272.9444173809545
RSA+AES-256,5000,2,4012,482.0655999938026,0.6570000041392632,3.054500004509464,True,272.9444173809545
RSA+AES-256,5000,2,4013,302.4595000024419,0.6185999955050647,2.9873000021325424,True,272.9444173809545
RSA+AES-256,5000,2,4014,431.14020000211895,0.6233000021893531,3.0122000025585294,True,272.9444173809545
RSA+AES-256,5000,2,4015,221.20889999496285,0.6388999972841702,2.8965999954380095,True,272.9444173809545
RSA+AES-256,5000,2,4016,844.5076999996672,0.6709000008413568,3.197600002749823,True,272.9444173809545
RSA+AES-256,5000,2,4017,275.22160000080476,0.6370999981299974,2.907599999161903,True,272.9444173809545
RSA+AES-256,5000,2,4018,225.3151999975671,0.6523999982164241,3.123100002994761,True,272.9444173809545
RSA+AES-256,5000,2,4019,116.77230000350391,0.6274000043049455,2.987299994856585,True,272.9444173809545
RSA+AES-256,5000,2,4020,1600.8844999960274,0.680500001180917,3.0394999994314276,True,272.9444173809545
RSA+AES-256,5000,2,4021,903.4504999945057,0.6530000027851202,3.0009999973117374,True,272.9444173809545
RSA+AES-256,5000,2,4022,826.8648000012035,0.6427000043913722,2.8844999978900887,True,272.9444173809545
RSA+AES-256,5000,2,4023,518.1997999970918,0.6624000016017817,2.9921999957878143,True,272.9444173809545
RSA+AES-256,5000,2,4024,936.0481999974581,0.665400002617389,2.9651000004378147,True,272.9444173809545
RSA+AES-256,5000,2,4025,587.8293999994639,0.6466999984695576,2.9049000004306436,True,272.9444173809545
RSA+AES-256,5000,2,4026,447.40500000625616,0.6472000022768043,3.1630000012228265,True,272.9444173809545
RSA+AES-256,5000,2,4027,337.59379999537487,0.6752999979653396,2.9739999954472296,True,272.9444173809545
RSA+AES-256,5000,2,4028,687.8843000013148,0.7068999984767288,2.9547000012826174,True,272.9444173809545
RSA+AES-256,5000,2,4029,1515.6395000012708,0.6456000046455301,2.9972000047564507,True,272.9444173809545
RSA+AES-256,5000,2,4030,1648.4879999989062,0.6751999972038902,2.991100001963787,True,272.9444173809545
RSA+AES-256,5000,2,4031,542.1064999973169,0.6708000000799075,2.9537000009440817,True,272.9444173809545
RSA+AES-256,5000,2,4032,467.7034999986063,0.661899997794535,2.9510000022128224,True,272.9444173809545
RSA+AES-256,5000,2,4033,617.3806000006152,0.6274999977904372,2.955600000859704,True,272.9444173809545
RSA+AES-256,5000,2,4034,1202.8888999993796,0.694800000928808,2.949800000351388,True,272.9444173809545
RSA+AES-256,5000,2,4035,624.7456999990391,0.6708000000799075,2.9192000001785345,True,272.9444173809545
RSA+AES-256,5000,2,4036,209.24050000030547,0.6565000003320165,2.9341000044951215,True,272.9444173809545
RSA+AES-256,5000,2,4037,1029.8171999966144,0.7947000049171038,3.151400000206195,True,272.9444173809545
RSA+AES-256,5000,2,4038,1860.8185000048252,0.6623999943258241,2.919799997471273,True,272.9444173809545
RSA+AES-256,5000,2,4039,442.0673999993596,0.6461000011768192,2.9132999989087693,True,272.9444173809545
RSA+AES-256,5000,2,4040,867.5986000016565,0.6772999986424111,3.4394000031170435,True,272.9444173809545
RSA+AES-256,5000,2,4041,1438.324000002467,0.6708000000799075,2.9720000020461157,True,272.9444173809545
RSA+AES-256,5000,2,4042,422.08739999477984,0.665299994579982,2.9987000016262755,True,272.9444173809545
RSA+AES-256,5000,2,4043,864.9966000011773,0.6672000017715618,2.903900000092108,True,272.9444173809545
RSA+AES-256,5000,2,4044,495.85270000534365,0.6704999977955595,2.897400001529604,True,272.9444173809545
RSA+AES-256,5000,2,4045,1173.2502000013483,0.6472000022768043,2.9224000027170405,True,272.9444173809545
RSA+AES-256,5000,2,4046,385.03969999874244,0.6301000030362047,2.936299999419134,True,272.9444173809545
RSA+AES-256,5000,2,4047,801.3298000005307,0.6866999974590726,2.9595000014523976,True,272.9444173809545
RSA+AES-256,5000,2,4048,993.4556000007433,0.70189999678405,2.9445999971358106,True,272.9444173809545
RSA+AES-256,5000,2,4049,1534.6397000030265,0.712199995177798,3.4595000033732504,True,272.9444173809545
RSA+AES-256,5000,2,4050,995.363100002578,0.6617999970330857,2.973900001961738,True,272.9444173809545
RSA+AES-256,5000,2,4051,337.40859999670647,0.7203999994089827,3.0196000006981194,True,272.9444173809545
RSA+AES-256,5000,2,4052,589.9678999994649,0.6840999994892627,2.976499999931548,True,272.9444173809545
RSA+AES-256,5000,2,4053,152.08739999798127,0.6040000007487833,2.9254000037326477,True,272.9444173809545
RSA+AES-256,5000,2,4054,609.0024000004632,0.6692000024486333,2.9610999990836717,True,272.9444173809545
RSA+AES-256,5000,2,4055,2967.441599997983,0.6686999986413866,2.878699997381773,True,272.9444173809545
RSA+AES-256,5000,2,4056,1838.8322000027983,0.6960999962757342,2.9129000031389296,True,272.9444173809545
RSA+AES-256,5000,2,4057,125.7331000015256,0.6203000011737458,2.907599999161903,True,272.9444173809545
RSA+AES-256,5000,2,4058,518.8885000025039,0.6624000016017817,2.986299994518049,True,272.9444173809545
RSA+AES-256,5000,2,4059,1155.1501999929314,0.6772999986424111,2.9753999988315627,True,272.9444173809545
RSA+AES-256,5000,2,4060,821.8523000032292,0.6749000021954998,3.244200001063291,True,272.9444173809545
RSA+AES-256,5000,2,4061,305.3155999950832,0.6608999974559993,2.96169999637641,True,272.9444173809545
RSA+AES-256,5000,2,4062,376.0623999987729,0.7093999956850894,3.0091000007814728,True,272.9444173809545
RSA+AES-256,5000,2,4063,1592.8893000018434,0.6379999977070838,2.9125000000931323,True,272.9444173809545
RSA+AES-256,5000,2,4064,625.5058999959147,0.6567000018549152,2.951099995698314,True,272.9444173809545
RSA+AES-256,5000,2,4065,1053.4159000017098,0.6823000003350899,2.9635000028065406,True,272.9444173809545
RSA+AES-256,5000,2,4066,327.37440000346396,0.6339000028674491,2.9188999978941865,True,272.9444173809545
RSA+AES-256,5000,2,4067,298.9968999972916,0.6882000016048551,2.9698999933316372,True,272.9444173809545
RSA+AES-256,5000,2,4068,884.179500004393,0.6203000011737458,2.9497999930754304,True,272.9444173809545
RSA+AES-256,5000,2,4069,639.9201000022003,0.687899999320507,2.931800001533702,True,272.9444173809545
RSA+AES-256,5000,2,4070,1099.5817000002717,0.6413000010070391,2.89100000372855,True,272.9444173809545
RSA+AES-256,5000,2,4071,854.9757000000682,0.6646999972872436,2.9642000008607283,True,272.9444173809545
RSA+AES-256,5000,2,4072,1307.409799999732,0.6957000005058944,3.0059000055189244,True,272.9444173809545
RSA+AES-256,5000,2,4073,891.7652000018279,0.6824000010965392,2.959100005682558,True,272.9444173809545
RSA+AES-256,5000,2,4074,362.2493000002578,0.6853000013506971,2.98060000204714,True,272.9444173809545
RSA+AES-256,5000,2,4075,1641.2420000051497,0.6757000010111369,2.960899997560773,True,272.9444173809545
RSA+AES-256,5000,2,4076,1118.606700001692,0.5997999978717417,2.935199998319149,True,272.9444173809545
RSA+AES-256,5000,2,4077,402.02409999619704,0.6123999992269091,3.0196000006981194,True,272.9444173809545
RSA+AES-256,5000,2,4078,355.4342999996152,0.6747000006726012,3.2026999979279935,True,272.9444173809545
RSA+AES-256,5000,2,4079,2502.898099999584,0.6266999989748001,3.05359999765642,True,272.9444173809545
RSA+AES-256,5000,2,4080,574.5982000007643,0.6961999970371835,2.9869999998481944,True,272.9444173809545
RSA+AES-256,5000,2,4081,690.8723000015016,0.6718000004184432,4.031800002849195,True,272.9444173809545
RSA+AES-256,5000,2,4082,320.1903000008315,0.691100001859013,2.9584000003524125,True,272.9444173809545
RSA+AES-256,5000,2,4083,150.7493999961298,0.6094999989727512,3.008599996974226,True,272.9444173809545
RSA+AES-256,5000,2,4084,534.9769000022206,0.6451999943237752,2.894899997045286,True,272.9444173809545
RSA+AES-256,5000,2,4085,919.4709000003058,0.6263999966904521,2.94949999806704,True,272.9444173809545
RSA+AES-256,5000,2,4086,1012.2062999944319,0.6775000001653098,2.9192000001785345,True,272.9444173809545
RSA+AES-256,5000,2,4087,1739.0067000014824,0.606999994488433,2.9570999977295287,True,272.9444173809545
RSA+AES-256,5000,2,4088,727.1041999993031,0.7664000004297122,2.934000003733672,True,272.9444173809545
RSA+AES-256,5000,2,4089,478.8916000034078,0.6740000026184134,2.9995000004419126,True,272.9444173809545
RSA+AES-256,5000,2,4090,262.1569999973872,0.6817999965278432,3.0167000004439615,True,272.9444173809545
RSA+AES-256,5000,2,4091,1235.9127000017907,0.6487999999080785,3.0483000009553507,True,272.9444173809545
RSA+AES-256,5000,2,4092,1368.9130999991903,0.6624000016017817,3.225599997676909,True,272.9444173809545
RSA+AES-256,5000,2,4093,858.6109999960172,0.7154999984777533,2.9748000015388243,True,272.9444173809545
RSA+AES-256,5000,2,4094,762.3953000002075,0.6705999985570088,2.8545000022859313,True,272.9444173809545
RSA+AES-256,5000,2,4095,633.2172000038554,0.64820000261534,2.9176000025472604,True,272.9444173809545
RSA+AES-256,5000,2,4096,410.8131000029971,0.669299995934125,2.8949999978067353,True,272.9444173809545
RSA+AES-256,5000,2,4097,688.6733999999706,0.6441000004997477,3.0454000007011928,True,272.9444173809545
RSA+AES-256,5000,2,4098,426.5449000013177,0.61450000066543,2.9853999949409626,True,272.9444173809545
RSA+AES-256,5000,2,4099,749.9267999955919,0.6877999985590577,2.9431000002659857,True,272.9444173809545
RSA+AES-256,5000,2,4100,509.6687999975984,0.669299995934125,2.9815000016242266,True,272.9444173809545
RSA+AES-256,5000,2,4101,623.1784999981755,0.643599996692501,2.952700000605546,True,272.9444173809545
RSA+AES-256,5000,2,4102,216.74680000433,0.6491999956779182,2.8904000064358115,True,272.9444173809545
RSA+AES-256,5000,2,4103,460.7633000050555,0.6675000040559098,2.943899999081623,True,272.9444173809545
RSA+AES-256,5000,2,4104,1027.4121999973431,0.6936999998288229,2.977099997224286,True,272.9444173809545
RSA+AES-256,5000,2,4105,222.3909000022104,0.6139999968581833,2.915600001870189,True,272.9444173809545
RSA+AES-256,5000,2,4106,552.7400999999372,0.6214000022737309,2.9555000000982545,True,272.9444173809545
RSA+AES-256,5000,2,4107,659.5111999995424,0.6887999988975935,2.975999996124301,True,272.9444173809545
RSA+AES-256,5000,2,4108,188.87559999711812,0.7492000004276633,3.0262000000220723,True,272.9444173809545
RSA+AES-256,5000,2,4109,1098.9056999969762,0.615100005234126,2.9451000009430572,True,272.9444173809545
RSA+AES-256,5000,2,4110,502.786199998809,0.6664999964414164,2.9596999956993386,True,272.9444173809545
RSA+AES-256,5000,2,4111,2998.9094999982626,0.6772999986424111,3.210100003343541,True,272.9444173809545
RSA+AES-256,5000,2,4112,298.52799999935087,0.6906999988132156,2.9630999997607432,True,272.9444173809545
RSA+AES-256,5000,2,4113,363.76949999976205,0.705400001606904,2.987699997902382,True,272.9444173809545
RSA+AES-256,5000,2,4114,161.17629999644123,0.6922000029589981,3.028500002983492,True,272.9444173809545
RSA+AES-256,5000,2,4115,640.786299998581,0.6095999997342005,2.96360000356799,True,272.9444173809545
RSA+AES-256,5000,2,4116,236.0534999970696,0.6610999989788979,2.9804000005242415,True,272.9444173809545
RSA+AES-256,5000,2,4117,496.7709999982617,0.6614999947487377,2.9961999971419573,True,272.9444173809545
RSA+AES-256,5000,2,4118,1778.2233000034466,0.6815000015194528,2.880100000766106,True,272.9444173809545
RSA+AES-256,5000,2,4119,392.74099999602186,0.6599999978789128,2.9250000006868504,True,272.9444173809545
RSA+AES-256,5000,2,4120,897.7533999932348,0.6789000035496429,2.9574000000138767,True,272.9444173809545
RSA+AES-256,5000,2,4121,297.7169999940088,0.7037999966996722,2.901999992900528,True,272.9444173809545
RSA+AES-256,5000,2,4122,870.9100999985822,0.66559999686433,2.955600000859704,True,272.9444173809545
RSA+AES-256,5000,2,4123,1760.107699999935,0.6594000005861744,2.95689999620663,True,272.9444173809545
RSA+AES-256,5000,2,4124,435.5291000028956,0.686499995936174,2.9244999968796037,True,272.9444173809545
RSA+AES-256,5000,2,4125,658.6148999995203,0.6667999987257645,2.914600001531653,True,272.9444173809545
RSA+AES-256,5000,2,4126,340.5659999989439,0.6646000038017519,2.9683999964618124,True,272.9444173809545
RSA+AES-256,5000,2,4127,360.5941999994684,0.6926999994902872,3.1673999983468093,True,272.9444173809545
RSA+AES-256,5000,2,4128,361.1578999989433,0.6362000058288686,2.981600002385676,True,272.9444173809545
RSA+AES-256,5000,2,4129,1964.3723999979557,0.64820000261534,3.0897999968146905,True,272.9444173809545
RSA+AES-256,5000,2,4130,1300.9118999980274,0.683400001435075,3.0009999973117374,True,272.9444173809545
RSA+AES-256,5000,2,4131,248.411100001249,0.6155999944894575,2.95880000339821,True,272.9444173809545
RSA+AES-256,5000,2,4132,126.24750000395579,0.6215000030351803,3.0118000067886896,True,272.9444173809545
RSA+AES-256,5000,2,4133,297.1378000002005,0.6493000037153251,2.967499996884726,True,272.9444173809545
RSA+AES-256,5000,2,4134,613.0809000023874,0.6672000017715618,3.001800003403332,True,272.9444173809545
RSA+AES-256,5000,2,4135,191.15030000102706,0.6009999997331761,2.9090999960317276,True,272.9444173809545
RSA+AES-256,5000,2,4136,90.3491999997641,0.658800003293436,2.9771999979857355,True,272.9444173809545
RSA+AES-256,5000,2,4137,1655.9674000018276,0.6920000014360994,2.912099997047335,True,272.9444173809545
RSA+AES-256,5000,2,4138,500.4914000019198,0.6855999963590875,2.9504999984055758,True,272.9444173809545
RSA+AES-256,5000,2,4139,535.7552999994368,0.6237999987206422,2.9467999993357807,True,272.9444173809545
RSA+AES-256,5000,2,4140,1368.1513000046834,0.662000005831942,2.9561999981524423,True,272.9444173809545
RSA+AES-256,5000,2,4141,220.95019999687793,0.6389999980456196,2.9119999962858856,True,272.9444173809545
RSA+AES-256,5000,2,4142,345.4711000013049,0.6722999969497323,2.8726999953505583,True,272.9444173809545
RSA+AES-256,5000,2,4143,773.0583000011393,0.6280000015976839,3.069799997319933,True,272.9444173809545
RSA+AES-256,5000,2,4144,456.8742999981623,0.651599999400787,2.911700001277495,True,272.9444173809545
RSA+AES-256,5000,2,4145,1121.857899997849,0.6346000009216368,3.1533999936073087,True,272.9444173809545
RSA+AES-256,5000,2,4146,741.6547999964678,0.6732000038027763,3.311699998448603,True,272.9444173809545
RSA+AES-256,5000,2,4147,282.67570000025444,0.6521999966935255,2.9667999988305382,True,272.9444173809545
RSA+AES-256,5000,2,4148,303.94320000050357,0.67710000439547,3.0760000008740462,True,272.9444173809545
RSA+AES-256,5000,2,4149,396.9853000016883,0.6665000037173741,2.953199997136835,True,272.9444173809545
RSA+AES-256,5000,2,4150,232.12939999939408,0.6481000018538907,2.8788999989046715,True,272.9444173809545
RSA+AES-256,5000,2,4151,970.4466999974102,0.6547000011778437,2.907699999923352,True,272.9444173809545
RSA+AES-256,5000,2,4152,1427.2658999980194,0.6663000021944754,2.874799996789079,True,272.9444173809545
RSA+AES-256,5000,2,4153,265.80899999680696,0.6760000032954849,2.9448999994201586,True,272.9444173809545
RSA+AES-256,5000,2,4154,636.5435999978217,0.6446999977924861,2.923000000009779,True,272.9444173809545
RSA+AES-256,5000,2,4155,812.2510000030161,0.6672000017715618,2.930099995865021,True,272.9444173809545
RSA+AES-256,5000,2,4156,330.99290000245674,0.653899995086249,2.9514999987441115,True,272.9444173809545
RSA+AES-256,5000,2,4157,781.4703999974881,0.680199998896569,2.9597000029752962,True,272.9444173809545
RSA+AES-256,5000,2,4158,720.3788999977405,0.7120000009308569,3.0974999972386286,True,272.9444173809545
RSA+AES-256,5000,2,4159,1833.5647999992943,0.6680000005871989,2.9576000015367754,True,272.9444173809545
RSA+AES-256,5000,2,4160,550.6710999979987,0.6904000038048252,2.9456999982357956,True,272.9444173809545
RSA+AES-256,5000,2,4161,953.6342999999761,0.6778000024496578,2.978899996378459,True,272.9444173809545
RSA+AES-256,5000,2,4162,852.4771000011242,0.6687000059173442,3.207400004612282,True,272.9444173809545
RSA+AES-256,5000,2,4163,249.89210000057938,0.7569999943370931,3.1541999996989034,True,272.9444173809545
RSA+AES-256,5000,2,4164,137.22280000365572,0.6905999980517663,3.433899997617118,True,272.9444173809545
RSA+AES-256,5000,2,4165,1115.8446999979788,0.6398000041372143,3.1576999972457998,True,272.9444173809545
RSA+AES-256,5000,2,4166,1149.4591000009677,0.6715999988955446,2.974899995024316,True,272.9444173809545
RSA+AES-256,5000,2,4167,1499.4909999950323,0.7010999979684129,2.94469999789726,True,272.9444173809545
RSA+AES-256,5000,2,4168,958.3729000005405,0.6692000024486333,2.9121999978087842,True,272.9444173809545
RSA+AES-256,5000,2,4169,965.594900000724,0.6648999988101423,2.9089000017847866,True,272.9444173809545
RSA+AES-256,5000,2,4170,438.3135999960359,0.6869999997434206,3.0487999974866398,True,272.9444173809545
RSA+AES-256,5000,2,4171,187.0624000002863,0.6198999981279485,2.8546000030473806,True,272.9444173809545
RSA+AES-256,5000,2,4172,781.5313000028254,0.6797000023652799,3.0049000051803887,True,272.9444173809545
RSA+AES-256,5000,2,4173,999.2272000017692,0.6294999984675087,3.1306000018958002,True,272.9444173809545
RSA+AES-256,5000,2,4174,987.5521999929333,0.6977000011829659,2.9488000000128523,True,272.9444173809545
RSA+AES-256,5000,2,4175,978.2350000023143,0.6811999992351048,3.0101000011200085,True,272.9444173809545
RSA+AES-256,5000,2,4176,220.8189000011771,0.6577000021934509,2.9928000003565103,True,272.9444173809545
RSA+AES-256,5000,2,4177,129.36220000119647,0.6131999980425462,2.9591999991680495,True,272.9444173809545
RSA+AES-256,5000,2,4178,493.0716000017128,0.6969000023673289,2.932999996119179,True,272.9444173809545
RSA+AES-256,5000,2,4179,147.3903000005521,0.6131999980425462,3.018200004589744,True,272.9444173809545
RSA+AES-256,5000,2,4180,144.718900002772,0.6159000040497631,3.0581999963033013,True,272.9444173809545
RSA+AES-256,5000,2,4181,1119.6204000007128,0.6546000004163943,3.28839999565389,True,272.9444173809545
RSA+AES-256,5000,2,4182,730.7298000014271,0.6740999961039051,3.021900003659539,True,272.9444173809545
RSA+AES-256,5000,2,4183,755.0981999957003,0.6706999993184581,2.9063000038149767,True,272.9444173809545
RSA+AES-256,5000,2,4184,223.99540000333218,0.6330000032903627,2.90359999780776,True,272.9444173809545
RSA+AES-256,5000,2,4185,135.53930000489345,0.5971999999019317,2.97839999984717,True,272.9444173809545
RSA+AES-256,5000,2,4186,755.8065000048373,0.6537000008393079,2.870799995434936,True,272.9444173809545
RSA+AES-256,5000,2,4187,540.4283999960171,0.6137000018497929,3.0417999951168895,True,272.9444173809545
RSA+AES-256,5000,2,4188,120.95989999943413,0.5832000024383888,2.943899999081623,True,272.9444173809545
RSA+AES-256,5000,2,4189,388.2290999972611,0.69449999864446,2.936299999419134,True,272.9444173809545
RSA+AES-256,5000,2,4190,293.41959999874234,0.698499999998603,2.99539999832632,True,272.9444173809545
RSA+AES-256,5000,2,4191,383.8730999996187,0.6598999971174635,2.9310999962035567,True,272.9444173809545
RSA+AES-256,5000,2,4192,678.8927000015974,0.6604000009247102,2.9873000021325424,True,272.9444173809545
RSA+AES-256,5000,2,4193,411.6012000013143,0.683400001435075,2.9948999945190735,True,272.9444173809545
RSA+AES-256,5000,2,4194,907.8260000023874,0.6896999984746799,3.032000000530388,True,272.9444173809545
RSA+AES-256,5000,2,4195,750.1260999997612,0.702199999068398,2.9800000047544017,True,272.9444173809545
RSA+AES-256,5000,2,4196,671.5679999979329,0.6562999988091178,2.929299997049384,True,272.9444173809545
RSA+AES-256,5000,2,4197,1685.2596000026097,0.6640000065090135,2.976900002977345,True,272.9444173809545
RSA+AES-256,5000,2,4198,396.0966999948141,0.6726999999955297,2.8741999994963408,True,272.9444173809545
RSA+AES-256,5000,2,4199,1256.1667999980273,0.666200001433026,2.974399998493027,True,272.9444173809545
RSA+AES-256,5000,2,4200,502.8149999998277,0.6835000021965243,2.9995000004419126,True,272.9444173809545
RSA+AES-256,5000,2,4201,368.4592999998131,0.6646999972872436,2.9102000044076703,True,272.9444173809545
RSA+AES-256,5000,2,4202,613.3722000013222,0.6809999977122061,2.9474000039044768,True,272.9444173809545
RSA+AES-256,5000,2,4203,772.9821000029915,0.6913999968674034,2.9187000036472455,True,272.9444173809545
RSA+AES-256,5000,2,4204,507.6906999966013,0.6884000031277537,2.945499996712897,True,272.9444173809545
RSA+AES-256,5000,2,4205,638.9849999977741,0.6391999995685183,2.9865000033169053,True,272.9444173809545
RSA+AES-256,5000,2,4206,433.68200000259094,0.6714999981340952,2.982899997732602,True,272.9444173809545
RSA+AES-256,5000,2,4207,1633.138900004269,0.654199997370597,2.8941999989910983,True,272.9444173809545
RSA+AES-256,5000,2,4208,204.36590000463184,0.7146000061766244,2.9987000016262755,True,272.9444173809545
RSA+AES-256,5000,2,4209,915.0675000055344,0.6781000047340058,3.0019000041647814,True,272.9444173809545
RSA+AES-256,5000,2,4210,772.7435999986483,0.6804000004194677,2.952700000605546,True,272.9444173809545
RSA+AES-256,5000,2,4211,522.206500005268,0.6989999965298921,2.9524999990826473,True,272.9444173809545
RSA+AES-256,5000,2,4212,863.0603999990853,0.6969999958528206,2.965399995446205,True,272.9444173809545
RSA+AES-256,5000,2,4213,521.9496999998228,0.6781999982194975,2.9165000014472753,True,272.9444173809545
RSA+AES-256,5000,2,4214,628.2642999940435,0.6921000021975487,3.100100002484396,True,272.9444173809545
RSA+AES-256,5000,2,4215,895.2162999994471,0.662000005831942,2.9052000027149916,True,272.9444173809545
RSA+AES-256,5000,2,4216,697.9370999979437,0.6668000060017221,2.9850999999325722,True,272.9444173809545
RSA+AES-256,5000,2,4217,1216.4889999985462,0.6702999962726608,2.912200005084742,True,272.9444173809545
RSA+AES-256,5000,2,4218,637.079400003131,0.6468999999924563,2.9179000048316084,True,272.9444173809545
RSA+AES-256,5000,2,4219,1227.7460000041174,0.6635000027017668,2.8795999969588593,True,272.9444173809545
RSA+AES-256,5000,2,4220,620.4681000017445,0.6663000021944754,2.9674000033992343,True,272.9444173809545
RSA+AES-256,5000,2,4221,919.7051000010106,0.6490999949164689,2.9121999978087842,True,272.9444173809545
RSA+AES-256,5000,2,4222,62.64979999832576,0.5882000041310675,2.977299998747185,True,272.9444173809545
RSA+AES-256,5000,2,4223,727.148700003454,0.7007999956840649,3.0027000029804185,True,272.9444173809545
RSA+AES-256,5000,2,4224,232.847799998126,0.6462000019382685,3.043299999262672,True,272.9444173809545
RSA+AES-256,5000,2,4225,913.4418000030564,0.6665000037173741,2.854299993487075,True,272.9444173809545
RSA+AES-256,5000,2,4226,763.6224000016227,0.6714999981340952,3.000200005772058,True,272.9444173809545
RSA+AES-256,5000,2,4227,714.2868999944767,0.7000000041443855,2.9504999984055758,True,272.9444173809545
RSA+AES-256,5000,2,4228,189.72450000001118,0.6912000026204623,3.0056000032345764,True,272.9444173809545
RSA+AES-256,5000,2,4229,487.1144999997341,0.6634999954258092,2.9885999974794686,True,272.9444173809545
RSA+AES-256,5000,2,4230,583.7238000021898,0.6441000004997477,2.8653999979724176,True,272.9444173809545
RSA+AES-256,5000,2,4231,469.667199999094,0.5952999999863096,2.9383999935816973,True,272.9444173809545
RSA+AES-256,5000,2,4232,272.1388999998453,0.6169000043882988,3.001199998834636,True,272.9444173809545
RSA+AES-256,5000,2,4233,104.04079999716487,0.6693000032100827,2.990299995872192,True,272.9444173809545
RSA+AES-256,5000,2,4234,623.8353000007919,0.6740999961039051,2.971300003991928,True,272.9444173809545
RSA+AES-256,5000,2,4235,570.2192000026116,0.6673000025330111,2.9744999992544763,True,272.9444173809545
RSA+AES-256,5000,2,4236,366.00539999926696,0.6085999993956648,2.934899996034801,True,272.9444173809545
RSA+AES-256,5000,2,4237,970.9360999986529,0.6647999980486929,2.89840000186814,True,272.9444173809545
RSA+AES-256,5000,2,4238,892.7847000013571,0.6493000037153251,2.928900001279544,True,272.9444173809545
RSA+AES-256,5000,2,4239,568.0785000004107,0.6546000004163943,2.9925999988336116,True,272.9444173809545
RSA+AES-256,5000,2,4240,1008.0755000017234,0.6494999979622662,2.9162999999243766,True,272.9444173809545
RSA+AES-256,5000,2,4241,1236.644399999932,0.6523999982164241,2.876099999411963,True,272.9444173809545
RSA+AES-256,5000,2,4242,3515.8251999964705,0.7559000005130656,2.9855999964638613,True,272.9444173809545
RSA+AES-256,5000,2,4243,52.50369999703253,0.6298000007518567,2.9826999962097034,True,272.9444173809545
RSA+AES-256,5000,2,4244,59.106900000188034,0.6578000029549003,2.982400001201313,True,272.9444173809545
RSA+AES-256,5000,2,4245,1293.7424999981886,0.6465999977081083,2.9379999978118576,True,272.9444173809545
RSA+AES-256,5000,2,4246,374.66809999750694,0.6267000062507577,3.162199995131232,True,272.9444173809545
RSA+AES-256,5000,2,4247,553.7836999938008,0.6150999979581684,2.975000003061723,True,272.9444173809545
RSA+AES-256,5000,2,4248,1267.2621000019717,0.6680999940726906,2.972800000861753,True,272.9444173809545
RSA+AES-256,5000,2,4249,1199.5410000017728,0.6505999990622513,2.933100004156586,True,272.9444173809545
RSA+AES-256,5000,2,4250,3675.0936999960686,0.6906000053277239,2.989000000525266,True,272.9444173809545
RSA+AES-256,5000,2,4251,864.8743000012473,0.6898999999975786,2.9537000009440817,True,272.9444173809545
RSA+AES-256,5000,2,4252,788.0081000039354,0.6417000040528364,2.979000004415866,True,272.9444173809545
RSA+AES-256,5000,2,4253,577.3815999928047,0.6532999977935106,2.8692999985651113,True,272.9444173809545
RSA+AES-256,5000,2,4254,434.55119999998715,0.6165000013425015,2.9705999986617826,True,272.9444173809545
RSA+AES-256,5000,2,4255,422.00579999916954,0.6628999981330708,2.920700004324317,True,272.9444173809545
RSA+AES-256,5000,2,4256,223.08779999730177,0.6521999966935255,2.9680000006919727,True,272.9444173809545
RSA+AES-256,5000,2,4257,982.9471000048216,0.6465999977081083,2.8502999994088896,True,272.9444173809545
RSA+AES-256,5000,2,4258,299.35710000427207,0.6573999999091029,3.004400001373142,True,272.9444173809545
RSA+AES-256,5000,2,4259,881.7624000002979,0.6853000013506971,2.977600001031533,True,272.9444173809545
RSA+AES-256,5000,2,4260,983.9782999988529,0.6931999960215762,2.9848999984096736,True,272.9444173809545
RSA+AES-256,5000,2,4261,216.922000006889,0.6597000028705224,2.9447999986587092,True,272.9444173809545
RSA+AES-256,5000,2,4262,1086.2103999970714,0.6769999963580631,3.0479999986710027,True,272.9444173809545
RSA+AES-256,5000,2,4263,881.9413999954122,0.7323999961954542,3.2311000031768344,True,272.9444173809545
RSA+AES-256,5000,2,4264,309.6557999961078,0.8253000050899573,3.1186999985948205,True,272.9444173809545
RSA+AES-256,5000,2,4265,2176.415599999018,0.6885999973746948,3.243700004532002,True,272.9444173809545
RSA+AES-256,5000,2,4266,295.20899999624817,0.6643000015174039,2.9250000006868504,True,272.9444173809545
RSA+AES-256,5000,2,4267,1811.6310000041267,0.6368999966070987,2.992000001540873,True,272.9444173809545
RSA+AES-256,5000,2,4268,444.36989999667276,0.6694999974570237,2.9390999989118427,True,272.9444173809545
RSA+AES-256,5000,2,4269,188.88280000101076,0.6309999953373335,2.892100004828535,True,272.9444173809545
RSA+AES-256,5000,2,4270,1086.492399997951,0.691400004143361,2.998100004333537,True,272.9444173809545
RSA+AES-256,5000,2,4271,286.21530000236817,0.6518000009236857,2.9694999975617975,True,272.9444173809545
RSA+AES-256,5000,2,4272,1562.990999998874,0.6519000016851351,2.900699997553602,True,272.9444173809545
RSA+AES-256,5000,2,4273,1083.8796000025468,0.657599994156044,2.8843999971286394,True,272.9444173809545
RSA+AES-256,5000,2,4274,2463.0300999997417,0.6866000039735809,3.099000001384411,True,272.9444173809545
RSA+AES-256,5000,2,4275,854.8156000033487,0.6898999999975786,3.0514000027324073,True,272.9444173809545
RSA+AES-256,5000,2,4276,94.89079999912065,0.6370000046445057,2.948699999251403,True,272.9444173809545
RSA+AES-256,5000,2,4277,577.0539000004646,0.613899996096734,2.886700000090059,True,272.9444173809545
RSA+AES-256,5000,2,4278,1482.4755000008736,0.6780999974580482,3.0049999986658804,True,272.9444173809545
RSA+AES-256,5000,2,4279,656.9450000024517,0.6697999997413717,2.9162999999243766,True,272.9444173809545
RSA+AES-256,5000,2,4280,1093.716300005326,0.6677999990643002,2.9980000035720877,True,272.9444173809545
RSA+AES-256,5000,2,4281,883.3159999994677,0.6596000021090731,3.175300000293646,True,272.9444173809545
RSA+AES-256,5000,2,4282,336.8077999984962,0.6409999987226911,2.8914000067743473,True,272.9444173809545
RSA+AES-256,5000,2,4283,202.90299999760464,0.6633999946643598,2.9511000029742718,True,272.9444173809545
RSA+AES-256,5000,2,4284,679.7274999989895,0.6589000040548854,2.9844000018783845,True,272.9444173809545
RSA+AES-256,5000,2,4285,1117.9730000003474,0.6689000001642853,3.0247999966377392,True,272.9444173809545
RSA+AES-256,5000,2,4286,249.91399999998976,0.6607000032090582,2.8688000020338222,True,272.9444173809545
RSA+AES-256,5000,2,4287,742.7739999984624,0.6672000017715618,3.1531999993603677,True,272.9444173809545
RSA+AES-256,5000,2,4288,120.45650000072783,0.5792000010842457,2.928100002463907,True,272.9444173809545
RSA+AES-256,5000,2,4289,684.9359999978333,0.6719000011798926,2.975999996124301,True,272.9444173809545
RSA+AES-256,5000,2,4290,1276.3325999985682,0.6930999952601269,3.0180000030668452,True,272.9444173809545
RSA+AES-256,5000,2,4291,611.8228999985149,0.6737000003340654,2.9583000068669207,True,272.9444173809545
RSA+AES-256,5000,2,4292,301.15350000414765,0.6563999995705672,3.328999999212101,True,272.9444173809545
RSA+AES-256,5000,2,4293,90.5893000017386,0.6037999992258847,2.9970999967190437,True,272.9444173809545
RSA+AES-256,5000,2,4294,1585.5296999943675,0.6030000004102476,2.929599999333732,True,272.9444173809545
RSA+AES-256,5000,2,4295,491.18829999497393,0.683400001435075,3.0122000025585294,True,272.9444173809545
RSA+AES-256,5000,2,4296,513.3799999966868,0.6892000019433908,2.997899995534681,True,272.9444173809545
RSA+AES-256,5000,2,4297,1691.858999998658,0.6521000032080337,2.8547999972943217,True,272.9444173809545
RSA+AES-256,5000,2,4298,819.5982999968692,0.6887000054121017,2.9928000003565103,True,272.9444173809545
RSA+AES-256,5000,2,4299,658.0480000047828,0.7226999950944446,3.024800003913697,True,272.9444173809545
RSA+AES-256,5000,2,4300,162.56799999973737,0.5861000026925467,2.904499997384846,True,272.9444173809545
RSA+AES-256,5000,2,4301,604.0848000047845,0.6649999995715916,2.991400004248135,True,272.9444173809545
RSA+AES-256,5000,2,4302,1028.3722999956808,0.6776000009267591,2.972900001623202,True,272.9444173809545
RSA+AES-256,5000,2,4303,770.291000000725,0.6513999978778884,2.916200006438885,True,272.9444173809545
RSA+AES-256,5000,2,4304,1883.5330000001704,0.6661000006715767,3.0216999948606826,True,272.9444173809545
RSA+AES-256,5000,2,4305,312.18100000114646,0.6466999984695576,2.9800999982398935,True,272.9444173809545
RSA+AES-256,5000,2,4306,611.8415000019013,0.6748999949195422,2.9797999959555455,True,272.9444173809545
RSA+AES-256,5000,2,4307,137.20840000314638,0.6267999997362494,2.9413999945973046,True,272.9444173809545
RSA+AES-256,5000,2,4308,375.20190000213915,0.6413999944925308,2.9701999956159852,True,272.9444173809545
RSA+AES-256,5000,2,4309,957.8681999992114,0.6348999959300272,3.098699999100063,True,272.9444173809545
RSA+AES-256,5000,2,4310,930.6320999967284,0.6824000010965392,2.9015000036451966,True,272.9444173809545
RSA+AES-256,5000,2,4311,275.2494000014849,0.6830999991507269,2.9030000005150214,True,272.9444173809545
RSA+AES-256,5000,2,4312,84.83479999995325,0.6160999982967041,2.946100001281593,True,272.9444173809545
RSA+AES-256,5000,2,4313,683.6007999954745,0.7145000054151751,2.8904999999213032,True,272.9444173809545
RSA+AES-256,5000,2,4314,533.8304000033531,0.6731999965268187,2.9964999994263053,True,272.9444173809545
RSA+AES-256,5000,2,4315,220.86619999754475,0.669599998218473,2.9170999987400137,True,272.9444173809545
RSA+AES-256,5000,2,4316,830.5010999974911,0.6685999978799373,2.9874000028939918,True,272.9444173809545
RSA+AES-256,5000,2,4317,1511.516100006702,0.7142999966163188,2.965599996969104,True,272.9444173809545
RSA+AES-256,5000,2,4318,435.91420000302605,0.7827000008546747,3.0036999960429966,True,272.9444173809545
RSA+AES-256,5000,2,4319,367.5862999953097,0.6468000065069646,2.9188999978941865,True,272.9444173809545
RSA+AES-256,5000,2,4320,2411.427699997148,0.614699994912371,3.0372000037459657,True,272.9444173809545
RSA+AES-256,5000,2,4321,488.89479999343166,0.6703999970341101,2.9871000006096438,True,272.9444173809545
RSA+AES-256,5000,2,4322,375.08620000153314,0.6566000010934658,2.916000004915986,True,272.9444173809545
RSA+AES-256,5000,2,4323,551.3825000016368,0.6694999974570237,2.9331999976420775,True,272.9444173809545
RSA+AES-256,5000,2,4324,518.8080000007176,0.6149000037112273,2.99059999815654,True,272.9444173809545
RSA+AES-256,5000,2,4325,513.6940000011236,0.6656999976257794,2.9357999956118874,True,272.9444173809545
RSA+AES-256,5000,2,4326,410.1223999969079,0.6575000006705523,2.9771999979857355,True,272.9444173809545
RSA+AES-256,5000,2,4327,692.2697999980301,0.6821999995736405,2.9691999952774495,True,272.9444173809545
RSA+AES-256,5000,2,4328,398.6455000049318,0.6616999962716363,2.9608000040752813,True,272.9444173809545
RSA+AES-256,5000,2,4329,673.9104000007501,0.6503000040538609,3.006600003573112,True,272.9444173809545
RSA+AES-256,5000,2,4330,150.95250000013039,0.6005999966873787,2.894000004744157,True,272.9444173809545
RSA+AES-256,5000,2,4331,759.9380000028759,0.6876999977976084,3.026599995791912,True,272.9444173809545
RSA+AES-256,5000,2,4332,385.4931000023498,0.665100000333041,2.9118999955244362,True,272.9444173809545
RSA+AES-256,5000,2,4333,926.348400003917,0.6722000034642406,2.9336999941733666,True,272.9444173809545
RSA+AES-256,5000,2,4334,452.5221999938367,0.6821999995736405,3.017200004251208,True,272.9444173809545
RSA+AES-256,5000,2,4335,1627.5065999943763,0.6765000071027316,2.9760999968857504,True,272.9444173809545
RSA+AES-256,5000,2,4336,201.64760000625392,0.6664999964414164,3.012400004081428,True,272.9444173809545
RSA+AES-256,5000,2,4337,40.125999999872874,0.6327000010060146,2.937400000519119,True,272.9444173809545
RSA+AES-256,5000,2,4338,586.8330000012065,0.6845999960205518,2.9907999996794388,True,272.9444173809545
RSA+AES-256,5000,2,4339,640.1330000007874,0.6595000013476238,2.9111000039847568,True,272.9444173809545
RSA+AES-256,5000,2,4340,304.7223999965354,0.6203999946592376,2.991699999256525,True,272.9444173809545
RSA+AES-256,5000,2,4341,289.235500000359,0.6605000016861595,2.98060000204714,True,272.9444173809545
RSA+AES-256,5000,2,4342,792.5309999991441,0.6953000047360547,2.9616000028909184,True,272.9444173809545
RSA+AES-256,5000,2,4343,246.67590000171913,0.6792000058339909,2.954600000521168,True,272.9444173809545
RSA+AES-256,5000,2,4344,578.6213000028511,0.6146000014268793,2.977799995278474,True,272.9444173809545
RSA+AES-256,5000,2,4345,458.42260000063106,0.6548999954247847,2.9228999992483296,True,272.9444173809545
RSA+AES-256,5000,2,4346,1510.4719000009936,0.62929999694461,2.955799995106645,True,272.9444173809545
RSA+AES-256,5000,2,4347,1541.2538000018685,0.6701000020257197,2.950599999167025,True,272.9444173809545
RSA+AES-256,5000,2,4348,580.4791999980807,0.6518999944091775,2.943699997558724,True,272.9444173809545
RSA+AES-256,5000,2,4349,464.5498000027146,0.6819999980507419,3.0157000001054257,True,272.9444173809545
RSA+AES-256,5000,2,4350,562.9865999944741,0.6863000016892329,2.998699994350318,True,272.9444173809545
RSA+AES-256,5000,2,4351,630.2396999963094,0.6615000020246953,2.9972999982419424,True,272.9444173809545
RSA+AES-256,5000,2,4352,228.93389999808278,0.6999999968684278,3.3584000047994778,True,272.9444173809545
RSA+AES-256,5000,2,4353,1337.6381999987643,0.6561999980476685,2.883100001781713,True,272.9444173809545
RSA+AES-256,5000,2,4354,428.3133999997517,0.640199999907054,2.893099997891113,True,272.9444173809545
RSA+AES-256,5000,2,4355,483.83620000095107,0.6646000038017519,3.056499997910578,True,272.9444173809545
RSA+AES-256,5000,2,4356,1151.0821000047144,0.683599995682016,2.904699998907745,True,272.9444173809545
RSA+AES-256,5000,2,4357,757.6848000026075,0.6416999967768788,2.970699999423232,True,272.9444173809545
RSA+AES-256,5000,2,4358,289.6312000011676,0.6701999955112115,2.993499998410698,True,272.9444173809545
RSA+AES-256,5000,2,4359,1231.8115000016405,0.6754999994882382,2.897900005336851,True,272.9444173809545
RSA+AES-256,5000,2,4360,688.4490000011283,0.7826000000932254,3.141100001812447,True,272.9444173809545
RSA+AES-256,5000,2,4361,949.8340999998618,0.7093999956850894,3.0340999946929514,True,272.9444173809545
RSA+AES-256,5000,2,4362,741.4221999933943,0.6596000021090731,2.883100001781713,True,272.9444173809545
RSA+AES-256,5000,2,4363,1104.036199998518,0.6745999999111518,2.920899998571258,True,272.9444173809545
RSA+AES-256,5000,2,4364,886.5405000033206,0.829399999929592,3.023500001290813,True,272.9444173809545
RSA+AES-256,5000,2,4365,331.3590999969165,0.6214000022737309,2.9437999983201735,True,272.9444173809545
RSA+AES-256,5000,2,4366,613.1899999963935,0.6737000003340654,2.999200005433522,True,272.9444173809545
RSA+AES-256,5000,2,4367,612.9159999982221,0.6738999945810065,3.185100002156105,True,272.9444173809545
RSA+AES-256,5000,2,4368,856.5798999989056,0.6700999947497621,2.92279999848688,True,272.9444173809545
RSA+AES-256,5000,2,4369,687.4845999991521,0.7107999990694225,2.9527999940910377,True,272.9444173809545
RSA+AES-256,5000,2,4370,575.3990999946836,0.6356999947456643,2.986400002555456,True,272.9444173809545
RSA+AES-256,5000,2,4371,227.84320000209846,0.6327000010060146,2.9416999968816526,True,272.9444173809545
RSA+AES-256,5000,2,4372,1543.037399998866,0.6571999983862042,2.9508000006899238,True,272.9444173809545
RSA+AES-256,5000,2,4373,107.33980000077281,0.6517000001622364,3.27839999954449,True,272.9444173809545
RSA+AES-256,5000,2,4374,709.834300003422,0.6856999971205369,2.916700002970174,True,272.9444173809545
RSA+AES-256,5000,2,4375,129.45729999773903,0.6347000016830862,2.9610999990836717,True,272.9444173809545
RSA+AES-256,5000,2,4376,437.98319999768864,0.672199996188283,2.9871000006096438,True,272.9444173809545
RSA+AES-256,5000,2,4377,252.14270000287797,0.6427000043913722,2.9052000027149916,True,272.9444173809545
RSA+AES-256,5000,2,4378,1571.8531999955303,0.6676999983028509,2.9558000023826025,True,272.9444173809545
RSA+AES-256,5000,2,4379,659.7962999949232,0.6646999972872436,2.947900000435766,True,272.9444173809545
RSA+AES-256,5000,2,4380,953.5647000011522,0.6604000009247102,2.9383000000962056,True,272.9444173809545
RSA+AES-256,5000,2,4381,108.36729999573436,0.6056000056560151,2.884900000935886,True,272.9444173809545
RSA+AES-256,5000,2,4382,968.266500000027,0.6615000020246953,2.921200000855606,True,272.9444173809545
RSA+AES-256,5000,2,4383,1963.7538000024506,0.6577999956789427,2.8925000005983748,True,272.9444173809545
RSA+AES-256,5000,2,4384,688.5505000027479,0.6714000046486035,3.0079999996814877,True,272.9444173809545
RSA+AES-256,5000,2,4385,407.2031000032439,0.6833000006736256,2.9900000008638017,True,272.9444173809545
RSA+AES-256,5000,2,4386,329.7600000005332,0.6154000002425164,3.0633999995188788,True,272.9444173809545
RSA+AES-256,5000,2,4387,621.2518999964232,0.6653000018559396,2.9711000024690293,True,272.9444173809545
RSA+AES-256,5000,2,4388,1248.614299998735,0.6636999969487078,2.951599999505561,True,272.9444173809545
RSA+AES-256,5000,2,4389,661.1830999972881,0.6611999997403473,2.95689999620663,True,272.9444173809545
RSA+AES-256,5000,2,4390,434.0704000060214,0.6683000028715469,3.119599998171907,True,272.9444173809545
RSA+AES-256,5000,2,4391,644.5486000011442,0.6898999999975786,2.987699997902382,True,272.9444173809545
RSA+AES-256,5000,2,4392,177.42350000480656,0.6672000017715618,3.2081999961519614,True,272.9444173809545
RSA+AES-256,5000,2,4393,793.5748000018066,0.6735999995726161,2.965299994684756,True,272.9444173809545
RSA+AES-256,5000,2,4394,793.2636999976239,0.6719999946653843,2.950299996882677,True,272.9444173809545
RSA+AES-256,5000,2,4395,925.2574999991339,0.6643000015174039,3.003300000273157,True,272.9444173809545
RSA+AES-256,5000,2,4396,2044.6922999981325,0.6875000035506673,2.934399999503512,True,272.9444173809545
RSA+AES-256,5000,2,4397,911.4563000039198,0.6730999957653694,3.0307999986689538,True,272.9444173809545
RSA+AES-256,5000,2,4398,954.3410999976913,0.6579999972018413,3.2107999941217713,True,272.9444173809545
RSA+AES-256,5000,2,4399,1234.9923000001581,0.6954999989829957,2.9964999994263053,True,272.9444173809545
RSA+AES-256,5000,2,4400,521.3473999974667,0.6837999972049147,2.968599997984711,True,272.9444173809545
RSA+AES-256,5000,2,4401,604.8790999993798,0.6752000044798478,2.856999999494292,True,272.9444173809545
RSA+AES-256,5000,2,4402,385.2926999970805,0.6462000019382685,3.1578000052832067,True,272.9444173809545
RSA+AES-256,5000,2,4403,418.7127999975928,0.6549000027007423,3.0358000003616326,True,272.9444173809545
RSA+AES-256,5000,2,4404,1116.8288999979268,0.6074999982956797,2.994999995280523,True,272.9444173809545
RSA+AES-256,5000,2,4405,549.8081999976421,0.6947000001673587,2.942700004496146,True,272.9444173809545
RSA+AES-256,5000,2,4406,810.4813999962062,0.6525999997393228,2.9834999950253405,True,272.9444173809545
RSA+AES-256,5000,2,4407,73.68059999862453,0.6083999978727661,2.9327000011107884,True,272.9444173809545
RSA+AES-256,5000,2,4408,877.635900003952,0.6831999999121763,2.9958999948576093,True,272.9444173809545
RSA+AES-256,5000,2,4409,396.8957000033697,0.604200002271682,2.951599999505561,True,272.9444173809545
RSA+AES-256,5000,2,4410,118.55020000075456,0.6388999972841702,3.260700003011152,True,272.9444173809545
RSA+AES-256,5000,2,4411,1452.0267999978387,0.6627999973716214,3.0276000034064054,True,272.9444173809545
RSA+AES-256,5000,2,4412,884.074800000235,0.7934999957797118,2.9751000038231723,True,272.9444173809545
RSA+AES-256,5000,2,4413,681.1306000017794,0.6667999987257645,2.8573999952641316,True,272.9444173809545
RSA+AES-256,5000,2,4414,373.59619999915594,0.6643000015174039,3.059000002394896,True,272.9444173809545
RSA+AES-256,5000,2,4415,362.0957000021008,0.7010999979684129,3.0068999985815026,True,272.9444173809545
RSA+AES-256,5000,2,4416,467.6072999936878,0.829399999929592,3.021900003659539,True,272.9444173809545
RSA+AES-256,5000,2,4417,914.919100003317,0.6720000019413419,2.885200003220234,True,272.9444173809545
RSA+AES-256,5000,2,4418,870.5622999987099,0.6759000025340356,2.9839000053470954,True,272.9444173809545
RSA+AES-256,5000,2,4419,802.9163999963203,0.644200001261197,2.8875000061816536,True,272.9444173809545
RSA+AES-256,5000,2,4420,275.39080000133254,0.5987999975332059,2.987500003655441,True,272.9444173809545
RSA+AES-256,5000,2,4421,234.70819999783998,0.6632000004174188,2.9140999977244064,True,272.9444173809545
RSA+AES-256,5000,2,4422,211.45949999481672,0.6982999984757043,2.92990000161808,True,272.9444173809545
RSA+AES-256,5000,2,4423,1334.158000005118,0.6602999928873032,2.955399999336805,True,272.9444173809545
RSA+AES-256,5000,2,4424,507.18849999975646,0.6024999966030009,2.8919000033056363,True,272.9444173809545
RSA+AES-256,5000,2,4425,683.8327000004938,0.6386999957612716,2.9705999986617826,True,272.9444173809545
RSA+AES-256,5000,2,4426,1016.9815000044764,0.7297999982256442,2.933299998403527,True,272.9444173809545
RSA+AES-256,5000,2,4427,742.6253000012366,0.6441000004997477,3.1834000037633814,True,272.9444173809545
RSA+AES-256,5000,2,4428,1010.4247000053874,0.6552000049850903,2.8846999994129874,True,272.9444173809545
RSA+AES-256,5000,2,4429,326.2800000011339,0.6455999973695725,2.941300001111813,True,272.9444173809545
RSA+AES-256,5000,2,4430,106.03459999401821,0.6206999969435856,2.980199999001343,True,272.9444173809545
RSA+AES-256,5000,2,4431,1327.7751999994507,0.6015000035404228,2.949600006104447,True,272.9444173809545
RSA+AES-256,5000,2,4432,1640.955800001393,0.6551999977091327,2.9206999970483594,True,272.9444173809545
RSA+AES-256,5000,2,4433,645.457599996007,0.7231000054161996,2.999100004672073,True,272.9444173809545
RSA+AES-256,5000,2,4434,523.4493000025395,0.6789000035496429,2.9749000023002736,True,272.9444173809545
RSA+AES-256,5000,2,4435,887.8002999990713,0.6523999982164241,2.8851999959442765,True,272.9444173809545
RSA+AES-256,5000,2,4436,425.12519999581855,0.6524000054923818,2.89360000169836,True,272.9444173809545
RSA+AES-256,5000,2,4437,329.54890000110026,0.6301999965216964,2.98320000001695,True,272.9444173809545
RSA+AES-256,5000,2,4438,930.5332000003546,0.6624999950872734,2.9466999985743314,True,272.9444173809545
RSA+AES-256,5000,2,4439,190.94739999854937,0.6547000011778437,2.970200002891943,True,272.9444173809545
RSA+AES-256,5000,2,4440,1167.4228999982006,0.6703000035486184,2.931000002718065,True,272.9444173809545
RSA+AES-256,5000,2,4441,832.744500003173,0.6653000018559396,2.9016999978921376,True,272.9444173809545
RSA+AES-256,5000,2,4442,1084.5133999973768,0.6754999994882382,2.8983000011066906,True,272.9444173809545
RSA+AES-256,5000,2,4443,1341.2643000046955,0.65819999872474,2.8935000009369105,True,272.9444173809545
RSA+AES-256,5000,2,4444,171.94369999924675,0.6270000012591481,2.8613999966182746,True,272.9444173809545
RSA+AES-256,5000,2,4445,494.62710000079824,0.6703999970341101,3.005899998242967,True,272.9444173809545
RSA+AES-256,5000,2,4446,1155.8198999991873,0.6815000015194528,2.964599996630568,True,272.9444173809545
RSA+AES-256,5000,2,4447,1414.6376000062446,0.6723000042256899,2.9068999938317575,True,272.9444173809545
RSA+AES-256,5000,2,4448,1026.3170000034734,0.6949000016902573,2.9638999985763803,True,272.9444173809545
RSA+AES-256,5000,2,4449,478.07509999984177,0.6590999983018264,2.902299995184876,True,272.9444173809545
RSA+AES-256,5000,2,4450,1247.861700001522,0.6782999989809468,2.933099996880628,True,272.9444173809545
RSA+AES-256,5000,2,4451,1368.3421999958227,0.6279000008362345,3.067500001634471,True,272.9444173809545
RSA+AES-256,5000,2,4452,654.4923999972525,0.6598000036319718,2.884900000935886,True,272.9444173809545
RSA+AES-256,5000,2,4453,162.26089999690885,0.6087999936426058,2.9651000004378147,True,272.9444173809545
RSA+AES-256,5000,2,4454,673.3820999943418,0.6718000004184432,2.9580999980680645,True,272.9444173809545
RSA+AES-256,5000,2,4455,239.06549999810522,0.6186000027810223,2.9653000019607134,True,272.9444173809545
RSA+AES-256,5000,2,4456,2050.753599993186,0.6419999990612268,2.8619000004255213,True,272.9444173809545
RSA+AES-256,5000,2,4457,334.760699995968,0.6452000015997328,2.9425000029732473,True,272.9444173809545
RSA+AES-256,5000,2,4458,1068.7615999995614,0.6616999962716363,2.9528000013669953,True,272.9444173809545
RSA+AES-256,5000,2,4459,786.5517999962321,0.6796000016038306,2.885900001274422,True,272.9444173809545
RSA+AES-256,5000,2,4460,578.4810000041034,0.6596999955945648,2.9760000034002587,True,272.9444173809545
RSA+AES-256,5000,2,4461,1015.6338000015239,0.6530000027851202,2.976800002215896,True,272.9444173809545
RSA+AES-256,5000,2,4462,746.1425000001327,0.6640999999945052,2.893400000175461,True,272.9444173809545
RSA+AES-256,5000,2,4463,373.54749999940395,0.6506999998237006,2.89100000372855,True,272.9444173809545
RSA+AES-256,5000,2,4464,646.776100002171,0.6588999967789277,2.943800005596131,True,272.9444173809545
RSA+AES-256,5000,2,4465,458.8845999969635,0.6223999953363091,2.992000001540873,True,272.9444173809545
RSA+AES-256,5000,2,4466,288.2337000046391,0.6640999999945052,2.888100003474392,True,272.9444173809545
RSA+AES-256,5000,2,4467,973.2661000016378,0.6695000047329813,3.0952999950386584,True,272.9444173809545
RSA+AES-256,5000,2,4468,488.2082999974955,0.6714999981340952,2.9488000000128523,True,272.9444173809545
RSA+AES-256,5000,2,4469,828.1482000020333,0.6675000040559098,2.944499996374361,True,272.9444173809545
RSA+AES-256,5000,2,4470,1376.2421999999788,0.6208999984664842,2.986100000271108,True,272.9444173809545
RSA+AES-256,5000,2,4471,435.63640000502346,0.6652000010944903,2.8711999984807335,True,272.9444173809545
RSA+AES-256,5000,2,4472,814.2635999975028,0.6245999975362793,3.019999996467959,True,272.9444173809545
RSA+AES-256,5000,2,4473,1167.0749000040814,0.6208999984664842,2.9748000015388243,True,272.9444173809545
RSA+AES-256,5000,2,4474,597.035999999207,0.7416000007651746,3.0375000060303137,True,272.9444173809545
RSA+AES-256,5000,2,4475,526.1992000014288,0.6501000025309622,2.9566000011982396,True,272.9444173809545
RSA+AES-256,5000,2,4476,523.1690000000526,0.6753999987267889,2.9301000031409785,True,272.9444173809545
RSA+AES-256,5000,2,4477,352.9578000016045,0.599599996348843,3.0375999995158054,True,272.9444173809545
RSA+AES-256,5000,2,4478,920.4641000033007,0.6494999979622662,2.9790999979013577,True,272.9444173809545
RSA+AES-256,5000,2,4479,251.40169999940554,0.6700999947497621,3.035400004591793,True,272.9444173809545
RSA+AES-256,5000,2,4480,1171.5945000032661,0.6638000049861148,3.12359999952605,True,272.9444173809545
RSA+AES-256,5000,2,4481,577.718200001982,0.6515000059152953,3.0545999979949556,True,272.9444173809545
RSA+AES-256,5000,2,4482,1324.9279000010574,0.6397999968612567,2.8965000019525178,True,272.9444173809545
RSA+AES-256,5000,2,4483,984.0308999991976,0.6351999982143752,2.9609999983222224,True,272.9444173809545
RSA+AES-256,5000,2,4484,747.9631000023801,0.657899996440392,2.9640000066137873,True,272.9444173809545
RSA+AES-256,5000,2,4485,785.6415999995079,0.6614000012632459,2.9503000041586347,True,272.9444173809545
RSA+AES-256,5000,2,4486,399.9813999980688,0.6562000053236261,2.949199995782692,True,272.9444173809545
RSA+AES-256,5000,2,4487,189.33020000258693,0.6696999989799224,3.0262000000220723,True,272.9444173809545
RSA+AES-256,5000,2,4488,1232.0566999987932,0.6539999958476983,2.985199993418064,True,272.9444173809545
RSA+AES-256,5000,2,4489,704.8795000009704,0.6708999935653992,2.947599998151418,True,272.9444173809545
RSA+AES-256,5000,2,4490,1078.0796999970335,0.6742000041413121,2.987299994856585,True,272.9444173809545
RSA+AES-256,5000,2,4491,1076.0092999989865,0.6928000002517365,2.866599999833852,True,272.9444173809545
RSA+AES-256,5000,2,4492,969.3178000015905,0.6647000045632012,2.9537999944295734,True,272.9444173809545
RSA+AES-256,5000,2,4493,268.2933999967645,0.6627000038861297,2.9275999986566603,True,272.9444173809545
RSA+AES-256,5000,2,4494,672.1610999957193,0.6772999986424111,2.969699999084696,True,272.9444173809545
RSA+AES-256,5000,2,4495,1032.3232999944594,0.6770000036340207,2.994599999510683,True,272.9444173809545
RSA+AES-256,5000,2,4496,107.06769999524113,0.6150999979581684,2.860699998564087,True,272.9444173809545
RSA+AES-256,5000,2,4497,1797.7903999999398,0.6704999977955595,2.9756000003544614,True,272.9444173809545
RSA+AES-256,5000,2,4498,592.0990999948117,0.669599998218473,2.931199996965006,True,272.9444173809545
RSA+AES-256,5000,2,4499,731.6703999968013,0.6744000056642108,2.9802000062773004,True,272.9444173809545
RSA+AES-256,5000,2,4500,733.1861999991816,0.6732999972882681,2.979000004415866,True,272.9444173809545
RSA+AES-256,5000,2,4501,3699.153900000965,0.6722999969497323,2.967999993416015,True,272.9444173809545
RSA+AES-256,5000,2,4502,694.9481999981799,0.6407000037143007,3.340600000228733,True,272.9444173809545
RSA+AES-256,5000,2,4503,480.36190000129864,0.5948000034550205,2.924299995356705,True,272.9444173809545
RSA+AES-256,5000,2,4504,979.0571999983513,0.6572000056621619,2.991099994687829,True,272.9444173809545
RSA+AES-256,5000,2,4505,1347.4214999951073,0.6564000068465248,3.0082000012043864,True,272.9444173809545
RSA+AES-256,5000,2,4506,374.02840000140714,0.6352999989758246,2.9595000014523976,True,272.9444173809545
RSA+AES-256,5000,2,4507,1575.9579000005033,0.6014000027789734,3.031500003999099,True,272.9444173809545
RSA+AES-256,5000,2,4508,118.20840000291355,0.6643999950028956,2.9760999968857504,True,272.9444173809545
RSA+AES-256,5000,2,4509,757.4303000001237,0.6394999945769086,2.877200000511948,True,272.9444173809545
RSA+AES-256,5000,2,4510,500.59040000633104,0.6750999964424409,2.9393000004347414,True,272.9444173809545
RSA+AES-256,5000,2,4511,948.1798999986495,0.6594000005861744,2.915600001870189,True,272.9444173809545
RSA+AES-256,5000,2,4512,1119.7555999970064,0.6397000033757649,2.921500003139954,True,272.9444173809545
RSA+AES-256,5000,2,4513,1839.8830000005546,0.6391999995685183,2.9744999992544763,True,272.9444173809545
RSA+AES-256,5000,2,4514,1371.8203999960679,0.6627000038861297,2.9675000041606836,True,272.9444173809545
RSA+AES-256,5000,2,4515,515.2823999960674,0.6539000023622066,2.9068000003462657,True,272.9444173809545
RSA+AES-256,5000,2,4516,531.3826000055997,0.6200999996508472,2.9565000004367903,True,272.9444173809545
RSA+AES-256,5000,2,4517,60.807699999713805,0.60710000252584,3.120699999271892,True,272.9444173809545
RSA+AES-256,5000,2,4518,832.6509999969858,0.6015000035404228,2.964899998914916,True,272.9444173809545
RSA+AES-256,5000,2,4519,134.51070000155596,0.662200000078883,2.943500003311783,True,272.9444173809545
RSA+AES-256,5000,2,4520,260.0368999992497,0.650499998300802,3.038599999854341,True,272.9444173809545
RSA+AES-256,5000,2,4521,803.2536999962758,0.6236000044737011,2.936299999419134,True,272.9444173809545
RSA+AES-256,5000,2,4522,273.4825000006822,0.6825000018579885,2.958799996122252,True,272.9444173809545
RSA+AES-256,5000,2,4523,196.19470000179717,0.6740999961039051,3.0513999954564497,True,272.9444173809545
RSA+AES-256,5000,2,4524,794.8070999991614,0.679599994327873,2.9968000017106533,True,272.9444173809545
RSA+AES-256,5000,2,4525,446.25149999774294,0.695100003213156,2.922800005762838,True,272.9444173809545
RSA+AES-256,5000,2,4526,873.6806000015349,0.6926999994902872,2.93729999975767,True,272.9444173809545
RSA+AES-256,5000,2,4527,225.47530000156257,0.6498000002466142,2.960400001029484,True,272.9444173809545
RSA+AES-256,5000,2,4528,678.6142999990261,0.672499998472631,3.0620000034105033,True,272.9444173809545
RSA+AES-256,5000,2,4529,348.4574000030989,0.6693000032100827,3.0153999978210777,True,272.9444173809545
RSA+AES-256,5000,2,4530,1533.5695999965537,0.6964000058360398,2.9664000030606985,True,272.9444173809545
RSA+AES-256,5000,2,4531,376.80799999361625,0.6827000033808872,2.861799999664072,True,272.9444173809545
RSA+AES-256,5000,2,4532,1012.2058999986621,0.6660999933956191,2.919099999417085,True,272.9444173809545
RSA+AES-256,5000,2,4533,287.5064999971073,0.6790000043110922,3.046500001801178,True,272.9444173809545
RSA+AES-256,5000,2,4534,479.4757000054233,0.6831999999121763,3.001899996888824,True,272.9444173809545
RSA+AES-256,5000,2,4535,1371.8726000006427,0.6549000027007423,2.961199999845121,True,272.9444173809545
RSA+AES-256,5000,2,4536,493.98759999894537,0.6747000006726012,2.9434000025503337,True,272.9444173809545
RSA+AES-256,5000,2,4537,3499.96889999602,0.6685000043944456,3.1831000014790334,True,272.9444173809545
RSA+AES-256,5000,2,4538,1656.7723999978625,0.661899997794535,3.0076999973971397,True,272.9444173809545
RSA+AES-256,5000,2,4539,388.9712000018335,0.650999994832091,2.8735999949276447,True,272.9444173809545
RSA+AES-256,5000,2,4540,694.2823999997927,0.6713999973726459,2.926000001025386,True,272.9444173809545
RSA+AES-256,5000,2,4541,621.7451000047731,0.6782999989809468,2.948399996967055,True,272.9444173809545
RSA+AES-256,5000,2,4542,345.8279000042239,0.6823999938205816,2.957699995022267,True,272.9444173809545
RSA+AES-256,5000,2,4543,1007.5341999981902,0.6700000012642704,2.9664999965461902,True,272.9444173809545
RSA+AES-256,5000,2,4544,741.8485999951372,0.6494000044767745,2.9177999967942014,True,272.9444173809545
RSA+AES-256,5000,2,4545,668.867099993804,0.629599999228958,2.9789000036544167,True,272.9444173809545
RSA+AES-256,5000,2,4546,577.3684999949182,0.6722000034642406,2.95170000026701,True,272.9444173809545
RSA+AES-256,5000,2,4547,548.7336000005598,0.6807999961893074,2.9799000039929524,True,272.9444173809545
RSA+AES-256,5000,2,4548,1230.6914000000688,0.7936999973026104,3.0181999973137863,True,272.9444173809545
RSA+AES-256,5000,2,4549,1809.2833000046085,0.6681000013486482,3.2007999980123714,True,272.9444173809545
RSA+AES-256,5000,2,4550,183.82639999617822,0.607900001341477,2.9746000000159256,True,272.9444173809545
RSA+AES-256,5000,2,4551,529.3730000048527,0.6546000004163943,2.862599998479709,True,272.9444173809545
RSA+AES-256,5000,2,4552,411.651599999459,0.683599995682016,3.0182999980752356,True,272.9444173809545
RSA+AES-256,5000,2,4553,951.887600000191,0.6527000005007721,2.8870999958598986,True,272.9444173809545
RSA+AES-256,5000,2,4554,149.60940000310075,0.6076999998185784,2.955100004328415,True,272.9444173809545
RSA+AES-256,5000,2,4555,566.6666999968584,0.6160000048112124,3.0043999940971844,True,272.9444173809545
RSA+AES-256,5000,2,4556,1059.8298999975668,0.6606000024476089,2.9522999975597486,True,272.9444173809545
RSA+AES-256,5000,2,4557,823.8331000029575,0.6276000058278441,3.1202999962260947,True,272.9444173809545
RSA+AES-256,5000,2,4558,955.1934000046458,0.6559999965247698,2.9116999940015376,True,272.9444173809545
RSA+AES-256,5000,2,4559,1154.1827999972156,0.6605999951716512,2.944600004411768,True,272.9444173809545
RSA+AES-256,5000,2,4560,659.5929000031902,0.6683999963570386,2.919600003224332,True,272.9444173809545
RSA+AES-256,5000,2,4561,703.1356000006781,0.6867000047350302,2.9818000039085746,True,272.9444173809545
RSA+AES-256,5000,2,4562,610.8210000020335,0.665899999148678,3.3144999979413114,True,272.9444173809545
RSA+AES-256,5000,2,4563,1894.7096999982023,0.6566000010934658,2.938099998573307,True,272.9444173809545
RSA+AES-256,5000,2,4564,603.6329999988084,0.691100001859013,3.0430000042542815,True,272.9444173809545
RSA+AES-256,5000,2,4565,481.2110999992001,0.6654999961028807,3.0511000004480593,True,272.9444173809545
RSA+AES-256,5000,2,4566,218.8566999975592,0.693899994075764,2.941099999588914,True,272.9444173809545
RSA+AES-256,5000,2,4567,185.05659999937052,0.6353000062517822,2.904699998907745,True,272.9444173809545
RSA+AES-256,5000,2,4568,1151.0428000037791,0.6226000041351654,2.9767000014544465,True,272.9444173809545
RSA+AES-256,5000,2,4569,817.2192000056384,0.6465999977081083,3.7636999986716546,True,272.9444173809545
RSA+AES-256,5000,2,4570,1214.64510000078,0.6279000008362345,3.0232999997679144,True,272.9444173809545
RSA+AES-256,5000,2,4571,418.66509999817936,0.6738000010955147,2.949999994598329,True,272.9444173809545
RSA+AES-256,5000,2,4572,604.5296000011149,0.686799998220522,2.9291999962879345,True,272.9444173809545
RSA+AES-256,5000,2,4573,491.09129999851575,0.6370000046445057,3.4423000033712015,True,272.9444173809545
RSA+AES-256,5000,2,4574,155.86269999766955,0.6955999997444451,3.037499998754356,True,272.9444173809545
RSA+AES-256,5000,2,4575,608.9806000018143,0.6633000011788681,2.991299996210728,True,272.9444173809545
RSA+AES-256,5000,2,4576,903.760000001057,0.6757000010111369,3.5436000034678727,True,272.9444173809545
RSA+AES-256,5000,2,4577,1920.0237999975798,0.6829000049037859,3.0231000055209734,True,272.9444173809545
RSA+AES-256,5000,2,4578,855.6251999980304,0.7114000036381185,3.5781999977189116,True,272.9444173809545
RSA+AES-256,5000,2,4579,242.55529999936698,0.731400003132876,3.588599996874109,True,272.9444173809545
RSA+AES-256,5000,2,4580,853.2630999980029,0.6951999966986477,3.1149999995250255,True,272.9444173809545
RSA+AES-256,5000,2,4581,752.8266000008443,0.6864000024506822,2.949800000351388,True,272.9444173809545
RSA+AES-256,5000,2,4582,991.0180000006221,0.6605000016861595,2.9322000045794994,True,272.9444173809545
RSA+AES-256,5000,2,4583,725.7530999995652,0.6122999984654598,3.010300002642907,True,272.9444173809545
RSA+AES-256,5000,2,4584,397.8262000018731,0.6780999974580482,3.006500002811663,True,272.9444173809545
RSA+AES-256,5000,2,4585,137.7199999988079,0.6425000028684735,3.1014999985927716,True,272.9444173809545
RSA+AES-256,5000,2,4586,727.7075000019977,0.70189999678405,3.0076999973971397,True,272.9444173809545
RSA+AES-256,5000,2,4587,802.968800002418,0.7063000011839904,3.0247000031522475,True,272.9444173809545
RSA+AES-256,5000,2,4588,483.17329999554204,0.6782999989809468,2.9198999982327223,True,272.9444173809545
RSA+AES-256,5000,2,4589,598.3250999997836,0.6813999934820458,2.971499998238869,True,272.9444173809545
RSA+AES-256,5000,2,4590,116.17110000224784,0.6004000024404377,2.9605000017909333,True,272.9444173809545
RSA+AES-256,5000,2,4591,1820.0597999966703,0.680000004649628,2.888299997721333,True,272.9444173809545
RSA+AES-256,5000,2,4592,903.6568000010448,0.6359000035445206,3.0048000044189394,True,272.9444173809545
RSA+AES-256,5000,2,4593,806.5366999944672,0.7591999965370633,3.0413999993470497,True,272.9444173809545
RSA+AES-256,5000,2,4594,626.839899996412,0.6820999988121912,2.970300003653392,True,272.9444173809545
RSA+AES-256,5000,2,4595,195.2986999967834,0.6706999993184581,2.9807000028085895,True,272.9444173809545
RSA+AES-256,5000,2,4596,723.3466999969096,0.5990999998175539,2.8596000047400594,True,272.9444173809545
RSA+AES-256,5000,2,4597,447.11509999615373,0.6947000001673587,3.009699998074211,True,272.9444173809545
RSA+AES-256,5000,2,4598,212.07300000241958,0.6494999979622662,2.955299998575356,True,272.9444173809545
RSA+AES-256,5000,2,4599,1343.7623999998323,0.6821000060881488,3.046699996048119,True,272.9444173809545
RSA+AES-256,5000,2,4600,332.3954000006779,0.7086999976309016,3.0144000047584996,True,272.9444173809545
RSA+AES-256,5000,2,4601,316.85270000161836,0.6712000031257048,3.000099997734651,True,272.9444173809545
RSA+AES-256,5000,2,4602,465.3402999974787,0.6150000044726767,2.9415999961202033,True,272.9444173809545
RSA+AES-256,5000,2,4603,297.45460000413004,0.64820000261534,2.8700999973807484,True,272.9444173809545
RSA+AES-256,5000,2,4604,692.4123999997391,0.6766999940737151,2.9385000016191043,True,272.9444173809545
RSA+AES-256,5000,2,4605,1340.9284000008483,0.6460000004153699,2.940699996543117,True,272.9444173809545
RSA+AES-256,5000,2,4606,1353.7719000014476,0.647900000330992,2.856699997209944,True,272.9444173809545
RSA+AES-256,5000,2,4607,2941.9691000002786,0.6667999987257645,2.9698999933316372,True,272.9444173809545
RSA+AES-256,5000,2,4608,740.6955000042217,0.7680999988224357,2.9637000043294393,True,272.9444173809545
RSA+AES-256,5000,2,4609,725.782599998638,0.6789999970351346,2.9919999942649156,True,272.9444173809545
RSA+AES-256,5000,2,4610,227.37380000035046,0.6610999989788979,2.9545000070356764,True,272.9444173809545
RSA+AES-256,5000,2,4611,457.23130000260426,0.6671000010101125,3.008400002727285,True,272.9444173809545
RSA+AES-256,5000,2,4612,996.9680000067456,0.6683000028715469,2.957000004244037,True,272.9444173809545
RSA+AES-256,5000,2,4613,949.4953999965219,0.6908000068506226,3.014000001712702,True,272.9444173809545
RSA+AES-256,5000,2,4614,867.3613999999361,0.654499999654945,2.9313999984879047,True,272.9444173809545
RSA+AES-256,5000,2,4615,603.9279000033275,0.6808999969507568,2.8800000000046566,True,272.9444173809545
RSA+AES-256,5000,2,4616,666.0090000004857,0.694199996360112,3.1460000027436763,True,272.9444173809545
RSA+AES-256,5000,2,4617,336.35140000114916,0.771099999838043,3.0476999963866547,True,272.9444173809545
RSA+AES-256,5000,2,4618,1031.987800000934,0.6792999993194826,2.964100000099279,True,272.9444173809545
RSA+AES-256,5000,2,4619,689.4557999985409,0.6732000038027763,3.114099999947939,True,272.9444173809545
RSA+AES-256,5000,2,4620,436.9012999959523,0.6542999981320463,2.946400003565941,True,272.9444173809545
RSA+AES-256,5000,2,4621,905.301300001156,0.6861000001663342,2.9569999969680794,True,272.9444173809545
RSA+AES-256,5000,2,4622,471.2870000003022,0.6614999947487377,2.9522999975597486,True,272.9444173809545
RSA+AES-256,5000,2,4623,686.0515000007581,0.6667999987257645,3.0377000002772547,True,272.9444173809545
RSA+AES-256,5000,2,4624,2869.6245000028284,0.6724000049871393,3.013599998666905,True,272.9444173809545
RSA+AES-256,5000,2,4625,389.2003000000841,0.6389000045601279,2.991700006532483,True,272.9444173809545
RSA+AES-256,5000,2,4626,474.9002000025939,0.6370000046445057,2.8734000006807037,True,272.9444173809545
RSA+AES-256,5000,2,4627,751.435300000594,0.6508999940706417,2.9448999994201586,True,272.9444173809545
RSA+AES-256,5000,2,4628,372.0997999989777,0.6592999998247251,2.8925000005983748,True,272.9444173809545
RSA+AES-256,5000,2,4629,693.6739000011585,0.6885999973746948,2.9452000017045066,True,272.9444173809545
RSA+AES-256,5000,2,4630,1886.06940000318,0.675899995258078,2.8773000012733974,True,272.9444173809545
RSA+AES-256,5000,2,4631,203.90439999755472,0.665100000333041,2.9060000015306287,True,272.9444173809545
RSA+AES-256,5000,2,4632,1262.7609000046505,0.6499000010080636,2.914800003054552,True,272.9444173809545
RSA+AES-256,5000,2,4633,837.3240000000806,0.6921999956830405,3.0091000007814728,True,272.9444173809545
RSA+AES-256,5000,2,4634,292.3076000006404,0.6891000011819415,2.9869999998481944,True,272.9444173809545
RSA+AES-256,5000,2,4635,423.1761999981245,0.6099999955040403,2.9569000034825876,True,272.9444173809545
RSA+AES-256,5000,2,4636,769.0551999985473,0.679899996612221,2.969099994516,True,272.9444173809545
RSA+AES-256,5000,2,4637,676.5239000014844,0.6718000004184432,3.1645999988541007,True,272.9444173809545
RSA+AES-256,5000,2,4638,1243.9890000023297,0.676499999826774,2.930399998149369,True,272.9444173809545
RSA+AES-256,5000,2,4639,406.86100000311853,0.666200001433026,2.953800001705531,True,272.9444173809545
RSA+AES-256,5000,2,4640,764.9351000000024,0.6742000041413121,2.8877000004285946,True,272.9444173809545
RSA+AES-256,5000,2,4641,942.1826000034343,0.6666999979643151,2.9536000001826324,True,272.9444173809545
RSA+AES-256,5000,2,4642,2170.966799996677,0.6791999985580333,2.8745999952661805,True,272.9444173809545
RSA+AES-256,5000,2,4643,192.60100000246894,0.6572999991476536,2.9521000033128075,True,272.9444173809545
RSA+AES-256,5000,2,4644,390.30649999767775,0.6468000065069646,2.9209999993327074,True,272.9444173809545
RSA+AES-256,5000,2,4645,722.5088000050164,0.6819999980507419,2.878799998143222,True,272.9444173809545
RSA+AES-256,5000,2,4646,430.58469999959925,0.6614999947487377,2.9630000062752515,True,272.9444173809545
RSA+AES-256,5000,2,4647,870.7018000059179,0.653899995086249,2.889700001105666,True,272.9444173809545
RSA+AES-256,5000,2,4648,1300.4674000039813,0.6980999969528057,2.9936999999335967,True,272.9444173809545
RSA+AES-256,5000,2,4649,265.89599999715574,0.6404999949154444,2.9558999958680943,True,272.9444173809545
RSA+AES-256,5000,2,4650,769.3450000006123,0.6431000001612119,2.875900005165022,True,272.9444173809545
RSA+AES-256,5000,2,4651,376.69779999851016,0.6736000068485737,2.943899999081623,True,272.9444173809545
RSA+AES-256,5000,2,4652,489.43169999984093,0.654800001939293,2.887499998905696,True,272.9444173809545
RSA+AES-256,5000,2,4653,348.2662000023993,0.6245000040507875,2.933900002972223,True,272.9444173809545
RSA+AES-256,5000,2,4654,1381.590099997993,0.6757000010111369,2.938700003142003,True,272.9444173809545
RSA+AES-256,5000,2,4655,684.3815000029281,0.6304000053205527,2.937400000519119,True,272.9444173809545
RSA+AES-256,5000,2,4656,479.34710000117775,0.7048999977996573,2.991200002725236,True,272.9444173809545
RSA+AES-256,5000,2,4657,358.697999996366,0.6779999966965988,3.0149999947752804,True,272.9444173809545
RSA+AES-256,5000,2,4658,284.9839999980759,0.6961999970371835,2.9327000011107884,True,272.9444173809545
RSA+AES-256,5000,2,4659,249.3908000033116,0.6554999999934807,2.9056999992462806,True,272.9444173809545
RSA+AES-256,5000,2,4660,227.8671000021859,0.6645000030403025,3.0041999998502433,True,272.9444173809545
RSA+AES-256,5000,2,4661,127.07360000058543,0.5813000025227666,2.8588000059244223,True,272.9444173809545
RSA+AES-256,5000,2,4662,1135.5369000011706,0.6159000040497631,2.9900000008638017,True,272.9444173809545
RSA+AES-256,5000,2,4663,203.61959999718238,0.7555999982287176,2.9644999958691187,True,272.9444173809545
RSA+AES-256,5000,2,4664,758.4104000052321,0.6833999941591173,3.0914000017219223,True,272.9444173809545
RSA+AES-256,5000,2,4665,245.20259999553673,0.6789000035496429,2.9790999979013577,True,272.9444173809545
RSA+AES-256,5000,2,4666,1409.1490000064368,0.672800000756979,2.890700001444202,True,272.9444173809545
RSA+AES-256,5000,2,4667,525.2658000026713,0.6632000004174188,2.958600001875311,True,272.9444173809545
RSA+AES-256,5000,2,4668,129.70750000386033,0.6796000016038306,3.020800002559554,True,272.9444173809545
RSA+AES-256,5000,2,4669,613.6488999982248,0.6683000028715469,2.9881000009481795,True,272.9444173809545
RSA+AES-256,5000,2,4670,1274.6451000057277,0.66970000625588,2.8925000005983748,True,272.9444173809545
RSA+AES-256,5000,2,4671,451.56699999643024,0.6636999969487078,2.9972000047564507,True,272.9444173809545
RSA+AES-256,5000,2,4672,452.7248999947915,0.7569000008516014,3.0735000036656857,True,272.9444173809545
RSA+AES-256,5000,2,4673,626.3114999965183,0.6558000022778288,2.9561999981524423,True,272.9444173809545
RSA+AES-256,5000,2,4674,825.3375999993295,0.6776000009267591,2.9357000021263957,True,272.9444173809545
RSA+AES-256,5000,2,4675,757.5885000042035,0.6565000003320165,2.9122999985702336,True,272.9444173809545
RSA+AES-256,5000,2,4676,1333.6083999965922,0.6598999971174635,2.892799995606765,True,272.9444173809545
RSA+AES-256,5000,2,4677,393.3111999940593,0.6417999975383282,2.909199996793177,True,272.9444173809545
RSA+AES-256,5000,2,4678,515.3241000007256,0.6227999983821064,2.9787999956170097,True,272.9444173809545
RSA+AES-256,5000,2,4679,863.7916000006953,0.6521000032080337,2.8983000011066906,True,272.9444173809545
RSA+AES-256,5000,2,4680,75.5349999963073,0.6199999988893978,2.980800003570039,True,272.9444173809545
RSA+AES-256,5000,2,4681,641.3681999983964,0.6791000050725415,2.98099999781698,True,272.9444173809545
RSA+AES-256,5000,2,4682,1920.3167000014219,0.665899999148678,2.900200001022313,True,272.9444173809545
RSA+AES-256,5000,2,4683,507.37020000087796,0.6798000031267293,2.995299997564871,True,272.9444173809545
RSA+AES-256,5000,2,4684,436.86410000373144,0.6606999959331006,2.89320000592852,True,272.9444173809545
RSA+AES-256,5000,2,4685,169.65970000455854,0.66559999686433,2.9834000015398487,True,272.9444173809545
RSA+AES-256,5000,2,4686,651.7588999995496,0.6760999967809767,2.9024999967077747,True,272.9444173809545
RSA+AES-256,5000,2,4687,1374.981699998898,0.6894999969517812,2.984600003401283,True,272.9444173809545
RSA+AES-256,5000,2,4688,546.5734000026714,0.7746999981463887,3.4397999988868833,True,272.9444173809545
RSA+AES-256,5000,2,4689,1463.931300000695,0.6850999998277985,3.1289000035030767,True,272.9444173809545
RSA+AES-256,5000,2,4690,332.8246000019135,0.6731999965268187,3.0188000018824823,True,272.9444173809545
RSA+AES-256,5000,2,4691,1561.9242000029772,0.701400000252761,3.0668000035802834,True,272.9444173809545
RSA+AES-256,5000,2,4692,130.9021000051871,0.5988999982946552,2.9108000017004088,True,272.9444173809545
RSA+AES-256,5000,2,4693,1898.9746000006562,0.6721000027027912,2.9897000058554113,True,272.9444173809545
RSA+AES-256,5000,2,4694,86.90210000349907,0.6340999971143901,3.053800006455276,True,272.9444173809545
RSA+AES-256,5000,2,4695,1432.2762000010698,0.70929999492364,3.0302000013762154,True,272.9444173809545
RSA+AES-256,5000,2,4696,279.06049999728566,0.6395000018528663,2.9454000032274053,True,272.9444173809545
RSA+AES-256,5000,2,4697,293.81740000098944,0.6557000015163794,2.9484999977285042,True,272.9444173809545
RSA+AES-256,5000,2,4698,244.19440000201575,0.6422000005841255,3.2003000014810823,True,272.9444173809545
RSA+AES-256,5000,2,4699,626.839700002165,0.6503999975393526,2.8825999979744665,True,272.9444173809545
RSA+AES-256,5000,2,4700,394.6416999970097,0.6467000057455152,2.9145000007702038,True,272.9444173809545
RSA+AES-256,5000,2,4701,836.808200001542,0.6846999967820011,2.9760999968857504,True,272.9444173809545
RSA+AES-256,5000,2,4702,467.52070000366075,0.6709000008413568,3.0159000016283244,True,272.9444173809545
RSA+AES-256,5000,2,4703,797.6942999957828,0.6624000016017817,2.8770999997504987,True,272.9444173809545
RSA+AES-256,5000,2,4704,342.20600000116974,0.6868999989819713,2.9606000025523826,True,272.9444173809545
RSA+AES-256,5000,2,4705,251.1090999978478,0.669599998218473,2.954800002044067,True,272.9444173809545
RSA+AES-256,5000,2,4706,260.1509999949485,0.6384999942383729,2.9054000042378902,True,272.9444173809545
RSA+AES-256,5000,2,4707,265.81159999477677,0.6582999994861893,2.959600002213847,True,272.9444173809545
RSA+AES-256,5000,2,4708,971.4295000012498,0.690499997290317,2.9466999985743314,True,272.9444173809545
RSA+AES-256,5000,2,4709,518.8936999984435,0.7106999983079731,2.9418000049190596,True,272.9444173809545
RSA+AES-256,5000,2,4710,514.888300000166,0.6756000002496876,2.864399997633882,True,272.9444173809545
RSA+AES-256,5000,2,4711,1246.880599996075,0.7196000005933456,3.561599995009601,True,272.9444173809545
RSA+AES-256,5000,2,4712,300.4600999993272,0.6210999999893829,2.9855999964638613,True,272.9444173809545
RSA+AES-256,5000,2,4713,203.26159999967786,0.6668000060017221,3.0471999998553656,True,272.9444173809545
RSA+AES-256,5000,2,4714,560.1454999996349,0.6219000060809776,3.0298000056063756,True,272.9444173809545
RSA+AES-256,5000,2,4715,1133.5223000060068,0.6663999956799671,2.9128000023774803,True,272.9444173809545
RSA+AES-256,5000,2,4716,745.6257000012556,0.6385000015143305,2.879400002711918,True,272.9444173809545
RSA+AES-256,5000,2,4717,1655.366300001333,0.6193999943207018,3.0987000063760206,True,272.9444173809545
RSA+AES-256,5000,2,4718,401.81350000057137,0.6745999999111518,3.2105999998748302,True,272.9444173809545
RSA+AES-256,5000,2,4719,889.1033999971114,0.6506999998237006,3.0112999957054853,True,272.9444173809545
RSA+AES-256,5000,2,4720,692.7880000002915,0.6842999937362038,2.913999996962957,True,272.9444173809545
RSA+AES-256,5000,2,4721,839.172599997255,0.6767000013496727,2.961500002129469,True,272.9444173809545
RSA+AES-256,5000,2,4722,128.78669999918202,0.6374000004143454,2.9070000018691644,True,272.9444173809545
RSA+AES-256,5000,2,4723,626.7077000011341,0.6494999979622662,2.913500000431668,True,272.9444173809545
RSA+AES-256,5000,2,4724,269.9767000012798,0.7060999996610917,2.9590999984066,True,272.9444173809545
RSA+AES-256,5000,2,4725,119.03060000622645,0.6704999977955595,2.997499999764841,True,272.9444173809545
RSA+AES-256,5000,2,4726,787.0194999995874,0.6656999976257794,2.951399997982662,True,272.9444173809545
RSA+AES-256,5000,2,4727,798.3196000059252,0.6709000008413568,3.036699999938719,True,272.9444173809545
RSA+AES-256,5000,2,4728,297.8763999999501,0.6647999980486929,2.9750999965472147,True,272.9444173809545
RSA+AES-256,5000,2,4729,2026.8905999982962,0.7029999978840351,2.9887000055168755,True,272.9444173809545
RSA+AES-256,5000,2,4730,262.6146000038716,0.6648999988101423,3.0094999965513125,True,272.9444173809545
RSA+AES-256,5000,2,4731,372.8326000054949,0.6833000006736256,2.9496999995899387,True,272.9444173809545
RSA+AES-256,5000,2,4732,1577.4629000006826,0.6653999953414313,3.3957999985432252,True,272.9444173809545
RSA+AES-256,5000,2,4733,851.6409000003478,0.686499995936174,2.923000000009779,True,272.9444173809545
RSA+AES-256,5000,2,4734,710.4650000037509,0.625599997874815,2.9869999998481944,True,272.9444173809545
RSA+AES-256,5000,2,4735,526.5358000033302,0.6769999963580631,2.9540000032284297,True,272.9444173809545
RSA+AES-256,5000,2,4736,629.4763999976567,0.6298000007518567,3.0009000038262457,True,272.9444173809545
RSA+AES-256,5000,2,4737,1239.8451999979443,0.6718000004184432,3.2253000026685186,True,272.9444173809545
RSA+AES-256,5000,2,4738,807.3024000041187,0.6587000025319867,2.949600006104447,True,272.9444173809545
RSA+AES-256,5000,2,4739,125.94080000417307,0.6729000015184283,3.180100000463426,True,272.9444173809545
RSA+AES-256,5000,2,4740,366.1906000052113,0.6766000005882233,2.97839999984717,True,272.9444173809545
RSA+AES-256,5000,2,4741,802.3792000021785,0.6596000021090731,2.8842000028816983,True,272.9444173809545
RSA+AES-256,5000,2,4742,585.7756999976118,0.6523999982164241,2.8744000010192394,True,272.9444173809545
RSA+AES-256,5000,2,4743,290.6260000017937,0.7972000021254644,3.070899998419918,True,272.9444173809545
RSA+AES-256,5000,2,4744,789.6295000027749,0.6518000009236857,2.945000000181608,True,272.9444173809545
RSA+AES-256,5000,2,4745,646.0197999986121,0.6874999962747097,2.9232000015326776,True,272.9444173809545
RSA+AES-256,5000,2,4746,392.38550000300165,0.6843000010121614,2.9141999984858558,True,272.9444173809545
RSA+AES-256,5000,2,4747,498.07850000070175,0.6415000025299378,2.8957000031368807,True,272.9444173809545
RSA+AES-256,5000,2,4748,506.19819999701576,0.6648999988101423,2.9855000029783696,True,272.9444173809545
RSA+AES-256,5000,2,4749,387.6321999996435,0.6998999961069785,3.030599997146055,True,272.9444173809545
RSA+AES-256,5000,2,4750,263.78249999834225,0.65819999872474,2.9597000029752962,True,272.9444173809545
RSA+AES-256,5000,2,4751,2131.4062000019476,0.6318000014289282,2.9802000062773004,True,272.9444173809545
RSA+AES-256,5000,2,4752,359.8908999993,0.6738000010955147,2.9760999968857504,True,272.9444173809545
RSA+AES-256,5000,2,4753,317.48140000127023,0.6462000019382685,2.8663999983109534,True,272.9444173809545
RSA+AES-256,5000,2,4754,773.4650999991572,0.7005000006756745,2.9814000008627772,True,272.9444173809545
RSA+AES-256,5000,2,4755,562.2456999990391,0.6457999988924712,3.0457999964710325,True,272.9444173809545
RSA+AES-256,5000,2,4756,511.90089999727206,0.687400002789218,2.9610999990836717,True,272.9444173809545
RSA+AES-256,5000,2,4757,126.43790000583977,0.6197000038810074,3.001199998834636,True,272.9444173809545
RSA+AES-256,5000,2,4758,289.258200005861,0.6689000001642853,2.9598999972222373,True,272.9444173809545
RSA+AES-256,5000,2,4759,457.19820000522304,0.6857999978819862,2.9896999985794537,True,272.9444173809545
RSA+AES-256,5000,2,4760,179.29939999885391,0.6307000003289431,2.978200005600229,True,272.9444173809545
RSA+AES-256,5000,2,4761,406.52749999571824,0.5969999983790331,2.976600000692997,True,272.9444173809545
RSA+AES-256,5000,2,4762,1143.9262999992934,0.6710000016028062,2.996099996380508,True,272.9444173809545
RSA+AES-256,5000,2,4763,196.4254999984405,0.5760999993071891,2.8539999984786846,True,272.9444173809545
RSA+AES-256,5000,2,4764,792.8148999999394,0.6597999963560142,2.9322000045794994,True,272.9444173809545
RSA+AES-256,5000,2,4765,232.52030000003288,0.6590000048163347,2.9638999985763803,True,272.9444173809545
RSA+AES-256,5000,2,4766,1653.8956000003964,0.6858000051579438,2.950900001451373,True,272.9444173809545
RSA+AES-256,5000,2,4767,198.82199999847217,0.6625999958487228,3.024500001629349,True,272.9444173809545
RSA+AES-256,5000,2,4768,2519.0742000049795,0.6898999999975786,3.339900002174545,True,272.9444173809545
RSA+AES-256,5000,2,4769,194.73170000128448,0.6314999991445802,3.0133000036585145,True,272.9444173809545
RSA+AES-256,5000,2,4770,378.71740000264253,0.6123999992269091,2.9738999946857803,True,272.9444173809545
RSA+AES-256,5000,2,4771,1197.2707000022638,0.6665000037173741,3.0989000006229617,True,272.9444173809545
RSA+AES-256,5000,2,4772,766.0173999975086,0.6607999966945499,2.940999998827465,True,272.9444173809545
RSA+AES-256,5000,2,4773,1120.9113000004436,0.6708000000799075,2.910299997893162,True,272.9444173809545
RSA+AES-256,5000,2,4774,659.062200000335,0.727400001778733,2.9972999982419424,True,272.9444173809545
RSA+AES-256,5000,2,4775,133.49330000346527,0.6336000005831011,2.965500003483612,True,272.9444173809545
RSA+AES-256,5000,2,4776,1167.7067999989958,0.6333000055747107,2.960700003313832,True,272.9444173809545
RSA+AES-256,5000,2,4777,1127.7207999955863,0.6484999976237305,2.8755999956047162,True,272.9444173809545
RSA+AES-256,5000,2,4778,220.95380000246223,0.7180000029620714,2.882200002204627,True,272.9444173809545
RSA+AES-256,5000,2,4779,2357.6530999998795,0.6264999974519014,3.041500000108499,True,272.9444173809545
RSA+AES-256,5000,2,4780,130.28510000003735,0.6099000020185485,2.9273999971337616,True,272.9444173809545
RSA+AES-256,5000,2,4781,786.8868000005023,0.6704999977955595,2.889900002628565,True,272.9444173809545
RSA+AES-256,5000,2,4782,1240.4043999995338,0.6440999932237901,2.8936999951838516,True,272.9444173809545
RSA+AES-256,5000,2,4783,943.2720999975572,0.6804000004194677,2.9313999984879047,True,272.9444173809545
RSA+AES-256,5000,2,4784,1851.4275000052294,0.7113000028766692,2.904799999669194,True,272.9444173809545
RSA+AES-256,5000,2,4785,533.8846000013291,0.6565000003320165,2.940500002296176,True,272.9444173809545
RSA+AES-256,5000,2,4786,416.64740000123857,0.6418999982997775,2.8931000051670708,True,272.9444173809545
RSA+AES-256,5000,2,4787,571.3986999980989,0.7286999971256591,2.962999998999294,True,272.9444173809545
RSA+AES-256,5000,2,4788,1511.255400000664,0.6339000028674491,3.0101000011200085,True,272.9444173809545
RSA+AES-256,5000,2,4789,633.9315000004717,0.6699000005028211,3.041800002392847,True,272.9444173809545
RSA+AES-256,5000,2,4790,1788.2045000005746,0.6582999994861893,2.925699998741038,True,272.9444173809545
RSA+AES-256,5000,2,4791,762.4084999988554,0.6931999960215762,2.9132000054232776,True,272.9444173809545
RSA+AES-256,5000,2,4792,1058.2073999976274,0.6766000005882233,2.928299996710848,True,272.9444173809545
RSA+AES-256,5000,2,4793,581.7513000001782,0.6683000028715469,2.984500002639834,True,272.9444173809545
RSA+AES-256,5000,2,4794,323.1642000027932,0.6789000035496429,3.013599998666905,True,272.9444173809545
RSA+AES-256,5000,2,4795,1812.0990000024904,0.6137000018497929,2.977100004500244,True,272.9444173809545
RSA+AES-256,5000,2,4796,312.8625999961514,0.6712999966111965,2.966600004583597,True,272.9444173809545
RSA+AES-256,5000,2,4797,355.5804999996326,0.6800999981351197,2.973500006191898,True,272.9444173809545
RSA+AES-256,5000,2,4798,358.8014999986626,0.6419999990612268,2.9261000017868355,True,272.9444173809545
RSA+AES-256,5000,2,4799,495.5690999995568,0.687700005073566,3.096400003414601,True,272.9444173809545
RSA+AES-256,5000,2,4800,1556.6552000018419,0.6597000028705224,2.980900004331488,True,272.9444173809545
RSA+AES-256,5000,2,4801,674.7004999997444,0.6990999972913414,2.9723000043304637,True,272.9444173809545
RSA+AES-256,5000,2,4802,181.98790000315057,0.614199998381082,2.8945000012754463,True,272.9444173809545
RSA+AES-256,5000,2,4803,367.7626999997301,0.6695000047329813,3.025799996976275,True,272.9444173809545
RSA+AES-256,5000,2,4804,1570.620799997414,0.6608000039705075,2.871600001526531,True,272.9444173809545
RSA+AES-256,5000,2,4805,236.98260000674054,0.6533999985549599,2.962200000183657,True,272.9444173809545
RSA+AES-256,5000,2,4806,1133.5193999984767,0.9108000012929551,2.944200001365971,True,272.9444173809545
RSA+AES-256,5000,2,4807,1233.384400002251,0.6505999990622513,2.971499998238869,True,272.9444173809545
RSA+AES-256,5000,2,4808,1321.7194999961066,0.6608999974559993,2.893799995945301,True,272.9444173809545
RSA+AES-256,5000,2,4809,694.7762000054354,0.6638999984716065,3.153100005874876,True,272.9444173809545
RSA+AES-256,5000,2,4810,713.5837000023457,0.66559999686433,3.3401999971829355,True,272.9444173809545
RSA+AES-256,5000,2,4811,63.892799997120164,0.6532000043080188,2.9759000026388094,True,272.9444173809545
RSA+AES-256,5000,2,4812,266.0957000043709,0.6633999946643598,2.9375000012805685,True,272.9444173809545
RSA+AES-256,5000,2,4813,371.97639999794774,0.6570000041392632,2.920400002039969,True,272.9444173809545
RSA+AES-256,5000,2,4814,506.57030000002123,0.6949999951757491,2.972400005091913,True,272.9444173809545
RSA+AES-256,5000,2,4815,599.8421999975108,0.669599998218473,2.969200002553407,True,272.9444173809545
RSA+AES-256,5000,2,4816,1642.7085999966948,0.6753999987267889,2.9447000051732175,True,272.9444173809545
RSA+AES-256,5000,2,4817,666.9163000042317,0.6559000030392781,2.915600001870189,True,272.9444173809545
RSA+AES-256,5000,2,4818,403.1406999929459,0.647299995762296,3.0743999959668145,True,272.9444173809545
RSA+AES-256,5000,2,4819,115.32890000671614,0.5940999981248751,2.924400003394112,True,272.9444173809545
RSA+AES-256,5000,2,4820,372.8332999962731,0.6754999994882382,3.005899998242967,True,272.9444173809545
RSA+AES-256,5000,2,4821,458.05619999737246,0.7107999990694225,3.0805999995209277,True,272.9444173809545
RSA+AES-256,5000,2,4822,705.7577000014135,0.628800000413321,2.937100005510729,True,272.9444173809545
RSA+AES-256,5000,2,4823,1441.0199000049033,0.6614000012632459,2.8667000005953014,True,272.9444173809545
RSA+AES-256,5000,2,4824,272.5060000011581,0.6338000021059997,2.9514999987441115,True,272.9444173809545
RSA+AES-256,5000,2,4825,416.7742999998154,0.6700000012642704,2.947099994344171,True,272.9444173809545
RSA+AES-256,5000,2,4826,315.0960999992094,0.6330999967758544,2.966699998069089,True,272.9444173809545
RSA+AES-256,5000,2,4827,658.7012000018149,0.6993999995756894,3.035900001123082,True,272.9444173809545
RSA+AES-256,5000,2,4828,2041.6278000047896,0.6922999964444898,2.8803999957744963,True,272.9444173809545
RSA+AES-256,5000,2,4829,725.828199996613,0.6572999991476536,2.9165000014472753,True,272.9444173809545
RSA+AES-256,5000,2,4830,73.1828999996651,0.5833000031998381,2.8999000060139224,True,272.9444173809545
RSA+AES-256,5000,2,4831,461.5282000013394,0.669100001687184,2.9293000043253414,True,272.9444173809545
RSA+AES-256,5000,2,4832,566.4022000055411,0.6868999989819713,3.0706000034115277,True,272.9444173809545
RSA+AES-256,5000,2,4833,544.6217999997316,0.6532999977935106,2.873199999157805,True,272.9444173809545
RSA+AES-256,5000,2,4834,490.44050000520656,0.6745999999111518,2.9638000050908886,True,272.9444173809545
RSA+AES-256,5000,2,4835,86.4545000004,0.5969999983790331,2.899699997215066,True,272.9444173809545
RSA+AES-256,5000,2,4836,903.2236999992165,0.6759000025340356,3.077800000028219,True,272.9444173809545
RSA+AES-256,5000,2,4837,473.3921000006376,0.6393000003299676,2.8999000060139224,True,272.9444173809545
RSA+AES-256,5000,2,4838,1080.3719000032288,0.646799999231007,3.072699997574091,True,272.9444173809545
RSA+AES-256,5000,2,4839,957.9788999981247,0.6510000021080486,2.9121999978087842,True,272.9444173809545
RSA+AES-256,5000,2,4840,491.47249999805354,0.6964999993215315,2.9487000065273605,True,272.9444173809545
RSA+AES-256,5000,2,4841,87.86330000293674,0.632199997198768,2.94469999789726,True,272.9444173809545
RSA+AES-256,5000,2,4842,1039.8626000023796,0.6897999992361292,2.921500003139954,True,272.9444173809545
RSA+AES-256,5000,2,4843,186.63720000040485,0.6106000000727363,2.873999997973442,True,272.9444173809545
RSA+AES-256,5000,2,4844,1537.7895000056014,0.6628999981330708,2.9206999970483594,True,272.9444173809545
RSA+AES-256,5000,2,4845,356.05880000366597,0.654800001939293,2.8811000011046417,True,272.9444173809545
RSA+AES-256,5000,2,4846,597.3558000041521,0.724199999240227,2.987899999425281,True,272.9444173809545
RSA+AES-256,5000,2,4847,532.9732000027434,0.6856000036350451,2.9800999982398935,True,272.9444173809545
RSA+AES-256,5000,2,4848,913.8514000005671,0.6647999980486929,2.9060000015306287,True,272.9444173809545
RSA+AES-256,5000,2,4849,475.34669999731705,0.709400002961047,2.974399998493027,True,272.9444173809545
RSA+AES-256,5000,2,4850,441.02289999864297,0.6916999991517514,2.9458000062732026,True,272.9444173809545
RSA+AES-256,5000,2,4851,227.6421999995364,0.6313999983831309,2.8947999962838367,True,272.9444173809545
RSA+AES-256,5000,2,4852,899.8581999985618,0.6523000047309324,2.909499999077525,True,272.9444173809545
RSA+AES-256,5000,2,4853,225.74380000150995,0.6199000054039061,2.965599996969104,True,272.9444173809545
RSA+AES-256,5000,2,4854,773.304399997869,0.6853000013506971,2.9180999990785494,True,272.9444173809545
RSA+AES-256,5000,2,4855,281.17809999821475,0.6615000020246953,3.02430000010645,True,272.9444173809545
RSA+AES-256,5000,2,4856,458.82170000550104,0.829399999929592,2.9708000001846813,True,272.9444173809545
RSA+AES-256,5000,2,4857,472.63469999597874,0.6623000008403324,2.933399999164976,True,272.9444173809545
RSA+AES-256,5000,2,4858,1018.894700006058,0.6708999935653992,2.9620999994222075,True,272.9444173809545
RSA+AES-256,5000,2,4859,231.53060000186088,0.6589000040548854,3.0593999981647357,True,272.9444173809545
RSA+AES-256,5000,2,4860,724.7502999962308,0.654800001939293,2.9694000040763058,True,272.9444173809545
RSA+AES-256,5000,2,4861,390.5139000053168,0.6719000011798926,2.9721999962930568,True,272.9444173809545
RSA+AES-256,5000,2,4862,1073.5123999984353,0.6490000014309771,2.8851000024587847,True,272.9444173809545
RSA+AES-256,5000,2,4863,345.6462000031024,0.6888999996590428,2.9125000000931323,True,272.9444173809545
RSA+AES-256,5000,2,4864,284.588900001836,0.6443000020226464,2.962500002468005,True,272.9444173809545
RSA+AES-256,5000,2,4865,277.75090000068303,0.6576000014320016,3.122900001471862,True,272.9444173809545
RSA+AES-256,5000,2,4866,123.3351999981096,0.6184000012581237,3.0009000038262457,True,272.9444173809545
RSA+AES-256,5000,2,4867,222.59180000401102,0.6517000001622364,2.9847999976482242,True,272.9444173809545
RSA+AES-256,5000,2,4868,532.8517999951146,0.6837999972049147,2.9499000011128373,True,272.9444173809545
RSA+AES-256,5000,2,4869,635.3724000000511,1.1229000010644086,3.038900002138689,True,272.9444173809545
RSA+AES-256,5000,2,4870,524.5118000020739,0.6394000010914169,2.87469999602763,True,272.9444173809545
RSA+AES-256,5000,2,4871,917.9997000028379,0.6720999954268336,2.9471000016201288,True,272.9444173809545
RSA+AES-256,5000,2,4872,349.1320999964955,0.6739999953424558,2.9447999986587092,True,272.9444173809545
RSA+AES-256,5000,2,4873,433.60350000148173,0.6704000043100677,2.974399998493027,True,272.9444173809545
RSA+AES-256,5000,2,4874,744.8599000053946,0.6506999998237006,2.866599999833852,True,272.9444173809545
RSA+AES-256,5000,2,4875,735.0508000017726,0.6775000001653098,3.059800001210533,True,272.9444173809545
RSA+AES-256,5000,2,4876,711.146200002986,0.6437999982153997,3.1924999930197373,True,272.9444173809545
RSA+AES-256,5000,2,4877,512.4748000016552,0.6609999982174486,2.9138999962015077,True,272.9444173809545
RSA+AES-256,5000,2,4878,546.4922000028309,0.6900000007590279,3.015300004335586,True,272.9444173809545
RSA+AES-256,5000,2,4879,1257.1022000047378,0.6845999960205518,2.9697999998461455,True,272.9444173809545
RSA+AES-256,5000,2,4880,678.1803999983822,0.6777000016882084,3.2030000002123415,True,272.9444173809545
RSA+AES-256,5000,2,4881,609.4457999934093,0.6502000032924116,3.449499999987893,True,272.9444173809545
RSA+AES-256,5000,2,4882,188.32419999671401,0.6167999963508919,2.9165000014472753,True,272.9444173809545
RSA+AES-256,5000,2,4883,608.7217000022065,0.6704000043100677,2.9262999960337766,True,272.9444173809545
RSA+AES-256,5000,2,4884,543.1300999989617,0.6603000001632608,2.959600002213847,True,272.9444173809545
RSA+AES-256,5000,2,4885,173.62770000181627,0.6821999995736405,2.948099994682707,True,272.9444173809545
RSA+AES-256,5000,2,4886,1244.9722999954247,0.6702000027871691,3.0333999966387637,True,272.9444173809545
RSA+AES-256,5000,2,4887,772.4258000016562,0.6266000054893084,2.980199999001343,True,272.9444173809545
RSA+AES-256,5000,2,4888,997.5776999999653,0.6584999937331304,2.977099997224286,True,272.9444173809545
RSA+AES-256,5000,2,4889,968.4099000005517,0.7098999994923361,2.9439000063575804,True,272.9444173809545
RSA+AES-256,5000,2,4890,784.4532000017352,0.6495000052382238,2.9243999961181544,True,272.9444173809545
RSA+AES-256,5000,2,4891,698.0213999995613,0.646799999231007,2.8904999999213032,True,272.9444173809545
RSA+AES-256,5000,2,4892,669.852399994852,0.6554999999934807,2.917199999501463,True,272.9444173809545
RSA+AES-256,5000,2,4893,266.52919999469304,0.7375000059255399,2.9555000000982545,True,272.9444173809545
RSA+AES-256,5000,2,4894,882.9124000039883,0.6682999955955893,2.9349000033107586,True,272.9444173809545
RSA+AES-256,5000,2,4895,210.84659999905853,0.6395000018528663,2.9569999969680794,True,272.9444173809545
RSA+AES-256,5000,2,4896,695.3041999950074,0.6666999979643151,2.9022000016993843,True,272.9444173809545
RSA+AES-256,5000,2,4897,1232.620800001314,0.6597000028705224,2.940499995020218,True,272.9444173809545
RSA+AES-256,5000,2,4898,273.75499999470776,0.6473000030382536,2.976499999931548,True,272.9444173809545
RSA+AES-256,5000,2,4899,625.2166000049328,0.6909000003361143,2.9864999960409477,True,272.9444173809545
RSA+AES-256,5000,2,4900,1139.0817999999854,0.695400005497504,2.95429999823682,True,272.9444173809545
RSA+AES-256,5000,2,4901,1006.047300004866,0.6678999998257495,2.9595000014523976,True,272.9444173809545
RSA+AES-256,5000,2,4902,558.911200001603,0.6604000009247102,2.9540000032284297,True,272.9444173809545
RSA+AES-256,5000,2,4903,2101.6344999952707,0.6704000043100677,2.9442999948514625,True,272.9444173809545
RSA+AES-256,5000,2,4904,177.40169999888167,0.6481000018538907,3.046699996048119,True,272.9444173809545
RSA+AES-256,5000,2,4905,435.31480000092415,0.6489999941550195,2.906100002292078,True,272.9444173809545
RSA+AES-256,5000,2,4906,1436.5010999972583,0.669299995934125,3.0566000059479848,True,272.9444173809545
RSA+AES-256,5000,2,4907,534.0386000025319,0.6552999984705821,2.9455999974743463,True,272.9444173809545
RSA+AES-256,5000,2,4908,731.2535000019125,0.7158000007621013,2.970099994854536,True,272.9444173809545
RSA+AES-256,5000,2,4909,1250.803700000688,0.6486999991466291,2.9819999981555156,True,272.9444173809545
RSA+AES-256,5000,2,4910,1586.9310000052792,0.6739999953424558,3.0232999997679144,True,272.9444173809545
RSA+AES-256,5000,2,4911,294.1844000015408,0.6763999990653247,2.9928000003565103,True,272.9444173809545
RSA+AES-256,5000,2,4912,499.60940000164555,0.6123999992269091,2.980100005515851,True,272.9444173809545
RSA+AES-256,5000,2,4913,461.7441000009421,0.6817999965278432,3.023599994776305,True,272.9444173809545
RSA+AES-256,5000,2,4914,1118.025800002215,0.6503000040538609,2.882600005250424,True,272.9444173809545
RSA+AES-256,5000,2,4915,297.29020000377204,0.72340000042459,3.033799999684561,True,272.9444173809545
RSA+AES-256,5000,2,4916,975.2761000054306,0.6772000051569194,2.9208000050857663,True,272.9444173809545
RSA+AES-256,5000,2,4917,1070.8546999958344,0.6685000043944456,2.9643000016221777,True,272.9444173809545
RSA+AES-256,5000,2,4918,595.4050000000279,0.6807999961893074,2.9635000028065406,True,272.9444173809545
RSA+AES-256,5000,2,4919,938.5598000008031,0.7216000012704171,3.0925000028219074,True,272.9444173809545
RSA+AES-256,5000,2,4920,141.32260000042152,0.5789999995613471,2.9510000022128224,True,272.9444173809545
RSA+AES-256,5000,2,4921,309.92569999943953,0.65080000058515,2.940799997304566,True,272.9444173809545
RSA+AES-256,5000,2,4922,217.56070000265026,0.5950999984634109,3.267799998866394,True,272.9444173809545
RSA+AES-256,5000,2,4923,1999.373500002548,0.6680000005871989,2.865199996449519,True,272.9444173809545
RSA+AES-256,5000,2,4924,498.48990000464255,0.6923999972059391,2.9169000044930726,True,272.9444173809545
RSA+AES-256,5000,2,4925,453.32629999757046,0.6609000047319569,2.9470000008586794,True,272.9444173809545
RSA+AES-256,5000,2,4926,265.12730000104057,0.6648999988101423,2.98320000001695,True,272.9444173809545
RSA+AES-256,5000,2,4927,555.5951000060304,0.6711000023642555,2.9574000000138767,True,272.9444173809545
RSA+AES-256,5000,2,4928,346.15540000231704,0.6683999963570386,3.2471999948029406,True,272.9444173809545
RSA+AES-256,5000,2,4929,180.24989999685204,0.6082999971113168,2.9547000012826174,True,272.9444173809545
RSA+AES-256,5000,2,4930,888.087400002405,0.6512000036309473,2.8961999996681698,True,272.9444173809545
RSA+AES-256,5000,2,4931,167.31489999801852,0.6523999982164241,2.9680000006919727,True,272.9444173809545
RSA+AES-256,5000,2,4932,806.0933999950066,0.6804000004194677,2.9555000000982545,True,272.9444173809545
RSA+AES-256,5000,2,4933,1816.832999997132,0.6110999966040254,2.9393000004347414,True,272.9444173809545
RSA+AES-256,5000,2,4934,649.976600005175,0.6766000005882233,2.9433000017888844,True,272.9444173809545
RSA+AES-256,5000,2,4935,237.50899999868125,0.6071999960113317,2.942899998743087,True,272.9444173809545
RSA+AES-256,5000,2,4936,115.88050000136718,0.5841000020154752,3.296200004115235,True,272.9444173809545
RSA+AES-256,5000,2,4937,211.94730000570416,0.6286999996518716,3.167900002154056,True,272.9444173809545
RSA+AES-256,5000,2,4938,172.51269999542274,0.6464000034611672,2.9642000008607283,True,272.9444173809545
RSA+AES-256,5000,2,4939,422.2678000005544,0.6608999974559993,2.936500000942033,True,272.9444173809545
RSA+AES-256,5000,2,4940,2099.6109999978216,0.654499999654945,2.9574000000138767,True,272.9444173809545
RSA+AES-256,5000,2,4941,711.0806999990018,0.6785000005038455,3.0277999976533465,True,272.9444173809545
RSA+AES-256,5000,2,4942,259.45450000290293,0.6078000005800277,2.9559999966295436,True,272.9444173809545
RSA+AES-256,5000,2,4943,386.8411000003107,0.6604000009247102,2.880100000766106,True,272.9444173809545
RSA+AES-256,5000,2,4944,693.7078999981168,0.6677999990643002,2.964899998914916,True,272.9444173809545
RSA+AES-256,5000,2,4945,148.7252000006265,0.6626000031246804,2.9973000055179,True,272.9444173809545
RSA+AES-256,5000,2,4946,281.9679000022006,0.6649999995715916,2.9943999979877844,True,272.9444173809545
RSA+AES-256,5000,2,4947,674.0274999974645,0.6737000003340654,2.9922999965492636,True,272.9444173809545
RSA+AES-256,5000,2,4948,529.3185999980778,0.6071999960113317,2.9913000034866855,True,272.9444173809545
RSA+AES-256,5000,2,4949,482.7740000037011,0.686799998220522,3.028999999514781,True,272.9444173809545
RSA+AES-256,5000,2,4950,1585.0223999950686,0.6820999988121912,2.925200002209749,True,272.9444173809545
RSA+AES-256,5000,2,4951,177.25069999869447,0.6747000006726012,2.9691000017919578,True,272.9444173809545
RSA+AES-256,5000,2,4952,566.216400002304,0.6617999970330857,2.890000003390014,True,272.9444173809545
RSA+AES-256,5000,2,4953,245.67630000092322,0.6389999980456196,2.961500002129469,True,272.9444173809545
RSA+AES-256,5000,2,4954,424.8730999970576,0.6537000008393079,3.1680000029155053,True,272.9444173809545
RSA+AES-256,5000,2,4955,1760.689700000512,0.6294999984675087,3.0484999952022918,True,272.9444173809545
RSA+AES-256,5000,2,4956,919.6632000021054,0.665299994579982,2.8871000031358562,True,272.9444173809545
RSA+AES-256,5000,2,4957,492.25200000364566,0.6605000016861595,2.895000005082693,True,272.9444173809545
RSA+AES-256,5000,2,4958,300.3723000001628,0.6604999944102019,3.010699998412747,True,272.9444173809545
RSA+AES-256,5000,2,4959,174.4094999958179,0.6643000015174039,2.871400000003632,True,272.9444173809545
RSA+AES-256,5000,2,4960,581.6775999992387,0.6523999982164241,2.8839000005973503,True,272.9444173809545
RSA+AES-256,5000,2,4961,198.42520000383956,0.6167000028654002,2.986899999086745,True,272.9444173809545
RSA+AES-256,5000,2,4962,331.0859999983222,0.6738000010955147,3.0123000033199787,True,272.9444173809545
RSA+AES-256,5000,2,4963,889.9605999977211,0.6827999968663789,2.957199998490978,True,272.9444173809545
RSA+AES-256,5000,2,4964,852.5162000005366,0.6513000043923967,2.9071000026306137,True,272.9444173809545
RSA+AES-256,5000,2,4965,490.5272999967565,0.8092999996733852,3.0887999964761548,True,272.9444173809545
RSA+AES-256,5000,2,4966,164.99240000121063,0.6143999999039806,2.8845000051660463,True,272.9444173809545
RSA+AES-256,5000,2,4967,182.96409999311436,0.5797000048914924,2.897300000768155,True,272.9444173809545
RSA+AES-256,5000,2,4968,507.4654999989434,0.683899997966364,2.954100003989879,True,272.9444173809545
RSA+AES-256,5000,2,4969,495.3001000030781,0.6133999995654449,2.880100000766106,True,272.9444173809545
RSA+AES-256,5000,2,4970,431.2477999992552,0.665899999148678,2.948399996967055,True,272.9444173809545
RSA+AES-256,5000,2,4971,327.27309999609133,0.6783999997423962,3.002999997988809,True,272.9444173809545
RSA+AES-256,5000,2,4972,875.4072999945492,0.6034999969415367,2.9240999938338064,True,272.9444173809545
RSA+AES-256,5000,2,4973,812.8856000039377,0.702800003637094,2.8620000011869706,True,272.9444173809545
RSA+AES-256,5000,2,4974,859.4440000015311,0.6838000044808723,2.9961999971419573,True,272.9444173809545
RSA+AES-256,5000,2,4975,137.8407000011066,0.6609999982174486,2.922199993918184,True,272.9444173809545
RSA+AES-256,5000,2,4976,243.98650000512134,0.5835000047227368,2.9950000025564805,True,272.9444173809545
RSA+AES-256,5000,2,4977,681.7886999997427,0.6513999978778884,2.977099997224286,True,272.9444173809545
RSA+AES-256,5000,2,4978,634.8037000061595,0.6819999980507419,2.929700000095181,True,272.9444173809545
RSA+AES-256,5000,2,4979,608.9404999947874,0.6757000010111369,3.021299999090843,True,272.9444173809545
RSA+AES-256,5000,2,4980,477.1833999984665,0.65080000058515,2.912000003561843,True,272.9444173809545
RSA+AES-256,5000,2,4981,370.4645999969216,0.6818000038038008,3.0313000024762005,True,272.9444173809545
RSA+AES-256,5000,2,4982,337.545800000953,0.6434999959310517,2.9966000001877546,True,272.9444173809545
RSA+AES-256,5000,2,4983,322.4423999999999,0.6649999995715916,2.962900005513802,True,272.9444173809545
RSA+AES-256,5000,2,4984,219.04279999580467,0.6420999998226762,2.924100001109764,True,272.9444173809545
RSA+AES-256,5000,2,4985,239.02620000444585,0.6195000023581088,3.02689999807626,True,272.9444173809545
RSA+AES-256,5000,2,4986,259.01149999845074,0.6505999990622513,2.8788999989046715,True,272.9444173809545
RSA+AES-256,5000,2,4987,867.9411000048276,0.6744999991497025,2.9845999961253256,True,272.9444173809545
RSA+AES-256,5000,2,4988,1036.0584000009112,0.6693999966955744,2.9122999985702336,True,272.9444173809545
RSA+AES-256,5000,2,4989,79.18190000054892,0.5854999981238507,2.8705000004265457,True,272.9444173809545
RSA+AES-256,5000,2,4990,1411.3580999983242,0.6796000016038306,2.9983999993419275,True,272.9444173809545
RSA+AES-256,5000,2,4991,1245.130399998743,0.6582999994861893,2.9725000058533624,True,272.9444173809545
RSA+AES-256,5000,2,4992,473.50070000538835,0.6670000002486631,2.974399998493027,True,272.9444173809545
RSA+AES-256,5000,2,4993,1536.7373999979463,0.6743000049027614,2.926500004832633,True,272.9444173809545
RSA+AES-256,5000,2,4994,776.0841000053915,0.6611000062548555,2.997199997480493,True,272.9444173809545
RSA+AES-256,5000,2,4995,823.2279000003473,0.6568999961018562,2.930399998149369,True,272.9444173809545
RSA+AES-256,5000,2,4996,1483.8890999963041,0.6623999943258241,2.9360000044107437,True,272.9444173809545
RSA+AES-256,5000,2,4997,660.1263999982621,0.6667999987257645,3.296200004115235,True,272.9444173809545
RSA+AES-256,5000,2,4998,867.470899996988,0.6726999999955297,3.0211999983293936,True,272.9444173809545
RSA+AES-256,5000,2,4999,625.6034999969415,0.6107000008341856,2.9431000002659857,True,272.9444173809545
RSA+AES-256,5000,2,5000,497.777299999143,0.6847999975434504,2.987599997140933,True,272.9444173809545
