scheme,volume,repetition,transaction_id,key_gen_time,encryption_time,decryption_time,integrity_verified,throughput
ECC+AES-256,500,1,1,6.920699990587309,2.0422000088728964,0.25630000163801014,True,3800.449057533852
ECC+AES-256,500,1,2,0.05359998613130301,0.19880000036209822,0.13100000796839595,True,3800.449057533852
ECC+AES-256,500,1,3,0.039399994420818985,0.16119999054353684,0.12060000153724104,True,3800.449057533852
ECC+AES-256,500,1,4,0.0312999909510836,0.15300000086426735,0.11660000018309802,True,3800.449057533852
ECC+AES-256,500,1,5,0.03029999788850546,0.14890001330059022,0.11609999637585133,True,3800.449057533852
ECC+AES-256,500,1,6,0.03090000245720148,0.1480999926570803,0.11559999256860465,True,3800.449057533852
ECC+AES-256,500,1,7,0.029800008633174002,0.14570000348612666,0.11389999417588115,True,3800.449057533852
ECC+AES-256,500,1,8,0.029700007871724665,0.14470001042354852,0.11280000035185367,True,3800.449057533852
ECC+AES-256,500,1,9,0.03029999788850546,0.146100006531924,0.16719999257475138,True,3800.449057533852
ECC+AES-256,500,1,10,0.03860000288113952,0.17780000052880496,0.11700000322889537,True,3800.449057533852
ECC+AES-256,500,1,11,0.031800009310245514,0.15249999705702066,0.1145999995060265,True,3800.449057533852
ECC+AES-256,500,1,12,0.030399998649954796,0.14859999646432698,0.1145999995060265,True,3800.449057533852
ECC+AES-256,500,1,13,0.030099996365606785,0.14619999274145812,0.11269999959040433,True,3800.449057533852
ECC+AES-256,500,1,14,0.029999995604157448,0.1463999942643568,0.112900001113303,True,3800.449057533852
ECC+AES-256,500,1,15,0.02990000939462334,0.14539998664986342,0.11249999806750566,True,3800.449057533852
ECC+AES-256,500,1,16,0.02950000634882599,0.14459999511018395,0.11720000475179404,True,3800.449057533852
ECC+AES-256,500,1,17,0.030499999411404133,0.14709999959450215,0.1134999911300838,True,3800.449057533852
ECC+AES-256,500,1,18,0.03020001167897135,0.1483000087318942,0.11219999578315765,True,3800.449057533852
ECC+AES-256,500,1,19,0.029100003303028643,0.1446999958716333,0.112599998828955,True,3800.449057533852
ECC+AES-256,500,1,20,0.0295999925583601,0.1444000081392005,0.11240001185797155,True,3800.449057533852
ECC+AES-256,500,1,21,0.02950000634882599,0.1446999958716333,0.1117999927373603,True,3800.449057533852
ECC+AES-256,500,1,22,0.0295999925583601,0.1466000103391707,0.11300000187475234,True,3800.449057533852
ECC+AES-256,500,1,23,0.02989999484270811,0.1466999965487048,0.11280000035185367,True,3800.449057533852
ECC+AES-256,500,1,24,0.029700007871724665,0.14459999511018395,0.11169999197591096,True,3800.449057533852
ECC+AES-256,500,1,25,0.0295999925583601,0.14459999511018395,0.11170000652782619,True,3800.449057533852
ECC+AES-256,500,1,26,0.029799994081258774,0.15409999468829483,0.11240001185797155,True,3800.449057533852
ECC+AES-256,500,1,27,0.02989999484270811,0.14689999807160348,0.1168999879155308,True,3800.449057533852
ECC+AES-256,500,1,28,0.029999995604157448,0.14489999739453197,0.11240001185797155,True,3800.449057533852
ECC+AES-256,500,1,29,0.029199989512562752,0.1441000058548525,0.112599998828955,True,3800.449057533852
ECC+AES-256,500,1,30,0.030099996365606785,0.14519999967887998,0.11209999502170831,True,3800.449057533852
ECC+AES-256,500,1,31,0.029399991035461426,0.1446999958716333,0.11320000339765102,True,3800.449057533852
ECC+AES-256,500,1,32,0.029400005587376654,0.14649999502580613,0.11320000339765102,True,3800.449057533852
ECC+AES-256,500,1,33,0.029699993319809437,0.14619999274145812,0.11180000728927553,True,3800.449057533852
ECC+AES-256,500,1,34,0.029999995604157448,0.149200001033023,0.1117999927373603,True,3800.449057533852
ECC+AES-256,500,1,35,0.03020001167897135,0.1449000119464472,0.11140000424347818,True,3800.449057533852
ECC+AES-256,500,1,36,0.029699993319809437,0.14439999358728528,0.11300000187475234,True,3800.449057533852
ECC+AES-256,500,1,37,0.029400005587376654,0.1441999920643866,0.112599998828955,True,3800.449057533852
ECC+AES-256,500,1,38,0.029700007871724665,0.14480001118499786,0.11210000957362354,True,3800.449057533852
ECC+AES-256,500,1,39,0.029799994081258774,0.14570000348612666,0.112599998828955,True,3800.449057533852
ECC+AES-256,500,1,40,0.05629999213851988,0.20059999951627105,0.12530000822152942,True,3800.449057533852
ECC+AES-256,500,1,41,0.04230000195093453,0.19150000298395753,0.1235999952768907,True,3800.449057533852
ECC+AES-256,500,1,42,0.03239999932702631,0.15239999629557133,0.11570000788196921,True,3800.449057533852
ECC+AES-256,500,1,43,0.03060000017285347,0.14730000111740083,0.11280000035185367,True,3800.449057533852
ECC+AES-256,500,1,44,0.030499999411404133,0.14560000272467732,0.11269999959040433,True,3800.449057533852
ECC+AES-256,500,1,45,0.03029999788850546,0.14560000272467732,0.11269999959040433,True,3800.449057533852
ECC+AES-256,500,1,46,0.030000010156072676,0.146100006531924,0.1134999911300838,True,3800.449057533852
ECC+AES-256,500,1,47,0.03029999788850546,0.1478000049246475,0.112900001113303,True,3800.449057533852
ECC+AES-256,500,1,48,0.030199997127056122,0.14600000577047467,0.11230001109652221,True,3800.449057533852
ECC+AES-256,500,1,49,0.030499999411404133,0.15910000365693122,0.11439999798312783,True,3800.449057533852
ECC+AES-256,500,1,50,0.029999995604157448,0.145500001963228,0.11219999578315765,True,3800.449057533852
ECC+AES-256,500,1,51,0.030000010156072676,0.145800004247576,0.112599998828955,True,3800.449057533852
ECC+AES-256,500,1,52,0.030000010156072676,0.1453000004403293,0.11140000424347818,True,3800.449057533852
ECC+AES-256,500,1,53,0.03029999788850546,0.14579998969566077,0.1112000027205795,True,3800.449057533852
ECC+AES-256,500,1,54,0.030399998649954796,0.15269999857991934,0.112599998828955,True,3800.449057533852
ECC+AES-256,500,1,55,0.030099996365606785,0.1444000081392005,0.11220001033507288,True,3800.449057533852
ECC+AES-256,500,1,56,0.029799994081258774,0.1438999897800386,0.11229999654460698,True,3800.449057533852
ECC+AES-256,500,1,57,0.030300012440420687,0.15810001059435308,0.11220001033507288,True,3800.449057533852
ECC+AES-256,500,1,58,0.029799994081258774,0.14679999731015414,0.11379999341443181,True,3800.449057533852
ECC+AES-256,500,1,59,0.029800008633174002,0.14680001186206937,0.11240001185797155,True,3800.449057533852
ECC+AES-256,500,1,60,0.030000010156072676,0.145800004247576,0.11280000035185367,True,3800.449057533852
ECC+AES-256,500,1,61,0.029800008633174002,0.14600000577047467,0.11320000339765102,True,3800.449057533852
ECC+AES-256,500,1,62,0.029699993319809437,0.14620000729337335,0.11249999806750566,True,3800.449057533852
ECC+AES-256,500,1,63,0.029300004825927317,0.14479999663308263,0.11159999121446162,True,3800.449057533852
ECC+AES-256,500,1,64,0.029700007871724665,0.14560000272467732,0.11219999578315765,True,3800.449057533852
ECC+AES-256,500,1,65,0.030000010156072676,0.16090000281110406,0.11249999806750566,True,3800.449057533852
ECC+AES-256,500,1,66,0.029800008633174002,0.14560000272467732,0.112599998828955,True,3800.449057533852
ECC+AES-256,500,1,67,0.029400005587376654,0.14609999198000878,0.11159999121446162,True,3800.449057533852
ECC+AES-256,500,1,68,0.029699993319809437,0.14350000128615648,0.11119998816866428,True,3800.449057533852
ECC+AES-256,500,1,69,0.029799994081258774,0.14429999282583594,0.11269999959040433,True,3800.449057533852
ECC+AES-256,500,1,70,0.03480000304989517,0.15980000898707658,0.11720000475179404,True,3800.449057533852
ECC+AES-256,500,1,71,0.034199998481199145,0.1517999917268753,0.11419999646022916,True,3800.449057533852
ECC+AES-256,500,1,72,0.03359999391250312,0.1576000067871064,0.11310000263620168,True,3800.449057533852
ECC+AES-256,500,1,73,0.030800001695752144,0.14519999967887998,0.11239999730605632,True,3800.449057533852
ECC+AES-256,500,1,74,0.030099996365606785,0.14609999198000878,0.11320000339765102,True,3800.449057533852
ECC+AES-256,500,1,75,0.02989999484270811,0.14679999731015414,0.11339999036863446,True,3800.449057533852
ECC+AES-256,500,1,76,0.029800008633174002,0.14570000348612666,0.11310000263620168,True,3800.449057533852
ECC+AES-256,500,1,77,0.03099998866673559,0.1453000004403293,0.112599998828955,True,3800.449057533852
ECC+AES-256,500,1,78,0.031499992473982275,0.15799999528098851,0.11209999502170831,True,3800.449057533852
ECC+AES-256,500,1,79,0.03640000068116933,0.15630001144018024,0.11380000796634704,True,3800.449057533852
ECC+AES-256,500,1,80,0.03029999788850546,0.14599999121855944,0.11209999502170831,True,3800.449057533852
ECC+AES-256,500,1,81,0.029800008633174002,0.14480001118499786,0.11250001261942089,True,3800.449057533852
ECC+AES-256,500,1,82,0.02989999484270811,0.1446999958716333,0.11180000728927553,True,3800.449057533852
ECC+AES-256,500,1,83,0.029600007110275328,0.14479999663308263,0.11280000035185367,True,3800.449057533852
ECC+AES-256,500,1,84,0.030199997127056122,0.14579998969566077,0.11320000339765102,True,3800.449057533852
ECC+AES-256,500,1,85,0.029700007871724665,0.14549998741131276,0.11229999654460698,True,3800.449057533852
ECC+AES-256,500,1,86,0.029199989512562752,0.14429999282583594,0.11310000263620168,True,3800.449057533852
ECC+AES-256,500,1,87,0.03440000000409782,0.16500000492669642,0.11360000644344836,True,3800.449057533852
ECC+AES-256,500,1,88,0.030300012440420687,0.145500001963228,0.11140000424347818,True,3800.449057533852
ECC+AES-256,500,1,89,0.0295999925583601,0.14379998901858926,0.11190000805072486,True,3800.449057533852
ECC+AES-256,500,1,90,0.029700007871724665,0.15240001084748656,0.1109000004362315,True,3800.449057533852
ECC+AES-256,500,1,91,0.02989999484270811,0.14569998893421143,0.11239999730605632,True,3800.449057533852
ECC+AES-256,500,1,92,0.0295999925583601,0.14459999511018395,0.11189999349880964,True,3800.449057533852
ECC+AES-256,500,1,93,0.029800008633174002,0.1444000081392005,0.1112000027205795,True,3800.449057533852
ECC+AES-256,500,1,94,0.029600007110275328,0.14539998664986342,0.112900001113303,True,3800.449057533852
ECC+AES-256,500,1,95,0.03060000017285347,0.145500001963228,0.11160000576637685,True,3800.449057533852
ECC+AES-256,500,1,96,0.030000010156072676,0.1441000058548525,0.11169999197591096,True,3800.449057533852
ECC+AES-256,500,1,97,0.030800001695752144,0.15010000788606703,0.11500000255182385,True,3800.449057533852
ECC+AES-256,500,1,98,0.03060000017285347,0.14600000577047467,0.112599998828955,True,3800.449057533852
ECC+AES-256,500,1,99,0.0295999925583601,0.17519999528303742,0.11649999942164868,True,3800.449057533852
ECC+AES-256,500,1,100,0.03369999467395246,0.14789999113418162,0.11340000492054969,True,3800.449057533852
ECC+AES-256,500,1,101,0.031100003980100155,0.1458999904571101,0.11160000576637685,True,3800.449057533852
ECC+AES-256,500,1,102,0.030199997127056122,0.14519999967887998,0.11160000576637685,True,3800.449057533852
ECC+AES-256,500,1,103,0.030399998649954796,0.1438000035705045,0.1117999927373603,True,3800.449057533852
ECC+AES-256,500,1,104,0.03060000017285347,0.14399999054148793,0.11160000576637685,True,3800.449057533852
ECC+AES-256,500,1,105,0.03060000017285347,0.15439999697264284,0.11170000652782619,True,3800.449057533852
ECC+AES-256,500,1,106,0.030499999411404133,0.1453000004403293,0.11169999197591096,True,3800.449057533852
ECC+AES-256,500,1,107,0.030499999411404133,0.14609999198000878,0.11249999806750566,True,3800.449057533852
ECC+AES-256,500,1,108,0.03029999788850546,0.1438999897800386,0.11180000728927553,True,3800.449057533852
ECC+AES-256,500,1,109,0.030399998649954796,0.14569998893421143,0.11350000568199903,True,3800.449057533852
ECC+AES-256,500,1,110,0.031100003980100155,0.1480999926570803,0.1137000072048977,True,3800.449057533852
ECC+AES-256,500,1,111,0.030099996365606785,0.1446999958716333,0.11209999502170831,True,3800.449057533852
ECC+AES-256,500,1,112,0.029600007110275328,0.1441999920643866,0.1112000027205795,True,3800.449057533852
ECC+AES-256,500,1,113,0.029999995604157448,0.1446999958716333,0.11340000492054969,True,3800.449057533852
ECC+AES-256,500,1,114,0.03060000017285347,0.1607999874977395,0.1154000055976212,True,3800.449057533852
ECC+AES-256,500,1,115,0.030199997127056122,0.14599999121855944,0.11229999654460698,True,3800.449057533852
ECC+AES-256,500,1,116,0.030099996365606785,0.14540000120177865,0.11300000187475234,True,3800.449057533852
ECC+AES-256,500,1,117,0.029999995604157448,0.14600000577047467,0.11220001033507288,True,3800.449057533852
ECC+AES-256,500,1,118,0.031100003980100155,0.1483000087318942,0.11280000035185367,True,3800.449057533852
ECC+AES-256,500,1,119,0.03090000245720148,0.14570000348612666,0.11230001109652221,True,3800.449057533852
ECC+AES-256,500,1,120,0.029699993319809437,0.14390000433195382,0.1117999927373603,True,3800.449057533852
ECC+AES-256,500,1,121,0.029999995604157448,0.14709999959450215,0.11529999028425664,True,3800.449057533852
ECC+AES-256,500,1,122,0.02989999484270811,0.14540000120177865,0.11239999730605632,True,3800.449057533852
ECC+AES-256,500,1,123,0.030499999411404133,0.14519999967887998,0.11150000500492752,True,3800.449057533852
ECC+AES-256,500,1,124,0.02950000634882599,0.14370000280905515,0.11310000263620168,True,3800.449057533852
ECC+AES-256,500,1,125,0.029499991796910763,0.1446999958716333,0.11239999730605632,True,3800.449057533852
ECC+AES-256,500,1,126,0.029999995604157448,0.14599999121855944,0.1134999911300838,True,3800.449057533852
ECC+AES-256,500,1,127,0.03029999788850546,0.14409999130293727,0.11209999502170831,True,3800.449057533852
ECC+AES-256,500,1,128,0.029600007110275328,0.1446999958716333,0.11229999654460698,True,3800.449057533852
ECC+AES-256,500,1,129,0.029999995604157448,0.14629999350290745,0.11280000035185367,True,3800.449057533852
ECC+AES-256,500,1,130,0.029799994081258774,0.14560000272467732,0.112900001113303,True,3800.449057533852
ECC+AES-256,500,1,131,0.02950000634882599,0.1453000004403293,0.11240001185797155,True,3800.449057533852
ECC+AES-256,500,1,132,0.030499999411404133,0.15740000526420772,0.1120000088121742,True,3800.449057533852
ECC+AES-256,500,1,133,0.029700007871724665,0.14269999519456178,0.11159999121446162,True,3800.449057533852
ECC+AES-256,500,1,134,0.02950000634882599,0.14470001042354852,0.11229999654460698,True,3800.449057533852
ECC+AES-256,500,1,135,0.02920000406447798,0.21859999105799943,0.13300000864546746,True,3800.449057533852
ECC+AES-256,500,1,136,0.04060000355821103,0.15730000450275838,0.11509998876135796,True,3800.449057533852
ECC+AES-256,500,1,137,0.03099998866673559,0.14659999578725547,0.11380000796634704,True,3800.449057533852
ECC+AES-256,500,1,138,0.030800001695752144,0.14590000500902534,0.11419999646022916,True,3800.449057533852
ECC+AES-256,500,1,139,0.030800001695752144,0.14749998808838427,0.11269999959040433,True,3800.449057533852
ECC+AES-256,500,1,140,0.0295999925583601,0.14350000128615648,0.11139998969156295,True,3800.449057533852
ECC+AES-256,500,1,141,0.02989999484270811,0.15190000704023987,0.1112000027205795,True,3800.449057533852
ECC+AES-256,500,1,142,0.031100003980100155,0.14879999798722565,0.11470000026747584,True,3800.449057533852
ECC+AES-256,500,1,143,0.030800001695752144,0.14549998741131276,0.11220001033507288,True,3800.449057533852
ECC+AES-256,500,1,144,0.0295999925583601,0.14489999739453197,0.11269999959040433,True,3800.449057533852
ECC+AES-256,500,1,145,0.029600007110275328,0.14570000348612666,0.11330000415910035,True,3800.449057533852
ECC+AES-256,500,1,146,0.029999995604157448,0.1449000119464472,0.11280000035185367,True,3800.449057533852
ECC+AES-256,500,1,147,0.02950000634882599,0.14609999198000878,0.11190000805072486,True,3800.449057533852
ECC+AES-256,500,1,148,0.030100010917522013,0.1444000081392005,0.11239999730605632,True,3800.449057533852
ECC+AES-256,500,1,149,0.02990000939462334,0.14549998741131276,0.11190000805072486,True,3800.449057533852
ECC+AES-256,500,1,150,0.030099996365606785,0.1807999942684546,0.12070000229869038,True,3800.449057533852
ECC+AES-256,500,1,151,0.032500000088475645,0.14650000957772136,0.11190000805072486,True,3800.449057533852
ECC+AES-256,500,1,152,0.029799994081258774,0.14519999967887998,0.11209999502170831,True,3800.449057533852
ECC+AES-256,500,1,153,0.02950000634882599,0.14549998741131276,0.11310000263620168,True,3800.449057533852
ECC+AES-256,500,1,154,0.030399998649954796,0.14679999731015414,0.11280000035185367,True,3800.449057533852
ECC+AES-256,500,1,155,0.029799994081258774,0.14679999731015414,0.11189999349880964,True,3800.449057533852
ECC+AES-256,500,1,156,0.029800008633174002,0.14630000805482268,0.11300000187475234,True,3800.449057533852
ECC+AES-256,500,1,157,0.02989999484270811,0.1478000049246475,0.11280000035185367,True,3800.449057533852
ECC+AES-256,500,1,158,0.031099989428184927,0.14740000187885016,0.11500000255182385,True,3800.449057533852
ECC+AES-256,500,1,159,0.03130000550299883,0.14460000966209918,0.11250001261942089,True,3800.449057533852
ECC+AES-256,500,1,160,0.030199997127056122,0.14439999358728528,0.11150000500492752,True,3800.449057533852
ECC+AES-256,500,1,161,0.030800001695752144,0.14569998893421143,0.11219999578315765,True,3800.449057533852
ECC+AES-256,500,1,162,0.029399991035461426,0.14509999891743064,0.11229999654460698,True,3800.449057533852
ECC+AES-256,500,1,163,0.030100010917522013,0.145500001963228,0.11239999730605632,True,3800.449057533852
ECC+AES-256,500,1,164,0.029600007110275328,0.1449000119464472,0.11280000035185367,True,3800.449057533852
ECC+AES-256,500,1,165,0.029399991035461426,0.14519999967887998,0.11129998893011361,True,3800.449057533852
ECC+AES-256,500,1,166,0.029100003303028643,0.14439999358728528,0.11159999121446162,True,3800.449057533852
ECC+AES-256,500,1,167,0.029799994081258774,0.1438000035705045,0.11169999197591096,True,3800.449057533852
ECC+AES-256,500,1,168,0.029800008633174002,0.15920000441838056,0.11229999654460698,True,3800.449057533852
ECC+AES-256,500,1,169,0.029199989512562752,0.14370000280905515,0.11269999959040433,True,3800.449057533852
ECC+AES-256,500,1,170,0.029400005587376654,0.14430000737775117,0.16320000577252358,True,3800.449057533852
ECC+AES-256,500,1,171,0.043400010326877236,0.16450000111944973,0.12190001143608242,True,3800.449057533852
ECC+AES-256,500,1,172,0.038300000596791506,0.15589999384246767,0.11579999409150332,True,3800.449057533852
ECC+AES-256,500,1,173,0.04579999949783087,0.14709999959450215,0.11580000864341855,True,3800.449057533852
ECC+AES-256,500,1,174,0.032500000088475645,0.14659999578725547,0.11360000644344836,True,3800.449057533852
ECC+AES-256,500,1,175,0.031100003980100155,0.15829999756533653,0.1162000116892159,True,3800.449057533852
ECC+AES-256,500,1,176,0.030800001695752144,0.14470001042354852,0.11170000652782619,True,3800.449057533852
ECC+AES-256,500,1,177,0.030700000934302807,0.14489999739453197,0.11280000035185367,True,3800.449057533852
ECC+AES-256,500,1,178,0.03060000017285347,0.1472000003559515,0.112900001113303,True,3800.449057533852
ECC+AES-256,500,1,179,0.030700000934302807,0.1475000026402995,0.11249999806750566,True,3800.449057533852
ECC+AES-256,500,1,180,0.030499999411404133,0.14659999578725547,0.11269999959040433,True,3800.449057533852
ECC+AES-256,500,1,181,0.03090000245720148,0.16630000027362257,0.11280000035185367,True,3800.449057533852
ECC+AES-256,500,1,182,0.030799987143836915,0.1453000004403293,0.11280000035185367,True,3800.449057533852
ECC+AES-256,500,1,183,0.030499999411404133,0.14540000120177865,0.11239999730605632,True,3800.449057533852
ECC+AES-256,500,1,184,0.03090000245720148,0.1463999942643568,0.112599998828955,True,3800.449057533852
ECC+AES-256,500,1,185,0.03069998638238758,0.14649999502580613,0.11220001033507288,True,3800.449057533852
ECC+AES-256,500,1,186,0.030700000934302807,0.14679999731015414,0.11399999493733048,True,3800.449057533852
ECC+AES-256,500,1,187,0.03099998866673559,0.14630000805482268,0.11269999959040433,True,3800.449057533852
ECC+AES-256,500,1,188,0.030399998649954796,0.1453000004403293,0.112599998828955,True,3800.449057533852
ECC+AES-256,500,1,189,0.0315000070258975,0.14519999967887998,0.11249999806750566,True,3800.449057533852
ECC+AES-256,500,1,190,0.03190001007169485,0.14679999731015414,0.11439999798312783,True,3800.449057533852
ECC+AES-256,500,1,191,0.03850000211969018,0.16070000128820539,0.11569999333005399,True,3800.449057533852
ECC+AES-256,500,1,192,0.03290000313427299,0.14960000407882035,0.11409999569877982,True,3800.449057533852
ECC+AES-256,500,1,193,0.03279998782090843,0.15360000543296337,0.1120000088121742,True,3800.449057533852
ECC+AES-256,500,1,194,0.03750000905711204,0.16379999578930438,0.11760000779759139,True,3800.449057533852
ECC+AES-256,500,1,195,0.032199997804127634,0.14930000179447234,0.11449999874457717,True,3800.449057533852
ECC+AES-256,500,1,196,0.030199997127056122,0.14599999121855944,0.11239999730605632,True,3800.449057533852
ECC+AES-256,500,1,197,0.03029999788850546,0.145500001963228,0.112599998828955,True,3800.449057533852
ECC+AES-256,500,1,198,0.030099996365606785,0.145800004247576,0.11220001033507288,True,3800.449057533852
ECC+AES-256,500,1,199,0.030099996365606785,0.1446999958716333,0.11280000035185367,True,3800.449057533852
ECC+AES-256,500,1,200,0.030300012440420687,0.14479999663308263,0.1120000088121742,True,3800.449057533852
ECC+AES-256,500,1,201,0.03060000017285347,0.1466999965487048,0.1137000072048977,True,3800.449057533852
ECC+AES-256,500,1,202,0.030799987143836915,0.1472000003559515,0.11330000415910035,True,3800.449057533852
ECC+AES-256,500,1,203,0.030499999411404133,0.14620000729337335,0.112599998828955,True,3800.449057533852
ECC+AES-256,500,1,204,0.03060000017285347,0.15630001144018024,0.112900001113303,True,3800.449057533852
ECC+AES-256,500,1,205,0.030099996365606785,0.14560000272467732,0.11190000805072486,True,3800.449057533852
ECC+AES-256,500,1,206,0.030499999411404133,0.14709999959450215,0.11330000415910035,True,3800.449057533852
ECC+AES-256,500,1,207,0.029999995604157448,0.14569998893421143,0.112599998828955,True,3800.449057533852
ECC+AES-256,500,1,208,0.031000003218650818,0.14629999350290745,0.11159999121446162,True,3800.449057533852
ECC+AES-256,500,1,209,0.02989999484270811,0.14369998825713992,0.11180000728927553,True,3800.449057533852
ECC+AES-256,500,1,210,0.03189999551977962,0.16110000433400273,0.11639999866019934,True,3800.449057533852
ECC+AES-256,500,1,211,0.03530000685714185,0.149200001033023,0.11340000492054969,True,3800.449057533852
ECC+AES-256,500,1,212,0.030899987905286252,0.14689999807160348,0.11180000728927553,True,3800.449057533852
ECC+AES-256,500,1,213,0.03220001235604286,0.14640000881627202,0.11220001033507288,True,3800.449057533852
ECC+AES-256,500,1,214,0.03239999932702631,0.145500001963228,0.1117999927373603,True,3800.449057533852
ECC+AES-256,500,1,215,0.03199999628122896,0.1453000004403293,0.11160000576637685,True,3800.449057533852
ECC+AES-256,500,1,216,0.04199999966658652,0.18229999113827944,0.11850000009872019,True,3800.449057533852
ECC+AES-256,500,1,217,0.03359999391250312,0.14740000187885016,0.11499998799990863,True,3800.449057533852
ECC+AES-256,500,1,218,0.030199997127056122,0.14540000120177865,0.11149999045301229,True,3800.449057533852
ECC+AES-256,500,1,219,0.030199997127056122,0.14649999502580613,0.11280000035185367,True,3800.449057533852
ECC+AES-256,500,1,220,0.02989999484270811,0.14609999198000878,0.11280000035185367,True,3800.449057533852
ECC+AES-256,500,1,221,0.029999995604157448,0.14540000120177865,0.11270001414231956,True,3800.449057533852
ECC+AES-256,500,1,222,0.02950000634882599,0.1449999981559813,0.11269999959040433,True,3800.449057533852
ECC+AES-256,500,1,223,0.02989999484270811,0.14570000348612666,0.11269999959040433,True,3800.449057533852
ECC+AES-256,500,1,224,0.031200004741549492,0.15829999756533653,0.11309998808428645,True,3800.449057533852
ECC+AES-256,500,1,225,0.029700007871724665,0.1466000103391707,0.11269999959040433,True,3800.449057533852
ECC+AES-256,500,1,226,0.02990000939462334,0.14630000805482268,0.11230001109652221,True,3800.449057533852
ECC+AES-256,500,1,227,0.030700000934302807,0.149200001033023,0.11350000568199903,True,3800.449057533852
ECC+AES-256,500,1,228,0.030300012440420687,0.14689999807160348,0.11180000728927553,True,3800.449057533852
ECC+AES-256,500,1,229,0.029799994081258774,0.145800004247576,0.11219999578315765,True,3800.449057533852
ECC+AES-256,500,1,230,0.029799994081258774,0.14509999891743064,0.11229999654460698,True,3800.449057533852
ECC+AES-256,500,1,231,0.0295999925583601,0.14590000500902534,0.11310000263620168,True,3800.449057533852
ECC+AES-256,500,1,232,0.02990000939462334,0.14869999722577631,0.1120000088121742,True,3800.449057533852
ECC+AES-256,500,1,233,0.029400005587376654,0.14489999739453197,0.11269999959040433,True,3800.449057533852
ECC+AES-256,500,1,234,0.029399991035461426,0.14350000128615648,0.11209999502170831,True,3800.449057533852
ECC+AES-256,500,1,235,0.0295999925583601,0.145500001963228,0.112599998828955,True,3800.449057533852
ECC+AES-256,500,1,236,0.029600007110275328,0.1449999981559813,0.11260001338087022,True,3800.449057533852
ECC+AES-256,500,1,237,0.02950000634882599,0.14439999358728528,0.11199999426025897,True,3800.449057533852
ECC+AES-256,500,1,238,0.029799994081258774,0.14409999130293727,0.11140000424347818,True,3800.449057533852
ECC+AES-256,500,1,239,0.02990000939462334,0.14539998664986342,0.112599998828955,True,3800.449057533852
ECC+AES-256,500,1,240,0.029799994081258774,0.14640000881627202,0.11220001033507288,True,3800.449057533852
ECC+AES-256,500,1,241,0.029100003303028643,0.1438999897800386,0.11280000035185367,True,3800.449057533852
ECC+AES-256,500,1,242,0.029399991035461426,0.14429999282583594,0.11249999806750566,True,3800.449057533852
ECC+AES-256,500,1,243,0.028800001018680632,0.14150000060908496,0.10859999747481197,True,3800.449057533852
ECC+AES-256,500,1,244,0.028599999495781958,0.14069999451749027,0.109200002043508,True,3800.449057533852
ECC+AES-256,500,1,245,0.028299997211433947,0.1396000006934628,0.10789999214466661,True,3800.449057533852
ECC+AES-256,500,1,246,0.02850001328624785,0.20170000789221376,0.11229999654460698,True,3800.449057533852
ECC+AES-256,500,1,247,0.03399999695830047,0.14599999121855944,0.11049999739043415,True,3800.449057533852
ECC+AES-256,500,1,248,0.0295999925583601,0.15589999384246767,0.11049999739043415,True,3800.449057533852
ECC+AES-256,500,1,249,0.02890000178012997,0.14059999375604093,0.10900000052060932,True,3800.449057533852
ECC+AES-256,500,1,250,0.028800001018680632,0.14119999832473695,0.10959999053739011,True,3800.449057533852
ECC+AES-256,500,1,251,0.028700000257231295,0.14109999756328762,0.1083999959519133,True,3800.449057533852
ECC+AES-256,500,1,252,0.028799986466765404,0.14170000213198364,0.11049999739043415,True,3800.449057533852
ECC+AES-256,500,1,253,0.029000002541579306,0.13970000145491213,0.10809999366756529,True,3800.449057533852
ECC+AES-256,500,1,254,0.02819999644998461,0.1396000006934628,0.10970000585075468,True,3800.449057533852
ECC+AES-256,500,1,255,0.02849999873433262,0.14090001059230417,0.10949998977594078,True,3800.449057533852
ECC+AES-256,500,1,256,0.02950000634882599,0.14159998681861907,0.10990000737365335,True,3800.449057533852
ECC+AES-256,500,1,257,0.029300004825927317,0.15330000314861536,0.11229999654460698,True,3800.449057533852
ECC+AES-256,500,1,258,0.028800001018680632,0.14109999756328762,0.10849999671336263,True,3800.449057533852
ECC+AES-256,500,1,259,0.029100003303028643,0.1421999913873151,0.10989999282173812,True,3800.449057533852
ECC+AES-256,500,1,260,0.028800001018680632,0.14139999984763563,0.10919998749159276,True,3800.449057533852
ECC+AES-256,500,1,261,0.028700000257231295,0.14050000754650682,0.10939998901449144,True,3800.449057533852
ECC+AES-256,500,1,262,0.029600007110275328,0.14069999451749027,0.10879999899771065,True,3800.449057533852
ECC+AES-256,500,1,263,0.028599999495781958,0.1412999990861863,0.109200002043508,True,3800.449057533852
ECC+AES-256,500,1,264,0.028700000257231295,0.14740000187885016,0.11049999739043415,True,3800.449057533852
ECC+AES-256,500,1,265,0.029000002541579306,0.14199998986441642,0.10980000661220402,True,3800.449057533852
ECC+AES-256,500,1,266,0.029000002541579306,0.15369999164249748,0.11249999806750566,True,3800.449057533852
ECC+AES-256,500,1,267,0.029000002541579306,0.14139999984763563,0.10910000128205866,True,3800.449057533852
ECC+AES-256,500,1,268,0.02950000634882599,0.14119999832473695,0.10889999975915998,True,3800.449057533852
ECC+AES-256,500,1,269,0.02920000406447798,0.14019999071024358,0.10900000052060932,True,3800.449057533852
ECC+AES-256,500,1,270,0.028999987989664078,0.14000000373926014,0.1075999898603186,True,3800.449057533852
ECC+AES-256,500,1,271,0.028599999495781958,0.14050000754650682,0.10809999366756529,True,3800.449057533852
ECC+AES-256,500,1,272,0.02890000178012997,0.1379000023007393,0.10800000745803118,True,3800.449057533852
ECC+AES-256,500,1,273,0.028800001018680632,0.14040000678505749,0.11310000263620168,True,3800.449057533852
ECC+AES-256,500,1,274,0.02849999873433262,0.13949999993201345,0.1083999959519133,True,3800.449057533852
ECC+AES-256,500,1,275,0.02890000178012997,0.14959998952690512,0.10900000052060932,True,3800.449057533852
ECC+AES-256,500,1,276,0.028399997972883284,0.14000000373926014,0.10849999671336263,True,3800.449057533852
ECC+AES-256,500,1,277,0.028599999495781958,0.14060000830795616,0.10859999747481197,True,3800.449057533852
ECC+AES-256,500,1,278,0.028599999495781958,0.13939999917056412,0.10859999747481197,True,3800.449057533852
ECC+AES-256,500,1,279,0.028299997211433947,0.14010000450070947,0.14939998800400645,True,3800.449057533852
ECC+AES-256,500,1,280,0.058999998145736754,0.20120000408496708,0.12409999908413738,True,3800.449057533852
ECC+AES-256,500,1,281,0.04709999484475702,0.18010000349022448,0.1326000055996701,True,3800.449057533852
ECC+AES-256,500,1,282,0.04990000161342323,0.18620000628288835,0.12250000145286322,True,3800.449057533852
ECC+AES-256,500,1,283,0.0354999938281253,0.15549999079667032,0.11539999104570597,True,3800.449057533852
ECC+AES-256,500,1,284,0.03139999171253294,0.1475000026402995,0.11260001338087022,True,3800.449057533852
ECC+AES-256,500,1,285,0.031100003980100155,0.14590000500902534,0.11110000195913017,True,3800.449057533852
ECC+AES-256,500,1,286,0.02989999484270811,0.14279999595601112,0.10979999206028879,True,3800.449057533852
ECC+AES-256,500,1,287,0.03259998629800975,0.14820000797044486,0.10990000737365335,True,3800.449057533852
ECC+AES-256,500,1,288,0.03169999399688095,0.14479999663308263,0.10979999206028879,True,3800.449057533852
ECC+AES-256,500,1,289,0.029799994081258774,0.14340000052470714,0.11019999510608613,True,3800.449057533852
ECC+AES-256,500,1,290,0.02990000939462334,0.142700009746477,0.10930000280495733,True,3800.449057533852
ECC+AES-256,500,1,291,0.029199989512562752,0.14170000213198364,0.10989999282173812,True,3800.449057533852
ECC+AES-256,500,1,292,0.051099996198900044,0.19049999536946416,0.12119999155402184,True,3800.449057533852
ECC+AES-256,500,1,293,0.044500004150904715,0.18960000306833535,0.12310000602155924,True,3800.449057533852
ECC+AES-256,500,1,294,0.03310000465717167,0.15419999544974416,0.11610001092776656,True,3800.449057533852
ECC+AES-256,500,1,295,0.0315000070258975,0.15249999705702066,0.11439999798312783,True,3800.449057533852
ECC+AES-256,500,1,296,0.02989999484270811,0.14619999274145812,0.11130000348202884,True,3800.449057533852
ECC+AES-256,500,1,297,0.02920000406447798,0.1432999997632578,0.11110000195913017,True,3800.449057533852
ECC+AES-256,500,1,298,0.028599999495781958,0.1410000113537535,0.1086000120267272,True,3800.449057533852
ECC+AES-256,500,1,299,0.028300011763349175,0.14090001059230417,0.1086000120267272,True,3800.449057533852
ECC+AES-256,500,1,300,0.029000002541579306,0.14619999274145812,0.11350000568199903,True,3800.449057533852
ECC+AES-256,500,1,301,0.029399991035461426,0.14859999646432698,0.11269999959040433,True,3800.449057533852
ECC+AES-256,500,1,302,0.029000002541579306,0.14519999967887998,0.11249999806750566,True,3800.449057533852
ECC+AES-256,500,1,303,0.029000002541579306,0.1449999981559813,0.11340000492054969,True,3800.449057533852
ECC+AES-256,500,1,304,0.029100003303028643,0.14570000348612666,0.112599998828955,True,3800.449057533852
ECC+AES-256,500,1,305,0.027999994927085936,0.14059999375604093,0.10889999975915998,True,3800.449057533852
ECC+AES-256,500,1,306,0.02780000795610249,0.14010000450070947,0.10849999671336263,True,3800.449057533852
ECC+AES-256,500,1,307,0.0295999925583601,0.16209999739658087,0.11320000339765102,True,3800.449057533852
ECC+AES-256,500,1,308,0.029699993319809437,0.14449999434873462,0.1100999943446368,True,3800.449057533852
ECC+AES-256,500,1,309,0.02850001328624785,0.15100000018719584,0.10979999206028879,True,3800.449057533852
ECC+AES-256,500,1,310,0.028299997211433947,0.142400007462129,0.10889999975915998,True,3800.449057533852
ECC+AES-256,500,1,311,0.02819999644998461,0.14279999595601112,0.10940000356640667,True,3800.449057533852
ECC+AES-256,500,1,312,0.02849999873433262,0.142400007462129,0.10960000508930534,True,3800.449057533852
ECC+AES-256,500,1,313,0.02819999644998461,0.14099999680183828,0.1112000027205795,True,3800.449057533852
ECC+AES-256,500,1,314,0.030700000934302807,0.14619999274145812,0.1109000004362315,True,3800.449057533852
ECC+AES-256,500,1,315,0.028299997211433947,0.14060000830795616,0.10889999975915998,True,3800.449057533852
ECC+AES-256,500,1,316,0.02819999644998461,0.14069999451749027,0.10869999823626131,True,3800.449057533852
ECC+AES-256,500,1,317,0.028800001018680632,0.14700001338496804,0.10990000737365335,True,3800.449057533852
ECC+AES-256,500,1,318,0.027999994927085936,0.14119999832473695,0.10829999519046396,True,3800.449057533852
ECC+AES-256,500,1,319,0.029099988751113415,0.1419000036548823,0.10869999823626131,True,3800.449057533852
ECC+AES-256,500,1,320,0.02890000178012997,0.14230000670067966,0.1092999882530421,True,3800.449057533852
ECC+AES-256,500,1,321,0.02890000178012997,0.14149998605716974,0.10800000745803118,True,3800.449057533852
ECC+AES-256,500,1,322,0.028599999495781958,0.14090001059230417,0.1092999882530421,True,3800.449057533852
ECC+AES-256,500,1,323,0.02849999873433262,0.14069999451749027,0.10960000508930534,True,3800.449057533852
ECC+AES-256,500,1,324,0.028299997211433947,0.14069999451749027,0.10949998977594078,True,3800.449057533852
ECC+AES-256,500,1,325,0.028099995688535273,0.14089999604038894,0.10949998977594078,True,3800.449057533852
ECC+AES-256,500,1,326,0.028399997972883284,0.152299995534122,0.10990000737365335,True,3800.449057533852
ECC+AES-256,500,1,327,0.027999994927085936,0.14089999604038894,0.10879999899771065,True,3800.449057533852
ECC+AES-256,500,1,328,0.028700000257231295,0.14200000441633165,0.10930000280495733,True,3800.449057533852
ECC+AES-256,500,1,329,0.027999994927085936,0.14030000602360815,0.10849999671336263,True,3800.449057533852
ECC+AES-256,500,1,330,0.028300011763349175,0.14119999832473695,0.109500004327856,True,3800.449057533852
ECC+AES-256,500,1,331,0.02780000795610249,0.14090001059230417,0.11000000813510269,True,3800.449057533852
ECC+AES-256,500,1,332,0.029699993319809437,0.14370000280905515,0.1103000104194507,True,3800.449057533852
ECC+AES-256,500,1,333,0.029499991796910763,0.14039999223314226,0.10820000898092985,True,3800.449057533852
ECC+AES-256,500,1,334,0.0278999941656366,0.15940000594127923,0.11029999586753547,True,3800.449057533852
ECC+AES-256,500,1,335,0.029100003303028643,0.1542999962111935,0.11209999502170831,True,3800.449057533852
ECC+AES-256,500,1,336,0.027999994927085936,0.14230000670067966,0.10850001126527786,True,3800.449057533852
ECC+AES-256,500,1,337,0.027600006433203816,0.13939999917056412,0.10820000898092985,True,3800.449057533852
ECC+AES-256,500,1,338,0.028000009479001164,0.1399000029778108,0.10760000441223383,True,3800.449057533852
ECC+AES-256,500,1,339,0.027699992642737925,0.14089999604038894,0.10930000280495733,True,3800.449057533852
ECC+AES-256,500,1,340,0.027799993404187262,0.17090000619646162,0.1103000104194507,True,3800.449057533852
ECC+AES-256,500,1,341,0.03020001167897135,0.14200000441633165,0.10979999206028879,True,3800.449057533852
ECC+AES-256,500,1,342,0.028599999495781958,0.14390000433195382,0.11020000965800136,True,3800.449057533852
ECC+AES-256,500,1,343,0.028099995688535273,0.14179998834151775,0.10990000737365335,True,3800.449057533852
ECC+AES-256,500,1,344,0.028299997211433947,0.14600000577047467,0.109500004327856,True,3800.449057533852
ECC+AES-256,500,1,345,0.02850001328624785,0.142400007462129,0.10909998673014343,True,3800.449057533852
ECC+AES-256,500,1,346,0.027999994927085936,0.14069999451749027,0.10859999747481197,True,3800.449057533852
ECC+AES-256,500,1,347,0.027799993404187262,0.1412999990861863,0.10910000128205866,True,3800.449057533852
ECC+AES-256,500,1,348,0.027700007194653153,0.1407000090694055,0.10960000508930534,True,3800.449057533852
ECC+AES-256,500,1,349,0.028000009479001164,0.14060000830795616,0.10999999358318746,True,3800.449057533852
ECC+AES-256,500,1,350,0.02989999484270811,0.14519999967887998,0.11180000728927553,True,3800.449057533852
ECC+AES-256,500,1,351,0.03029999788850546,0.14210000517778099,0.10889999975915998,True,3800.449057533852
ECC+AES-256,500,1,352,0.02849999873433262,0.14289999671746045,0.10939998901449144,True,3800.449057533852
ECC+AES-256,500,1,353,0.028299997211433947,0.14879999798722565,0.10930000280495733,True,3800.449057533852
ECC+AES-256,500,1,354,0.0278999941656366,0.1416000013705343,0.10849999671336263,True,3800.449057533852
ECC+AES-256,500,1,355,0.0278999941656366,0.14139999984763563,0.10910000128205866,True,3800.449057533852
ECC+AES-256,500,1,356,0.027999994927085936,0.14150000060908496,0.10930000280495733,True,3800.449057533852
ECC+AES-256,500,1,357,0.027999994927085936,0.14030000602360815,0.10859999747481197,True,3800.449057533852
ECC+AES-256,500,1,358,0.028299997211433947,0.14189998910296708,0.10990000737365335,True,3800.449057533852
ECC+AES-256,500,1,359,0.027900008717551827,0.14010000450070947,0.10879999899771065,True,3800.449057533852
ECC+AES-256,500,1,360,0.028800001018680632,0.14319999900180846,0.10940000356640667,True,3800.449057533852
ECC+AES-256,500,1,361,0.0278999941656366,0.14089999604038894,0.10889999975915998,True,3800.449057533852
ECC+AES-256,500,1,362,0.028400012524798512,0.15430001076310873,0.11029999586753547,True,3800.449057533852
ECC+AES-256,500,1,363,0.02820001100189984,0.1399000029778108,0.10940000356640667,True,3800.449057533852
ECC+AES-256,500,1,364,0.02819999644998461,0.142400007462129,0.109200002043508,True,3800.449057533852
ECC+AES-256,500,1,365,0.02819999644998461,0.14059999375604093,0.10869999823626131,True,3800.449057533852
ECC+AES-256,500,1,366,0.028000009479001164,0.14090001059230417,0.10960000508930534,True,3800.449057533852
ECC+AES-256,500,1,367,0.02819999644998461,0.14019999071024358,0.109200002043508,True,3800.449057533852
ECC+AES-256,500,1,368,0.028099995688535273,0.14060000830795616,0.10900000052060932,True,3800.449057533852
ECC+AES-256,500,1,369,0.0278999941656366,0.13949999993201345,0.10939998901449144,True,3800.449057533852
ECC+AES-256,500,1,370,0.027799993404187262,0.14059999375604093,0.10960000508930534,True,3800.449057533852
ECC+AES-256,500,1,371,0.028099995688535273,0.195699991309084,0.12440000136848539,True,3800.449057533852
ECC+AES-256,500,1,372,0.03170000854879618,0.14840000949334353,0.11140000424347818,True,3800.449057533852
ECC+AES-256,500,1,373,0.029099988751113415,0.14220000593923032,0.10960000508930534,True,3800.449057533852
ECC+AES-256,500,1,374,0.028399997972883284,0.14109999756328762,0.15159999020397663,True,3800.449057533852
ECC+AES-256,500,1,375,0.036600002204068005,0.1505999971413985,0.11160000576637685,True,3800.449057533852
ECC+AES-256,500,1,376,0.028700000257231295,0.1438000035705045,0.1100999943446368,True,3800.449057533852
ECC+AES-256,500,1,377,0.02849999873433262,0.14200000441633165,0.11019999510608613,True,3800.449057533852
ECC+AES-256,500,1,378,0.028800001018680632,0.14039999223314226,0.109500004327856,True,3800.449057533852
ECC+AES-256,500,1,379,0.028599999495781958,0.15300000086426735,0.11280000035185367,True,3800.449057533852
ECC+AES-256,500,1,380,0.02920000406447798,0.1412999990861863,0.10899998596869409,True,3800.449057533852
ECC+AES-256,500,1,381,0.027799993404187262,0.14040000678505749,0.10900000052060932,True,3800.449057533852
ECC+AES-256,500,1,382,0.049299997044727206,0.18270000873599201,0.12070000229869038,True,3800.449057533852
ECC+AES-256,500,1,383,0.03290000313427299,0.14910000027157366,0.11079999967478216,True,3800.449057533852
ECC+AES-256,500,1,384,0.028399997972883284,0.14369998825713992,0.11010000889655203,True,3800.449057533852
ECC+AES-256,500,1,385,0.028399997972883284,0.14319999900180846,0.1100999943446368,True,3800.449057533852
ECC+AES-256,500,1,386,0.02849999873433262,0.14229999214876443,0.10900000052060932,True,3800.449057533852
ECC+AES-256,500,1,387,0.028800001018680632,0.15469999925699085,0.11150000500492752,True,3800.449057533852
ECC+AES-256,500,1,388,0.028299997211433947,0.14239999291021377,0.10969999129883945,True,3800.449057533852
ECC+AES-256,500,1,389,0.02819999644998461,0.1412999990861863,0.10969999129883945,True,3800.449057533852
ECC+AES-256,500,1,390,0.02849999873433262,0.1419000036548823,0.109200002043508,True,3800.449057533852
ECC+AES-256,500,1,391,0.027799993404187262,0.14229999214876443,0.11039999662898481,True,3800.449057533852
ECC+AES-256,500,1,392,0.030000010156072676,0.14460000966209918,0.10940000356640667,True,3800.449057533852
ECC+AES-256,500,1,393,0.02890000178012997,0.1421999913873151,0.10960000508930534,True,3800.449057533852
ECC+AES-256,500,1,394,0.02890000178012997,0.14239999291021377,0.10940000356640667,True,3800.449057533852
ECC+AES-256,500,1,395,0.028300011763349175,0.1416000013705343,0.10889999975915998,True,3800.449057533852
ECC+AES-256,500,1,396,0.027999994927085936,0.14489999739453197,0.10859999747481197,True,3800.449057533852
ECC+AES-256,500,1,397,0.027999994927085936,0.14239999291021377,0.10999999358318746,True,3800.449057533852
ECC+AES-256,500,1,398,0.028099995688535273,0.1407999952789396,0.10869999823626131,True,3800.449057533852
ECC+AES-256,500,1,399,0.028300011763349175,0.1410000113537535,0.11000000813510269,True,3800.449057533852
ECC+AES-256,500,1,400,0.027600006433203816,0.1412999990861863,0.10960000508930534,True,3800.449057533852
ECC+AES-256,500,1,401,0.028099995688535273,0.14159998681861907,0.10820000898092985,True,3800.449057533852
ECC+AES-256,500,1,402,0.028000009479001164,0.14000000373926014,0.10869999823626131,True,3800.449057533852
ECC+AES-256,500,1,403,0.027700007194653153,0.13919999764766544,0.10879999899771065,True,3800.449057533852
ECC+AES-256,500,1,404,0.028800001018680632,0.14290001126937568,0.11020000965800136,True,3800.449057533852
ECC+AES-256,500,1,405,0.02849999873433262,0.1517000055173412,0.109200002043508,True,3800.449057533852
ECC+AES-256,500,1,406,0.027700007194653153,0.14060000830795616,0.14080000983085483,True,3800.449057533852
ECC+AES-256,500,1,407,0.030099996365606785,0.14379998901858926,0.11000000813510269,True,3800.449057533852
ECC+AES-256,500,1,408,0.028099995688535273,0.13980000221636146,0.10879999899771065,True,3800.449057533852
ECC+AES-256,500,1,409,0.027799993404187262,0.14089999604038894,0.10869999823626131,True,3800.449057533852
ECC+AES-256,500,1,410,0.028399997972883284,0.1421999913873151,0.11010000889655203,True,3800.449057533852
ECC+AES-256,500,1,411,0.027999994927085936,0.1404999929945916,0.109200002043508,True,3800.449057533852
ECC+AES-256,500,1,412,0.028700000257231295,0.14109999756328762,0.1078000059351325,True,3800.449057533852
ECC+AES-256,500,1,413,0.028800001018680632,0.1404999929945916,0.109500004327856,True,3800.449057533852
ECC+AES-256,500,1,414,0.028299997211433947,0.14220000593923032,0.1086000120267272,True,3800.449057533852
ECC+AES-256,500,1,415,0.028099995688535273,0.14159998681861907,0.10910000128205866,True,3800.449057533852
ECC+AES-256,500,1,416,0.028599999495781958,0.1416000013705343,0.10959999053739011,True,3800.449057533852
ECC+AES-256,500,1,417,0.028600014047697186,0.1429999974789098,0.11010000889655203,True,3800.449057533852
ECC+AES-256,500,1,418,0.02890000178012997,0.1419000036548823,0.10970000585075468,True,3800.449057533852
ECC+AES-256,500,1,419,0.028299997211433947,0.14099999680183828,0.10879999899771065,True,3800.449057533852
ECC+AES-256,500,1,420,0.028800001018680632,0.14099999680183828,0.109500004327856,True,3800.449057533852
ECC+AES-256,500,1,421,0.0278999941656366,0.1412999990861863,0.10910000128205866,True,3800.449057533852
ECC+AES-256,500,1,422,0.029400005587376654,0.15500000154133886,0.11160000576637685,True,3800.449057533852
ECC+AES-256,500,1,423,0.028800001018680632,0.14089999604038894,0.10889999975915998,True,3800.449057533852
ECC+AES-256,500,1,424,0.02819999644998461,0.13939999917056412,0.10869999823626131,True,3800.449057533852
ECC+AES-256,500,1,425,0.027999994927085936,0.14139999984763563,0.10989999282173812,True,3800.449057533852
ECC+AES-256,500,1,426,0.028000009479001164,0.14050000754650682,0.10879999899771065,True,3800.449057533852
ECC+AES-256,500,1,427,0.027900008717551827,0.14109999756328762,0.10819999442901462,True,3800.449057533852
ECC+AES-256,500,1,428,0.027799993404187262,0.14099999680183828,0.10900000052060932,True,3800.449057533852
ECC+AES-256,500,1,429,0.0281000102404505,0.1416000013705343,0.10970000585075468,True,3800.449057533852
ECC+AES-256,500,1,430,0.027799993404187262,0.14069999451749027,0.10940000356640667,True,3800.449057533852
ECC+AES-256,500,1,431,0.028099995688535273,0.14399999054148793,0.11019999510608613,True,3800.449057533852
ECC+AES-256,500,1,432,0.028099995688535273,0.14059999375604093,0.10889999975915998,True,3800.449057533852
ECC+AES-256,500,1,433,0.027700007194653153,0.14209999062586576,0.10910000128205866,True,3800.449057533852
ECC+AES-256,500,1,434,0.027599991881288588,0.14109999756328762,0.10889999975915998,True,3800.449057533852
ECC+AES-256,500,1,435,0.02820001100189984,0.14110001211520284,0.10869999823626131,True,3800.449057533852
ECC+AES-256,500,1,436,0.0278999941656366,0.14099999680183828,0.10910000128205866,True,3800.449057533852
ECC+AES-256,500,1,437,0.027900008717551827,0.1407000090694055,0.109200002043508,True,3800.449057533852
ECC+AES-256,500,1,438,0.02780000795610249,0.14170000213198364,0.10940000356640667,True,3800.449057533852
ECC+AES-256,500,1,439,0.028000009479001164,0.14060000830795616,0.10879999899771065,True,3800.449057533852
ECC+AES-256,500,1,440,0.031799994758330286,0.1508999994257465,0.1112000027205795,True,3800.449057533852
ECC+AES-256,500,1,441,0.02989999484270811,0.14370000280905515,0.10999999358318746,True,3800.449057533852
ECC+AES-256,500,1,442,0.028700000257231295,0.14139999984763563,0.10869999823626131,True,3800.449057533852
ECC+AES-256,500,1,443,0.02819999644998461,0.14099999680183828,0.10869999823626131,True,3800.449057533852
ECC+AES-256,500,1,444,0.0281000102404505,0.14120001287665218,0.10930000280495733,True,3800.449057533852
ECC+AES-256,500,1,445,0.02819999644998461,0.14069999451749027,0.11049999739043415,True,3800.449057533852
ECC+AES-256,500,1,446,0.028099995688535273,0.14090001059230417,0.10869999823626131,True,3800.449057533852
ECC+AES-256,500,1,447,0.028300011763349175,0.14210000517778099,0.11069999891333282,True,3800.449057533852
ECC+AES-256,500,1,448,0.028099995688535273,0.1412999990861863,0.10900000052060932,True,3800.449057533852
ECC+AES-256,500,1,449,0.028099995688535273,0.15069999790284783,0.10889999975915998,True,3800.449057533852
ECC+AES-256,500,1,450,0.0281000102404505,0.14210000517778099,0.10879999899771065,True,3800.449057533852
ECC+AES-256,500,1,451,0.02849999873433262,0.142400007462129,0.10879999899771065,True,3800.449057533852
ECC+AES-256,500,1,452,0.02819999644998461,0.14279999595601112,0.10960000508930534,True,3800.449057533852
ECC+AES-256,500,1,453,0.027699992642737925,0.14200000441633165,0.10939998901449144,True,3800.449057533852
ECC+AES-256,500,1,454,0.028599999495781958,0.14050000754650682,0.10910000128205866,True,3800.449057533852
ECC+AES-256,500,1,455,0.0278999941656366,0.14069999451749027,0.10910000128205866,True,3800.449057533852
ECC+AES-256,500,1,456,0.0278999941656366,0.14150000060908496,0.10889999975915998,True,3800.449057533852
ECC+AES-256,500,1,457,0.028599999495781958,0.14200000441633165,0.11160000576637685,True,3800.449057533852
ECC+AES-256,500,1,458,0.029400005587376654,0.15220000932458788,0.11079999967478216,True,3800.449057533852
ECC+AES-256,500,1,459,0.02929999027401209,0.14119999832473695,0.10879999899771065,True,3800.449057533852
ECC+AES-256,500,1,460,0.027900008717551827,0.13939999917056412,0.10830000974237919,True,3800.449057533852
ECC+AES-256,500,1,461,0.027699992642737925,0.13889999536331743,0.10889999975915998,True,3800.449057533852
ECC+AES-256,500,1,462,0.028099995688535273,0.14010000450070947,0.10980000661220402,True,3800.449057533852
ECC+AES-256,500,1,463,0.027699992642737925,0.14010000450070947,0.10889999975915998,True,3800.449057533852
ECC+AES-256,500,1,464,0.0278999941656366,0.14069999451749027,0.10930000280495733,True,3800.449057533852
ECC+AES-256,500,1,465,0.02780000795610249,0.1416000013705343,0.10989999282173812,True,3800.449057533852
ECC+AES-256,500,1,466,0.027999994927085936,0.1396000006934628,0.10879999899771065,True,3800.449057533852
ECC+AES-256,500,1,467,0.02849999873433262,0.15220000932458788,0.11269999959040433,True,3800.449057533852
ECC+AES-256,500,1,468,0.0281000102404505,0.14109999756328762,0.10900000052060932,True,3800.449057533852
ECC+AES-256,500,1,469,0.028299997211433947,0.14109999756328762,0.10869999823626131,True,3800.449057533852
ECC+AES-256,500,1,470,0.02849999873433262,0.14200000441633165,0.10889999975915998,True,3800.449057533852
ECC+AES-256,500,1,471,0.028099995688535273,0.1407999952789396,0.10970000585075468,True,3800.449057533852
ECC+AES-256,500,1,472,0.027999994927085936,0.14050000754650682,0.10940000356640667,True,3800.449057533852
ECC+AES-256,500,1,473,0.028399997972883284,0.1424999936716631,0.16460000188089907,True,3800.449057533852
ECC+AES-256,500,1,474,0.0670000008540228,0.21129999367985874,0.12450000212993473,True,3800.449057533852
ECC+AES-256,500,1,475,0.04639998951461166,0.18420000560581684,0.11969999468419701,True,3800.449057533852
ECC+AES-256,500,1,476,0.03189999551977962,0.14989999181125313,0.11249999806750566,True,3800.449057533852
ECC+AES-256,500,1,477,0.02929999027401209,0.14340000052470714,0.1100999943446368,True,3800.449057533852
ECC+AES-256,500,1,478,0.028299997211433947,0.1421999913873151,0.109200002043508,True,3800.449057533852
ECC+AES-256,500,1,479,0.028399997972883284,0.14150000060908496,0.10939998901449144,True,3800.449057533852
ECC+AES-256,500,1,480,0.027999994927085936,0.14210000517778099,0.10960000508930534,True,3800.449057533852
ECC+AES-256,500,1,481,0.028599999495781958,0.14319999900180846,0.10969999129883945,True,3800.449057533852
ECC+AES-256,500,1,482,0.028700000257231295,0.14489999739453197,0.11110000195913017,True,3800.449057533852
ECC+AES-256,500,1,483,0.028299997211433947,0.15409999468829483,0.10940000356640667,True,3800.449057533852
ECC+AES-256,500,1,484,0.028300011763349175,0.1407000090694055,0.10930000280495733,True,3800.449057533852
ECC+AES-256,500,1,485,0.027600006433203816,0.1399999891873449,0.10869999823626131,True,3800.449057533852
ECC+AES-256,500,1,486,0.0278999941656366,0.15609999536536634,0.10889999975915998,True,3800.449057533852
ECC+AES-256,500,1,487,0.029000002541579306,0.14180000289343297,0.10869999823626131,True,3800.449057533852
ECC+AES-256,500,1,488,0.0278999941656366,0.14050000754650682,0.10879999899771065,True,3800.449057533852
ECC+AES-256,500,1,489,0.028299997211433947,0.1412999990861863,0.10949998977594078,True,3800.449057533852
ECC+AES-256,500,1,490,0.028000009479001164,0.14250000822357833,0.10910000128205866,True,3800.449057533852
ECC+AES-256,500,1,491,0.028299997211433947,0.14109999756328762,0.10919998749159276,True,3800.449057533852
ECC+AES-256,500,1,492,0.027999994927085936,0.15570000687148422,0.11269999959040433,True,3800.449057533852
ECC+AES-256,500,1,493,0.028099995688535273,0.14000000373926014,0.10889999975915998,True,3800.449057533852
ECC+AES-256,500,1,494,0.0281000102404505,0.14170000213198364,0.109500004327856,True,3800.449057533852
ECC+AES-256,500,1,495,0.028099995688535273,0.14109999756328762,0.10869999823626131,True,3800.449057533852
ECC+AES-256,500,1,496,0.028099995688535273,0.14119999832473695,0.10879999899771065,True,3800.449057533852
ECC+AES-256,500,1,497,0.027999994927085936,0.1407999952789396,0.109200002043508,True,3800.449057533852
ECC+AES-256,500,1,498,0.027999994927085936,0.1424999936716631,0.10940000356640667,True,3800.449057533852
ECC+AES-256,500,1,499,0.02780000795610249,0.14019999071024358,0.10900000052060932,True,3800.449057533852
ECC+AES-256,500,1,500,0.028299997211433947,0.1407000090694055,0.10840001050382853,True,3800.449057533852
ECC+AES-256,500,2,1,6.87320000724867,2.006700000492856,0.23990000772755593,True,3857.3907176497914
ECC+AES-256,500,2,2,0.04959999932907522,0.1875000016298145,0.12909999350085855,True,3857.3907176497914
ECC+AES-256,500,2,3,0.03680000372696668,0.15690000145696104,0.1205000007757917,True,3857.3907176497914
ECC+AES-256,500,2,4,0.0320999970426783,0.1568000006955117,0.11700000322889537,True,3857.3907176497914
ECC+AES-256,500,2,5,0.030499999411404133,0.14869999722577631,0.11860000086016953,True,3857.3907176497914
ECC+AES-256,500,2,6,0.032199997804127634,0.14699999883305281,0.11749999248422682,True,3857.3907176497914
ECC+AES-256,500,2,7,0.030700000934302807,0.1472000003559515,0.11629999789875001,True,3857.3907176497914
ECC+AES-256,500,2,8,0.030199997127056122,0.14459999511018395,0.11389999417588115,True,3857.3907176497914
ECC+AES-256,500,2,9,0.029400005587376654,0.1416000013705343,0.11310000263620168,True,3857.3907176497914
ECC+AES-256,500,2,10,0.029999995604157448,0.14150000060908496,0.11300000187475234,True,3857.3907176497914
ECC+AES-256,500,2,11,0.030700000934302807,0.15330000314861536,0.1379999885102734,True,3857.3907176497914
ECC+AES-256,500,2,12,0.03189999551977962,0.14599999121855944,0.11419999646022916,True,3857.3907176497914
ECC+AES-256,500,2,13,0.029700007871724665,0.14250000822357833,0.112599998828955,True,3857.3907176497914
ECC+AES-256,500,2,14,0.029799994081258774,0.1438999897800386,0.11350000568199903,True,3857.3907176497914
ECC+AES-256,500,2,15,0.029700007871724665,0.14390000433195382,0.11379999341443181,True,3857.3907176497914
ECC+AES-256,500,2,16,0.02920000406447798,0.1424999936716631,0.11730000551324338,True,3857.3907176497914
ECC+AES-256,500,2,17,0.029799994081258774,0.1436000020476058,0.11330000415910035,True,3857.3907176497914
ECC+AES-256,500,2,18,0.029600007110275328,0.14199998986441642,0.112599998828955,True,3857.3907176497914
ECC+AES-256,500,2,19,0.029699993319809437,0.14969999028835446,0.11190000805072486,True,3857.3907176497914
ECC+AES-256,500,2,20,0.029100003303028643,0.14259999443311244,0.11239999730605632,True,3857.3907176497914
ECC+AES-256,500,2,21,0.029699993319809437,0.14170000213198364,0.11329998960718513,True,3857.3907176497914
ECC+AES-256,500,2,22,0.029399991035461426,0.14259999443311244,0.11320000339765102,True,3857.3907176497914
ECC+AES-256,500,2,23,0.029100003303028643,0.14269999519456178,0.11330000415910035,True,3857.3907176497914
ECC+AES-256,500,2,24,0.030000010156072676,0.14280001050792634,0.11360000644344836,True,3857.3907176497914
ECC+AES-256,500,2,25,0.02920000406447798,0.14239999291021377,0.11239999730605632,True,3857.3907176497914
ECC+AES-256,500,2,26,0.029300004825927317,0.14170000213198364,0.11219999578315765,True,3857.3907176497914
ECC+AES-256,500,2,27,0.02990000939462334,0.1483000087318942,0.11780000932049006,True,3857.3907176497914
ECC+AES-256,500,2,28,0.030800001695752144,0.1463999942643568,0.11399999493733048,True,3857.3907176497914
ECC+AES-256,500,2,29,0.02990000939462334,0.14210000517778099,0.11399999493733048,True,3857.3907176497914
ECC+AES-256,500,2,30,0.029799994081258774,0.14210000517778099,0.11390000872779638,True,3857.3907176497914
ECC+AES-256,500,2,31,0.02920000406447798,0.142400007462129,0.11169999197591096,True,3857.3907176497914
ECC+AES-256,500,2,32,0.029399991035461426,0.14279999595601112,0.112900001113303,True,3857.3907176497914
ECC+AES-256,500,2,33,0.029799994081258774,0.14400000509340316,0.11369999265298247,True,3857.3907176497914
ECC+AES-256,500,2,34,0.030400013201870024,0.14290001126937568,0.11269999959040433,True,3857.3907176497914
ECC+AES-256,500,2,35,0.02990000939462334,0.15439999697264284,0.11260001338087022,True,3857.3907176497914
ECC+AES-256,500,2,36,0.028999987989664078,0.1432999997632578,0.11310000263620168,True,3857.3907176497914
ECC+AES-256,500,2,37,0.02890000178012997,0.1421999913873151,0.11229999654460698,True,3857.3907176497914
ECC+AES-256,500,2,38,0.029800008633174002,0.1429999974789098,0.11220001033507288,True,3857.3907176497914
ECC+AES-256,500,2,39,0.029300004825927317,0.14229999214876443,0.11180000728927553,True,3857.3907176497914
ECC+AES-256,500,2,40,0.02989999484270811,0.1424999936716631,0.11320000339765102,True,3857.3907176497914
ECC+AES-256,500,2,41,0.029399991035461426,0.1419000036548823,0.1154000055976212,True,3857.3907176497914
ECC+AES-256,500,2,42,0.029400005587376654,0.17970000044442713,0.11579999409150332,True,3857.3907176497914
ECC+AES-256,500,2,43,0.03239999932702631,0.15549999079667032,0.1142999972216785,True,3857.3907176497914
ECC+AES-256,500,2,44,0.03029999788850546,0.14340000052470714,0.11780000932049006,True,3857.3907176497914
ECC+AES-256,500,2,45,0.02990000939462334,0.14220000593923032,0.1142999972216785,True,3857.3907176497914
ECC+AES-256,500,2,46,0.02990000939462334,0.14370000280905515,0.11209999502170831,True,3857.3907176497914
ECC+AES-256,500,2,47,0.02950000634882599,0.14280001050792634,0.11340000492054969,True,3857.3907176497914
ECC+AES-256,500,2,48,0.029499991796910763,0.14230000670067966,0.11269999959040433,True,3857.3907176497914
ECC+AES-256,500,2,49,0.030199997127056122,0.15639999764971435,0.112900001113303,True,3857.3907176497914
ECC+AES-256,500,2,50,0.0295999925583601,0.1419000036548823,0.11190000805072486,True,3857.3907176497914
ECC+AES-256,500,2,51,0.03999999898951501,0.1694000093266368,0.1201999984914437,True,3857.3907176497914
ECC+AES-256,500,2,52,0.031100003980100155,0.14760000340174884,0.11590000940486789,True,3857.3907176497914
ECC+AES-256,500,2,53,0.02989999484270811,0.1429999974789098,0.112599998828955,True,3857.3907176497914
ECC+AES-256,500,2,54,0.03060000017285347,0.14959998952690512,0.11189999349880964,True,3857.3907176497914
ECC+AES-256,500,2,55,0.030100010917522013,0.1438000035705045,0.11239999730605632,True,3857.3907176497914
ECC+AES-256,500,2,56,0.029800008633174002,0.14170000213198364,0.11180000728927553,True,3857.3907176497914
ECC+AES-256,500,2,57,0.02989999484270811,0.15580000763293356,0.1142999972216785,True,3857.3907176497914
ECC+AES-256,500,2,58,0.02929999027401209,0.1436000020476058,0.11299998732283711,True,3857.3907176497914
ECC+AES-256,500,2,59,0.029499991796910763,0.14220000593923032,0.112599998828955,True,3857.3907176497914
ECC+AES-256,500,2,60,0.029100003303028643,0.14180000289343297,0.11220001033507288,True,3857.3907176497914
ECC+AES-256,500,2,61,0.029999995604157448,0.14449999434873462,0.1137000072048977,True,3857.3907176497914
ECC+AES-256,500,2,62,0.029300004825927317,0.1432999997632578,0.11280000035185367,True,3857.3907176497914
ECC+AES-256,500,2,63,0.030099996365606785,0.1438000035705045,0.11229999654460698,True,3857.3907176497914
ECC+AES-256,500,2,64,0.029600007110275328,0.142400007462129,0.11340000492054969,True,3857.3907176497914
ECC+AES-256,500,2,65,0.029799994081258774,0.1438000035705045,0.11150000500492752,True,3857.3907176497914
ECC+AES-256,500,2,66,0.02950000634882599,0.14259999443311244,0.11300000187475234,True,3857.3907176497914
ECC+AES-256,500,2,67,0.02929999027401209,0.1416000013705343,0.11269999959040433,True,3857.3907176497914
ECC+AES-256,500,2,68,0.02890000178012997,0.14099999680183828,0.11069999891333282,True,3857.3907176497914
ECC+AES-256,500,2,69,0.02929999027401209,0.14099999680183828,0.11269999959040433,True,3857.3907176497914
ECC+AES-256,500,2,70,0.029300004825927317,0.20209999638609588,0.11680000170599669,True,3857.3907176497914
ECC+AES-256,500,2,71,0.031799994758330286,0.14600000577047467,0.11439999798312783,True,3857.3907176497914
ECC+AES-256,500,2,72,0.029800008633174002,0.14300001203082502,0.11249999806750566,True,3857.3907176497914
ECC+AES-256,500,2,73,0.029799994081258774,0.15619999612681568,0.11749999248422682,True,3857.3907176497914
ECC+AES-256,500,2,74,0.029400005587376654,0.14170000213198364,0.11340000492054969,True,3857.3907176497914
ECC+AES-256,500,2,75,0.029399991035461426,0.14259999443311244,0.112599998828955,True,3857.3907176497914
ECC+AES-256,500,2,76,0.029300004825927317,0.14309999824035913,0.11249999806750566,True,3857.3907176497914
ECC+AES-256,500,2,77,0.02920000406447798,0.1412999990861863,0.11209999502170831,True,3857.3907176497914
ECC+AES-256,500,2,78,0.029699993319809437,0.14239999291021377,0.112599998828955,True,3857.3907176497914
ECC+AES-256,500,2,79,0.029199989512562752,0.14309999824035913,0.11320000339765102,True,3857.3907176497914
ECC+AES-256,500,2,80,0.029499991796910763,0.14350000128615648,0.11369999265298247,True,3857.3907176497914
ECC+AES-256,500,2,81,0.029499991796910763,0.1463999942643568,0.11219999578315765,True,3857.3907176497914
ECC+AES-256,500,2,82,0.02990000939462334,0.14220000593923032,0.11249999806750566,True,3857.3907176497914
ECC+AES-256,500,2,83,0.029400005587376654,0.14170000213198364,0.11229999654460698,True,3857.3907176497914
ECC+AES-256,500,2,84,0.029399991035461426,0.14319999900180846,0.11300000187475234,True,3857.3907176497914
ECC+AES-256,500,2,85,0.02950000634882599,0.14180000289343297,0.11280000035185367,True,3857.3907176497914
ECC+AES-256,500,2,86,0.029099988751113415,0.1407999952789396,0.11249999806750566,True,3857.3907176497914
ECC+AES-256,500,2,87,0.029000002541579306,0.142400007462129,0.11239999730605632,True,3857.3907176497914
ECC+AES-256,500,2,88,0.028999987989664078,0.14210000517778099,0.11239999730605632,True,3857.3907176497914
ECC+AES-256,500,2,89,0.029600007110275328,0.14949998876545578,0.11239999730605632,True,3857.3907176497914
ECC+AES-256,500,2,90,0.03369999467395246,0.14790000568609685,0.11209999502170831,True,3857.3907176497914
ECC+AES-256,500,2,91,0.030199997127056122,0.14279999595601112,0.112900001113303,True,3857.3907176497914
ECC+AES-256,500,2,92,0.030000010156072676,0.14570000348612666,0.11419999646022916,True,3857.3907176497914
ECC+AES-256,500,2,93,0.03029999788850546,0.1438000035705045,0.11269999959040433,True,3857.3907176497914
ECC+AES-256,500,2,94,0.029400005587376654,0.14150000060908496,0.112599998828955,True,3857.3907176497914
ECC+AES-256,500,2,95,0.029699993319809437,0.15809999604243785,0.1145999995060265,True,3857.3907176497914
ECC+AES-256,500,2,96,0.03060000017285347,0.14400000509340316,0.11280000035185367,True,3857.3907176497914
ECC+AES-256,500,2,97,0.03060000017285347,0.14460000966209918,0.11249999806750566,True,3857.3907176497914
ECC+AES-256,500,2,98,0.02990000939462334,0.14210000517778099,0.11269999959040433,True,3857.3907176497914
ECC+AES-256,500,2,99,0.029799994081258774,0.1416000013705343,0.11189999349880964,True,3857.3907176497914
ECC+AES-256,500,2,100,0.029100003303028643,0.17269999079871923,0.11660000018309802,True,3857.3907176497914
ECC+AES-256,500,2,101,0.03270000161137432,0.146100006531924,0.1145999995060265,True,3857.3907176497914
ECC+AES-256,500,2,102,0.030000010156072676,0.14279999595601112,0.1137000072048977,True,3857.3907176497914
ECC+AES-256,500,2,103,0.0295999925583601,0.1438000035705045,0.11340000492054969,True,3857.3907176497914
ECC+AES-256,500,2,104,0.030100010917522013,0.15190000704023987,0.11239999730605632,True,3857.3907176497914
ECC+AES-256,500,2,105,0.029799994081258774,0.14200000441633165,0.11239999730605632,True,3857.3907176497914
ECC+AES-256,500,2,106,0.030499999411404133,0.1432999997632578,0.11340000492054969,True,3857.3907176497914
ECC+AES-256,500,2,107,0.029999995604157448,0.1429999974789098,0.11320000339765102,True,3857.3907176497914
ECC+AES-256,500,2,108,0.029799994081258774,0.1446999958716333,0.11330000415910035,True,3857.3907176497914
ECC+AES-256,500,2,109,0.029600007110275328,0.14170000213198364,0.11280000035185367,True,3857.3907176497914
ECC+AES-256,500,2,110,0.0295999925583601,0.14109999756328762,0.11189999349880964,True,3857.3907176497914
ECC+AES-256,500,2,111,0.029699993319809437,0.14230000670067966,0.11190000805072486,True,3857.3907176497914
ECC+AES-256,500,2,112,0.030499999411404133,0.15049999637994915,0.11359999189153314,True,3857.3907176497914
ECC+AES-256,500,2,113,0.029699993319809437,0.14259999443311244,0.11340000492054969,True,3857.3907176497914
ECC+AES-256,500,2,114,0.02989999484270811,0.1429999974789098,0.11269999959040433,True,3857.3907176497914
ECC+AES-256,500,2,115,0.029499991796910763,0.14119999832473695,0.1117999927373603,True,3857.3907176497914
ECC+AES-256,500,2,116,0.029799994081258774,0.14220000593923032,0.1120000088121742,True,3857.3907176497914
ECC+AES-256,500,2,117,0.02920000406447798,0.14309999824035913,0.1134999911300838,True,3857.3907176497914
ECC+AES-256,500,2,118,0.031100003980100155,0.14290001126937568,0.112900001113303,True,3857.3907176497914
ECC+AES-256,500,2,119,0.030099996365606785,0.15759999223519117,0.11559999256860465,True,3857.3907176497914
ECC+AES-256,500,2,120,0.029999995604157448,0.14400000509340316,0.1142999972216785,True,3857.3907176497914
ECC+AES-256,500,2,121,0.03060000017285347,0.14640000881627202,0.11439999798312783,True,3857.3907176497914
ECC+AES-256,500,2,122,0.03029999788850546,0.14430000737775117,0.11269999959040433,True,3857.3907176497914
ECC+AES-256,500,2,123,0.02990000939462334,0.14250000822357833,0.11319998884573579,True,3857.3907176497914
ECC+AES-256,500,2,124,0.02989999484270811,0.14260000898502767,0.11700000322889537,True,3857.3907176497914
ECC+AES-256,500,2,125,0.031400006264448166,0.15069999790284783,0.1145999995060265,True,3857.3907176497914
ECC+AES-256,500,2,126,0.030399998649954796,0.14370000280905515,0.11310000263620168,True,3857.3907176497914
ECC+AES-256,500,2,127,0.03850000211969018,0.16280000272672623,0.12009999772999436,True,3857.3907176497914
ECC+AES-256,500,2,128,0.03300000389572233,0.14869999722577631,0.11549999180715531,True,3857.3907176497914
ECC+AES-256,500,2,129,0.030499999411404133,0.14570000348612666,0.11400000948924571,True,3857.3907176497914
ECC+AES-256,500,2,130,0.03029999788850546,0.14289999671746045,0.11229999654460698,True,3857.3907176497914
ECC+AES-256,500,2,131,0.03020001167897135,0.14200000441633165,0.11239999730605632,True,3857.3907176497914
ECC+AES-256,500,2,132,0.03029999788850546,0.1432999997632578,0.11319998884573579,True,3857.3907176497914
ECC+AES-256,500,2,133,0.029699993319809437,0.142700009746477,0.11300000187475234,True,3857.3907176497914
ECC+AES-256,500,2,134,0.029699993319809437,0.14259999443311244,0.11320000339765102,True,3857.3907176497914
ECC+AES-256,500,2,135,0.02989999484270811,0.14659999578725547,0.112900001113303,True,3857.3907176497914
ECC+AES-256,500,2,136,0.03060000017285347,0.1564999984111637,0.11400000948924571,True,3857.3907176497914
ECC+AES-256,500,2,137,0.029699993319809437,0.1416000013705343,0.1120000088121742,True,3857.3907176497914
ECC+AES-256,500,2,138,0.030099996365606785,0.14340000052470714,0.11360000644344836,True,3857.3907176497914
ECC+AES-256,500,2,139,0.03090000245720148,0.14509999891743064,0.11269999959040433,True,3857.3907176497914
ECC+AES-256,500,2,140,0.02989999484270811,0.1429999974789098,0.11240001185797155,True,3857.3907176497914
ECC+AES-256,500,2,141,0.029400005587376654,0.14180000289343297,0.11209999502170831,True,3857.3907176497914
ECC+AES-256,500,2,142,0.029600007110275328,0.14379998901858926,0.11310000263620168,True,3857.3907176497914
ECC+AES-256,500,2,143,0.0295999925583601,0.14289999671746045,0.112599998828955,True,3857.3907176497914
ECC+AES-256,500,2,144,0.029400005587376654,0.1419000036548823,0.11220001033507288,True,3857.3907176497914
ECC+AES-256,500,2,145,0.02920000406447798,0.14260000898502767,0.11380000796634704,True,3857.3907176497914
ECC+AES-256,500,2,146,0.02950000634882599,0.1424999936716631,0.11300000187475234,True,3857.3907176497914
ECC+AES-256,500,2,147,0.029799994081258774,0.142400007462129,0.11229999654460698,True,3857.3907176497914
ECC+AES-256,500,2,148,0.029100003303028643,0.1421999913873151,0.11209999502170831,True,3857.3907176497914
ECC+AES-256,500,2,149,0.029400005587376654,0.14150000060908496,0.11229999654460698,True,3857.3907176497914
ECC+AES-256,500,2,150,0.029399991035461426,0.15410000924021006,0.11220001033507288,True,3857.3907176497914
ECC+AES-256,500,2,151,0.02929999027401209,0.14210000517778099,0.11269999959040433,True,3857.3907176497914
ECC+AES-256,500,2,152,0.029099988751113415,0.14099999680183828,0.11169999197591096,True,3857.3907176497914
ECC+AES-256,500,2,153,0.033199990866705775,0.14990000636316836,0.11330000415910035,True,3857.3907176497914
ECC+AES-256,500,2,154,0.030100010917522013,0.14470001042354852,0.11330000415910035,True,3857.3907176497914
ECC+AES-256,500,2,155,0.0295999925583601,0.14239999291021377,0.11229999654460698,True,3857.3907176497914
ECC+AES-256,500,2,156,0.029499991796910763,0.14180000289343297,0.11269999959040433,True,3857.3907176497914
ECC+AES-256,500,2,157,0.02950000634882599,0.1568000006955117,0.119399992399849,True,3857.3907176497914
ECC+AES-256,500,2,158,0.02950000634882599,0.14459999511018395,0.11280000035185367,True,3857.3907176497914
ECC+AES-256,500,2,159,0.029699993319809437,0.14400000509340316,0.11320000339765102,True,3857.3907176497914
ECC+AES-256,500,2,160,0.02950000634882599,0.14250000822357833,0.11360000644344836,True,3857.3907176497914
ECC+AES-256,500,2,161,0.029700007871724665,0.1444000081392005,0.11210000957362354,True,3857.3907176497914
ECC+AES-256,500,2,162,0.029799994081258774,0.14420000661630183,0.11269999959040433,True,3857.3907176497914
ECC+AES-256,500,2,163,0.029399991035461426,0.14269999519456178,0.11399999493733048,True,3857.3907176497914
ECC+AES-256,500,2,164,0.02950000634882599,0.14319999900180846,0.11350000568199903,True,3857.3907176497914
ECC+AES-256,500,2,165,0.02920000406447798,0.1531000016257167,0.1120000088121742,True,3857.3907176497914
ECC+AES-256,500,2,166,0.029400005587376654,0.1412999990861863,0.11269999959040433,True,3857.3907176497914
ECC+AES-256,500,2,167,0.029400005587376654,0.14230000670067966,0.11269999959040433,True,3857.3907176497914
ECC+AES-256,500,2,168,0.029400005587376654,0.142700009746477,0.11249999806750566,True,3857.3907176497914
ECC+AES-256,500,2,169,0.0295999925583601,0.142400007462129,0.11229999654460698,True,3857.3907176497914
ECC+AES-256,500,2,170,0.029199989512562752,0.14150000060908496,0.11189999349880964,True,3857.3907176497914
ECC+AES-256,500,2,171,0.029399991035461426,0.14230000670067966,0.11190000805072486,True,3857.3907176497914
ECC+AES-256,500,2,172,0.028800001018680632,0.13919999764766544,0.109500004327856,True,3857.3907176497914
ECC+AES-256,500,2,173,0.028700000257231295,0.13770000077784061,0.10829999519046396,True,3857.3907176497914
ECC+AES-256,500,2,174,0.028299997211433947,0.13590000162366778,0.10829999519046396,True,3857.3907176497914
ECC+AES-256,500,2,175,0.027999994927085936,0.1365999924018979,0.10819999442901462,True,3857.3907176497914
ECC+AES-256,500,2,176,0.02849999873433262,0.13700000999961048,0.10940000356640667,True,3857.3907176497914
ECC+AES-256,500,2,177,0.02819999644998461,0.13710001076105982,0.109200002043508,True,3857.3907176497914
ECC+AES-256,500,2,178,0.028599999495781958,0.18180000188294798,0.11210000957362354,True,3857.3907176497914
ECC+AES-256,500,2,179,0.03099998866673559,0.14150000060908496,0.1100999943446368,True,3857.3907176497914
ECC+AES-256,500,2,180,0.028800001018680632,0.13839999155607074,0.10930000280495733,True,3857.3907176497914
ECC+AES-256,500,2,181,0.028299997211433947,0.14139999984763563,0.10879999899771065,True,3857.3907176497914
ECC+AES-256,500,2,182,0.028599999495781958,0.14980000560171902,0.10949998977594078,True,3857.3907176497914
ECC+AES-256,500,2,183,0.05609999061562121,0.23069999588187784,0.14459999511018395,True,3857.3907176497914
ECC+AES-256,500,2,184,0.029300004825927317,0.1449999981559813,0.11100000119768083,True,3857.3907176497914
ECC+AES-256,500,2,185,0.028700000257231295,0.1390999968862161,0.10900000052060932,True,3857.3907176497914
ECC+AES-256,500,2,186,0.028599999495781958,0.13839999155607074,0.10869999823626131,True,3857.3907176497914
ECC+AES-256,500,2,187,0.029000002541579306,0.1382999907946214,0.10829999519046396,True,3857.3907176497914
ECC+AES-256,500,2,188,0.028700000257231295,0.13939999917056412,0.10900000052060932,True,3857.3907176497914
ECC+AES-256,500,2,189,0.028399997972883284,0.13749999925494194,0.10939998901449144,True,3857.3907176497914
ECC+AES-256,500,2,190,0.028599999495781958,0.15039999561849982,0.11229999654460698,True,3857.3907176497914
ECC+AES-256,500,2,191,0.028599999495781958,0.13689999468624592,0.10790000669658184,True,3857.3907176497914
ECC+AES-256,500,2,192,0.028700000257231295,0.13839999155607074,0.11039999662898481,True,3857.3907176497914
ECC+AES-256,500,2,193,0.028099995688535273,0.13819999003317207,0.109200002043508,True,3857.3907176497914
ECC+AES-256,500,2,194,0.0281000102404505,0.13710001076105982,0.10900000052060932,True,3857.3907176497914
ECC+AES-256,500,2,195,0.02820001100189984,0.1365000061923638,0.10869999823626131,True,3857.3907176497914
ECC+AES-256,500,2,196,0.02849999873433262,0.1382999907946214,0.10889999975915998,True,3857.3907176497914
ECC+AES-256,500,2,197,0.028599999495781958,0.13849999231752008,0.10900000052060932,True,3857.3907176497914
ECC+AES-256,500,2,198,0.02819999644998461,0.13809998927172273,0.10960000508930534,True,3857.3907176497914
ECC+AES-256,500,2,199,0.02849999873433262,0.14489999739453197,0.10959999053739011,True,3857.3907176497914
ECC+AES-256,500,2,200,0.0281000102404505,0.13890000991523266,0.10990000737365335,True,3857.3907176497914
ECC+AES-256,500,2,201,0.028599999495781958,0.1385000068694353,0.10829999519046396,True,3857.3907176497914
ECC+AES-256,500,2,202,0.02850001328624785,0.1385000068694353,0.11029999586753547,True,3857.3907176497914
ECC+AES-256,500,2,203,0.028800001018680632,0.13830000534653664,0.10900000052060932,True,3857.3907176497914
ECC+AES-256,500,2,204,0.02890000178012997,0.1385000068694353,0.10960000508930534,True,3857.3907176497914
ECC+AES-256,500,2,205,0.02929999027401209,0.13869999384041876,0.10980000661220402,True,3857.3907176497914
ECC+AES-256,500,2,206,0.02849999873433262,0.1387999946018681,0.10960000508930534,True,3857.3907176497914
ECC+AES-256,500,2,207,0.02849999873433262,0.13910001143813133,0.10980000661220402,True,3857.3907176497914
ECC+AES-256,500,2,208,0.029100003303028643,0.15010000788606703,0.10930000280495733,True,3857.3907176497914
ECC+AES-256,500,2,209,0.028099995688535273,0.1379000023007393,0.10900000052060932,True,3857.3907176497914
ECC+AES-256,500,2,210,0.02890000178012997,0.13839999155607074,0.10970000585075468,True,3857.3907176497914
ECC+AES-256,500,2,211,0.028099995688535273,0.13729999773204327,0.10879999899771065,True,3857.3907176497914
ECC+AES-256,500,2,212,0.02890000178012997,0.13830000534653664,0.10869999823626131,True,3857.3907176497914
ECC+AES-256,500,2,213,0.028399997972883284,0.13580000086221844,0.10930000280495733,True,3857.3907176497914
ECC+AES-256,500,2,214,0.0281000102404505,0.13780000153928995,0.10900000052060932,True,3857.3907176497914
ECC+AES-256,500,2,215,0.027999994927085936,0.1373999984934926,0.10819999442901462,True,3857.3907176497914
ECC+AES-256,500,2,216,0.0278999941656366,0.1939999929163605,0.11559999256860465,True,3857.3907176497914
ECC+AES-256,500,2,217,0.03239999932702631,0.1539999939268455,0.11569999333005399,True,3857.3907176497914
ECC+AES-256,500,2,218,0.028700000257231295,0.13839999155607074,0.10940000356640667,True,3857.3907176497914
ECC+AES-256,500,2,219,0.028599999495781958,0.1396000006934628,0.11089998588431627,True,3857.3907176497914
ECC+AES-256,500,2,220,0.028599999495781958,0.13860000763088465,0.10900000052060932,True,3857.3907176497914
ECC+AES-256,500,2,221,0.028700000257231295,0.13749999925494194,0.10859999747481197,True,3857.3907176497914
ECC+AES-256,500,2,222,0.02819999644998461,0.1368000084767118,0.11160000576637685,True,3857.3907176497914
ECC+AES-256,500,2,223,0.029600007110275328,0.14030000602360815,0.11010000889655203,True,3857.3907176497914
ECC+AES-256,500,2,224,0.029499991796910763,0.14400000509340316,0.10910000128205866,True,3857.3907176497914
ECC+AES-256,500,2,225,0.028800001018680632,0.13849999231752008,0.10979999206028879,True,3857.3907176497914
ECC+AES-256,500,2,226,0.028299997211433947,0.14040000678505749,0.10889999975915998,True,3857.3907176497914
ECC+AES-256,500,2,227,0.02819999644998461,0.13859999307896942,0.10930000280495733,True,3857.3907176497914
ECC+AES-256,500,2,228,0.028599999495781958,0.13729999773204327,0.10889999975915998,True,3857.3907176497914
ECC+AES-256,500,2,229,0.028099995688535273,0.13700000999961048,0.10830000974237919,True,3857.3907176497914
ECC+AES-256,500,2,230,0.028399997972883284,0.13840000610798597,0.10940000356640667,True,3857.3907176497914
ECC+AES-256,500,2,231,0.028399997972883284,0.1373999984934926,0.1100999943446368,True,3857.3907176497914
ECC+AES-256,500,2,232,0.027900008717551827,0.13689999468624592,0.10829999519046396,True,3857.3907176497914
ECC+AES-256,500,2,233,0.0278999941656366,0.13699999544769526,0.10799999290611595,True,3857.3907176497914
ECC+AES-256,500,2,234,0.028599999495781958,0.1373000122839585,0.109500004327856,True,3857.3907176497914
ECC+AES-256,500,2,235,0.028599999495781958,0.15049999637994915,0.11110000195913017,True,3857.3907176497914
ECC+AES-256,500,2,236,0.028399997972883284,0.13889999536331743,0.10940000356640667,True,3857.3907176497914
ECC+AES-256,500,2,237,0.028700000257231295,0.1379000023007393,0.10930000280495733,True,3857.3907176497914
ECC+AES-256,500,2,238,0.02849999873433262,0.13859999307896942,0.10869999823626131,True,3857.3907176497914
ECC+AES-256,500,2,239,0.028700000257231295,0.13929999840911478,0.10940000356640667,True,3857.3907176497914
ECC+AES-256,500,2,240,0.02849999873433262,0.14059999375604093,0.10930000280495733,True,3857.3907176497914
ECC+AES-256,500,2,241,0.028800001018680632,0.13729999773204327,0.10779999138321728,True,3857.3907176497914
ECC+AES-256,500,2,242,0.028599999495781958,0.13760000001639128,0.10859999747481197,True,3857.3907176497914
ECC+AES-256,500,2,243,0.028299997211433947,0.13830000534653664,0.10940000356640667,True,3857.3907176497914
ECC+AES-256,500,2,244,0.02849999873433262,0.14340000052470714,0.10900000052060932,True,3857.3907176497914
ECC+AES-256,500,2,245,0.028399997972883284,0.13899999612476677,0.10979999206028879,True,3857.3907176497914
ECC+AES-256,500,2,246,0.028399997972883284,0.13729999773204327,0.10790000669658184,True,3857.3907176497914
ECC+AES-256,500,2,247,0.028000009479001164,0.13779998698737472,0.10879999899771065,True,3857.3907176497914
ECC+AES-256,500,2,248,0.027900008717551827,0.14010000450070947,0.11169999197591096,True,3857.3907176497914
ECC+AES-256,500,2,249,0.028800001018680632,0.13770000077784061,0.10939998901449144,True,3857.3907176497914
ECC+AES-256,500,2,250,0.02889998722821474,0.1613000058569014,0.11060001270379871,True,3857.3907176497914
ECC+AES-256,500,2,251,0.030399998649954796,0.13780000153928995,0.10979999206028879,True,3857.3907176497914
ECC+AES-256,500,2,252,0.02890000178012997,0.1402000052621588,0.11039999662898481,True,3857.3907176497914
ECC+AES-256,500,2,253,0.029099988751113415,0.1508999994257465,0.10949998977594078,True,3857.3907176497914
ECC+AES-256,500,2,254,0.028300011763349175,0.13840000610798597,0.11280000035185367,True,3857.3907176497914
ECC+AES-256,500,2,255,0.028399997972883284,0.13810000382363796,0.109200002043508,True,3857.3907176497914
ECC+AES-256,500,2,256,0.029399991035461426,0.13830000534653664,0.10960000508930534,True,3857.3907176497914
ECC+AES-256,500,2,257,0.028599999495781958,0.13760000001639128,0.109200002043508,True,3857.3907176497914
ECC+AES-256,500,2,258,0.028599999495781958,0.13949999993201345,0.11209999502170831,True,3857.3907176497914
ECC+AES-256,500,2,259,0.031100003980100155,0.14059999375604093,0.11039999662898481,True,3857.3907176497914
ECC+AES-256,500,2,260,0.02989999484270811,0.13899999612476677,0.10940000356640667,True,3857.3907176497914
ECC+AES-256,500,2,261,0.028399997972883284,0.13800000306218863,0.109200002043508,True,3857.3907176497914
ECC+AES-256,500,2,262,0.02920000406447798,0.1517000055173412,0.1142999972216785,True,3857.3907176497914
ECC+AES-256,500,2,263,0.02849999873433262,0.13760000001639128,0.10849999671336263,True,3857.3907176497914
ECC+AES-256,500,2,264,0.02819999644998461,0.14139999984763563,0.1109000004362315,True,3857.3907176497914
ECC+AES-256,500,2,265,0.028299997211433947,0.13810000382363796,0.109200002043508,True,3857.3907176497914
ECC+AES-256,500,2,266,0.029100003303028643,0.13889999536331743,0.11059999815188348,True,3857.3907176497914
ECC+AES-256,500,2,267,0.02849999873433262,0.13810000382363796,0.10970000585075468,True,3857.3907176497914
ECC+AES-256,500,2,268,0.028599999495781958,0.1382999907946214,0.10940000356640667,True,3857.3907176497914
ECC+AES-256,500,2,269,0.02890000178012997,0.13849999231752008,0.10900000052060932,True,3857.3907176497914
ECC+AES-256,500,2,270,0.028700000257231295,0.1390999968862161,0.10940000356640667,True,3857.3907176497914
ECC+AES-256,500,2,271,0.028700000257231295,0.14590000500902534,0.10829999519046396,True,3857.3907176497914
ECC+AES-256,500,2,272,0.028700000257231295,0.13800000306218863,0.10800000745803118,True,3857.3907176497914
ECC+AES-256,500,2,273,0.028800001018680632,0.1379000023007393,0.10949998977594078,True,3857.3907176497914
ECC+AES-256,500,2,274,0.028399997972883284,0.1382000045850873,0.11019999510608613,True,3857.3907176497914
ECC+AES-256,500,2,275,0.028599999495781958,0.13830000534653664,0.10900000052060932,True,3857.3907176497914
ECC+AES-256,500,2,276,0.028399997972883284,0.13699999544769526,0.10960000508930534,True,3857.3907176497914
ECC+AES-256,500,2,277,0.029999995604157448,0.1387999946018681,0.10980000661220402,True,3857.3907176497914
ECC+AES-256,500,2,278,0.02989999484270811,0.13810000382363796,0.10849999671336263,True,3857.3907176497914
ECC+AES-256,500,2,279,0.029000002541579306,0.13910001143813133,0.10990000737365335,True,3857.3907176497914
ECC+AES-256,500,2,280,0.028700000257231295,0.15130000247154385,0.11049999739043415,True,3857.3907176497914
ECC+AES-256,500,2,281,0.028700000257231295,0.1373999984934926,0.10919998749159276,True,3857.3907176497914
ECC+AES-256,500,2,282,0.02819999644998461,0.13760000001639128,0.10879999899771065,True,3857.3907176497914
ECC+AES-256,500,2,283,0.0281000102404505,0.1362000039080158,0.1083999959519133,True,3857.3907176497914
ECC+AES-256,500,2,284,0.02849999873433262,0.21499999274965376,0.18269999418407679,True,3857.3907176497914
ECC+AES-256,500,2,285,0.06120000034570694,0.20119998953305185,0.12379999679978937,True,3857.3907176497914
ECC+AES-256,500,2,286,0.048299989430233836,0.19209999300073832,0.12330000754445791,True,3857.3907176497914
ECC+AES-256,500,2,287,0.04810000245925039,0.17860000662039965,0.12240000069141388,True,3857.3907176497914
ECC+AES-256,500,2,288,0.04610000178217888,0.17769999976735562,0.12229999992996454,True,3857.3907176497914
ECC+AES-256,500,2,289,0.03330000618007034,0.14779999037273228,0.11359999189153314,True,3857.3907176497914
ECC+AES-256,500,2,290,0.030399998649954796,0.1404999929945916,0.11049999739043415,True,3857.3907176497914
ECC+AES-256,500,2,291,0.02989999484270811,0.13899999612476677,0.1100999943446368,True,3857.3907176497914
ECC+AES-256,500,2,292,0.03229999856557697,0.1584999990882352,0.11079999967478216,True,3857.3907176497914
ECC+AES-256,500,2,293,0.029699993319809437,0.1387999946018681,0.1100999943446368,True,3857.3907176497914
ECC+AES-256,500,2,294,0.029600007110275328,0.13849999231752008,0.10930000280495733,True,3857.3907176497914
ECC+AES-256,500,2,295,0.0295999925583601,0.1379000023007393,0.10900000052060932,True,3857.3907176497914
ECC+AES-256,500,2,296,0.032199997804127634,0.14260000898502767,0.11000000813510269,True,3857.3907176497914
ECC+AES-256,500,2,297,0.029699993319809437,0.13860000763088465,0.11050001194234937,True,3857.3907176497914
ECC+AES-256,500,2,298,0.03850000211969018,0.15779999375808984,0.11470000026747584,True,3857.3907176497914
ECC+AES-256,500,2,299,0.03239999932702631,0.14489999739453197,0.11210000957362354,True,3857.3907176497914
ECC+AES-256,500,2,300,0.04579999949783087,0.19409999367780983,0.1255000097444281,True,3857.3907176497914
ECC+AES-256,500,2,301,0.03409999771974981,0.22279999393504113,0.1512000017100945,True,3857.3907176497914
ECC+AES-256,500,2,302,0.03679998917505145,0.17129999469034374,0.11959999392274767,True,3857.3907176497914
ECC+AES-256,500,2,303,0.030099996365606785,0.14460000966209918,0.11160000576637685,True,3857.3907176497914
ECC+AES-256,500,2,304,0.029100003303028643,0.14089999604038894,0.11039999662898481,True,3857.3907176497914
ECC+AES-256,500,2,305,0.028800001018680632,0.13929999840911478,0.10980000661220402,True,3857.3907176497914
ECC+AES-256,500,2,306,0.028700000257231295,0.1385000068694353,0.11069999891333282,True,3857.3907176497914
ECC+AES-256,500,2,307,0.02929999027401209,0.1483999949414283,0.1103000104194507,True,3857.3907176497914
ECC+AES-256,500,2,308,0.028599999495781958,0.13809998927172273,0.10970000585075468,True,3857.3907176497914
ECC+AES-256,500,2,309,0.02920000406447798,0.1373999984934926,0.10869999823626131,True,3857.3907176497914
ECC+AES-256,500,2,310,0.02849999873433262,0.13749999925494194,0.10889999975915998,True,3857.3907176497914
ECC+AES-256,500,2,311,0.03189999551977962,0.14540000120177865,0.1109000004362315,True,3857.3907176497914
ECC+AES-256,500,2,312,0.028700000257231295,0.13859999307896942,0.109500004327856,True,3857.3907176497914
ECC+AES-256,500,2,313,0.028599999495781958,0.13839999155607074,0.109200002043508,True,3857.3907176497914
ECC+AES-256,500,2,314,0.028999987989664078,0.13980000221636146,0.11119998816866428,True,3857.3907176497914
ECC+AES-256,500,2,315,0.028700000257231295,0.14479999663308263,0.1083999959519133,True,3857.3907176497914
ECC+AES-256,500,2,316,0.02850001328624785,0.13700000999961048,0.10910000128205866,True,3857.3907176497914
ECC+AES-256,500,2,317,0.02849999873433262,0.15500000154133886,0.10990000737365335,True,3857.3907176497914
ECC+AES-256,500,2,318,0.029000002541579306,0.13890000991523266,0.10980000661220402,True,3857.3907176497914
ECC+AES-256,500,2,319,0.029499991796910763,0.13980000221636146,0.10949998977594078,True,3857.3907176497914
ECC+AES-256,500,2,320,0.028400012524798512,0.13749999925494194,0.10960000508930534,True,3857.3907176497914
ECC+AES-256,500,2,321,0.02890000178012997,0.13779998698737472,0.109200002043508,True,3857.3907176497914
ECC+AES-256,500,2,322,0.02819999644998461,0.1379000023007393,0.10940000356640667,True,3857.3907176497914
ECC+AES-256,500,2,323,0.028800001018680632,0.13729999773204327,0.10900000052060932,True,3857.3907176497914
ECC+AES-256,500,2,324,0.02849999873433262,0.1382000045850873,0.10960000508930534,True,3857.3907176497914
ECC+AES-256,500,2,325,0.028400012524798512,0.13880000915378332,0.10930000280495733,True,3857.3907176497914
ECC+AES-256,500,2,326,0.028299997211433947,0.13749999925494194,0.1100999943446368,True,3857.3907176497914
ECC+AES-256,500,2,327,0.029099988751113415,0.13840000610798597,0.10889999975915998,True,3857.3907176497914
ECC+AES-256,500,2,328,0.028999987989664078,0.13869999384041876,0.10960000508930534,True,3857.3907176497914
ECC+AES-256,500,2,329,0.02849999873433262,0.13859999307896942,0.1100999943446368,True,3857.3907176497914
ECC+AES-256,500,2,330,0.02890000178012997,0.1396000006934628,0.11079999967478216,True,3857.3907176497914
ECC+AES-256,500,2,331,0.029499991796910763,0.152900000102818,0.11470000026747584,True,3857.3907176497914
ECC+AES-256,500,2,332,0.029800008633174002,0.14130001363810152,0.11100000119768083,True,3857.3907176497914
ECC+AES-256,500,2,333,0.029000002541579306,0.13770000077784061,0.11079999967478216,True,3857.3907176497914
ECC+AES-256,500,2,334,0.028299997211433947,0.13800000306218863,0.11029999586753547,True,3857.3907176497914
ECC+AES-256,500,2,335,0.02849999873433262,0.13919999764766544,0.109200002043508,True,3857.3907176497914
ECC+AES-256,500,2,336,0.028599999495781958,0.13749999925494194,0.109500004327856,True,3857.3907176497914
ECC+AES-256,500,2,337,0.028300011763349175,0.1373999984934926,0.10910000128205866,True,3857.3907176497914
ECC+AES-256,500,2,338,0.02849999873433262,0.1382999907946214,0.109200002043508,True,3857.3907176497914
ECC+AES-256,500,2,339,0.028800001018680632,0.1382000045850873,0.10919998749159276,True,3857.3907176497914
ECC+AES-256,500,2,340,0.028800001018680632,0.1512000017100945,0.1154000055976212,True,3857.3907176497914
ECC+AES-256,500,2,341,0.028400012524798512,0.13770000077784061,0.10889999975915998,True,3857.3907176497914
ECC+AES-256,500,2,342,0.028099995688535273,0.1370999962091446,0.109200002043508,True,3857.3907176497914
ECC+AES-256,500,2,343,0.031499992473982275,0.146100006531924,0.11060001270379871,True,3857.3907176497914
ECC+AES-256,500,2,344,0.03029999788850546,0.13939999917056412,0.109500004327856,True,3857.3907176497914
ECC+AES-256,500,2,345,0.028800001018680632,0.13810000382363796,0.10909998673014343,True,3857.3907176497914
ECC+AES-256,500,2,346,0.028399997972883284,0.1382999907946214,0.10960000508930534,True,3857.3907176497914
ECC+AES-256,500,2,347,0.02849999873433262,0.1390999968862161,0.10910000128205866,True,3857.3907176497914
ECC+AES-256,500,2,348,0.028800001018680632,0.14630000805482268,0.10959999053739011,True,3857.3907176497914
ECC+AES-256,500,2,349,0.028700000257231295,0.1387999946018681,0.10969999129883945,True,3857.3907176497914
ECC+AES-256,500,2,350,0.028599999495781958,0.13980000221636146,0.11100000119768083,True,3857.3907176497914
ECC+AES-256,500,2,351,0.029700007871724665,0.14009998994879425,0.10859999747481197,True,3857.3907176497914
ECC+AES-256,500,2,352,0.028599999495781958,0.13810000382363796,0.11219999578315765,True,3857.3907176497914
ECC+AES-256,500,2,353,0.029799994081258774,0.1379000023007393,0.11110000195913017,True,3857.3907176497914
ECC+AES-256,500,2,354,0.029000002541579306,0.13800000306218863,0.109200002043508,True,3857.3907176497914
ECC+AES-256,500,2,355,0.02849999873433262,0.13610000314656645,0.1078000059351325,True,3857.3907176497914
ECC+AES-256,500,2,356,0.028399997972883284,0.13670000771526247,0.10919998749159276,True,3857.3907176497914
ECC+AES-256,500,2,357,0.028399997972883284,0.13749999925494194,0.11000000813510269,True,3857.3907176497914
ECC+AES-256,500,2,358,0.028700000257231295,0.1373999984934926,0.10879999899771065,True,3857.3907176497914
ECC+AES-256,500,2,359,0.028099995688535273,0.13760000001639128,0.10869999823626131,True,3857.3907176497914
ECC+AES-256,500,2,360,0.028700000257231295,0.1379999885102734,0.10820000898092985,True,3857.3907176497914
ECC+AES-256,500,2,361,0.028700000257231295,0.13700000999961048,0.1083999959519133,True,3857.3907176497914
ECC+AES-256,500,2,362,0.028599999495781958,0.1370999962091446,0.10880001354962587,True,3857.3907176497914
ECC+AES-256,500,2,363,0.028800001018680632,0.13849999231752008,0.10889999975915998,True,3857.3907176497914
ECC+AES-256,500,2,364,0.028700000257231295,0.13840000610798597,0.11039999662898481,True,3857.3907176497914
ECC+AES-256,500,2,365,0.02889998722821474,0.14519999967887998,0.10970000585075468,True,3857.3907176497914
ECC+AES-256,500,2,366,0.029399991035461426,0.1385000068694353,0.10870001278817654,True,3857.3907176497914
ECC+AES-256,500,2,367,0.028999987989664078,0.1390999968862161,0.109200002043508,True,3857.3907176497914
ECC+AES-256,500,2,368,0.028700000257231295,0.13840000610798597,0.10910000128205866,True,3857.3907176497914
ECC+AES-256,500,2,369,0.028800001018680632,0.1382000045850873,0.10979999206028879,True,3857.3907176497914
ECC+AES-256,500,2,370,0.02849999873433262,0.13789998774882406,0.109200002043508,True,3857.3907176497914
ECC+AES-256,500,2,371,0.028599999495781958,0.13870000839233398,0.11000000813510269,True,3857.3907176497914
ECC+AES-256,500,2,372,0.028299997211433947,0.13740001304540783,0.10910000128205866,True,3857.3907176497914
ECC+AES-256,500,2,373,0.028700000257231295,0.13860000763088465,0.10900000052060932,True,3857.3907176497914
ECC+AES-256,500,2,374,0.028700000257231295,0.14460000966209918,0.1092999882530421,True,3857.3907176497914
ECC+AES-256,500,2,375,0.028599999495781958,0.13780000153928995,0.1551000023027882,True,3857.3907176497914
ECC+AES-256,500,2,376,0.03460000152699649,0.1449999981559813,0.11159999121446162,True,3857.3907176497914
ECC+AES-256,500,2,377,0.028700000257231295,0.1382999907946214,0.10960000508930534,True,3857.3907176497914
ECC+AES-256,500,2,378,0.030300012440420687,0.14119999832473695,0.11000000813510269,True,3857.3907176497914
ECC+AES-256,500,2,379,0.028699985705316067,0.13810000382363796,0.10819999442901462,True,3857.3907176497914
ECC+AES-256,500,2,380,0.028599999495781958,0.13729999773204327,0.10889999975915998,True,3857.3907176497914
ECC+AES-256,500,2,381,0.028599999495781958,0.13789998774882406,0.11310000263620168,True,3857.3907176497914
ECC+AES-256,500,2,382,0.02849999873433262,0.1382000045850873,0.109200002043508,True,3857.3907176497914
ECC+AES-256,500,2,383,0.029499991796910763,0.14030000602360815,0.11119998816866428,True,3857.3907176497914
ECC+AES-256,500,2,384,0.02819999644998461,0.1531000016257167,0.11110000195913017,True,3857.3907176497914
ECC+AES-256,500,2,385,0.031100003980100155,0.14019999071024358,0.10980000661220402,True,3857.3907176497914
ECC+AES-256,500,2,386,0.02849999873433262,0.1379000023007393,0.1100999943446368,True,3857.3907176497914
ECC+AES-256,500,2,387,0.028999987989664078,0.13810000382363796,0.10959999053739011,True,3857.3907176497914
ECC+AES-256,500,2,388,0.028800001018680632,0.1368000084767118,0.10869999823626131,True,3857.3907176497914
ECC+AES-256,500,2,389,0.028599999495781958,0.13780000153928995,0.10880001354962587,True,3857.3907176497914
ECC+AES-256,500,2,390,0.028599999495781958,0.1373999984934926,0.10869999823626131,True,3857.3907176497914
ECC+AES-256,500,2,391,0.028399997972883284,0.13869999384041876,0.10910000128205866,True,3857.3907176497914
ECC+AES-256,500,2,392,0.02929999027401209,0.1382000045850873,0.10930000280495733,True,3857.3907176497914
ECC+AES-256,500,2,393,0.02849999873433262,0.13689999468624592,0.10869999823626131,True,3857.3907176497914
ECC+AES-256,500,2,394,0.028399997972883284,0.14010000450070947,0.10989999282173812,True,3857.3907176497914
ECC+AES-256,500,2,395,0.029800008633174002,0.13810000382363796,0.10879999899771065,True,3857.3907176497914
ECC+AES-256,500,2,396,0.029000002541579306,0.1399000029778108,0.109200002043508,True,3857.3907176497914
ECC+AES-256,500,2,397,0.028800001018680632,0.13749999925494194,0.10859999747481197,True,3857.3907176497914
ECC+AES-256,500,2,398,0.028599999495781958,0.1373999984934926,0.10900000052060932,True,3857.3907176497914
ECC+AES-256,500,2,399,0.028399997972883284,0.1379000023007393,0.10869999823626131,True,3857.3907176497914
ECC+AES-256,500,2,400,0.028700000257231295,0.13780000153928995,0.10970000585075468,True,3857.3907176497914
ECC+AES-256,500,2,401,0.028800001018680632,0.13800000306218863,0.10879999899771065,True,3857.3907176497914
ECC+AES-256,500,2,402,0.028599999495781958,0.1365000061923638,0.10799999290611595,True,3857.3907176497914
ECC+AES-256,500,2,403,0.02849999873433262,0.13580000086221844,0.10849999671336263,True,3857.3907176497914
ECC+AES-256,500,2,404,0.02849999873433262,0.13729999773204327,0.10830000974237919,True,3857.3907176497914
ECC+AES-256,500,2,405,0.028599999495781958,0.1370999962091446,0.10910000128205866,True,3857.3907176497914
ECC+AES-256,500,2,406,0.028299997211433947,0.13729999773204327,0.10900000052060932,True,3857.3907176497914
ECC+AES-256,500,2,407,0.02850001328624785,0.14980000560171902,0.10900000052060932,True,3857.3907176497914
ECC+AES-256,500,2,408,0.02850001328624785,0.185800003237091,0.11359999189153314,True,3857.3907176497914
ECC+AES-256,500,2,409,0.031799994758330286,0.14119999832473695,0.11119998816866428,True,3857.3907176497914
ECC+AES-256,500,2,410,0.028800001018680632,0.1382000045850873,0.10979999206028879,True,3857.3907176497914
ECC+AES-256,500,2,411,0.028599999495781958,0.1385000068694353,0.10889999975915998,True,3857.3907176497914
ECC+AES-256,500,2,412,0.028700000257231295,0.13800000306218863,0.10879999899771065,True,3857.3907176497914
ECC+AES-256,500,2,413,0.02849999873433262,0.13840000610798597,0.10910000128205866,True,3857.3907176497914
ECC+AES-256,500,2,414,0.028700000257231295,0.1385000068694353,0.109200002043508,True,3857.3907176497914
ECC+AES-256,500,2,415,0.029000002541579306,0.15150000399444252,0.1109000004362315,True,3857.3907176497914
ECC+AES-256,500,2,416,0.029199989512562752,0.13830000534653664,0.10909998673014343,True,3857.3907176497914
ECC+AES-256,500,2,417,0.030800001695752144,0.1407999952789396,0.1117999927373603,True,3857.3907176497914
ECC+AES-256,500,2,418,0.030800001695752144,0.1396000006934628,0.10900000052060932,True,3857.3907176497914
ECC+AES-256,500,2,419,0.02849999873433262,0.13860000763088465,0.11029999586753547,True,3857.3907176497914
ECC+AES-256,500,2,420,0.028800001018680632,0.13749999925494194,0.10990000737365335,True,3857.3907176497914
ECC+AES-256,500,2,421,0.028599999495781958,0.13870000839233398,0.10980000661220402,True,3857.3907176497914
ECC+AES-256,500,2,422,0.02849999873433262,0.13749999925494194,0.10889999975915998,True,3857.3907176497914
ECC+AES-256,500,2,423,0.028700000257231295,0.13810000382363796,0.1083999959519133,True,3857.3907176497914
ECC+AES-256,500,2,424,0.028399997972883284,0.13760000001639128,0.109200002043508,True,3857.3907176497914
ECC+AES-256,500,2,425,0.02849999873433262,0.13760000001639128,0.11000000813510269,True,3857.3907176497914
ECC+AES-256,500,2,426,0.02890000178012997,0.13819999003317207,0.10960000508930534,True,3857.3907176497914
ECC+AES-256,500,2,427,0.02889998722821474,0.13880000915378332,0.10879999899771065,True,3857.3907176497914
ECC+AES-256,500,2,428,0.028700000257231295,0.13840000610798597,0.10990000737365335,True,3857.3907176497914
ECC+AES-256,500,2,429,0.02850001328624785,0.1382000045850873,0.10949998977594078,True,3857.3907176497914
ECC+AES-256,500,2,430,0.02849999873433262,0.13889999536331743,0.10930000280495733,True,3857.3907176497914
ECC+AES-256,500,2,431,0.02849999873433262,0.13849999231752008,0.10869999823626131,True,3857.3907176497914
ECC+AES-256,500,2,432,0.028700000257231295,0.14989999181125313,0.11059999815188348,True,3857.3907176497914
ECC+AES-256,500,2,433,0.028800001018680632,0.13809998927172273,0.10970000585075468,True,3857.3907176497914
ECC+AES-256,500,2,434,0.02849999873433262,0.13719999697059393,0.10900000052060932,True,3857.3907176497914
ECC+AES-256,500,2,435,0.02849999873433262,0.13860000763088465,0.11019999510608613,True,3857.3907176497914
ECC+AES-256,500,2,436,0.028700000257231295,0.13699999544769526,0.10879999899771065,True,3857.3907176497914
ECC+AES-256,500,2,437,0.028300011763349175,0.1370999962091446,0.10820000898092985,True,3857.3907176497914
ECC+AES-256,500,2,438,0.028299997211433947,0.13679999392479658,0.11049999739043415,True,3857.3907176497914
ECC+AES-256,500,2,439,0.029799994081258774,0.14039999223314226,0.10889999975915998,True,3857.3907176497914
ECC+AES-256,500,2,440,0.028800001018680632,0.13830000534653664,0.10819999442901462,True,3857.3907176497914
ECC+AES-256,500,2,441,0.05099999543745071,0.1897999900393188,0.12159999459981918,True,3857.3907176497914
ECC+AES-256,500,2,442,0.05660000897478312,0.18570000247564167,0.12320000678300858,True,3857.3907176497914
ECC+AES-256,500,2,443,0.0388999906135723,0.15189999248832464,0.11490000179037452,True,3857.3907176497914
ECC+AES-256,500,2,444,0.030399998649954796,0.14120001287665218,0.11160000576637685,True,3857.3907176497914
ECC+AES-256,500,2,445,0.029300004825927317,0.13919999764766544,0.1103000104194507,True,3857.3907176497914
ECC+AES-256,500,2,446,0.029100003303028643,0.15150000399444252,0.11219999578315765,True,3857.3907176497914
ECC+AES-256,500,2,447,0.028800001018680632,0.13839999155607074,0.109500004327856,True,3857.3907176497914
ECC+AES-256,500,2,448,0.028700000257231295,0.13899999612476677,0.10939998901449144,True,3857.3907176497914
ECC+AES-256,500,2,449,0.029100003303028643,0.13929999840911478,0.10930000280495733,True,3857.3907176497914
ECC+AES-256,500,2,450,0.028599999495781958,0.13770000077784061,0.10959999053739011,True,3857.3907176497914
ECC+AES-256,500,2,451,0.028399997972883284,0.13949999993201345,0.10969999129883945,True,3857.3907176497914
ECC+AES-256,500,2,452,0.028299997211433947,0.1360000023851171,0.10869999823626131,True,3857.3907176497914
ECC+AES-256,500,2,453,0.028299997211433947,0.13760000001639128,0.10910000128205866,True,3857.3907176497914
ECC+AES-256,500,2,454,0.028399997972883284,0.13760000001639128,0.10910000128205866,True,3857.3907176497914
ECC+AES-256,500,2,455,0.02849999873433262,0.13870000839233398,0.10889999975915998,True,3857.3907176497914
ECC+AES-256,500,2,456,0.028299997211433947,0.1382000045850873,0.10880001354962587,True,3857.3907176497914
ECC+AES-256,500,2,457,0.028400012524798512,0.13690000923816115,0.10830000974237919,True,3857.3907176497914
ECC+AES-256,500,2,458,0.028999987989664078,0.13800000306218863,0.10829999519046396,True,3857.3907176497914
ECC+AES-256,500,2,459,0.028800001018680632,0.1379000023007393,0.10930000280495733,True,3857.3907176497914
ECC+AES-256,500,2,460,0.02929999027401209,0.13889999536331743,0.10940000356640667,True,3857.3907176497914
ECC+AES-256,500,2,461,0.02920000406447798,0.13699999544769526,0.10900000052060932,True,3857.3907176497914
ECC+AES-256,500,2,462,0.028299997211433947,0.13899999612476677,0.10910000128205866,True,3857.3907176497914
ECC+AES-256,500,2,463,0.028700000257231295,0.1497999910498038,0.11639999866019934,True,3857.3907176497914
ECC+AES-256,500,2,464,0.028299997211433947,0.13780000153928995,0.10879999899771065,True,3857.3907176497914
ECC+AES-256,500,2,465,0.028599999495781958,0.1379000023007393,0.10889999975915998,True,3857.3907176497914
ECC+AES-256,500,2,466,0.028399997972883284,0.1379000023007393,0.10999999358318746,True,3857.3907176497914
ECC+AES-256,500,2,467,0.02849999873433262,0.13800000306218863,0.10889999975915998,True,3857.3907176497914
ECC+AES-256,500,2,468,0.02849999873433262,0.1370999962091446,0.109200002043508,True,3857.3907176497914
ECC+AES-256,500,2,469,0.028399997972883284,0.13800000306218863,0.10960000508930534,True,3857.3907176497914
ECC+AES-256,500,2,470,0.029000002541579306,0.13769998622592539,0.10900000052060932,True,3857.3907176497914
ECC+AES-256,500,2,471,0.028399997972883284,0.1424999936716631,0.1784999913070351,True,3857.3907176497914
ECC+AES-256,500,2,472,0.038700003642588854,0.17250000382773578,0.12479998986236751,True,3857.3907176497914
ECC+AES-256,500,2,473,0.03860000288113952,0.1584999990882352,0.11449999874457717,True,3857.3907176497914
ECC+AES-256,500,2,474,0.030700000934302807,0.14180000289343297,0.1109000004362315,True,3857.3907176497914
ECC+AES-256,500,2,475,0.028800001018680632,0.13869999384041876,0.11020000965800136,True,3857.3907176497914
ECC+AES-256,500,2,476,0.029000002541579306,0.1382999907946214,0.10889999975915998,True,3857.3907176497914
ECC+AES-256,500,2,477,0.028700000257231295,0.13719999697059393,0.10859999747481197,True,3857.3907176497914
ECC+AES-256,500,2,478,0.028400012524798512,0.13880000915378332,0.11080001422669739,True,3857.3907176497914
ECC+AES-256,500,2,479,0.029000002541579306,0.13970000145491213,0.10979999206028879,True,3857.3907176497914
ECC+AES-256,500,2,480,0.028400012524798512,0.1385000068694353,0.10859999747481197,True,3857.3907176497914
ECC+AES-256,500,2,481,0.02820001100189984,0.13670000771526247,0.10900000052060932,True,3857.3907176497914
ECC+AES-256,500,2,482,0.028299997211433947,0.13699999544769526,0.10889999975915998,True,3857.3907176497914
ECC+AES-256,500,2,483,0.028700000257231295,0.13800000306218863,0.10910000128205866,True,3857.3907176497914
ECC+AES-256,500,2,484,0.02850001328624785,0.13710001076105982,0.10940000356640667,True,3857.3907176497914
ECC+AES-256,500,2,485,0.028599999495781958,0.16719999257475138,0.11150000500492752,True,3857.3907176497914
ECC+AES-256,500,2,486,0.029499991796910763,0.1382999907946214,0.11010000889655203,True,3857.3907176497914
ECC+AES-256,500,2,487,0.028399997972883284,0.15100000018719584,0.1109000004362315,True,3857.3907176497914
ECC+AES-256,500,2,488,0.028700000257231295,0.15019999409560114,0.10859999747481197,True,3857.3907176497914
ECC+AES-256,500,2,489,0.02849999873433262,0.13770000077784061,0.10849999671336263,True,3857.3907176497914
ECC+AES-256,500,2,490,0.02849999873433262,0.1382999907946214,0.109500004327856,True,3857.3907176497914
ECC+AES-256,500,2,491,0.028299997211433947,0.13919999764766544,0.10910000128205866,True,3857.3907176497914
ECC+AES-256,500,2,492,0.028399997972883284,0.13749999925494194,0.10889999975915998,True,3857.3907176497914
ECC+AES-256,500,2,493,0.0281000102404505,0.13630000466946512,0.10799999290611595,True,3857.3907176497914
ECC+AES-256,500,2,494,0.028299997211433947,0.13729999773204327,0.10940000356640667,True,3857.3907176497914
ECC+AES-256,500,2,495,0.02819999644998461,0.13770000077784061,0.10989999282173812,True,3857.3907176497914
ECC+AES-256,500,2,496,0.028299997211433947,0.13939999917056412,0.11039999662898481,True,3857.3907176497914
ECC+AES-256,500,2,497,0.028700000257231295,0.14399999054148793,0.10940000356640667,True,3857.3907176497914
ECC+AES-256,500,2,498,0.028399997972883284,0.13689999468624592,0.10809999366756529,True,3857.3907176497914
ECC+AES-256,500,2,499,0.028599999495781958,0.13610000314656645,0.1117999927373603,True,3857.3907176497914
ECC+AES-256,500,2,500,0.029000002541579306,0.13760000001639128,0.10910000128205866,True,3857.3907176497914
ECC+AES-256,500,3,1,6.8866999936290085,2.0499000092968345,0.24139999004546553,True,3803.666889488336
ECC+AES-256,500,3,2,0.05220000457484275,0.19749999046325684,0.1328000071225688,True,3803.666889488336
ECC+AES-256,500,3,3,0.03640000068116933,0.17749999824445695,0.12730000889860094,True,3803.666889488336
ECC+AES-256,500,3,4,0.0320999970426783,0.1573999907122925,0.11989999620709568,True,3803.666889488336
ECC+AES-256,500,3,5,0.031400006264448166,0.15539999003522098,0.11959999392274767,True,3803.666889488336
ECC+AES-256,500,3,6,0.03340000694151968,0.16250000044237822,0.12269998842384666,True,3803.666889488336
ECC+AES-256,500,3,7,0.030800001695752144,0.15579999308101833,0.11920000542886555,True,3803.666889488336
ECC+AES-256,500,3,8,0.030099996365606785,0.152299995534122,0.12229999992996454,True,3803.666889488336
ECC+AES-256,500,3,9,0.035900011425837874,0.17090000619646162,0.1196000084746629,True,3803.666889488336
ECC+AES-256,500,3,10,0.031000003218650818,0.1531000016257167,0.11809999705292284,True,3803.666889488336
ECC+AES-256,500,3,11,0.030100010917522013,0.1559000083943829,0.11630001245066524,True,3803.666889488336
ECC+AES-256,500,3,12,0.033499993151053786,0.14659999578725547,0.1134999911300838,True,3803.666889488336
ECC+AES-256,500,3,13,0.02989999484270811,0.14859999646432698,0.1134999911300838,True,3803.666889488336
ECC+AES-256,500,3,14,0.02989999484270811,0.149200001033023,0.11399999493733048,True,3803.666889488336
ECC+AES-256,500,3,15,0.029300004825927317,0.14799999189563096,0.11239999730605632,True,3803.666889488336
ECC+AES-256,500,3,16,0.02890000178012997,0.146100006531924,0.11719999019987881,True,3803.666889488336
ECC+AES-256,500,3,17,0.02950000634882599,0.15269999857991934,0.11269999959040433,True,3803.666889488336
ECC+AES-256,500,3,18,0.02920000406447798,0.14659999578725547,0.11309998808428645,True,3803.666889488336
ECC+AES-256,500,3,19,0.029100003303028643,0.14570000348612666,0.11199999426025897,True,3803.666889488336
ECC+AES-256,500,3,20,0.029100003303028643,0.14619999274145812,0.11199999426025897,True,3803.666889488336
ECC+AES-256,500,3,21,0.029699993319809437,0.14730000111740083,0.11329998960718513,True,3803.666889488336
ECC+AES-256,500,3,22,0.02920000406447798,0.14630000805482268,0.11189999349880964,True,3803.666889488336
ECC+AES-256,500,3,23,0.02889998722821474,0.146100006531924,0.11300000187475234,True,3803.666889488336
ECC+AES-256,500,3,24,0.029100003303028643,0.1455999881727621,0.11310000263620168,True,3803.666889488336
ECC+AES-256,500,3,25,0.029000002541579306,0.15110000094864517,0.11319998884573579,True,3803.666889488336
ECC+AES-256,500,3,26,0.02889998722821474,0.14519999967887998,0.11320000339765102,True,3803.666889488336
ECC+AES-256,500,3,27,0.02929999027401209,0.14699999883305281,0.11670000094454736,True,3803.666889488336
ECC+AES-256,500,3,28,0.029499991796910763,0.14649999502580613,0.11160000576637685,True,3803.666889488336
ECC+AES-256,500,3,29,0.02890000178012997,0.14479999663308263,0.11310000263620168,True,3803.666889488336
ECC+AES-256,500,3,30,0.028999987989664078,0.14679999731015414,0.11280000035185367,True,3803.666889488336
ECC+AES-256,500,3,31,0.02889998722821474,0.146100006531924,0.11140000424347818,True,3803.666889488336
ECC+AES-256,500,3,32,0.028999987989664078,0.14509999891743064,0.11150000500492752,True,3803.666889488336
ECC+AES-256,500,3,33,0.02920000406447798,0.14869999722577631,0.11189999349880964,True,3803.666889488336
ECC+AES-256,500,3,34,0.028800001018680632,0.14649999502580613,0.11329998960718513,True,3803.666889488336
ECC+AES-256,500,3,35,0.029099988751113415,0.14699999883305281,0.11320000339765102,True,3803.666889488336
ECC+AES-256,500,3,36,0.028700000257231295,0.1463999942643568,0.11320000339765102,True,3803.666889488336
ECC+AES-256,500,3,37,0.028700000257231295,0.14509999891743064,0.1120000088121742,True,3803.666889488336
ECC+AES-256,500,3,38,0.028599999495781958,0.14489999739453197,0.11699998867698014,True,3803.666889488336
ECC+AES-256,500,3,39,0.032500000088475645,0.15210000856313854,0.11389999417588115,True,3803.666889488336
ECC+AES-256,500,3,40,0.029799994081258774,0.14699999883305281,0.11350000568199903,True,3803.666889488336
ECC+AES-256,500,3,41,0.029300004825927317,0.14600000577047467,0.11280000035185367,True,3803.666889488336
ECC+AES-256,500,3,42,0.02890000178012997,0.14730000111740083,0.11250001261942089,True,3803.666889488336
ECC+AES-256,500,3,43,0.02920000406447798,0.14630000805482268,0.112599998828955,True,3803.666889488336
ECC+AES-256,500,3,44,0.029300004825927317,0.1455999881727621,0.112900001113303,True,3803.666889488336
ECC+AES-256,500,3,45,0.02890000178012997,0.14480001118499786,0.1137000072048977,True,3803.666889488336
ECC+AES-256,500,3,46,0.02849999873433262,0.146100006531924,0.11310000263620168,True,3803.666889488336
ECC+AES-256,500,3,47,0.02950000634882599,0.14870001177769154,0.11350000568199903,True,3803.666889488336
ECC+AES-256,500,3,48,0.029700007871724665,0.1508000132162124,0.11330000415910035,True,3803.666889488336
ECC+AES-256,500,3,49,0.029000002541579306,0.145800004247576,0.1134999911300838,True,3803.666889488336
ECC+AES-256,500,3,50,0.029199989512562752,0.145800004247576,0.1120000088121742,True,3803.666889488336
ECC+AES-256,500,3,51,0.029000002541579306,0.14539998664986342,0.11269999959040433,True,3803.666889488336
ECC+AES-256,500,3,52,0.02920000406447798,0.14560000272467732,0.11300000187475234,True,3803.666889488336
ECC+AES-256,500,3,53,0.0295999925583601,0.14649999502580613,0.11399999493733048,True,3803.666889488336
ECC+AES-256,500,3,54,0.029499991796910763,0.15160000475589186,0.11299998732283711,True,3803.666889488336
ECC+AES-256,500,3,55,0.02890000178012997,0.14679999731015414,0.112900001113303,True,3803.666889488336
ECC+AES-256,500,3,56,0.029499991796910763,0.15979999443516135,0.11779999476857483,True,3803.666889488336
ECC+AES-256,500,3,57,0.029000002541579306,0.14659999578725547,0.11270001414231956,True,3803.666889488336
ECC+AES-256,500,3,58,0.0295999925583601,0.14730000111740083,0.11399999493733048,True,3803.666889488336
ECC+AES-256,500,3,59,0.02920000406447798,0.14599999121855944,0.11310000263620168,True,3803.666889488336
ECC+AES-256,500,3,60,0.029100003303028643,0.14509999891743064,0.11229999654460698,True,3803.666889488336
ECC+AES-256,500,3,61,0.028800001018680632,0.14519999967887998,0.11209999502170831,True,3803.666889488336
ECC+AES-256,500,3,62,0.029000002541579306,0.145500001963228,0.11280000035185367,True,3803.666889488336
ECC+AES-256,500,3,63,0.029699993319809437,0.146100006531924,0.11210000957362354,True,3803.666889488336
ECC+AES-256,500,3,64,0.029000002541579306,0.15690000145696104,0.112599998828955,True,3803.666889488336
ECC+AES-256,500,3,65,0.02920000406447798,0.14579998969566077,0.11269999959040433,True,3803.666889488336
ECC+AES-256,500,3,66,0.029100003303028643,0.14540000120177865,0.11269999959040433,True,3803.666889488336
ECC+AES-256,500,3,67,0.028599999495781958,0.14570000348612666,0.11329998960718513,True,3803.666889488336
ECC+AES-256,500,3,68,0.028800001018680632,0.14519999967887998,0.11229999654460698,True,3803.666889488336
ECC+AES-256,500,3,69,0.03229999856557697,0.15409999468829483,0.11719999019987881,True,3803.666889488336
ECC+AES-256,500,3,70,0.029999995604157448,0.1483999949414283,0.11559999256860465,True,3803.666889488336
ECC+AES-256,500,3,71,0.029600007110275328,0.14800000644754618,0.11229999654460698,True,3803.666889488336
ECC+AES-256,500,3,72,0.02950000634882599,0.14659999578725547,0.112900001113303,True,3803.666889488336
ECC+AES-256,500,3,73,0.02989999484270811,0.14519999967887998,0.11240001185797155,True,3803.666889488336
ECC+AES-256,500,3,74,0.029300004825927317,0.14649999502580613,0.11339999036863446,True,3803.666889488336
ECC+AES-256,500,3,75,0.029600007110275328,0.14730000111740083,0.11400000948924571,True,3803.666889488336
ECC+AES-256,500,3,76,0.02989999484270811,0.14650000957772136,0.11310000263620168,True,3803.666889488336
ECC+AES-256,500,3,77,0.029700007871724665,0.1596000074641779,0.11730000551324338,True,3803.666889488336
ECC+AES-256,500,3,78,0.035299992305226624,0.15829999756533653,0.11510000331327319,True,3803.666889488336
ECC+AES-256,500,3,79,0.029699993319809437,0.14799999189563096,0.11449999874457717,True,3803.666889488336
ECC+AES-256,500,3,80,0.029000002541579306,0.1466000103391707,0.11330000415910035,True,3803.666889488336
ECC+AES-256,500,3,81,0.02890000178012997,0.14480001118499786,0.11229999654460698,True,3803.666889488336
ECC+AES-256,500,3,82,0.029100003303028643,0.14540000120177865,0.11229999654460698,True,3803.666889488336
ECC+AES-256,500,3,83,0.029100003303028643,0.145500001963228,0.112900001113303,True,3803.666889488336
ECC+AES-256,500,3,84,0.02920000406447798,0.18819999240804464,0.11889998859260231,True,3803.666889488336
ECC+AES-256,500,3,85,0.0320999970426783,0.15490000077988952,0.11480000102892518,True,3803.666889488336
ECC+AES-256,500,3,86,0.02950000634882599,0.15999999595806003,0.11579999409150332,True,3803.666889488336
ECC+AES-256,500,3,87,0.030400013201870024,0.1472000003559515,0.11320000339765102,True,3803.666889488336
ECC+AES-256,500,3,88,0.029300004825927317,0.145500001963228,0.11209999502170831,True,3803.666889488336
ECC+AES-256,500,3,89,0.029199989512562752,0.1449999981559813,0.1117999927373603,True,3803.666889488336
ECC+AES-256,500,3,90,0.02890000178012997,0.14519999967887998,0.112900001113303,True,3803.666889488336
ECC+AES-256,500,3,91,0.02889998722821474,0.14560000272467732,0.11310000263620168,True,3803.666889488336
ECC+AES-256,500,3,92,0.028800001018680632,0.14549998741131276,0.11170000652782619,True,3803.666889488336
ECC+AES-256,500,3,93,0.02890000178012997,0.14479999663308263,0.11330000415910035,True,3803.666889488336
ECC+AES-256,500,3,94,0.029099988751113415,0.1604999997653067,0.1117999927373603,True,3803.666889488336
ECC+AES-256,500,3,95,0.029100003303028643,0.14680001186206937,0.112599998828955,True,3803.666889488336
ECC+AES-256,500,3,96,0.02890000178012997,0.14600000577047467,0.112900001113303,True,3803.666889488336
ECC+AES-256,500,3,97,0.029399991035461426,0.148899998748675,0.11660000018309802,True,3803.666889488336
ECC+AES-256,500,3,98,0.029100003303028643,0.145800004247576,0.11300000187475234,True,3803.666889488336
ECC+AES-256,500,3,99,0.0320999970426783,0.15159999020397663,0.11439999798312783,True,3803.666889488336
ECC+AES-256,500,3,100,0.029499991796910763,0.14699999883305281,0.11309998808428645,True,3803.666889488336
ECC+AES-256,500,3,101,0.029400005587376654,0.14570000348612666,0.11369999265298247,True,3803.666889488336
ECC+AES-256,500,3,102,0.0295999925583601,0.14679999731015414,0.11389999417588115,True,3803.666889488336
ECC+AES-256,500,3,103,0.029400005587376654,0.16090000281110406,0.112900001113303,True,3803.666889488336
ECC+AES-256,500,3,104,0.029400005587376654,0.1466999965487048,0.11269999959040433,True,3803.666889488336
ECC+AES-256,500,3,105,0.0295999925583601,0.14629999350290745,0.11310000263620168,True,3803.666889488336
ECC+AES-256,500,3,106,0.029600007110275328,0.146100006531924,0.11309998808428645,True,3803.666889488336
ECC+AES-256,500,3,107,0.029400005587376654,0.1446999958716333,0.11219999578315765,True,3803.666889488336
ECC+AES-256,500,3,108,0.029300004825927317,0.14730000111740083,0.11340000492054969,True,3803.666889488336
ECC+AES-256,500,3,109,0.02890000178012997,0.14629999350290745,0.11300000187475234,True,3803.666889488336
ECC+AES-256,500,3,110,0.02929999027401209,0.14570000348612666,0.11219999578315765,True,3803.666889488336
ECC+AES-256,500,3,111,0.029100003303028643,0.1584999990882352,0.11520000407472253,True,3803.666889488336
ECC+AES-256,500,3,112,0.029400005587376654,0.1469000126235187,0.1137000072048977,True,3803.666889488336
ECC+AES-256,500,3,113,0.028999987989664078,0.14560000272467732,0.11319998884573579,True,3803.666889488336
ECC+AES-256,500,3,114,0.02890000178012997,0.14420000661630183,0.1120000088121742,True,3803.666889488336
ECC+AES-256,500,3,115,0.028599999495781958,0.14449999434873462,0.11169999197591096,True,3803.666889488336
ECC+AES-256,500,3,116,0.02890000178012997,0.1449000119464472,0.11190000805072486,True,3803.666889488336
ECC+AES-256,500,3,117,0.028800001018680632,0.14519999967887998,0.11160000576637685,True,3803.666889488336
ECC+AES-256,500,3,118,0.028599999495781958,0.1444000081392005,0.1120000088121742,True,3803.666889488336
ECC+AES-256,500,3,119,0.02950000634882599,0.16000001050997525,0.11480000102892518,True,3803.666889488336
ECC+AES-256,500,3,120,0.028800001018680632,0.14650000957772136,0.112599998828955,True,3803.666889488336
ECC+AES-256,500,3,121,0.028599999495781958,0.14689999807160348,0.11230001109652221,True,3803.666889488336
ECC+AES-256,500,3,122,0.029000002541579306,0.14429999282583594,0.11190000805072486,True,3803.666889488336
ECC+AES-256,500,3,123,0.02890000178012997,0.1449999981559813,0.112599998828955,True,3803.666889488336
ECC+AES-256,500,3,124,0.028800001018680632,0.14650000957772136,0.11400000948924571,True,3803.666889488336
ECC+AES-256,500,3,125,0.029100003303028643,0.145500001963228,0.11189999349880964,True,3803.666889488336
ECC+AES-256,500,3,126,0.028999987989664078,0.14540000120177865,0.11239999730605632,True,3803.666889488336
ECC+AES-256,500,3,127,0.029100003303028643,0.15950000670272857,0.11720000475179404,True,3803.666889488336
ECC+AES-256,500,3,128,0.02890000178012997,0.145800004247576,0.11230001109652221,True,3803.666889488336
ECC+AES-256,500,3,129,0.029100003303028643,0.145500001963228,0.11229999654460698,True,3803.666889488336
ECC+AES-256,500,3,130,0.02849999873433262,0.1703000016277656,0.11390000872779638,True,3803.666889488336
ECC+AES-256,500,3,131,0.02990000939462334,0.1466999965487048,0.11300000187475234,True,3803.666889488336
ECC+AES-256,500,3,132,0.028700000257231295,0.14599999121855944,0.11149999045301229,True,3803.666889488336
ECC+AES-256,500,3,133,0.028800001018680632,0.14600000577047467,0.11230001109652221,True,3803.666889488336
ECC+AES-256,500,3,134,0.028700000257231295,0.14430000737775117,0.11159999121446162,True,3803.666889488336
ECC+AES-256,500,3,135,0.029000002541579306,0.1601999974809587,0.112599998828955,True,3803.666889488336
ECC+AES-256,500,3,136,0.028800001018680632,0.14449999434873462,0.112599998828955,True,3803.666889488336
ECC+AES-256,500,3,137,0.02920000406447798,0.14379998901858926,0.11209999502170831,True,3803.666889488336
ECC+AES-256,500,3,138,0.029000002541579306,0.14479999663308263,0.11189999349880964,True,3803.666889488336
ECC+AES-256,500,3,139,0.0295999925583601,0.1463999942643568,0.112599998828955,True,3803.666889488336
ECC+AES-256,500,3,140,0.029400005587376654,0.14489999739453197,0.11320000339765102,True,3803.666889488336
ECC+AES-256,500,3,141,0.028999987989664078,0.1466999965487048,0.11310000263620168,True,3803.666889488336
ECC+AES-256,500,3,142,0.028800001018680632,0.14590000500902534,0.11210000957362354,True,3803.666889488336
ECC+AES-256,500,3,143,0.029399991035461426,0.15439999697264284,0.11280000035185367,True,3803.666889488336
ECC+AES-256,500,3,144,0.028800001018680632,0.14449999434873462,0.11189999349880964,True,3803.666889488336
ECC+AES-256,500,3,145,0.029100003303028643,0.14459999511018395,0.11129998893011361,True,3803.666889488336
ECC+AES-256,500,3,146,0.028700000257231295,0.14430000737775117,0.11140000424347818,True,3803.666889488336
ECC+AES-256,500,3,147,0.028599999495781958,0.1441999920643866,0.11180000728927553,True,3803.666889488336
ECC+AES-256,500,3,148,0.028800001018680632,0.14509999891743064,0.11180000728927553,True,3803.666889488336
ECC+AES-256,500,3,149,0.029100003303028643,0.14609999198000878,0.11249999806750566,True,3803.666889488336
ECC+AES-256,500,3,150,0.02890000178012997,0.14620000729337335,0.11319998884573579,True,3803.666889488336
ECC+AES-256,500,3,151,0.029000002541579306,0.15530000382568687,0.11310000263620168,True,3803.666889488336
ECC+AES-256,500,3,152,0.028799986466765404,0.145500001963228,0.1134999911300838,True,3803.666889488336
ECC+AES-256,500,3,153,0.028800001018680632,0.14569998893421143,0.11269999959040433,True,3803.666889488336
ECC+AES-256,500,3,154,0.028700000257231295,0.1449999981559813,0.11140000424347818,True,3803.666889488336
ECC+AES-256,500,3,155,0.029199989512562752,0.14509999891743064,0.1117999927373603,True,3803.666889488336
ECC+AES-256,500,3,156,0.029000002541579306,0.14519999967887998,0.11280000035185367,True,3803.666889488336
ECC+AES-256,500,3,157,0.028599999495781958,0.1453000004403293,0.11280000035185367,True,3803.666889488336
ECC+AES-256,500,3,158,0.029099988751113415,0.14740000187885016,0.11329998960718513,True,3803.666889488336
ECC+AES-256,500,3,159,0.02890000178012997,0.1581999968038872,0.11280000035185367,True,3803.666889488336
ECC+AES-256,500,3,160,0.02849999873433262,0.1444000081392005,0.1134999911300838,True,3803.666889488336
ECC+AES-256,500,3,161,0.030700000934302807,0.15039999561849982,0.11910000466741621,True,3803.666889488336
ECC+AES-256,500,3,162,0.030399998649954796,0.14789999113418162,0.11320000339765102,True,3803.666889488336
ECC+AES-256,500,3,163,0.02920000406447798,0.145800004247576,0.11389999417588115,True,3803.666889488336
ECC+AES-256,500,3,164,0.029000002541579306,0.1478000049246475,0.11310000263620168,True,3803.666889488336
ECC+AES-256,500,3,165,0.029000002541579306,0.14649999502580613,0.11339999036863446,True,3803.666889488336
ECC+AES-256,500,3,166,0.029300004825927317,0.14509999891743064,0.11340000492054969,True,3803.666889488336
ECC+AES-256,500,3,167,0.029000002541579306,0.1463999942643568,0.1142999972216785,True,3803.666889488336
ECC+AES-256,500,3,168,0.028700000257231295,0.14689999807160348,0.11340000492054969,True,3803.666889488336
ECC+AES-256,500,3,169,0.029100003303028643,0.14649999502580613,0.11329998960718513,True,3803.666889488336
ECC+AES-256,500,3,170,0.029000002541579306,0.14570000348612666,0.11269999959040433,True,3803.666889488336
ECC+AES-256,500,3,171,0.028700000257231295,0.14590000500902534,0.11149999045301229,True,3803.666889488336
ECC+AES-256,500,3,172,0.028800001018680632,0.1446999958716333,0.11239999730605632,True,3803.666889488336
ECC+AES-256,500,3,173,0.028999987989664078,0.1466999965487048,0.11280000035185367,True,3803.666889488336
ECC+AES-256,500,3,174,0.02920000406447798,0.15430001076310873,0.112900001113303,True,3803.666889488336
ECC+AES-256,500,3,175,0.028700000257231295,0.145800004247576,0.11239999730605632,True,3803.666889488336
ECC+AES-256,500,3,176,0.029100003303028643,0.14569998893421143,0.11269999959040433,True,3803.666889488336
ECC+AES-256,500,3,177,0.02849999873433262,0.14500001270789653,0.112900001113303,True,3803.666889488336
ECC+AES-256,500,3,178,0.02890000178012997,0.14570000348612666,0.1134999911300838,True,3803.666889488336
ECC+AES-256,500,3,179,0.029000002541579306,0.14570000348612666,0.11249999806750566,True,3803.666889488336
ECC+AES-256,500,3,180,0.02890000178012997,0.1463999942643568,0.11300000187475234,True,3803.666889488336
ECC+AES-256,500,3,181,0.028800001018680632,0.15039999561849982,0.11269999959040433,True,3803.666889488336
ECC+AES-256,500,3,182,0.028800001018680632,0.15830001211725175,0.11280000035185367,True,3803.666889488336
ECC+AES-256,500,3,183,0.028599999495781958,0.14609999198000878,0.112599998828955,True,3803.666889488336
ECC+AES-256,500,3,184,0.029000002541579306,0.14450000890064985,0.1117999927373603,True,3803.666889488336
ECC+AES-256,500,3,185,0.029100003303028643,0.14430000737775117,0.11189999349880964,True,3803.666889488336
ECC+AES-256,500,3,186,0.035299992305226624,0.1630000042496249,0.11750000703614205,True,3803.666889488336
ECC+AES-256,500,3,187,0.031400006264448166,0.15029999485705048,0.1142999972216785,True,3803.666889488336
ECC+AES-256,500,3,188,0.030000010156072676,0.14650000957772136,0.11320000339765102,True,3803.666889488336
ECC+AES-256,500,3,189,0.029300004825927317,0.1463999942643568,0.11329998960718513,True,3803.666889488336
ECC+AES-256,500,3,190,0.02929999027401209,0.14910000027157366,0.11310000263620168,True,3803.666889488336
ECC+AES-256,500,3,191,0.028399997972883284,0.17040000238921493,0.11389999417588115,True,3803.666889488336
ECC+AES-256,500,3,192,0.030700000934302807,0.1483000087318942,0.1145999995060265,True,3803.666889488336
ECC+AES-256,500,3,193,0.029000002541579306,0.14609999198000878,0.11199999426025897,True,3803.666889488336
ECC+AES-256,500,3,194,0.028999987989664078,0.14640000881627202,0.11400000948924571,True,3803.666889488336
ECC+AES-256,500,3,195,0.028700000257231295,0.14649999502580613,0.11379999341443181,True,3803.666889488336
ECC+AES-256,500,3,196,0.02890000178012997,0.14579998969566077,0.11229999654460698,True,3803.666889488336
ECC+AES-256,500,3,197,0.028800001018680632,0.1453000004403293,0.112900001113303,True,3803.666889488336
ECC+AES-256,500,3,198,0.029199989512562752,0.1568000006955117,0.11239999730605632,True,3803.666889488336
ECC+AES-256,500,3,199,0.028799986466765404,0.1466999965487048,0.11229999654460698,True,3803.666889488336
ECC+AES-256,500,3,200,0.029300004825927317,0.14519999967887998,0.1120000088121742,True,3803.666889488336
ECC+AES-256,500,3,201,0.02890000178012997,0.14439999358728528,0.11249999806750566,True,3803.666889488336
ECC+AES-256,500,3,202,0.02890000178012997,0.14509999891743064,0.11269999959040433,True,3803.666889488336
ECC+AES-256,500,3,203,0.028700000257231295,0.14489999739453197,0.11189999349880964,True,3803.666889488336
ECC+AES-256,500,3,204,0.02890000178012997,0.14590000500902534,0.11210000957362354,True,3803.666889488336
ECC+AES-256,500,3,205,0.029300004825927317,0.14579998969566077,0.11280000035185367,True,3803.666889488336
ECC+AES-256,500,3,206,0.029699993319809437,0.1613000058569014,0.11239999730605632,True,3803.666889488336
ECC+AES-256,500,3,207,0.028700000257231295,0.14599999121855944,0.11189999349880964,True,3803.666889488336
ECC+AES-256,500,3,208,0.029300004825927317,0.14539998664986342,0.11160000576637685,True,3803.666889488336
ECC+AES-256,500,3,209,0.029100003303028643,0.146100006531924,0.112599998828955,True,3803.666889488336
ECC+AES-256,500,3,210,0.029400005587376654,0.14569998893421143,0.11280000035185367,True,3803.666889488336
ECC+AES-256,500,3,211,0.02889998722821474,0.14659999578725547,0.11239999730605632,True,3803.666889488336
ECC+AES-256,500,3,212,0.028700000257231295,0.14479999663308263,0.11169999197591096,True,3803.666889488336
ECC+AES-256,500,3,213,0.028800001018680632,0.14470001042354852,0.1120000088121742,True,3803.666889488336
ECC+AES-256,500,3,214,0.02920000406447798,0.15920000441838056,0.1117999927373603,True,3803.666889488336
ECC+AES-256,500,3,215,0.028999987989664078,0.14630000805482268,0.11230001109652221,True,3803.666889488336
ECC+AES-256,500,3,216,0.029199989512562752,0.14659999578725547,0.112900001113303,True,3803.666889488336
ECC+AES-256,500,3,217,0.02920000406447798,0.146100006531924,0.11310000263620168,True,3803.666889488336
ECC+AES-256,500,3,218,0.029300004825927317,0.1449999981559813,0.11230001109652221,True,3803.666889488336
ECC+AES-256,500,3,219,0.028700000257231295,0.14350000128615648,0.1112000027205795,True,3803.666889488336
ECC+AES-256,500,3,220,0.028700000257231295,0.14479999663308263,0.11210000957362354,True,3803.666889488336
ECC+AES-256,500,3,221,0.02849999873433262,0.14449999434873462,0.11269999959040433,True,3803.666889488336
ECC+AES-256,500,3,222,0.03750000905711204,0.1711000077193603,0.11930000619031489,True,3803.666889488336
ECC+AES-256,500,3,223,0.030800001695752144,0.15189999248832464,0.11409999569877982,True,3803.666889488336
ECC+AES-256,500,3,224,0.030799987143836915,0.15210000856313854,0.11380000796634704,True,3803.666889488336
ECC+AES-256,500,3,225,0.029400005587376654,0.14769998961128294,0.11439999798312783,True,3803.666889488336
ECC+AES-256,500,3,226,0.02929999027401209,0.14709999959450215,0.11249999806750566,True,3803.666889488336
ECC+AES-256,500,3,227,0.02929999027401209,0.14600000577047467,0.11220001033507288,True,3803.666889488336
ECC+AES-256,500,3,228,0.028999987989664078,0.1466999965487048,0.11239999730605632,True,3803.666889488336
ECC+AES-256,500,3,229,0.0278999941656366,0.14289999671746045,0.10940000356640667,True,3803.666889488336
ECC+AES-256,500,3,230,0.029000002541579306,0.14649999502580613,0.10990000737365335,True,3803.666889488336
ECC+AES-256,500,3,231,0.02819999644998461,0.14289999671746045,0.10869999823626131,True,3803.666889488336
ECC+AES-256,500,3,232,0.02819999644998461,0.1416000013705343,0.10910000128205866,True,3803.666889488336
ECC+AES-256,500,3,233,0.02819999644998461,0.14230000670067966,0.10940000356640667,True,3803.666889488336
ECC+AES-256,500,3,234,0.02950000634882599,0.14210000517778099,0.10889999975915998,True,3803.666889488336
ECC+AES-256,500,3,235,0.02890000178012997,0.14199998986441642,0.11000000813510269,True,3803.666889488336
ECC+AES-256,500,3,236,0.02849999873433262,0.14309999824035913,0.11029999586753547,True,3803.666889488336
ECC+AES-256,500,3,237,0.028299997211433947,0.1421999913873151,0.10930000280495733,True,3803.666889488336
ECC+AES-256,500,3,238,0.02819999644998461,0.14179998834151775,0.10970000585075468,True,3803.666889488336
ECC+AES-256,500,3,239,0.028299997211433947,0.1548000000184402,0.11480000102892518,True,3803.666889488336
ECC+AES-256,500,3,240,0.02849999873433262,0.1421999913873151,0.1083999959519133,True,3803.666889488336
ECC+AES-256,500,3,241,0.028399997972883284,0.14229999214876443,0.10969999129883945,True,3803.666889488336
ECC+AES-256,500,3,242,0.02849999873433262,0.14150000060908496,0.109200002043508,True,3803.666889488336
ECC+AES-256,500,3,243,0.027900008717551827,0.14150000060908496,0.10879999899771065,True,3803.666889488336
ECC+AES-256,500,3,244,0.027700007194653153,0.14099999680183828,0.1083999959519133,True,3803.666889488336
ECC+AES-256,500,3,245,0.027900008717551827,0.14110001211520284,0.10960000508930534,True,3803.666889488336
ECC+AES-256,500,3,246,0.0278999941656366,0.14210000517778099,0.10960000508930534,True,3803.666889488336
ECC+AES-256,500,3,247,0.028000009479001164,0.1416000013705343,0.11019999510608613,True,3803.666889488336
ECC+AES-256,500,3,248,0.02849999873433262,0.14960000407882035,0.11069999891333282,True,3803.666889488336
ECC+AES-256,500,3,249,0.028599999495781958,0.1441000058548525,0.10989999282173812,True,3803.666889488336
ECC+AES-256,500,3,250,0.028599999495781958,0.14170000213198364,0.10940000356640667,True,3803.666889488336
ECC+AES-256,500,3,251,0.028000009479001164,0.1412999990861863,0.1086000120267272,True,3803.666889488336
ECC+AES-256,500,3,252,0.028000009479001164,0.14259999443311244,0.10969999129883945,True,3803.666889488336
ECC+AES-256,500,3,253,0.0278999941656366,0.1412999990861863,0.10930000280495733,True,3803.666889488336
ECC+AES-256,500,3,254,0.027900008717551827,0.19370000518392771,0.11389999417588115,True,3803.666889488336
ECC+AES-256,500,3,255,0.031499992473982275,0.14649999502580613,0.11029999586753547,True,3803.666889488336
ECC+AES-256,500,3,256,0.0295999925583601,0.15789999451953918,0.11079999967478216,True,3803.666889488336
ECC+AES-256,500,3,257,0.028299997211433947,0.14340000052470714,0.10980000661220402,True,3803.666889488336
ECC+AES-256,500,3,258,0.028400012524798512,0.1419000036548823,0.10959999053739011,True,3803.666889488336
ECC+AES-256,500,3,259,0.02849999873433262,0.1416000013705343,0.10869999823626131,True,3803.666889488336
ECC+AES-256,500,3,260,0.02819999644998461,0.1416000013705343,0.10899998596869409,True,3803.666889488336
ECC+AES-256,500,3,261,0.02820001100189984,0.14080000983085483,0.109200002043508,True,3803.666889488336
ECC+AES-256,500,3,262,0.028700000257231295,0.14200000441633165,0.10979999206028879,True,3803.666889488336
ECC+AES-256,500,3,263,0.028399997972883284,0.14259999443311244,0.11019999510608613,True,3803.666889488336
ECC+AES-256,500,3,264,0.028099995688535273,0.1419000036548823,0.11109998740721494,True,3803.666889488336
ECC+AES-256,500,3,265,0.028400012524798512,0.15449999773409218,0.11829999857582152,True,3803.666889488336
ECC+AES-256,500,3,266,0.029000002541579306,0.14210000517778099,0.11049999739043415,True,3803.666889488336
ECC+AES-256,500,3,267,0.02920000406447798,0.14259999443311244,0.11019999510608613,True,3803.666889488336
ECC+AES-256,500,3,268,0.028399997972883284,0.14340000052470714,0.11010000889655203,True,3803.666889488336
ECC+AES-256,500,3,269,0.028300011763349175,0.14119999832473695,0.10889999975915998,True,3803.666889488336
ECC+AES-256,500,3,270,0.028399997972883284,0.14189998910296708,0.10930000280495733,True,3803.666889488336
ECC+AES-256,500,3,271,0.0281000102404505,0.14230000670067966,0.10910000128205866,True,3803.666889488336
ECC+AES-256,500,3,272,0.028399997972883284,0.14120001287665218,0.10910000128205866,True,3803.666889488336
ECC+AES-256,500,3,273,0.027999994927085936,0.1512000017100945,0.11829999857582152,True,3803.666889488336
ECC+AES-256,500,3,274,0.02849999873433262,0.14029999147169292,0.10889999975915998,True,3803.666889488336
ECC+AES-256,500,3,275,0.028299997211433947,0.14009998994879425,0.10810000821948051,True,3803.666889488336
ECC+AES-256,500,3,276,0.027900008717551827,0.14139999984763563,0.10910000128205866,True,3803.666889488336
ECC+AES-256,500,3,277,0.0278999941656366,0.13970000145491213,0.10930000280495733,True,3803.666889488336
ECC+AES-256,500,3,278,0.027799993404187262,0.1407999952789396,0.10859999747481197,True,3803.666889488336
ECC+AES-256,500,3,279,0.028000009479001164,0.14090001059230417,0.1075999898603186,True,3803.666889488336
ECC+AES-256,500,3,280,0.028399997972883284,0.1407999952789396,0.10829999519046396,True,3803.666889488336
ECC+AES-256,500,3,281,0.02819999644998461,0.14220000593923032,0.1092999882530421,True,3803.666889488336
ECC+AES-256,500,3,282,0.028399997972883284,0.15269999857991934,0.1083999959519133,True,3803.666889488336
ECC+AES-256,500,3,283,0.027999994927085936,0.14050000754650682,0.10879999899771065,True,3803.666889488336
ECC+AES-256,500,3,284,0.028299997211433947,0.1404999929945916,0.10879999899771065,True,3803.666889488336
ECC+AES-256,500,3,285,0.02780000795610249,0.1410000113537535,0.10900000052060932,True,3803.666889488336
ECC+AES-256,500,3,286,0.027799993404187262,0.13970000145491213,0.10850001126527786,True,3803.666889488336
ECC+AES-256,500,3,287,0.027699992642737925,0.1731999946059659,0.12460000289138407,True,3803.666889488336
ECC+AES-256,500,3,288,0.0315000070258975,0.1697000116109848,0.11789999553002417,True,3803.666889488336
ECC+AES-256,500,3,289,0.030800001695752144,0.14470001042354852,0.10990000737365335,True,3803.666889488336
ECC+AES-256,500,3,290,0.028599999495781958,0.1419000036548823,0.11020000965800136,True,3803.666889488336
ECC+AES-256,500,3,291,0.0281000102404505,0.14180000289343297,0.1112000027205795,True,3803.666889488336
ECC+AES-256,500,3,292,0.02849999873433262,0.1424999936716631,0.10970000585075468,True,3803.666889488336
ECC+AES-256,500,3,293,0.028299997211433947,0.14139999984763563,0.10919998749159276,True,3803.666889488336
ECC+AES-256,500,3,294,0.02849999873433262,0.14250000822357833,0.11000000813510269,True,3803.666889488336
ECC+AES-256,500,3,295,0.028399997972883284,0.14200000441633165,0.10930000280495733,True,3803.666889488336
ECC+AES-256,500,3,296,0.029699993319809437,0.14279999595601112,0.109500004327856,True,3803.666889488336
ECC+AES-256,500,3,297,0.028299997211433947,0.14170000213198364,0.109500004327856,True,3803.666889488336
ECC+AES-256,500,3,298,0.027999994927085936,0.14099999680183828,0.109500004327856,True,3803.666889488336
ECC+AES-256,500,3,299,0.02849999873433262,0.1531000016257167,0.11470000026747584,True,3803.666889488336
ECC+AES-256,500,3,300,0.028399997972883284,0.14119999832473695,0.10910000128205866,True,3803.666889488336
ECC+AES-256,500,3,301,0.028700000257231295,0.1416000013705343,0.10889999975915998,True,3803.666889488336
ECC+AES-256,500,3,302,0.028399997972883284,0.14099999680183828,0.10940000356640667,True,3803.666889488336
ECC+AES-256,500,3,303,0.02819999644998461,0.14069999451749027,0.10940000356640667,True,3803.666889488336
ECC+AES-256,500,3,304,0.028299997211433947,0.14109999756328762,0.10910000128205866,True,3803.666889488336
ECC+AES-256,500,3,305,0.028299997211433947,0.14150000060908496,0.10930000280495733,True,3803.666889488336
ECC+AES-256,500,3,306,0.028599999495781958,0.1432999997632578,0.10909998673014343,True,3803.666889488336
ECC+AES-256,500,3,307,0.029199989512562752,0.142700009746477,0.11229999654460698,True,3803.666889488336
ECC+AES-256,500,3,308,0.028700000257231295,0.14479999663308263,0.11000000813510269,True,3803.666889488336
ECC+AES-256,500,3,309,0.028300011763349175,0.14060000830795616,0.10889999975915998,True,3803.666889488336
ECC+AES-256,500,3,310,0.02819999644998461,0.14209999062586576,0.10930000280495733,True,3803.666889488336
ECC+AES-256,500,3,311,0.0278999941656366,0.14119999832473695,0.10879999899771065,True,3803.666889488336
ECC+AES-256,500,3,312,0.0278999941656366,0.14029999147169292,0.10900000052060932,True,3803.666889488336
ECC+AES-256,500,3,313,0.02819999644998461,0.14149998605716974,0.10990000737365335,True,3803.666889488336
ECC+AES-256,500,3,314,0.029300004825927317,0.1419000036548823,0.10850001126527786,True,3803.666889488336
ECC+AES-256,500,3,315,0.028599999495781958,0.14109999756328762,0.10859999747481197,True,3803.666889488336
ECC+AES-256,500,3,316,0.028399997972883284,0.14170000213198364,0.10960000508930534,True,3803.666889488336
ECC+AES-256,500,3,317,0.028099995688535273,0.15360000543296337,0.10989999282173812,True,3803.666889488336
ECC+AES-256,500,3,318,0.0278999941656366,0.1407999952789396,0.10959999053739011,True,3803.666889488336
ECC+AES-256,500,3,319,0.028700000257231295,0.14310001279227436,0.10980000661220402,True,3803.666889488336
ECC+AES-256,500,3,320,0.07380000897683203,0.1545000122860074,0.3800999984377995,True,3803.666889488336
ECC+AES-256,500,3,321,0.04400000034365803,0.15750000602565706,0.11640001321211457,True,3803.666889488336
ECC+AES-256,500,3,322,0.034500000765547156,0.14439999358728528,0.11199999426025897,True,3803.666889488336
ECC+AES-256,500,3,323,0.030000010156072676,0.14220000593923032,0.10979999206028879,True,3803.666889488336
ECC+AES-256,500,3,324,0.028599999495781958,0.14180000289343297,0.10959999053739011,True,3803.666889488336
ECC+AES-256,500,3,325,0.02819999644998461,0.1416999875800684,0.109500004327856,True,3803.666889488336
ECC+AES-256,500,3,326,0.028299997211433947,0.14109999756328762,0.10990000737365335,True,3803.666889488336
ECC+AES-256,500,3,327,0.028399997972883284,0.14309999824035913,0.11049999739043415,True,3803.666889488336
ECC+AES-256,500,3,328,0.028700000257231295,0.14150000060908496,0.10859999747481197,True,3803.666889488336
ECC+AES-256,500,3,329,0.02819999644998461,0.14139999984763563,0.1092999882530421,True,3803.666889488336
ECC+AES-256,500,3,330,0.027999994927085936,0.14239999291021377,0.10970000585075468,True,3803.666889488336
ECC+AES-256,500,3,331,0.0278999941656366,0.14089999604038894,0.10889999975915998,True,3803.666889488336
ECC+AES-256,500,3,332,0.027900008717551827,0.1407000090694055,0.10899998596869409,True,3803.666889488336
ECC+AES-256,500,3,333,0.028399997972883284,0.15110000094864517,0.11019999510608613,True,3803.666889488336
ECC+AES-256,500,3,334,0.02819999644998461,0.14199998986441642,0.109500004327856,True,3803.666889488336
ECC+AES-256,500,3,335,0.028000009479001164,0.14209999062586576,0.10980000661220402,True,3803.666889488336
ECC+AES-256,500,3,336,0.027799993404187262,0.14069999451749027,0.10940000356640667,True,3803.666889488336
ECC+AES-256,500,3,337,0.028000009479001164,0.14080000983085483,0.109200002043508,True,3803.666889488336
ECC+AES-256,500,3,338,0.028299997211433947,0.14180000289343297,0.10989999282173812,True,3803.666889488336
ECC+AES-256,500,3,339,0.028599999495781958,0.14250000822357833,0.10850001126527786,True,3803.666889488336
ECC+AES-256,500,3,340,0.02849999873433262,0.14109999756328762,0.10879999899771065,True,3803.666889488336
ECC+AES-256,500,3,341,0.028399997972883284,0.14089999604038894,0.10879999899771065,True,3803.666889488336
ECC+AES-256,500,3,342,0.028400012524798512,0.1542000100016594,0.109200002043508,True,3803.666889488336
ECC+AES-256,500,3,343,0.028299997211433947,0.14089999604038894,0.10769999062176794,True,3803.666889488336
ECC+AES-256,500,3,344,0.028099995688535273,0.14050000754650682,0.10910000128205866,True,3803.666889488336
ECC+AES-256,500,3,345,0.02820001100189984,0.14170000213198364,0.10900000052060932,True,3803.666889488336
ECC+AES-256,500,3,346,0.02819999644998461,0.14150000060908496,0.10869999823626131,True,3803.666889488336
ECC+AES-256,500,3,347,0.028099995688535273,0.14040000678505749,0.10849999671336263,True,3803.666889488336
ECC+AES-256,500,3,348,0.028300011763349175,0.1402000052621588,0.10869999823626131,True,3803.666889488336
ECC+AES-256,500,3,349,0.02819999644998461,0.14119999832473695,0.10869999823626131,True,3803.666889488336
ECC+AES-256,500,3,350,0.027799993404187262,0.1407999952789396,0.10999999358318746,True,3803.666889488336
ECC+AES-256,500,3,351,0.02819999644998461,0.1545999984955415,0.11399999493733048,True,3803.666889488336
ECC+AES-256,500,3,352,0.02780000795610249,0.1410000113537535,0.10820000898092985,True,3803.666889488336
ECC+AES-256,500,3,353,0.05640000745188445,0.1475000026402995,0.10960000508930534,True,3803.666889488336
ECC+AES-256,500,3,354,0.03539999306667596,0.16199999663513154,0.11970000923611224,True,3803.666889488336
ECC+AES-256,500,3,355,0.03199999628122896,0.14359998749569058,0.11019999510608613,True,3803.666889488336
ECC+AES-256,500,3,356,0.02950000634882599,0.14210000517778099,0.11989999620709568,True,3803.666889488336
ECC+AES-256,500,3,357,0.02989999484270811,0.14740000187885016,0.11409999569877982,True,3803.666889488336
ECC+AES-256,500,3,358,0.03090000245720148,0.14640000881627202,0.11440001253504306,True,3803.666889488336
ECC+AES-256,500,3,359,0.03170000854879618,0.15970000822562724,0.11340000492054969,True,3803.666889488336
ECC+AES-256,500,3,360,0.03099998866673559,0.14869999722577631,0.1137000072048977,True,3803.666889488336
ECC+AES-256,500,3,361,0.030399998649954796,0.1436000020476058,0.109500004327856,True,3803.666889488336
ECC+AES-256,500,3,362,0.029199989512562752,0.14220000593923032,0.11059999815188348,True,3803.666889488336
ECC+AES-256,500,3,363,0.028299997211433947,0.14150000060908496,0.10980000661220402,True,3803.666889488336
ECC+AES-256,500,3,364,0.028399997972883284,0.14109999756328762,0.10859999747481197,True,3803.666889488336
ECC+AES-256,500,3,365,0.028800001018680632,0.14089999604038894,0.10949998977594078,True,3803.666889488336
ECC+AES-256,500,3,366,0.028700000257231295,0.14150000060908496,0.10889999975915998,True,3803.666889488336
ECC+AES-256,500,3,367,0.028800001018680632,0.14990000636316836,0.109200002043508,True,3803.666889488336
ECC+AES-256,500,3,368,0.031200004741549492,0.14730000111740083,0.11039999662898481,True,3803.666889488336
ECC+AES-256,500,3,369,0.02929999027401209,0.14269999519456178,0.10979999206028879,True,3803.666889488336
ECC+AES-256,500,3,370,0.02820001100189984,0.14000000373926014,0.10910000128205866,True,3803.666889488336
ECC+AES-256,500,3,371,0.02849999873433262,0.1419000036548823,0.10970000585075468,True,3803.666889488336
ECC+AES-256,500,3,372,0.02890000178012997,0.14170000213198364,0.10869999823626131,True,3803.666889488336
ECC+AES-256,500,3,373,0.029099988751113415,0.14350000128615648,0.1092999882530421,True,3803.666889488336
ECC+AES-256,500,3,374,0.028299997211433947,0.14209999062586576,0.10910000128205866,True,3803.666889488336
ECC+AES-256,500,3,375,0.02849999873433262,0.14910000027157366,0.10870001278817654,True,3803.666889488336
ECC+AES-256,500,3,376,0.0278999941656366,0.14119999832473695,0.10910000128205866,True,3803.666889488336
ECC+AES-256,500,3,377,0.028099995688535273,0.1412999990861863,0.10889999975915998,True,3803.666889488336
ECC+AES-256,500,3,378,0.027999994927085936,0.14109999756328762,0.10900000052060932,True,3803.666889488336
ECC+AES-256,500,3,379,0.02819999644998461,0.14000000373926014,0.109200002043508,True,3803.666889488336
ECC+AES-256,500,3,380,0.02849999873433262,0.14489999739453197,0.1083999959519133,True,3803.666889488336
ECC+AES-256,500,3,381,0.027999994927085936,0.14150000060908496,0.10849999671336263,True,3803.666889488336
ECC+AES-256,500,3,382,0.02819999644998461,0.14029999147169292,0.10910000128205866,True,3803.666889488336
ECC+AES-256,500,3,383,0.028399997972883284,0.142400007462129,0.109500004327856,True,3803.666889488336
ECC+AES-256,500,3,384,0.028599999495781958,0.2280000044265762,0.11300000187475234,True,3803.666889488336
ECC+AES-256,500,3,385,0.030800001695752144,0.145500001963228,0.11040001118090004,True,3803.666889488336
ECC+AES-256,500,3,386,0.028599999495781958,0.14120001287665218,0.10960000508930534,True,3803.666889488336
ECC+AES-256,500,3,387,0.028599999495781958,0.14109999756328762,0.10949998977594078,True,3803.666889488336
ECC+AES-256,500,3,388,0.028599999495781958,0.1419000036548823,0.10949998977594078,True,3803.666889488336
ECC+AES-256,500,3,389,0.02820001100189984,0.1407000090694055,0.10900000052060932,True,3803.666889488336
ECC+AES-256,500,3,390,0.02819999644998461,0.14119999832473695,0.10940000356640667,True,3803.666889488336
ECC+AES-256,500,3,391,0.027999994927085936,0.1416000013705343,0.10849999671336263,True,3803.666889488336
ECC+AES-256,500,3,392,0.04129999433644116,0.1444000081392005,0.11410001025069505,True,3803.666889488336
ECC+AES-256,500,3,393,0.029100003303028643,0.1548000000184402,0.11069999891333282,True,3803.666889488336
ECC+AES-256,500,3,394,0.02849999873433262,0.14189998910296708,0.10930000280495733,True,3803.666889488336
ECC+AES-256,500,3,395,0.02820001100189984,0.1410000113537535,0.1086000120267272,True,3803.666889488336
ECC+AES-256,500,3,396,0.028099995688535273,0.14170000213198364,0.109500004327856,True,3803.666889488336
ECC+AES-256,500,3,397,0.02889998722821474,0.14570000348612666,0.11110000195913017,True,3803.666889488336
ECC+AES-256,500,3,398,0.028700000257231295,0.14150000060908496,0.10959999053739011,True,3803.666889488336
ECC+AES-256,500,3,399,0.028099995688535273,0.14210000517778099,0.10970000585075468,True,3803.666889488336
ECC+AES-256,500,3,400,0.028099995688535273,0.14229999214876443,0.10970000585075468,True,3803.666889488336
ECC+AES-256,500,3,401,0.0281000102404505,0.14199998986441642,0.10989999282173812,True,3803.666889488336
ECC+AES-256,500,3,402,0.028399997972883284,0.15490000077988952,0.11269999959040433,True,3803.666889488336
ECC+AES-256,500,3,403,0.028299997211433947,0.1412999990861863,0.10859999747481197,True,3803.666889488336
ECC+AES-256,500,3,404,0.028099995688535273,0.14040000678505749,0.10869999823626131,True,3803.666889488336
ECC+AES-256,500,3,405,0.028399997972883284,0.14239999291021377,0.10980000661220402,True,3803.666889488336
ECC+AES-256,500,3,406,0.027999994927085936,0.14260000898502767,0.11050001194234937,True,3803.666889488336
ECC+AES-256,500,3,407,0.02780000795610249,0.1424999936716631,0.10930000280495733,True,3803.666889488336
ECC+AES-256,500,3,408,0.027799993404187262,0.14220000593923032,0.10999999358318746,True,3803.666889488336
ECC+AES-256,500,3,409,0.02819999644998461,0.1412999990861863,0.10910000128205866,True,3803.666889488336
ECC+AES-256,500,3,410,0.027999994927085936,0.14059999375604093,0.10910000128205866,True,3803.666889488336
ECC+AES-256,500,3,411,0.027900008717551827,0.14369998825713992,0.10859999747481197,True,3803.666889488336
ECC+AES-256,500,3,412,0.027999994927085936,0.14069999451749027,0.11000000813510269,True,3803.666889488336
ECC+AES-256,500,3,413,0.027999994927085936,0.14209999062586576,0.10999999358318746,True,3803.666889488336
ECC+AES-256,500,3,414,0.028299997211433947,0.14119999832473695,0.10849999671336263,True,3803.666889488336
ECC+AES-256,500,3,415,0.02819999644998461,0.14069999451749027,0.11360000644344836,True,3803.666889488336
ECC+AES-256,500,3,416,0.028800001018680632,0.14139999984763563,0.10980000661220402,True,3803.666889488336
ECC+AES-256,500,3,417,0.02819999644998461,0.14089999604038894,0.1475000026402995,True,3803.666889488336
ECC+AES-256,500,3,418,0.03610001294873655,0.15249999705702066,0.11140000424347818,True,3803.666889488336
ECC+AES-256,500,3,419,0.029199989512562752,0.155999994603917,0.10889999975915998,True,3803.666889488336
ECC+AES-256,500,3,420,0.02950000634882599,0.14319999900180846,0.10910000128205866,True,3803.666889488336
ECC+AES-256,500,3,421,0.02819999644998461,0.14040000678505749,0.10889999975915998,True,3803.666889488336
ECC+AES-256,500,3,422,0.028399997972883284,0.14059999375604093,0.109200002043508,True,3803.666889488336
ECC+AES-256,500,3,423,0.027999994927085936,0.14560000272467732,0.10910000128205866,True,3803.666889488336
ECC+AES-256,500,3,424,0.028400012524798512,0.1416000013705343,0.10930000280495733,True,3803.666889488336
ECC+AES-256,500,3,425,0.02820001100189984,0.14099999680183828,0.10879999899771065,True,3803.666889488336
ECC+AES-256,500,3,426,0.028599999495781958,0.14119999832473695,0.10909998673014343,True,3803.666889488336
ECC+AES-256,500,3,427,0.02820001100189984,0.14060000830795616,0.10879999899771065,True,3803.666889488336
ECC+AES-256,500,3,428,0.028299997211433947,0.15269999857991934,0.11239999730605632,True,3803.666889488336
ECC+AES-256,500,3,429,0.028099995688535273,0.1407999952789396,0.10930000280495733,True,3803.666889488336
ECC+AES-256,500,3,430,0.028599999495781958,0.14170000213198364,0.10879999899771065,True,3803.666889488336
ECC+AES-256,500,3,431,0.0281000102404505,0.14130001363810152,0.10840001050382853,True,3803.666889488336
ECC+AES-256,500,3,432,0.028399997972883284,0.14009998994879425,0.10829999519046396,True,3803.666889488336
ECC+AES-256,500,3,433,0.02819999644998461,0.14039999223314226,0.10829999519046396,True,3803.666889488336
ECC+AES-256,500,3,434,0.027900008717551827,0.14110001211520284,0.10900000052060932,True,3803.666889488336
ECC+AES-256,500,3,435,0.027700007194653153,0.14200000441633165,0.109200002043508,True,3803.666889488336
ECC+AES-256,500,3,436,0.027999994927085936,0.14210000517778099,0.10959999053739011,True,3803.666889488336
ECC+AES-256,500,3,437,0.028099995688535273,0.14940000255592167,0.10969999129883945,True,3803.666889488336
ECC+AES-256,500,3,438,0.028399997972883284,0.14089999604038894,0.10910000128205866,True,3803.666889488336
ECC+AES-256,500,3,439,0.028099995688535273,0.14170000213198364,0.10829999519046396,True,3803.666889488336
ECC+AES-256,500,3,440,0.02819999644998461,0.14119999832473695,0.1086000120267272,True,3803.666889488336
ECC+AES-256,500,3,441,0.027900008717551827,0.14119999832473695,0.11029999586753547,True,3803.666889488336
ECC+AES-256,500,3,442,0.027999994927085936,0.1404999929945916,0.10830000974237919,True,3803.666889488336
ECC+AES-256,500,3,443,0.028099995688535273,0.14000000373926014,0.10849999671336263,True,3803.666889488336
ECC+AES-256,500,3,444,0.0278999941656366,0.14089999604038894,0.10930000280495733,True,3803.666889488336
ECC+AES-256,500,3,445,0.02819999644998461,0.1407999952789396,0.10919998749159276,True,3803.666889488336
ECC+AES-256,500,3,446,0.028800001018680632,0.15520000306423753,0.10900000052060932,True,3803.666889488336
ECC+AES-256,500,3,447,0.027799993404187262,0.14139999984763563,0.10900000052060932,True,3803.666889488336
ECC+AES-256,500,3,448,0.0278999941656366,0.14059999375604093,0.10879999899771065,True,3803.666889488336
ECC+AES-256,500,3,449,0.0278999941656366,0.13939999917056412,0.10819999442901462,True,3803.666889488336
ECC+AES-256,500,3,450,0.027900008717551827,0.14050000754650682,0.1083999959519133,True,3803.666889488336
ECC+AES-256,500,3,451,0.027900008717551827,0.2131000073859468,0.11580000864341855,True,3803.666889488336
ECC+AES-256,500,3,452,0.058299992815591395,0.1956000050995499,0.12379999679978937,True,3803.666889488336
ECC+AES-256,500,3,453,0.03920000744983554,0.17080000543501228,0.11470000026747584,True,3803.666889488336
ECC+AES-256,500,3,454,0.031000003218650818,0.14420000661630183,0.1109999866457656,True,3803.666889488336
ECC+AES-256,500,3,455,0.028399997972883284,0.14849999570287764,0.10969999129883945,True,3803.666889488336
ECC+AES-256,500,3,456,0.028700000257231295,0.1432999997632578,0.11020000965800136,True,3803.666889488336
ECC+AES-256,500,3,457,0.028299997211433947,0.14269999519456178,0.11019999510608613,True,3803.666889488336
ECC+AES-256,500,3,458,0.028800001018680632,0.1446999958716333,0.11110000195913017,True,3803.666889488336
ECC+AES-256,500,3,459,0.0278999941656366,0.14180000289343297,0.10970000585075468,True,3803.666889488336
ECC+AES-256,500,3,460,0.028299997211433947,0.14170000213198364,0.10980000661220402,True,3803.666889488336
ECC+AES-256,500,3,461,0.02849999873433262,0.1534000039100647,0.10879999899771065,True,3803.666889488336
ECC+AES-256,500,3,462,0.028699985705316067,0.14170000213198364,0.10910000128205866,True,3803.666889488336
ECC+AES-256,500,3,463,0.028399997972883284,0.14029999147169292,0.10879999899771065,True,3803.666889488336
ECC+AES-256,500,3,464,0.028300011763349175,0.1416000013705343,0.10979999206028879,True,3803.666889488336
ECC+AES-256,500,3,465,0.027799993404187262,0.14200000441633165,0.11050001194234937,True,3803.666889488336
ECC+AES-256,500,3,466,0.028299997211433947,0.14180000289343297,0.10930000280495733,True,3803.666889488336
ECC+AES-256,500,3,467,0.028099995688535273,0.14069999451749027,0.10849999671336263,True,3803.666889488336
ECC+AES-256,500,3,468,0.02819999644998461,0.14039999223314226,0.10900000052060932,True,3803.666889488336
ECC+AES-256,500,3,469,0.027999994927085936,0.14039999223314226,0.10910000128205866,True,3803.666889488336
ECC+AES-256,500,3,470,0.028800001018680632,0.1441999920643866,0.10910000128205866,True,3803.666889488336
ECC+AES-256,500,3,471,0.02820001100189984,0.1410000113537535,0.10980000661220402,True,3803.666889488336
ECC+AES-256,500,3,472,0.028299997211433947,0.14179998834151775,0.10970000585075468,True,3803.666889488336
ECC+AES-256,500,3,473,0.028099995688535273,0.14089999604038894,0.10859999747481197,True,3803.666889488336
ECC+AES-256,500,3,474,0.027900008717551827,0.14019999071024358,0.10879999899771065,True,3803.666889488336
ECC+AES-256,500,3,475,0.02819999644998461,0.14139999984763563,0.10869999823626131,True,3803.666889488336
ECC+AES-256,500,3,476,0.028299997211433947,0.14099999680183828,0.10970000585075468,True,3803.666889488336
ECC+AES-256,500,3,477,0.02849999873433262,0.14099999680183828,0.109200002043508,True,3803.666889488336
ECC+AES-256,500,3,478,0.029099988751113415,0.1446999958716333,0.11100000119768083,True,3803.666889488336
ECC+AES-256,500,3,479,0.028599999495781958,0.14940000255592167,0.10940000356640667,True,3803.666889488336
ECC+AES-256,500,3,480,0.027999994927085936,0.1407999952789396,0.10900000052060932,True,3803.666889488336
ECC+AES-256,500,3,481,0.027999994927085936,0.13980000221636146,0.10819999442901462,True,3803.666889488336
ECC+AES-256,500,3,482,0.027999994927085936,0.17410000145900995,0.1145999995060265,True,3803.666889488336
ECC+AES-256,500,3,483,0.03300000389572233,0.1486000110162422,0.12190001143608242,True,3803.666889488336
ECC+AES-256,500,3,484,0.049700000090524554,0.17719999596010894,0.11999999696854502,True,3803.666889488336
ECC+AES-256,500,3,485,0.03199999628122896,0.1478000049246475,0.11209999502170831,True,3803.666889488336
ECC+AES-256,500,3,486,0.029100003303028643,0.15110000094864517,0.10999999358318746,True,3803.666889488336
ECC+AES-256,500,3,487,0.028599999495781958,0.14790000568609685,0.10970000585075468,True,3803.666889488336
ECC+AES-256,500,3,488,0.028599999495781958,0.14279999595601112,0.10979999206028879,True,3803.666889488336
ECC+AES-256,500,3,489,0.028400012524798512,0.1407000090694055,0.11000000813510269,True,3803.666889488336
ECC+AES-256,500,3,490,0.028099995688535273,0.1412999990861863,0.10949998977594078,True,3803.666889488336
ECC+AES-256,500,3,491,0.028299997211433947,0.1410000113537535,0.10930000280495733,True,3803.666889488336
ECC+AES-256,500,3,492,0.028000009479001164,0.1404999929945916,0.10859999747481197,True,3803.666889488336
ECC+AES-256,500,3,493,0.029000002541579306,0.14209999062586576,0.10940000356640667,True,3803.666889488336
ECC+AES-256,500,3,494,0.028700000257231295,0.14279999595601112,0.11029999586753547,True,3803.666889488336
ECC+AES-256,500,3,495,0.028299997211433947,0.17859999206848443,0.11019999510608613,True,3803.666889488336
ECC+AES-256,500,3,496,0.028700000257231295,0.1554000045871362,0.11000000813510269,True,3803.666889488336
ECC+AES-256,500,3,497,0.029300004825927317,0.14269999519456178,0.10959999053739011,True,3803.666889488336
ECC+AES-256,500,3,498,0.028800001018680632,0.14279999595601112,0.11029999586753547,True,3803.666889488336
ECC+AES-256,500,3,499,0.028299997211433947,0.14209999062586576,0.10970000585075468,True,3803.666889488336
ECC+AES-256,500,3,500,0.028399997972883284,0.14159998681861907,0.10990000737365335,True,3803.666889488336
ECC+AES-256,500,4,1,7.373400003416464,2.1492999949259683,0.23809999402146786,True,3872.6097356144783
ECC+AES-256,500,4,2,0.046299988753162324,0.18489999638404697,0.13050000416114926,True,3872.6097356144783
ECC+AES-256,500,4,3,0.030099996365606785,0.15259999781847,0.11799999629147351,True,3872.6097356144783
ECC+AES-256,500,4,4,0.025600005756132305,0.14220000593923032,0.11439999798312783,True,3872.6097356144783
ECC+AES-256,500,4,5,0.025300003471784294,0.1399000029778108,0.11310000263620168,True,3872.6097356144783
ECC+AES-256,500,4,6,0.026500012609176338,0.14090001059230417,0.1154000055976212,True,3872.6097356144783
ECC+AES-256,500,4,7,0.024900000425986946,0.1402000052621588,0.112900001113303,True,3872.6097356144783
ECC+AES-256,500,4,8,0.02439999661874026,0.148899998748675,0.11319998884573579,True,3872.6097356144783
ECC+AES-256,500,4,9,0.03300000389572233,0.15350000467151403,0.11549999180715531,True,3872.6097356144783
ECC+AES-256,500,4,10,0.02989999484270811,0.14940000255592167,0.11400000948924571,True,3872.6097356144783
ECC+AES-256,500,4,11,0.02849999873433262,0.155999994603917,0.11340000492054969,True,3872.6097356144783
ECC+AES-256,500,4,12,0.025999994250014424,0.1407000090694055,0.11269999959040433,True,3872.6097356144783
ECC+AES-256,500,4,13,0.02469999890308827,0.13780000153928995,0.11139998969156295,True,3872.6097356144783
ECC+AES-256,500,4,14,0.024199995095841587,0.13830000534653664,0.11130000348202884,True,3872.6097356144783
ECC+AES-256,500,4,15,0.02469999890308827,0.1379000023007393,0.12730000889860094,True,3872.6097356144783
ECC+AES-256,500,4,16,0.025300003471784294,0.13780000153928995,0.11579999409150332,True,3872.6097356144783
ECC+AES-256,500,4,17,0.024499997380189598,0.13780000153928995,0.11069999891333282,True,3872.6097356144783
ECC+AES-256,500,4,18,0.024299995857290924,0.13699999544769526,0.11190000805072486,True,3872.6097356144783
ECC+AES-256,500,4,19,0.02400000812485814,0.13589998707175255,0.11110000195913017,True,3872.6097356144783
ECC+AES-256,500,4,20,0.024299995857290924,0.13590000162366778,0.11130000348202884,True,3872.6097356144783
ECC+AES-256,500,4,21,0.024499997380189598,0.14459999511018395,0.11530000483617187,True,3872.6097356144783
ECC+AES-256,500,4,22,0.02440001117065549,0.13760000001639128,0.11220001033507288,True,3872.6097356144783
ECC+AES-256,500,4,23,0.024100008886307478,0.1382000045850873,0.11149999045301229,True,3872.6097356144783
ECC+AES-256,500,4,24,0.02409999433439225,0.13810000382363796,0.11149999045301229,True,3872.6097356144783
ECC+AES-256,500,4,25,0.023999993572942913,0.13679999392479658,0.11189999349880964,True,3872.6097356144783
ECC+AES-256,500,4,26,0.024299995857290924,0.13640000543091446,0.11039999662898481,True,3872.6097356144783
ECC+AES-256,500,4,27,0.023900007363408804,0.14599999121855944,0.11579999409150332,True,3872.6097356144783
ECC+AES-256,500,4,28,0.02479999966453761,0.1360000023851171,0.11019999510608613,True,3872.6097356144783
ECC+AES-256,500,4,29,0.024499997380189598,0.13760000001639128,0.11249999806750566,True,3872.6097356144783
ECC+AES-256,500,4,30,0.024200009647756815,0.13830000534653664,0.11110000195913017,True,3872.6097356144783
ECC+AES-256,500,4,31,0.024299995857290924,0.13670000771526247,0.11070001346524805,True,3872.6097356144783
ECC+AES-256,500,4,32,0.023800006601959467,0.1357000001007691,0.1100999943446368,True,3872.6097356144783
ECC+AES-256,500,4,33,0.02510000194888562,0.1390999968862161,0.11110000195913017,True,3872.6097356144783
ECC+AES-256,500,4,34,0.023999993572942913,0.13689999468624592,0.1109000004362315,True,3872.6097356144783
ECC+AES-256,500,4,35,0.024100008886307478,0.13649999164044857,0.11130000348202884,True,3872.6097356144783
ECC+AES-256,500,4,36,0.02409999433439225,0.1370999962091446,0.11039999662898481,True,3872.6097356144783
ECC+AES-256,500,4,37,0.023899992811493576,0.21149999520275742,0.19530000281520188,True,3872.6097356144783
ECC+AES-256,500,4,38,0.03300000389572233,0.15889998758211732,0.1154000055976212,True,3872.6097356144783
ECC+AES-256,500,4,39,0.025300003471784294,0.14010000450070947,0.11210000957362354,True,3872.6097356144783
ECC+AES-256,500,4,40,0.024499997380189598,0.1399000029778108,0.11189999349880964,True,3872.6097356144783
ECC+AES-256,500,4,41,0.02400000812485814,0.13770000077784061,0.11140000424347818,True,3872.6097356144783
ECC+AES-256,500,4,42,0.024100008886307478,0.1373000122839585,0.11140000424347818,True,3872.6097356144783
ECC+AES-256,500,4,43,0.02400000812485814,0.13719999697059393,0.1109999866457656,True,3872.6097356144783
ECC+AES-256,500,4,44,0.02469999890308827,0.13889999536331743,0.11210000957362354,True,3872.6097356144783
ECC+AES-256,500,4,45,0.024200009647756815,0.13660000695381314,0.11109998740721494,True,3872.6097356144783
ECC+AES-256,500,4,46,0.024100008886307478,0.13670000771526247,0.11029999586753547,True,3872.6097356144783
ECC+AES-256,500,4,47,0.023900007363408804,0.13660000695381314,0.11039999662898481,True,3872.6097356144783
ECC+AES-256,500,4,48,0.024300010409206152,0.14470001042354852,0.1120000088121742,True,3872.6097356144783
ECC+AES-256,500,4,49,0.02400000812485814,0.13699999544769526,0.12229999992996454,True,3872.6097356144783
ECC+AES-256,500,4,50,0.024900000425986946,0.13849999231752008,0.11220001033507288,True,3872.6097356144783
ECC+AES-256,500,4,51,0.023999993572942913,0.13580000086221844,0.10999999358318746,True,3872.6097356144783
ECC+AES-256,500,4,52,0.02439999661874026,0.13559999933931977,0.11029999586753547,True,3872.6097356144783
ECC+AES-256,500,4,53,0.023900007363408804,0.1353999978164211,0.11039999662898481,True,3872.6097356144783
ECC+AES-256,500,4,54,0.024499997380189598,0.14109999756328762,0.11159999121446162,True,3872.6097356144783
ECC+AES-256,500,4,55,0.02439999661874026,0.1458999904571101,0.11150000500492752,True,3872.6097356144783
ECC+AES-256,500,4,56,0.024499997380189598,0.13729999773204327,0.11269999959040433,True,3872.6097356144783
ECC+AES-256,500,4,57,0.023999993572942913,0.1373999984934926,0.11029999586753547,True,3872.6097356144783
ECC+AES-256,500,4,58,0.024299995857290924,0.1368000084767118,0.11110000195913017,True,3872.6097356144783
ECC+AES-256,500,4,59,0.0247000134550035,0.13800000306218863,0.11199999426025897,True,3872.6097356144783
ECC+AES-256,500,4,60,0.024299995857290924,0.13719999697059393,0.11129998893011361,True,3872.6097356144783
ECC+AES-256,500,4,61,0.024199995095841587,0.14590000500902534,0.11220001033507288,True,3872.6097356144783
ECC+AES-256,500,4,62,0.02439999661874026,0.13590000162366778,0.11059999815188348,True,3872.6097356144783
ECC+AES-256,500,4,63,0.024199995095841587,0.1362000039080158,0.11149999045301229,True,3872.6097356144783
ECC+AES-256,500,4,64,0.023800006601959467,0.13649999164044857,0.11130000348202884,True,3872.6097356144783
ECC+AES-256,500,4,65,0.024499997380189598,0.13749999925494194,0.1117999927373603,True,3872.6097356144783
ECC+AES-256,500,4,66,0.024199995095841587,0.1370999962091446,0.10990000737365335,True,3872.6097356144783
ECC+AES-256,500,4,67,0.024599998141638935,0.1373999984934926,0.10999999358318746,True,3872.6097356144783
ECC+AES-256,500,4,68,0.02400000812485814,0.13559999933931977,0.11000000813510269,True,3872.6097356144783
ECC+AES-256,500,4,69,0.024199995095841587,0.13679999392479658,0.1117999927373603,True,3872.6097356144783
ECC+AES-256,500,4,70,0.02400000812485814,0.1362999901175499,0.11130000348202884,True,3872.6097356144783
ECC+AES-256,500,4,71,0.02409999433439225,0.13729999773204327,0.1112000027205795,True,3872.6097356144783
ECC+AES-256,500,4,72,0.024199995095841587,0.1357000001007691,0.12179999612271786,True,3872.6097356144783
ECC+AES-256,500,4,73,0.024599998141638935,0.13630000466946512,0.1100999943446368,True,3872.6097356144783
ECC+AES-256,500,4,74,0.02409999433439225,0.13630000466946512,0.10989999282173812,True,3872.6097356144783
ECC+AES-256,500,4,75,0.024100008886307478,0.13520001084543765,0.1100999943446368,True,3872.6097356144783
ECC+AES-256,500,4,76,0.024299995857290924,0.13559999933931977,0.11110000195913017,True,3872.6097356144783
ECC+AES-256,500,4,77,0.024299995857290924,0.13660000695381314,0.11100000119768083,True,3872.6097356144783
ECC+AES-256,500,4,78,0.02469999890308827,0.1373999984934926,0.12280000373721123,True,3872.6097356144783
ECC+AES-256,500,4,79,0.02479999966453761,0.13800000306218863,0.1100999943446368,True,3872.6097356144783
ECC+AES-256,500,4,80,0.024100008886307478,0.13580000086221844,0.1103000104194507,True,3872.6097356144783
ECC+AES-256,500,4,81,0.034199998481199145,0.17049998859874904,0.11649999942164868,True,3872.6097356144783
ECC+AES-256,500,4,82,0.02509998739697039,0.1399000029778108,0.11219999578315765,True,3872.6097356144783
ECC+AES-256,500,4,83,0.024599998141638935,0.13839999155607074,0.112900001113303,True,3872.6097356144783
ECC+AES-256,500,4,84,0.029100003303028643,0.14700001338496804,0.11280000035185367,True,3872.6097356144783
ECC+AES-256,500,4,85,0.02469999890308827,0.13770000077784061,0.11149999045301229,True,3872.6097356144783
ECC+AES-256,500,4,86,0.024299995857290924,0.1370999962091446,0.11049999739043415,True,3872.6097356144783
ECC+AES-256,500,4,87,0.02439999661874026,0.13729999773204327,0.11170000652782619,True,3872.6097356144783
ECC+AES-256,500,4,88,0.024499997380189598,0.1379000023007393,0.11189999349880964,True,3872.6097356144783
ECC+AES-256,500,4,89,0.02510000194888562,0.13760000001639128,0.11059999815188348,True,3872.6097356144783
ECC+AES-256,500,4,90,0.024299995857290924,0.13729999773204327,0.11220001033507288,True,3872.6097356144783
ECC+AES-256,500,4,91,0.024299995857290924,0.13689999468624592,0.11110000195913017,True,3872.6097356144783
ECC+AES-256,500,4,92,0.024500011932104826,0.13670000771526247,0.1109000004362315,True,3872.6097356144783
ECC+AES-256,500,4,93,0.024299995857290924,0.13580000086221844,0.11130000348202884,True,3872.6097356144783
ECC+AES-256,500,4,94,0.02409999433439225,0.1360000023851171,0.122799989185296,True,3872.6097356144783
ECC+AES-256,500,4,95,0.025600005756132305,0.14029999147169292,0.112599998828955,True,3872.6097356144783
ECC+AES-256,500,4,96,0.02439999661874026,0.1373999984934926,0.11150000500492752,True,3872.6097356144783
ECC+AES-256,500,4,97,0.02469999890308827,0.1387999946018681,0.11130000348202884,True,3872.6097356144783
ECC+AES-256,500,4,98,0.024200009647756815,0.13700000999961048,0.11150000500492752,True,3872.6097356144783
ECC+AES-256,500,4,99,0.02409999433439225,0.1370999962091446,0.11140000424347818,True,3872.6097356144783
ECC+AES-256,500,4,100,0.02409999433439225,0.14649999502580613,0.11419999646022916,True,3872.6097356144783
ECC+AES-256,500,4,101,0.02439999661874026,0.13640000543091446,0.11189999349880964,True,3872.6097356144783
ECC+AES-256,500,4,102,0.02400000812485814,0.13639999087899923,0.11130000348202884,True,3872.6097356144783
ECC+AES-256,500,4,103,0.024499997380189598,0.13789998774882406,0.11530000483617187,True,3872.6097356144783
ECC+AES-256,500,4,104,0.02439999661874026,0.1370999962091446,0.1112000027205795,True,3872.6097356144783
ECC+AES-256,500,4,105,0.02439999661874026,0.13770000077784061,0.11210000957362354,True,3872.6097356144783
ECC+AES-256,500,4,106,0.024299995857290924,0.14819999341852963,0.11110000195913017,True,3872.6097356144783
ECC+AES-256,500,4,107,0.024199995095841587,0.13780000153928995,0.1109999866457656,True,3872.6097356144783
ECC+AES-256,500,4,108,0.024300010409206152,0.1360000023851171,0.11079999967478216,True,3872.6097356144783
ECC+AES-256,500,4,109,0.02409999433439225,0.13670000771526247,0.11069999891333282,True,3872.6097356144783
ECC+AES-256,500,4,110,0.02439999661874026,0.13610000314656645,0.11180000728927553,True,3872.6097356144783
ECC+AES-256,500,4,111,0.023999993572942913,0.13770000077784061,0.1109000004362315,True,3872.6097356144783
ECC+AES-256,500,4,112,0.024599998141638935,0.1373999984934926,0.11130000348202884,True,3872.6097356144783
ECC+AES-256,500,4,113,0.024200009647756815,0.13660000695381314,0.11049999739043415,True,3872.6097356144783
ECC+AES-256,500,4,114,0.023899992811493576,0.13670000771526247,0.11190000805072486,True,3872.6097356144783
ECC+AES-256,500,4,115,0.024299995857290924,0.14899999951012433,0.11249999806750566,True,3872.6097356144783
ECC+AES-256,500,4,116,0.024499997380189598,0.13610000314656645,0.11059999815188348,True,3872.6097356144783
ECC+AES-256,500,4,117,0.02440001117065549,0.1360000023851171,0.12169999536126852,True,3872.6097356144783
ECC+AES-256,500,4,118,0.024499997380189598,0.13699999544769526,0.11059999815188348,True,3872.6097356144783
ECC+AES-256,500,4,119,0.023999993572942913,0.13729999773204327,0.11140000424347818,True,3872.6097356144783
ECC+AES-256,500,4,120,0.024299995857290924,0.1362999901175499,0.1109000004362315,True,3872.6097356144783
ECC+AES-256,500,4,121,0.024499997380189598,0.13780000153928995,0.11219999578315765,True,3872.6097356144783
ECC+AES-256,500,4,122,0.024200009647756815,0.1365000061923638,0.11069999891333282,True,3872.6097356144783
ECC+AES-256,500,4,123,0.023999993572942913,0.1432999997632578,0.11280000035185367,True,3872.6097356144783
ECC+AES-256,500,4,124,0.02469999890308827,0.13749999925494194,0.11330000415910035,True,3872.6097356144783
ECC+AES-256,500,4,125,0.023800006601959467,0.13580000086221844,0.11119998816866428,True,3872.6097356144783
ECC+AES-256,500,4,126,0.05980000423733145,0.23800000781193376,0.13000000035390258,True,3872.6097356144783
ECC+AES-256,500,4,127,0.02819999644998461,0.14739998732693493,0.11480000102892518,True,3872.6097356144783
ECC+AES-256,500,4,128,0.02479999966453761,0.13760000001639128,0.11180000728927553,True,3872.6097356144783
ECC+AES-256,500,4,129,0.02510000194888562,0.1373999984934926,0.11199999426025897,True,3872.6097356144783
ECC+AES-256,500,4,130,0.03779999678954482,0.14029999147169292,0.11140000424347818,True,3872.6097356144783
ECC+AES-256,500,4,131,0.025200002710334957,0.13609998859465122,0.11010000889655203,True,3872.6097356144783
ECC+AES-256,500,4,132,0.02479999966453761,0.13519999629352242,0.11049999739043415,True,3872.6097356144783
ECC+AES-256,500,4,133,0.02440001117065549,0.13490000856108963,0.1112000027205795,True,3872.6097356144783
ECC+AES-256,500,4,134,0.023899992811493576,0.13509999553207308,0.11029999586753547,True,3872.6097356144783
ECC+AES-256,500,4,135,0.024199995095841587,0.13479999324772507,0.10990000737365335,True,3872.6097356144783
ECC+AES-256,500,4,136,0.02510000194888562,0.1360000023851171,0.10999999358318746,True,3872.6097356144783
ECC+AES-256,500,4,137,0.024199995095841587,0.14459999511018395,0.10979999206028879,True,3872.6097356144783
ECC+AES-256,500,4,138,0.02409999433439225,0.13390000094659626,0.11039999662898481,True,3872.6097356144783
ECC+AES-256,500,4,139,0.024199995095841587,0.1362999901175499,0.11100000119768083,True,3872.6097356144783
ECC+AES-256,500,4,140,0.023800006601959467,0.1351000100839883,0.11079999967478216,True,3872.6097356144783
ECC+AES-256,500,4,141,0.024299995857290924,0.13509999553207308,0.12090000382158905,True,3872.6097356144783
ECC+AES-256,500,4,142,0.024599998141638935,0.13529999705497175,0.11069999891333282,True,3872.6097356144783
ECC+AES-256,500,4,143,0.024199995095841587,0.1340000017080456,0.1100999943446368,True,3872.6097356144783
ECC+AES-256,500,4,144,0.024300010409206152,0.1345000055152923,0.10979999206028879,True,3872.6097356144783
ECC+AES-256,500,4,145,0.02409999433439225,0.13469999248627573,0.11050001194234937,True,3872.6097356144783
ECC+AES-256,500,4,146,0.024299995857290924,0.13549999857787043,0.10999999358318746,True,3872.6097356144783
ECC+AES-256,500,4,147,0.02439999661874026,0.13660000695381314,0.12179999612271786,True,3872.6097356144783
ECC+AES-256,500,4,148,0.024599998141638935,0.1360000023851171,0.1109000004362315,True,3872.6097356144783
ECC+AES-256,500,4,149,0.02440001117065549,0.13780000153928995,0.10970000585075468,True,3872.6097356144783
ECC+AES-256,500,4,150,0.023999993572942913,0.13470000703819096,0.11020000965800136,True,3872.6097356144783
ECC+AES-256,500,4,151,0.02400000812485814,0.1343000039923936,0.11079999967478216,True,3872.6097356144783
ECC+AES-256,500,4,152,0.023999993572942913,0.1353999978164211,0.11059999815188348,True,3872.6097356144783
ECC+AES-256,500,4,153,0.024300010409206152,0.14460000966209918,0.11220001033507288,True,3872.6097356144783
ECC+AES-256,500,4,154,0.02439999661874026,0.13499999477062374,0.11039999662898481,True,3872.6097356144783
ECC+AES-256,500,4,155,0.024199995095841587,0.13549999857787043,0.11100000119768083,True,3872.6097356144783
ECC+AES-256,500,4,156,0.02409999433439225,0.13339999713934958,0.11019999510608613,True,3872.6097356144783
ECC+AES-256,500,4,157,0.02400000812485814,0.13330001092981547,0.10999999358318746,True,3872.6097356144783
ECC+AES-256,500,4,158,0.02400000812485814,0.13349999790079892,0.10959999053739011,True,3872.6097356144783
ECC+AES-256,500,4,159,0.024100008886307478,0.1412999990861863,0.11069999891333282,True,3872.6097356144783
ECC+AES-256,500,4,160,0.02409999433439225,0.13469999248627573,0.11000000813510269,True,3872.6097356144783
ECC+AES-256,500,4,161,0.025000001187436283,0.14939998800400645,0.11300000187475234,True,3872.6097356144783
ECC+AES-256,500,4,162,0.023999993572942913,0.13440000475384295,0.10979999206028879,True,3872.6097356144783
ECC+AES-256,500,4,163,0.023899992811493576,0.13380000018514693,0.10940000356640667,True,3872.6097356144783
ECC+AES-256,500,4,164,0.023999993572942913,0.13640000543091446,0.11029999586753547,True,3872.6097356144783
ECC+AES-256,500,4,165,0.02479999966453761,0.13729999773204327,0.1100999943446368,True,3872.6097356144783
ECC+AES-256,500,4,166,0.023899992811493576,0.13410000246949494,0.10959999053739011,True,3872.6097356144783
ECC+AES-256,500,4,167,0.02409999433439225,0.1336999994236976,0.10970000585075468,True,3872.6097356144783
ECC+AES-256,500,4,168,0.02400000812485814,0.1345000055152923,0.10940000356640667,True,3872.6097356144783
ECC+AES-256,500,4,169,0.02400000812485814,0.13390000094659626,0.10970000585075468,True,3872.6097356144783
ECC+AES-256,500,4,170,0.02370000584051013,0.1336999994236976,0.10970000585075468,True,3872.6097356144783
ECC+AES-256,500,4,171,0.024199995095841587,0.13590000162366778,0.30509999487549067,True,3872.6097356144783
ECC+AES-256,500,4,172,0.041100007365457714,0.17690000822767615,0.14619999274145812,True,3872.6097356144783
ECC+AES-256,500,4,173,0.027000001864507794,0.14220000593923032,0.11390000872779638,True,3872.6097356144783
ECC+AES-256,500,4,174,0.02469999890308827,0.13660000695381314,0.11199999426025897,True,3872.6097356144783
ECC+AES-256,500,4,175,0.024299995857290924,0.13470000703819096,0.10970000585075468,True,3872.6097356144783
ECC+AES-256,500,4,176,0.02409999433439225,0.13529999705497175,0.11029999586753547,True,3872.6097356144783
ECC+AES-256,500,4,177,0.024199995095841587,0.13610000314656645,0.11110000195913017,True,3872.6097356144783
ECC+AES-256,500,4,178,0.024100008886307478,0.14590000500902534,0.11199999426025897,True,3872.6097356144783
ECC+AES-256,500,4,179,0.024499997380189598,0.13529999705497175,0.11029999586753547,True,3872.6097356144783
ECC+AES-256,500,4,180,0.023999993572942913,0.1348999940091744,0.11079999967478216,True,3872.6097356144783
ECC+AES-256,500,4,181,0.0236999912885949,0.14089999604038894,0.11100000119768083,True,3872.6097356144783
ECC+AES-256,500,4,182,0.024499997380189598,0.13499999477062374,0.10980000661220402,True,3872.6097356144783
ECC+AES-256,500,4,183,0.024100008886307478,0.14770000416319817,0.11360000644344836,True,3872.6097356144783
ECC+AES-256,500,4,184,0.025000001187436283,0.13649999164044857,0.11059999815188348,True,3872.6097356144783
ECC+AES-256,500,4,185,0.024499997380189598,0.13529999705497175,0.10969999129883945,True,3872.6097356144783
ECC+AES-256,500,4,186,0.024499997380189598,0.13699999544769526,0.11069999891333282,True,3872.6097356144783
ECC+AES-256,500,4,187,0.024199995095841587,0.1357000001007691,0.1109000004362315,True,3872.6097356144783
ECC+AES-256,500,4,188,0.024499997380189598,0.13580000086221844,0.1100999943446368,True,3872.6097356144783
ECC+AES-256,500,4,189,0.024199995095841587,0.13509999553207308,0.11809999705292284,True,3872.6097356144783
ECC+AES-256,500,4,190,0.024500011932104826,0.13530001160688698,0.11000000813510269,True,3872.6097356144783
ECC+AES-256,500,4,191,0.02469999890308827,0.13580000086221844,0.11070001346524805,True,3872.6097356144783
ECC+AES-256,500,4,192,0.02479999966453761,0.13649999164044857,0.11000000813510269,True,3872.6097356144783
ECC+AES-256,500,4,193,0.024199995095841587,0.13529999705497175,0.10990000737365335,True,3872.6097356144783
ECC+AES-256,500,4,194,0.02379999205004424,0.1357000001007691,0.10979999206028879,True,3872.6097356144783
ECC+AES-256,500,4,195,0.023899992811493576,0.13349999790079892,0.12240000069141388,True,3872.6097356144783
ECC+AES-256,500,4,196,0.02440001117065549,0.1357000001007691,0.10970000585075468,True,3872.6097356144783
ECC+AES-256,500,4,197,0.024200009647756815,0.1336999994236976,0.11010000889655203,True,3872.6097356144783
ECC+AES-256,500,4,198,0.023999993572942913,0.13549999857787043,0.11079999967478216,True,3872.6097356144783
ECC+AES-256,500,4,199,0.023800006601959467,0.13439999020192772,0.1100999943446368,True,3872.6097356144783
ECC+AES-256,500,4,200,0.023900007363408804,0.13440000475384295,0.10999999358318746,True,3872.6097356144783
ECC+AES-256,500,4,201,0.024199995095841587,0.1416000013705343,0.11340000492054969,True,3872.6097356144783
ECC+AES-256,500,4,202,0.024199995095841587,0.13559999933931977,0.1100999943446368,True,3872.6097356144783
ECC+AES-256,500,4,203,0.02379999205004424,0.13359999866224825,0.10980000661220402,True,3872.6097356144783
ECC+AES-256,500,4,204,0.024199995095841587,0.13410000246949494,0.10979999206028879,True,3872.6097356144783
ECC+AES-256,500,4,205,0.02370000584051013,0.1340999879175797,0.11059999815188348,True,3872.6097356144783
ECC+AES-256,500,4,206,0.024299995857290924,0.1472000003559515,0.10960000508930534,True,3872.6097356144783
ECC+AES-256,500,4,207,0.023899992811493576,0.14269999519456178,0.11079999967478216,True,3872.6097356144783
ECC+AES-256,500,4,208,0.024199995095841587,0.13440000475384295,0.10999999358318746,True,3872.6097356144783
ECC+AES-256,500,4,209,0.023899992811493576,0.13440000475384295,0.10989999282173812,True,3872.6097356144783
ECC+AES-256,500,4,210,0.024299995857290924,0.13580000086221844,0.10989999282173812,True,3872.6097356144783
ECC+AES-256,500,4,211,0.02379999205004424,0.13479999324772507,0.10930000280495733,True,3872.6097356144783
ECC+AES-256,500,4,212,0.023900007363408804,0.13519999629352242,0.10959999053739011,True,3872.6097356144783
ECC+AES-256,500,4,213,0.02409999433439225,0.14309999824035913,0.1112000027205795,True,3872.6097356144783
ECC+AES-256,500,4,214,0.024200009647756815,0.1351000100839883,0.11029999586753547,True,3872.6097356144783
ECC+AES-256,500,4,215,0.023899992811493576,0.1345000055152923,0.11000000813510269,True,3872.6097356144783
ECC+AES-256,500,4,216,0.02409999433439225,0.13519999629352242,0.11010000889655203,True,3872.6097356144783
ECC+AES-256,500,4,217,0.040000013541430235,0.17880000814329833,0.12329999299254268,True,3872.6097356144783
ECC+AES-256,500,4,218,0.03169999399688095,0.15409999468829483,0.11490000179037452,True,3872.6097356144783
ECC+AES-256,500,4,219,0.029399991035461426,0.14980000560171902,0.1145999995060265,True,3872.6097356144783
ECC+AES-256,500,4,220,0.0295999925583601,0.1483999949414283,0.11359999189153314,True,3872.6097356144783
ECC+AES-256,500,4,221,0.02570000651758164,0.1382999907946214,0.11249999806750566,True,3872.6097356144783
ECC+AES-256,500,4,222,0.02439999661874026,0.1382000045850873,0.11210000957362354,True,3872.6097356144783
ECC+AES-256,500,4,223,0.024100008886307478,0.13609998859465122,0.11110000195913017,True,3872.6097356144783
ECC+AES-256,500,4,224,0.02479999966453761,0.1419000036548823,0.1269000058528036,True,3872.6097356144783
ECC+AES-256,500,4,225,0.025300003471784294,0.13840000610798597,0.11229999654460698,True,3872.6097356144783
ECC+AES-256,500,4,226,0.024199995095841587,0.13780000153928995,0.11169999197591096,True,3872.6097356144783
ECC+AES-256,500,4,227,0.024200009647756815,0.14930000179447234,0.11680000170599669,True,3872.6097356144783
ECC+AES-256,500,4,228,0.023900007363408804,0.1365000061923638,0.10969999129883945,True,3872.6097356144783
ECC+AES-256,500,4,229,0.023800006601959467,0.13500000932253897,0.1112000027205795,True,3872.6097356144783
ECC+AES-256,500,4,230,0.024199995095841587,0.145500001963228,0.11330000415910035,True,3872.6097356144783
ECC+AES-256,500,4,231,0.02440001117065549,0.13760000001639128,0.11110000195913017,True,3872.6097356144783
ECC+AES-256,500,4,232,0.024200009647756815,0.13690000923816115,0.11150000500492752,True,3872.6097356144783
ECC+AES-256,500,4,233,0.02409999433439225,0.13630000466946512,0.11130000348202884,True,3872.6097356144783
ECC+AES-256,500,4,234,0.02439999661874026,0.13949999993201345,0.112599998828955,True,3872.6097356144783
ECC+AES-256,500,4,235,0.024599998141638935,0.13800000306218863,0.11150000500492752,True,3872.6097356144783
ECC+AES-256,500,4,236,0.02440001117065549,0.14700001338496804,0.11190000805072486,True,3872.6097356144783
ECC+AES-256,500,4,237,0.024199995095841587,0.1382000045850873,0.11159999121446162,True,3872.6097356144783
ECC+AES-256,500,4,238,0.023999993572942913,0.13719999697059393,0.11180000728927553,True,3872.6097356144783
ECC+AES-256,500,4,239,0.024199995095841587,0.1449999981559813,0.11170000652782619,True,3872.6097356144783
ECC+AES-256,500,4,240,0.024300010409206152,0.13690000923816115,0.11239999730605632,True,3872.6097356144783
ECC+AES-256,500,4,241,0.024300010409206152,0.13860000763088465,0.11189999349880964,True,3872.6097356144783
ECC+AES-256,500,4,242,0.024900000425986946,0.13929999840911478,0.11239999730605632,True,3872.6097356144783
ECC+AES-256,500,4,243,0.024199995095841587,0.13669999316334724,0.11160000576637685,True,3872.6097356144783
ECC+AES-256,500,4,244,0.024100008886307478,0.13770000077784061,0.11130000348202884,True,3872.6097356144783
ECC+AES-256,500,4,245,0.023900007363408804,0.1362000039080158,0.11039999662898481,True,3872.6097356144783
ECC+AES-256,500,4,246,0.023999993572942913,0.13689999468624592,0.11229999654460698,True,3872.6097356144783
ECC+AES-256,500,4,247,0.02409999433439225,0.13749999925494194,0.1221999991685152,True,3872.6097356144783
ECC+AES-256,500,4,248,0.024599998141638935,0.13919999764766544,0.11320000339765102,True,3872.6097356144783
ECC+AES-256,500,4,249,0.02439999661874026,0.1362000039080158,0.11069999891333282,True,3872.6097356144783
ECC+AES-256,500,4,250,0.024200009647756815,0.13800000306218863,0.11130000348202884,True,3872.6097356144783
ECC+AES-256,500,4,251,0.02409999433439225,0.1373999984934926,0.11219999578315765,True,3872.6097356144783
ECC+AES-256,500,4,252,0.024100008886307478,0.13869999384041876,0.11189999349880964,True,3872.6097356144783
ECC+AES-256,500,4,253,0.024499997380189598,0.1449999981559813,0.112900001113303,True,3872.6097356144783
ECC+AES-256,500,4,254,0.024900000425986946,0.13660000695381314,0.11100000119768083,True,3872.6097356144783
ECC+AES-256,500,4,255,0.024200009647756815,0.1365999924018979,0.11150000500492752,True,3872.6097356144783
ECC+AES-256,500,4,256,0.025000001187436283,0.13760000001639128,0.11159999121446162,True,3872.6097356144783
ECC+AES-256,500,4,257,0.024199995095841587,0.1373999984934926,0.11140000424347818,True,3872.6097356144783
ECC+AES-256,500,4,258,0.02409999433439225,0.1387999946018681,0.1109000004362315,True,3872.6097356144783
ECC+AES-256,500,4,259,0.02409999433439225,0.14479999663308263,0.11160000576637685,True,3872.6097356144783
ECC+AES-256,500,4,260,0.024299995857290924,0.18769998860079795,0.11490000179037452,True,3872.6097356144783
ECC+AES-256,500,4,261,0.03860000288113952,0.17559999832883477,0.12040000001434237,True,3872.6097356144783
ECC+AES-256,500,4,262,0.031100003980100155,0.15190000704023987,0.12069998774677515,True,3872.6097356144783
ECC+AES-256,500,4,263,0.02580000727903098,0.14109999756328762,0.11309998808428645,True,3872.6097356144783
ECC+AES-256,500,4,264,0.02479999966453761,0.14290001126937568,0.11310000263620168,True,3872.6097356144783
ECC+AES-256,500,4,265,0.02479999966453761,0.13939999917056412,0.11300000187475234,True,3872.6097356144783
ECC+AES-256,500,4,266,0.02439999661874026,0.13919999764766544,0.12280000373721123,True,3872.6097356144783
ECC+AES-256,500,4,267,0.025000001187436283,0.14039999223314226,0.11199999426025897,True,3872.6097356144783
ECC+AES-256,500,4,268,0.024199995095841587,0.13889999536331743,0.1117999927373603,True,3872.6097356144783
ECC+AES-256,500,4,269,0.02409999433439225,0.13729999773204327,0.1117999927373603,True,3872.6097356144783
ECC+AES-256,500,4,270,0.02439999661874026,0.13819999003317207,0.11229999654460698,True,3872.6097356144783
ECC+AES-256,500,4,271,0.02439999661874026,0.13700000999961048,0.11159999121446162,True,3872.6097356144783
ECC+AES-256,500,4,272,0.028099995688535273,0.15219999477267265,0.115999995614402,True,3872.6097356144783
ECC+AES-256,500,4,273,0.024900000425986946,0.13830000534653664,0.11239999730605632,True,3872.6097356144783
ECC+AES-256,500,4,274,0.02479999966453761,0.1387999946018681,0.11239999730605632,True,3872.6097356144783
ECC+AES-256,500,4,275,0.02479999966453761,0.1379000023007393,0.11169999197591096,True,3872.6097356144783
ECC+AES-256,500,4,276,0.02439999661874026,0.13760000001639128,0.11130000348202884,True,3872.6097356144783
ECC+AES-256,500,4,277,0.024900000425986946,0.13810000382363796,0.11149999045301229,True,3872.6097356144783
ECC+AES-256,500,4,278,0.024599998141638935,0.14709999959450215,0.11269999959040433,True,3872.6097356144783
ECC+AES-256,500,4,279,0.024599998141638935,0.1379000023007393,0.1120000088121742,True,3872.6097356144783
ECC+AES-256,500,4,280,0.02479999966453761,0.1365000061923638,0.11140000424347818,True,3872.6097356144783
ECC+AES-256,500,4,281,0.024900000425986946,0.1382999907946214,0.11160000576637685,True,3872.6097356144783
ECC+AES-256,500,4,282,0.02469999890308827,0.13830000534653664,0.11100000119768083,True,3872.6097356144783
ECC+AES-256,500,4,283,0.024299995857290924,0.15019999409560114,0.1269000058528036,True,3872.6097356144783
ECC+AES-256,500,4,284,0.02510000194888562,0.13869999384041876,0.11219999578315765,True,3872.6097356144783
ECC+AES-256,500,4,285,0.024299995857290924,0.13770000077784061,0.11119998816866428,True,3872.6097356144783
ECC+AES-256,500,4,286,0.02439999661874026,0.13580000086221844,0.10999999358318746,True,3872.6097356144783
ECC+AES-256,500,4,287,0.024299995857290924,0.13669999316334724,0.11029999586753547,True,3872.6097356144783
ECC+AES-256,500,4,288,0.02479999966453761,0.13899999612476677,0.11130000348202884,True,3872.6097356144783
ECC+AES-256,500,4,289,0.024100008886307478,0.139000010676682,0.12450000212993473,True,3872.6097356144783
ECC+AES-256,500,4,290,0.024900000425986946,0.1365999924018979,0.11110000195913017,True,3872.6097356144783
ECC+AES-256,500,4,291,0.024599998141638935,0.13770000077784061,0.1117999927373603,True,3872.6097356144783
ECC+AES-256,500,4,292,0.024599998141638935,0.13699999544769526,0.11110000195913017,True,3872.6097356144783
ECC+AES-256,500,4,293,0.023999993572942913,0.13490000856108963,0.10980000661220402,True,3872.6097356144783
ECC+AES-256,500,4,294,0.02439999661874026,0.14800000644754618,0.11630001245066524,True,3872.6097356144783
ECC+AES-256,500,4,295,0.024199995095841587,0.14619999274145812,0.11219999578315765,True,3872.6097356144783
ECC+AES-256,500,4,296,0.025300003471784294,0.13880000915378332,0.11199999426025897,True,3872.6097356144783
ECC+AES-256,500,4,297,0.024299995857290924,0.13830000534653664,0.11240001185797155,True,3872.6097356144783
ECC+AES-256,500,4,298,0.024499997380189598,0.13649999164044857,0.11049999739043415,True,3872.6097356144783
ECC+AES-256,500,4,299,0.024299995857290924,0.13529999705497175,0.1103000104194507,True,3872.6097356144783
ECC+AES-256,500,4,300,0.024200009647756815,0.13679999392479658,0.11159999121446162,True,3872.6097356144783
ECC+AES-256,500,4,301,0.02469999890308827,0.1382000045850873,0.11100000119768083,True,3872.6097356144783
ECC+AES-256,500,4,302,0.024299995857290924,0.13670000771526247,0.11130000348202884,True,3872.6097356144783
ECC+AES-256,500,4,303,0.023999993572942913,0.13630000466946512,0.11079999967478216,True,3872.6097356144783
ECC+AES-256,500,4,304,0.024199995095841587,0.13699999544769526,0.1100999943446368,True,3872.6097356144783
ECC+AES-256,500,4,305,0.04680000711232424,0.20129999029450119,0.12560001050587744,True,3872.6097356144783
ECC+AES-256,500,4,306,0.027000001864507794,0.14439999358728528,0.11409999569877982,True,3872.6097356144783
ECC+AES-256,500,4,307,0.024299995857290924,0.1382999907946214,0.11150000500492752,True,3872.6097356144783
ECC+AES-256,500,4,308,0.023900007363408804,0.13549999857787043,0.11100000119768083,True,3872.6097356144783
ECC+AES-256,500,4,309,0.023800006601959467,0.14769998961128294,0.11130000348202884,True,3872.6097356144783
ECC+AES-256,500,4,310,0.024900000425986946,0.13619998935610056,0.11059999815188348,True,3872.6097356144783
ECC+AES-256,500,4,311,0.024199995095841587,0.1345999917248264,0.11170000652782619,True,3872.6097356144783
ECC+AES-256,500,4,312,0.024499997380189598,0.13470000703819096,0.11079999967478216,True,3872.6097356144783
ECC+AES-256,500,4,313,0.023899992811493576,0.13479999324772507,0.11029999586753547,True,3872.6097356144783
ECC+AES-256,500,4,314,0.024299995857290924,0.13499999477062374,0.11019999510608613,True,3872.6097356144783
ECC+AES-256,500,4,315,0.024599998141638935,0.1348999940091744,0.10960000508930534,True,3872.6097356144783
ECC+AES-256,500,4,316,0.024499997380189598,0.1353999978164211,0.11130000348202884,True,3872.6097356144783
ECC+AES-256,500,4,317,0.024299995857290924,0.13559999933931977,0.11110000195913017,True,3872.6097356144783
ECC+AES-256,500,4,318,0.024300010409206152,0.13640000543091446,0.11049999739043415,True,3872.6097356144783
ECC+AES-256,500,4,319,0.024599998141638935,0.13610000314656645,0.11169999197591096,True,3872.6097356144783
ECC+AES-256,500,4,320,0.02409999433439225,0.13499999477062374,0.10990000737365335,True,3872.6097356144783
ECC+AES-256,500,4,321,0.024600012693554163,0.13690000923816115,0.11159999121446162,True,3872.6097356144783
ECC+AES-256,500,4,322,0.024499997380189598,0.1353999978164211,0.11000000813510269,True,3872.6097356144783
ECC+AES-256,500,4,323,0.02409999433439225,0.13529999705497175,0.11130000348202884,True,3872.6097356144783
ECC+AES-256,500,4,324,0.023999993572942913,0.13440000475384295,0.10999999358318746,True,3872.6097356144783
ECC+AES-256,500,4,325,0.023800006601959467,0.13580000086221844,0.109500004327856,True,3872.6097356144783
ECC+AES-256,500,4,326,0.02409999433439225,0.13509999553207308,0.12119999155402184,True,3872.6097356144783
ECC+AES-256,500,4,327,0.023999993572942913,0.13499999477062374,0.11029999586753547,True,3872.6097356144783
ECC+AES-256,500,4,328,0.02510000194888562,0.1497999910498038,0.11269999959040433,True,3872.6097356144783
ECC+AES-256,500,4,329,0.024199995095841587,0.1343000039923936,0.10979999206028879,True,3872.6097356144783
ECC+AES-256,500,4,330,0.024299995857290924,0.1357000001007691,0.11069999891333282,True,3872.6097356144783
ECC+AES-256,500,4,331,0.02400000812485814,0.13490000856108963,0.10989999282173812,True,3872.6097356144783
ECC+AES-256,500,4,332,0.023899992811493576,0.14119999832473695,0.11329998960718513,True,3872.6097356144783
ECC+AES-256,500,4,333,0.02370000584051013,0.13580000086221844,0.10979999206028879,True,3872.6097356144783
ECC+AES-256,500,4,334,0.023800006601959467,0.1365000061923638,0.10969999129883945,True,3872.6097356144783
ECC+AES-256,500,4,335,0.023999993572942913,0.13529999705497175,0.10930000280495733,True,3872.6097356144783
ECC+AES-256,500,4,336,0.023899992811493576,0.13559999933931977,0.11069999891333282,True,3872.6097356144783
ECC+AES-256,500,4,337,0.023800006601959467,0.13549999857787043,0.11019999510608613,True,3872.6097356144783
ECC+AES-256,500,4,338,0.02379999205004424,0.14289999671746045,0.1112000027205795,True,3872.6097356144783
ECC+AES-256,500,4,339,0.023800006601959467,0.1353999978164211,0.11109998740721494,True,3872.6097356144783
ECC+AES-256,500,4,340,0.024199995095841587,0.14489999739453197,0.11039999662898481,True,3872.6097356144783
ECC+AES-256,500,4,341,0.02379999205004424,0.13479999324772507,0.11100000119768083,True,3872.6097356144783
ECC+AES-256,500,4,342,0.0236999912885949,0.13640000543091446,0.11069999891333282,True,3872.6097356144783
ECC+AES-256,500,4,343,0.0236999912885949,0.13420000323094428,0.1100999943446368,True,3872.6097356144783
ECC+AES-256,500,4,344,0.023999993572942913,0.14119999832473695,0.11029999586753547,True,3872.6097356144783
ECC+AES-256,500,4,345,0.02400000812485814,0.13380000018514693,0.11010000889655203,True,3872.6097356144783
ECC+AES-256,500,4,346,0.02379999205004424,0.13470000703819096,0.10989999282173812,True,3872.6097356144783
ECC+AES-256,500,4,347,0.02370000584051013,0.13410000246949494,0.11039999662898481,True,3872.6097356144783
ECC+AES-256,500,4,348,0.023800006601959467,0.13390000094659626,0.11069999891333282,True,3872.6097356144783
ECC+AES-256,500,4,349,0.0236999912885949,0.1340000017080456,0.1100999943446368,True,3872.6097356144783
ECC+AES-256,500,4,350,0.02950000634882599,0.15079999866429716,0.11250001261942089,True,3872.6097356144783
ECC+AES-256,500,4,351,0.025599991204217076,0.13749999925494194,0.11079999967478216,True,3872.6097356144783
ECC+AES-256,500,4,352,0.024199995095841587,0.1390999968862161,0.11000000813510269,True,3872.6097356144783
ECC+AES-256,500,4,353,0.02400000812485814,0.1343000039923936,0.1100999943446368,True,3872.6097356144783
ECC+AES-256,500,4,354,0.02400000812485814,0.1348000077996403,0.11069999891333282,True,3872.6097356144783
ECC+AES-256,500,4,355,0.023899992811493576,0.13380000018514693,0.11730000551324338,True,3872.6097356144783
ECC+AES-256,500,4,356,0.024900000425986946,0.1365000061923638,0.11039999662898481,True,3872.6097356144783
ECC+AES-256,500,4,357,0.02400000812485814,0.13519999629352242,0.11069999891333282,True,3872.6097356144783
ECC+AES-256,500,4,358,0.023899992811493576,0.13509999553207308,0.10980000661220402,True,3872.6097356144783
ECC+AES-256,500,4,359,0.023999993572942913,0.13449999096337706,0.10990000737365335,True,3872.6097356144783
ECC+AES-256,500,4,360,0.024199995095841587,0.1357000001007691,0.11029999586753547,True,3872.6097356144783
ECC+AES-256,500,4,361,0.023900007363408804,0.13460000627674162,0.12099999003112316,True,3872.6097356144783
ECC+AES-256,500,4,362,0.023999993572942913,0.13460000627674162,0.11049999739043415,True,3872.6097356144783
ECC+AES-256,500,4,363,0.023800006601959467,0.13509999553207308,0.11039999662898481,True,3872.6097356144783
ECC+AES-256,500,4,364,0.02439999661874026,0.14760000340174884,0.11360000644344836,True,3872.6097356144783
ECC+AES-256,500,4,365,0.023899992811493576,0.13339999713934958,0.10940000356640667,True,3872.6097356144783
ECC+AES-256,500,4,366,0.02439999661874026,0.1345999917248264,0.10940000356640667,True,3872.6097356144783
ECC+AES-256,500,4,367,0.02409999433439225,0.14189998910296708,0.11369999265298247,True,3872.6097356144783
ECC+AES-256,500,4,368,0.024199995095841587,0.1345999917248264,0.10970000585075468,True,3872.6097356144783
ECC+AES-256,500,4,369,0.023999993572942913,0.13410000246949494,0.10999999358318746,True,3872.6097356144783
ECC+AES-256,500,4,370,0.023899992811493576,0.1348000077996403,0.11059999815188348,True,3872.6097356144783
ECC+AES-256,500,4,371,0.02370000584051013,0.13420000323094428,0.10980000661220402,True,3872.6097356144783
ECC+AES-256,500,4,372,0.0236999912885949,0.13390000094659626,0.1100999943446368,True,3872.6097356144783
ECC+AES-256,500,4,373,0.02370000584051013,0.14269999519456178,0.11199999426025897,True,3872.6097356144783
ECC+AES-256,500,4,374,0.024500011932104826,0.13660000695381314,0.11029999586753547,True,3872.6097356144783
ECC+AES-256,500,4,375,0.02400000812485814,0.1348999940091744,0.11069999891333282,True,3872.6097356144783
ECC+AES-256,500,4,376,0.024199995095841587,0.14709999959450215,0.10970000585075468,True,3872.6097356144783
ECC+AES-256,500,4,377,0.02400000812485814,0.13410000246949494,0.11029999586753547,True,3872.6097356144783
ECC+AES-256,500,4,378,0.023999993572942913,0.1343000039923936,0.11000000813510269,True,3872.6097356144783
ECC+AES-256,500,4,379,0.023800006601959467,0.14230000670067966,0.11039999662898481,True,3872.6097356144783
ECC+AES-256,500,4,380,0.02409999433439225,0.1348999940091744,0.11050001194234937,True,3872.6097356144783
ECC+AES-256,500,4,381,0.02409999433439225,0.1340000017080456,0.10909998673014343,True,3872.6097356144783
ECC+AES-256,500,4,382,0.023999993572942913,0.1357000001007691,0.10989999282173812,True,3872.6097356144783
ECC+AES-256,500,4,383,0.024199995095841587,0.13500000932253897,0.109500004327856,True,3872.6097356144783
ECC+AES-256,500,4,384,0.023999993572942913,0.13380000018514693,0.10969999129883945,True,3872.6097356144783
ECC+AES-256,500,4,385,0.03200001083314419,0.1379000023007393,0.11049999739043415,True,3872.6097356144783
ECC+AES-256,500,4,386,0.02440001117065549,0.13559999933931977,0.11010000889655203,True,3872.6097356144783
ECC+AES-256,500,4,387,0.02409999433439225,0.13410000246949494,0.11029999586753547,True,3872.6097356144783
ECC+AES-256,500,4,388,0.024100008886307478,0.14230000670067966,0.10999999358318746,True,3872.6097356144783
ECC+AES-256,500,4,389,0.02370000584051013,0.13499999477062374,0.11039999662898481,True,3872.6097356144783
ECC+AES-256,500,4,390,0.023800006601959467,0.1348000077996403,0.10989999282173812,True,3872.6097356144783
ECC+AES-256,500,4,391,0.02469999890308827,0.1362000039080158,0.10990000737365335,True,3872.6097356144783
ECC+AES-256,500,4,392,0.024599998141638935,0.13590000162366778,0.10979999206028879,True,3872.6097356144783
ECC+AES-256,500,4,393,0.024100008886307478,0.13420000323094428,0.109500004327856,True,3872.6097356144783
ECC+AES-256,500,4,394,0.02370000584051013,0.1340000017080456,0.10990000737365335,True,3872.6097356144783
ECC+AES-256,500,4,395,0.02379999205004424,0.13380000018514693,0.11049999739043415,True,3872.6097356144783
ECC+AES-256,500,4,396,0.02400000812485814,0.1357000001007691,0.119399992399849,True,3872.6097356144783
ECC+AES-256,500,4,397,0.04429998807609081,0.19219999376218766,0.12579999747686088,True,3872.6097356144783
ECC+AES-256,500,4,398,0.02649999805726111,0.1421999913873151,0.11369999265298247,True,3872.6097356144783
ECC+AES-256,500,4,399,0.025500004994682968,0.14000000373926014,0.112599998828955,True,3872.6097356144783
ECC+AES-256,500,4,400,0.02439999661874026,0.1362000039080158,0.11079999967478216,True,3872.6097356144783
ECC+AES-256,500,4,401,0.024299995857290924,0.14869999722577631,0.11239999730605632,True,3872.6097356144783
ECC+AES-256,500,4,402,0.025000001187436283,0.1368000084767118,0.11159999121446162,True,3872.6097356144783
ECC+AES-256,500,4,403,0.02400000812485814,0.1353999978164211,0.11059999815188348,True,3872.6097356144783
ECC+AES-256,500,4,404,0.02409999433439225,0.13470000703819096,0.11049999739043415,True,3872.6097356144783
ECC+AES-256,500,4,405,0.02400000812485814,0.1348999940091744,0.1109000004362315,True,3872.6097356144783
ECC+AES-256,500,4,406,0.02400000812485814,0.1362000039080158,0.10999999358318746,True,3872.6097356144783
ECC+AES-256,500,4,407,0.024200009647756815,0.14489999739453197,0.11130000348202884,True,3872.6097356144783
ECC+AES-256,500,4,408,0.024599998141638935,0.1357000001007691,0.11039999662898481,True,3872.6097356144783
ECC+AES-256,500,4,409,0.023900007363408804,0.13449999096337706,0.11020000965800136,True,3872.6097356144783
ECC+AES-256,500,4,410,0.02400000812485814,0.1348999940091744,0.10989999282173812,True,3872.6097356144783
ECC+AES-256,500,4,411,0.024199995095841587,0.1353999978164211,0.11110000195913017,True,3872.6097356144783
ECC+AES-256,500,4,412,0.024199995095841587,0.13390000094659626,0.11019999510608613,True,3872.6097356144783
ECC+AES-256,500,4,413,0.0247000134550035,0.1365000061923638,0.11069999891333282,True,3872.6097356144783
ECC+AES-256,500,4,414,0.024100008886307478,0.13590000162366778,0.10980000661220402,True,3872.6097356144783
ECC+AES-256,500,4,415,0.024299995857290924,0.13610000314656645,0.10979999206028879,True,3872.6097356144783
ECC+AES-256,500,4,416,0.04530001024249941,0.20059999951627105,0.12450000212993473,True,3872.6097356144783
ECC+AES-256,500,4,417,0.027599991881288588,0.14489999739453197,0.11500000255182385,True,3872.6097356144783
ECC+AES-256,500,4,418,0.024900000425986946,0.1387999946018681,0.1112000027205795,True,3872.6097356144783
ECC+AES-256,500,4,419,0.02440001117065549,0.1351000100839883,0.11039999662898481,True,3872.6097356144783
ECC+AES-256,500,4,420,0.024200009647756815,0.14869999722577631,0.1120000088121742,True,3872.6097356144783
ECC+AES-256,500,4,421,0.02479999966453761,0.13630000466946512,0.11069999891333282,True,3872.6097356144783
ECC+AES-256,500,4,422,0.02439999661874026,0.13549999857787043,0.11129998893011361,True,3872.6097356144783
ECC+AES-256,500,4,423,0.024299995857290924,0.14200000441633165,0.11140000424347818,True,3872.6097356144783
ECC+AES-256,500,4,424,0.02479999966453761,0.13590000162366778,0.11110000195913017,True,3872.6097356144783
ECC+AES-256,500,4,425,0.02409999433439225,0.1360000023851171,0.1058999914675951,True,3872.6097356144783
ECC+AES-256,500,4,426,0.024200009647756815,0.13330001092981547,0.10750000365078449,True,3872.6097356144783
ECC+AES-256,500,4,427,0.023999993572942913,0.14229999214876443,0.10710000060498714,True,3872.6097356144783
ECC+AES-256,500,4,428,0.02340000355616212,0.13139999646227807,0.10699999984353781,True,3872.6097356144783
ECC+AES-256,500,4,429,0.02370000584051013,0.13159999798517674,0.10699999984353781,True,3872.6097356144783
ECC+AES-256,500,4,430,0.023599990527145565,0.13000000035390258,0.10629999451339245,True,3872.6097356144783
ECC+AES-256,500,4,431,0.02370000584051013,0.1306000049225986,0.10689999908208847,True,3872.6097356144783
ECC+AES-256,500,4,432,0.024300010409206152,0.1320000010309741,0.10730000212788582,True,3872.6097356144783
ECC+AES-256,500,4,433,0.0236999912885949,0.12969999806955457,0.10730000212788582,True,3872.6097356144783
ECC+AES-256,500,4,434,0.02340000355616212,0.1311999949393794,0.10600000678095967,True,3872.6097356144783
ECC+AES-256,500,4,435,0.023499989765696228,0.1303000026382506,0.10710000060498714,True,3872.6097356144783
ECC+AES-256,500,4,436,0.023300002794712782,0.13079999189358205,0.10620000830385834,True,3872.6097356144783
ECC+AES-256,500,4,437,0.023499989765696228,0.1306000049225986,0.10679999832063913,True,3872.6097356144783
ECC+AES-256,500,4,438,0.023999993572942913,0.13220000255387276,0.10730000212788582,True,3872.6097356144783
ECC+AES-256,500,4,439,0.02379999205004424,0.14279999595601112,0.11130000348202884,True,3872.6097356144783
ECC+AES-256,500,4,440,0.024100008886307478,0.13139999646227807,0.10649999603629112,True,3872.6097356144783
ECC+AES-256,500,4,441,0.02510000194888562,0.9176000021398067,0.2786999975796789,True,3872.6097356144783
ECC+AES-256,500,4,442,0.05880001117475331,0.22519999765791,0.1255999959539622,True,3872.6097356144783
ECC+AES-256,500,4,443,0.03169999399688095,0.185500000952743,0.17270000535063446,True,3872.6097356144783
ECC+AES-256,500,4,444,0.03220001235604286,0.14450000890064985,0.1142999972216785,True,3872.6097356144783
ECC+AES-256,500,4,445,0.025900008040480316,0.13919999764766544,0.11189999349880964,True,3872.6097356144783
ECC+AES-256,500,4,446,0.026200010324828327,0.14080000983085483,0.11249999806750566,True,3872.6097356144783
ECC+AES-256,500,4,447,0.026399997295811772,0.13899999612476677,0.112900001113303,True,3872.6097356144783
ECC+AES-256,500,4,448,0.025200002710334957,0.13640000543091446,0.11160000576637685,True,3872.6097356144783
ECC+AES-256,500,4,449,0.024599998141638935,0.13529999705497175,0.1100999943446368,True,3872.6097356144783
ECC+AES-256,500,4,450,0.024599998141638935,0.13519999629352242,0.10959999053739011,True,3872.6097356144783
ECC+AES-256,500,4,451,0.024900000425986946,0.13689999468624592,0.12379999679978937,True,3872.6097356144783
ECC+AES-256,500,4,452,0.02510000194888562,0.1373999984934926,0.11130000348202884,True,3872.6097356144783
ECC+AES-256,500,4,453,0.02469999890308827,0.1348999940091744,0.11069999891333282,True,3872.6097356144783
ECC+AES-256,500,4,454,0.02540000423323363,0.14899999951012433,0.11140000424347818,True,3872.6097356144783
ECC+AES-256,500,4,455,0.024499997380189598,0.14119999832473695,0.11039999662898481,True,3872.6097356144783
ECC+AES-256,500,4,456,0.02469999890308827,0.1365999924018979,0.11130000348202884,True,3872.6097356144783
ECC+AES-256,500,4,457,0.02469999890308827,0.14409999130293727,0.11460001405794173,True,3872.6097356144783
ECC+AES-256,500,4,458,0.02469999890308827,0.1362000039080158,0.10969999129883945,True,3872.6097356144783
ECC+AES-256,500,4,459,0.02439999661874026,0.13679999392479658,0.11029999586753547,True,3872.6097356144783
ECC+AES-256,500,4,460,0.024499997380189598,0.1365000061923638,0.11070001346524805,True,3872.6097356144783
ECC+AES-256,500,4,461,0.02440001117065549,0.13630000466946512,0.11059999815188348,True,3872.6097356144783
ECC+AES-256,500,4,462,0.024300010409206152,0.1351000100839883,0.11049999739043415,True,3872.6097356144783
ECC+AES-256,500,4,463,0.02469999890308827,0.14489999739453197,0.11100000119768083,True,3872.6097356144783
ECC+AES-256,500,4,464,0.024900000425986946,0.13590000162366778,0.11029999586753547,True,3872.6097356144783
ECC+AES-256,500,4,465,0.02479999966453761,0.1348999940091744,0.1109000004362315,True,3872.6097356144783
ECC+AES-256,500,4,466,0.024900000425986946,0.15970000822562724,0.11239999730605632,True,3872.6097356144783
ECC+AES-256,500,4,467,0.02519998815841973,0.1365000061923638,0.11130000348202884,True,3872.6097356144783
ECC+AES-256,500,4,468,0.024300010409206152,0.1362000039080158,0.11029999586753547,True,3872.6097356144783
ECC+AES-256,500,4,469,0.024299995857290924,0.13529999705497175,0.1109999866457656,True,3872.6097356144783
ECC+AES-256,500,4,470,0.024599998141638935,0.1357000001007691,0.11029999586753547,True,3872.6097356144783
ECC+AES-256,500,4,471,0.02409999433439225,0.13529999705497175,0.11100000119768083,True,3872.6097356144783
ECC+AES-256,500,4,472,0.029000002541579306,0.1449999981559813,0.11299998732283711,True,3872.6097356144783
ECC+AES-256,500,4,473,0.025300003471784294,0.1387999946018681,0.11199999426025897,True,3872.6097356144783
ECC+AES-256,500,4,474,0.02469999890308827,0.13719999697059393,0.11029999586753547,True,3872.6097356144783
ECC+AES-256,500,4,475,0.024499997380189598,0.1357000001007691,0.109200002043508,True,3872.6097356144783
ECC+AES-256,500,4,476,0.024499997380189598,0.13529999705497175,0.11110000195913017,True,3872.6097356144783
ECC+AES-256,500,4,477,0.02439999661874026,0.13499999477062374,0.15829999756533653,True,3872.6097356144783
ECC+AES-256,500,4,478,0.04669999179895967,0.18430000636726618,0.12499999138526618,True,3872.6097356144783
ECC+AES-256,500,4,479,0.026599998818710446,0.14460000966209918,0.11390000872779638,True,3872.6097356144783
ECC+AES-256,500,4,480,0.024900000425986946,0.1379000023007393,0.11170000652782619,True,3872.6097356144783
ECC+AES-256,500,4,481,0.024200009647756815,0.13660000695381314,0.11169999197591096,True,3872.6097356144783
ECC+AES-256,500,4,482,0.02439999661874026,0.13499999477062374,0.12670000432990491,True,3872.6097356144783
ECC+AES-256,500,4,483,0.02579999272711575,0.1360000023851171,0.10979999206028879,True,3872.6097356144783
ECC+AES-256,500,4,484,0.024100008886307478,0.13449999096337706,0.11069999891333282,True,3872.6097356144783
ECC+AES-256,500,4,485,0.02440001117065549,0.13470000703819096,0.10969999129883945,True,3872.6097356144783
ECC+AES-256,500,4,486,0.023999993572942913,0.1348000077996403,0.11019999510608613,True,3872.6097356144783
ECC+AES-256,500,4,487,0.023999993572942913,0.14000000373926014,0.11059999815188348,True,3872.6097356144783
ECC+AES-256,500,4,488,0.024499997380189598,0.14600000577047467,0.11320000339765102,True,3872.6097356144783
ECC+AES-256,500,4,489,0.024599998141638935,0.1353999978164211,0.1109000004362315,True,3872.6097356144783
ECC+AES-256,500,4,490,0.0247000134550035,0.13559999933931977,0.11069999891333282,True,3872.6097356144783
ECC+AES-256,500,4,491,0.023899992811493576,0.1340000017080456,0.11040001118090004,True,3872.6097356144783
ECC+AES-256,500,4,492,0.023999993572942913,0.13440000475384295,0.10979999206028879,True,3872.6097356144783
ECC+AES-256,500,4,493,0.023999993572942913,0.13440000475384295,0.11100000119768083,True,3872.6097356144783
ECC+AES-256,500,4,494,0.023999993572942913,0.14429999282583594,0.11190000805072486,True,3872.6097356144783
ECC+AES-256,500,4,495,0.02440001117065549,0.13580000086221844,0.1103000104194507,True,3872.6097356144783
ECC+AES-256,500,4,496,0.02409999433439225,0.13420000323094428,0.10980000661220402,True,3872.6097356144783
ECC+AES-256,500,4,497,0.02440001117065549,0.13529999705497175,0.11140000424347818,True,3872.6097356144783
ECC+AES-256,500,4,498,0.024199995095841587,0.1353999978164211,0.11039999662898481,True,3872.6097356144783
ECC+AES-256,500,4,499,0.02409999433439225,0.13590000162366778,0.11299998732283711,True,3872.6097356144783
ECC+AES-256,500,4,500,0.030700000934302807,0.13690000923816115,0.11049999739043415,True,3872.6097356144783
ECC+AES-256,500,5,1,6.6433000029064715,2.127300002030097,0.23159998818300664,True,3775.8817811310078
ECC+AES-256,500,5,2,0.04959999932907522,0.1908000122057274,0.13110000872984529,True,3775.8817811310078
ECC+AES-256,500,5,3,0.034900003811344504,0.199399990378879,0.12450000212993473,True,3775.8817811310078
ECC+AES-256,500,5,4,0.04030000127386302,0.17470000602770597,0.12080000306013972,True,3775.8817811310078
ECC+AES-256,500,5,5,0.030800001695752144,0.1534999901195988,0.11730000551324338,True,3775.8817811310078
ECC+AES-256,500,5,6,0.030099996365606785,0.15039999561849982,0.11740000627469271,True,3775.8817811310078
ECC+AES-256,500,5,7,0.029100003303028643,0.14850001025479287,0.11559999256860465,True,3775.8817811310078
ECC+AES-256,500,5,8,0.02989999484270811,0.14800000644754618,0.11310000263620168,True,3775.8817811310078
ECC+AES-256,500,5,9,0.029100003303028643,0.14590000500902534,0.11199999426025897,True,3775.8817811310078
ECC+AES-256,500,5,10,0.029100003303028643,0.14679999731015414,0.11239999730605632,True,3775.8817811310078
ECC+AES-256,500,5,11,0.029000002541579306,0.15130000247154385,0.11249999806750566,True,3775.8817811310078
ECC+AES-256,500,5,12,0.02889998722821474,0.1483999949414283,0.11320000339765102,True,3775.8817811310078
ECC+AES-256,500,5,13,0.029100003303028643,0.1505999971413985,0.11330000415910035,True,3775.8817811310078
ECC+AES-256,500,5,14,0.030499999411404133,0.1508999994257465,0.11399999493733048,True,3775.8817811310078
ECC+AES-256,500,5,15,0.029000002541579306,0.14739998732693493,0.11229999654460698,True,3775.8817811310078
ECC+AES-256,500,5,16,0.028399997972883284,0.1449999981559813,0.11740000627469271,True,3775.8817811310078
ECC+AES-256,500,5,17,0.02920000406447798,0.1453000004403293,0.11199999426025897,True,3775.8817811310078
ECC+AES-256,500,5,18,0.02819999644998461,0.14699999883305281,0.11269999959040433,True,3775.8817811310078
ECC+AES-256,500,5,19,0.02819999644998461,0.14489999739453197,0.11139998969156295,True,3775.8817811310078
ECC+AES-256,500,5,20,0.028399997972883284,0.1449999981559813,0.11169999197591096,True,3775.8817811310078
ECC+AES-256,500,5,21,0.028399997972883284,0.14429999282583594,0.11140000424347818,True,3775.8817811310078
ECC+AES-256,500,5,22,0.028399997972883284,0.15390000771731138,0.11260001338087022,True,3775.8817811310078
ECC+AES-256,500,5,23,0.028000009479001164,0.14500001270789653,0.11210000957362354,True,3775.8817811310078
ECC+AES-256,500,5,24,0.028300011763349175,0.14519999967887998,0.11189999349880964,True,3775.8817811310078
ECC+AES-256,500,5,25,0.027999994927085936,0.14540000120177865,0.112900001113303,True,3775.8817811310078
ECC+AES-256,500,5,26,0.028599999495781958,0.14630000805482268,0.11230001109652221,True,3775.8817811310078
ECC+AES-256,500,5,27,0.028800001018680632,0.14709999959450215,0.11809999705292284,True,3775.8817811310078
ECC+AES-256,500,5,28,0.029400005587376654,0.14670001110062003,0.11269999959040433,True,3775.8817811310078
ECC+AES-256,500,5,29,0.02849999873433262,0.14730000111740083,0.11409999569877982,True,3775.8817811310078
ECC+AES-256,500,5,30,0.02849999873433262,0.14670001110062003,0.11310000263620168,True,3775.8817811310078
ECC+AES-256,500,5,31,0.028399997972883284,0.15969999367371202,0.11219999578315765,True,3775.8817811310078
ECC+AES-256,500,5,32,0.028599999495781958,0.14519999967887998,0.11269999959040433,True,3775.8817811310078
ECC+AES-256,500,5,33,0.02819999644998461,0.14659999578725547,0.112900001113303,True,3775.8817811310078
ECC+AES-256,500,5,34,0.028999987989664078,0.14600000577047467,0.112900001113303,True,3775.8817811310078
ECC+AES-256,500,5,35,0.029000002541579306,0.14679999731015414,0.11229999654460698,True,3775.8817811310078
ECC+AES-256,500,5,36,0.028400012524798512,0.14650000957772136,0.11300000187475234,True,3775.8817811310078
ECC+AES-256,500,5,37,0.02920000406447798,0.14619999274145812,0.11369999265298247,True,3775.8817811310078
ECC+AES-256,500,5,38,0.034199998481199145,0.1576999929966405,0.1142999972216785,True,3775.8817811310078
ECC+AES-256,500,5,39,0.02989999484270811,0.14810000720899552,0.112599998828955,True,3775.8817811310078
ECC+AES-256,500,5,40,0.028399997972883284,0.14579998969566077,0.112599998828955,True,3775.8817811310078
ECC+AES-256,500,5,41,0.029800008633174002,0.1472000003559515,0.11280000035185367,True,3775.8817811310078
ECC+AES-256,500,5,42,0.028800001018680632,0.145500001963228,0.11190000805072486,True,3775.8817811310078
ECC+AES-256,500,5,43,0.028800001018680632,0.14540000120177865,0.11320000339765102,True,3775.8817811310078
ECC+AES-256,500,5,44,0.028800001018680632,0.1449999981559813,0.11289998656138778,True,3775.8817811310078
ECC+AES-256,500,5,45,0.02820001100189984,0.14460000966209918,0.11140000424347818,True,3775.8817811310078
ECC+AES-256,500,5,46,0.028800001018680632,0.14540000120177865,0.11220001033507288,True,3775.8817811310078
ECC+AES-256,500,5,47,0.028299997211433947,0.14619999274145812,0.112599998828955,True,3775.8817811310078
ECC+AES-256,500,5,48,0.02849999873433262,0.1604999997653067,0.11199999426025897,True,3775.8817811310078
ECC+AES-256,500,5,49,0.028099995688535273,0.14769998961128294,0.11249999806750566,True,3775.8817811310078
ECC+AES-256,500,5,50,0.02819999644998461,0.14649999502580613,0.11229999654460698,True,3775.8817811310078
ECC+AES-256,500,5,51,0.02849999873433262,0.14609999198000878,0.11239999730605632,True,3775.8817811310078
ECC+AES-256,500,5,52,0.028000009479001164,0.145800004247576,0.11199999426025897,True,3775.8817811310078
ECC+AES-256,500,5,53,0.028299997211433947,0.14569998893421143,0.11150000500492752,True,3775.8817811310078
ECC+AES-256,500,5,54,0.028599999495781958,0.15369999164249748,0.11169999197591096,True,3775.8817811310078
ECC+AES-256,500,5,55,0.02849999873433262,0.14479999663308263,0.11129998893011361,True,3775.8817811310078
ECC+AES-256,500,5,56,0.028299997211433947,0.15829999756533653,0.11639999866019934,True,3775.8817811310078
ECC+AES-256,500,5,57,0.027799993404187262,0.14590000500902534,0.11269999959040433,True,3775.8817811310078
ECC+AES-256,500,5,58,0.028399997972883284,0.1480999926570803,0.112900001113303,True,3775.8817811310078
ECC+AES-256,500,5,59,0.02849999873433262,0.14630000805482268,0.11280000035185367,True,3775.8817811310078
ECC+AES-256,500,5,60,0.028700000257231295,0.14770000416319817,0.12569999671541154,True,3775.8817811310078
ECC+AES-256,500,5,61,0.03090000245720148,0.15069999790284783,0.11340000492054969,True,3775.8817811310078
ECC+AES-256,500,5,62,0.029000002541579306,0.14630000805482268,0.11240001185797155,True,3775.8817811310078
ECC+AES-256,500,5,63,0.02850001328624785,0.1453000004403293,0.11239999730605632,True,3775.8817811310078
ECC+AES-256,500,5,64,0.029000002541579306,0.15900000289548188,0.11300000187475234,True,3775.8817811310078
ECC+AES-256,500,5,65,0.029799994081258774,0.1472000003559515,0.11300000187475234,True,3775.8817811310078
ECC+AES-256,500,5,66,0.0281000102404505,0.1466000103391707,0.11310000263620168,True,3775.8817811310078
ECC+AES-256,500,5,67,0.028800001018680632,0.14620000729337335,0.11160000576637685,True,3775.8817811310078
ECC+AES-256,500,5,68,0.03569999535102397,0.15360000543296337,0.11280000035185367,True,3775.8817811310078
ECC+AES-256,500,5,69,0.030100010917522013,0.14709999959450215,0.11979999544564635,True,3775.8817811310078
ECC+AES-256,500,5,70,0.028599999495781958,0.1472000003559515,0.11300000187475234,True,3775.8817811310078
ECC+AES-256,500,5,71,0.02889998722821474,0.146100006531924,0.11220001033507288,True,3775.8817811310078
ECC+AES-256,500,5,72,0.02890000178012997,0.14600000577047467,0.11709998943842947,True,3775.8817811310078
ECC+AES-256,500,5,73,0.028700000257231295,0.14730000111740083,0.11209999502170831,True,3775.8817811310078
ECC+AES-256,500,5,74,0.028700000257231295,0.14529998588841408,0.11839999933727086,True,3775.8817811310078
ECC+AES-256,500,5,75,0.028599999495781958,0.1453000004403293,0.11110000195913017,True,3775.8817811310078
ECC+AES-256,500,5,76,0.02849999873433262,0.14600000577047467,0.11180000728927553,True,3775.8817811310078
ECC+AES-256,500,5,77,0.02819999644998461,0.1458999904571101,0.11269999959040433,True,3775.8817811310078
ECC+AES-256,500,5,78,0.028299997211433947,0.14600000577047467,0.11189999349880964,True,3775.8817811310078
ECC+AES-256,500,5,79,0.029199989512562752,0.1554000045871362,0.11169999197591096,True,3775.8817811310078
ECC+AES-256,500,5,80,0.028400012524798512,0.14620000729337335,0.11160000576637685,True,3775.8817811310078
ECC+AES-256,500,5,81,0.028099995688535273,0.14590000500902534,0.11100000119768083,True,3775.8817811310078
ECC+AES-256,500,5,82,0.028299997211433947,0.14460000966209918,0.11149999045301229,True,3775.8817811310078
ECC+AES-256,500,5,83,0.028399997972883284,0.145500001963228,0.11150000500492752,True,3775.8817811310078
ECC+AES-256,500,5,84,0.028399997972883284,0.1458999904571101,0.11219999578315765,True,3775.8817811310078
ECC+AES-256,500,5,85,0.02890000178012997,0.1438000035705045,0.11079999967478216,True,3775.8817811310078
ECC+AES-256,500,5,86,0.028700000257231295,0.14540000120177865,0.11169999197591096,True,3775.8817811310078
ECC+AES-256,500,5,87,0.028800001018680632,0.15839999832678586,0.11119998816866428,True,3775.8817811310078
ECC+AES-256,500,5,88,0.028399997972883284,0.14390000433195382,0.1151999895228073,True,3775.8817811310078
ECC+AES-256,500,5,89,0.028099995688535273,0.14479999663308263,0.11100000119768083,True,3775.8817811310078
ECC+AES-256,500,5,90,0.03060000017285347,0.149200001033023,0.11300000187475234,True,3775.8817811310078
ECC+AES-256,500,5,91,0.029000002541579306,0.1475000026402995,0.11230001109652221,True,3775.8817811310078
ECC+AES-256,500,5,92,0.028299997211433947,0.14599999121855944,0.11229999654460698,True,3775.8817811310078
ECC+AES-256,500,5,93,0.02780000795610249,0.14470001042354852,0.11160000576637685,True,3775.8817811310078
ECC+AES-256,500,5,94,0.0281000102404505,0.14519999967887998,0.11209999502170831,True,3775.8817811310078
ECC+AES-256,500,5,95,0.029000002541579306,0.14519999967887998,0.11639999866019934,True,3775.8817811310078
ECC+AES-256,500,5,96,0.02889998722821474,0.14800000644754618,0.11330000415910035,True,3775.8817811310078
ECC+AES-256,500,5,97,0.03170000854879618,0.149200001033023,0.11449999874457717,True,3775.8817811310078
ECC+AES-256,500,5,98,0.029100003303028643,0.14630000805482268,0.11330000415910035,True,3775.8817811310078
ECC+AES-256,500,5,99,0.0320999970426783,0.1539999939268455,0.11399999493733048,True,3775.8817811310078
ECC+AES-256,500,5,100,0.030099996365606785,0.14779999037273228,0.11379999341443181,True,3775.8817811310078
ECC+AES-256,500,5,101,0.029099988751113415,0.1463999942643568,0.11269999959040433,True,3775.8817811310078
ECC+AES-256,500,5,102,0.02929999027401209,0.15039999561849982,0.11439999798312783,True,3775.8817811310078
ECC+AES-256,500,5,103,0.029099988751113415,0.14679999731015414,0.11209999502170831,True,3775.8817811310078
ECC+AES-256,500,5,104,0.02989999484270811,0.14760000340174884,0.11210000957362354,True,3775.8817811310078
ECC+AES-256,500,5,105,0.029799994081258774,0.14980000560171902,0.11249999806750566,True,3775.8817811310078
ECC+AES-256,500,5,106,0.028800001018680632,0.14760000340174884,0.11209999502170831,True,3775.8817811310078
ECC+AES-256,500,5,107,0.02849999873433262,0.14579998969566077,0.11310000263620168,True,3775.8817811310078
ECC+AES-256,500,5,108,0.028599999495781958,0.14619999274145812,0.11219999578315765,True,3775.8817811310078
ECC+AES-256,500,5,109,0.02849999873433262,0.1500000071246177,0.1117999927373603,True,3775.8817811310078
ECC+AES-256,500,5,110,0.028999987989664078,0.145500001963228,0.1117999927373603,True,3775.8817811310078
ECC+AES-256,500,5,111,0.028599999495781958,0.14579998969566077,0.11140000424347818,True,3775.8817811310078
ECC+AES-256,500,5,112,0.028099995688535273,0.1453000004403293,0.11249999806750566,True,3775.8817811310078
ECC+AES-256,500,5,113,0.028099995688535273,0.14489999739453197,0.11110000195913017,True,3775.8817811310078
ECC+AES-256,500,5,114,0.02819999644998461,0.14629999350290745,0.11149999045301229,True,3775.8817811310078
ECC+AES-256,500,5,115,0.028400012524798512,0.14560000272467732,0.11219999578315765,True,3775.8817811310078
ECC+AES-256,500,5,116,0.028299997211433947,0.14600000577047467,0.11170000652782619,True,3775.8817811310078
ECC+AES-256,500,5,117,0.028099995688535273,0.14519999967887998,0.1120000088121742,True,3775.8817811310078
ECC+AES-256,500,5,118,0.028399997972883284,0.14980000560171902,0.112599998828955,True,3775.8817811310078
ECC+AES-256,500,5,119,0.02849999873433262,0.1463999942643568,0.11329998960718513,True,3775.8817811310078
ECC+AES-256,500,5,120,0.02849999873433262,0.14649999502580613,0.11300000187475234,True,3775.8817811310078
ECC+AES-256,500,5,121,0.029000002541579306,0.1478000049246475,0.11219999578315765,True,3775.8817811310078
ECC+AES-256,500,5,122,0.028800001018680632,0.14789999113418162,0.11249999806750566,True,3775.8817811310078
ECC+AES-256,500,5,123,0.029799994081258774,0.14689999807160348,0.11340000492054969,True,3775.8817811310078
ECC+AES-256,500,5,124,0.029100003303028643,0.14640000881627202,0.11510000331327319,True,3775.8817811310078
ECC+AES-256,500,5,125,0.02890000178012997,0.1497999910498038,0.11829999857582152,True,3775.8817811310078
ECC+AES-256,500,5,126,0.030199997127056122,0.1618999958736822,0.11220001033507288,True,3775.8817811310078
ECC+AES-256,500,5,127,0.029100003303028643,0.145500001963228,0.1720000000204891,True,3775.8817811310078
ECC+AES-256,500,5,128,0.03539999306667596,0.15839999832678586,0.11779999476857483,True,3775.8817811310078
ECC+AES-256,500,5,129,0.03069998638238758,0.14960000407882035,0.11379999341443181,True,3775.8817811310078
ECC+AES-256,500,5,130,0.0295999925583601,0.14859999646432698,0.11300000187475234,True,3775.8817811310078
ECC+AES-256,500,5,131,0.028800001018680632,0.14519999967887998,0.11269999959040433,True,3775.8817811310078
ECC+AES-256,500,5,132,0.027999994927085936,0.14570000348612666,0.11230001109652221,True,3775.8817811310078
ECC+AES-256,500,5,133,0.028700000257231295,0.1593000051798299,0.11380000796634704,True,3775.8817811310078
ECC+AES-256,500,5,134,0.028299997211433947,0.1453000004403293,0.11149999045301229,True,3775.8817811310078
ECC+AES-256,500,5,135,0.028599999495781958,0.1453000004403293,0.11169999197591096,True,3775.8817811310078
ECC+AES-256,500,5,136,0.028299997211433947,0.14519999967887998,0.11189999349880964,True,3775.8817811310078
ECC+AES-256,500,5,137,0.02849999873433262,0.14509999891743064,0.11149999045301229,True,3775.8817811310078
ECC+AES-256,500,5,138,0.02850001328624785,0.14479999663308263,0.11150000500492752,True,3775.8817811310078
ECC+AES-256,500,5,139,0.029399991035461426,0.14630000805482268,0.11239999730605632,True,3775.8817811310078
ECC+AES-256,500,5,140,0.028399997972883284,0.14570000348612666,0.1120000088121742,True,3775.8817811310078
ECC+AES-256,500,5,141,0.028700000257231295,0.15799999528098851,0.11480000102892518,True,3775.8817811310078
ECC+AES-256,500,5,142,0.029000002541579306,0.14549998741131276,0.11140000424347818,True,3775.8817811310078
ECC+AES-256,500,5,143,0.028700000257231295,0.146100006531924,0.11300000187475234,True,3775.8817811310078
ECC+AES-256,500,5,144,0.028599999495781958,0.1463999942643568,0.112599998828955,True,3775.8817811310078
ECC+AES-256,500,5,145,0.03099998866673559,0.15300000086426735,0.11470000026747584,True,3775.8817811310078
ECC+AES-256,500,5,146,0.029000002541579306,0.14819999341852963,0.11300000187475234,True,3775.8817811310078
ECC+AES-256,500,5,147,0.029100003303028643,0.14709999959450215,0.11380000796634704,True,3775.8817811310078
ECC+AES-256,500,5,148,0.029799994081258774,0.1466999965487048,0.1117999927373603,True,3775.8817811310078
ECC+AES-256,500,5,149,0.029400005587376654,0.16089998825918883,0.11280000035185367,True,3775.8817811310078
ECC+AES-256,500,5,150,0.029100003303028643,0.14459999511018395,0.11199999426025897,True,3775.8817811310078
ECC+AES-256,500,5,151,0.028999987989664078,0.14600000577047467,0.112599998828955,True,3775.8817811310078
ECC+AES-256,500,5,152,0.02849999873433262,0.14509999891743064,0.11219999578315765,True,3775.8817811310078
ECC+AES-256,500,5,153,0.028999987989664078,0.14540000120177865,0.112900001113303,True,3775.8817811310078
ECC+AES-256,500,5,154,0.02849999873433262,0.14679999731015414,0.11300000187475234,True,3775.8817811310078
ECC+AES-256,500,5,155,0.028299997211433947,0.1438999897800386,0.11110000195913017,True,3775.8817811310078
ECC+AES-256,500,5,156,0.028599999495781958,0.14449999434873462,0.11560000712051988,True,3775.8817811310078
ECC+AES-256,500,5,157,0.02819999644998461,0.14570000348612666,0.14859999646432698,True,3775.8817811310078
ECC+AES-256,500,5,158,0.03330000618007034,0.15270001313183457,0.11490000179037452,True,3775.8817811310078
ECC+AES-256,500,5,159,0.02920000406447798,0.14730000111740083,0.11369999265298247,True,3775.8817811310078
ECC+AES-256,500,5,160,0.028800001018680632,0.14730000111740083,0.11339999036863446,True,3775.8817811310078
ECC+AES-256,500,5,161,0.029300004825927317,0.14770000416319817,0.11379999341443181,True,3775.8817811310078
ECC+AES-256,500,5,162,0.029100003303028643,0.14799999189563096,0.11369999265298247,True,3775.8817811310078
ECC+AES-256,500,5,163,0.02890000178012997,0.14730000111740083,0.11209999502170831,True,3775.8817811310078
ECC+AES-256,500,5,164,0.029100003303028643,0.15520000306423753,0.112599998828955,True,3775.8817811310078
ECC+AES-256,500,5,165,0.02890000178012997,0.14570000348612666,0.11210000957362354,True,3775.8817811310078
ECC+AES-256,500,5,166,0.029100003303028643,0.145500001963228,0.1117999927373603,True,3775.8817811310078
ECC+AES-256,500,5,167,0.02950000634882599,0.14600000577047467,0.11319998884573579,True,3775.8817811310078
ECC+AES-256,500,5,168,0.029499991796910763,0.14699999883305281,0.1117999927373603,True,3775.8817811310078
ECC+AES-256,500,5,169,0.02849999873433262,0.1453000004403293,0.1120000088121742,True,3775.8817811310078
ECC+AES-256,500,5,170,0.028800001018680632,0.14679999731015414,0.11180000728927553,True,3775.8817811310078
ECC+AES-256,500,5,171,0.030800001695752144,0.1588000013725832,0.11330000415910035,True,3775.8817811310078
ECC+AES-256,500,5,172,0.02989999484270811,0.1472000003559515,0.11330000415910035,True,3775.8817811310078
ECC+AES-256,500,5,173,0.028800001018680632,0.14680001186206937,0.11280000035185367,True,3775.8817811310078
ECC+AES-256,500,5,174,0.028700000257231295,0.14519999967887998,0.1117999927373603,True,3775.8817811310078
ECC+AES-256,500,5,175,0.029000002541579306,0.145800004247576,0.112599998828955,True,3775.8817811310078
ECC+AES-256,500,5,176,0.028399997972883284,0.1449000119464472,0.11140000424347818,True,3775.8817811310078
ECC+AES-256,500,5,177,0.028700000257231295,0.14600000577047467,0.112599998828955,True,3775.8817811310078
ECC+AES-256,500,5,178,0.029000002541579306,0.14760000340174884,0.1154000055976212,True,3775.8817811310078
ECC+AES-256,500,5,179,0.029300004825927317,0.14500001270789653,0.112900001113303,True,3775.8817811310078
ECC+AES-256,500,5,180,0.028700000257231295,0.15230001008603722,0.11150000500492752,True,3775.8817811310078
ECC+AES-256,500,5,181,0.029199989512562752,0.15500000154133886,0.11229999654460698,True,3775.8817811310078
ECC+AES-256,500,5,182,0.029499991796910763,0.14699999883305281,0.11229999654460698,True,3775.8817811310078
ECC+AES-256,500,5,183,0.029000002541579306,0.14600000577047467,0.11189999349880964,True,3775.8817811310078
ECC+AES-256,500,5,184,0.028800001018680632,0.14350000128615648,0.11230001109652221,True,3775.8817811310078
ECC+AES-256,500,5,185,0.028800001018680632,0.14429999282583594,0.11150000500492752,True,3775.8817811310078
ECC+AES-256,500,5,186,0.028700000257231295,0.14590000500902534,0.11180000728927553,True,3775.8817811310078
ECC+AES-256,500,5,187,0.028399997972883284,0.145800004247576,0.1714000100037083,True,3775.8817811310078
ECC+AES-256,500,5,188,0.0315000070258975,0.149200001033023,0.11379999341443181,True,3775.8817811310078
ECC+AES-256,500,5,189,0.029000002541579306,0.14970000484026968,0.11350000568199903,True,3775.8817811310078
ECC+AES-256,500,5,190,0.028700000257231295,0.14519999967887998,0.11310000263620168,True,3775.8817811310078
ECC+AES-256,500,5,191,0.02890000178012997,0.14609999198000878,0.11219999578315765,True,3775.8817811310078
ECC+AES-256,500,5,192,0.034199998481199145,0.15380000695586205,0.11320000339765102,True,3775.8817811310078
ECC+AES-256,500,5,193,0.029999995604157448,0.1463999942643568,0.11189999349880964,True,3775.8817811310078
ECC+AES-256,500,5,194,0.02849999873433262,0.1472999865654856,0.1137000072048977,True,3775.8817811310078
ECC+AES-256,500,5,195,0.028399997972883284,0.14959998952690512,0.11330000415910035,True,3775.8817811310078
ECC+AES-256,500,5,196,0.028299997211433947,0.14570000348612666,0.11189999349880964,True,3775.8817811310078
ECC+AES-256,500,5,197,0.028700000257231295,0.14540000120177865,0.11310000263620168,True,3775.8817811310078
ECC+AES-256,500,5,198,0.028299997211433947,0.15779999375808984,0.11219999578315765,True,3775.8817811310078
ECC+AES-256,500,5,199,0.027999994927085936,0.14540000120177865,0.11220001033507288,True,3775.8817811310078
ECC+AES-256,500,5,200,0.02820001100189984,0.145500001963228,0.11209999502170831,True,3775.8817811310078
ECC+AES-256,500,5,201,0.02819999644998461,0.1453000004403293,0.11219999578315765,True,3775.8817811310078
ECC+AES-256,500,5,202,0.029100003303028643,0.14649999502580613,0.11169999197591096,True,3775.8817811310078
ECC+AES-256,500,5,203,0.028599999495781958,0.15010000788606703,0.11180000728927553,True,3775.8817811310078
ECC+AES-256,500,5,204,0.02889998722821474,0.146100006531924,0.11360000644344836,True,3775.8817811310078
ECC+AES-256,500,5,205,0.028099995688535273,0.1455999881727621,0.11199999426025897,True,3775.8817811310078
ECC+AES-256,500,5,206,0.02820001100189984,0.1466000103391707,0.1120000088121742,True,3775.8817811310078
ECC+AES-256,500,5,207,0.028599999495781958,0.16140000661835074,0.11379999341443181,True,3775.8817811310078
ECC+AES-256,500,5,208,0.028700000257231295,0.1453000004403293,0.11239999730605632,True,3775.8817811310078
ECC+AES-256,500,5,209,0.02819999644998461,0.145500001963228,0.11309998808428645,True,3775.8817811310078
ECC+AES-256,500,5,210,0.029499991796910763,0.14789999113418162,0.11320000339765102,True,3775.8817811310078
ECC+AES-256,500,5,211,0.029300004825927317,0.14760000340174884,0.11359999189153314,True,3775.8817811310078
ECC+AES-256,500,5,212,0.029000002541579306,0.1472000003559515,0.12620000052265823,True,3775.8817811310078
ECC+AES-256,500,5,213,0.029100003303028643,0.14709999959450215,0.11320000339765102,True,3775.8817811310078
ECC+AES-256,500,5,214,0.028600014047697186,0.14699999883305281,0.11269999959040433,True,3775.8817811310078
ECC+AES-256,500,5,215,0.029100003303028643,0.14680001186206937,0.11310000263620168,True,3775.8817811310078
ECC+AES-256,500,5,216,0.029000002541579306,0.15219999477267265,0.11209999502170831,True,3775.8817811310078
ECC+AES-256,500,5,217,0.028599999495781958,0.14460000966209918,0.112599998828955,True,3775.8817811310078
ECC+AES-256,500,5,218,0.029000002541579306,0.14590000500902534,0.11150000500492752,True,3775.8817811310078
ECC+AES-256,500,5,219,0.028599999495781958,0.14609999198000878,0.11160000576637685,True,3775.8817811310078
ECC+AES-256,500,5,220,0.028700000257231295,0.1446999958716333,0.11300000187475234,True,3775.8817811310078
ECC+AES-256,500,5,221,0.030700000934302807,0.14879999798722565,0.11249999806750566,True,3775.8817811310078
ECC+AES-256,500,5,222,0.0354999938281253,0.16169999435078353,0.19629999587778002,True,3775.8817811310078
ECC+AES-256,500,5,223,0.0447999918833375,0.17010000010486692,0.1201999984914437,True,3775.8817811310078
ECC+AES-256,500,5,224,0.032500000088475645,0.16340000729542226,0.11550000635907054,True,3775.8817811310078
ECC+AES-256,500,5,225,0.030100010917522013,0.14820000797044486,0.11440001253504306,True,3775.8817811310078
ECC+AES-256,500,5,226,0.028599999495781958,0.14680001186206937,0.11340000492054969,True,3775.8817811310078
ECC+AES-256,500,5,227,0.028399997972883284,0.14590000500902534,0.11300000187475234,True,3775.8817811310078
ECC+AES-256,500,5,228,0.028599999495781958,0.14519999967887998,0.11280000035185367,True,3775.8817811310078
ECC+AES-256,500,5,229,0.02849999873433262,0.14620000729337335,0.11289998656138778,True,3775.8817811310078
ECC+AES-256,500,5,230,0.028599999495781958,0.14540000120177865,0.11300000187475234,True,3775.8817811310078
ECC+AES-256,500,5,231,0.028700000257231295,0.14590000500902534,0.11280000035185367,True,3775.8817811310078
ECC+AES-256,500,5,232,0.028399997972883284,0.14459999511018395,0.112599998828955,True,3775.8817811310078
ECC+AES-256,500,5,233,0.02849999873433262,0.1598999951966107,0.11310000263620168,True,3775.8817811310078
ECC+AES-256,500,5,234,0.028399997972883284,0.14740000187885016,0.11280000035185367,True,3775.8817811310078
ECC+AES-256,500,5,235,0.028399997972883284,0.14570000348612666,0.11240001185797155,True,3775.8817811310078
ECC+AES-256,500,5,236,0.028399997972883284,0.145800004247576,0.11249999806750566,True,3775.8817811310078
ECC+AES-256,500,5,237,0.02849999873433262,0.1455999881727621,0.11249999806750566,True,3775.8817811310078
ECC+AES-256,500,5,238,0.02820001100189984,0.1446999958716333,0.1120000088121742,True,3775.8817811310078
ECC+AES-256,500,5,239,0.02819999644998461,0.14519999967887998,0.11169999197591096,True,3775.8817811310078
ECC+AES-256,500,5,240,0.028099995688535273,0.1453000004403293,0.11229999654460698,True,3775.8817811310078
ECC+AES-256,500,5,241,0.028099995688535273,0.1453000004403293,0.1117999927373603,True,3775.8817811310078
ECC+AES-256,500,5,242,0.034899989259429276,0.17389999993611127,0.11570000788196921,True,3775.8817811310078
ECC+AES-256,500,5,243,0.02929999027401209,0.14829999417997897,0.11330000415910035,True,3775.8817811310078
ECC+AES-256,500,5,244,0.02890000178012997,0.14570000348612666,0.11159999121446162,True,3775.8817811310078
ECC+AES-256,500,5,245,0.028700000257231295,0.1453000004403293,0.11180000728927553,True,3775.8817811310078
ECC+AES-256,500,5,246,0.028299997211433947,0.1542999962111935,0.11300000187475234,True,3775.8817811310078
ECC+AES-256,500,5,247,0.028399997972883284,0.14560000272467732,0.11229999654460698,True,3775.8817811310078
ECC+AES-256,500,5,248,0.02819999644998461,0.15300000086426735,0.11579999409150332,True,3775.8817811310078
ECC+AES-256,500,5,249,0.028700000257231295,0.14540000120177865,0.1120000088121742,True,3775.8817811310078
ECC+AES-256,500,5,250,0.028299997211433947,0.14480001118499786,0.11150000500492752,True,3775.8817811310078
ECC+AES-256,500,5,251,0.028599999495781958,0.15799999528098851,0.11649999942164868,True,3775.8817811310078
ECC+AES-256,500,5,252,0.02849999873433262,0.14629999350290745,0.11389999417588115,True,3775.8817811310078
ECC+AES-256,500,5,253,0.029800008633174002,0.14740000187885016,0.11280000035185367,True,3775.8817811310078
ECC+AES-256,500,5,254,0.02849999873433262,0.1466999965487048,0.11320000339765102,True,3775.8817811310078
ECC+AES-256,500,5,255,0.02850001328624785,0.2359000063734129,0.12009999772999436,True,3775.8817811310078
ECC+AES-256,500,5,256,0.0320999970426783,0.14890001330059022,0.11249999806750566,True,3775.8817811310078
ECC+AES-256,500,5,257,0.029000002541579306,0.16070000128820539,0.11399999493733048,True,3775.8817811310078
ECC+AES-256,500,5,258,0.028700000257231295,0.1466999965487048,0.11249999806750566,True,3775.8817811310078
ECC+AES-256,500,5,259,0.02849999873433262,0.145500001963228,0.11310000263620168,True,3775.8817811310078
ECC+AES-256,500,5,260,0.035899996873922646,0.16259998665191233,0.11379999341443181,True,3775.8817811310078
ECC+AES-256,500,5,261,0.028299997211433947,0.14519999967887998,0.11330000415910035,True,3775.8817811310078
ECC+AES-256,500,5,262,0.02819999644998461,0.1512000017100945,0.11310000263620168,True,3775.8817811310078
ECC+AES-256,500,5,263,0.028299997211433947,0.14370000280905515,0.11159999121446162,True,3775.8817811310078
ECC+AES-256,500,5,264,0.028099995688535273,0.15169999096542597,0.12100000458303839,True,3775.8817811310078
ECC+AES-256,500,5,265,0.02849999873433262,0.14479999663308263,0.11119998816866428,True,3775.8817811310078
ECC+AES-256,500,5,266,0.02849999873433262,0.14519999967887998,0.11150000500492752,True,3775.8817811310078
ECC+AES-256,500,5,267,0.029400005587376654,0.14810000720899552,0.1137000072048977,True,3775.8817811310078
ECC+AES-256,500,5,268,0.02849999873433262,0.14570000348612666,0.11269999959040433,True,3775.8817811310078
ECC+AES-256,500,5,269,0.02819999644998461,0.1512000017100945,0.11229999654460698,True,3775.8817811310078
ECC+AES-256,500,5,270,0.028299997211433947,0.14429999282583594,0.112599998828955,True,3775.8817811310078
ECC+AES-256,500,5,271,0.028099995688535273,0.14439999358728528,0.12139999307692051,True,3775.8817811310078
ECC+AES-256,500,5,272,0.028099995688535273,0.14479999663308263,0.11320000339765102,True,3775.8817811310078
ECC+AES-256,500,5,273,0.028099995688535273,0.14409999130293727,0.11229999654460698,True,3775.8817811310078
ECC+AES-256,500,5,274,0.02820001100189984,0.14519999967887998,0.11219999578315765,True,3775.8817811310078
ECC+AES-256,500,5,275,0.028399997972883284,0.14459999511018395,0.11189999349880964,True,3775.8817811310078
ECC+AES-256,500,5,276,0.02820001100189984,0.1512000017100945,0.11740000627469271,True,3775.8817811310078
ECC+AES-256,500,5,277,0.028099995688535273,0.14560000272467732,0.11269999959040433,True,3775.8817811310078
ECC+AES-256,500,5,278,0.02849999873433262,0.145500001963228,0.12140000762883574,True,3775.8817811310078
ECC+AES-256,500,5,279,0.08660000457894057,0.18459999409969896,0.1205000007757917,True,3775.8817811310078
ECC+AES-256,500,5,280,0.0312999909510836,0.15449999773409218,0.11489998723845929,True,3775.8817811310078
ECC+AES-256,500,5,281,0.029000002541579306,0.14740000187885016,0.11280000035185367,True,3775.8817811310078
ECC+AES-256,500,5,282,0.02849999873433262,0.14760000340174884,0.11280000035185367,True,3775.8817811310078
ECC+AES-256,500,5,283,0.02890000178012997,0.14689999807160348,0.11320000339765102,True,3775.8817811310078
ECC+AES-256,500,5,284,0.028800001018680632,0.14540000120177865,0.11359999189153314,True,3775.8817811310078
ECC+AES-256,500,5,285,0.029000002541579306,0.14540000120177865,0.11190000805072486,True,3775.8817811310078
ECC+AES-256,500,5,286,0.028399997972883284,0.14590000500902534,0.11149999045301229,True,3775.8817811310078
ECC+AES-256,500,5,287,0.02850001328624785,0.1571000029798597,0.11269999959040433,True,3775.8817811310078
ECC+AES-256,500,5,288,0.0295999925583601,0.14659999578725547,0.11300000187475234,True,3775.8817811310078
ECC+AES-256,500,5,289,0.028700000257231295,0.14640000881627202,0.11229999654460698,True,3775.8817811310078
ECC+AES-256,500,5,290,0.029100003303028643,0.14540000120177865,0.11160000576637685,True,3775.8817811310078
ECC+AES-256,500,5,291,0.02849999873433262,0.14409999130293727,0.11160000576637685,True,3775.8817811310078
ECC+AES-256,500,5,292,0.02819999644998461,0.14569998893421143,0.11229999654460698,True,3775.8817811310078
ECC+AES-256,500,5,293,0.028099995688535273,0.14599999121855944,0.13859999307896942,True,3775.8817811310078
ECC+AES-256,500,5,294,0.03139999171253294,0.15150000399444252,0.11449999874457717,True,3775.8817811310078
ECC+AES-256,500,5,295,0.02890000178012997,0.14709999959450215,0.11269999959040433,True,3775.8817811310078
ECC+AES-256,500,5,296,0.02990000939462334,0.16150000737980008,0.11629999789875001,True,3775.8817811310078
ECC+AES-256,500,5,297,0.029300004825927317,0.14749998808838427,0.11219999578315765,True,3775.8817811310078
ECC+AES-256,500,5,298,0.02849999873433262,0.14649999502580613,0.11439999798312783,True,3775.8817811310078
ECC+AES-256,500,5,299,0.028399997972883284,0.14489999739453197,0.11170000652782619,True,3775.8817811310078
ECC+AES-256,500,5,300,0.028300011763349175,0.14450000890064985,0.11170000652782619,True,3775.8817811310078
ECC+AES-256,500,5,301,0.028299997211433947,0.14599999121855944,0.11180000728927553,True,3775.8817811310078
ECC+AES-256,500,5,302,0.028400012524798512,0.14450000890064985,0.11190000805072486,True,3775.8817811310078
ECC+AES-256,500,5,303,0.0281000102404505,0.1441000058548525,0.15100000018719584,True,3775.8817811310078
ECC+AES-256,500,5,304,0.032800002372823656,0.15150000399444252,0.11360000644344836,True,3775.8817811310078
ECC+AES-256,500,5,305,0.02920000406447798,0.15829999756533653,0.11190000805072486,True,3775.8817811310078
ECC+AES-256,500,5,306,0.02819999644998461,0.145800004247576,0.11180000728927553,True,3775.8817811310078
ECC+AES-256,500,5,307,0.028599999495781958,0.14579998969566077,0.11649999942164868,True,3775.8817811310078
ECC+AES-256,500,5,308,0.02849999873433262,0.14590000500902534,0.112900001113303,True,3775.8817811310078
ECC+AES-256,500,5,309,0.028700000257231295,0.14989999181125313,0.112900001113303,True,3775.8817811310078
ECC+AES-256,500,5,310,0.02819999644998461,0.14479999663308263,0.1112000027205795,True,3775.8817811310078
ECC+AES-256,500,5,311,0.027999994927085936,0.14449999434873462,0.11110000195913017,True,3775.8817811310078
ECC+AES-256,500,5,312,0.02819999644998461,0.14430000737775117,0.11169999197591096,True,3775.8817811310078
ECC+AES-256,500,5,313,0.028399997972883284,0.14489999739453197,0.14420000661630183,True,3775.8817811310078
ECC+AES-256,500,5,314,0.030399998649954796,0.14829999417997897,0.11359999189153314,True,3775.8817811310078
ECC+AES-256,500,5,315,0.03060000017285347,0.14709999959450215,0.11379999341443181,True,3775.8817811310078
ECC+AES-256,500,5,316,0.032800002372823656,0.15269999857991934,0.11389999417588115,True,3775.8817811310078
ECC+AES-256,500,5,317,0.030700000934302807,0.14769998961128294,0.12070000229869038,True,3775.8817811310078
ECC+AES-256,500,5,318,0.029000002541579306,0.14630000805482268,0.11320000339765102,True,3775.8817811310078
ECC+AES-256,500,5,319,0.0312999909510836,0.14800000644754618,0.11340000492054969,True,3775.8817811310078
ECC+AES-256,500,5,320,0.028800001018680632,0.14679999731015414,0.11269999959040433,True,3775.8817811310078
ECC+AES-256,500,5,321,0.029100003303028643,0.14509999891743064,0.112599998828955,True,3775.8817811310078
ECC+AES-256,500,5,322,0.028599999495781958,0.14549998741131276,0.11280000035185367,True,3775.8817811310078
ECC+AES-256,500,5,323,0.029400005587376654,0.15449999773409218,0.11310000263620168,True,3775.8817811310078
ECC+AES-256,500,5,324,0.028800001018680632,0.14699999883305281,0.112599998828955,True,3775.8817811310078
ECC+AES-256,500,5,325,0.02920000406447798,0.14569998893421143,0.11229999654460698,True,3775.8817811310078
ECC+AES-256,500,5,326,0.028299997211433947,0.14649999502580613,0.11189999349880964,True,3775.8817811310078
ECC+AES-256,500,5,327,0.027999994927085936,0.14489999739453197,0.11189999349880964,True,3775.8817811310078
ECC+AES-256,500,5,328,0.02890000178012997,0.14599999121855944,0.112599998828955,True,3775.8817811310078
ECC+AES-256,500,5,329,0.028599999495781958,0.1449999981559813,0.1117999927373603,True,3775.8817811310078
ECC+AES-256,500,5,330,0.02820001100189984,0.14600000577047467,0.11189999349880964,True,3775.8817811310078
ECC+AES-256,500,5,331,0.028399997972883284,0.14600000577047467,0.1120000088121742,True,3775.8817811310078
ECC+AES-256,500,5,332,0.028000009479001164,0.14540000120177865,0.11160000576637685,True,3775.8817811310078
ECC+AES-256,500,5,333,0.028099995688535273,0.14689999807160348,0.1117999927373603,True,3775.8817811310078
ECC+AES-256,500,5,334,0.027999994927085936,0.14409999130293727,0.11110000195913017,True,3775.8817811310078
ECC+AES-256,500,5,335,0.02820001100189984,0.14390000433195382,0.11219999578315765,True,3775.8817811310078
ECC+AES-256,500,5,336,0.028299997211433947,0.14560000272467732,0.11239999730605632,True,3775.8817811310078
ECC+AES-256,500,5,337,0.028399997972883284,0.14519999967887998,0.11229999654460698,True,3775.8817811310078
ECC+AES-256,500,5,338,0.02849999873433262,0.145800004247576,0.1120000088121742,True,3775.8817811310078
ECC+AES-256,500,5,339,0.028399997972883284,0.14439999358728528,0.1112000027205795,True,3775.8817811310078
ECC+AES-256,500,5,340,0.028099995688535273,0.14449999434873462,0.1117999927373603,True,3775.8817811310078
ECC+AES-256,500,5,341,0.02819999644998461,0.14519999967887998,0.11269999959040433,True,3775.8817811310078
ECC+AES-256,500,5,342,0.027999994927085936,0.14560000272467732,0.11169999197591096,True,3775.8817811310078
ECC+AES-256,500,5,343,0.028099995688535273,0.14489999739453197,0.1112000027205795,True,3775.8817811310078
ECC+AES-256,500,5,344,0.028399997972883284,0.14319999900180846,0.11609999637585133,True,3775.8817811310078
ECC+AES-256,500,5,345,0.028399997972883284,0.14600000577047467,0.11289998656138778,True,3775.8817811310078
ECC+AES-256,500,5,346,0.02819999644998461,0.18640000780578703,0.11439999798312783,True,3775.8817811310078
ECC+AES-256,500,5,347,0.03190001007169485,0.15980000898707658,0.11839999933727086,True,3775.8817811310078
ECC+AES-256,500,5,348,0.028400012524798512,0.1453000004403293,0.11199999426025897,True,3775.8817811310078
ECC+AES-256,500,5,349,0.028299997211433947,0.14699999883305281,0.11160000576637685,True,3775.8817811310078
ECC+AES-256,500,5,350,0.028099995688535273,0.14640000881627202,0.11269999959040433,True,3775.8817811310078
ECC+AES-256,500,5,351,0.029000002541579306,0.14629999350290745,0.112599998828955,True,3775.8817811310078
ECC+AES-256,500,5,352,0.028299997211433947,0.15020000864751637,0.11329998960718513,True,3775.8817811310078
ECC+AES-256,500,5,353,0.028700000257231295,0.1466999965487048,0.112599998828955,True,3775.8817811310078
ECC+AES-256,500,5,354,0.028299997211433947,0.14620000729337335,0.11379999341443181,True,3775.8817811310078
ECC+AES-256,500,5,355,0.028300011763349175,0.15220000932458788,0.112900001113303,True,3775.8817811310078
ECC+AES-256,500,5,356,0.02750000567175448,0.14050000754650682,0.10840001050382853,True,3775.8817811310078
ECC+AES-256,500,5,357,0.027299989596940577,0.14089999604038894,0.10970000585075468,True,3775.8817811310078
ECC+AES-256,500,5,358,0.027400004910305142,0.14050000754650682,0.10900000052060932,True,3775.8817811310078
ECC+AES-256,500,5,359,0.027400004910305142,0.14060000830795616,0.1092999882530421,True,3775.8817811310078
ECC+AES-256,500,5,360,0.027900008717551827,0.14130001363810152,0.10740000288933516,True,3775.8817811310078
ECC+AES-256,500,5,361,0.027600006433203816,0.14089999604038894,0.10849999671336263,True,3775.8817811310078
ECC+AES-256,500,5,362,0.02720000338740647,0.14069999451749027,0.10910000128205866,True,3775.8817811310078
ECC+AES-256,500,5,363,0.027400004910305142,0.1399999891873449,0.10900000052060932,True,3775.8817811310078
ECC+AES-256,500,5,364,0.02750000567175448,0.1534999901195988,0.10900000052060932,True,3775.8817811310078
ECC+AES-256,500,5,365,0.027300004148855805,0.14180000289343297,0.109200002043508,True,3775.8817811310078
ECC+AES-256,500,5,366,0.027700007194653153,0.14120001287665218,0.10889999975915998,True,3775.8817811310078
ECC+AES-256,500,5,367,0.027399990358389914,0.1416000013705343,0.10989999282173812,True,3775.8817811310078
ECC+AES-256,500,5,368,0.027299989596940577,0.14170000213198364,0.10849999671336263,True,3775.8817811310078
ECC+AES-256,500,5,369,0.027699992642737925,0.14170000213198364,0.10900000052060932,True,3775.8817811310078
ECC+AES-256,500,5,370,0.027300004148855805,0.1416000013705343,0.10830000974237919,True,3775.8817811310078
ECC+AES-256,500,5,371,0.027300004148855805,0.1407999952789396,0.10879999899771065,True,3775.8817811310078
ECC+AES-256,500,5,372,0.027300004148855805,0.1404999929945916,0.10930000280495733,True,3775.8817811310078
ECC+AES-256,500,5,373,0.027300004148855805,0.1453000004403293,0.10900000052060932,True,3775.8817811310078
ECC+AES-256,500,5,374,0.027699992642737925,0.14059999375604093,0.10859999747481197,True,3775.8817811310078
ECC+AES-256,500,5,375,0.026900001103058457,0.14019999071024358,0.10770000517368317,True,3775.8817811310078
ECC+AES-256,500,5,376,0.026900001103058457,0.14000000373926014,0.10849999671336263,True,3775.8817811310078
ECC+AES-256,500,5,377,0.02710000262595713,0.13910001143813133,0.10970000585075468,True,3775.8817811310078
ECC+AES-256,500,5,378,0.027400004910305142,0.14099999680183828,0.10849999671336263,True,3775.8817811310078
ECC+AES-256,500,5,379,0.027299989596940577,0.2131000073859468,0.112599998828955,True,3775.8817811310078
ECC+AES-256,500,5,380,0.035200006095692515,0.1508000132162124,0.11330000415910035,True,3775.8817811310078
ECC+AES-256,500,5,381,0.03090000245720148,0.15539999003522098,0.11539999104570597,True,3775.8817811310078
ECC+AES-256,500,5,382,0.02819999644998461,0.1419000036548823,0.10879999899771065,True,3775.8817811310078
ECC+AES-256,500,5,383,0.02890000178012997,0.14269999519456178,0.10900000052060932,True,3775.8817811310078
ECC+AES-256,500,5,384,0.027600006433203816,0.14099999680183828,0.10869999823626131,True,3775.8817811310078
ECC+AES-256,500,5,385,0.027399990358389914,0.14040000678505749,0.10800000745803118,True,3775.8817811310078
ECC+AES-256,500,5,386,0.027699992642737925,0.14170000213198364,0.10879999899771065,True,3775.8817811310078
ECC+AES-256,500,5,387,0.027600006433203816,0.1416000013705343,0.109500004327856,True,3775.8817811310078
ECC+AES-256,500,5,388,0.02750000567175448,0.1421999913873151,0.1083999959519133,True,3775.8817811310078
ECC+AES-256,500,5,389,0.02749999111983925,0.1463999942643568,0.10840001050382853,True,3775.8817811310078
ECC+AES-256,500,5,390,0.027300004148855805,0.1402000052621588,0.109500004327856,True,3775.8817811310078
ECC+AES-256,500,5,391,0.027300004148855805,0.14170000213198364,0.1083999959519133,True,3775.8817811310078
ECC+AES-256,500,5,392,0.027700007194653153,0.1402000052621588,0.10779999138321728,True,3775.8817811310078
ECC+AES-256,500,5,393,0.02750000567175448,0.14030000602360815,0.10919998749159276,True,3775.8817811310078
ECC+AES-256,500,5,394,0.027599991881288588,0.14109999756328762,0.10859999747481197,True,3775.8817811310078
ECC+AES-256,500,5,395,0.027399990358389914,0.14030000602360815,0.1086000120267272,True,3775.8817811310078
ECC+AES-256,500,5,396,0.027400004910305142,0.1412999990861863,0.10869999823626131,True,3775.8817811310078
ECC+AES-256,500,5,397,0.027300004148855805,0.14089999604038894,0.109200002043508,True,3775.8817811310078
ECC+AES-256,500,5,398,0.027700007194653153,0.15279999934136868,0.10870001278817654,True,3775.8817811310078
ECC+AES-256,500,5,399,0.027400004910305142,0.14090001059230417,0.10830000974237919,True,3775.8817811310078
ECC+AES-256,500,5,400,0.027300004148855805,0.14039999223314226,0.10879999899771065,True,3775.8817811310078
ECC+AES-256,500,5,401,0.02720000338740647,0.14119999832473695,0.10879999899771065,True,3775.8817811310078
ECC+AES-256,500,5,402,0.027300004148855805,0.14150000060908496,0.10869999823626131,True,3775.8817811310078
ECC+AES-256,500,5,403,0.027300004148855805,0.14059999375604093,0.10849999671336263,True,3775.8817811310078
ECC+AES-256,500,5,404,0.027300004148855805,0.1402000052621588,0.10750000365078449,True,3775.8817811310078
ECC+AES-256,500,5,405,0.027000001864507794,0.14089999604038894,0.10859999747481197,True,3775.8817811310078
ECC+AES-256,500,5,406,0.027400004910305142,0.13970000145491213,0.10770000517368317,True,3775.8817811310078
ECC+AES-256,500,5,407,0.027400004910305142,0.14489999739453197,0.10760000441223383,True,3775.8817811310078
ECC+AES-256,500,5,408,0.027400004910305142,0.14019999071024358,0.10970000585075468,True,3775.8817811310078
ECC+AES-256,500,5,409,0.027300004148855805,0.15669999993406236,0.10960000508930534,True,3775.8817811310078
ECC+AES-256,500,5,410,0.030800001695752144,0.1453000004403293,0.11029999586753547,True,3775.8817811310078
ECC+AES-256,500,5,411,0.027700007194653153,0.1677999971434474,0.10940000356640667,True,3775.8817811310078
ECC+AES-256,500,5,412,0.05879999662283808,0.19180000526830554,0.12229999992996454,True,3775.8817811310078
ECC+AES-256,500,5,413,0.04630000330507755,0.18810000619851053,0.12179999612271786,True,3775.8817811310078
ECC+AES-256,500,5,414,0.04959999932907522,0.1849999971454963,0.12159999459981918,True,3775.8817811310078
ECC+AES-256,500,5,415,0.03500000457279384,0.17330000991933048,0.11759999324567616,True,3775.8817811310078
ECC+AES-256,500,5,416,0.031400006264448166,0.14539998664986342,0.11069999891333282,True,3775.8817811310078
ECC+AES-256,500,5,417,0.029399991035461426,0.1429999974789098,0.11059999815188348,True,3775.8817811310078
ECC+AES-256,500,5,418,0.029799994081258774,0.14309999824035913,0.10959999053739011,True,3775.8817811310078
ECC+AES-256,500,5,419,0.02890000178012997,0.14519999967887998,0.11699998867698014,True,3775.8817811310078
ECC+AES-256,500,5,420,0.02920000406447798,0.1562000106787309,0.11670000094454736,True,3775.8817811310078
ECC+AES-256,500,5,421,0.03020001167897135,0.14260000898502767,0.109500004327856,True,3775.8817811310078
ECC+AES-256,500,5,422,0.029399991035461426,0.14309999824035913,0.1100999943446368,True,3775.8817811310078
ECC+AES-256,500,5,423,0.03279998782090843,0.15859999984968454,0.11169999197591096,True,3775.8817811310078
ECC+AES-256,500,5,424,0.04569999873638153,0.19469999824650586,0.12270000297576189,True,3775.8817811310078
ECC+AES-256,500,5,425,0.033499993151053786,0.15360000543296337,0.11549999180715531,True,3775.8817811310078
ECC+AES-256,500,5,426,0.02849999873433262,0.1458999904571101,0.11219999578315765,True,3775.8817811310078
ECC+AES-256,500,5,427,0.02950000634882599,0.14820000797044486,0.11229999654460698,True,3775.8817811310078
ECC+AES-256,500,5,428,0.029499991796910763,0.14829999417997897,0.11079999967478216,True,3775.8817811310078
ECC+AES-256,500,5,429,0.02819999644998461,0.14269999519456178,0.10910000128205866,True,3775.8817811310078
ECC+AES-256,500,5,430,0.02849999873433262,0.1444000081392005,0.109200002043508,True,3775.8817811310078
ECC+AES-256,500,5,431,0.02820001100189984,0.14350000128615648,0.10979999206028879,True,3775.8817811310078
ECC+AES-256,500,5,432,0.02849999873433262,0.1539999939268455,0.10960000508930534,True,3775.8817811310078
ECC+AES-256,500,5,433,0.027799993404187262,0.14210000517778099,0.10980000661220402,True,3775.8817811310078
ECC+AES-256,500,5,434,0.02819999644998461,0.14220000593923032,0.11000000813510269,True,3775.8817811310078
ECC+AES-256,500,5,435,0.028000009479001164,0.14200000441633165,0.10889999975915998,True,3775.8817811310078
ECC+AES-256,500,5,436,0.02750000567175448,0.13979998766444623,0.10900000052060932,True,3775.8817811310078
ECC+AES-256,500,5,437,0.027600006433203816,0.14080000983085483,0.10880001354962587,True,3775.8817811310078
ECC+AES-256,500,5,438,0.027600006433203816,0.14120001287665218,0.10869999823626131,True,3775.8817811310078
ECC+AES-256,500,5,439,0.03560000914148986,0.16110000433400273,0.11560000712051988,True,3775.8817811310078
ECC+AES-256,500,5,440,0.029100003303028643,0.15530000382568687,0.12419999984558672,True,3775.8817811310078
ECC+AES-256,500,5,441,0.02929999027401209,0.14649999502580613,0.11059999815188348,True,3775.8817811310078
ECC+AES-256,500,5,442,0.0278999941656366,0.14229999214876443,0.11019999510608613,True,3775.8817811310078
ECC+AES-256,500,5,443,0.028000009479001164,0.1412999990861863,0.10940000356640667,True,3775.8817811310078
ECC+AES-256,500,5,444,0.027799993404187262,0.1424999936716631,0.109500004327856,True,3775.8817811310078
ECC+AES-256,500,5,445,0.028599999495781958,0.142700009746477,0.10970000585075468,True,3775.8817811310078
ECC+AES-256,500,5,446,0.02849999873433262,0.14309999824035913,0.109200002043508,True,3775.8817811310078
ECC+AES-256,500,5,447,0.027599991881288588,0.14040000678505749,0.10840001050382853,True,3775.8817811310078
ECC+AES-256,500,5,448,0.027600006433203816,0.15559999155811965,0.10900000052060932,True,3775.8817811310078
ECC+AES-256,500,5,449,0.027699992642737925,0.14209999062586576,0.10910000128205866,True,3775.8817811310078
ECC+AES-256,500,5,450,0.0281000102404505,0.14139999984763563,0.10879999899771065,True,3775.8817811310078
ECC+AES-256,500,5,451,0.027400004910305142,0.14269999519456178,0.10959999053739011,True,3775.8817811310078
ECC+AES-256,500,5,452,0.02749999111983925,0.14150000060908496,0.10859999747481197,True,3775.8817811310078
ECC+AES-256,500,5,453,0.02750000567175448,0.14090001059230417,0.10889999975915998,True,3775.8817811310078
ECC+AES-256,500,5,454,0.027300004148855805,0.14080000983085483,0.10859999747481197,True,3775.8817811310078
ECC+AES-256,500,5,455,0.027399990358389914,0.14600000577047467,0.10930000280495733,True,3775.8817811310078
ECC+AES-256,500,5,456,0.027799993404187262,0.14210000517778099,0.10900000052060932,True,3775.8817811310078
ECC+AES-256,500,5,457,0.02819999644998461,0.14229999214876443,0.10939998901449144,True,3775.8817811310078
ECC+AES-256,500,5,458,0.027999994927085936,0.14269999519456178,0.10999999358318746,True,3775.8817811310078
ECC+AES-256,500,5,459,0.028599999495781958,0.14269999519456178,0.10900000052060932,True,3775.8817811310078
ECC+AES-256,500,5,460,0.028399997972883284,0.1412999990861863,0.10849999671336263,True,3775.8817811310078
ECC+AES-256,500,5,461,0.027600006433203816,0.14110001211520284,0.10930000280495733,True,3775.8817811310078
ECC+AES-256,500,5,462,0.027299989596940577,0.14139999984763563,0.10869999823626131,True,3775.8817811310078
ECC+AES-256,500,5,463,0.027399990358389914,0.1419000036548823,0.11039999662898481,True,3775.8817811310078
ECC+AES-256,500,5,464,0.02849999873433262,0.14170000213198364,0.10900000052060932,True,3775.8817811310078
ECC+AES-256,500,5,465,0.02849999873433262,0.14179998834151775,0.10960000508930534,True,3775.8817811310078
ECC+AES-256,500,5,466,0.027799993404187262,0.14109999756328762,0.10910000128205866,True,3775.8817811310078
ECC+AES-256,500,5,467,0.028299997211433947,0.14180000289343297,0.10910000128205866,True,3775.8817811310078
ECC+AES-256,500,5,468,0.02780000795610249,0.14050000754650682,0.10849999671336263,True,3775.8817811310078
ECC+AES-256,500,5,469,0.027300004148855805,0.14040000678505749,0.10849999671336263,True,3775.8817811310078
ECC+AES-256,500,5,470,0.028099995688535273,0.1416000013705343,0.13839999155607074,True,3775.8817811310078
ECC+AES-256,500,5,471,0.030399998649954796,0.1438000035705045,0.10980000661220402,True,3775.8817811310078
ECC+AES-256,500,5,472,0.029300004825927317,0.14150000060908496,0.10910000128205866,True,3775.8817811310078
ECC+AES-256,500,5,473,0.02990000939462334,0.1449000119464472,0.1103000104194507,True,3775.8817811310078
ECC+AES-256,500,5,474,0.028800001018680632,0.14119999832473695,0.10900000052060932,True,3775.8817811310078
ECC+AES-256,500,5,475,0.027400004910305142,0.1412999990861863,0.10960000508930534,True,3775.8817811310078
ECC+AES-256,500,5,476,0.027400004910305142,0.14220000593923032,0.10949998977594078,True,3775.8817811310078
ECC+AES-256,500,5,477,0.028099995688535273,0.14230000670067966,0.109200002043508,True,3775.8817811310078
ECC+AES-256,500,5,478,0.028700000257231295,0.142400007462129,0.10969999129883945,True,3775.8817811310078
ECC+AES-256,500,5,479,0.027399990358389914,0.14119999832473695,0.10930000280495733,True,3775.8817811310078
ECC+AES-256,500,5,480,0.027599991881288588,0.1545999984955415,0.11059999815188348,True,3775.8817811310078
ECC+AES-256,500,5,481,0.02780000795610249,0.14150000060908496,0.10879999899771065,True,3775.8817811310078
ECC+AES-256,500,5,482,0.02720000338740647,0.14149998605716974,0.10940000356640667,True,3775.8817811310078
ECC+AES-256,500,5,483,0.02720000338740647,0.14509999891743064,0.10859999747481197,True,3775.8817811310078
ECC+AES-256,500,5,484,0.02720000338740647,0.14030000602360815,0.10830000974237919,True,3775.8817811310078
ECC+AES-256,500,5,485,0.027700007194653153,0.14119999832473695,0.10959999053739011,True,3775.8817811310078
ECC+AES-256,500,5,486,0.027799993404187262,0.14059999375604093,0.10810000821948051,True,3775.8817811310078
ECC+AES-256,500,5,487,0.02719998883549124,0.1446999958716333,0.10879999899771065,True,3775.8817811310078
ECC+AES-256,500,5,488,0.028599999495781958,0.14279999595601112,0.10900000052060932,True,3775.8817811310078
ECC+AES-256,500,5,489,0.02750000567175448,0.1416999875800684,0.10980000661220402,True,3775.8817811310078
ECC+AES-256,500,5,490,0.02750000567175448,0.14180000289343297,0.10930000280495733,True,3775.8817811310078
ECC+AES-256,500,5,491,0.02749999111983925,0.14210000517778099,0.10930000280495733,True,3775.8817811310078
ECC+AES-256,500,5,492,0.027700007194653153,0.1399000029778108,0.10859999747481197,True,3775.8817811310078
ECC+AES-256,500,5,493,0.027600006433203816,0.13949999993201345,0.10849999671336263,True,3775.8817811310078
ECC+AES-256,500,5,494,0.027599991881288588,0.1402000052621588,0.10800000745803118,True,3775.8817811310078
ECC+AES-256,500,5,495,0.027099988074041903,0.1399000029778108,0.10809999366756529,True,3775.8817811310078
ECC+AES-256,500,5,496,0.03290000313427299,0.15159999020397663,0.11170000652782619,True,3775.8817811310078
ECC+AES-256,500,5,497,0.02849999873433262,0.14310001279227436,0.10889999975915998,True,3775.8817811310078
ECC+AES-256,500,5,498,0.027700007194653153,0.1421999913873151,0.109200002043508,True,3775.8817811310078
ECC+AES-256,500,5,499,0.027400004910305142,0.14119999832473695,0.1100999943446368,True,3775.8817811310078
ECC+AES-256,500,5,500,0.027299989596940577,0.14010000450070947,0.10849999671336263,True,3775.8817811310078
