scheme,volume,repetition,transaction_id,key_gen_time,encryption_time,decryption_time,integrity_verified,throughput
RSA+AES-256,500,1,1,488.4182000023429,24.39080000476679,3.9459999970858917,True,267.7913187923782
RSA+AES-256,500,1,2,1130.5228999990504,0.7345999983954243,3.0965000041760504,True,267.7913187923782
RSA+AES-256,500,1,3,980.8450000055018,0.6848999983048998,2.9813999935868196,True,267.7913187923782
RSA+AES-256,500,1,4,578.1399999978021,0.6856999971205369,2.959900004498195,True,267.7913187923782
RSA+AES-256,500,1,5,914.1775000025518,0.6939000013517216,2.9874000028939918,True,267.7913187923782
RSA+AES-256,500,1,6,531.1400999999023,0.6686999986413866,3.1709000031696633,True,267.7913187923782
RSA+AES-256,500,1,7,2368.2277999978396,0.7377000001724809,3.021100004843902,True,267.7913187923782
RSA+AES-256,500,1,8,1237.1553999983007,0.6828999976278283,3.1142000007093884,True,267.7913187923782
RSA+AES-256,500,1,9,585.9486999979708,0.6719000011798926,2.969399996800348,True,267.7913187923782
RSA+AES-256,500,1,10,1367.547800000466,0.6673999960185029,2.9400000057648867,True,267.7913187923782
RSA+AES-256,500,1,11,1317.0585000043502,0.6936999998288229,2.962999998999294,True,267.7913187923782
RSA+AES-256,500,1,12,300.52870000508847,0.702800003637094,2.9888999997638166,True,267.7913187923782
RSA+AES-256,500,1,13,442.46909999492345,0.7105000040610321,2.919799997471273,True,267.7913187923782
RSA+AES-256,500,1,14,113.90899999969406,0.7865000006859191,3.397899999981746,True,267.7913187923782
RSA+AES-256,500,1,15,575.1079999972717,0.672499998472631,3.199400001903996,True,267.7913187923782
RSA+AES-256,500,1,16,652.6804000022821,0.6735999995726161,3.0912000001990236,True,267.7913187923782
RSA+AES-256,500,1,17,289.2697000061162,0.6476999988080934,3.1564000018988736,True,267.7913187923782
RSA+AES-256,500,1,18,250.38470000436064,0.6646000038017519,3.3570000014151447,True,267.7913187923782
RSA+AES-256,500,1,19,286.2731999994139,0.6947000001673587,2.9681999949389137,True,267.7913187923782
RSA+AES-256,500,1,20,761.9964999976219,0.7236000019474886,3.1315000014728867,True,267.7913187923782
RSA+AES-256,500,1,21,44.08279999915976,0.6289000011747703,3.1439000013051555,True,267.7913187923782
RSA+AES-256,500,1,22,348.1656000003568,0.8031000033952296,3.086100005020853,True,267.7913187923782
RSA+AES-256,500,1,23,343.1549000015366,0.742500000342261,3.3753000025171787,True,267.7913187923782
RSA+AES-256,500,1,24,494.4370000011986,0.7416999942506664,3.6729999992530793,True,267.7913187923782
RSA+AES-256,500,1,25,248.8188999996055,0.8216000060201623,3.5235999966971576,True,267.7913187923782
RSA+AES-256,500,1,26,891.6663999989396,0.7021000055829063,3.039600000192877,True,267.7913187923782
RSA+AES-256,500,1,27,1178.3176000026288,0.708799998392351,2.9864999960409477,True,267.7913187923782
RSA+AES-256,500,1,28,1787.4378000051365,0.6716999996569939,2.9566999946837313,True,267.7913187923782
RSA+AES-256,500,1,29,810.7104000009713,0.6261000016820617,2.979599994432647,True,267.7913187923782
RSA+AES-256,500,1,30,209.71350000036182,0.6428000051528215,3.3184999992954545,True,267.7913187923782
RSA+AES-256,500,1,31,142.1596000000136,0.6798000031267293,2.9980999970575795,True,267.7913187923782
RSA+AES-256,500,1,32,44.7483000025386,0.6041000015102327,3.0115000045043416,True,267.7913187923782
RSA+AES-256,500,1,33,613.2588999971631,0.6711999958497472,2.9705999986617826,True,267.7913187923782
RSA+AES-256,500,1,34,710.3080000015325,0.6264000039664097,3.074199994443916,True,267.7913187923782
RSA+AES-256,500,1,35,1099.2672000065795,0.7387000005110167,3.0624999999417923,True,267.7913187923782
RSA+AES-256,500,1,36,529.1924999983166,0.7110000005923212,3.1725000008009374,True,267.7913187923782
RSA+AES-256,500,1,37,1047.360699994897,0.8200000011129305,3.8337000005412847,True,267.7913187923782
RSA+AES-256,500,1,38,757.8690000009374,0.7940999930724502,3.9026999947964214,True,267.7913187923782
RSA+AES-256,500,1,39,906.97679999721,0.7188000017777085,3.366900004039053,True,267.7913187923782
RSA+AES-256,500,1,40,1714.340300000913,0.7043000005069189,3.140900000289548,True,267.7913187923782
RSA+AES-256,500,1,41,730.6386999989627,0.672800000756979,2.9720000020461157,True,267.7913187923782
RSA+AES-256,500,1,42,1261.2091999981203,0.6812000065110624,2.980199999001343,True,267.7913187923782
RSA+AES-256,500,1,43,1372.2913999954471,0.6606000024476089,3.035399997315835,True,267.7913187923782
RSA+AES-256,500,1,44,459.1521000038483,0.6776000009267591,2.8938000032212585,True,267.7913187923782
RSA+AES-256,500,1,45,645.9038000029977,0.6664999964414164,2.954600000521168,True,267.7913187923782
RSA+AES-256,500,1,46,1174.5852000021841,0.72080000245478,3.1572000007145107,True,267.7913187923782
RSA+AES-256,500,1,47,826.222499999858,0.6881999943288974,3.0403000055230223,True,267.7913187923782
RSA+AES-256,500,1,48,318.04940000438364,0.7114000036381185,2.972599999338854,True,267.7913187923782
RSA+AES-256,500,1,49,364.1576999943936,0.6770999971195124,2.981600002385676,True,267.7913187923782
RSA+AES-256,500,1,50,1029.969399998663,0.6972000046516769,2.972800000861753,True,267.7913187923782
RSA+AES-256,500,1,51,664.0135000052396,0.6290999954217114,2.9385000016191043,True,267.7913187923782
RSA+AES-256,500,1,52,223.0517999996664,0.6102999977883883,2.9484999977285042,True,267.7913187923782
RSA+AES-256,500,1,53,81.64980000583455,0.6047999995644204,2.9529000021284446,True,267.7913187923782
RSA+AES-256,500,1,54,1651.1128999991342,0.6898999999975786,2.9842999938409775,True,267.7913187923782
RSA+AES-256,500,1,55,1006.5567000056035,0.6194000015966594,3.652300001704134,True,267.7913187923782
RSA+AES-256,500,1,56,857.8125999993063,0.7106999983079731,2.937700002803467,True,267.7913187923782
RSA+AES-256,500,1,57,756.1088000002201,0.6737000003340654,2.9847999976482242,True,267.7913187923782
RSA+AES-256,500,1,58,1226.861100003589,0.7213999997475185,2.995200004079379,True,267.7913187923782
RSA+AES-256,500,1,59,947.6332000049297,0.6645999965257943,2.933600000687875,True,267.7913187923782
RSA+AES-256,500,1,60,2814.80670000019,0.698800002282951,3.003300000273157,True,267.7913187923782
RSA+AES-256,500,1,61,178.27569999644766,0.632499999483116,2.9724999985774048,True,267.7913187923782
RSA+AES-256,500,1,62,704.3377000009059,1.0634999998728745,3.2978000017465092,True,267.7913187923782
RSA+AES-256,500,1,63,328.9699000015389,0.6970999966142699,3.085199998167809,True,267.7913187923782
RSA+AES-256,500,1,64,1462.3308000009274,0.6791999985580333,2.9987000016262755,True,267.7913187923782
RSA+AES-256,500,1,65,246.1505999963265,0.6352999989758246,2.93950000195764,True,267.7913187923782
RSA+AES-256,500,1,66,479.09590000199387,0.6584000002476387,3.0563999971491285,True,267.7913187923782
RSA+AES-256,500,1,67,474.02620000502793,0.6618000043090433,2.9924000045866705,True,267.7913187923782
RSA+AES-256,500,1,68,749.9711999989813,0.6978000019444153,3.023199999006465,True,267.7913187923782
RSA+AES-256,500,1,69,887.6021999967634,0.6663000021944754,2.9645000031450763,True,267.7913187923782
RSA+AES-256,500,1,70,320.18470000184607,0.647100001515355,2.8740999987348914,True,267.7913187923782
RSA+AES-256,500,1,71,673.3931999988272,0.6659999999101274,2.950599999167025,True,267.7913187923782
RSA+AES-256,500,1,72,153.274500000407,0.6636999969487078,3.0439999973168597,True,267.7913187923782
RSA+AES-256,500,1,73,1161.788899997191,0.8230999956140295,3.760100000363309,True,267.7913187923782
RSA+AES-256,500,1,74,1255.4697999948985,0.7219000035547651,3.5934999978053384,True,267.7913187923782
RSA+AES-256,500,1,75,1060.1547999976901,0.6844000017736107,3.042699994693976,True,267.7913187923782
RSA+AES-256,500,1,76,2077.289799999562,0.6495000052382238,2.977900003315881,True,267.7913187923782
RSA+AES-256,500,1,77,256.25009999930626,0.7070999999996275,2.9877999986638315,True,267.7913187923782
RSA+AES-256,500,1,78,464.7084000025643,0.6843000010121614,3.028999999514781,True,267.7913187923782
RSA+AES-256,500,1,79,520.0609000021359,0.6919000006746501,3.0310000001918525,True,267.7913187923782
RSA+AES-256,500,1,80,1586.7187000039848,0.6795000008423813,2.951799993752502,True,267.7913187923782
RSA+AES-256,500,1,81,553.6296000063885,0.7108999998308718,2.9095999998389743,True,267.7913187923782
RSA+AES-256,500,1,82,2426.5385000035167,0.6935999990673736,3.0727999983355403,True,267.7913187923782
RSA+AES-256,500,1,83,1293.2988999964437,0.6370999981299974,2.990100001625251,True,267.7913187923782
RSA+AES-256,500,1,84,648.0605999968247,0.709100000676699,2.998900003149174,True,267.7913187923782
RSA+AES-256,500,1,85,952.5196999966283,0.622800005658064,2.992000001540873,True,267.7913187923782
RSA+AES-256,500,1,86,877.8617999996641,0.6330000032903627,3.1773000009707175,True,267.7913187923782
RSA+AES-256,500,1,87,548.4686999989208,0.6480000010924414,2.947900000435766,True,267.7913187923782
RSA+AES-256,500,1,88,134.78639999812003,0.680800003465265,2.9726000066148117,True,267.7913187923782
RSA+AES-256,500,1,89,914.2164000004414,0.6779000032111071,3.09689999994589,True,267.7913187923782
RSA+AES-256,500,1,90,1838.9101000066148,0.6386999957612716,3.003300000273157,True,267.7913187923782
RSA+AES-256,500,1,91,469.5121000040672,0.6938000005902722,2.987699997902382,True,267.7913187923782
RSA+AES-256,500,1,92,334.69049999985145,0.6809000042267144,2.991299996210728,True,267.7913187923782
RSA+AES-256,500,1,93,453.9775000012014,0.7162999972933903,3.015000002051238,True,267.7913187923782
RSA+AES-256,500,1,94,295.8762999987812,0.6146000014268793,2.9767000014544465,True,267.7913187923782
RSA+AES-256,500,1,95,308.8655999963521,0.7423999995808117,3.065299999434501,True,267.7913187923782
RSA+AES-256,500,1,96,1563.7117000005674,0.6674000032944605,3.8883000015630387,True,267.7913187923782
RSA+AES-256,500,1,97,1192.4715999994078,0.6825999953434803,2.9907999996794388,True,267.7913187923782
RSA+AES-256,500,1,98,259.5389000052819,0.6577000021934509,2.955099997052457,True,267.7913187923782
RSA+AES-256,500,1,99,950.7056000002194,0.7027999963611364,2.9866000040783547,True,267.7913187923782
RSA+AES-256,500,1,100,1759.8618000047281,0.676499999826774,3.0327999993460253,True,267.7913187923782
RSA+AES-256,500,1,101,1256.709299996146,0.6690000009257346,2.9532999978982843,True,267.7913187923782
RSA+AES-256,500,1,102,837.3011000003316,0.7046999962767586,2.953499999421183,True,267.7913187923782
RSA+AES-256,500,1,103,1865.5193000013242,0.6407000037143007,2.995599999849219,True,267.7913187923782
RSA+AES-256,500,1,104,577.4710000041523,0.7067999977152795,2.9494000045815483,True,267.7913187923782
RSA+AES-256,500,1,105,605.985199996212,0.6568000026163645,3.1281999981729314,True,267.7913187923782
RSA+AES-256,500,1,106,629.2631000032998,0.6472000022768043,3.052899999602232,True,267.7913187923782
RSA+AES-256,500,1,107,451.4119000014034,0.6814999942434952,3.001699995365925,True,267.7913187923782
RSA+AES-256,500,1,108,963.6398000002373,0.6779000032111071,2.951599999505561,True,267.7913187923782
RSA+AES-256,500,1,109,277.30390000215266,0.6667999987257645,3.47920000058366,True,267.7913187923782
RSA+AES-256,500,1,110,258.9953999995487,0.6565999938175082,2.9059000007691793,True,267.7913187923782
RSA+AES-256,500,1,111,884.6208000031766,0.6235999971977435,2.980900004331488,True,267.7913187923782
RSA+AES-256,500,1,112,472.3758000036469,0.6760999967809767,2.927600005932618,True,267.7913187923782
RSA+AES-256,500,1,113,1142.0632000008482,0.6439999997382984,2.9158999968785793,True,267.7913187923782
RSA+AES-256,500,1,114,464.7441999986768,0.680500001180917,3.0276000034064054,True,267.7913187923782
RSA+AES-256,500,1,115,687.0320999951218,0.6596000021090731,2.9235000038170256,True,267.7913187923782
RSA+AES-256,500,1,116,226.78049999376526,0.6777000016882084,2.887199996621348,True,267.7913187923782
RSA+AES-256,500,1,117,293.6843999996199,0.6942999971215613,3.238299999793526,True,267.7913187923782
RSA+AES-256,500,1,118,701.2271999992663,0.7009999972069636,2.9734999989159405,True,267.7913187923782
RSA+AES-256,500,1,119,93.85109999857377,0.6093999982113019,2.9625999959534965,True,267.7913187923782
RSA+AES-256,500,1,120,1015.9099000011338,0.7057999973767437,2.964100000099279,True,267.7913187923782
RSA+AES-256,500,1,121,574.7408000024734,0.6540000031236559,2.9034000035608187,True,267.7913187923782
RSA+AES-256,500,1,122,1011.3678999987314,0.669400003971532,3.0115999979898334,True,267.7913187923782
RSA+AES-256,500,1,123,412.1536000020569,0.6864000024506822,2.930000002379529,True,267.7913187923782
RSA+AES-256,500,1,124,221.86579999834066,0.6772000051569194,3.002900004503317,True,267.7913187923782
RSA+AES-256,500,1,125,665.6045999989146,0.6977000011829659,3.08729999960633,True,267.7913187923782
RSA+AES-256,500,1,126,587.0230000000447,0.7250000053318217,3.0068999985815026,True,267.7913187923782
RSA+AES-256,500,1,127,2211.4308000018355,0.6646000038017519,2.9272000028868206,True,267.7913187923782
RSA+AES-256,500,1,128,496.94730000192067,0.6721000027027912,2.959400000690948,True,267.7913187923782
RSA+AES-256,500,1,129,538.3977000019513,0.6800999981351197,3.011999993759673,True,267.7913187923782
RSA+AES-256,500,1,130,472.23310000117635,0.679599994327873,2.995599999849219,True,267.7913187923782
RSA+AES-256,500,1,131,414.5866000035312,0.7013999929768033,3.2951999965007417,True,267.7913187923782
RSA+AES-256,500,1,132,183.6803999976837,0.6199000054039061,2.903099994000513,True,267.7913187923782
RSA+AES-256,500,1,133,151.64509999885922,0.6359999970300123,2.888900002290029,True,267.7913187923782
RSA+AES-256,500,1,134,247.8558000002522,0.6196000031195581,2.9734999989159405,True,267.7913187923782
RSA+AES-256,500,1,135,1151.1137999987113,0.7033000001683831,3.0112000022199936,True,267.7913187923782
RSA+AES-256,500,1,136,587.8338000038639,0.6596000021090731,2.8674999994109385,True,267.7913187923782
RSA+AES-256,500,1,137,287.7699000018765,0.760499999159947,3.072699997574091,True,267.7913187923782
RSA+AES-256,500,1,138,1574.1703999956371,0.6833000006736256,2.908300004492048,True,267.7913187923782
RSA+AES-256,500,1,139,675.5138000007719,0.6674999967799522,2.9473000031430274,True,267.7913187923782
RSA+AES-256,500,1,140,60.270599999057595,0.6068000002414919,2.9561999981524423,True,267.7913187923782
RSA+AES-256,500,1,141,1101.2937999985297,0.6726000065100379,2.994599999510683,True,267.7913187923782
RSA+AES-256,500,1,142,210.1120999941486,0.6236999979591928,2.9566000011982396,True,267.7913187923782
RSA+AES-256,500,1,143,628.2092000037665,0.6889000069350004,2.9442999948514625,True,267.7913187923782
RSA+AES-256,500,1,144,615.3397000016412,0.6733000045642257,2.9418999984045513,True,267.7913187923782
RSA+AES-256,500,1,145,996.915199997602,0.6232000014279038,3.0213999998522922,True,267.7913187923782
RSA+AES-256,500,1,146,770.8591000045999,0.6713999973726459,2.958299999590963,True,267.7913187923782
RSA+AES-256,500,1,147,152.63829999457812,0.6611999997403473,2.9508000006899238,True,267.7913187923782
RSA+AES-256,500,1,148,132.76260000566253,0.7024000005912967,3.0007999957888387,True,267.7913187923782
RSA+AES-256,500,1,149,842.7934999999707,0.7330000007641502,3.1237000002874993,True,267.7913187923782
RSA+AES-256,500,1,150,308.68509999709204,0.8747000028961338,3.5600000046542846,True,267.7913187923782
RSA+AES-256,500,1,151,2053.9119000022765,0.6799999973736703,3.442100001848303,True,267.7913187923782
RSA+AES-256,500,1,152,1163.8370000000577,0.6772000051569194,3.118100001302082,True,267.7913187923782
RSA+AES-256,500,1,153,515.1941000003717,0.7589000015286729,3.468100003374275,True,267.7913187923782
RSA+AES-256,500,1,154,694.8959000001196,0.6970999966142699,3.1678000013926066,True,267.7913187923782
RSA+AES-256,500,1,155,374.2878999983077,0.73079999856418,3.169000003254041,True,267.7913187923782
RSA+AES-256,500,1,156,841.9305999996141,0.6900000007590279,2.954799994768109,True,267.7913187923782
RSA+AES-256,500,1,157,582.2982000026968,0.7009000037214719,2.9447999986587092,True,267.7913187923782
RSA+AES-256,500,1,158,899.938700000348,0.6687000059173442,2.987599997140933,True,267.7913187923782
RSA+AES-256,500,1,159,1171.9222999963677,0.6816999957663938,3.232199997000862,True,267.7913187923782
RSA+AES-256,500,1,160,1739.2190999962622,0.7078999988152646,2.9966000001877546,True,267.7913187923782
RSA+AES-256,500,1,161,183.2369000039762,0.6500000017695129,2.942299994174391,True,267.7913187923782
RSA+AES-256,500,1,162,373.40829999448033,0.6209999992279336,2.9728999943472445,True,267.7913187923782
RSA+AES-256,500,1,163,414.3696000028285,0.6309000018518418,2.98359999578679,True,267.7913187923782
RSA+AES-256,500,1,164,648.7257000044337,0.6863999951747246,2.970399997138884,True,267.7913187923782
RSA+AES-256,500,1,165,380.1679000025615,0.6804000004194677,3.120399996987544,True,267.7913187923782
RSA+AES-256,500,1,166,562.4698999963584,0.6722999969497323,2.987200001371093,True,267.7913187923782
RSA+AES-256,500,1,167,1189.6202999996603,0.6780000039725564,2.962200000183657,True,267.7913187923782
RSA+AES-256,500,1,168,422.40229999879375,0.6639999992330559,2.889600000344217,True,267.7913187923782
RSA+AES-256,500,1,169,905.6025999962003,0.6854000021121465,2.958199998829514,True,267.7913187923782
RSA+AES-256,500,1,170,1290.0869000004604,0.7407000011880882,2.98800000018673,True,267.7913187923782
RSA+AES-256,500,1,171,989.2196000000695,0.6794000000809319,2.929599999333732,True,267.7913187923782
RSA+AES-256,500,1,172,1124.4361999997636,0.6598999971174635,3.0521999942720868,True,267.7913187923782
RSA+AES-256,500,1,173,439.0290000010282,0.6640999999945052,2.982099998916965,True,267.7913187923782
RSA+AES-256,500,1,174,1013.5602000009385,0.6549999961862341,2.8782000008504838,True,267.7913187923782
RSA+AES-256,500,1,175,316.24879999435507,0.5999999993946403,2.953000002889894,True,267.7913187923782
RSA+AES-256,500,1,176,397.8038999994169,0.6716999996569939,2.9850999999325722,True,267.7913187923782
RSA+AES-256,500,1,177,410.24759999709204,0.6460999939008616,3.093800005444791,True,267.7913187923782
RSA+AES-256,500,1,178,407.7564999970491,0.6422000005841255,2.886000002035871,True,267.7913187923782
RSA+AES-256,500,1,179,494.48979999579024,0.6606000024476089,2.9921000023023225,True,267.7913187923782
RSA+AES-256,500,1,180,667.8476999950362,0.6940000021131709,2.9815000016242266,True,267.7913187923782
RSA+AES-256,500,1,181,2181.6666000013356,0.6730999957653694,2.9352000055951066,True,267.7913187923782
RSA+AES-256,500,1,182,722.0000999950571,0.6433000016841106,2.8769999989890493,True,267.7913187923782
RSA+AES-256,500,1,183,1667.5863999989815,0.6923999972059391,3.009699998074211,True,267.7913187923782
RSA+AES-256,500,1,184,998.4592000037082,0.6686999986413866,3.6994999973103404,True,267.7913187923782
RSA+AES-256,500,1,185,1810.565100000531,0.6730000022798777,2.9158000033930875,True,267.7913187923782
RSA+AES-256,500,1,186,270.4118000037852,0.6584000002476387,2.922200001194142,True,267.7913187923782
RSA+AES-256,500,1,187,503.19490000401856,0.6744000056642108,2.9551999978139065,True,267.7913187923782
RSA+AES-256,500,1,188,475.3827000022284,0.6818000038038008,2.94690000009723,True,267.7913187923782
RSA+AES-256,500,1,189,930.6316000001971,0.6804000004194677,3.166100002999883,True,267.7913187923782
RSA+AES-256,500,1,190,201.5668000021833,0.6805999946664087,2.9529000021284446,True,267.7913187923782
RSA+AES-256,500,1,191,765.4929000054835,0.6854000021121465,3.393400002096314,True,267.7913187923782
RSA+AES-256,500,1,192,625.645699998131,0.6835000021965243,2.9400999992503785,True,267.7913187923782
RSA+AES-256,500,1,193,1414.8774999994203,0.6734999988111667,2.9997000019648112,True,267.7913187923782
RSA+AES-256,500,1,194,750.659800003632,0.767599995015189,3.1386000046040863,True,267.7913187923782
RSA+AES-256,500,1,195,864.6584000016446,0.6998000026214868,3.033799999684561,True,267.7913187923782
RSA+AES-256,500,1,196,1423.6431000026641,0.6722999969497323,2.953199997136835,True,267.7913187923782
RSA+AES-256,500,1,197,555.9604000009131,0.6837999972049147,2.938099998573307,True,267.7913187923782
RSA+AES-256,500,1,198,514.5360000024084,0.6590999983018264,2.948300003481563,True,267.7913187923782
RSA+AES-256,500,1,199,907.5928999955067,0.6640999999945052,2.984800004924182,True,267.7913187923782
RSA+AES-256,500,1,200,482.09029999998165,0.6673000025330111,2.9668999995919876,True,267.7913187923782
RSA+AES-256,500,1,201,566.383900004439,0.6690000009257346,2.914999997301493,True,267.7913187923782
RSA+AES-256,500,1,202,157.31419999792706,0.5952999999863096,2.893900003982708,True,267.7913187923782
RSA+AES-256,500,1,203,359.8158000022522,0.6396000026143156,2.9792000059387647,True,267.7913187923782
RSA+AES-256,500,1,204,1053.6328999951365,0.6513999978778884,2.9723000043304637,True,267.7913187923782
RSA+AES-256,500,1,205,535.4755000007572,0.624999993306119,2.9910000012023374,True,267.7913187923782
RSA+AES-256,500,1,206,1888.483399998222,0.6610999989788979,2.925200002209749,True,267.7913187923782
RSA+AES-256,500,1,207,1292.1327000003657,0.6812999999965541,2.9900000008638017,True,267.7913187923782
RSA+AES-256,500,1,208,560.754199999792,0.7571000023745,2.9778000025544316,True,267.7913187923782
RSA+AES-256,500,1,209,781.1584000010043,0.6177000032039359,2.9572999992524274,True,267.7913187923782
RSA+AES-256,500,1,210,1275.3579999989597,0.6777999951737002,2.9513000044971704,True,267.7913187923782
RSA+AES-256,500,1,211,926.8092999991495,0.6517000001622364,3.113300001132302,True,267.7913187923782
RSA+AES-256,500,1,212,154.19719999772497,1.240099998540245,3.2760999965830706,True,267.7913187923782
RSA+AES-256,500,1,213,548.9536000022781,0.6739999953424558,2.960899997560773,True,267.7913187923782
RSA+AES-256,500,1,214,94.71810000104597,0.6111999973654747,2.9746000000159256,True,267.7913187923782
RSA+AES-256,500,1,215,124.27469999965979,0.6872000012663193,3.160699998261407,True,267.7913187923782
RSA+AES-256,500,1,216,253.33069999760482,0.629900001513306,3.054200002225116,True,267.7913187923782
RSA+AES-256,500,1,217,1486.0354000047664,0.6098000012570992,2.9656000042450614,True,267.7913187923782
RSA+AES-256,500,1,218,1123.9274999970803,0.6656000041402876,2.944399995612912,True,267.7913187923782
RSA+AES-256,500,1,219,960.5755000011413,0.6725000057485886,3.020999996806495,True,267.7913187923782
RSA+AES-256,500,1,220,367.28649999713525,0.6799999973736703,2.8888000015285797,True,267.7913187923782
RSA+AES-256,500,1,221,998.2076000014786,0.7073000015225261,3.0287999979918823,True,267.7913187923782
RSA+AES-256,500,1,222,965.0528000056511,0.6644000022788532,2.9133999996702187,True,267.7913187923782
RSA+AES-256,500,1,223,245.4197999977623,0.604200002271682,2.911700001277495,True,267.7913187923782
RSA+AES-256,500,1,224,1116.2414999998873,0.6815000015194528,3.0324000035761856,True,267.7913187923782
RSA+AES-256,500,1,225,596.4836000057403,0.662500002363231,2.850400000170339,True,267.7913187923782
RSA+AES-256,500,1,226,2303.7249999979394,0.6587999960174784,2.9298000008566305,True,267.7913187923782
RSA+AES-256,500,1,227,516.7749000029289,0.680199998896569,3.0200999972294085,True,267.7913187923782
RSA+AES-256,500,1,228,572.3681000017677,0.7141999958548695,3.032699998584576,True,267.7913187923782
RSA+AES-256,500,1,229,595.7782999976189,0.6566999945789576,2.9301999966264702,True,267.7913187923782
RSA+AES-256,500,1,230,878.9415999999619,0.65080000058515,2.8657000002567656,True,267.7913187923782
RSA+AES-256,500,1,231,803.2560999999987,0.6632000004174188,2.903099994000513,True,267.7913187923782
RSA+AES-256,500,1,232,1542.2829999952228,0.691100001859013,3.0454000007011928,True,267.7913187923782
RSA+AES-256,500,1,233,786.5692999985185,0.6598000036319718,2.9304999989108182,True,267.7913187923782
RSA+AES-256,500,1,234,384.34870000492083,0.672499998472631,2.9891000012867153,True,267.7913187923782
RSA+AES-256,500,1,235,764.9498999962816,0.6896999984746799,2.944500003650319,True,267.7913187923782
RSA+AES-256,500,1,236,346.63459999865154,0.683899997966364,3.030400002899114,True,267.7913187923782
RSA+AES-256,500,1,237,947.6592999999411,0.6773999994038604,2.903399996284861,True,267.7913187923782
RSA+AES-256,500,1,238,562.8309000021545,0.6001999936415814,3.045000004931353,True,267.7913187923782
RSA+AES-256,500,1,239,597.4489000000176,0.6342999986372888,2.9750999965472147,True,267.7913187923782
RSA+AES-256,500,1,240,569.0632999976515,0.6074999982956797,2.991299996210728,True,267.7913187923782
RSA+AES-256,500,1,241,380.99740000325255,0.7151000027079135,3.2111999971675687,True,267.7913187923782
RSA+AES-256,500,1,242,900.6957000019611,0.6862000009277835,3.1248000013874844,True,267.7913187923782
RSA+AES-256,500,1,243,2150.2443000063067,0.635899996268563,2.984600003401283,True,267.7913187923782
RSA+AES-256,500,1,244,732.8023000009125,0.6682000021100976,2.9542000047513284,True,267.7913187923782
RSA+AES-256,500,1,245,1131.341499996779,0.6439999997382984,3.371899998455774,True,267.7913187923782
RSA+AES-256,500,1,246,107.28349999408238,0.6527000005007721,2.989000000525266,True,267.7913187923782
RSA+AES-256,500,1,247,791.0023000004003,0.6759000025340356,2.993000001879409,True,267.7913187923782
RSA+AES-256,500,1,248,1279.042499998468,0.6023999958415516,2.9206999970483594,True,267.7913187923782
RSA+AES-256,500,1,249,800.3650000027847,0.6391999995685183,2.89840000186814,True,267.7913187923782
RSA+AES-256,500,1,250,821.8781000032322,0.6783999997423962,3.012299996044021,True,267.7913187923782
RSA+AES-256,500,1,251,1469.2807999963406,0.5836999989696778,2.9272000028868206,True,267.7913187923782
RSA+AES-256,500,1,252,840.4649999938556,0.6587999960174784,2.9889999932493083,True,267.7913187923782
RSA+AES-256,500,1,253,607.2531000027084,0.6188999977894127,2.9324999995878898,True,267.7913187923782
RSA+AES-256,500,1,254,779.9784000017098,0.6558000022778288,2.886000002035871,True,267.7913187923782
RSA+AES-256,500,1,255,881.3752999994904,0.7165000060922466,2.958299999590963,True,267.7913187923782
RSA+AES-256,500,1,256,424.21099999774015,0.676499999826774,2.9558000023826025,True,267.7913187923782
RSA+AES-256,500,1,257,731.4219000036246,0.6674000032944605,2.936500000942033,True,267.7913187923782
RSA+AES-256,500,1,258,353.32329999801004,0.6783999997423962,2.9720999955316074,True,267.7913187923782
RSA+AES-256,500,1,259,250.63159999990603,0.6406000029528514,2.8616999989026226,True,267.7913187923782
RSA+AES-256,500,1,260,586.3615999987815,0.589600000239443,2.9070000018691644,True,267.7913187923782
RSA+AES-256,500,1,261,796.7190999988816,0.6866000039735809,2.9877999986638315,True,267.7913187923782
RSA+AES-256,500,1,262,231.3572999992175,0.6869999997434206,2.973099995870143,True,267.7913187923782
RSA+AES-256,500,1,263,714.8769000050379,0.6549000027007423,2.9235000038170256,True,267.7913187923782
RSA+AES-256,500,1,264,774.3081000007805,0.6751999972038902,3.238299999793526,True,267.7913187923782
RSA+AES-256,500,1,265,128.1031999969855,0.6078999940655194,2.9208000050857663,True,267.7913187923782
RSA+AES-256,500,1,266,776.4623999973992,0.6931999960215762,2.9932999968877994,True,267.7913187923782
RSA+AES-256,500,1,267,820.0186999965808,0.6533000050694682,2.9026999982306734,True,267.7913187923782
RSA+AES-256,500,1,268,317.47489999543177,0.6769999963580631,3.07990000146674,True,267.7913187923782
RSA+AES-256,500,1,269,757.8180999989854,0.6829999983892776,2.958199998829514,True,267.7913187923782
RSA+AES-256,500,1,270,1111.0438000032445,0.6787999955122359,3.002299999934621,True,267.7913187923782
RSA+AES-256,500,1,271,668.013799993787,0.6208999984664842,2.9416999968816526,True,267.7913187923782
RSA+AES-256,500,1,272,292.0508000024711,0.6484999976237305,2.9682000022148713,True,267.7913187923782
RSA+AES-256,500,1,273,1078.0878000005032,0.6790999977965839,2.9391000061878003,True,267.7913187923782
RSA+AES-256,500,1,274,259.9449999979697,0.6646999972872436,2.882200002204627,True,267.7913187923782
RSA+AES-256,500,1,275,250.57090000336757,0.6745999999111518,2.954600000521168,True,267.7913187923782
RSA+AES-256,500,1,276,422.2083000058774,0.6458999996539205,2.885500005504582,True,267.7913187923782
RSA+AES-256,500,1,277,821.366999996826,0.6829999983892776,2.9709999944316223,True,267.7913187923782
RSA+AES-256,500,1,278,678.8732999993954,0.6216999972821213,3.005200000188779,True,267.7913187923782
RSA+AES-256,500,1,279,801.5917999946396,0.6529999955091625,2.9511000029742718,True,267.7913187923782
RSA+AES-256,500,1,280,1012.2843999997713,0.6559000030392781,2.9532999978982843,True,267.7913187923782
RSA+AES-256,500,1,281,876.989100004721,0.7165000060922466,3.0128999933367595,True,267.7913187923782
RSA+AES-256,500,1,282,648.8681999981054,0.5935000008321367,2.8619000004255213,True,267.7913187923782
RSA+AES-256,500,1,283,1438.8736999972025,0.6790000043110922,2.8538999977172352,True,267.7913187923782
RSA+AES-256,500,1,284,612.856700005068,0.7138000000850298,3.3848000020952895,True,267.7913187923782
RSA+AES-256,500,1,285,745.1693000039086,0.7385999997495674,2.9624000017065555,True,267.7913187923782
RSA+AES-256,500,1,286,854.2043999987072,0.6733999980497174,3.009200001542922,True,267.7913187923782
RSA+AES-256,500,1,287,1904.5241999992868,0.6945999994059093,2.9147000022931024,True,267.7913187923782
RSA+AES-256,500,1,288,355.4839999997057,0.6733000045642257,2.9464999970514327,True,267.7913187923782
RSA+AES-256,500,1,289,1736.0467999969842,0.6443999955081381,2.9499000011128373,True,267.7913187923782
RSA+AES-256,500,1,290,1695.5608999996912,0.6855999963590875,3.0280999999376945,True,267.7913187923782
RSA+AES-256,500,1,291,457.80070000182604,0.6422000005841255,3.0452999999397434,True,267.7913187923782
RSA+AES-256,500,1,292,1768.6579000001075,0.709700005245395,3.2741000031819567,True,267.7913187923782
RSA+AES-256,500,1,293,81.32200000545708,0.5988000048091635,2.973299997393042,True,267.7913187923782
RSA+AES-256,500,1,294,816.0889999999199,0.6772000051569194,2.9816999958711676,True,267.7913187923782
RSA+AES-256,500,1,295,285.91270000470104,0.6589999975403771,2.921200000855606,True,267.7913187923782
RSA+AES-256,500,1,296,723.4615999987,0.7198000021162443,3.0050999994273297,True,267.7913187923782
RSA+AES-256,500,1,297,1909.704800003965,0.658500001009088,3.028200000699144,True,267.7913187923782
RSA+AES-256,500,1,298,334.4151999990572,0.6577000021934509,2.944499996374361,True,267.7913187923782
RSA+AES-256,500,1,299,210.84840000548866,0.6557000015163794,2.9678999999305233,True,267.7913187923782
RSA+AES-256,500,1,300,508.45960000151535,0.6588999967789277,2.8775999962817878,True,267.7913187923782
RSA+AES-256,500,1,301,273.543499999505,0.6887999988975935,3.006699997058604,True,267.7913187923782
RSA+AES-256,500,1,302,1240.085800003726,0.6543999988934956,2.874900004826486,True,267.7913187923782
RSA+AES-256,500,1,303,92.21419999812497,0.6442999947466888,2.9637000043294393,True,267.7913187923782
RSA+AES-256,500,1,304,545.1820000016596,0.6891999946674332,2.8988000049139373,True,267.7913187923782
RSA+AES-256,500,1,305,1207.7934999979334,0.6385000015143305,2.946599997812882,True,267.7913187923782
RSA+AES-256,500,1,306,355.27770000044256,0.6656999976257794,2.9397999969660304,True,267.7913187923782
RSA+AES-256,500,1,307,1012.1070999957738,0.6090999959269539,2.965899999253452,True,267.7913187923782
RSA+AES-256,500,1,308,414.5591999986209,0.6197999973664992,2.9708000001846813,True,267.7913187923782
RSA+AES-256,500,1,309,579.4320999993943,0.6513999978778884,2.8663999983109534,True,267.7913187923782
RSA+AES-256,500,1,310,1398.8994999963325,0.6783999997423962,2.9827999969711527,True,267.7913187923782
RSA+AES-256,500,1,311,306.5098000006401,0.6704999977955595,2.8986999968765303,True,267.7913187923782
RSA+AES-256,500,1,312,661.5122000002884,0.7088999991538003,2.9683000029763207,True,267.7913187923782
RSA+AES-256,500,1,313,571.9533000010415,0.6647999980486929,2.9995000004419126,True,267.7913187923782
RSA+AES-256,500,1,314,410.8053999952972,0.6921000021975487,3.032000000530388,True,267.7913187923782
RSA+AES-256,500,1,315,394.73220000218134,0.6708999935653992,2.9452000017045066,True,267.7913187923782
RSA+AES-256,500,1,316,1379.7818000020925,0.6550999969476834,3.1355999963125214,True,267.7913187923782
RSA+AES-256,500,1,317,122.36400000256253,0.5917999951634556,2.9162999999243766,True,267.7913187923782
RSA+AES-256,500,1,318,185.3211999987252,0.6031000011716969,3.302699995401781,True,267.7913187923782
RSA+AES-256,500,1,319,750.1241999998456,0.7028999971225858,2.9690000010305084,True,267.7913187923782
RSA+AES-256,500,1,320,737.7590999967651,0.6653999953414313,3.019599993422162,True,267.7913187923782
RSA+AES-256,500,1,321,552.1025999987614,0.6441000004997477,2.857100000255741,True,267.7913187923782
RSA+AES-256,500,1,322,721.1050999976578,0.6742999976268038,3.010399996128399,True,267.7913187923782
RSA+AES-256,500,1,323,895.9047999960603,0.7717999978922307,3.001800003403332,True,267.7913187923782
RSA+AES-256,500,1,324,768.9289999980247,0.684200000250712,3.316300004371442,True,267.7913187923782
RSA+AES-256,500,1,325,1988.7088000032236,0.6818000038038008,3.2836999962455593,True,267.7913187923782
RSA+AES-256,500,1,326,828.9585000020452,0.6606000024476089,3.0009000038262457,True,267.7913187923782
RSA+AES-256,500,1,327,426.7472999999882,0.5977000037091784,2.979899996716995,True,267.7913187923782
RSA+AES-256,500,1,328,1775.8879999964847,0.603299995418638,2.959400000690948,True,267.7913187923782
RSA+AES-256,500,1,329,1797.2250000020722,0.6519999951706268,2.9346000010264106,True,267.7913187923782
RSA+AES-256,500,1,330,457.59450000332436,0.6680000005871989,2.997000003233552,True,267.7913187923782
RSA+AES-256,500,1,331,1163.4562999970512,0.6130999972810969,3.0694000015500933,True,267.7913187923782
RSA+AES-256,500,1,332,297.4114999960875,0.680199998896569,2.9184000013628975,True,267.7913187923782
RSA+AES-256,500,1,333,621.0260999941966,0.6494000044767745,3.0159000016283244,True,267.7913187923782
RSA+AES-256,500,1,334,306.92859999544453,0.6730999957653694,3.008100000442937,True,267.7913187923782
RSA+AES-256,500,1,335,410.78579999884823,0.8312999998452142,3.002699995704461,True,267.7913187923782
RSA+AES-256,500,1,336,378.83709999732673,0.6095999997342005,2.933700001449324,True,267.7913187923782
RSA+AES-256,500,1,337,1336.2860000052024,0.639899997622706,2.8670000028796494,True,267.7913187923782
RSA+AES-256,500,1,338,459.37579999736045,0.6809000042267144,2.990100001625251,True,267.7913187923782
RSA+AES-256,500,1,339,402.5032999998075,0.68710000050487,2.9463999962899834,True,267.7913187923782
RSA+AES-256,500,1,340,433.27839999983553,0.7191000040620565,3.009599997312762,True,267.7913187923782
RSA+AES-256,500,1,341,565.3914000067743,0.6437999982153997,2.9264999975566752,True,267.7913187923782
RSA+AES-256,500,1,342,956.0168000025442,0.7072999942465685,3.3922000002348796,True,267.7913187923782
RSA+AES-256,500,1,343,219.26869999879273,0.6474999972851947,3.315699999802746,True,267.7913187923782
RSA+AES-256,500,1,344,447.8958999970928,0.6625999958487228,2.8984999953536317,True,267.7913187923782
RSA+AES-256,500,1,345,1200.406700001622,0.6820000053266995,3.1146999972406775,True,267.7913187923782
RSA+AES-256,500,1,346,1375.249699995038,0.6702000027871691,2.9264999975566752,True,267.7913187923782
RSA+AES-256,500,1,347,738.7802000012016,0.672499998472631,2.9118000020389445,True,267.7913187923782
RSA+AES-256,500,1,348,275.8842999974149,0.6664000029559247,2.9323999988264404,True,267.7913187923782
RSA+AES-256,500,1,349,570.3186000027927,0.6646999972872436,2.872899996873457,True,267.7913187923782
RSA+AES-256,500,1,350,537.8149000025587,0.6551999977091327,2.926399996795226,True,267.7913187923782
RSA+AES-256,500,1,351,799.8388999985764,0.6424000021070242,2.91319999814732,True,267.7913187923782
RSA+AES-256,500,1,352,734.6325999969849,0.6758000017725863,2.906100002292078,True,267.7913187923782
RSA+AES-256,500,1,353,678.8977999967756,0.6406000029528514,2.888100003474392,True,267.7913187923782
RSA+AES-256,500,1,354,1164.0060000063386,0.6518999944091775,2.899899998737965,True,267.7913187923782
RSA+AES-256,500,1,355,1837.7734000023338,0.6938000005902722,3.0228000032366253,True,267.7913187923782
RSA+AES-256,500,1,356,846.7447000002721,0.6883000023663044,2.921200000855606,True,267.7913187923782
RSA+AES-256,500,1,357,343.30359999876237,0.6802999996580184,2.885900001274422,True,267.7913187923782
RSA+AES-256,500,1,358,925.1450000010664,0.647400003799703,2.9930999953649007,True,267.7913187923782
RSA+AES-256,500,1,359,327.905499994813,0.6862000009277835,2.9959999956190586,True,267.7913187923782
RSA+AES-256,500,1,360,1096.4192999963416,0.6836000029579736,2.9720000020461157,True,267.7913187923782
RSA+AES-256,500,1,361,1258.75349999842,0.669100001687184,2.9113000055076554,True,267.7913187923782
RSA+AES-256,500,1,362,567.6840000014636,0.6772000051569194,2.903500004322268,True,267.7913187923782
RSA+AES-256,500,1,363,229.64969999884488,0.6818000038038008,2.9587000026367605,True,267.7913187923782
RSA+AES-256,500,1,364,1325.11049999448,0.6775000001653098,2.9855000029783696,True,267.7913187923782
RSA+AES-256,500,1,365,613.4042000048794,0.6776000009267591,2.9521999967982993,True,267.7913187923782
RSA+AES-256,500,1,366,231.57240000000456,0.6436999974539503,2.962200000183657,True,267.7913187923782
RSA+AES-256,500,1,367,2819.3428000013228,0.6634000019403175,2.9180999990785494,True,267.7913187923782
RSA+AES-256,500,1,368,1444.8899999988498,0.6609999982174486,3.000400000018999,True,267.7913187923782
RSA+AES-256,500,1,369,440.8603999982006,0.6413000010070391,2.97320000390755,True,267.7913187923782
RSA+AES-256,500,1,370,166.98140000517014,0.6686999986413866,2.894899997045286,True,267.7913187923782
RSA+AES-256,500,1,371,1615.4294000007212,0.6801000054110773,3.024900004675146,True,267.7913187923782
RSA+AES-256,500,1,372,373.06379999790806,0.6530000027851202,2.867500006686896,True,267.7913187923782
RSA+AES-256,500,1,373,888.634999995702,0.6730000022798777,2.995700000610668,True,267.7913187923782
RSA+AES-256,500,1,374,837.4183999985689,0.6826999961049296,3.063800002564676,True,267.7913187923782
RSA+AES-256,500,1,375,546.6949000037857,0.6229999999050051,2.959400000690948,True,267.7913187923782
RSA+AES-256,500,1,376,1377.4159999957192,0.6633999946643598,2.899899998737965,True,267.7913187923782
RSA+AES-256,500,1,377,1253.1319999980042,0.6804000004194677,2.941099999588914,True,267.7913187923782
RSA+AES-256,500,1,378,142.98300000518793,0.5746000024373643,2.8547999972943217,True,267.7913187923782
RSA+AES-256,500,1,379,114.00060000596568,0.6013000020175241,2.9848999984096736,True,267.7913187923782
RSA+AES-256,500,1,380,519.2850000021281,0.6503999975393526,2.9050999946775846,True,267.7913187923782
RSA+AES-256,500,1,381,1764.3010999963735,0.6748000014340505,2.9207999978098087,True,267.7913187923782
RSA+AES-256,500,1,382,340.71090000361437,0.5949000042164698,2.9651000004378147,True,267.7913187923782
RSA+AES-256,500,1,383,771.3349999976344,0.665899999148678,2.9807000028085895,True,267.7913187923782
RSA+AES-256,500,1,384,1228.7419000058435,0.6610999989788979,2.940999998827465,True,267.7913187923782
RSA+AES-256,500,1,385,1212.1451000057277,0.683400001435075,2.9070000018691644,True,267.7913187923782
RSA+AES-256,500,1,386,328.4529000011389,0.6821000060881488,3.0086999977356754,True,267.7913187923782
RSA+AES-256,500,1,387,366.44560000422643,0.7525999972131103,3.022400000190828,True,267.7913187923782
RSA+AES-256,500,1,388,402.0247999942512,0.6426999971154146,2.8837000063504092,True,267.7913187923782
RSA+AES-256,500,1,389,124.9995999969542,0.6620999993174337,2.9763999991700985,True,267.7913187923782
RSA+AES-256,500,1,390,127.42260000231909,0.6416000032913871,3.0111000014585443,True,267.7913187923782
RSA+AES-256,500,1,391,1220.230699997046,0.6893000027048402,2.9179000048316084,True,267.7913187923782
RSA+AES-256,500,1,392,694.7008000061032,0.6601999994018115,2.973299997393042,True,267.7913187923782
RSA+AES-256,500,1,393,276.323300000513,0.6706999993184581,2.9460000005201437,True,267.7913187923782
RSA+AES-256,500,1,394,1169.2381000029854,0.6756000002496876,2.938599995104596,True,267.7913187923782
RSA+AES-256,500,1,395,836.2993000046117,0.6886999981361441,2.9778000025544316,True,267.7913187923782
RSA+AES-256,500,1,396,227.5699999954668,0.6643000015174039,3.0197000014595687,True,267.7913187923782
RSA+AES-256,500,1,397,986.2059000006411,0.6398000041372143,3.1942999994498678,True,267.7913187923782
RSA+AES-256,500,1,398,657.0194000014453,0.6795000008423813,2.9757000011159107,True,267.7913187923782
RSA+AES-256,500,1,399,262.0480000041425,0.6906999988132156,2.957500000775326,True,267.7913187923782
RSA+AES-256,500,1,400,499.7183000014047,0.6998999961069785,2.941499995358754,True,267.7913187923782
RSA+AES-256,500,1,401,1183.7009999944712,0.6921000021975487,2.987200001371093,True,267.7913187923782
RSA+AES-256,500,1,402,95.57249999488704,0.6117000011727214,2.946299995528534,True,267.7913187923782
RSA+AES-256,500,1,403,502.2657000008621,0.6518000009236857,2.8663999983109534,True,267.7913187923782
RSA+AES-256,500,1,404,1883.8089999990189,0.6787000020267442,2.955900003144052,True,267.7913187923782
RSA+AES-256,500,1,405,1414.0827999945031,0.8078999962890521,2.973099995870143,True,267.7913187923782
RSA+AES-256,500,1,406,1923.2025999954203,0.6223999953363091,2.9055999984848313,True,267.7913187923782
RSA+AES-256,500,1,407,159.12980000575772,0.6379999977070838,3.009699998074211,True,267.7913187923782
RSA+AES-256,500,1,408,144.62739999726182,0.5995000028633513,2.9521000033128075,True,267.7913187923782
RSA+AES-256,500,1,409,788.822299997264,0.661899997794535,2.908899994508829,True,267.7913187923782
RSA+AES-256,500,1,410,1526.2298999950872,0.6709000008413568,3.0170000027283095,True,267.7913187923782
RSA+AES-256,500,1,411,1912.557800002105,0.6672000017715618,2.961500002129469,True,267.7913187923782
RSA+AES-256,500,1,412,1996.0170999984257,0.7041999997454695,3.067899997404311,True,267.7913187923782
RSA+AES-256,500,1,413,539.4084999934421,0.6223999953363091,2.96840000373777,True,267.7913187923782
RSA+AES-256,500,1,414,516.7782999997144,0.654499999654945,2.936299999419134,True,267.7913187923782
RSA+AES-256,500,1,415,545.1644999993732,0.6788999962736852,2.954800002044067,True,267.7913187923782
RSA+AES-256,500,1,416,794.5382000034442,0.6506999998237006,2.861300003132783,True,267.7913187923782
RSA+AES-256,500,1,417,366.90660000022035,0.6519999951706268,2.837500003806781,True,267.7913187923782
RSA+AES-256,500,1,418,1006.4456999971299,0.686799998220522,2.980100005515851,True,267.7913187923782
RSA+AES-256,500,1,419,43.29130000405712,0.6403000006685033,2.941600003396161,True,267.7913187923782
RSA+AES-256,500,1,420,656.913099999656,0.6439999997382984,2.9513000044971704,True,267.7913187923782
RSA+AES-256,500,1,421,998.7689999979921,0.6568000026163645,2.9455999974743463,True,267.7913187923782
RSA+AES-256,500,1,422,719.6360000016284,0.6636999969487078,2.9199999989941716,True,267.7913187923782
RSA+AES-256,500,1,423,831.404399999883,0.6763999990653247,2.957500000775326,True,267.7913187923782
RSA+AES-256,500,1,424,288.1148000014946,0.6757999944966286,2.987699997902382,True,267.7913187923782
RSA+AES-256,500,1,425,1076.4104000045336,0.7331000015255995,2.9365999944275245,True,267.7913187923782
RSA+AES-256,500,1,426,865.652799999225,0.6732999972882681,2.939199999673292,True,267.7913187923782
RSA+AES-256,500,1,427,426.6663999951561,0.6752000044798478,2.9840999995940365,True,267.7913187923782
RSA+AES-256,500,1,428,960.0831999996444,0.6229999999050051,3.210800001397729,True,267.7913187923782
RSA+AES-256,500,1,429,1030.1039999976638,0.6858999986434355,3.0248999973991886,True,267.7913187923782
RSA+AES-256,500,1,430,596.5104999995674,0.6706999993184581,2.909499999077525,True,267.7913187923782
RSA+AES-256,500,1,431,1590.6102000008104,0.6690000009257346,2.9654999962076545,True,267.7913187923782
RSA+AES-256,500,1,432,243.75249999866355,0.6349999966914766,2.907399997639004,True,267.7913187923782
RSA+AES-256,500,1,433,1465.7275999998092,0.6753999987267889,2.998400006617885,True,267.7913187923782
RSA+AES-256,500,1,434,1631.3215000045602,0.6833999941591173,2.9174000010243617,True,267.7913187923782
RSA+AES-256,500,1,435,1557.7696000036667,0.6854000021121465,2.9634000020450912,True,267.7913187923782
RSA+AES-256,500,1,436,395.8811000047717,0.6638000049861148,2.9828000042471103,True,267.7913187923782
RSA+AES-256,500,1,437,1425.563199998578,0.665299994579982,2.960400001029484,True,267.7913187923782
RSA+AES-256,500,1,438,695.2214999982971,0.7756999984849244,3.2015000033425167,True,267.7913187923782
RSA+AES-256,500,1,439,589.9972999977763,0.6997000018600374,2.943999999843072,True,267.7913187923782
RSA+AES-256,500,1,440,1217.6395999995293,0.7070999999996275,3.0731000006198883,True,267.7913187923782
RSA+AES-256,500,1,441,590.0089999995544,0.6666999979643151,2.9453999959514476,True,267.7913187923782
RSA+AES-256,500,1,442,912.7232000028016,0.6566999945789576,2.9209999993327074,True,267.7913187923782
RSA+AES-256,500,1,443,747.210499997891,0.6262999959290028,3.0091000007814728,True,267.7913187923782
RSA+AES-256,500,1,444,226.59079999721143,0.6567000018549152,2.9129999966244213,True,267.7913187923782
RSA+AES-256,500,1,445,293.0460999996285,0.6025000038789585,2.9063999973004684,True,267.7913187923782
RSA+AES-256,500,1,446,78.87559999653604,0.5992000005790032,3.0765999981667846,True,267.7913187923782
RSA+AES-256,500,1,447,1038.4554000047501,0.6958000012673438,2.8851999959442765,True,267.7913187923782
RSA+AES-256,500,1,448,310.1446999935433,0.6642000007559545,3.0393999986699782,True,267.7913187923782
RSA+AES-256,500,1,449,856.4833999989787,0.6813999934820458,3.0334000039147213,True,267.7913187923782
RSA+AES-256,500,1,450,137.57220000115922,0.6097000004956499,2.944900006696116,True,267.7913187923782
RSA+AES-256,500,1,451,311.1447999981465,0.6706999993184581,2.9574000000138767,True,267.7913187923782
RSA+AES-256,500,1,452,618.37199999718,0.6796000016038306,2.8728000033879653,True,267.7913187923782
RSA+AES-256,500,1,453,529.4966000001295,0.6669000067631714,3.003799996804446,True,267.7913187923782
RSA+AES-256,500,1,454,422.13819999597035,0.6451999943237752,3.069300000788644,True,267.7913187923782
RSA+AES-256,500,1,455,333.4312000006321,0.6389000045601279,2.87910000042757,True,267.7913187923782
RSA+AES-256,500,1,456,316.1219000030542,0.6522999974549748,2.883300003304612,True,267.7913187923782
RSA+AES-256,500,1,457,872.7378000039607,0.6983999992371537,2.97100000170758,True,267.7913187923782
RSA+AES-256,500,1,458,1727.9123999978765,0.6828999976278283,2.906599998823367,True,267.7913187923782
RSA+AES-256,500,1,459,236.3850999972783,0.6796999950893223,2.95170000026701,True,267.7913187923782
RSA+AES-256,500,1,460,764.40719999664,0.6689000001642853,2.8645999991567805,True,267.7913187923782
RSA+AES-256,500,1,461,577.2405000025174,0.6576000014320016,2.911299998231698,True,267.7913187923782
RSA+AES-256,500,1,462,439.08299999748124,0.7256999961100519,3.0410999970627017,True,267.7913187923782
RSA+AES-256,500,1,463,211.9204999980866,0.5947999961790629,2.944200001365971,True,267.7913187923782
RSA+AES-256,500,1,464,1491.3548000040464,0.7344000041484833,3.2055999981821515,True,267.7913187923782
RSA+AES-256,500,1,465,142.87630000035278,0.7415000000037253,3.1943000067258254,True,267.7913187923782
RSA+AES-256,500,1,466,382.8125,1.2597999957506545,3.155899998091627,True,267.7913187923782
RSA+AES-256,500,1,467,1613.992300000973,0.6942999971215613,3.0803000045125373,True,267.7913187923782
RSA+AES-256,500,1,468,277.70159999636235,0.7135999985621311,3.1003999974927865,True,267.7913187923782
RSA+AES-256,500,1,469,280.3884000022663,0.6884000031277537,3.3774999974411912,True,267.7913187923782
RSA+AES-256,500,1,470,271.44789999874774,0.7181999972090125,3.7628999998560175,True,267.7913187923782
RSA+AES-256,500,1,471,909.2153999954462,0.767700003052596,3.021100004843902,True,267.7913187923782
RSA+AES-256,500,1,472,669.7937999997521,0.672199996188283,3.01690000196686,True,267.7913187923782
RSA+AES-256,500,1,473,321.1217999996734,0.67710000439547,2.94690000009723,True,267.7913187923782
RSA+AES-256,500,1,474,394.955800002208,0.5837999997311272,2.932999996119179,True,267.7913187923782
RSA+AES-256,500,1,475,823.8418999972055,0.6738000010955147,2.8578000055858865,True,267.7913187923782
RSA+AES-256,500,1,476,192.66309999511577,0.6377999961841851,2.885699999751523,True,267.7913187923782
RSA+AES-256,500,1,477,1278.2748000026913,0.715899994247593,3.1386000046040863,True,267.7913187923782
RSA+AES-256,500,1,478,929.6153000032064,0.6762999983038753,3.493199998047203,True,267.7913187923782
RSA+AES-256,500,1,479,426.1341000019456,0.647100001515355,2.871900003810879,True,267.7913187923782
RSA+AES-256,500,1,480,1314.772699995956,0.6553999992320314,2.8802000015275553,True,267.7913187923782
RSA+AES-256,500,1,481,805.122300000221,0.654699993901886,2.9168000037316233,True,267.7913187923782
RSA+AES-256,500,1,482,847.6262000040151,0.6521000032080337,2.867700000933837,True,267.7913187923782
RSA+AES-256,500,1,483,1095.922000000428,0.6725000057485886,2.9620999994222075,True,267.7913187923782
RSA+AES-256,500,1,484,556.0970000005909,0.5946999954176135,2.9749000023002736,True,267.7913187923782
RSA+AES-256,500,1,485,1337.770800004364,0.6760000032954849,3.0043000006116927,True,267.7913187923782
RSA+AES-256,500,1,486,1304.9941000062972,0.6541000038851053,2.9053999969619326,True,267.7913187923782
RSA+AES-256,500,1,487,1061.6825000033714,0.6598999971174635,2.8726999953505583,True,267.7913187923782
RSA+AES-256,500,1,488,387.73110000329325,0.6852000005892478,2.988500003993977,True,267.7913187923782
RSA+AES-256,500,1,489,720.3773000001092,0.6797000023652799,2.9381999993347563,True,267.7913187923782
RSA+AES-256,500,1,490,534.8642000026302,0.647100001515355,2.876400001696311,True,267.7913187923782
RSA+AES-256,500,1,491,115.8757999946829,0.6293999977060594,2.843999995093327,True,267.7913187923782
RSA+AES-256,500,1,492,1025.132399998256,0.668799999402836,2.856799997971393,True,267.7913187923782
RSA+AES-256,500,1,493,310.31529999745544,0.6739999953424558,2.916700002970174,True,267.7913187923782
RSA+AES-256,500,1,494,823.3697000032407,0.6649999995715916,2.8729999976349063,True,267.7913187923782
RSA+AES-256,500,1,495,264.058799999475,0.7138000000850298,3.001899996888824,True,267.7913187923782
RSA+AES-256,500,1,496,161.66619999421528,0.6775000001653098,2.97100000170758,True,267.7913187923782
RSA+AES-256,500,1,497,1132.2617000041646,0.6556000007549301,3.0184999995981343,True,267.7913187923782
RSA+AES-256,500,1,498,1428.9521999962744,0.7082000010996126,2.9720000020461157,True,267.7913187923782
RSA+AES-256,500,1,499,1138.837300000887,0.6533000050694682,2.9216000039014034,True,267.7913187923782
RSA+AES-256,500,1,500,544.0063999994891,0.6597000028705224,2.8657000002567656,True,267.7913187923782
RSA+AES-256,500,2,1,1901.5556999947876,23.02179999969667,3.188199996657204,True,270.0925201822318
RSA+AES-256,500,2,2,485.96900000120513,0.730499996279832,3.0119000002741814,True,270.0925201822318
RSA+AES-256,500,2,3,240.598600001249,0.6673999960185029,3.0273000011220574,True,270.0925201822318
RSA+AES-256,500,2,4,634.2232000024524,0.6812999999965541,2.91540000034729,True,270.0925201822318
RSA+AES-256,500,2,5,260.43480000225827,0.6464000034611672,2.9251000014482997,True,270.0925201822318
RSA+AES-256,500,2,6,370.01109999982873,0.6828999976278283,2.994499998749234,True,270.0925201822318
RSA+AES-256,500,2,7,322.91959999565734,0.592199998209253,2.8795000034733675,True,270.0925201822318
RSA+AES-256,500,2,8,725.0133999987156,0.6850999998277985,3.0231000055209734,True,270.0925201822318
RSA+AES-256,500,2,9,2088.8743000032264,0.7169000018620864,2.95170000026701,True,270.0925201822318
RSA+AES-256,500,2,10,1827.5524999990012,0.6689000001642853,2.998299998580478,True,270.0925201822318
RSA+AES-256,500,2,11,398.6780999985058,0.6614000012632459,2.9078000006848015,True,270.0925201822318
RSA+AES-256,500,2,12,647.70629999839,0.6806999954278581,3.0804000052739866,True,270.0925201822318
RSA+AES-256,500,2,13,854.885100001411,0.7160000022849999,3.029300001799129,True,270.0925201822318
RSA+AES-256,500,2,14,968.8968000045861,0.6882000016048551,2.9471000016201288,True,270.0925201822318
RSA+AES-256,500,2,15,443.31890000466956,0.6737000003340654,2.9895000043325126,True,270.0925201822318
RSA+AES-256,500,2,16,625.4959999932908,0.64340000244556,2.9724999985774048,True,270.0925201822318
RSA+AES-256,500,2,17,242.16819999855943,0.6730000022798777,2.930700000433717,True,270.0925201822318
RSA+AES-256,500,2,18,721.5205000029528,0.6931999960215762,2.8817999991588295,True,270.0925201822318
RSA+AES-256,500,2,19,497.46939999749884,0.6738000010955147,2.9125000000931323,True,270.0925201822318
RSA+AES-256,500,2,20,247.31899999460438,0.7254000011016615,2.954600000521168,True,270.0925201822318
RSA+AES-256,500,2,21,674.5052000042051,0.6078000005800277,2.8810000003431924,True,270.0925201822318
RSA+AES-256,500,2,22,1450.5304999984219,0.6534999993164092,2.8792000011890195,True,270.0925201822318
RSA+AES-256,500,2,23,340.5593999996199,0.6781999982194975,2.9836000030627474,True,270.0925201822318
RSA+AES-256,500,2,24,392.77949999814155,0.7207999951788224,2.9647999981534667,True,270.0925201822318
RSA+AES-256,500,2,25,780.7083000006969,0.6845999960205518,2.9100000028847717,True,270.0925201822318
RSA+AES-256,500,2,26,1089.4324000037159,0.6572999991476536,2.8901999976369552,True,270.0925201822318
RSA+AES-256,500,2,27,2061.0133000009228,0.7331999950110912,3.0864000000292435,True,270.0925201822318
RSA+AES-256,500,2,28,1329.2379999984405,0.6632000004174188,2.9462000020430423,True,270.0925201822318
RSA+AES-256,500,2,29,368.13380000239704,0.6815999950049445,2.901100000599399,True,270.0925201822318
RSA+AES-256,500,2,30,233.5760999994818,0.5964000010862947,2.93989999772748,True,270.0925201822318
RSA+AES-256,500,2,31,247.65049999405164,0.6193999943207018,2.9489999942597933,True,270.0925201822318
RSA+AES-256,500,2,32,274.04679999744985,0.636500000837259,2.900499996030703,True,270.0925201822318
RSA+AES-256,500,2,33,309.1184999939287,0.6498000002466142,2.8777999978046864,True,270.0925201822318
RSA+AES-256,500,2,34,103.13979999773437,0.5817999990540557,2.906599998823367,True,270.0925201822318
RSA+AES-256,500,2,35,273.32149999710964,0.6844000017736107,2.9510000022128224,True,270.0925201822318
RSA+AES-256,500,2,36,1112.641400002758,0.6790000043110922,2.9763999991700985,True,270.0925201822318
RSA+AES-256,500,2,37,655.2192000017385,0.705899998138193,2.914499993494246,True,270.0925201822318
RSA+AES-256,500,2,38,939.433800005645,0.6787000020267442,2.9490999950212426,True,270.0925201822318
RSA+AES-256,500,2,39,789.5587000020896,0.6416999967768788,3.0401000040001236,True,270.0925201822318
RSA+AES-256,500,2,40,1261.5251000024728,0.6661000006715767,2.89840000186814,True,270.0925201822318
RSA+AES-256,500,2,41,263.5618999993312,0.6817000030423515,2.9708000001846813,True,270.0925201822318
RSA+AES-256,500,2,42,1444.8241999998572,0.6996999945840798,3.14250000519678,True,270.0925201822318
RSA+AES-256,500,2,43,2368.8638000021456,0.6582999994861893,2.912700001616031,True,270.0925201822318
RSA+AES-256,500,2,44,759.028299995407,0.6958000012673438,2.993300004163757,True,270.0925201822318
RSA+AES-256,500,2,45,1058.8518000004115,0.6671000010101125,2.8660999960266054,True,270.0925201822318
RSA+AES-256,500,2,46,525.6853999962914,0.6749000021954998,2.8913999994983897,True,270.0925201822318
RSA+AES-256,500,2,47,476.9155000030878,0.7142999966163188,2.93279999459628,True,270.0925201822318
RSA+AES-256,500,2,48,862.1429999984684,0.7059000054141507,3.0047999971429817,True,270.0925201822318
RSA+AES-256,500,2,49,728.8956999982474,0.6931999960215762,2.9844000018783845,True,270.0925201822318
RSA+AES-256,500,2,50,463.58650000183843,0.6718000004184432,2.901300002122298,True,270.0925201822318
RSA+AES-256,500,2,51,1581.7116999969585,0.673100003041327,2.9637000043294393,True,270.0925201822318
RSA+AES-256,500,2,52,419.2741000006208,0.6636999969487078,2.916899997217115,True,270.0925201822318
RSA+AES-256,500,2,53,1210.78370000032,0.662200000078883,2.906100002292078,True,270.0925201822318
RSA+AES-256,500,2,54,772.6786999992328,0.6753000052412972,3.0189999961294234,True,270.0925201822318
RSA+AES-256,500,2,55,837.324100000842,0.6766000005882233,2.9678999999305233,True,270.0925201822318
RSA+AES-256,500,2,56,406.8680999989738,0.6594999940716662,3.094399995461572,True,270.0925201822318
RSA+AES-256,500,2,57,565.3258000020287,0.695100003213156,3.0027000029804185,True,270.0925201822318
RSA+AES-256,500,2,58,384.34269999561366,0.6954999989829957,2.9698999933316372,True,270.0925201822318
RSA+AES-256,500,2,59,739.579799999774,0.6685999978799373,2.9031000012764707,True,270.0925201822318
RSA+AES-256,500,2,60,1013.8790999990306,0.716800001100637,2.9680000006919727,True,270.0925201822318
RSA+AES-256,500,2,61,330.3948999964632,0.5912999986321665,2.9166000022087246,True,270.0925201822318
RSA+AES-256,500,2,62,460.1039999979548,0.6566000010934658,2.911799994762987,True,270.0925201822318
RSA+AES-256,500,2,63,626.2176999953226,0.6872000012663193,2.9910000012023374,True,270.0925201822318
RSA+AES-256,500,2,64,627.7880999987246,0.6566000010934658,2.900199993746355,True,270.0925201822318
RSA+AES-256,500,2,65,360.79650000465335,0.6692000024486333,3.074100000958424,True,270.0925201822318
RSA+AES-256,500,2,66,649.0546999993967,0.6435000032070093,2.927499997895211,True,270.0925201822318
RSA+AES-256,500,2,67,1169.0450000023702,0.6566000010934658,2.893900003982708,True,270.0925201822318
RSA+AES-256,500,2,68,528.4826999995857,0.6928000002517365,2.992300003825221,True,270.0925201822318
RSA+AES-256,500,2,69,299.4942000004812,0.6869000062579289,2.9488000000128523,True,270.0925201822318
RSA+AES-256,500,2,70,777.6794000019436,0.7225000008475035,2.970200002891943,True,270.0925201822318
RSA+AES-256,500,2,71,709.107499998936,0.7045000020298176,2.977099997224286,True,270.0925201822318
RSA+AES-256,500,2,72,944.2767999935313,0.8060999971348792,3.522200000588782,True,270.0925201822318
RSA+AES-256,500,2,73,2345.111700000416,0.6740999961039051,3.2869999995455146,True,270.0925201822318
RSA+AES-256,500,2,74,465.97279999696184,0.6783999997423962,3.0116999987512827,True,270.0925201822318
RSA+AES-256,500,2,75,870.2343000040855,0.6632000004174188,2.931800001533702,True,270.0925201822318
RSA+AES-256,500,2,76,2268.601200004923,0.7010999979684129,2.980199999001343,True,270.0925201822318
RSA+AES-256,500,2,77,637.7015999969444,0.6640999999945052,2.9037999993306585,True,270.0925201822318
RSA+AES-256,500,2,78,315.3466000003391,0.6929000010131858,2.9850999999325722,True,270.0925201822318
RSA+AES-256,500,2,79,827.0486999972491,0.7296999974641949,2.9727000001003034,True,270.0925201822318
RSA+AES-256,500,2,80,224.5595999993384,0.695400005497504,3.0101000011200085,True,270.0925201822318
RSA+AES-256,500,2,81,970.9151999995811,0.6589999975403771,2.9351000048336573,True,270.0925201822318
RSA+AES-256,500,2,82,1562.5893999967957,0.6763000055798329,2.957999997306615,True,270.0925201822318
RSA+AES-256,500,2,83,996.0216000035871,0.657899996440392,2.886700000090059,True,270.0925201822318
RSA+AES-256,500,2,84,1246.8368000045302,0.7220000043162145,3.0005000007804483,True,270.0925201822318
RSA+AES-256,500,2,85,587.9618999970262,0.8013999977265485,3.1345999959739856,True,270.0925201822318
RSA+AES-256,500,2,86,2202.6593999980832,0.665100000333041,2.899500002968125,True,270.0925201822318
RSA+AES-256,500,2,87,325.73889999912353,0.6114999996498227,3.0262000000220723,True,270.0925201822318
RSA+AES-256,500,2,88,512.395199999446,0.7040000054985285,2.9654000027221628,True,270.0925201822318
RSA+AES-256,500,2,89,1055.2901000046404,0.6735999995726161,2.9709000009461306,True,270.0925201822318
RSA+AES-256,500,2,90,193.0904000037117,0.7129000005079433,3.148499999952037,True,270.0925201822318
RSA+AES-256,500,2,91,337.7411999972537,0.6828000041423365,2.9914999977336265,True,270.0925201822318
RSA+AES-256,500,2,92,302.7760999975726,1.2050999939674512,3.1828999999561347,True,270.0925201822318
RSA+AES-256,500,2,93,1061.084100001608,0.6799999973736703,3.4328999972785823,True,270.0925201822318
RSA+AES-256,500,2,94,457.6784000018961,0.6633000011788681,2.8673000051639974,True,270.0925201822318
RSA+AES-256,500,2,95,1129.8109000053955,0.8326999959535897,3.0048000044189394,True,270.0925201822318
RSA+AES-256,500,2,96,1701.2728999980027,0.7018000032985583,2.977700001792982,True,270.0925201822318
RSA+AES-256,500,2,97,612.3539000036544,0.6629000054090284,3.0263999942690134,True,270.0925201822318
RSA+AES-256,500,2,98,1146.5895000001183,0.6198000046424568,2.989300002809614,True,270.0925201822318
RSA+AES-256,500,2,99,342.16420000302605,0.6628999981330708,2.955399999336805,True,270.0925201822318
RSA+AES-256,500,2,100,743.395799996506,0.669100001687184,3.011000000697095,True,270.0925201822318
RSA+AES-256,500,2,101,658.4287000005133,0.7145000054151751,3.198900005372707,True,270.0925201822318
RSA+AES-256,500,2,102,384.2166000031284,0.6785000005038455,3.211100003682077,True,270.0925201822318
RSA+AES-256,500,2,103,938.8698999973712,0.7107999990694225,3.133500002149958,True,270.0925201822318
RSA+AES-256,500,2,104,924.4705000019167,0.6560999972862191,2.9797000024700537,True,270.0925201822318
RSA+AES-256,500,2,105,396.48440000019036,0.6594000005861744,3.084399999352172,True,270.0925201822318
RSA+AES-256,500,2,106,536.2100999991526,0.6794000000809319,2.8769999989890493,True,270.0925201822318
RSA+AES-256,500,2,107,535.8262000008835,0.6978000019444153,2.933100004156586,True,270.0925201822318
RSA+AES-256,500,2,108,609.5161999983247,0.6556000007549301,3.0977999995229766,True,270.0925201822318
RSA+AES-256,500,2,109,316.21070000255713,0.6173000001581386,2.953199997136835,True,270.0925201822318
RSA+AES-256,500,2,110,156.9954999940819,0.639899997622706,2.9599999979836866,True,270.0925201822318
RSA+AES-256,500,2,111,263.75410000036936,0.6839999987278134,2.927600005932618,True,270.0925201822318
RSA+AES-256,500,2,112,1138.1509999991977,0.6323999987216666,2.899800005252473,True,270.0925201822318
RSA+AES-256,500,2,113,184.7252000006847,0.676800002111122,2.960400001029484,True,270.0925201822318
RSA+AES-256,500,2,114,865.3604999999516,0.6197000038810074,2.9664000030606985,True,270.0925201822318
RSA+AES-256,500,2,115,717.8022000007331,0.840000000607688,2.9312999977264553,True,270.0925201822318
RSA+AES-256,500,2,116,221.89649999927497,0.6147000021883287,2.937200006272178,True,270.0925201822318
RSA+AES-256,500,2,117,284.3369000038365,0.6289000011747703,2.861100001609884,True,270.0925201822318
RSA+AES-256,500,2,118,482.2785000069416,0.6587000025319867,2.882399996451568,True,270.0925201822318
RSA+AES-256,500,2,119,128.79999999859137,0.6844000017736107,2.9614000013680197,True,270.0925201822318
RSA+AES-256,500,2,120,432.6359999977285,0.6629999988945201,2.902599997469224,True,270.0925201822318
RSA+AES-256,500,2,121,427.20149999513524,0.6569000033778138,2.8707000019494444,True,270.0925201822318
RSA+AES-256,500,2,122,653.8630999930319,0.7024000005912967,2.9749999957857653,True,270.0925201822318
RSA+AES-256,500,2,123,1601.0453999988385,0.6722999969497323,3.195099998265505,True,270.0925201822318
RSA+AES-256,500,2,124,1293.1638000009116,0.6947000001673587,3.0838000020594336,True,270.0925201822318
RSA+AES-256,500,2,125,428.35940000077244,0.6674000032944605,2.9731999966315925,True,270.0925201822318
RSA+AES-256,500,2,126,351.82970000460045,0.6151999987196177,2.9060000015306287,True,270.0925201822318
RSA+AES-256,500,2,127,1559.7592999984045,0.6824000010965392,2.9998000027262606,True,270.0925201822318
RSA+AES-256,500,2,128,619.7939999983646,0.6894999969517812,2.973399998154491,True,270.0925201822318
RSA+AES-256,500,2,129,2085.2653000038117,0.6858000051579438,2.965599996969104,True,270.0925201822318
RSA+AES-256,500,2,130,365.9770000012941,0.6723000042256899,2.9672000018763356,True,270.0925201822318
RSA+AES-256,500,2,131,645.1054999997723,0.6592999998247251,2.934000003733672,True,270.0925201822318
RSA+AES-256,500,2,132,500.23420000070473,0.6791000050725415,2.9108000017004088,True,270.0925201822318
RSA+AES-256,500,2,133,2103.739400001359,0.6705999985570088,2.8850000016973354,True,270.0925201822318
RSA+AES-256,500,2,134,619.2330999983824,0.6152000059955753,2.987500003655441,True,270.0925201822318
RSA+AES-256,500,2,135,249.2294000039692,0.6644000022788532,3.0067000043345615,True,270.0925201822318
RSA+AES-256,500,2,136,642.2364000027301,0.6474999972851947,2.9121000043232925,True,270.0925201822318
RSA+AES-256,500,2,137,1018.5088000071119,0.6976000004215166,3.215600001567509,True,270.0925201822318
RSA+AES-256,500,2,138,286.7314000031911,0.6349000032059848,2.9169000044930726,True,270.0925201822318
RSA+AES-256,500,2,139,857.1001000018441,0.6770000036340207,2.9227000050013885,True,270.0925201822318
RSA+AES-256,500,2,140,1179.8792999979923,0.7429000033880584,2.993000001879409,True,270.0925201822318
RSA+AES-256,500,2,141,1999.689500000386,0.683899997966364,2.908700000261888,True,270.0925201822318
RSA+AES-256,500,2,142,143.54160000220872,0.661899997794535,2.9763999991700985,True,270.0925201822318
RSA+AES-256,500,2,143,1015.212900005281,0.6127000015112571,2.9522999975597486,True,270.0925201822318
RSA+AES-256,500,2,144,519.2389000003459,0.6744999991497025,2.9198999982327223,True,270.0925201822318
RSA+AES-256,500,2,145,161.7718999987119,0.6968999950913712,2.9781999983242713,True,270.0925201822318
RSA+AES-256,500,2,146,561.9769000040833,0.6744999991497025,3.0191000041668303,True,270.0925201822318
RSA+AES-256,500,2,147,211.5131000027759,0.6205999961821362,2.9089999952702783,True,270.0925201822318
RSA+AES-256,500,2,148,328.8657000011881,0.6587999960174784,2.899500002968125,True,270.0925201822318
RSA+AES-256,500,2,149,1004.809899997781,0.6940999955986626,2.9376999955275096,True,270.0925201822318
RSA+AES-256,500,2,150,1605.6547999978648,0.6377000026986934,2.970899993670173,True,270.0925201822318
RSA+AES-256,500,2,151,820.2925000005052,0.6596000021090731,2.958299999590963,True,270.0925201822318
RSA+AES-256,500,2,152,1047.9790000026696,0.6668999994872138,2.919099999417085,True,270.0925201822318
RSA+AES-256,500,2,153,878.0595999996876,0.661700003547594,2.881899999920279,True,270.0925201822318
RSA+AES-256,500,2,154,168.9819000021089,0.6122999984654598,3.0450999984168448,True,270.0925201822318
RSA+AES-256,500,2,155,611.3796000063303,0.6225999968592077,2.9877999986638315,True,270.0925201822318
RSA+AES-256,500,2,156,369.63709999690764,0.644800005829893,3.1539999981760047,True,270.0925201822318
RSA+AES-256,500,2,157,627.7885000017704,0.8520999981556088,3.258199998526834,True,270.0925201822318
RSA+AES-256,500,2,158,735.5566999976872,0.6326000002445653,3.023999997822102,True,270.0925201822318
RSA+AES-256,500,2,159,745.2037999973982,0.8610000004409812,3.006600003573112,True,270.0925201822318
RSA+AES-256,500,2,160,103.09910000069067,0.6066999994800426,2.9716999997617677,True,270.0925201822318
RSA+AES-256,500,2,161,1425.1896999994642,0.6901000015204772,3.02949999604607,True,270.0925201822318
RSA+AES-256,500,2,162,602.6457000043592,0.662000005831942,2.9785000006086193,True,270.0925201822318
RSA+AES-256,500,2,163,170.03419999673497,0.6960999962757342,2.959400000690948,True,270.0925201822318
RSA+AES-256,500,2,164,489.0421999953105,0.6887000054121017,2.948399996967055,True,270.0925201822318
RSA+AES-256,500,2,165,573.4932999985176,0.6255000043893233,2.9950000025564805,True,270.0925201822318
RSA+AES-256,500,2,166,728.2118000002811,0.6697999997413717,2.9576000015367754,True,270.0925201822318
RSA+AES-256,500,2,167,663.942599996517,0.6592999998247251,2.977399999508634,True,270.0925201822318
RSA+AES-256,500,2,168,1448.5744000048726,0.6601999994018115,2.8802000015275553,True,270.0925201822318
RSA+AES-256,500,2,169,454.391500003112,0.6798000031267293,2.9858999987482093,True,270.0925201822318
RSA+AES-256,500,2,170,405.51110000524204,0.6586000017705373,2.986400002555456,True,270.0925201822318
RSA+AES-256,500,2,171,991.3933999996516,0.6775000001653098,2.955900003144052,True,270.0925201822318
RSA+AES-256,500,2,172,559.9908000003779,0.5985000025248155,2.9739999954472296,True,270.0925201822318
RSA+AES-256,500,2,173,990.9762000024784,0.6110999966040254,2.97839999984717,True,270.0925201822318
RSA+AES-256,500,2,174,1152.496800001245,0.6785000005038455,2.9555000000982545,True,270.0925201822318
RSA+AES-256,500,2,175,613.1595999977435,0.6776000009267591,2.938099998573307,True,270.0925201822318
RSA+AES-256,500,2,176,947.7540000007139,0.6756000002496876,2.9778000025544316,True,270.0925201822318
RSA+AES-256,500,2,177,779.4899000000441,0.6657999983872287,2.969099994516,True,270.0925201822318
RSA+AES-256,500,2,178,503.97499999962747,0.6606999959331006,2.9503000041586347,True,270.0925201822318
RSA+AES-256,500,2,179,440.68410000181757,0.6699000005028211,2.978700002131518,True,270.0925201822318
RSA+AES-256,500,2,180,449.69050000509014,0.6725999992340803,3.136899998935405,True,270.0925201822318
RSA+AES-256,500,2,181,208.42860000266228,0.6483000033767894,2.9972999982419424,True,270.0925201822318
RSA+AES-256,500,2,182,978.0287000030512,0.7066000034683384,2.961599995614961,True,270.0925201822318
RSA+AES-256,500,2,183,405.9198999966611,0.6399999983841553,2.9050999946775846,True,270.0925201822318
RSA+AES-256,500,2,184,493.3736999955727,0.6828000041423365,2.925900000263937,True,270.0925201822318
RSA+AES-256,500,2,185,675.9265000000596,0.6510000021080486,3.0746999982511625,True,270.0925201822318
RSA+AES-256,500,2,186,603.0754999956116,0.6572999991476536,2.918300000601448,True,270.0925201822318
RSA+AES-256,500,2,187,1563.156700001855,0.6789000035496429,2.968900000269059,True,270.0925201822318
RSA+AES-256,500,2,188,628.3247000028496,0.6584999937331304,2.8657000002567656,True,270.0925201822318
RSA+AES-256,500,2,189,1454.8555000001215,0.6513000043923967,3.2817000028444454,True,270.0925201822318
RSA+AES-256,500,2,190,938.4491999953752,0.6505999990622513,2.905000001192093,True,270.0925201822318
RSA+AES-256,500,2,191,522.9906000022311,0.6596999955945648,2.8887000007671304,True,270.0925201822318
RSA+AES-256,500,2,192,1160.850299995218,0.671899993903935,2.949300003820099,True,270.0925201822318
RSA+AES-256,500,2,193,433.146499999566,0.6723999977111816,2.956599993922282,True,270.0925201822318
RSA+AES-256,500,2,194,253.51680000312626,0.6753999987267889,2.870600001187995,True,270.0925201822318
RSA+AES-256,500,2,195,539.6371000024374,0.6933000040589832,3.0084999962127768,True,270.0925201822318
RSA+AES-256,500,2,196,576.0267000005115,0.6139000033726916,2.93729999975767,True,270.0925201822318
RSA+AES-256,500,2,197,492.5946000003023,0.5976000029477291,2.914600001531653,True,270.0925201822318
RSA+AES-256,500,2,198,618.6588999989908,0.6433000016841106,2.881200001866091,True,270.0925201822318
RSA+AES-256,500,2,199,497.3762999943574,0.6139999968581833,2.9682000022148713,True,270.0925201822318
RSA+AES-256,500,2,200,567.4618999983068,0.639899997622706,2.91319999814732,True,270.0925201822318
RSA+AES-256,500,2,201,1084.7678999998607,0.6638000049861148,2.8708999961963855,True,270.0925201822318
RSA+AES-256,500,2,202,1117.9237999967881,0.6372999996528961,2.9405999957816675,True,270.0925201822318
RSA+AES-256,500,2,203,519.6244000035222,0.6922999964444898,2.9555999935837463,True,270.0925201822318
RSA+AES-256,500,2,204,788.3512999978848,0.6179999982123263,3.013900000951253,True,270.0925201822318
RSA+AES-256,500,2,205,288.8078999967547,0.6928000002517365,2.9500000018742867,True,270.0925201822318
RSA+AES-256,500,2,206,160.4804000016884,0.650199996016454,2.9521000033128075,True,270.0925201822318
RSA+AES-256,500,2,207,422.19309999927646,0.662800004647579,2.9901999951107427,True,270.0925201822318
RSA+AES-256,500,2,208,1656.5240999989328,0.8190000007743947,3.0222999994293787,True,270.0925201822318
RSA+AES-256,500,2,209,982.2211999999126,0.6839999987278134,2.9198999982327223,True,270.0925201822318
RSA+AES-256,500,2,210,168.4361000006902,0.7081000003381632,3.0144000047584996,True,270.0925201822318
RSA+AES-256,500,2,211,600.3972000034992,0.6502000032924116,2.936100005172193,True,270.0925201822318
RSA+AES-256,500,2,212,269.88510000228416,0.6692000024486333,2.904499997384846,True,270.0925201822318
RSA+AES-256,500,2,213,1190.1528000016697,0.7002999991527759,2.926200002548285,True,270.0925201822318
RSA+AES-256,500,2,214,636.7773000019952,0.6174000009195879,2.9719000012846664,True,270.0925201822318
RSA+AES-256,500,2,215,452.89140000386396,0.6690999944112264,2.88360000558896,True,270.0925201822318
RSA+AES-256,500,2,216,670.4533000010997,0.6904000038048252,3.2701999953133054,True,270.0925201822318
RSA+AES-256,500,2,217,77.56520000111777,0.5859999946551397,3.0298999990918674,True,270.0925201822318
RSA+AES-256,500,2,218,984.778500001994,0.7016000017756596,3.0091000007814728,True,270.0925201822318
RSA+AES-256,500,2,219,1262.4715000056312,0.6968999950913712,2.926699999079574,True,270.0925201822318
RSA+AES-256,500,2,220,389.9419000008493,0.6462000019382685,2.9161999991629273,True,270.0925201822318
RSA+AES-256,500,2,221,1234.3164999983856,0.6684000036329962,2.9371999989962205,True,270.0925201822318
RSA+AES-256,500,2,222,715.2079000006779,0.6855000028735958,2.92730000364827,True,270.0925201822318
RSA+AES-256,500,2,223,1023.5367999994196,0.6882000016048551,3.0000000042491592,True,270.0925201822318
RSA+AES-256,500,2,224,490.29130000417354,0.6780000039725564,2.961999998660758,True,270.0925201822318
RSA+AES-256,500,2,225,750.2603000029922,0.7143000038922764,2.9730000023846515,True,270.0925201822318
RSA+AES-256,500,2,226,687.9874000005657,0.6599999978789128,2.967000000353437,True,270.0925201822318
RSA+AES-256,500,2,227,712.4480999991647,0.6609000047319569,2.9338000022107735,True,270.0925201822318
RSA+AES-256,500,2,228,450.1511999987997,0.6357999955071136,2.914699995017145,True,270.0925201822318
RSA+AES-256,500,2,229,867.0646999962628,0.6500000017695129,2.9012999948463403,True,270.0925201822318
RSA+AES-256,500,2,230,153.1717000034405,0.6206000034580939,3.200500003003981,True,270.0925201822318
RSA+AES-256,500,2,231,851.8390000026557,0.6712000031257048,3.010699998412747,True,270.0925201822318
RSA+AES-256,500,2,232,754.7422999996343,0.6525999997393228,2.8968999977223575,True,270.0925201822318
RSA+AES-256,500,2,233,1165.9245999981067,0.6729000015184283,2.9632000005221926,True,270.0925201822318
RSA+AES-256,500,2,234,548.2704999958514,0.6520000024465844,2.873500001442153,True,270.0925201822318
RSA+AES-256,500,2,235,756.0865999985253,0.661599995510187,2.9177999967942014,True,270.0925201822318
RSA+AES-256,500,2,236,1588.5359000021708,0.6883999958517961,3.217500001483131,True,270.0925201822318
RSA+AES-256,500,2,237,151.29599999636412,0.6128999957581982,2.9617000036523677,True,270.0925201822318
RSA+AES-256,500,2,238,259.69139999506297,0.5992000005790032,2.982899997732602,True,270.0925201822318
RSA+AES-256,500,2,239,952.4808999995003,0.6508999940706417,2.897600003052503,True,270.0925201822318
RSA+AES-256,500,2,240,179.80879999959143,0.6751000037183985,2.930399998149369,True,270.0925201822318
RSA+AES-256,500,2,241,1413.0551000052947,0.6913999968674034,2.9577999957837164,True,270.0925201822318
RSA+AES-256,500,2,242,507.52559999818914,0.6739999953424558,3.247700005886145,True,270.0925201822318
RSA+AES-256,500,2,243,600.5841999940458,0.6723999977111816,3.0188000018824823,True,270.0925201822318
RSA+AES-256,500,2,244,141.86329999938607,0.6477999995695427,2.9348000025493093,True,270.0925201822318
RSA+AES-256,500,2,245,482.3037999958615,0.720199997886084,2.9810999985784292,True,270.0925201822318
RSA+AES-256,500,2,246,226.72880000027362,0.6372999996528961,2.882899992982857,True,270.0925201822318
RSA+AES-256,500,2,247,490.1341000004322,0.6549000027007423,2.9166000022087246,True,270.0925201822318
RSA+AES-256,500,2,248,160.59459999814862,0.6670000002486631,2.9093999983160757,True,270.0925201822318
RSA+AES-256,500,2,249,1482.5801000042702,0.7081000003381632,3.2082999969134107,True,270.0925201822318
RSA+AES-256,500,2,250,735.7656000021962,0.6677999990643002,2.983899998071138,True,270.0925201822318
RSA+AES-256,500,2,251,1375.2375999974902,0.6759999960195273,2.942899998743087,True,270.0925201822318
RSA+AES-256,500,2,252,810.85819999862,0.607400004810188,2.9530999963753857,True,270.0925201822318
RSA+AES-256,500,2,253,3374.7415999969235,0.6633000011788681,2.9464999970514327,True,270.0925201822318
RSA+AES-256,500,2,254,1526.345999998739,0.6776000009267591,2.894899997045286,True,270.0925201822318
RSA+AES-256,500,2,255,1701.0850999940885,0.6238999994820915,2.945499996712897,True,270.0925201822318
RSA+AES-256,500,2,256,727.3624000008567,0.665100000333041,2.9850999999325722,True,270.0925201822318
RSA+AES-256,500,2,257,443.863100001181,0.6281000023591332,3.0005000007804483,True,270.0925201822318
RSA+AES-256,500,2,258,1111.53600000398,0.6735999995726161,2.9899000001023524,True,270.0925201822318
RSA+AES-256,500,2,259,501.5004000015324,0.6751999972038902,3.133800004434306,True,270.0925201822318
RSA+AES-256,500,2,260,390.20909999817377,0.6670000002486631,2.9696000055992045,True,270.0925201822318
RSA+AES-256,500,2,261,1748.9187000028323,0.7628999956068583,3.148100004182197,True,270.0925201822318
RSA+AES-256,500,2,262,160.33470000547823,0.6748000014340505,3.1358999985968694,True,270.0925201822318
RSA+AES-256,500,2,263,470.4505999980029,0.7146000061766244,3.184799999871757,True,270.0925201822318
RSA+AES-256,500,2,264,416.4727000024868,0.6830999991507269,3.050699997402262,True,270.0925201822318
RSA+AES-256,500,2,265,1296.6396000047098,0.6831000064266846,3.0158999943523668,True,270.0925201822318
RSA+AES-256,500,2,266,743.6406999986502,0.651299997116439,2.893299999414012,True,270.0925201822318
RSA+AES-256,500,2,267,403.1438000019989,0.6966000000829808,3.009299995028414,True,270.0925201822318
RSA+AES-256,500,2,268,1470.3166000035708,0.702000004821457,3.079599999182392,True,270.0925201822318
RSA+AES-256,500,2,269,650.2123000027495,0.6739999953424558,2.989600005093962,True,270.0925201822318
RSA+AES-256,500,2,270,292.862200003583,0.6639999992330559,2.947599998151418,True,270.0925201822318
RSA+AES-256,500,2,271,1229.1006999948877,0.672499998472631,2.999299998919014,True,270.0925201822318
RSA+AES-256,500,2,272,123.7187000006088,0.6425000028684735,2.999600001203362,True,270.0925201822318
RSA+AES-256,500,2,273,913.66339999513,0.6559999965247698,2.915299999585841,True,270.0925201822318
RSA+AES-256,500,2,274,349.39229999872623,0.6862999944132753,3.003300000273157,True,270.0925201822318
RSA+AES-256,500,2,275,572.8801000004751,0.6844000017736107,2.932299998064991,True,270.0925201822318
RSA+AES-256,500,2,276,552.12959999335,0.6645999965257943,3.010500004165806,True,270.0925201822318
RSA+AES-256,500,2,277,1036.4291999940178,0.6780999974580482,2.9833000007783994,True,270.0925201822318
RSA+AES-256,500,2,278,195.47139999485807,0.6443000020226464,2.8718999965349212,True,270.0925201822318
RSA+AES-256,500,2,279,180.25939999643015,0.6399999983841553,3.015300004335586,True,270.0925201822318
RSA+AES-256,500,2,280,1591.6234999967855,0.6797999958507717,3.03880000137724,True,270.0925201822318
RSA+AES-256,500,2,281,407.76090000144904,0.6417000040528364,2.953499999421183,True,270.0925201822318
RSA+AES-256,500,2,282,793.2660000005853,0.5999999993946403,2.9719000012846664,True,270.0925201822318
RSA+AES-256,500,2,283,735.7553000038024,0.6883999958517961,2.8843000036431476,True,270.0925201822318
RSA+AES-256,500,2,284,1116.3658000004943,0.668499997118488,2.9386000023805536,True,270.0925201822318
RSA+AES-256,500,2,285,1253.1158000056166,0.6454000031226315,2.905499997723382,True,270.0925201822318
RSA+AES-256,500,2,286,419.0852999963681,0.6703000035486184,2.9708000001846813,True,270.0925201822318
RSA+AES-256,500,2,287,1198.7408999993932,0.6527000005007721,2.904699998907745,True,270.0925201822318
RSA+AES-256,500,2,288,2179.7951999978977,0.8852999962982722,4.120099998544902,True,270.0925201822318
RSA+AES-256,500,2,289,1302.3391000024276,0.7056999966152944,3.121499998087529,True,270.0925201822318
RSA+AES-256,500,2,290,1669.2304000025615,0.7039000047370791,2.9667999988305382,True,270.0925201822318
RSA+AES-256,500,2,291,1293.3380999966175,0.6747000006726012,2.8491000048234127,True,270.0925201822318
RSA+AES-256,500,2,292,522.8428999980679,0.6961999970371835,2.8964000011910684,True,270.0925201822318
RSA+AES-256,500,2,293,1226.2895999956527,0.6705999985570088,2.914299999247305,True,270.0925201822318
RSA+AES-256,500,2,294,368.08079999900656,0.6694999974570237,2.8684999997494742,True,270.0925201822318
RSA+AES-256,500,2,295,326.301399996737,0.6637999977101572,2.8620000011869706,True,270.0925201822318
RSA+AES-256,500,2,296,485.31650000222726,0.6502000032924116,2.966300002299249,True,270.0925201822318
RSA+AES-256,500,2,297,1050.926799995068,0.6771999978809617,2.941300001111813,True,270.0925201822318
RSA+AES-256,500,2,298,613.0723000023863,0.6925000052433461,2.974399998493027,True,270.0925201822318
RSA+AES-256,500,2,299,1175.5733000027249,0.6866999974590726,2.9571000050054863,True,270.0925201822318
RSA+AES-256,500,2,300,850.242900000012,0.69449999864446,2.997800002049189,True,270.0925201822318
RSA+AES-256,500,2,301,309.615300000587,0.6885000038892031,2.886700000090059,True,270.0925201822318
RSA+AES-256,500,2,302,1294.1476000050898,0.8476000002701767,2.8913999994983897,True,270.0925201822318
RSA+AES-256,500,2,303,894.3629000059445,0.6972000046516769,3.122599999187514,True,270.0925201822318
RSA+AES-256,500,2,304,882.6021000058972,0.6683000028715469,2.9850999999325722,True,270.0925201822318
RSA+AES-256,500,2,305,1025.0248000011197,0.6786000012652948,2.9015999971306883,True,270.0925201822318
RSA+AES-256,500,2,306,448.25809999747435,0.7003999999142252,2.9847000041627325,True,270.0925201822318
RSA+AES-256,500,2,307,1392.2034999995958,0.6752999979653396,2.976499999931548,True,270.0925201822318
RSA+AES-256,500,2,308,865.582300000824,0.65819999872474,2.9118999955244362,True,270.0925201822318
RSA+AES-256,500,2,309,252.56059999810532,0.8088999966275878,3.003600002557505,True,270.0925201822318
RSA+AES-256,500,2,310,646.2774999963585,0.6757000010111369,2.953499999421183,True,270.0925201822318
RSA+AES-256,500,2,311,1076.15220000298,0.6206000034580939,3.005200000188779,True,270.0925201822318
RSA+AES-256,500,2,312,417.94819999631727,0.661899997794535,2.9580999980680645,True,270.0925201822318
RSA+AES-256,500,2,313,256.12309999996796,0.6884000031277537,3.0002999992575496,True,270.0925201822318
RSA+AES-256,500,2,314,1165.1813999997103,0.669299995934125,2.9762000049231574,True,270.0925201822318
RSA+AES-256,500,2,315,422.24780000105966,0.6807999961893074,3.0097999988356605,True,270.0925201822318
RSA+AES-256,500,2,316,278.1440999970073,0.6088999944040552,3.056100002140738,True,270.0925201822318
RSA+AES-256,500,2,317,1245.68420000287,0.6989000030444004,2.985300001455471,True,270.0925201822318
RSA+AES-256,500,2,318,1548.690000003262,0.6758000017725863,2.9840999995940365,True,270.0925201822318
RSA+AES-256,500,2,319,287.94919999927515,0.6576000014320016,3.0009999973117374,True,270.0925201822318
RSA+AES-256,500,2,320,1576.9672999958857,0.6856999971205369,2.9301999966264702,True,270.0925201822318
RSA+AES-256,500,2,321,751.4382000008482,0.6419999990612268,2.912899995862972,True,270.0925201822318
RSA+AES-256,500,2,322,618.480000004638,0.6775999936508015,2.9684999972232617,True,270.0925201822318
RSA+AES-256,500,2,323,705.6072000050335,0.7668999969610013,2.8946000020368956,True,270.0925201822318
RSA+AES-256,500,2,324,1437.7472999985912,0.6714000046486035,3.0108999999356456,True,270.0925201822318
RSA+AES-256,500,2,325,610.4201999987708,0.6747000006726012,2.9543999989982694,True,270.0925201822318
RSA+AES-256,500,2,326,1070.9792000052403,0.665100000333041,2.9477999996743165,True,270.0925201822318
RSA+AES-256,500,2,327,1178.6965999999666,0.6057999999029562,3.043299999262672,True,270.0925201822318
RSA+AES-256,500,2,328,726.0251999978209,0.6757999944966286,2.9477999996743165,True,270.0925201822318
RSA+AES-256,500,2,329,373.3520999958273,0.6463999961852096,2.953999995952472,True,270.0925201822318
RSA+AES-256,500,2,330,822.5840000013704,0.7330000007641502,3.072099993005395,True,270.0925201822318
RSA+AES-256,500,2,331,652.3384000029182,0.6480000010924414,2.9720000020461157,True,270.0925201822318
RSA+AES-256,500,2,332,1041.017199997441,0.6492999964393675,2.9170999987400137,True,270.0925201822318
RSA+AES-256,500,2,333,2466.4632999993046,0.7001999983913265,3.0285999964689836,True,270.0925201822318
RSA+AES-256,500,2,334,1875.7618000017828,0.7208999959402718,3.4832999954232946,True,270.0925201822318
RSA+AES-256,500,2,335,953.2801999957883,0.6309000018518418,3.006800005096011,True,270.0925201822318
RSA+AES-256,500,2,336,288.02559999894584,0.6955000062589534,2.997199997480493,True,270.0925201822318
RSA+AES-256,500,2,337,340.88279999559745,0.665899999148678,2.9815000016242266,True,270.0925201822318
RSA+AES-256,500,2,338,761.957100003201,0.6133999995654449,2.9378000035649166,True,270.0925201822318
RSA+AES-256,500,2,339,554.3407000004663,0.680800003465265,2.8985000026295893,True,270.0925201822318
RSA+AES-256,500,2,340,319.3725000019185,0.6594000005861744,2.9275999986566603,True,270.0925201822318
RSA+AES-256,500,2,341,973.9939999999478,0.6176000024424866,2.9231000007712282,True,270.0925201822318
RSA+AES-256,500,2,342,149.37440000358038,0.6549999961862341,3.0093000023043714,True,270.0925201822318
RSA+AES-256,500,2,343,1049.6263999957591,0.8681999970576726,3.020100004505366,True,270.0925201822318
RSA+AES-256,500,2,344,596.7762000000221,0.6506999998237006,3.083100004005246,True,270.0925201822318
RSA+AES-256,500,2,345,193.2059999962803,0.6958999947528355,2.961899997899309,True,270.0925201822318
RSA+AES-256,500,2,346,749.3923000001814,0.6518000009236857,2.964100000099279,True,270.0925201822318
RSA+AES-256,500,2,347,430.64989999402314,0.6772999986424111,2.966800006106496,True,270.0925201822318
RSA+AES-256,500,2,348,1515.7726999968872,0.6957000005058944,3.068000005441718,True,270.0925201822318
RSA+AES-256,500,2,349,874.8641999991378,0.6926999994902872,2.9139000034774654,True,270.0925201822318
RSA+AES-256,500,2,350,379.5985000033397,0.6795000008423813,2.962200000183657,True,270.0925201822318
RSA+AES-256,500,2,351,270.1551999998628,0.6627000038861297,2.8769999989890493,True,270.0925201822318
RSA+AES-256,500,2,352,506.8351000008988,0.6821999995736405,2.9719000012846664,True,270.0925201822318
RSA+AES-256,500,2,353,1563.5786999991979,0.8063999994192272,3.6000000036437996,True,270.0925201822318
RSA+AES-256,500,2,354,872.4507999941125,0.7072000007610768,4.05740000132937,True,270.0925201822318
RSA+AES-256,500,2,355,360.7362999973702,0.6422999940696172,2.993499998410698,True,270.0925201822318
RSA+AES-256,500,2,356,688.4968000013032,0.6936999998288229,3.024999998160638,True,270.0925201822318
RSA+AES-256,500,2,357,126.54340000153752,0.6110000031185336,3.0507999981637113,True,270.0925201822318
RSA+AES-256,500,2,358,739.279199995508,0.6911999953445047,3.0112000022199936,True,270.0925201822318
RSA+AES-256,500,2,359,1191.7557999986457,0.6733999980497174,2.975199997308664,True,270.0925201822318
RSA+AES-256,500,2,360,1172.121600000537,0.6615000020246953,2.856699997209944,True,270.0925201822318
RSA+AES-256,500,2,361,173.48170000332175,0.6194000015966594,2.921000006608665,True,270.0925201822318
RSA+AES-256,500,2,362,207.93419999972684,0.6796999950893223,3.003900004841853,True,270.0925201822318
RSA+AES-256,500,2,363,890.7397000002675,0.6872000012663193,2.8959000046597794,True,270.0925201822318
RSA+AES-256,500,2,364,597.7197999964119,0.60710000252584,2.9662000015378,True,270.0925201822318
RSA+AES-256,500,2,365,1227.8425999975298,0.7140000016079284,2.9690000010305084,True,270.0925201822318
RSA+AES-256,500,2,366,132.34820000070613,0.6113999988883734,2.9291999962879345,True,270.0925201822318
RSA+AES-256,500,2,367,359.5915000041714,0.6732000038027763,3.245499996410217,True,270.0925201822318
RSA+AES-256,500,2,368,65.65390000469051,0.6584999937331304,3.0065999962971546,True,270.0925201822318
RSA+AES-256,500,2,369,886.2387999979546,0.6054999976186082,3.056599998672027,True,270.0925201822318
RSA+AES-256,500,2,370,463.57529999659164,0.6829000049037859,3.002199999173172,True,270.0925201822318
RSA+AES-256,500,2,371,1139.871100000164,0.6663999956799671,3.0266999965533614,True,270.0925201822318
RSA+AES-256,500,2,372,247.70539999735774,0.654499999654945,3.0394999994314276,True,270.0925201822318
RSA+AES-256,500,2,373,1387.6966999960132,0.6878000058350153,2.8741999994963408,True,270.0925201822318
RSA+AES-256,500,2,374,753.2892000017455,0.691100001859013,3.0412999985856004,True,270.0925201822318
RSA+AES-256,500,2,375,1043.0485999968369,0.6817000030423515,3.003600002557505,True,270.0925201822318
RSA+AES-256,500,2,376,407.5093999999808,0.6955999997444451,3.0131999956211075,True,270.0925201822318
RSA+AES-256,500,2,377,1401.3190000041504,0.6450000000768341,2.948699999251403,True,270.0925201822318
RSA+AES-256,500,2,378,380.8074000044144,0.6565000003320165,2.942400002211798,True,270.0925201822318
RSA+AES-256,500,2,379,1960.347100000945,0.6699000005028211,2.948699999251403,True,270.0925201822318
RSA+AES-256,500,2,380,806.2535999997635,0.6589000040548854,2.977100004500244,True,270.0925201822318
RSA+AES-256,500,2,381,426.99849999917205,0.7026000021141954,2.971499998238869,True,270.0925201822318
RSA+AES-256,500,2,382,92.86010000505485,0.6651999938185327,2.9976000005262904,True,270.0925201822318
RSA+AES-256,500,2,383,408.5403000062797,0.6819999980507419,2.9544999997597188,True,270.0925201822318
RSA+AES-256,500,2,384,269.745999998122,0.6649999995715916,2.9726000066148117,True,270.0925201822318
RSA+AES-256,500,2,385,1641.1573000004864,0.6547000011778437,2.85279999661725,True,270.0925201822318
RSA+AES-256,500,2,386,344.34560000227066,0.6098000012570992,2.960099998745136,True,270.0925201822318
RSA+AES-256,500,2,387,287.42700000293553,0.6820000053266995,2.8776000035577454,True,270.0925201822318
RSA+AES-256,500,2,388,318.6160999975982,0.6355000004987232,2.8921999983140267,True,270.0925201822318
RSA+AES-256,500,2,389,2339.995299997099,0.6142000056570396,2.9442999948514625,True,270.0925201822318
RSA+AES-256,500,2,390,297.5688000005903,0.6528999947477132,2.857100000255741,True,270.0925201822318
RSA+AES-256,500,2,391,304.86409999866737,0.6312999976216815,3.42399999499321,True,270.0925201822318
RSA+AES-256,500,2,392,1573.3301999935065,0.6126999942352995,2.943200001027435,True,270.0925201822318
RSA+AES-256,500,2,393,728.2445999953779,0.6609000047319569,2.940999998827465,True,270.0925201822318
RSA+AES-256,500,2,394,634.8192000004929,0.6744999991497025,2.989000000525266,True,270.0925201822318
RSA+AES-256,500,2,395,853.6477000016021,0.705899998138193,3.1888000012259,True,270.0925201822318
RSA+AES-256,500,2,396,2359.6470999982557,0.6567000018549152,2.903699998569209,True,270.0925201822318
RSA+AES-256,500,2,397,2097.3904999991646,0.6625999958487228,2.8982000003452413,True,270.0925201822318
RSA+AES-256,500,2,398,193.445699995209,0.6678000063402578,3.0760000008740462,True,270.0925201822318
RSA+AES-256,500,2,399,1275.6865999981528,0.6138000026112422,3.1067999952938408,True,270.0925201822318
RSA+AES-256,500,2,400,1194.9993000016548,0.7267000037245452,2.9544999997597188,True,270.0925201822318
RSA+AES-256,500,2,401,1914.2036000048392,0.6611999997403473,2.9714000047533773,True,270.0925201822318
RSA+AES-256,500,2,402,1762.6885999998194,0.7011999987298623,2.9412000003503636,True,270.0925201822318
RSA+AES-256,500,2,403,762.5561000022572,0.6699000005028211,2.9125000000931323,True,270.0925201822318
RSA+AES-256,500,2,404,63.53780000063125,0.6453999958466738,2.913800002716016,True,270.0925201822318
RSA+AES-256,500,2,405,648.5171000022092,0.6710000016028062,2.958699995360803,True,270.0925201822318
RSA+AES-256,500,2,406,192.65740000264486,0.6972999981371686,2.951299997221213,True,270.0925201822318
RSA+AES-256,500,2,407,587.2028000012506,0.7229999973787926,3.041500000108499,True,270.0925201822318
RSA+AES-256,500,2,408,1052.2544999985257,0.6706999993184581,3.0197000014595687,True,270.0925201822318
RSA+AES-256,500,2,409,267.11339999746997,0.6428999986383133,3.0786999996053055,True,270.0925201822318
RSA+AES-256,500,2,410,196.17100000323262,0.6166999955894426,2.885399997467175,True,270.0925201822318
RSA+AES-256,500,2,411,659.9462000012863,0.6671999944956042,2.887199996621348,True,270.0925201822318
RSA+AES-256,500,2,412,423.2186000008369,1.0820999959832989,2.9508000006899238,True,270.0925201822318
RSA+AES-256,500,2,413,132.25190000230214,0.6234000029508024,2.952700000605546,True,270.0925201822318
RSA+AES-256,500,2,414,616.6830000001937,0.6413999944925308,2.9518000010284595,True,270.0925201822318
RSA+AES-256,500,2,415,1816.2229000008665,0.6809000042267144,3.0075999966356903,True,270.0925201822318
RSA+AES-256,500,2,416,1518.9075999951456,0.6901000015204772,2.909000002546236,True,270.0925201822318
RSA+AES-256,500,2,417,235.51519999455195,0.625100001343526,2.872000004572328,True,270.0925201822318
RSA+AES-256,500,2,418,1240.4901999980211,0.6566000010934658,2.87209999805782,True,270.0925201822318
RSA+AES-256,500,2,419,421.6409000000567,0.687899999320507,3.0091999942669645,True,270.0925201822318
RSA+AES-256,500,2,420,1468.6676999990596,0.6647999980486929,2.9317999942577444,True,270.0925201822318
RSA+AES-256,500,2,421,315.0875999999698,0.6794000000809319,2.918199999839999,True,270.0925201822318
RSA+AES-256,500,2,422,324.3386999965878,0.6930999952601269,3.0742000017198734,True,270.0925201822318
RSA+AES-256,500,2,423,1408.0753000016557,0.687599997036159,2.9525999998440966,True,270.0925201822318
RSA+AES-256,500,2,424,636.4810000013676,0.6708000000799075,2.93729999975767,True,270.0925201822318
RSA+AES-256,500,2,425,635.8465000012075,0.651599999400787,2.926300003309734,True,270.0925201822318
RSA+AES-256,500,2,426,653.5790999987512,0.6913000033819117,2.9731999966315925,True,270.0925201822318
RSA+AES-256,500,2,427,672.546699999657,0.6536000000778586,2.966500003822148,True,270.0925201822318
RSA+AES-256,500,2,428,706.2315999937709,0.6405999956768937,2.9350999975576997,True,270.0925201822318
RSA+AES-256,500,2,429,1133.539499998733,0.6758000017725863,2.976299998408649,True,270.0925201822318
RSA+AES-256,500,2,430,423.6744999943767,0.6697999997413717,2.903900000092108,True,270.0925201822318
RSA+AES-256,500,2,431,1548.5337999998592,0.6595000013476238,3.005699996720068,True,270.0925201822318
RSA+AES-256,500,2,432,189.64920000144048,0.7116000051610172,2.9867999983252957,True,270.0925201822318
RSA+AES-256,500,2,433,449.1190999979153,0.661599995510187,2.928100002463907,True,270.0925201822318
RSA+AES-256,500,2,434,745.2208000031533,0.6862000009277835,2.9664999965461902,True,270.0925201822318
RSA+AES-256,500,2,435,186.32639999850653,0.6261999951675534,2.894099998229649,True,270.0925201822318
RSA+AES-256,500,2,436,168.12010000285227,0.6451999943237752,2.998199997819029,True,270.0925201822318
RSA+AES-256,500,2,437,361.5378999966197,0.626200002443511,2.966600004583597,True,270.0925201822318
RSA+AES-256,500,2,438,876.303299999563,0.7415000000037253,2.931300005002413,True,270.0925201822318
RSA+AES-256,500,2,439,263.75520000146935,0.6852000005892478,3.204200002073776,True,270.0925201822318
RSA+AES-256,500,2,440,229.4675000011921,0.6847999975434504,2.983699996548239,True,270.0925201822318
RSA+AES-256,500,2,441,1291.8060999945737,0.669400003971532,2.9973999990033917,True,270.0925201822318
RSA+AES-256,500,2,442,429.4967999958317,0.6777000016882084,3.329300001496449,True,270.0925201822318
RSA+AES-256,500,2,443,987.8979999994044,0.6081999963498674,2.9462000020430423,True,270.0925201822318
RSA+AES-256,500,2,444,656.0262999992119,0.7073000015225261,2.996899995196145,True,270.0925201822318
RSA+AES-256,500,2,445,1345.8271000054083,0.6645999965257943,2.9108999951859005,True,270.0925201822318
RSA+AES-256,500,2,446,1036.983899997722,0.7086999976309016,3.028699997230433,True,270.0925201822318
RSA+AES-256,500,2,447,482.36780000297586,0.6569000033778138,3.1302000061259605,True,270.0925201822318
RSA+AES-256,500,2,448,1050.2043000014964,0.6722000034642406,2.9253000029711984,True,270.0925201822318
RSA+AES-256,500,2,449,1250.6484999976237,0.6613000005017966,2.9203000012785196,True,270.0925201822318
RSA+AES-256,500,2,450,509.3868999974802,0.668799999402836,2.9852999941795133,True,270.0925201822318
RSA+AES-256,500,2,451,928.7326999983634,0.7088999991538003,2.984999999171123,True,270.0925201822318
RSA+AES-256,500,2,452,1119.7069999980158,0.6795000008423813,2.9114999997545965,True,270.0925201822318
RSA+AES-256,500,2,453,356.2642999968375,0.6754999994882382,2.973900001961738,True,270.0925201822318
RSA+AES-256,500,2,454,1635.5639999965206,0.7266000029630959,3.0725999968126416,True,270.0925201822318
RSA+AES-256,500,2,455,753.7613000022247,0.6576000014320016,2.9188999978941865,True,270.0925201822318
RSA+AES-256,500,2,456,777.745600003982,0.6997000018600374,2.9899000001023524,True,270.0925201822318
RSA+AES-256,500,2,457,299.93040000408655,0.6503000040538609,2.8898000018671155,True,270.0925201822318
RSA+AES-256,500,2,458,620.8406000005198,0.6693999966955744,2.911600000516046,True,270.0925201822318
RSA+AES-256,500,2,459,458.4857999943779,0.6398000041372143,2.8701999981421977,True,270.0925201822318
RSA+AES-256,500,2,460,316.20989999646554,0.6074999982956797,2.9529000021284446,True,270.0925201822318
RSA+AES-256,500,2,461,302.5603999994928,0.6637000042246655,2.8590000001713634,True,270.0925201822318
RSA+AES-256,500,2,462,613.7352000005194,0.6659999999101274,2.918199999839999,True,270.0925201822318
RSA+AES-256,500,2,463,539.8892000011983,0.6996000010985881,2.8989999991608784,True,270.0925201822318
RSA+AES-256,500,2,464,195.51079999655485,0.6248999998206273,2.9187000036472455,True,270.0925201822318
RSA+AES-256,500,2,465,178.08299999887822,0.6146000014268793,3.057400004763622,True,270.0925201822318
RSA+AES-256,500,2,466,691.5198999995482,0.6783999997423962,2.9818000039085746,True,270.0925201822318
RSA+AES-256,500,2,467,666.4065000004484,0.6450000000768341,2.8741999994963408,True,270.0925201822318
RSA+AES-256,500,2,468,2265.197900000203,0.6624000016017817,2.9511000029742718,True,270.0925201822318
RSA+AES-256,500,2,469,517.8223999973852,0.6683000028715469,2.9345000002649613,True,270.0925201822318
RSA+AES-256,500,2,470,218.49079999810783,0.6882000016048551,2.98099999781698,True,270.0925201822318
RSA+AES-256,500,2,471,830.376999998407,0.6646000038017519,2.969699999084696,True,270.0925201822318
RSA+AES-256,500,2,472,303.5046999939368,0.6423999948310666,2.888299997721333,True,270.0925201822318
RSA+AES-256,500,2,473,1448.4364000018104,0.7264000014401972,3.034100001968909,True,270.0925201822318
RSA+AES-256,500,2,474,815.7560000036028,0.6711000023642555,3.019300005689729,True,270.0925201822318
RSA+AES-256,500,2,475,1430.1224000009825,0.665100000333041,3.0578000005334616,True,270.0925201822318
RSA+AES-256,500,2,476,827.8604000006453,0.6635000027017668,3.0514000027324073,True,270.0925201822318
RSA+AES-256,500,2,477,247.27449999772944,0.6474999972851947,2.9379999978118576,True,270.0925201822318
RSA+AES-256,500,2,478,1066.380600001139,0.6573999999091029,2.9137000019545667,True,270.0925201822318
RSA+AES-256,500,2,479,456.3625000009779,0.705899998138193,3.049400002055336,True,270.0925201822318
RSA+AES-256,500,2,480,860.7023000004119,0.6783999997423962,2.947699998912867,True,270.0925201822318
RSA+AES-256,500,2,481,841.8999999994412,0.6623000008403324,2.899899998737965,True,270.0925201822318
RSA+AES-256,500,2,482,988.849699999264,0.6831000064266846,2.951200003735721,True,270.0925201822318
RSA+AES-256,500,2,483,242.05880000226898,0.7027000028756447,2.945799998997245,True,270.0925201822318
RSA+AES-256,500,2,484,754.0420000004815,0.687899999320507,3.1310999984270893,True,270.0925201822318
RSA+AES-256,500,2,485,693.7748999989708,0.6275999985518865,3.03620000340743,True,270.0925201822318
RSA+AES-256,500,2,486,903.8693999973475,0.6656999976257794,2.9988999958732165,True,270.0925201822318
RSA+AES-256,500,2,487,987.6072000042768,0.6569000033778138,2.933299998403527,True,270.0925201822318
RSA+AES-256,500,2,488,1061.8510999993305,0.6740999961039051,2.926000001025386,True,270.0925201822318
RSA+AES-256,500,2,489,531.8464000010863,0.6710999950882979,3.265700004703831,True,270.0925201822318
RSA+AES-256,500,2,490,270.26350000232924,0.6378999969456345,2.933900002972223,True,270.0925201822318
RSA+AES-256,500,2,491,2642.3209000058705,0.6723000042256899,2.9611000063596293,True,270.0925201822318
RSA+AES-256,500,2,492,504.0173000015784,0.640199999907054,2.876700003980659,True,270.0925201822318
RSA+AES-256,500,2,493,280.47309999965364,0.6025000038789585,2.9796000017086044,True,270.0925201822318
RSA+AES-256,500,2,494,320.4665999946883,0.6503999975393526,2.87430000025779,True,270.0925201822318
RSA+AES-256,500,2,495,446.63759999821195,0.6573999999091029,3.2102999975904822,True,270.0925201822318
RSA+AES-256,500,2,496,1241.313700003957,0.6883000023663044,2.9873000021325424,True,270.0925201822318
RSA+AES-256,500,2,497,582.6287000018056,0.6577999956789427,3.4487000011722557,True,270.0925201822318
RSA+AES-256,500,2,498,687.282699997013,0.6938000005902722,3.002800003741868,True,270.0925201822318
RSA+AES-256,500,2,499,604.1070999999647,0.6267999997362494,2.9561000046669506,True,270.0925201822318
RSA+AES-256,500,2,500,525.4754999987199,0.6796000016038306,3.033999993931502,True,270.0925201822318
RSA+AES-256,500,3,1,117.95390000042971,21.97829999931855,3.226699998776894,True,271.5356557809104
RSA+AES-256,500,3,2,483.196000001044,0.7579000011901371,3.2873999953153543,True,271.5356557809104
RSA+AES-256,500,3,3,665.9289000017452,0.7646000012755394,3.0728999990969896,True,271.5356557809104
RSA+AES-256,500,3,4,302.8721000009682,0.7126999989850447,3.06799999816576,True,271.5356557809104
RSA+AES-256,500,3,5,826.0727000015322,0.6809000042267144,2.9518000010284595,True,271.5356557809104
RSA+AES-256,500,3,6,664.9685999946087,0.7001000049058348,3.000400000018999,True,271.5356557809104
RSA+AES-256,500,3,7,204.0290000004461,0.6798000031267293,2.942899998743087,True,271.5356557809104
RSA+AES-256,500,3,8,1187.8142999994452,0.6671000010101125,2.9346000010264106,True,271.5356557809104
RSA+AES-256,500,3,9,395.15929999470245,0.6892000019433908,2.964100000099279,True,271.5356557809104
RSA+AES-256,500,3,10,944.0396000063629,0.7139000008464791,3.3101000008173287,True,271.5356557809104
RSA+AES-256,500,3,11,1055.2796000047238,0.7224000000860542,3.0885000014677644,True,271.5356557809104
RSA+AES-256,500,3,12,1154.7343999991426,0.6898999999975786,2.9799000039929524,True,271.5356557809104
RSA+AES-256,500,3,13,536.3414000021294,0.6542999981320463,2.890399999159854,True,271.5356557809104
RSA+AES-256,500,3,14,169.16759999730857,0.6616000027861446,2.9489000007743016,True,271.5356557809104
RSA+AES-256,500,3,15,1720.4727999996976,0.708799998392351,3.0327000058605336,True,271.5356557809104
RSA+AES-256,500,3,16,457.1709000010742,0.6675999975414015,2.8986999968765303,True,271.5356557809104
RSA+AES-256,500,3,17,953.484199999366,0.673100003041327,2.962900005513802,True,271.5356557809104
RSA+AES-256,500,3,18,486.8737999931909,0.669299995934125,2.8914999929838814,True,271.5356557809104
RSA+AES-256,500,3,19,1637.4971000041114,0.6468999999924563,2.9108000017004088,True,271.5356557809104
RSA+AES-256,500,3,20,1466.112099995371,0.6873999955132604,2.9375000012805685,True,271.5356557809104
RSA+AES-256,500,3,21,1108.441499993205,0.5858999938936904,2.951599999505561,True,271.5356557809104
RSA+AES-256,500,3,22,976.8456000019796,0.6626000031246804,2.9129999966244213,True,271.5356557809104
RSA+AES-256,500,3,23,660.4899000012665,0.6656000041402876,2.9221000004326925,True,271.5356557809104
RSA+AES-256,500,3,24,129.53040000138571,0.6481000018538907,3.133099999104161,True,271.5356557809104
RSA+AES-256,500,3,25,535.6049999973038,0.6998000026214868,2.992000001540873,True,271.5356557809104
RSA+AES-256,500,3,26,477.9259000060847,0.6759999960195273,2.9884999967180192,True,271.5356557809104
RSA+AES-256,500,3,27,766.9288000033703,0.6506999998237006,3.024600002390798,True,271.5356557809104
RSA+AES-256,500,3,28,1210.085300001083,0.7035000016912818,2.9641999935847707,True,271.5356557809104
RSA+AES-256,500,3,29,455.7806999946479,0.6694999974570237,3.0011000053491443,True,271.5356557809104
RSA+AES-256,500,3,30,673.8813999982085,0.6943999978830107,2.9749000023002736,True,271.5356557809104
RSA+AES-256,500,3,31,439.83749999460997,0.6572999991476536,2.87430000025779,True,271.5356557809104
RSA+AES-256,500,3,32,395.5310999954236,0.6817999965278432,2.97839999984717,True,271.5356557809104
RSA+AES-256,500,3,33,548.7129999964964,0.7044000012683682,2.9987000016262755,True,271.5356557809104
RSA+AES-256,500,3,34,776.3309000001755,0.6597000028705224,3.1215999988489784,True,271.5356557809104
RSA+AES-256,500,3,35,781.4994999935152,0.6715999988955446,2.9388000039034523,True,271.5356557809104
RSA+AES-256,500,3,36,665.0227999998606,0.6780999974580482,2.929299997049384,True,271.5356557809104
RSA+AES-256,500,3,37,670.5045999988215,0.6799999973736703,2.9129999966244213,True,271.5356557809104
RSA+AES-256,500,3,38,1090.0063999943086,0.7112999956007116,3.006200000527315,True,271.5356557809104
RSA+AES-256,500,3,39,540.6877999994322,0.6807000027038157,3.0900999990990385,True,271.5356557809104
RSA+AES-256,500,3,40,1769.3154999942635,0.7040999989840202,3.003300000273157,True,271.5356557809104
RSA+AES-256,500,3,41,939.7988999990048,0.6649999995715916,2.8898000018671155,True,271.5356557809104
RSA+AES-256,500,3,42,888.1895000013174,0.6733999980497174,2.962200000183657,True,271.5356557809104
RSA+AES-256,500,3,43,521.9776000012644,0.6888999996590428,3.2124999997904524,True,271.5356557809104
RSA+AES-256,500,3,44,951.4275000037742,0.6524999989778735,2.8800000000046566,True,271.5356557809104
RSA+AES-256,500,3,45,1813.4742000038386,0.6740000026184134,2.9294999985722825,True,271.5356557809104
RSA+AES-256,500,3,46,636.0345000066445,0.618500002019573,2.9761999976472,True,271.5356557809104
RSA+AES-256,500,3,47,238.34700000588782,0.6794000000809319,2.948399996967055,True,271.5356557809104
RSA+AES-256,500,3,48,371.7125999974087,0.6672000017715618,2.9484000042430125,True,271.5356557809104
RSA+AES-256,500,3,49,1703.4430999992765,0.675899995258078,2.8989999991608784,True,271.5356557809104
RSA+AES-256,500,3,50,1054.5922000019345,0.6783999997423962,2.899200000683777,True,271.5356557809104
RSA+AES-256,500,3,51,397.2442999947816,0.6565000003320165,2.900799998315051,True,271.5356557809104
RSA+AES-256,500,3,52,285.0663999997778,0.6890000004204921,2.9159999976400286,True,271.5356557809104
RSA+AES-256,500,3,53,296.37840000214055,0.6824000010965392,2.890099996875506,True,271.5356557809104
RSA+AES-256,500,3,54,369.3820999978925,0.9433000013814308,2.950100002635736,True,271.5356557809104
RSA+AES-256,500,3,55,1146.1014000014984,0.6599999978789128,2.9207999978098087,True,271.5356557809104
RSA+AES-256,500,3,56,1058.4359999993467,0.6372999996528961,2.9819999981555156,True,271.5356557809104
RSA+AES-256,500,3,57,662.6695999948424,0.6635000027017668,2.8983000011066906,True,271.5356557809104
RSA+AES-256,500,3,58,1184.7494000030565,0.6904000038048252,2.9756000003544614,True,271.5356557809104
RSA+AES-256,500,3,59,470.4182999994373,0.7108999998308718,3.0695999957970344,True,271.5356557809104
RSA+AES-256,500,3,60,568.2165999969584,0.662200000078883,2.957000004244037,True,271.5356557809104
RSA+AES-256,500,3,61,730.9004000053392,0.6296999999904074,2.9881000009481795,True,271.5356557809104
RSA+AES-256,500,3,62,429.06659999425756,0.6854000021121465,2.94469999789726,True,271.5356557809104
RSA+AES-256,500,3,63,1182.040900006541,0.6981000042287633,2.9933999976492487,True,271.5356557809104
RSA+AES-256,500,3,64,676.7846000002464,0.6807999961893074,2.9482999962056056,True,271.5356557809104
RSA+AES-256,500,3,65,514.7340999974404,0.6689000001642853,3.1941999986884184,True,271.5356557809104
RSA+AES-256,500,3,66,438.83339999592863,0.6600000051548705,2.87880000541918,True,271.5356557809104
RSA+AES-256,500,3,67,613.0905000027269,0.6970000031287782,2.9217999981483445,True,271.5356557809104
RSA+AES-256,500,3,68,278.1799000003957,0.6329000025289133,2.8781000000890344,True,271.5356557809104
RSA+AES-256,500,3,69,2737.629100003687,0.6623000008403324,3.127299998595845,True,271.5356557809104
RSA+AES-256,500,3,70,612.1796000006725,0.6976000004215166,2.8781000000890344,True,271.5356557809104
RSA+AES-256,500,3,71,1763.3649999988847,0.6463000026997179,2.9565000004367903,True,271.5356557809104
RSA+AES-256,500,3,72,325.12470000074245,0.7149000011850148,2.9725000058533624,True,271.5356557809104
RSA+AES-256,500,3,73,276.82860000641085,0.6812999999965541,2.967799999169074,True,271.5356557809104
RSA+AES-256,500,3,74,331.96399999724235,0.6992999988142401,2.897300000768155,True,271.5356557809104
RSA+AES-256,500,3,75,581.9080000001122,0.6772000051569194,3.3287999976892024,True,271.5356557809104
RSA+AES-256,500,3,76,566.2647999997716,0.6710000016028062,2.9041000016150065,True,271.5356557809104
RSA+AES-256,500,3,77,136.09269999869866,0.6528000012622215,2.998500000103377,True,271.5356557809104
RSA+AES-256,500,3,78,588.1226000055904,0.698499999998603,2.9903999966336414,True,271.5356557809104
RSA+AES-256,500,3,79,674.9124000052689,0.6772999986424111,2.959299999929499,True,271.5356557809104
RSA+AES-256,500,3,80,312.3157000009087,0.6898999999975786,2.9202000005170703,True,271.5356557809104
RSA+AES-256,500,3,81,255.28810000105295,0.6540999966091476,2.8990999999223277,True,271.5356557809104
RSA+AES-256,500,3,82,870.3552999941166,0.6582999994861893,2.9136000011931174,True,271.5356557809104
RSA+AES-256,500,3,83,1918.0758000002243,0.6572999991476536,2.8983000011066906,True,271.5356557809104
RSA+AES-256,500,3,84,1464.0002999949502,0.6712000031257048,3.090100006374996,True,271.5356557809104
RSA+AES-256,500,3,85,601.2570000020787,0.6796000016038306,3.0001999984961003,True,271.5356557809104
RSA+AES-256,500,3,86,1050.4352999996627,0.6834999949205667,2.9756000003544614,True,271.5356557809104
RSA+AES-256,500,3,87,635.6209000005038,0.7322000019485131,3.2737000001361594,True,271.5356557809104
RSA+AES-256,500,3,88,640.3277999997954,0.6950000024517067,3.0143000039970502,True,271.5356557809104
RSA+AES-256,500,3,89,613.0529000001843,0.7015000010142103,3.0247999966377392,True,271.5356557809104
RSA+AES-256,500,3,90,469.55049999814946,0.7202999986475334,3.0470999990939163,True,271.5356557809104
RSA+AES-256,500,3,91,593.7732000020333,0.687599997036159,3.04619999951683,True,271.5356557809104
RSA+AES-256,500,3,92,379.17429999652086,0.6537000008393079,2.856600003724452,True,271.5356557809104
RSA+AES-256,500,3,93,805.4795999996713,0.6804000004194677,3.0276000034064054,True,271.5356557809104
RSA+AES-256,500,3,94,2619.0887999982806,0.6847999975434504,2.9739999954472296,True,271.5356557809104
RSA+AES-256,500,3,95,138.61809999798425,0.716800001100637,2.9855999964638613,True,271.5356557809104
RSA+AES-256,500,3,96,680.2600000009988,0.738000002456829,3.017099996213801,True,271.5356557809104
RSA+AES-256,500,3,97,632.1562000011909,0.6979000027058646,2.9987000016262755,True,271.5356557809104
RSA+AES-256,500,3,98,250.25689999893075,0.6919000006746501,3.3685999951558188,True,271.5356557809104
RSA+AES-256,500,3,99,308.67679999937536,0.6692000024486333,2.988699998240918,True,271.5356557809104
RSA+AES-256,500,3,100,740.3763000038452,0.6685000043944456,2.9638000050908886,True,271.5356557809104
RSA+AES-256,500,3,101,903.1590000013239,0.6795000008423813,2.9807000028085895,True,271.5356557809104
RSA+AES-256,500,3,102,1890.721100004157,0.6920000014360994,3.097100001468789,True,271.5356557809104
RSA+AES-256,500,3,103,278.23109999735607,0.6614000012632459,2.9797999959555455,True,271.5356557809104
RSA+AES-256,500,3,104,768.4107000022777,0.6831999999121763,2.8840000013587996,True,271.5356557809104
RSA+AES-256,500,3,105,451.6204000028665,0.6238999994820915,2.9447999986587092,True,271.5356557809104
RSA+AES-256,500,3,106,846.2813000005553,0.6700999947497621,2.9603000002680346,True,271.5356557809104
RSA+AES-256,500,3,107,1350.28389999934,0.6934000048204325,2.9471000016201288,True,271.5356557809104
RSA+AES-256,500,3,108,1884.9552999963635,0.6324000059976242,2.936399992904626,True,271.5356557809104
RSA+AES-256,500,3,109,358.14980000577634,0.6583999929716811,2.9357000021263957,True,271.5356557809104
RSA+AES-256,500,3,110,1195.700800002669,0.7140999950934201,2.9910000012023374,True,271.5356557809104
RSA+AES-256,500,3,111,1608.1458000044222,0.7363999975495972,3.0005000007804483,True,271.5356557809104
RSA+AES-256,500,3,112,264.9377000052482,0.6024000031175092,2.9467999993357807,True,271.5356557809104
RSA+AES-256,500,3,113,650.8176999996067,0.6234999964362942,3.026400001544971,True,271.5356557809104
RSA+AES-256,500,3,114,1333.9985000056913,0.6708999935653992,3.201699997589458,True,271.5356557809104
RSA+AES-256,500,3,115,945.8591999937198,0.6498000002466142,2.919099999417085,True,271.5356557809104
RSA+AES-256,500,3,116,884.3282000016188,0.6865000032121316,3.0308000059449114,True,271.5356557809104
RSA+AES-256,500,3,117,411.7095999972662,0.6661000006715767,2.8762000001734123,True,271.5356557809104
RSA+AES-256,500,3,118,921.1455000040587,0.6622999935643747,2.9657999984920025,True,271.5356557809104
RSA+AES-256,500,3,119,860.4387000013958,0.673100003041327,3.003799996804446,True,271.5356557809104
RSA+AES-256,500,3,120,407.41730000445386,0.651100002869498,2.8639999945880845,True,271.5356557809104
RSA+AES-256,500,3,121,843.3577999967383,0.6642000007559545,2.948200002720114,True,271.5356557809104
RSA+AES-256,500,3,122,644.0552000058233,0.6568000026163645,2.887499998905696,True,271.5356557809104
RSA+AES-256,500,3,123,1691.3003999943612,0.665899999148678,2.9202000005170703,True,271.5356557809104
RSA+AES-256,500,3,124,1226.8048000041745,0.8046000002650544,2.9415999961202033,True,271.5356557809104
RSA+AES-256,500,3,125,1600.2338999969652,0.6406000029528514,2.9644999958691187,True,271.5356557809104
RSA+AES-256,500,3,126,1171.8164999983856,0.6204000019351952,2.9775000002700835,True,271.5356557809104
RSA+AES-256,500,3,127,947.1501000007265,0.6891000011819415,2.945600004750304,True,271.5356557809104
RSA+AES-256,500,3,128,287.286500002665,0.625599997874815,2.9324999995878898,True,271.5356557809104
RSA+AES-256,500,3,129,1329.4704999934766,0.6162999998196028,2.9357000021263957,True,271.5356557809104
RSA+AES-256,500,3,130,274.6478999979445,0.6857999978819862,2.8781000000890344,True,271.5356557809104
RSA+AES-256,500,3,131,486.0084000029019,0.6775000001653098,2.969399996800348,True,271.5356557809104
RSA+AES-256,500,3,132,2117.8508999946644,0.6600999986403622,2.911399998993147,True,271.5356557809104
RSA+AES-256,500,3,133,1036.7550000009942,0.8100999984890223,3.4701000040513463,True,271.5356557809104
RSA+AES-256,500,3,134,392.8992000001017,0.7917999973869883,3.427499999816064,True,271.5356557809104
RSA+AES-256,500,3,135,2014.3669999961276,0.6579999972018413,2.891199997975491,True,271.5356557809104
RSA+AES-256,500,3,136,491.2505999964196,0.6577000021934509,2.9136000011931174,True,271.5356557809104
RSA+AES-256,500,3,137,877.630400005728,0.6893999961903319,2.9925999988336116,True,271.5356557809104
RSA+AES-256,500,3,138,443.14359999407316,0.6773999994038604,2.8938999967067502,True,271.5356557809104
RSA+AES-256,500,3,139,155.9555999992881,0.6494999979622662,3.003799996804446,True,271.5356557809104
RSA+AES-256,500,3,140,265.9512000027462,0.6333999990602024,2.9273999971337616,True,271.5356557809104
RSA+AES-256,500,3,141,1818.6149000030127,0.7369999948423356,3.387799995834939,True,271.5356557809104
RSA+AES-256,500,3,142,284.11650000634836,0.7494999954360537,3.3308999991277233,True,271.5356557809104
RSA+AES-256,500,3,143,1029.42880000046,0.6692000024486333,3.1061999980011024,True,271.5356557809104
RSA+AES-256,500,3,144,599.4548000016948,0.6749000021954998,2.9932000034023076,True,271.5356557809104
RSA+AES-256,500,3,145,884.4041000047582,0.6723000042256899,2.973799993924331,True,271.5356557809104
RSA+AES-256,500,3,146,516.044799995143,0.659100005577784,2.990400003909599,True,271.5356557809104
RSA+AES-256,500,3,147,228.45609999785665,0.6564999930560589,2.904699998907745,True,271.5356557809104
RSA+AES-256,500,3,148,626.4964000001783,0.6882000016048551,2.890099996875506,True,271.5356557809104
RSA+AES-256,500,3,149,1273.3739000032074,0.6734999988111667,2.9018999994150363,True,271.5356557809104
RSA+AES-256,500,3,150,478.47080000065034,0.719899995601736,3.047300000616815,True,271.5356557809104
RSA+AES-256,500,3,151,514.47090000147,0.6778999959351495,3.011799999512732,True,271.5356557809104
RSA+AES-256,500,3,152,373.9579999964917,0.6826999961049296,3.2661000004736707,True,271.5356557809104
RSA+AES-256,500,3,153,519.7537999993074,0.6184999947436154,3.059800001210533,True,271.5356557809104
RSA+AES-256,500,3,154,701.108799999929,0.654199997370597,2.8653999979724176,True,271.5356557809104
RSA+AES-256,500,3,155,488.74849999992875,0.6875000035506673,2.92279999848688,True,271.5356557809104
RSA+AES-256,500,3,156,570.1543999966816,0.6710999950882979,2.9155000011087395,True,271.5356557809104
RSA+AES-256,500,3,157,226.6455999997561,0.6839999987278134,3.0585999993490987,True,271.5356557809104
RSA+AES-256,500,3,158,746.8054999990272,0.7026999955996871,2.9137000019545667,True,271.5356557809104
RSA+AES-256,500,3,159,575.4220000017085,0.6781999982194975,2.9887999990023673,True,271.5356557809104
RSA+AES-256,500,3,160,520.7850000006147,0.6646000038017519,2.9064999980619177,True,271.5356557809104
RSA+AES-256,500,3,161,1719.3144999982906,0.6833000006736256,2.9243000026326627,True,271.5356557809104
RSA+AES-256,500,3,162,63.42810000205645,0.5938000031164847,2.878600003896281,True,271.5356557809104
RSA+AES-256,500,3,163,534.5012999969185,0.6710999950882979,2.8858000005129725,True,271.5356557809104
RSA+AES-256,500,3,164,265.79299999866635,0.6771999978809617,2.977099997224286,True,271.5356557809104
RSA+AES-256,500,3,165,961.2266999974963,0.6719000011798926,2.9525999998440966,True,271.5356557809104
RSA+AES-256,500,3,166,1039.724500005832,0.6754999994882382,2.928400004748255,True,271.5356557809104
RSA+AES-256,500,3,167,2000.0415000031353,0.6532000043080188,2.885399997467175,True,271.5356557809104
RSA+AES-256,500,3,168,1290.5597999997553,0.6733999980497174,2.8943999932380393,True,271.5356557809104
RSA+AES-256,500,3,169,842.4612000017078,0.6700000012642704,2.941600003396161,True,271.5356557809104
RSA+AES-256,500,3,170,339.42849999584723,0.6590999983018264,2.9434000025503337,True,271.5356557809104
RSA+AES-256,500,3,171,1159.6920999945723,0.7053000008454546,2.9018000059295446,True,271.5356557809104
RSA+AES-256,500,3,172,319.15410000510747,0.6629999988945201,2.9508000006899238,True,271.5356557809104
RSA+AES-256,500,3,173,588.9718999969773,0.6998999961069785,2.991399996972177,True,271.5356557809104
RSA+AES-256,500,3,174,1623.6309000014444,1.0143999970750883,3.042900003492832,True,271.5356557809104
RSA+AES-256,500,3,175,318.081199999142,0.7251999995787628,2.9990000039106235,True,271.5356557809104
RSA+AES-256,500,3,176,155.16480000223964,0.6329000025289133,3.01690000196686,True,271.5356557809104
RSA+AES-256,500,3,177,1159.509099998104,0.6565000003320165,2.995400005602278,True,271.5356557809104
RSA+AES-256,500,3,178,200.0320000006468,0.6313999983831309,2.9257999995024875,True,271.5356557809104
RSA+AES-256,500,3,179,509.32209999882616,0.6502999967779033,2.889700001105666,True,271.5356557809104
RSA+AES-256,500,3,180,187.7840000015567,0.6426999971154146,2.901100000599399,True,271.5356557809104
RSA+AES-256,500,3,181,399.8204000017722,0.6534999993164092,2.9683000029763207,True,271.5356557809104
RSA+AES-256,500,3,182,578.4688999992795,0.6712999966111965,2.9595000014523976,True,271.5356557809104
RSA+AES-256,500,3,183,658.7556000013137,0.650199996016454,2.9749999957857653,True,271.5356557809104
RSA+AES-256,500,3,184,523.6190000068746,0.6519000016851351,2.9709000009461306,True,271.5356557809104
RSA+AES-256,500,3,185,255.4734999939683,0.6812999999965541,2.977799995278474,True,271.5356557809104
RSA+AES-256,500,3,186,1121.0394000008819,0.6643000015174039,2.887499998905696,True,271.5356557809104
RSA+AES-256,500,3,187,1329.7174000035739,0.6632000004174188,2.9491000022972003,True,271.5356557809104
RSA+AES-256,500,3,188,652.7486999984831,0.6064999979571439,2.9684999972232617,True,271.5356557809104
RSA+AES-256,500,3,189,298.8217000020086,0.6743000049027614,2.9624000017065555,True,271.5356557809104
RSA+AES-256,500,3,190,364.6809999991092,0.676499999826774,3.057200003240723,True,271.5356557809104
RSA+AES-256,500,3,191,362.5478000030853,0.6866000039735809,2.9410000061034225,True,271.5356557809104
RSA+AES-256,500,3,192,141.9808999999077,0.6394000010914169,2.9741000034846365,True,271.5356557809104
RSA+AES-256,500,3,193,1276.4546000034898,0.655100004223641,2.919099999417085,True,271.5356557809104
RSA+AES-256,500,3,194,592.2188000040478,0.6600999986403622,2.927199995610863,True,271.5356557809104
RSA+AES-256,500,3,195,191.7539999994915,0.6598999971174635,2.998199997819029,True,271.5356557809104
RSA+AES-256,500,3,196,272.8625999952783,0.6150999979581684,2.8778999985661358,True,271.5356557809104
RSA+AES-256,500,3,197,886.0555999999633,0.6730000022798777,3.1300999980885535,True,271.5356557809104
RSA+AES-256,500,3,198,372.0526000033715,0.6720000019413419,2.9741000034846365,True,271.5356557809104
RSA+AES-256,500,3,199,864.8682999992161,0.6741999968653545,2.9858999987482093,True,271.5356557809104
RSA+AES-256,500,3,200,830.9953999996651,0.6740999961039051,2.9753999988315627,True,271.5356557809104
RSA+AES-256,500,3,201,760.7305999990785,0.6343000059132464,3.123500006040558,True,271.5356557809104
RSA+AES-256,500,3,202,430.1694000023417,0.6751999972038902,2.967799999169074,True,271.5356557809104
RSA+AES-256,500,3,203,514.4593000004534,0.6466000049840659,3.0602000042563304,True,271.5356557809104
RSA+AES-256,500,3,204,1195.3238999994937,0.6888999996590428,3.051799998502247,True,271.5356557809104
RSA+AES-256,500,3,205,624.7115000005579,0.6703000035486184,2.9858999987482093,True,271.5356557809104
RSA+AES-256,500,3,206,623.1672999929287,0.6748999949195422,2.9030000005150214,True,271.5356557809104
RSA+AES-256,500,3,207,501.9436000002315,0.6780999974580482,2.9804000005242415,True,271.5356557809104
RSA+AES-256,500,3,208,845.9215999973821,0.8044999995036051,3.0516999977407977,True,271.5356557809104
RSA+AES-256,500,3,209,1507.3573000045144,0.712499997462146,2.9490999950212426,True,271.5356557809104
RSA+AES-256,500,3,210,1076.862900001288,0.5919000032008626,2.9221000004326925,True,271.5356557809104
RSA+AES-256,500,3,211,569.4124000001466,0.6575000006705523,2.9104999994160607,True,271.5356557809104
RSA+AES-256,500,3,212,1850.2346000022953,0.6550000034621917,2.90839999797754,True,271.5356557809104
RSA+AES-256,500,3,213,2505.5488999933004,0.6692000024486333,2.9828000042471103,True,271.5356557809104
RSA+AES-256,500,3,214,1222.3758000036469,0.6680000005871989,3.253800001402851,True,271.5356557809104
RSA+AES-256,500,3,215,235.35000000265427,0.6243000025278889,2.9821999996784143,True,271.5356557809104
RSA+AES-256,500,3,216,268.08770000207005,0.6557000015163794,2.98800000018673,True,271.5356557809104
RSA+AES-256,500,3,217,1150.272799997765,0.7001999983913265,3.048099999432452,True,271.5356557809104
RSA+AES-256,500,3,218,544.2321000009542,0.6754999994882382,2.9850999999325722,True,271.5356557809104
RSA+AES-256,500,3,219,558.3427000019583,0.6990000038058497,2.9598000037367456,True,271.5356557809104
RSA+AES-256,500,3,220,350.64179999608314,0.6613999939872883,3.036399997654371,True,271.5356557809104
RSA+AES-256,500,3,221,69.1956000009668,0.5873999980394728,2.8653999979724176,True,271.5356557809104
RSA+AES-256,500,3,222,1834.2954000036116,0.68450000253506,2.9961999971419573,True,271.5356557809104
RSA+AES-256,500,3,223,445.43319999502273,0.6922999964444898,2.965399995446205,True,271.5356557809104
RSA+AES-256,500,3,224,918.4886000002734,0.6969999958528206,3.0423999996855855,True,271.5356557809104
RSA+AES-256,500,3,225,1089.800900001137,0.7046000027912669,2.9901999951107427,True,271.5356557809104
RSA+AES-256,500,3,226,576.4693999954034,0.6863999951747246,2.9903999966336414,True,271.5356557809104
RSA+AES-256,500,3,227,728.9786999972421,0.6676999983028509,2.919400001701433,True,271.5356557809104
RSA+AES-256,500,3,228,1078.4974999987753,0.6458000061684288,2.926699999079574,True,271.5356557809104
RSA+AES-256,500,3,229,1186.4282000024104,0.6947000001673587,3.128099997411482,True,271.5356557809104
RSA+AES-256,500,3,230,823.5521000024164,0.6578000029549003,2.9829999984940514,True,271.5356557809104
RSA+AES-256,500,3,231,971.1052999991807,0.6575000006705523,2.92279999848688,True,271.5356557809104
RSA+AES-256,500,3,232,867.4050000045099,0.6566000010934658,2.8920000040670857,True,271.5356557809104
RSA+AES-256,500,3,233,672.0537000001059,0.6836000029579736,2.925599997979589,True,271.5356557809104
RSA+AES-256,500,3,234,464.90259999700356,0.643299994408153,3.0530000003636815,True,271.5356557809104
RSA+AES-256,500,3,235,739.2973999958485,0.6649999995715916,2.882699998735916,True,271.5356557809104
RSA+AES-256,500,3,236,1167.081400002644,0.607599999057129,2.9694000040763058,True,271.5356557809104
RSA+AES-256,500,3,237,596.8255999978282,0.6645000030403025,2.90359999780776,True,271.5356557809104
RSA+AES-256,500,3,238,563.4537000005366,0.6608999974559993,2.8686000005109236,True,271.5356557809104
RSA+AES-256,500,3,239,1080.385799999931,0.661899997794535,3.025799996976275,True,271.5356557809104
RSA+AES-256,500,3,240,1282.389799998782,0.7110000005923212,2.972599999338854,True,271.5356557809104
RSA+AES-256,500,3,241,1416.478899998765,0.6503999975393526,2.9514999987441115,True,271.5356557809104
RSA+AES-256,500,3,242,126.64869999571238,0.6129999965196475,2.897600003052503,True,271.5356557809104
RSA+AES-256,500,3,243,577.0213999931002,0.6865000032121316,2.9385000016191043,True,271.5356557809104
RSA+AES-256,500,3,244,587.059199999203,0.6100000027799979,2.9943000045022927,True,271.5356557809104
RSA+AES-256,500,3,245,934.5335999969393,0.6492000029538758,2.8719999972963706,True,271.5356557809104
RSA+AES-256,500,3,246,836.5028000043822,0.6608999974559993,2.9111999974702485,True,271.5356557809104
RSA+AES-256,500,3,247,569.1596999968169,0.6671000010101125,2.915700002631638,True,271.5356557809104
RSA+AES-256,500,3,248,48.25620000337949,0.5954000007477589,3.103499999269843,True,271.5356557809104
RSA+AES-256,500,3,249,509.51619999977993,0.6485999983851798,2.879600004234817,True,271.5356557809104
RSA+AES-256,500,3,250,1624.2844000007608,0.6636999969487078,2.9425000029732473,True,271.5356557809104
RSA+AES-256,500,3,251,1760.6106999955955,0.6730000022798777,3.003600002557505,True,271.5356557809104
RSA+AES-256,500,3,252,291.42380000121193,0.6703999970341101,2.979000004415866,True,271.5356557809104
RSA+AES-256,500,3,253,331.3157000011415,0.6596999955945648,2.99059999815654,True,271.5356557809104
RSA+AES-256,500,3,254,497.0697000026121,0.6484999976237305,2.932699993834831,True,271.5356557809104
RSA+AES-256,500,3,255,1192.3718999969424,0.6448999993153848,2.8894999995827675,True,271.5356557809104
RSA+AES-256,500,3,256,212.82870000140974,0.6210999999893829,2.9942000037408434,True,271.5356557809104
RSA+AES-256,500,3,257,596.3861999989604,0.6988999957684427,2.977299998747185,True,271.5356557809104
RSA+AES-256,500,3,258,853.5293000022648,0.6819000045652501,2.9998000027262606,True,271.5356557809104
RSA+AES-256,500,3,259,999.2268000059994,0.6630999996559694,3.024199999345001,True,271.5356557809104
RSA+AES-256,500,3,260,583.7190999955055,0.6569999968633056,2.9576000015367754,True,271.5356557809104
RSA+AES-256,500,3,261,840.6066000025021,0.6594000005861744,2.9023999959463254,True,271.5356557809104
RSA+AES-256,500,3,262,1213.3066000023973,0.629599999228958,2.9412000003503636,True,271.5356557809104
RSA+AES-256,500,3,263,1737.0123000000603,0.6735000060871243,2.914100005000364,True,271.5356557809104
RSA+AES-256,500,3,264,174.23740000231192,0.6319000021903776,2.997699994011782,True,271.5356557809104
RSA+AES-256,500,3,265,1076.0642000022926,0.683599995682016,2.8960999989067204,True,271.5356557809104
RSA+AES-256,500,3,266,380.161400003999,0.665700004901737,2.98800000018673,True,271.5356557809104
RSA+AES-256,500,3,267,525.7974000051036,0.6723999977111816,2.913800002716016,True,271.5356557809104
RSA+AES-256,500,3,268,159.41339999699267,0.6378000034601428,2.9804000005242415,True,271.5356557809104
RSA+AES-256,500,3,269,831.787200004328,0.6481999953393824,2.9121000043232925,True,271.5356557809104
RSA+AES-256,500,3,270,645.1723999998649,0.6382999999914318,2.858100000594277,True,271.5356557809104
RSA+AES-256,500,3,271,425.7276999996975,0.6758000017725863,3.180899999279063,True,271.5356557809104
RSA+AES-256,500,3,272,1028.535399993416,0.679599994327873,2.9854000022169203,True,271.5356557809104
RSA+AES-256,500,3,273,360.5600000009872,0.6496000059996732,2.901100000599399,True,271.5356557809104
RSA+AES-256,500,3,274,611.3226999950712,0.643299994408153,3.0651999986730516,True,271.5356557809104
RSA+AES-256,500,3,275,357.4601000000257,0.6738000010955147,2.899999999499414,True,271.5356557809104
RSA+AES-256,500,3,276,528.4165999983088,0.875699995958712,2.9130999973858707,True,271.5356557809104
RSA+AES-256,500,3,277,312.2131999989506,0.6683999963570386,2.960700003313832,True,271.5356557809104
RSA+AES-256,500,3,278,952.8912999958266,0.7035000016912818,2.971300003991928,True,271.5356557809104
RSA+AES-256,500,3,279,268.0305000030785,0.592199998209253,2.899999999499414,True,271.5356557809104
RSA+AES-256,500,3,280,857.086399999389,0.6420999998226762,2.8719999972963706,True,271.5356557809104
RSA+AES-256,500,3,281,473.5699000011664,0.720000003639143,2.9390999989118427,True,271.5356557809104
RSA+AES-256,500,3,282,1342.3691999996663,0.6704000043100677,2.972299997054506,True,271.5356557809104
RSA+AES-256,500,3,283,513.906300002418,0.6670000002486631,2.907599999161903,True,271.5356557809104
RSA+AES-256,500,3,284,391.42159999755677,0.8312999998452142,2.991500005009584,True,271.5356557809104
RSA+AES-256,500,3,285,558.1897999945795,0.6886000046506524,2.935199998319149,True,271.5356557809104
RSA+AES-256,500,3,286,775.0879000013811,0.6552000049850903,2.8835999983130023,True,271.5356557809104
RSA+AES-256,500,3,287,241.68590000044787,0.6464000034611672,2.9399000050034374,True,271.5356557809104
RSA+AES-256,500,3,288,299.36799999995856,0.7003999999142252,2.9947000002721325,True,271.5356557809104
RSA+AES-256,500,3,289,792.7152000047499,0.6541000038851053,2.9499000011128373,True,271.5356557809104
RSA+AES-256,500,3,290,1566.479499997513,0.6753999987267889,2.9921000023023225,True,271.5356557809104
RSA+AES-256,500,3,291,741.9292000049609,0.6542000046465546,2.893099997891113,True,271.5356557809104
RSA+AES-256,500,3,292,605.9966000029817,0.644800005829893,2.900699997553602,True,271.5356557809104
RSA+AES-256,500,3,293,371.9331000029342,0.6464000034611672,2.909499999077525,True,271.5356557809104
RSA+AES-256,500,3,294,1482.4765000012121,0.647400003799703,2.8739000044879504,True,271.5356557809104
RSA+AES-256,500,3,295,687.2341999987839,0.67299999500392,2.849600001354702,True,271.5356557809104
RSA+AES-256,500,3,296,1294.546099998115,0.6902000022819266,2.924400003394112,True,271.5356557809104
RSA+AES-256,500,3,297,1112.012899997353,0.6950000024517067,3.053699998417869,True,271.5356557809104
RSA+AES-256,500,3,298,1262.8710999997566,0.6942999971215613,2.9699999940930866,True,271.5356557809104
RSA+AES-256,500,3,299,814.575700002024,0.6445999970310368,2.886000002035871,True,271.5356557809104
RSA+AES-256,500,3,300,503.4566999966046,0.6573999999091029,2.8948000035597943,True,271.5356557809104
RSA+AES-256,500,3,301,1011.4505999954417,0.6654999961028807,2.9253000029711984,True,271.5356557809104
RSA+AES-256,500,3,302,506.7181999984314,0.6248999998206273,2.9890999940107577,True,271.5356557809104
RSA+AES-256,500,3,303,842.6083000013023,0.617599995166529,2.9599999979836866,True,271.5356557809104
RSA+AES-256,500,3,304,1484.2545999999857,0.6734999988111667,2.8854999982286245,True,271.5356557809104
RSA+AES-256,500,3,305,485.87250000127824,0.6601000059163198,2.8883999984827824,True,271.5356557809104
RSA+AES-256,500,3,306,1271.421499994176,0.6862999944132753,2.9664000030606985,True,271.5356557809104
RSA+AES-256,500,3,307,1375.1961999951163,0.6905999980517663,2.9375999947660603,True,271.5356557809104
RSA+AES-256,500,3,308,158.2609999968554,0.6577000021934509,3.2150999977602623,True,271.5356557809104
RSA+AES-256,500,3,309,730.1990999985719,0.668499997118488,2.9713999974774197,True,271.5356557809104
RSA+AES-256,500,3,310,1606.6171000056784,0.5749000047217123,2.8504999936558306,True,271.5356557809104
RSA+AES-256,500,3,311,948.8806000008481,0.6490999949164689,2.8671000036410987,True,271.5356557809104
RSA+AES-256,500,3,312,284.95459999976447,0.6542999981320463,2.9386000023805536,True,271.5356557809104
RSA+AES-256,500,3,313,734.0664000003017,0.6606999959331006,2.907099995354656,True,271.5356557809104
RSA+AES-256,500,3,314,184.91619999986142,0.676800002111122,3.164399997331202,True,271.5356557809104
RSA+AES-256,500,3,315,1250.3598000039347,0.6573999999091029,2.9447999986587092,True,271.5356557809104
RSA+AES-256,500,3,316,306.84450000262586,0.6573999999091029,3.008700005011633,True,271.5356557809104
RSA+AES-256,500,3,317,1227.2627999991528,0.687700005073566,2.9026999982306734,True,271.5356557809104
RSA+AES-256,500,3,318,1286.8596999978763,0.6552999984705821,2.877200000511948,True,271.5356557809104
RSA+AES-256,500,3,319,1374.2700000002515,0.6188999977894127,2.9561999981524423,True,271.5356557809104
RSA+AES-256,500,3,320,917.185000005702,0.6537000008393079,2.901799998653587,True,271.5356557809104
RSA+AES-256,500,3,321,538.7115999983507,0.6652000010944903,2.9283999974722974,True,271.5356557809104
RSA+AES-256,500,3,322,179.43479999667034,0.6397000033757649,2.9327000011107884,True,271.5356557809104
RSA+AES-256,500,3,323,205.86039999761852,0.7717999978922307,3.1060000037541613,True,271.5356557809104
RSA+AES-256,500,3,324,464.5027999940794,0.6620999993174337,2.9240000003483146,True,271.5356557809104
RSA+AES-256,500,3,325,1555.3472000028705,0.6601000059163198,2.899200000683777,True,271.5356557809104
RSA+AES-256,500,3,326,404.10829999746056,0.6708000000799075,2.9060999950161204,True,271.5356557809104
RSA+AES-256,500,3,327,900.8057999963057,0.6786000012652948,2.9929000011179596,True,271.5356557809104
RSA+AES-256,500,3,328,333.2604999959585,0.8463999984087422,2.974300005007535,True,271.5356557809104
RSA+AES-256,500,3,329,849.8991999949794,0.6664000029559247,2.892299999075476,True,271.5356557809104
RSA+AES-256,500,3,330,153.9799000020139,0.6773999994038604,2.927499997895211,True,271.5356557809104
RSA+AES-256,500,3,331,340.92129999771714,0.6425999963539653,2.8884999992442317,True,271.5356557809104
RSA+AES-256,500,3,332,1740.1223999986541,0.6312000041361898,3.0020000049262308,True,271.5356557809104
RSA+AES-256,500,3,333,349.6064999999362,0.6391999995685183,2.9251000014482997,True,271.5356557809104
RSA+AES-256,500,3,334,234.689700002491,0.6429000059142709,2.8601000012713484,True,271.5356557809104
RSA+AES-256,500,3,335,217.74100000038743,0.7000000041443855,2.997699994011782,True,271.5356557809104
RSA+AES-256,500,3,336,330.81209999363637,0.6947000001673587,3.2480000008945353,True,271.5356557809104
RSA+AES-256,500,3,337,568.0952000038815,0.6961999970371835,2.9463000028044917,True,271.5356557809104
RSA+AES-256,500,3,338,487.36359999747947,0.6602000066777691,2.877699997043237,True,271.5356557809104
RSA+AES-256,500,3,339,818.9762999973027,0.6053000033716671,2.893099997891113,True,271.5356557809104
RSA+AES-256,500,3,340,1063.0410999947344,0.6942999971215613,2.8432999970391393,True,271.5356557809104
RSA+AES-256,500,3,341,792.5700999985565,0.7705999960307963,3.04320000577718,True,271.5356557809104
RSA+AES-256,500,3,342,253.85800000367453,0.6534999993164092,2.901100000599399,True,271.5356557809104
RSA+AES-256,500,3,343,574.8773999948753,0.6594000005861744,2.921500003139954,True,271.5356557809104
RSA+AES-256,500,3,344,1728.7272999965353,0.6745999999111518,2.980800003570039,True,271.5356557809104
RSA+AES-256,500,3,345,893.014299996139,0.6562999988091178,2.886500005843118,True,271.5356557809104
RSA+AES-256,500,3,346,745.6528000038816,0.6584000002476387,2.935699994850438,True,271.5356557809104
RSA+AES-256,500,3,347,348.7463999990723,0.6789000035496429,2.960400001029484,True,271.5356557809104
RSA+AES-256,500,3,348,971.2185999960639,0.6557000015163794,2.8910999972140417,True,271.5356557809104
RSA+AES-256,500,3,349,1252.6838000048883,0.6676999983028509,2.963799997814931,True,271.5356557809104
RSA+AES-256,500,3,350,2069.2073999962304,0.6533999985549599,2.887999995436985,True,271.5356557809104
RSA+AES-256,500,3,351,215.24389999831328,0.6396000026143156,2.900499996030703,True,271.5356557809104
RSA+AES-256,500,3,352,1282.589200003713,0.6961999970371835,2.980699995532632,True,271.5356557809104
RSA+AES-256,500,3,353,79.10439999977825,0.6036999984644353,2.917500001785811,True,271.5356557809104
RSA+AES-256,500,3,354,862.3420999938389,0.6754999994882382,2.957000004244037,True,271.5356557809104
RSA+AES-256,500,3,355,1559.923400003754,0.6626000031246804,2.923000000009779,True,271.5356557809104
RSA+AES-256,500,3,356,387.69999999931315,0.7008999964455143,2.9020999936619774,True,271.5356557809104
RSA+AES-256,500,3,357,60.37539999670116,0.5846999993082136,2.8766999967047013,True,271.5356557809104
RSA+AES-256,500,3,358,635.1257999995141,0.6966000000829808,3.1252999979187734,True,271.5356557809104
RSA+AES-256,500,3,359,99.62799999630079,0.6041999949957244,2.8810000003431924,True,271.5356557809104
RSA+AES-256,500,3,360,474.94670000014594,0.6792000058339909,2.991299996210728,True,271.5356557809104
RSA+AES-256,500,3,361,957.7744999987772,0.662200000078883,2.9587000026367605,True,271.5356557809104
RSA+AES-256,500,3,362,1519.6882000018377,0.6606000024476089,2.8671999971265905,True,271.5356557809104
RSA+AES-256,500,3,363,235.25660000450443,0.6905999980517663,2.973299997393042,True,271.5356557809104
RSA+AES-256,500,3,364,836.0054000004311,0.6587000025319867,2.874900004826486,True,271.5356557809104
RSA+AES-256,500,3,365,227.24580000067363,0.6209999992279336,2.9197000039857812,True,271.5356557809104
RSA+AES-256,500,3,366,502.28880000213394,0.6977000011829659,2.983500002301298,True,271.5356557809104
RSA+AES-256,500,3,367,185.06580000394024,0.6368999966070987,2.901499996369239,True,271.5356557809104
RSA+AES-256,500,3,368,930.965899999137,0.6716999996569939,2.9713999974774197,True,271.5356557809104
RSA+AES-256,500,3,369,2345.9004999967874,0.6632000004174188,2.9387999966274947,True,271.5356557809104
RSA+AES-256,500,3,370,1098.7893999990774,0.6719000011798926,2.929599999333732,True,271.5356557809104
RSA+AES-256,500,3,371,1047.7465000003576,0.676800002111122,2.9422000006888993,True,271.5356557809104
RSA+AES-256,500,3,372,505.63189999957103,0.6750000029569492,3.1768000044394284,True,271.5356557809104
RSA+AES-256,500,3,373,638.198900000134,0.6543000054080039,2.8803000022890046,True,271.5356557809104
RSA+AES-256,500,3,374,363.88869999791496,0.7192000048235059,2.98800000018673,True,271.5356557809104
RSA+AES-256,500,3,375,1349.9262999976054,0.6900000007590279,2.8888999950140715,True,271.5356557809104
RSA+AES-256,500,3,376,681.5698999998858,0.6514999986393377,2.8978999980608933,True,271.5356557809104
RSA+AES-256,500,3,377,766.5275000035763,0.6820000053266995,3.0232999997679144,True,271.5356557809104
RSA+AES-256,500,3,378,824.1401999985101,0.6996999945840798,3.2049999936134554,True,271.5356557809104
RSA+AES-256,500,3,379,157.86559999833116,0.68710000050487,2.9566000011982396,True,271.5356557809104
RSA+AES-256,500,3,380,452.6585999992676,0.6810000049881637,2.913000003900379,True,271.5356557809104
RSA+AES-256,500,3,381,296.8731000000844,0.6818000038038008,3.013099994859658,True,271.5356557809104
RSA+AES-256,500,3,382,463.23560000018915,0.6590999983018264,2.887699993152637,True,271.5356557809104
RSA+AES-256,500,3,383,887.5173999986146,0.6652000010944903,3.0057999974815175,True,271.5356557809104
RSA+AES-256,500,3,384,268.83039999665925,0.6503999975393526,2.962500002468005,True,271.5356557809104
RSA+AES-256,500,3,385,697.4805999998352,0.6521000032080337,2.923499996541068,True,271.5356557809104
RSA+AES-256,500,3,386,593.2879000029061,0.6527000005007721,2.8986000033910386,True,271.5356557809104
RSA+AES-256,500,3,387,807.019499996386,0.6775000001653098,2.9346000010264106,True,271.5356557809104
RSA+AES-256,500,3,388,1242.8601999999955,0.6607000032090582,2.927000001363922,True,271.5356557809104
RSA+AES-256,500,3,389,1298.5957999990205,0.6783999997423962,3.009200001542922,True,271.5356557809104
RSA+AES-256,500,3,390,1036.159499999485,0.6682999955955893,2.9026999982306734,True,271.5356557809104
RSA+AES-256,500,3,391,684.4277999989572,0.6635000027017668,2.9461999947670847,True,271.5356557809104
RSA+AES-256,500,3,392,1846.9747000053758,0.6829999983892776,3.023999997822102,True,271.5356557809104
RSA+AES-256,500,3,393,675.9861999962595,0.6797999958507717,2.936100005172193,True,271.5356557809104
RSA+AES-256,500,3,394,267.6590999981272,0.7144999981392175,3.177099999447819,True,271.5356557809104
RSA+AES-256,500,3,395,454.04689999850234,0.6666999979643151,3.7123000001884066,True,271.5356557809104
RSA+AES-256,500,3,396,1458.462900001905,0.6804000004194677,2.862900000764057,True,271.5356557809104
RSA+AES-256,500,3,397,1883.9563000001363,0.6697999997413717,2.9084999987389892,True,271.5356557809104
RSA+AES-256,500,3,398,1631.7158000019845,0.661700003547594,3.9461999986087903,True,271.5356557809104
RSA+AES-256,500,3,399,1804.0515999964555,0.654499999654945,2.89840000186814,True,271.5356557809104
RSA+AES-256,500,3,400,690.9474999993108,0.6837999972049147,2.976900002977345,True,271.5356557809104
RSA+AES-256,500,3,401,228.88399999646936,0.6514999986393377,2.901400002883747,True,271.5356557809104
RSA+AES-256,500,3,402,198.0515999966883,0.596500001847744,2.8549999988172203,True,271.5356557809104
RSA+AES-256,500,3,403,208.08730000135256,0.7073000015225261,2.998299998580478,True,271.5356557809104
RSA+AES-256,500,3,404,612.9675999982283,0.6836000029579736,3.0808000010438263,True,271.5356557809104
RSA+AES-256,500,3,405,1721.1616999993566,0.6828000041423365,3.0177000007824972,True,271.5356557809104
RSA+AES-256,500,3,406,1612.0504999998957,0.6745999999111518,2.9711000024690293,True,271.5356557809104
RSA+AES-256,500,3,407,166.24819999560714,0.6665999972028658,2.9578999965451658,True,271.5356557809104
RSA+AES-256,500,3,408,325.472800002899,0.6699000005028211,2.966000000014901,True,271.5356557809104
RSA+AES-256,500,3,409,245.34790000325302,0.65819999872474,2.9205000028014183,True,271.5356557809104
RSA+AES-256,500,3,410,338.14369999890914,0.6540000031236559,2.8739000044879504,True,271.5356557809104
RSA+AES-256,500,3,411,2879.1008000043803,0.6367999958456494,3.0493000012938865,True,271.5356557809104
RSA+AES-256,500,3,412,739.549599995371,0.6659999999101274,2.8787000046577305,True,271.5356557809104
RSA+AES-256,500,3,413,3191.5096000011545,0.6300000022747554,2.950299996882677,True,271.5356557809104
RSA+AES-256,500,3,414,746.3927999997395,0.604200002271682,2.93989999772748,True,271.5356557809104
RSA+AES-256,500,3,415,306.0970999940764,0.6367000023601577,2.9097000006004237,True,271.5356557809104
RSA+AES-256,500,3,416,613.32830000174,0.6136000010883436,3.004099999088794,True,271.5356557809104
RSA+AES-256,500,3,417,1212.8576999966754,0.6525999997393228,2.8840999948442914,True,271.5356557809104
RSA+AES-256,500,3,418,721.1184000043431,0.6726999999955297,2.9107000009389594,True,271.5356557809104
RSA+AES-256,500,3,419,933.3449999976438,0.6665999972028658,2.9308000011951663,True,271.5356557809104
RSA+AES-256,500,3,420,1070.9094000048935,0.6464000034611672,2.9291000028024428,True,271.5356557809104
RSA+AES-256,500,3,421,618.7377000023844,0.6250000005820766,3.0037000033189543,True,271.5356557809104
RSA+AES-256,500,3,422,235.4810000033467,0.6665999972028658,2.9576000015367754,True,271.5356557809104
RSA+AES-256,500,3,423,1217.7654999977676,0.6644999957643449,2.882699998735916,True,271.5356557809104
RSA+AES-256,500,3,424,695.5922000051942,0.6722999969497323,2.981799996632617,True,271.5356557809104
RSA+AES-256,500,3,425,418.0676999967545,0.6521999966935255,2.9084999987389892,True,271.5356557809104
RSA+AES-256,500,3,426,589.1866000019945,0.7842000050004572,2.9429999995045364,True,271.5356557809104
RSA+AES-256,500,3,427,1323.2473000025493,0.6934999983059242,3.073600004427135,True,271.5356557809104
RSA+AES-256,500,3,428,303.0282000036095,0.6131000045570545,3.010399996128399,True,271.5356557809104
RSA+AES-256,500,3,429,1380.859999997483,0.6916999991517514,2.951399997982662,True,271.5356557809104
RSA+AES-256,500,3,430,351.58660000161035,0.6709000008413568,2.9980000035720877,True,271.5356557809104
RSA+AES-256,500,3,431,718.5794000033638,0.6635000027017668,2.876599995943252,True,271.5356557809104
RSA+AES-256,500,3,432,1949.0875999981654,0.6473999965237454,2.860000000509899,True,271.5356557809104
RSA+AES-256,500,3,433,253.20449999708217,0.6375000011757948,2.9511999964597635,True,271.5356557809104
RSA+AES-256,500,3,434,932.9632000008132,0.6865999966976233,2.8562999941641465,True,271.5356557809104
RSA+AES-256,500,3,435,320.3596000021207,0.6664000029559247,2.9272999963723123,True,271.5356557809104
RSA+AES-256,500,3,436,673.2964000038919,0.7111000013537705,2.964599996630568,True,271.5356557809104
RSA+AES-256,500,3,437,854.5273000054294,0.6496999994851649,2.8894999995827675,True,271.5356557809104
RSA+AES-256,500,3,438,764.2876999962027,0.7846000007702969,2.985900006024167,True,271.5356557809104
RSA+AES-256,500,3,439,312.0677999977488,0.6489000006695278,2.899500002968125,True,271.5356557809104
RSA+AES-256,500,3,440,988.1068999966374,0.6530000027851202,2.8968999977223575,True,271.5356557809104
RSA+AES-256,500,3,441,364.9846999978763,0.6528000012622215,2.9089000017847866,True,271.5356557809104
RSA+AES-256,500,3,442,827.7387999987695,0.6580000044777989,2.9705999986617826,True,271.5356557809104
RSA+AES-256,500,3,443,781.7541999975219,0.669400003971532,2.908200003730599,True,271.5356557809104
RSA+AES-256,500,3,444,1924.2315000010421,0.6380999984685332,3.1245999998645857,True,271.5356557809104
RSA+AES-256,500,3,445,360.68859999795677,0.6814000007580034,3.04360000154702,True,271.5356557809104
RSA+AES-256,500,3,446,461.4424999963376,0.6786999947507866,2.9830999992555007,True,271.5356557809104
RSA+AES-256,500,3,447,222.26260000024922,0.6604000009247102,2.969900000607595,True,271.5356557809104
RSA+AES-256,500,3,448,451.0002000024542,0.67710000439547,2.916400000685826,True,271.5356557809104
RSA+AES-256,500,3,449,254.9801999994088,0.6057000064174645,2.9635000028065406,True,271.5356557809104
RSA+AES-256,500,3,450,430.97860000125365,0.647299995762296,2.88909999653697,True,271.5356557809104
RSA+AES-256,500,3,451,1861.6156999996747,0.6636000034632161,3.010200001881458,True,271.5356557809104
RSA+AES-256,500,3,452,1162.0156999997562,0.6659999999101274,2.9027999989921227,True,271.5356557809104
RSA+AES-256,500,3,453,1234.0562000026694,0.6562999988091178,2.8598999997484498,True,271.5356557809104
RSA+AES-256,500,3,454,187.90480000461685,0.6176000024424866,2.9173000002629124,True,271.5356557809104
RSA+AES-256,500,3,455,937.7444999990985,0.6747000006726012,2.904399996623397,True,271.5356557809104
RSA+AES-256,500,3,456,699.820699999691,0.7209000032162294,2.9789999971399084,True,271.5356557809104
RSA+AES-256,500,3,457,430.9508000005735,0.633299998298753,2.9376999955275096,True,271.5356557809104
RSA+AES-256,500,3,458,239.87320000014734,0.6308000010903925,2.8630000015255064,True,271.5356557809104
RSA+AES-256,500,3,459,1235.5575999972643,0.6424000021070242,2.877200000511948,True,271.5356557809104
RSA+AES-256,500,3,460,1934.3511000042781,0.6790999977965839,2.986100000271108,True,271.5356557809104
RSA+AES-256,500,3,461,200.3638999958639,0.6892000019433908,3.04360000154702,True,271.5356557809104
RSA+AES-256,500,3,462,617.8804000010132,0.6703999970341101,3.037199996470008,True,271.5356557809104
RSA+AES-256,500,3,463,820.3845999960322,0.6820999988121912,2.9789000036544167,True,271.5356557809104
RSA+AES-256,500,3,464,303.63740000029793,0.6006999974488281,2.9691000017919578,True,271.5356557809104
RSA+AES-256,500,3,465,479.25589999795193,0.6563000060850754,2.864800000679679,True,271.5356557809104
RSA+AES-256,500,3,466,792.4300999948173,0.6605000016861595,2.9673999961232767,True,271.5356557809104
RSA+AES-256,500,3,467,556.4529999974184,0.6464000034611672,2.8622000027098693,True,271.5356557809104
RSA+AES-256,500,3,468,436.3669000013033,0.6710000016028062,2.925299995695241,True,271.5356557809104
RSA+AES-256,500,3,469,579.4325000024401,0.6772999986424111,3.177200000209268,True,271.5356557809104
RSA+AES-256,500,3,470,389.49570000113454,0.6420999998226762,3.0977999995229766,True,271.5356557809104
RSA+AES-256,500,3,471,286.67480000149226,0.6280000015976839,2.8891999972984195,True,271.5356557809104
RSA+AES-256,500,3,472,814.7609000006923,0.6563999995705672,2.8623000034713186,True,271.5356557809104
RSA+AES-256,500,3,473,718.7609000029624,0.6616999962716363,2.886099995521363,True,271.5356557809104
RSA+AES-256,500,3,474,174.10580000432674,0.622200001089368,2.964100000099279,True,271.5356557809104
RSA+AES-256,500,3,475,284.70630000083474,0.6253000028664246,2.8664999990724027,True,271.5356557809104
RSA+AES-256,500,3,476,497.022299998207,0.6570000041392632,2.8763000009348616,True,271.5356557809104
RSA+AES-256,500,3,477,1064.4332999945618,0.6749999956809916,2.935199998319149,True,271.5356557809104
RSA+AES-256,500,3,478,112.72679999819957,0.5764000015915371,2.9163999934098683,True,271.5356557809104
RSA+AES-256,500,3,479,1008.240700000897,0.6713999973726459,2.905499997723382,True,271.5356557809104
RSA+AES-256,500,3,480,142.92920000298182,0.6428000051528215,2.92990000161808,True,271.5356557809104
RSA+AES-256,500,3,481,707.5726999973995,0.6680000005871989,2.903900000092108,True,271.5356557809104
RSA+AES-256,500,3,482,640.0231000006897,0.6102999977883883,3.0149000012897886,True,271.5356557809104
RSA+AES-256,500,3,483,1150.0197000059416,0.6572999991476536,3.129800003080163,True,271.5356557809104
RSA+AES-256,500,3,484,702.6280999998562,0.6726999999955297,2.875300000596326,True,271.5356557809104
RSA+AES-256,500,3,485,329.9706000034348,0.6176999959279783,2.959600002213847,True,271.5356557809104
RSA+AES-256,500,3,486,461.5436000021873,0.6926999994902872,3.195899997081142,True,271.5356557809104
RSA+AES-256,500,3,487,113.74649999925168,0.5866999999852851,2.958999997645151,True,271.5356557809104
RSA+AES-256,500,3,488,855.1564000008511,0.6856999971205369,2.916400000685826,True,271.5356557809104
RSA+AES-256,500,3,489,604.1024000005564,0.6577999956789427,2.9960000028950162,True,271.5356557809104
RSA+AES-256,500,3,490,458.7370999943232,0.6626000031246804,2.9543999989982694,True,271.5356557809104
RSA+AES-256,500,3,491,873.4951000005822,0.6723000042256899,2.901100000599399,True,271.5356557809104
RSA+AES-256,500,3,492,384.1635999997379,0.6732999972882681,2.896600002713967,True,271.5356557809104
RSA+AES-256,500,3,493,360.0927000006777,0.9118999951169826,3.161499997077044,True,271.5356557809104
RSA+AES-256,500,3,494,104.01360000105342,0.5674999993061647,2.9638999985763803,True,271.5356557809104
RSA+AES-256,500,3,495,895.3372000032687,0.661700003547594,2.853400001185946,True,271.5356557809104
RSA+AES-256,500,3,496,1510.6157000045641,0.6792000058339909,3.011000000697095,True,271.5356557809104
RSA+AES-256,500,3,497,224.55210000043735,0.666200001433026,2.9708000001846813,True,271.5356557809104
RSA+AES-256,500,3,498,230.5997000003117,0.6648000053246506,2.974000002723187,True,271.5356557809104
RSA+AES-256,500,3,499,374.92309999652207,0.6538000016007572,2.916200006438885,True,271.5356557809104
RSA+AES-256,500,3,500,749.298100003216,0.6630999996559694,2.901100000599399,True,271.5356557809104
RSA+AES-256,500,4,1,76.04770000034478,22.5298000004841,3.169700001308229,True,272.02838235116053
RSA+AES-256,500,4,2,563.7465999971027,0.7411000042338856,3.1853000036790036,True,272.02838235116053
RSA+AES-256,500,4,3,634.4591000015498,0.7322999954340048,3.278899996075779,True,272.02838235116053
RSA+AES-256,500,4,4,899.3918000051053,0.702500001352746,3.0358999938471243,True,272.02838235116053
RSA+AES-256,500,4,5,774.2045000049984,0.6778999959351495,3.024999998160638,True,272.02838235116053
RSA+AES-256,500,4,6,1023.1041000006371,0.6528000012622215,2.925299995695241,True,272.02838235116053
RSA+AES-256,500,4,7,260.7064999974682,0.6379000042215921,2.893400000175461,True,272.02838235116053
RSA+AES-256,500,4,8,636.802599998191,0.6606000024476089,2.875700003642123,True,272.02838235116053
RSA+AES-256,500,4,9,433.44059999799356,0.6204000019351952,2.9606000025523826,True,272.02838235116053
RSA+AES-256,500,4,10,469.0699999991921,0.6613000005017966,2.9397999969660304,True,272.02838235116053
RSA+AES-256,500,4,11,566.8310000037309,0.6735999995726161,2.980900004331488,True,272.02838235116053
RSA+AES-256,500,4,12,175.7928000006359,0.6139999968581833,2.912300005846191,True,272.02838235116053
RSA+AES-256,500,4,13,986.1259999961476,0.6518000009236857,2.854400001524482,True,272.02838235116053
RSA+AES-256,500,4,14,469.88279999641236,0.6537000008393079,2.8982000003452413,True,272.02838235116053
RSA+AES-256,500,4,15,1129.2854999992414,0.6616000027861446,2.8784000023733824,True,272.02838235116053
RSA+AES-256,500,4,16,1136.9590999966022,0.6770000036340207,2.886500005843118,True,272.02838235116053
RSA+AES-256,500,4,17,815.424799999164,0.6645000030403025,2.985900006024167,True,272.02838235116053
RSA+AES-256,500,4,18,149.98840000043856,0.6250000005820766,2.8735999949276447,True,272.02838235116053
RSA+AES-256,500,4,19,1098.5353000069153,0.6706999993184581,2.955100004328415,True,272.02838235116053
RSA+AES-256,500,4,20,553.342999999586,0.6915000049048103,3.037499998754356,True,272.02838235116053
RSA+AES-256,500,4,21,575.1912000050652,0.6972000046516769,2.966000000014901,True,272.02838235116053
RSA+AES-256,500,4,22,732.0382999969297,0.6557999950018711,2.9463999962899834,True,272.02838235116053
RSA+AES-256,500,4,23,1350.6538000001456,0.6767000013496727,2.9466999985743314,True,272.02838235116053
RSA+AES-256,500,4,24,782.0343999992474,0.6723999977111816,2.9422000006888993,True,272.02838235116053
RSA+AES-256,500,4,25,669.7166000012658,0.6132999988039955,3.010300002642907,True,272.02838235116053
RSA+AES-256,500,4,26,306.3819000017247,0.6873000020277686,3.0658999967272393,True,272.02838235116053
RSA+AES-256,500,4,27,279.3909000029089,0.665100000333041,3.0947999985073693,True,272.02838235116053
RSA+AES-256,500,4,28,518.6027999952785,0.6792999993194826,2.9052999962004833,True,272.02838235116053
RSA+AES-256,500,4,29,63.92770000093151,0.5633999971905723,2.881200001866091,True,272.02838235116053
RSA+AES-256,500,4,30,957.4670000001788,0.6572999991476536,2.880100000766106,True,272.02838235116053
RSA+AES-256,500,4,31,485.523799994553,0.6359000035445206,2.869199997803662,True,272.02838235116053
RSA+AES-256,500,4,32,1120.8186999938334,0.7218000027933158,3.123299997241702,True,272.02838235116053
RSA+AES-256,500,4,33,928.0810999989626,0.6492999964393675,2.875600002880674,True,272.02838235116053
RSA+AES-256,500,4,34,1189.7524000014528,0.6967999943299219,2.9453999959514476,True,272.02838235116053
RSA+AES-256,500,4,35,1600.5109999969136,0.6565000003320165,2.8778999985661358,True,272.02838235116053
RSA+AES-256,500,4,36,921.0144999960903,0.6189000050653704,3.2767000011517666,True,272.02838235116053
RSA+AES-256,500,4,37,1040.8594999971683,0.6671000010101125,2.918199999839999,True,272.02838235116053
RSA+AES-256,500,4,38,873.3330000031856,0.6575000006705523,2.9235999973025173,True,272.02838235116053
RSA+AES-256,500,4,39,412.25800000393065,0.6763999990653247,2.965699997730553,True,272.02838235116053
RSA+AES-256,500,4,40,1536.2916000012774,0.7336999988183379,3.0049000051803887,True,272.02838235116053
RSA+AES-256,500,4,41,1374.017600006482,0.7232999996631406,3.0509000062011182,True,272.02838235116053
RSA+AES-256,500,4,42,362.84929999965243,0.6861999936518259,3.046699996048119,True,272.02838235116053
RSA+AES-256,500,4,43,522.6755999974557,0.6460000004153699,2.880700005334802,True,272.02838235116053
RSA+AES-256,500,4,44,185.26890000066487,0.6606000024476089,2.870299998903647,True,272.02838235116053
RSA+AES-256,500,4,45,849.056400002155,0.6703999970341101,2.962699996714946,True,272.02838235116053
RSA+AES-256,500,4,46,365.70989999745507,0.6738000010955147,2.972800000861753,True,272.02838235116053
RSA+AES-256,500,4,47,895.0973000028171,0.7060999996610917,3.0904000013833866,True,272.02838235116053
RSA+AES-256,500,4,48,760.380299994722,0.6510000021080486,3.055000001040753,True,272.02838235116053
RSA+AES-256,500,4,49,567.9012000036892,0.6199999988893978,2.861300003132783,True,272.02838235116053
RSA+AES-256,500,4,50,1077.6011000052677,0.6678999998257495,2.913300006184727,True,272.02838235116053
RSA+AES-256,500,4,51,732.5771000032546,0.6873999955132604,2.9739999954472296,True,272.02838235116053
RSA+AES-256,500,4,52,1310.0581000035163,0.716300004569348,3.9857000010670163,True,272.02838235116053
RSA+AES-256,500,4,53,531.0776999976952,0.6447000050684437,2.9131000046618283,True,272.02838235116053
RSA+AES-256,500,4,54,479.25549999490613,0.6752999979653396,2.961899997899309,True,272.02838235116053
RSA+AES-256,500,4,55,493.6265999931493,0.6601999994018115,2.9089999952702783,True,272.02838235116053
RSA+AES-256,500,4,56,764.3048000027193,0.6035000042174943,2.9988999958732165,True,272.02838235116053
RSA+AES-256,500,4,57,225.67849999904865,0.6819000045652501,2.92950000584824,True,272.02838235116053
RSA+AES-256,500,4,58,583.5273999982746,0.6786999947507866,2.921500003139954,True,272.02838235116053
RSA+AES-256,500,4,59,793.4437999938382,0.5983000010019168,3.0665000012959354,True,272.02838235116053
RSA+AES-256,500,4,60,606.1307999989367,0.6709000008413568,3.0020999984117225,True,272.02838235116053
RSA+AES-256,500,4,61,296.88699999678647,0.6617999970330857,2.893299999414012,True,272.02838235116053
RSA+AES-256,500,4,62,175.94529999769293,0.6378999969456345,2.8674999994109385,True,272.02838235116053
RSA+AES-256,500,4,63,769.0908000004129,0.6677000055788085,2.9161999991629273,True,272.02838235116053
RSA+AES-256,500,4,64,167.4023999948986,0.633100004051812,2.8945000012754463,True,272.02838235116053
RSA+AES-256,500,4,65,1535.4507000010926,0.6613000005017966,2.9733000046689995,True,272.02838235116053
RSA+AES-256,500,4,66,1291.7821000010008,0.6466999984695576,2.9715999990003183,True,272.02838235116053
RSA+AES-256,500,4,67,44.70510000101058,0.5767000038758852,2.9495999988284893,True,272.02838235116053
RSA+AES-256,500,4,68,1486.6738999990048,0.6466999984695576,2.8894999995827675,True,272.02838235116053
RSA+AES-256,500,4,69,1883.2975999976043,0.6314999991445802,3.013200002897065,True,272.02838235116053
RSA+AES-256,500,4,70,2366.3363000014215,0.6513000043923967,2.901799998653587,True,272.02838235116053
RSA+AES-256,500,4,71,788.4224000008544,0.661700003547594,2.919799997471273,True,272.02838235116053
RSA+AES-256,500,4,72,1507.7935000008438,0.6637999977101572,2.892600001359824,True,272.02838235116053
RSA+AES-256,500,4,73,1968.129200002295,0.6931999960215762,2.978099997562822,True,272.02838235116053
RSA+AES-256,500,4,74,606.6381000055117,0.6060000014258549,2.980500001285691,True,272.02838235116053
RSA+AES-256,500,4,75,765.1790000018082,0.6735999995726161,2.8910999972140417,True,272.02838235116053
RSA+AES-256,500,4,76,918.8091999967583,0.6837999972049147,2.9301000031409785,True,272.02838235116053
RSA+AES-256,500,4,77,454.6675999954459,0.6501000025309622,2.8846999994129874,True,272.02838235116053
RSA+AES-256,500,4,78,973.8792999996804,0.7335999980568886,3.0002999992575496,True,272.02838235116053
RSA+AES-256,500,4,79,787.897600006545,0.683899997966364,3.0101999946055003,True,272.02838235116053
RSA+AES-256,500,4,80,788.9842999938992,0.6436000039684586,2.880100000766106,True,272.02838235116053
RSA+AES-256,500,4,81,396.130399996764,0.7037000032141805,2.9756000003544614,True,272.02838235116053
RSA+AES-256,500,4,82,492.2158000044874,0.6757999944966286,3.1524000005447306,True,272.02838235116053
RSA+AES-256,500,4,83,880.0714999961201,0.6659999999101274,3.0244000008678995,True,272.02838235116053
RSA+AES-256,500,4,84,477.9871999999159,0.6807999961893074,2.987699997902382,True,272.02838235116053
RSA+AES-256,500,4,85,210.95819999754895,0.6231000006664544,2.955900003144052,True,272.02838235116053
RSA+AES-256,500,4,86,382.6085999971838,0.6129999965196475,2.96100000559818,True,272.02838235116053
RSA+AES-256,500,4,87,2616.5844999995898,0.6990999972913414,2.8843999971286394,True,272.02838235116053
RSA+AES-256,500,4,88,436.58200000209035,0.6766999940737151,3.0853999996907078,True,272.02838235116053
RSA+AES-256,500,4,89,363.3801999967545,0.6776000009267591,2.992699999595061,True,272.02838235116053
RSA+AES-256,500,4,90,285.5801999976393,0.6310999960987829,2.835900006175507,True,272.02838235116053
RSA+AES-256,500,4,91,565.0576999978512,0.6889999931445345,3.014200003235601,True,272.02838235116053
RSA+AES-256,500,4,92,810.0001999991946,0.6668999994872138,3.189600000041537,True,272.02838235116053
RSA+AES-256,500,4,93,312.7708000029088,0.6720000019413419,2.9555000000982545,True,272.02838235116053
RSA+AES-256,500,4,94,225.8739000026253,0.6696000054944307,3.0006999950273894,True,272.02838235116053
RSA+AES-256,500,4,95,757.5599999981932,0.7550000009359792,3.0406000005314127,True,272.02838235116053
RSA+AES-256,500,4,96,234.32559999491787,0.6767000013496727,2.9547000012826174,True,272.02838235116053
RSA+AES-256,500,4,97,700.2595000012661,0.6716999996569939,2.993800000695046,True,272.02838235116053
RSA+AES-256,500,4,98,950.7663000040338,0.6781999982194975,2.9195999959483743,True,272.02838235116053
RSA+AES-256,500,4,99,594.1386999984388,0.6695000047329813,2.9414000018732622,True,272.02838235116053
RSA+AES-256,500,4,100,125.15469999925699,0.6062000029487535,2.936500000942033,True,272.02838235116053
RSA+AES-256,500,4,101,350.29799999756506,0.6627999973716214,2.9906999989179894,True,272.02838235116053
RSA+AES-256,500,4,102,1029.216599999927,0.6830999991507269,2.955299998575356,True,272.02838235116053
RSA+AES-256,500,4,103,266.1879000006593,0.6970000031287782,2.9939000014564954,True,272.02838235116053
RSA+AES-256,500,4,104,817.1232999957283,0.6790999977965839,2.856699997209944,True,272.02838235116053
RSA+AES-256,500,4,105,1516.3572000019485,0.6464999969466589,2.923799998825416,True,272.02838235116053
RSA+AES-256,500,4,106,1300.4653000025428,0.68710000050487,2.959299999929499,True,272.02838235116053
RSA+AES-256,500,4,107,2459.8224999936065,0.658500001009088,2.9286999997566454,True,272.02838235116053
RSA+AES-256,500,4,108,1319.6176000055857,0.826000003144145,3.095300002314616,True,272.02838235116053
RSA+AES-256,500,4,109,1049.9228999979096,0.6231999941519462,2.8851000024587847,True,272.02838235116053
RSA+AES-256,500,4,110,246.4992000022903,0.6594999940716662,2.962999998999294,True,272.02838235116053
RSA+AES-256,500,4,111,469.9099000063143,0.7008000029600225,2.9685000044992194,True,272.02838235116053
RSA+AES-256,500,4,112,48.514200003410224,0.6361000050674193,2.9513000044971704,True,272.02838235116053
RSA+AES-256,500,4,113,747.7052999965963,0.6437999982153997,2.951200003735721,True,272.02838235116053
RSA+AES-256,500,4,114,270.36729999963427,0.6623000008403324,2.9053999969619326,True,272.02838235116053
RSA+AES-256,500,4,115,835.4480999987572,0.676800002111122,2.933600000687875,True,272.02838235116053
RSA+AES-256,500,4,116,202.20500000141328,0.6543999988934956,3.00989999959711,True,272.02838235116053
RSA+AES-256,500,4,117,1096.9530000002123,0.6561999980476685,2.877999999327585,True,272.02838235116053
RSA+AES-256,500,4,118,287.96259999944596,0.6021000008331612,2.880599997297395,True,272.02838235116053
RSA+AES-256,500,4,119,276.78040000319015,0.6605000016861595,2.879600004234817,True,272.02838235116053
RSA+AES-256,500,4,120,1000.2204999982496,0.6683000028715469,2.9710999951930717,True,272.02838235116053
RSA+AES-256,500,4,121,1060.5169999980717,0.6607000032090582,3.046900004846975,True,272.02838235116053
RSA+AES-256,500,4,122,292.35280000284547,0.6351999982143752,2.9022000016993843,True,272.02838235116053
RSA+AES-256,500,4,123,125.32769999961602,0.6176000024424866,3.073499996389728,True,272.02838235116053
RSA+AES-256,500,4,124,1402.2563000035007,0.6833999941591173,2.982899997732602,True,272.02838235116053
RSA+AES-256,500,4,125,1166.7328999974416,0.6626000031246804,2.9089000017847866,True,272.02838235116053
RSA+AES-256,500,4,126,222.49130000273,0.6546000004163943,2.942599996458739,True,272.02838235116053
RSA+AES-256,500,4,127,149.1779999996652,0.5968999976175837,2.889899995352607,True,272.02838235116053
RSA+AES-256,500,4,128,739.7864000013215,0.6737999938195571,2.9211000000941567,True,272.02838235116053
RSA+AES-256,500,4,129,1000.9341999975732,0.6124999999883585,2.918499994848389,True,272.02838235116053
RSA+AES-256,500,4,130,708.0519999944954,0.6619999985559843,2.911299998231698,True,272.02838235116053
RSA+AES-256,500,4,131,1310.5252000023029,0.629100002697669,2.9756000003544614,True,272.02838235116053
RSA+AES-256,500,4,132,379.6182999940356,0.6759000025340356,2.9169000044930726,True,272.02838235116053
RSA+AES-256,500,4,133,604.7625999999582,0.6505999990622513,2.923799998825416,True,272.02838235116053
RSA+AES-256,500,4,134,3461.9284000000334,0.6444000027840957,2.892299999075476,True,272.02838235116053
RSA+AES-256,500,4,135,412.46030000183964,0.6980999969528057,3.0002999992575496,True,272.02838235116053
RSA+AES-256,500,4,136,612.7414000002318,0.6608000039705075,2.9346000010264106,True,272.02838235116053
RSA+AES-256,500,4,137,2127.2446000002674,0.6676999983028509,2.9848999984096736,True,272.02838235116053
RSA+AES-256,500,4,138,731.4310000001569,0.6749999956809916,2.9945000060251914,True,272.02838235116053
RSA+AES-256,500,4,139,415.6769000037457,0.5934000000706874,2.9394000011961907,True,272.02838235116053
RSA+AES-256,500,4,140,1033.7112999986857,0.6825000018579885,2.922600004239939,True,272.02838235116053
RSA+AES-256,500,4,141,1315.1645000034478,0.6656999976257794,2.909199996793177,True,272.02838235116053
RSA+AES-256,500,4,142,529.1461000015261,0.6531000035465695,2.9132999989087693,True,272.02838235116053
RSA+AES-256,500,4,143,964.9254999967525,0.647700006084051,2.8538999977172352,True,272.02838235116053
RSA+AES-256,500,4,144,232.93550000380492,0.6400999991456047,2.8967000034754165,True,272.02838235116053
RSA+AES-256,500,4,145,572.8156999975909,0.6776000009267591,2.8667000005953014,True,272.02838235116053
RSA+AES-256,500,4,146,826.1993999985862,0.5880999960936606,2.940799997304566,True,272.02838235116053
RSA+AES-256,500,4,147,422.38840000209166,0.6723999977111816,2.9763999991700985,True,272.02838235116053
RSA+AES-256,500,4,148,785.9859000018332,0.7146999996621162,2.918999998655636,True,272.02838235116053
RSA+AES-256,500,4,149,559.0488999951049,0.6679999933112413,2.957800003059674,True,272.02838235116053
RSA+AES-256,500,4,150,729.1177000006428,0.6450000000768341,2.879600004234817,True,272.02838235116053
RSA+AES-256,500,4,151,121.94279999675928,0.5869000015081838,2.901300002122298,True,272.02838235116053
RSA+AES-256,500,4,152,599.6263999986695,0.673100003041327,3.8138999952934682,True,272.02838235116053
RSA+AES-256,500,4,153,577.5537000008626,0.6789000035496429,3.019999996467959,True,272.02838235116053
RSA+AES-256,500,4,154,428.0581000057282,0.6637000042246655,2.883000001020264,True,272.02838235116053
RSA+AES-256,500,4,155,592.7221000019927,0.6131000045570545,2.947399996628519,True,272.02838235116053
RSA+AES-256,500,4,156,874.9041999981273,0.650499998300802,3.2011000002967194,True,272.02838235116053
RSA+AES-256,500,4,157,864.0599999998813,0.6053000033716671,2.9320999965420924,True,272.02838235116053
RSA+AES-256,500,4,158,1235.8091000060085,0.6199000054039061,2.965699997730553,True,272.02838235116053
RSA+AES-256,500,4,159,722.863299997698,0.6169999978737906,2.9591999991680495,True,272.02838235116053
RSA+AES-256,500,4,160,1629.0274999992107,0.6743999983882532,2.9250000006868504,True,272.02838235116053
RSA+AES-256,500,4,161,340.4500000033295,0.6127999949967489,2.98359999578679,True,272.02838235116053
RSA+AES-256,500,4,162,1811.8596999993315,0.7058000046527013,2.891199997975491,True,272.02838235116053
RSA+AES-256,500,4,163,153.58280000509694,0.6143999999039806,2.9279000009410083,True,272.02838235116053
RSA+AES-256,500,4,164,460.45470000535715,0.6776000009267591,2.9668999995919876,True,272.02838235116053
RSA+AES-256,500,4,165,1474.4295999989845,0.7591000030515715,3.168399998685345,True,272.02838235116053
RSA+AES-256,500,4,166,328.90779999434017,0.6932000032975338,2.9697999998461455,True,272.02838235116053
RSA+AES-256,500,4,167,212.29619999940041,0.6931000025360845,3.089199999521952,True,272.02838235116053
RSA+AES-256,500,4,168,775.2279999986058,0.702199999068398,2.9753999988315627,True,272.02838235116053
RSA+AES-256,500,4,169,2055.5878000013763,0.6559999965247698,2.89100000372855,True,272.02838235116053
RSA+AES-256,500,4,170,1131.3394000026165,0.6845999960205518,2.9799000039929524,True,272.02838235116053
RSA+AES-256,500,4,171,980.9287000025506,0.7007999956840649,2.9312999977264553,True,272.02838235116053
RSA+AES-256,500,4,172,517.8435000052559,0.672800000756979,2.944099993328564,True,272.02838235116053
RSA+AES-256,500,4,173,233.3753999992041,0.6481999953393824,2.8859999947599135,True,272.02838235116053
RSA+AES-256,500,4,174,1050.8480999997118,0.6456000046455301,3.087799996137619,True,272.02838235116053
RSA+AES-256,500,4,175,570.5356999969808,0.6521000032080337,2.8703999996650964,True,272.02838235116053
RSA+AES-256,500,4,176,1260.5001000047196,0.6662999949185178,2.98060000204714,True,272.02838235116053
RSA+AES-256,500,4,177,232.60100000334205,0.6336000005831011,2.9124000066076405,True,272.02838235116053
RSA+AES-256,500,4,178,938.32090000069,0.65819999872474,2.9177000033087097,True,272.02838235116053
RSA+AES-256,500,4,179,631.2729000055697,0.6532999977935106,2.980799996294081,True,272.02838235116053
RSA+AES-256,500,4,180,843.5815999982879,0.6461000011768192,2.8626999992411584,True,272.02838235116053
RSA+AES-256,500,4,181,1479.2853000035393,0.6381999992299825,2.897099999245256,True,272.02838235116053
RSA+AES-256,500,4,182,491.30929999955697,0.6838000044808723,3.178999999363441,True,272.02838235116053
RSA+AES-256,500,4,183,105.95640000246931,0.6447999985539354,2.937600002042018,True,272.02838235116053
RSA+AES-256,500,4,184,942.0935999951325,0.6572000056621619,3.219799997168593,True,272.02838235116053
RSA+AES-256,500,4,185,2287.413700003526,0.6901000015204772,2.9562999989138916,True,272.02838235116053
RSA+AES-256,500,4,186,988.0436999956146,0.6973999988986179,2.945799998997245,True,272.02838235116053
RSA+AES-256,500,4,187,371.0810999982641,0.6108999950811267,2.945300002465956,True,272.02838235116053
RSA+AES-256,500,4,188,852.9419999977108,0.6701000020257197,2.9090999960317276,True,272.02838235116053
RSA+AES-256,500,4,189,431.57829999836395,0.6891999946674332,2.9818999973940663,True,272.02838235116053
RSA+AES-256,500,4,190,453.71809999778634,0.657899996440392,2.871499993489124,True,272.02838235116053
RSA+AES-256,500,4,191,803.890399998636,0.665100000333041,2.95170000026701,True,272.02838235116053
RSA+AES-256,500,4,192,1028.376299997035,0.6489000006695278,2.871200005756691,True,272.02838235116053
RSA+AES-256,500,4,193,392.82339999772375,0.5978999979561195,2.964100000099279,True,272.02838235116053
RSA+AES-256,500,4,194,786.809400000493,0.6643000015174039,2.9071999961161055,True,272.02838235116053
RSA+AES-256,500,4,195,535.456499994325,0.6926999994902872,2.9601999995065853,True,272.02838235116053
RSA+AES-256,500,4,196,314.85999999858905,0.6557999950018711,2.8681000039796345,True,272.02838235116053
RSA+AES-256,500,4,197,319.0485000013723,0.6849000055808574,3.0221999986679293,True,272.02838235116053
RSA+AES-256,500,4,198,404.4593999933568,0.6806000019423664,2.962699996714946,True,272.02838235116053
RSA+AES-256,500,4,199,583.9389000029769,0.7107999990694225,3.1497000018134713,True,272.02838235116053
RSA+AES-256,500,4,200,417.6305000000866,0.6718000004184432,2.9574000000138767,True,272.02838235116053
RSA+AES-256,500,4,201,629.2653000054997,0.6858999986434355,3.208500005712267,True,272.02838235116053
RSA+AES-256,500,4,202,903.7581000011414,0.6729000015184283,2.882499997213017,True,272.02838235116053
RSA+AES-256,500,4,203,1088.5290000005625,0.7314999966183677,3.017100003489759,True,272.02838235116053
RSA+AES-256,500,4,204,198.5789999962435,0.6807999961893074,2.995299997564871,True,272.02838235116053
RSA+AES-256,500,4,205,795.8861000006436,0.6734999988111667,3.0345000050147064,True,272.02838235116053
RSA+AES-256,500,4,206,788.318300001265,0.6826999961049296,2.884599998651538,True,272.02838235116053
RSA+AES-256,500,4,207,429.42410000250675,0.6852000005892478,2.9731999966315925,True,272.02838235116053
RSA+AES-256,500,4,208,808.5611000060453,0.7717999978922307,2.93950000195764,True,272.02838235116053
RSA+AES-256,500,4,209,867.0520000014221,0.662200000078883,2.873500001442153,True,272.02838235116053
RSA+AES-256,500,4,210,540.0216999987606,0.6699000005028211,2.951399997982662,True,272.02838235116053
RSA+AES-256,500,4,211,337.32350000354927,0.625599997874815,2.8959000046597794,True,272.02838235116053
RSA+AES-256,500,4,212,311.97899999824585,0.6107000008341856,3.0057999974815175,True,272.02838235116053
RSA+AES-256,500,4,213,437.08300000434974,0.6553999992320314,2.9691000017919578,True,272.02838235116053
RSA+AES-256,500,4,214,839.5062000054168,0.6572999991476536,2.8982000003452413,True,272.02838235116053
RSA+AES-256,500,4,215,462.3135000001639,0.635899996268563,2.9272999963723123,True,272.02838235116053
RSA+AES-256,500,4,216,714.0185000025667,0.6629000054090284,2.9758999953628518,True,272.02838235116053
RSA+AES-256,500,4,217,349.11899999860907,0.668799999402836,2.9441000006045215,True,272.02838235116053
RSA+AES-256,500,4,218,1066.6741999957594,0.668799999402836,2.923499996541068,True,272.02838235116053
RSA+AES-256,500,4,219,453.69989999744575,0.6496999994851649,2.8842000028816983,True,272.02838235116053
RSA+AES-256,500,4,220,341.09449999959907,0.6550000034621917,2.8882000042358413,True,272.02838235116053
RSA+AES-256,500,4,221,567.8475000022445,0.6888999996590428,3.066099998250138,True,272.02838235116053
RSA+AES-256,500,4,222,95.39699999731965,0.5862999969394878,2.9730000023846515,True,272.02838235116053
RSA+AES-256,500,4,223,254.12250000226777,0.9449999997741543,3.0552000025636517,True,272.02838235116053
RSA+AES-256,500,4,224,678.7722000008216,0.6674999967799522,2.946299995528534,True,272.02838235116053
RSA+AES-256,500,4,225,2307.6577999963774,0.6490000014309771,2.964899998914916,True,272.02838235116053
RSA+AES-256,500,4,226,233.2574999963981,0.6617999970330857,2.954999996291008,True,272.02838235116053
RSA+AES-256,500,4,227,647.2957999940263,0.6471999950008467,2.8730999983963557,True,272.02838235116053
RSA+AES-256,500,4,228,1060.376500005077,0.6123999992269091,2.962699996714946,True,272.02838235116053
RSA+AES-256,500,4,229,1108.9460000002873,0.6682999955955893,3.028300001460593,True,272.02838235116053
RSA+AES-256,500,4,230,441.5171000000555,0.6737000003340654,3.0688999977428466,True,272.02838235116053
RSA+AES-256,500,4,231,576.9932000039262,0.6683999963570386,2.8928000028827228,True,272.02838235116053
RSA+AES-256,500,4,232,1984.171600000991,0.7052000000840053,2.876400001696311,True,272.02838235116053
RSA+AES-256,500,4,233,472.46219999942696,0.6694999974570237,2.9506999999284744,True,272.02838235116053
RSA+AES-256,500,4,234,294.9998999974923,0.6528000012622215,2.9056999992462806,True,272.02838235116053
RSA+AES-256,500,4,235,263.33389999490464,0.6777999951737002,2.936500000942033,True,272.02838235116053
RSA+AES-256,500,4,236,1885.2934000024106,0.6879000065964647,2.967499996884726,True,272.02838235116053
RSA+AES-256,500,4,237,923.8687999968533,0.651299997116439,2.8881999969598837,True,272.02838235116053
RSA+AES-256,500,4,238,1062.4199000012595,0.6443999955081381,2.904699998907745,True,272.02838235116053
RSA+AES-256,500,4,239,521.643200001563,0.6865000032121316,3.012799999851268,True,272.02838235116053
RSA+AES-256,500,4,240,2286.96299999865,0.7177000006777234,3.024199999345001,True,272.02838235116053
RSA+AES-256,500,4,241,761.0190999985207,0.6676999983028509,3.0144999982439913,True,272.02838235116053
RSA+AES-256,500,4,242,329.8536000002059,0.661700003547594,3.0830999967292883,True,272.02838235116053
RSA+AES-256,500,4,243,51.88819999602856,0.5387999990489334,2.922399995441083,True,272.02838235116053
RSA+AES-256,500,4,244,376.90999999904307,0.691400004143361,2.9389999981503934,True,272.02838235116053
RSA+AES-256,500,4,245,438.9437999998336,0.6394000010914169,2.8454999992391095,True,272.02838235116053
RSA+AES-256,500,4,246,586.8344999980764,0.6644999957643449,3.0062999940128066,True,272.02838235116053
RSA+AES-256,500,4,247,738.7398999999277,0.6682000021100976,2.915099998062942,True,272.02838235116053
RSA+AES-256,500,4,248,355.64069999963976,0.7097999987308867,2.9404000015347265,True,272.02838235116053
RSA+AES-256,500,4,249,643.7220000007073,0.6675999975414015,2.909800001361873,True,272.02838235116053
RSA+AES-256,500,4,250,1752.1251999933156,0.625299995590467,2.8965999954380095,True,272.02838235116053
RSA+AES-256,500,4,251,87.07290000165813,0.5901999975321814,2.867600000172388,True,272.02838235116053
RSA+AES-256,500,4,252,1373.1154999986757,0.6887999988975935,3.00950000382727,True,272.02838235116053
RSA+AES-256,500,4,253,552.6625999991666,0.665400002617389,2.964899998914916,True,272.02838235116053
RSA+AES-256,500,4,254,87.32560000498779,0.6044999972800724,2.9412000003503636,True,272.02838235116053
RSA+AES-256,500,4,255,267.4306000044453,0.650499998300802,2.9298000008566305,True,272.02838235116053
RSA+AES-256,500,4,256,525.8442999984254,0.6751000037183985,2.889399998821318,True,272.02838235116053
RSA+AES-256,500,4,257,91.95960000215564,0.596699996094685,2.880899999581743,True,272.02838235116053
RSA+AES-256,500,4,258,423.82379999617115,0.6858999986434355,3.0697000038344413,True,272.02838235116053
RSA+AES-256,500,4,259,209.35589999862714,0.6605000016861595,2.9243999961181544,True,272.02838235116053
RSA+AES-256,500,4,260,965.2249999999185,0.6075000055716373,2.915200006100349,True,272.02838235116053
RSA+AES-256,500,4,261,1121.6954000046826,0.6763000055798329,2.9661000007763505,True,272.02838235116053
RSA+AES-256,500,4,262,899.4476000007126,0.683400001435075,3.023500001290813,True,272.02838235116053
RSA+AES-256,500,4,263,427.17049999919254,0.6582999994861893,2.9173000002629124,True,272.02838235116053
RSA+AES-256,500,4,264,689.6645000015269,0.6887000054121017,3.076500004681293,True,272.02838235116053
RSA+AES-256,500,4,265,176.93779999535764,0.6701000020257197,3.007600003911648,True,272.02838235116053
RSA+AES-256,500,4,266,586.6432999973767,0.6720000019413419,3.002199999173172,True,272.02838235116053
RSA+AES-256,500,4,267,1456.4415999993798,0.6745999999111518,2.913500000431668,True,272.02838235116053
RSA+AES-256,500,4,268,1774.9359999943408,0.6874999962747097,3.0073999951127917,True,272.02838235116053
RSA+AES-256,500,4,269,582.337899999402,0.6584000002476387,2.9049000004306436,True,272.02838235116053
RSA+AES-256,500,4,270,919.1607999964617,0.6636999969487078,2.879799998481758,True,272.02838235116053
RSA+AES-256,500,4,271,388.14600000478094,0.6742999976268038,3.00210000568768,True,272.02838235116053
RSA+AES-256,500,4,272,934.3896999998833,0.6820999988121912,2.875600002880674,True,272.02838235116053
RSA+AES-256,500,4,273,1598.0802999984007,0.6740000026184134,2.8887000007671304,True,272.02838235116053
RSA+AES-256,500,4,274,816.0047000055783,0.6539000023622066,2.93989999772748,True,272.02838235116053
RSA+AES-256,500,4,275,555.6145000009565,0.6461999946623109,2.8744000010192394,True,272.02838235116053
RSA+AES-256,500,4,276,883.8066999960574,0.6699000005028211,3.214500000467524,True,272.02838235116053
RSA+AES-256,500,4,277,465.73280000302475,0.658300006762147,3.2198999979300424,True,272.02838235116053
RSA+AES-256,500,4,278,1079.1805000044405,0.6850000063423067,2.9458000062732026,True,272.02838235116053
RSA+AES-256,500,4,279,773.1839999978547,0.6232000014279038,2.9824999946868047,True,272.02838235116053
RSA+AES-256,500,4,280,118.63869999797316,0.6739000018569641,2.9715999990003183,True,272.02838235116053
RSA+AES-256,500,4,281,217.57800000341376,0.6323999987216666,2.9871999940951355,True,272.02838235116053
RSA+AES-256,500,4,282,279.44940000452334,0.6473000030382536,2.9066000060993247,True,272.02838235116053
RSA+AES-256,500,4,283,533.9514000006602,0.6926999994902872,2.9537000009440817,True,272.02838235116053
RSA+AES-256,500,4,284,790.4574999993201,0.6519000016851351,2.8558999983943067,True,272.02838235116053
RSA+AES-256,500,4,285,427.2627000027569,0.6686999986413866,3.150499993353151,True,272.02838235116053
RSA+AES-256,500,4,286,406.2657000031322,0.6221000003279187,2.8655999994953163,True,272.02838235116053
RSA+AES-256,500,4,287,164.96149999875342,0.6693000032100827,2.9797999959555455,True,272.02838235116053
RSA+AES-256,500,4,288,423.57780000020284,0.6452999950852245,2.8884999992442317,True,272.02838235116053
RSA+AES-256,500,4,289,910.8297999991919,0.6544000061694533,2.962300000945106,True,272.02838235116053
RSA+AES-256,500,4,290,1294.709600006172,0.669599998218473,2.9477999996743165,True,272.02838235116053
RSA+AES-256,500,4,291,1759.6462999936193,0.6532999977935106,2.9089000017847866,True,272.02838235116053
RSA+AES-256,500,4,292,355.7700000019395,0.6481000018538907,2.886700000090059,True,272.02838235116053
RSA+AES-256,500,4,293,648.391000002448,0.6568999961018562,2.9590000049211085,True,272.02838235116053
RSA+AES-256,500,4,294,340.4540999981691,0.6320000029518269,3.352100000483915,True,272.02838235116053
RSA+AES-256,500,4,295,135.85270000476157,0.5872999972780235,2.8708000027108938,True,272.02838235116053
RSA+AES-256,500,4,296,1834.0024999997695,0.6549999961862341,2.9531000036513433,True,272.02838235116053
RSA+AES-256,500,4,297,982.3305999962031,0.6464000034611672,2.898099999583792,True,272.02838235116053
RSA+AES-256,500,4,298,325.68840000021737,0.6450000000768341,2.8985000026295893,True,272.02838235116053
RSA+AES-256,500,4,299,327.3313000026974,0.63189999491442,2.861300003132783,True,272.02838235116053
RSA+AES-256,500,4,300,368.85390000679763,0.64820000261534,2.9496999995899387,True,272.02838235116053
RSA+AES-256,500,4,301,1137.2550000014598,0.6633999946643598,2.904000000853557,True,272.02838235116053
RSA+AES-256,500,4,302,726.7682000019704,0.6594999940716662,2.8732999999192543,True,272.02838235116053
RSA+AES-256,500,4,303,962.572899996303,0.6777000016882084,2.962300000945106,True,272.02838235116053
RSA+AES-256,500,4,304,176.69939999905182,0.5977999971946701,2.9429999995045364,True,272.02838235116053
RSA+AES-256,500,4,305,1071.343399999023,0.6045999980415218,2.9418999984045513,True,272.02838235116053
RSA+AES-256,500,4,306,531.7310000027646,0.661899997794535,2.96169999637641,True,272.02838235116053
RSA+AES-256,500,4,307,369.50789999536937,0.6850999998277985,3.206300003512297,True,272.02838235116053
RSA+AES-256,500,4,308,1243.8360000014654,0.6327000010060146,2.9792999994242564,True,272.02838235116053
RSA+AES-256,500,4,309,541.4822999955504,0.6521000032080337,2.9023000024608336,True,272.02838235116053
RSA+AES-256,500,4,310,752.5134000024991,0.6448999993153848,2.857499996025581,True,272.02838235116053
RSA+AES-256,500,4,311,753.5700000007637,0.6657999983872287,3.2452999948873185,True,272.02838235116053
RSA+AES-256,500,4,312,592.8953000038746,0.851400000101421,3.2452000014018267,True,272.02838235116053
RSA+AES-256,500,4,313,332.1372999998857,0.6752000044798478,2.8850000016973354,True,272.02838235116053
RSA+AES-256,500,4,314,441.9385000001057,0.6123000057414174,2.9966999936732464,True,272.02838235116053
RSA+AES-256,500,4,315,1083.4850000028382,0.6667000052402727,2.9217999981483445,True,272.02838235116053
RSA+AES-256,500,4,316,131.88619999709772,0.6641999934799969,3.0853999996907078,True,272.02838235116053
RSA+AES-256,500,4,317,435.75029999919934,0.6725999992340803,2.93989999772748,True,272.02838235116053
RSA+AES-256,500,4,318,353.4473999970942,0.6571999983862042,2.9565000004367903,True,272.02838235116053
RSA+AES-256,500,4,319,703.2307999979821,0.6972000046516769,2.990299995872192,True,272.02838235116053
RSA+AES-256,500,4,320,1002.1675000025425,0.6840999994892627,2.980500001285691,True,272.02838235116053
RSA+AES-256,500,4,321,1456.0579000026337,1.057800000126008,3.018700001121033,True,272.02838235116053
RSA+AES-256,500,4,322,322.1530000009807,0.6381999992299825,3.046600002562627,True,272.02838235116053
RSA+AES-256,500,4,323,260.84239999909187,0.6950999959371984,3.01210000179708,True,272.02838235116053
RSA+AES-256,500,4,324,544.8489000045811,0.661899997794535,2.9876000044168904,True,272.02838235116053
RSA+AES-256,500,4,325,206.35350000520702,0.6608999974559993,3.0065999962971546,True,272.02838235116053
RSA+AES-256,500,4,326,660.0266000023112,0.6790999977965839,2.952000002551358,True,272.02838235116053
RSA+AES-256,500,4,327,480.3234999999404,0.6806000019423664,3.0192000049282797,True,272.02838235116053
RSA+AES-256,500,4,328,840.2795999936643,0.9769000025698915,3.03169999824604,True,272.02838235116053
RSA+AES-256,500,4,329,408.47349999967264,0.687899999320507,2.9419999991660006,True,272.02838235116053
RSA+AES-256,500,4,330,753.0055000024731,0.6796000016038306,3.0083999954513274,True,272.02838235116053
RSA+AES-256,500,4,331,529.3137000044226,0.6829999983892776,3.1901999973342754,True,272.02838235116053
RSA+AES-256,500,4,332,1041.9798999937484,0.6410999994841404,2.8960999989067204,True,272.02838235116053
RSA+AES-256,500,4,333,398.8037000017357,0.6332000048132613,2.9257999995024875,True,272.02838235116053
RSA+AES-256,500,4,334,1186.4979999954812,0.6797000023652799,2.9489000007743016,True,272.02838235116053
RSA+AES-256,500,4,335,56.351100000028964,0.5750999989686534,2.893400000175461,True,272.02838235116053
RSA+AES-256,500,4,336,658.0278999972506,0.7913000008556992,2.959299999929499,True,272.02838235116053
RSA+AES-256,500,4,337,873.006699999678,0.6770000036340207,2.976900002977345,True,272.02838235116053
RSA+AES-256,500,4,338,2265.8011999956216,0.64340000244556,2.84539999847766,True,272.02838235116053
RSA+AES-256,500,4,339,508.8571000014781,0.6852999940747395,2.9731999966315925,True,272.02838235116053
RSA+AES-256,500,4,340,763.6114000051748,0.6737999938195571,2.8997999979765154,True,272.02838235116053
RSA+AES-256,500,4,341,201.37239999894518,0.6158000032883137,2.8653999979724176,True,272.02838235116053
RSA+AES-256,500,4,342,630.5474000037066,0.6558000022778288,3.022400000190828,True,272.02838235116053
RSA+AES-256,500,4,343,57.77880000096047,0.5918999959249049,3.035400004591793,True,272.02838235116053
RSA+AES-256,500,4,344,221.45370000362163,0.6675000040559098,2.991299996210728,True,272.02838235116053
RSA+AES-256,500,4,345,280.63019999535754,0.6206000034580939,2.9293000043253414,True,272.02838235116053
RSA+AES-256,500,4,346,279.45599999657134,0.6748000014340505,2.9818000039085746,True,272.02838235116053
RSA+AES-256,500,4,347,877.1591999975499,0.6852000005892478,3.11360000341665,True,272.02838235116053
RSA+AES-256,500,4,348,839.4751999949221,0.6729000015184283,2.8634999980567954,True,272.02838235116053
RSA+AES-256,500,4,349,894.8109000048134,0.6737000003340654,2.9625999959534965,True,272.02838235116053
RSA+AES-256,500,4,350,167.95490000367863,0.6169999978737906,2.8620999946724623,True,272.02838235116053
RSA+AES-256,500,4,351,761.7360000003828,0.662200000078883,2.945499996712897,True,272.02838235116053
RSA+AES-256,500,4,352,943.8850000005914,0.662200000078883,2.855800004908815,True,272.02838235116053
RSA+AES-256,500,4,353,1132.8147999956855,0.6562999988091178,2.8728000033879653,True,272.02838235116053
RSA+AES-256,500,4,354,173.3890999967116,0.6412000002455898,2.8993000014452264,True,272.02838235116053
RSA+AES-256,500,4,355,635.9396000043489,0.6495000052382238,2.9137999954400584,True,272.02838235116053
RSA+AES-256,500,4,356,262.633199999982,0.6228999991435558,2.892100004828535,True,272.02838235116053
RSA+AES-256,500,4,357,646.0245999987819,0.6787999955122359,2.922600004239939,True,272.02838235116053
RSA+AES-256,500,4,358,474.31639999558683,0.64820000261534,2.927800000179559,True,272.02838235116053
RSA+AES-256,500,4,359,1162.8732000026503,0.6656999976257794,3.0250999989220873,True,272.02838235116053
RSA+AES-256,500,4,360,635.4793999998947,0.675899995258078,3.010600004927255,True,272.02838235116053
RSA+AES-256,500,4,361,270.997300001909,0.6833999941591173,2.9990000039106235,True,272.02838235116053
RSA+AES-256,500,4,362,597.7166000011493,0.6928000002517365,2.9408999980660155,True,272.02838235116053
RSA+AES-256,500,4,363,629.7412000058102,0.6742999976268038,2.993499998410698,True,272.02838235116053
RSA+AES-256,500,4,364,302.41590000514407,0.6725000057485886,2.9529000021284446,True,272.02838235116053
RSA+AES-256,500,4,365,990.8990000039921,0.6763999990653247,2.9281999959493987,True,272.02838235116053
RSA+AES-256,500,4,366,1251.6292000000249,0.6614999947487377,2.9704999979003333,True,272.02838235116053
RSA+AES-256,500,4,367,987.0929000026081,0.6509000013465993,2.9004000025452115,True,272.02838235116053
RSA+AES-256,500,4,368,1340.7855999976164,0.6455999973695725,2.9418000049190596,True,272.02838235116053
RSA+AES-256,500,4,369,666.5222999945399,0.6477999995695427,2.861300003132783,True,272.02838235116053
RSA+AES-256,500,4,370,432.43359999905806,0.6590000048163347,2.9151999988243915,True,272.02838235116053
RSA+AES-256,500,4,371,88.71750000253087,0.6934999983059242,2.955399999336805,True,272.02838235116053
RSA+AES-256,500,4,372,309.0520000041579,0.6672000017715618,2.9203999947640114,True,272.02838235116053
RSA+AES-256,500,4,373,907.0584000000963,0.6537999943247996,2.8693999993265606,True,272.02838235116053
RSA+AES-256,500,4,374,595.415600000706,0.6963999985600822,3.038299997569993,True,272.02838235116053
RSA+AES-256,500,4,375,568.5293999995338,0.6632999939029105,2.886399997805711,True,272.02838235116053
RSA+AES-256,500,4,376,997.7077000003192,0.6962999977986328,3.0207000017981045,True,272.02838235116053
RSA+AES-256,500,4,377,155.05880000273464,0.6270000012591481,2.890099996875506,True,272.02838235116053
RSA+AES-256,500,4,378,744.1158000001451,0.6568000026163645,2.8777000043191947,True,272.02838235116053
RSA+AES-256,500,4,379,1254.0644999971846,0.8492999986629002,2.976299998408649,True,272.02838235116053
RSA+AES-256,500,4,380,497.1447999996599,0.6807000027038157,2.9997000019648112,True,272.02838235116053
RSA+AES-256,500,4,381,234.99140000058105,0.6302999972831458,2.935999997134786,True,272.02838235116053
RSA+AES-256,500,4,382,1028.8770999977714,0.6617999970330857,3.0133000036585145,True,272.02838235116053
RSA+AES-256,500,4,383,265.23570000426844,0.6461000011768192,2.9481000019586645,True,272.02838235116053
RSA+AES-256,500,4,384,855.354500003159,0.6445999970310368,3.1535000016447157,True,272.02838235116053
RSA+AES-256,500,4,385,738.109899997653,0.6608000039705075,2.9144000000087544,True,272.02838235116053
RSA+AES-256,500,4,386,137.10850000643404,0.618500002019573,2.9352999990805984,True,272.02838235116053
RSA+AES-256,500,4,387,1403.4667999949306,0.6643000015174039,3.017099996213801,True,272.02838235116053
RSA+AES-256,500,4,388,370.25939999875845,0.6973999988986179,2.9304999989108182,True,272.02838235116053
RSA+AES-256,500,4,389,263.4546000044793,0.6620999993174337,2.928100002463907,True,272.02838235116053
RSA+AES-256,500,4,390,293.0735999980243,0.6715999988955446,3.0483999944408424,True,272.02838235116053
RSA+AES-256,500,4,391,1147.872000001371,0.6519000016851351,3.1060000037541613,True,272.02838235116053
RSA+AES-256,500,4,392,904.585300006147,0.6569999968633056,3.184799999871757,True,272.02838235116053
RSA+AES-256,500,4,393,816.32879999961,0.6651999938185327,3.002299999934621,True,272.02838235116053
RSA+AES-256,500,4,394,224.05740000249352,0.6355000004987232,2.9616000028909184,True,272.02838235116053
RSA+AES-256,500,4,395,619.6029999991879,0.6599000043934211,3.030899999430403,True,272.02838235116053
RSA+AES-256,500,4,396,339.6862000008696,0.6877999985590577,2.9237000053399242,True,272.02838235116053
RSA+AES-256,500,4,397,496.22030000318773,0.6520999959320761,2.8912000052514486,True,272.02838235116053
RSA+AES-256,500,4,398,121.37849999999162,0.6327000010060146,2.905000001192093,True,272.02838235116053
RSA+AES-256,500,4,399,157.56339999643387,0.6284000046434812,2.9288000005180947,True,272.02838235116053
RSA+AES-256,500,4,400,513.7307000040892,0.6439999997382984,3.005699996720068,True,272.02838235116053
RSA+AES-256,500,4,401,1143.1919000024209,0.6821999995736405,2.9474000039044768,True,272.02838235116053
RSA+AES-256,500,4,402,395.7905999996001,0.6867000047350302,2.937799996288959,True,272.02838235116053
RSA+AES-256,500,4,403,289.96660000120755,0.6635999961872585,3.0438000030699186,True,272.02838235116053
RSA+AES-256,500,4,404,540.9961000041221,0.6751000037183985,3.224000000045635,True,272.02838235116053
RSA+AES-256,500,4,405,1587.8985000017565,0.6554999999934807,2.865300004486926,True,272.02838235116053
RSA+AES-256,500,4,406,522.1367999984068,0.7096999979694374,3.418499996769242,True,272.02838235116053
RSA+AES-256,500,4,407,957.2184999997262,0.6685999978799373,2.9799000039929524,True,272.02838235116053
RSA+AES-256,500,4,408,971.3055000029271,0.6920000014360994,2.9649999996763654,True,272.02838235116053
RSA+AES-256,500,4,409,917.8247999952873,0.6578000029549003,2.928900001279544,True,272.02838235116053
RSA+AES-256,500,4,410,621.8473999979324,0.723099998140242,2.9734999989159405,True,272.02838235116053
RSA+AES-256,500,4,411,223.64899999956833,0.6781999982194975,2.942700004496146,True,272.02838235116053
RSA+AES-256,500,4,412,1219.7557000035886,0.625900000159163,2.949999994598329,True,272.02838235116053
RSA+AES-256,500,4,413,493.1499000012991,0.6186000027810223,2.9749000023002736,True,272.02838235116053
RSA+AES-256,500,4,414,384.8221999942325,0.6848999983048998,2.938899997388944,True,272.02838235116053
RSA+AES-256,500,4,415,334.6583999955328,0.6333999990602024,2.8590000001713634,True,272.02838235116053
RSA+AES-256,500,4,416,66.256499994779,0.6229999999050051,2.951200003735721,True,272.02838235116053
RSA+AES-256,500,4,417,749.4437999994261,0.6681000013486482,2.9598000037367456,True,272.02838235116053
RSA+AES-256,500,4,418,173.79369999980554,0.6186000027810223,2.8840000013587996,True,272.02838235116053
RSA+AES-256,500,4,419,1057.408900000155,0.6644000022788532,2.873199999157805,True,272.02838235116053
RSA+AES-256,500,4,420,1046.3025000062771,0.6567000018549152,3.1534000008832663,True,272.02838235116053
RSA+AES-256,500,4,421,478.91119999985676,0.6378000034601428,3.2085999991977587,True,272.02838235116053
RSA+AES-256,500,4,422,376.53359999967506,0.6696999989799224,2.9907999996794388,True,272.02838235116053
RSA+AES-256,500,4,423,585.6516999992891,0.7152999969548546,3.006500002811663,True,272.02838235116053
RSA+AES-256,500,4,424,965.7052000038675,0.6797000023652799,2.9653000019607134,True,272.02838235116053
RSA+AES-256,500,4,425,381.2169000011636,0.683700003719423,2.9624000017065555,True,272.02838235116053
RSA+AES-256,500,4,426,348.5233000028529,0.6136000010883436,2.9085999995004386,True,272.02838235116053
RSA+AES-256,500,4,427,1103.4759000031045,0.673400005325675,2.890000003390014,True,272.02838235116053
RSA+AES-256,500,4,428,1436.6731999980402,0.6684000036329962,2.9980999970575795,True,272.02838235116053
RSA+AES-256,500,4,429,1073.3834000056959,0.7092000014381483,2.9325000068638474,True,272.02838235116053
RSA+AES-256,500,4,430,2016.5358999947784,0.6447999985539354,2.8755000021192245,True,272.02838235116053
RSA+AES-256,500,4,431,1167.7341999966302,0.6685999978799373,2.956000003905501,True,272.02838235116053
RSA+AES-256,500,4,432,740.6098999999813,0.6726000065100379,3.628000005846843,True,272.02838235116053
RSA+AES-256,500,4,433,2512.7621999999974,0.6791999985580333,2.887499998905696,True,272.02838235116053
RSA+AES-256,500,4,434,1688.9290999970399,0.6492000029538758,2.863200003048405,True,272.02838235116053
RSA+AES-256,500,4,435,871.0560000035912,0.6847000040579587,2.922099993156735,True,272.02838235116053
RSA+AES-256,500,4,436,570.8016999997199,0.6108999950811267,2.949300003820099,True,272.02838235116053
RSA+AES-256,500,4,437,216.6099999958533,0.6485000048996881,2.885099995182827,True,272.02838235116053
RSA+AES-256,500,4,438,643.9872999981162,0.7511000003432855,3.0213999998522922,True,272.02838235116053
RSA+AES-256,500,4,439,1446.4778000037768,0.680000004649628,2.9811999993398786,True,272.02838235116053
RSA+AES-256,500,4,440,523.525000004156,0.6952000039746054,3.003100006026216,True,272.02838235116053
RSA+AES-256,500,4,441,1476.727799999935,0.6138000026112422,2.9911999954492785,True,272.02838235116053
RSA+AES-256,500,4,442,305.26970000209985,0.6450000000768341,2.8748999975505285,True,272.02838235116053
RSA+AES-256,500,4,443,875.4345999986981,0.6667999987257645,2.9416999968816526,True,272.02838235116053
RSA+AES-256,500,4,444,1207.7711000019917,0.6787999955122359,2.997199997480493,True,272.02838235116053
RSA+AES-256,500,4,445,1028.8407000043662,0.684200000250712,2.9748000015388243,True,272.02838235116053
RSA+AES-256,500,4,446,1360.7937999986461,0.7143999973777682,3.0067999978200532,True,272.02838235116053
RSA+AES-256,500,4,447,743.6095000011846,0.6018999993102625,2.8908000022056513,True,272.02838235116053
RSA+AES-256,500,4,448,963.6151000013342,0.6935999990673736,3.0189999961294234,True,272.02838235116053
RSA+AES-256,500,4,449,1097.1275000047171,0.6778000024496578,3.04619999951683,True,272.02838235116053
RSA+AES-256,500,4,450,382.34770000417484,0.7033999936538748,3.12839999969583,True,272.02838235116053
RSA+AES-256,500,4,451,796.4990000036778,0.72080000245478,3.056400004425086,True,272.02838235116053
RSA+AES-256,500,4,452,618.3884999991278,0.6815000015194528,3.0698999980813824,True,272.02838235116053
RSA+AES-256,500,4,453,1859.8233000011533,0.6823000003350899,3.0210000040824525,True,272.02838235116053
RSA+AES-256,500,4,454,2416.3326999987476,0.6560999972862191,2.9415000026347116,True,272.02838235116053
RSA+AES-256,500,4,455,638.6839999977383,0.6613000005017966,2.9701999956159852,True,272.02838235116053
RSA+AES-256,500,4,456,1249.3986999979825,0.6839999987278134,3.0262000000220723,True,272.02838235116053
RSA+AES-256,500,4,457,980.9101999999257,0.6732999972882681,2.9243999961181544,True,272.02838235116053
RSA+AES-256,500,4,458,850.575900003605,0.6550000034621917,2.883000001020264,True,272.02838235116053
RSA+AES-256,500,4,459,352.87099999550264,0.6102999977883883,2.943999999843072,True,272.02838235116053
RSA+AES-256,500,4,460,758.1199999985984,0.6371999988914467,2.8841999956057407,True,272.02838235116053
RSA+AES-256,500,4,461,859.9451000045519,0.6517000001622364,2.889299998059869,True,272.02838235116053
RSA+AES-256,500,4,462,426.0839999988093,0.6821000060881488,2.9489000007743016,True,272.02838235116053
RSA+AES-256,500,4,463,631.3408999994863,0.6480000010924414,2.909999995608814,True,272.02838235116053
RSA+AES-256,500,4,464,871.2924999999814,0.6589999975403771,2.966699998069089,True,272.02838235116053
RSA+AES-256,500,4,465,220.668800000567,0.6152999994810671,2.853299993148539,True,272.02838235116053
RSA+AES-256,500,4,466,545.2015999981086,0.6810999984736554,3.001800003403332,True,272.02838235116053
RSA+AES-256,500,4,467,202.9266000026837,0.6561000045621768,2.9827999969711527,True,272.02838235116053
RSA+AES-256,500,4,468,644.9863000016194,0.661599995510187,3.0057000039960258,True,272.02838235116053
RSA+AES-256,500,4,469,606.2763999943854,0.6495999987237155,2.881899999920279,True,272.02838235116053
RSA+AES-256,500,4,470,180.99870000150986,0.5891999971936457,2.945499996712897,True,272.02838235116053
RSA+AES-256,500,4,471,860.5482999992091,0.6601999994018115,3.0438999965554103,True,272.02838235116053
RSA+AES-256,500,4,472,261.9715999971959,0.6627000038861297,2.977399999508634,True,272.02838235116053
RSA+AES-256,500,4,473,524.8551000040607,0.6713999973726459,2.9473000031430274,True,272.02838235116053
RSA+AES-256,500,4,474,160.33279999828665,0.6058999933884479,2.938099998573307,True,272.02838235116053
RSA+AES-256,500,4,475,724.6071999979904,0.6768999955966137,2.998900003149174,True,272.02838235116053
RSA+AES-256,500,4,476,656.0019999960787,0.6909000003361143,2.950100002635736,True,272.02838235116053
RSA+AES-256,500,4,477,613.6651999986498,0.6571000049007125,2.9684999972232617,True,272.02838235116053
RSA+AES-256,500,4,478,343.9416000037454,0.7076000038068742,2.9708000001846813,True,272.02838235116053
RSA+AES-256,500,4,479,248.39999999676365,0.6135000003268942,2.912700001616031,True,272.02838235116053
RSA+AES-256,500,4,480,1233.1840000042575,0.6462999954237603,2.911900002800394,True,272.02838235116053
RSA+AES-256,500,4,481,509.41039999452187,0.6681000013486482,2.9333000056794845,True,272.02838235116053
RSA+AES-256,500,4,482,541.4619000002858,0.6598000036319718,2.8846999994129874,True,272.02838235116053
RSA+AES-256,500,4,483,570.8613999959198,0.6531000035465695,2.9207999978098087,True,272.02838235116053
RSA+AES-256,500,4,484,944.3173999970895,0.6470000007539056,3.0054000017116778,True,272.02838235116053
RSA+AES-256,500,4,485,413.6598999975831,0.6596999955945648,2.911900002800394,True,272.02838235116053
RSA+AES-256,500,4,486,910.0480999986758,0.6546000004163943,2.92059999628691,True,272.02838235116053
RSA+AES-256,500,4,487,554.1318000032334,0.6750999964424409,2.936600001703482,True,272.02838235116053
RSA+AES-256,500,4,488,949.7418000028119,0.6966000000829808,2.977399999508634,True,272.02838235116053
RSA+AES-256,500,4,489,390.05890000407817,0.6505000055767596,2.865000002202578,True,272.02838235116053
RSA+AES-256,500,4,490,419.759399999748,0.6730000022798777,2.980699995532632,True,272.02838235116053
RSA+AES-256,500,4,491,899.317900002643,0.6856999971205369,2.964400002383627,True,272.02838235116053
RSA+AES-256,500,4,492,1204.538699996192,0.6738000010955147,2.967600004922133,True,272.02838235116053
RSA+AES-256,500,4,493,1022.8075000050012,0.6661000006715767,2.929700000095181,True,272.02838235116053
RSA+AES-256,500,4,494,228.1684000045061,0.6560999972862191,3.042100004677195,True,272.02838235116053
RSA+AES-256,500,4,495,3010.022600006778,0.6632000004174188,2.9723999978159554,True,272.02838235116053
RSA+AES-256,500,4,496,825.9944000019459,0.6807000027038157,2.9906999989179894,True,272.02838235116053
RSA+AES-256,500,4,497,518.4068999951705,0.6647999980486929,2.920099999755621,True,272.02838235116053
RSA+AES-256,500,4,498,1765.5738999965251,0.6684000036329962,2.9697999998461455,True,272.02838235116053
RSA+AES-256,500,4,499,726.008700003149,0.669599998218473,2.969900000607595,True,272.02838235116053
RSA+AES-256,500,4,500,289.177099999506,0.6138000026112422,2.997199997480493,True,272.02838235116053
RSA+AES-256,500,5,1,332.3327000034624,25.517599999147933,3.660199996375013,True,270.82585851080154
RSA+AES-256,500,5,2,260.5295999965165,0.699100004567299,3.2516999999643303,True,270.82585851080154
RSA+AES-256,500,5,3,928.3624999952735,0.7037000032141805,3.0918999982532114,True,270.82585851080154
RSA+AES-256,500,5,4,178.24560000008205,0.6776999944122508,3.0295000033220276,True,270.82585851080154
RSA+AES-256,500,5,5,1223.2955999934347,0.7063000011839904,2.9884999967180192,True,270.82585851080154
RSA+AES-256,500,5,6,1060.5988000024809,0.6509000013465993,2.9821999996784143,True,270.82585851080154
RSA+AES-256,500,5,7,699.1668999980902,0.6812999999965541,2.895999998145271,True,270.82585851080154
RSA+AES-256,500,5,8,775.7786000001943,0.6057999999029562,2.9676999984076247,True,270.82585851080154
RSA+AES-256,500,5,9,594.728900003247,0.6342999986372888,2.9495999988284893,True,270.82585851080154
RSA+AES-256,500,5,10,371.0912000024109,0.6722999969497323,3.0124999975669198,True,270.82585851080154
RSA+AES-256,500,5,11,140.38299999810988,0.6336000005831011,2.897900005336851,True,270.82585851080154
RSA+AES-256,500,5,12,348.65719999652356,0.6127000015112571,3.6382000034791417,True,270.82585851080154
RSA+AES-256,500,5,13,334.28339999954915,0.6517000001622364,2.920700004324317,True,270.82585851080154
RSA+AES-256,500,5,14,1015.631599999324,0.6644999957643449,2.8993000014452264,True,270.82585851080154
RSA+AES-256,500,5,15,1107.1745000008377,0.6788999962736852,2.9227000050013885,True,270.82585851080154
RSA+AES-256,500,5,16,366.6711999976542,0.6708000000799075,2.962699996714946,True,270.82585851080154
RSA+AES-256,500,5,17,1566.4346999983536,0.6686999986413866,2.9122999985702336,True,270.82585851080154
RSA+AES-256,500,5,18,229.70160000113538,0.625100001343526,2.9125000000931323,True,270.82585851080154
RSA+AES-256,500,5,19,830.807400001504,0.6656999976257794,2.9064999980619177,True,270.82585851080154
RSA+AES-256,500,5,20,546.7552000045544,0.6242000017664395,2.961199999845121,True,270.82585851080154
RSA+AES-256,500,5,21,178.49479999858886,0.8870000019669533,3.0838999955449253,True,270.82585851080154
RSA+AES-256,500,5,22,720.354099998076,0.6634000019403175,3.16949999978533,True,270.82585851080154
RSA+AES-256,500,5,23,674.1840999966371,0.6762999983038753,2.90060000406811,True,270.82585851080154
RSA+AES-256,500,5,24,759.9783999976353,0.6767000013496727,2.944500003650319,True,270.82585851080154
RSA+AES-256,500,5,25,853.3721999992849,0.6909000003361143,3.377000000909902,True,270.82585851080154
RSA+AES-256,500,5,26,397.73910000076285,0.7194000063464046,2.9555000000982545,True,270.82585851080154
RSA+AES-256,500,5,27,418.12319999735337,0.6432000009226613,2.9447999986587092,True,270.82585851080154
RSA+AES-256,500,5,28,558.3209000033094,0.6865000032121316,2.966500003822148,True,270.82585851080154
RSA+AES-256,500,5,29,496.67139999655774,0.6608000039705075,2.9668999995919876,True,270.82585851080154
RSA+AES-256,500,5,30,375.27609999960987,0.6584000002476387,2.8912999987369403,True,270.82585851080154
RSA+AES-256,500,5,31,295.2598999982001,0.7052000000840053,2.987599997140933,True,270.82585851080154
RSA+AES-256,500,5,32,2777.099899998575,0.6523999982164241,2.9125000000931323,True,270.82585851080154
RSA+AES-256,500,5,33,769.8846999992384,0.654199997370597,2.8927000021212734,True,270.82585851080154
RSA+AES-256,500,5,34,1128.9658000023337,0.6904000038048252,3.0295999968075193,True,270.82585851080154
RSA+AES-256,500,5,35,345.39439999934984,0.7067000042297877,3.0258999977377243,True,270.82585851080154
RSA+AES-256,500,5,36,1087.7703000005567,0.6234999964362942,2.974099996208679,True,270.82585851080154
RSA+AES-256,500,5,37,262.7470999941579,0.6858999986434355,2.94209999992745,True,270.82585851080154
RSA+AES-256,500,5,38,583.3812999990187,0.6664999964414164,2.90839999797754,True,270.82585851080154
RSA+AES-256,500,5,39,406.01219999371096,0.6070000017643906,3.122499998426065,True,270.82585851080154
RSA+AES-256,500,5,40,275.4073000032804,0.6283999973675236,2.9391000061878003,True,270.82585851080154
RSA+AES-256,500,5,41,438.11920000007376,0.6656000041402876,2.921000006608665,True,270.82585851080154
RSA+AES-256,500,5,42,498.8639000002877,0.6547000011778437,2.8881999969598837,True,270.82585851080154
RSA+AES-256,500,5,43,790.6672999961302,0.6176000024424866,2.943999999843072,True,270.82585851080154
RSA+AES-256,500,5,44,289.98970000247937,0.6814000007580034,2.899399994930718,True,270.82585851080154
RSA+AES-256,500,5,45,201.13729999866337,0.6572999991476536,2.95140000525862,True,270.82585851080154
RSA+AES-256,500,5,46,331.1424999992596,0.6591999990632758,2.9103999986546114,True,270.82585851080154
RSA+AES-256,500,5,47,525.2854999998817,0.6573999999091029,2.9782999990857206,True,270.82585851080154
RSA+AES-256,500,5,48,179.01170000550337,0.6480000010924414,2.940699996543117,True,270.82585851080154
RSA+AES-256,500,5,49,1174.1503999946872,0.7189000025391579,2.968100001453422,True,270.82585851080154
RSA+AES-256,500,5,50,543.2744999998249,0.6281999958446249,3.0184000061126426,True,270.82585851080154
RSA+AES-256,500,5,51,1175.7585000013933,0.6922000029589981,2.9525999998440966,True,270.82585851080154
RSA+AES-256,500,5,52,1045.4696000015247,0.6208999984664842,2.9811999993398786,True,270.82585851080154
RSA+AES-256,500,5,53,747.01919999643,0.6757000010111369,3.0014000003575347,True,270.82585851080154
RSA+AES-256,500,5,54,245.72819999593776,0.8531999992555939,2.965899999253452,True,270.82585851080154
RSA+AES-256,500,5,55,534.4600000025821,0.6577999956789427,2.9643000016221777,True,270.82585851080154
RSA+AES-256,500,5,56,1240.587799999048,0.7037000032141805,3.028699997230433,True,270.82585851080154
RSA+AES-256,500,5,57,747.4148999972385,0.6743999983882532,2.955299998575356,True,270.82585851080154
RSA+AES-256,500,5,58,437.6025000019581,0.6825000018579885,2.9100999963702634,True,270.82585851080154
RSA+AES-256,500,5,59,671.3109999982407,0.6600999986403622,2.90359999780776,True,270.82585851080154
RSA+AES-256,500,5,60,772.8645000024699,0.6770000036340207,2.883499997551553,True,270.82585851080154
RSA+AES-256,500,5,61,1747.6652999976068,0.6681000013486482,2.9257999995024875,True,270.82585851080154
RSA+AES-256,500,5,62,282.9813999996986,0.6855000028735958,2.9125000000931323,True,270.82585851080154
RSA+AES-256,500,5,63,332.54070000111824,0.6799999973736703,2.9180000055930577,True,270.82585851080154
RSA+AES-256,500,5,64,1183.358499998576,0.6656000041402876,2.9126000008545816,True,270.82585851080154
RSA+AES-256,500,5,65,343.34519999538315,0.6806000019423664,2.891800002544187,True,270.82585851080154
RSA+AES-256,500,5,66,151.08689999760827,0.6304999988060445,2.9821999996784143,True,270.82585851080154
RSA+AES-256,500,5,67,787.5614000004134,0.6738000010955147,2.9850999999325722,True,270.82585851080154
RSA+AES-256,500,5,68,365.2196999973967,0.6625999958487228,2.9177000033087097,True,270.82585851080154
RSA+AES-256,500,5,69,357.51670000172453,0.6171999993966892,2.969900000607595,True,270.82585851080154
RSA+AES-256,500,5,70,1455.7042000014917,0.6856999971205369,2.8970000057597645,True,270.82585851080154
RSA+AES-256,500,5,71,350.4070999988471,0.6567000018549152,2.9360999978962354,True,270.82585851080154
RSA+AES-256,500,5,72,825.7373000014923,0.6273999970289879,3.061600000364706,True,270.82585851080154
RSA+AES-256,500,5,73,546.3795000032405,0.6817000030423515,2.940800004580524,True,270.82585851080154
RSA+AES-256,500,5,74,1080.9875000049942,0.7216999947559088,2.943599996797275,True,270.82585851080154
RSA+AES-256,500,5,75,2251.8645000018296,0.7079999995767139,2.983699996548239,True,270.82585851080154
RSA+AES-256,500,5,76,467.28889999940293,0.6818000038038008,2.998500000103377,True,270.82585851080154
RSA+AES-256,500,5,77,988.6498999985633,0.6592999998247251,2.8803000022890046,True,270.82585851080154
RSA+AES-256,500,5,78,928.3399999985704,0.6834999949205667,2.942899998743087,True,270.82585851080154
RSA+AES-256,500,5,79,1082.8627999944729,0.6947999936528504,2.900300001783762,True,270.82585851080154
RSA+AES-256,500,5,80,322.67350000620354,0.6749000021954998,2.984200000355486,True,270.82585851080154
RSA+AES-256,500,5,81,1042.576600004395,0.6503999975393526,2.9170999987400137,True,270.82585851080154
RSA+AES-256,500,5,82,362.6557000025059,0.6779000032111071,3.0037000033189543,True,270.82585851080154
RSA+AES-256,500,5,83,89.52409999619704,0.5948000034550205,2.9643000016221777,True,270.82585851080154
RSA+AES-256,500,5,84,365.9308999995119,0.6492000029538758,3.2282999964081682,True,270.82585851080154
RSA+AES-256,500,5,85,987.3728999955347,0.6560000038007274,2.9522999975597486,True,270.82585851080154
RSA+AES-256,500,5,86,481.94900000089547,0.6816000022809021,2.974700000777375,True,270.82585851080154
RSA+AES-256,500,5,87,735.6190999998944,0.6619000050704926,2.956000003905501,True,270.82585851080154
RSA+AES-256,500,5,88,115.95230000239098,0.5855999988853,2.9601999995065853,True,270.82585851080154
RSA+AES-256,500,5,89,1013.8044999985141,0.6942999971215613,3.0295000033220276,True,270.82585851080154
RSA+AES-256,500,5,90,787.9999999931897,0.6485999983851798,2.863900001102593,True,270.82585851080154
RSA+AES-256,500,5,91,991.8116999979247,0.6862000009277835,2.9027999989921227,True,270.82585851080154
RSA+AES-256,500,5,92,369.37729999772273,0.6788000027881935,2.963300001283642,True,270.82585851080154
RSA+AES-256,500,5,93,233.24249999859603,0.6340000036288984,2.8877000004285946,True,270.82585851080154
RSA+AES-256,500,5,94,436.5641000040341,0.6624000016017817,2.8844999978900887,True,270.82585851080154
RSA+AES-256,500,5,95,1489.121200000227,0.7533999960287474,2.876700003980659,True,270.82585851080154
RSA+AES-256,500,5,96,1413.0183000015677,0.6804000004194677,2.933299998403527,True,270.82585851080154
RSA+AES-256,500,5,97,1269.8902999982238,0.6749000021954998,2.929099995526485,True,270.82585851080154
RSA+AES-256,500,5,98,328.58970000233967,0.6647000045632012,2.882699998735916,True,270.82585851080154
RSA+AES-256,500,5,99,695.5803000018932,0.6819999980507419,2.9559999966295436,True,270.82585851080154
RSA+AES-256,500,5,100,1417.6791999998386,0.7033000001683831,3.0380000025616027,True,270.82585851080154
RSA+AES-256,500,5,101,1215.1339999982156,0.6815000015194528,2.8806000045733526,True,270.82585851080154
RSA+AES-256,500,5,102,2351.8123000030755,0.6537999943247996,2.876400001696311,True,270.82585851080154
RSA+AES-256,500,5,103,664.9993000028189,0.6808999969507568,3.050500003155321,True,270.82585851080154
RSA+AES-256,500,5,104,1075.8096999998088,0.676800002111122,2.9820000054314733,True,270.82585851080154
RSA+AES-256,500,5,105,536.0918000005768,0.6734999988111667,2.9682000022148713,True,270.82585851080154
RSA+AES-256,500,5,106,338.2028999985778,0.6310000026132911,2.966699998069089,True,270.82585851080154
RSA+AES-256,500,5,107,407.2996000031708,0.6350000039674342,2.9821999996784143,True,270.82585851080154
RSA+AES-256,500,5,108,817.247099999804,0.6553000057465397,3.038499999092892,True,270.82585851080154
RSA+AES-256,500,5,109,629.8140999933821,0.6659999999101274,2.9211000000941567,True,270.82585851080154
RSA+AES-256,500,5,110,269.92969999992056,0.7112000021152198,3.001199998834636,True,270.82585851080154
RSA+AES-256,500,5,111,293.7839000005624,0.6893000027048402,2.966300002299249,True,270.82585851080154
RSA+AES-256,500,5,112,211.24479999707546,0.66559999686433,2.9376999955275096,True,270.82585851080154
RSA+AES-256,500,5,113,543.8891999947373,0.6170999986352399,3.1066000010468997,True,270.82585851080154
RSA+AES-256,500,5,114,1163.2163999965996,0.6605999951716512,2.966000000014901,True,270.82585851080154
RSA+AES-256,500,5,115,1347.193600005994,0.669400003971532,2.9595000014523976,True,270.82585851080154
RSA+AES-256,500,5,116,605.6637000001501,0.8423999970545992,2.949800000351388,True,270.82585851080154
RSA+AES-256,500,5,117,850.9346999999252,0.690199995005969,2.8949999978067353,True,270.82585851080154
RSA+AES-256,500,5,118,1205.3441000025487,0.6614000012632459,2.880299995013047,True,270.82585851080154
RSA+AES-256,500,5,119,731.8809999997029,0.6675999975414015,2.9572999992524274,True,270.82585851080154
RSA+AES-256,500,5,120,191.02910000219708,0.6486999991466291,2.8893000053358264,True,270.82585851080154
RSA+AES-256,500,5,121,1293.6711000002106,0.6672000017715618,2.9914999977336265,True,270.82585851080154
RSA+AES-256,500,5,122,400.54260000033537,0.6477999995695427,2.8622000027098693,True,270.82585851080154
RSA+AES-256,500,5,123,553.4480999995139,0.6747000006726012,3.030899999430403,True,270.82585851080154
RSA+AES-256,500,5,124,753.369100006239,0.6603000001632608,2.8441999966162257,True,270.82585851080154
RSA+AES-256,500,5,125,433.50059999647783,0.7039000047370791,2.9993999996804632,True,270.82585851080154
RSA+AES-256,500,5,126,178.1256000031135,0.6013000020175241,3.0151000028126873,True,270.82585851080154
RSA+AES-256,500,5,127,403.87940000073286,0.6726999999955297,2.938400000857655,True,270.82585851080154
RSA+AES-256,500,5,128,626.4777000033064,0.6743999983882532,2.9845999961253256,True,270.82585851080154
RSA+AES-256,500,5,129,653.8123999998788,0.6926000060047954,2.9746000000159256,True,270.82585851080154
RSA+AES-256,500,5,130,526.9045999957598,0.6609000047319569,2.930899994680658,True,270.82585851080154
RSA+AES-256,500,5,131,1397.9041000056895,0.6100000027799979,2.9648000054294243,True,270.82585851080154
RSA+AES-256,500,5,132,373.19969999953173,1.504799998656381,3.088700002990663,True,270.82585851080154
RSA+AES-256,500,5,133,514.6434000052977,0.6081000028643757,3.011300002981443,True,270.82585851080154
RSA+AES-256,500,5,134,506.4291000016965,0.6826999961049296,2.9997000019648112,True,270.82585851080154
RSA+AES-256,500,5,135,541.007300002093,0.6881000008434057,2.9510000022128224,True,270.82585851080154
RSA+AES-256,500,5,136,1403.3608000027016,0.6830999991507269,2.95170000026701,True,270.82585851080154
RSA+AES-256,500,5,137,734.8701000009896,0.6559000030392781,2.918900005170144,True,270.82585851080154
RSA+AES-256,500,5,138,383.43970000278205,0.672800000756979,2.9379999978118576,True,270.82585851080154
RSA+AES-256,500,5,139,505.41469999734545,0.6873999955132604,2.9850999999325722,True,270.82585851080154
RSA+AES-256,500,5,140,1603.8417000017944,0.6645000030403025,2.934099997219164,True,270.82585851080154
RSA+AES-256,500,5,141,764.6026000002166,0.6510999955935404,2.8972000000067055,True,270.82585851080154
RSA+AES-256,500,5,142,922.0724999977392,0.6689000001642853,2.9170999987400137,True,270.82585851080154
RSA+AES-256,500,5,143,2048.731900002167,0.6716999996569939,3.0072999943513423,True,270.82585851080154
RSA+AES-256,500,5,144,607.8528999933042,1.181799998448696,3.1638000000384636,True,270.82585851080154
RSA+AES-256,500,5,145,969.6857000017189,0.6932000032975338,2.9713999974774197,True,270.82585851080154
RSA+AES-256,500,5,146,858.0816999965464,0.6815000015194528,2.947599998151418,True,270.82585851080154
RSA+AES-256,500,5,147,536.580200001481,0.6485999983851798,2.9248000064399093,True,270.82585851080154
RSA+AES-256,500,5,148,641.9151000009151,0.6838000044808723,3.0321000012918375,True,270.82585851080154
RSA+AES-256,500,5,149,107.72549999819603,0.6493999972008169,2.9720000020461157,True,270.82585851080154
RSA+AES-256,500,5,150,659.8328999971272,0.6150000044726767,2.878699997381773,True,270.82585851080154
RSA+AES-256,500,5,151,170.20829999819398,0.6528000012622215,2.8883999984827824,True,270.82585851080154
RSA+AES-256,500,5,152,543.2878999999957,0.6466999984695576,2.8517999962787144,True,270.82585851080154
RSA+AES-256,500,5,153,310.4907999950228,0.6364000000758097,2.8845000051660463,True,270.82585851080154
RSA+AES-256,500,5,154,903.563200001372,0.6638999984716065,2.8946999955223873,True,270.82585851080154
RSA+AES-256,500,5,155,844.1687000013189,0.6668999994872138,2.8979999988223426,True,270.82585851080154
RSA+AES-256,500,5,156,82.31610000075307,0.5945000011706725,2.860000000509899,True,270.82585851080154
RSA+AES-256,500,5,157,186.66659999871626,0.5872000037925318,2.8909000029671006,True,270.82585851080154
RSA+AES-256,500,5,158,469.6237999960431,0.6710999950882979,2.901300002122298,True,270.82585851080154
RSA+AES-256,500,5,159,415.84339999826625,0.6760000032954849,2.8594999967026524,True,270.82585851080154
RSA+AES-256,500,5,160,1257.362700001977,0.6476999988080934,2.8769000055035576,True,270.82585851080154
RSA+AES-256,500,5,161,1574.0733000056935,0.6696999989799224,3.018899995367974,True,270.82585851080154
RSA+AES-256,500,5,162,949.7179000027245,0.6730999957653694,2.960200006782543,True,270.82585851080154
RSA+AES-256,500,5,163,675.4819999987376,0.643899998976849,2.876599995943252,True,270.82585851080154
RSA+AES-256,500,5,164,492.970500003139,0.6694999974570237,2.8774000020348467,True,270.82585851080154
RSA+AES-256,500,5,165,149.3034999948577,0.6389000045601279,2.8630000015255064,True,270.82585851080154
RSA+AES-256,500,5,166,827.7317000029143,0.654499999654945,2.8740999987348914,True,270.82585851080154
RSA+AES-256,500,5,167,129.4724000035785,0.6021000008331612,2.9910000012023374,True,270.82585851080154
RSA+AES-256,500,5,168,1766.3337000049069,0.669100001687184,2.9966000001877546,True,270.82585851080154
RSA+AES-256,500,5,169,653.5094999999274,0.6872000012663193,2.9174000010243617,True,270.82585851080154
RSA+AES-256,500,5,170,366.7576000007102,0.647900000330992,2.8673000051639974,True,270.82585851080154
RSA+AES-256,500,5,171,1242.574900003092,0.723099998140242,3.257500000472646,True,270.82585851080154
RSA+AES-256,500,5,172,322.6425999964704,0.6776999944122508,3.3608999947318807,True,270.82585851080154
RSA+AES-256,500,5,173,566.3306999995257,0.6639999992330559,2.9590999984066,True,270.82585851080154
RSA+AES-256,500,5,174,334.90940000046976,0.7143000038922764,2.9419999991660006,True,270.82585851080154
RSA+AES-256,500,5,175,130.03680000110762,0.6197999973664992,2.9704999979003333,True,270.82585851080154
RSA+AES-256,500,5,176,705.1224999959231,0.6870999932289124,2.9198000047472306,True,270.82585851080154
RSA+AES-256,500,5,177,168.1414000049699,0.698000003467314,3.0030999987502582,True,270.82585851080154
RSA+AES-256,500,5,178,753.2919000004767,0.6734999988111667,3.2902999955695122,True,270.82585851080154
RSA+AES-256,500,5,179,781.0662999982014,0.6433000016841106,2.9202000005170703,True,270.82585851080154
RSA+AES-256,500,5,180,849.8084000020754,0.651599999400787,2.885699999751523,True,270.82585851080154
RSA+AES-256,500,5,181,440.4025999974692,0.6085999993956648,2.998999996634666,True,270.82585851080154
RSA+AES-256,500,5,182,109.1073999996297,0.5996000036248006,2.8721999988192692,True,270.82585851080154
RSA+AES-256,500,5,183,388.5041000030469,0.632800001767464,2.8506999951787293,True,270.82585851080154
RSA+AES-256,500,5,184,1268.4050999960164,0.6707000065944158,2.968100001453422,True,270.82585851080154
RSA+AES-256,500,5,185,213.47249999962514,0.6811999992351048,2.976299998408649,True,270.82585851080154
RSA+AES-256,500,5,186,1666.5524000054575,0.654199997370597,2.8923999998369254,True,270.82585851080154
RSA+AES-256,500,5,187,438.8094999958412,0.6073000040487386,2.9391000061878003,True,270.82585851080154
RSA+AES-256,500,5,188,114.20559999532998,0.6930000017746352,2.965200001199264,True,270.82585851080154
RSA+AES-256,500,5,189,325.9576999989804,0.6436000039684586,3.122900001471862,True,270.82585851080154
RSA+AES-256,500,5,190,1015.6270000006771,0.6490000014309771,2.887199996621348,True,270.82585851080154
RSA+AES-256,500,5,191,335.3581999981543,0.6477999995695427,2.899500002968125,True,270.82585851080154
RSA+AES-256,500,5,192,1288.689200002409,0.6556000007549301,3.985900002589915,True,270.82585851080154
RSA+AES-256,500,5,193,236.221300001489,0.6592000063392334,2.941300001111813,True,270.82585851080154
RSA+AES-256,500,5,194,749.2442000002484,0.6150000044726767,2.9404000015347265,True,270.82585851080154
RSA+AES-256,500,5,195,268.1135000020731,0.6596000021090731,2.944200001365971,True,270.82585851080154
RSA+AES-256,500,5,196,520.7291999977315,0.6307000003289431,2.987599997140933,True,270.82585851080154
RSA+AES-256,500,5,197,489.2602999971132,0.646799999231007,2.8953000000910833,True,270.82585851080154
RSA+AES-256,500,5,198,772.8758000012022,0.7048000043141656,2.989600005093962,True,270.82585851080154
RSA+AES-256,500,5,199,532.8114000003552,0.683599995682016,2.9763999991700985,True,270.82585851080154
RSA+AES-256,500,5,200,749.183499996434,0.6938000005902722,3.0398000017157756,True,270.82585851080154
RSA+AES-256,500,5,201,416.469000003417,0.6652000010944903,2.9591999991680495,True,270.82585851080154
RSA+AES-256,500,5,202,1418.3217999961926,0.6806999954278581,2.981600002385676,True,270.82585851080154
RSA+AES-256,500,5,203,660.745200002566,0.6511999963549897,2.9045999981462955,True,270.82585851080154
RSA+AES-256,500,5,204,1098.8036000053398,0.6741999968653545,3.0513999954564497,True,270.82585851080154
RSA+AES-256,500,5,205,319.84920000104466,0.647400003799703,2.914499993494246,True,270.82585851080154
RSA+AES-256,500,5,206,274.9074999956065,0.6705000050715171,3.1022999974084087,True,270.82585851080154
RSA+AES-256,500,5,207,258.8912999999593,0.6763000055798329,3.016299997398164,True,270.82585851080154
RSA+AES-256,500,5,208,1654.6835999979521,0.763399999414105,2.995299997564871,True,270.82585851080154
RSA+AES-256,500,5,209,855.8892999935779,0.6675000040559098,2.9683999964618124,True,270.82585851080154
RSA+AES-256,500,5,210,1062.7573000019765,0.6924999979673885,2.9908999931649305,True,270.82585851080154
RSA+AES-256,500,5,211,879.5937000031699,0.6520999959320761,2.9060000015306287,True,270.82585851080154
RSA+AES-256,500,5,212,115.5983999997261,0.6367999958456494,2.8975000022910535,True,270.82585851080154
RSA+AES-256,500,5,213,959.6960999988369,0.6301000030362047,2.92279999848688,True,270.82585851080154
RSA+AES-256,500,5,214,1391.6752000004635,0.6713999973726459,3.269900000304915,True,270.82585851080154
RSA+AES-256,500,5,215,448.52150000224356,0.6759000025340356,3.0035000017960556,True,270.82585851080154
RSA+AES-256,500,5,216,1196.2984999991022,0.683700003719423,2.911399998993147,True,270.82585851080154
RSA+AES-256,500,5,217,1102.8030999950715,0.6561000045621768,3.159200001391582,True,270.82585851080154
RSA+AES-256,500,5,218,505.36229999852367,0.6629000054090284,2.9224000027170405,True,270.82585851080154
RSA+AES-256,500,5,219,922.9340000019874,0.6572999991476536,2.9279999944265,True,270.82585851080154
RSA+AES-256,500,5,220,576.5788999997312,0.6881000008434057,2.980699995532632,True,270.82585851080154
RSA+AES-256,500,5,221,417.7045999967959,0.6756000002496876,3.01469999976689,True,270.82585851080154
RSA+AES-256,500,5,222,1399.1593000027933,0.676199997542426,3.3767999993870035,True,270.82585851080154
RSA+AES-256,500,5,223,1132.1162999956869,0.6520999959320761,2.936500000942033,True,270.82585851080154
RSA+AES-256,500,5,224,160.54989999975078,0.6024999966030009,2.8996000037295744,True,270.82585851080154
RSA+AES-256,500,5,225,3184.5436000003247,0.6496999994851649,2.8861000027973205,True,270.82585851080154
RSA+AES-256,500,5,226,2298.596599997836,0.6714999981340952,2.9719000012846664,True,270.82585851080154
RSA+AES-256,500,5,227,479.78169999987585,0.6712000031257048,3.028300001460593,True,270.82585851080154
RSA+AES-256,500,5,228,1107.8600000037113,0.654499999654945,2.970399997138884,True,270.82585851080154
RSA+AES-256,500,5,229,342.4324000006891,0.691299996105954,3.0163000046741217,True,270.82585851080154
RSA+AES-256,500,5,230,628.7422999957926,0.6423000013455749,2.9773000060231425,True,270.82585851080154
RSA+AES-256,500,5,231,429.1181000007782,0.6779000032111071,3.2292000032612123,True,270.82585851080154
RSA+AES-256,500,5,232,343.10050000203773,0.7700000060140155,3.040399999008514,True,270.82585851080154
RSA+AES-256,500,5,233,558.2614000013564,0.6665000037173741,2.9433000017888844,True,270.82585851080154
RSA+AES-256,500,5,234,118.31030000030296,0.6609000047319569,2.931499999249354,True,270.82585851080154
RSA+AES-256,500,5,235,1042.1372999990126,0.6936999998288229,2.985300001455471,True,270.82585851080154
RSA+AES-256,500,5,236,484.4959000038216,0.6424999955925159,2.926399996795226,True,270.82585851080154
RSA+AES-256,500,5,237,438.08639999770094,0.6369999973685481,2.878699997381773,True,270.82585851080154
RSA+AES-256,500,5,238,1557.181900003343,0.6890000004204921,2.9104999994160607,True,270.82585851080154
RSA+AES-256,500,5,239,222.43400000297697,0.6491999956779182,2.974000002723187,True,270.82585851080154
RSA+AES-256,500,5,240,1275.429900000745,0.6915999983903021,3.016100003151223,True,270.82585851080154
RSA+AES-256,500,5,241,1410.3962000008323,0.6697999997413717,2.956700001959689,True,270.82585851080154
RSA+AES-256,500,5,242,589.8674999989453,0.672800000756979,3.054699998756405,True,270.82585851080154
RSA+AES-256,500,5,243,842.2900000005029,0.6290000019362196,2.976800002215896,True,270.82585851080154
RSA+AES-256,500,5,244,239.60059999808436,0.6645000030403025,2.9426000037346967,True,270.82585851080154
RSA+AES-256,500,5,245,740.3370999963954,0.6716999996569939,2.989799999340903,True,270.82585851080154
RSA+AES-256,500,5,246,980.9276000014506,0.6673000025330111,2.8879000019514933,True,270.82585851080154
RSA+AES-256,500,5,247,574.5805999977165,0.8342000000993721,2.992600006109569,True,270.82585851080154
RSA+AES-256,500,5,248,440.89879999955883,0.6556000007549301,2.968900000269059,True,270.82585851080154
RSA+AES-256,500,5,249,385.1859999995213,0.6597000028705224,3.430000004300382,True,270.82585851080154
RSA+AES-256,500,5,250,1160.6578999999329,0.8994999952847138,3.39660000463482,True,270.82585851080154
RSA+AES-256,500,5,251,342.5012999941828,0.6450000000768341,3.0083999954513274,True,270.82585851080154
RSA+AES-256,500,5,252,704.6279999995022,0.6795000008423813,3.2301999963237904,True,270.82585851080154
RSA+AES-256,500,5,253,163.66330000164453,0.5643000040436164,2.8439000016078353,True,270.82585851080154
RSA+AES-256,500,5,254,664.927700003318,0.6479999938164838,2.996399998664856,True,270.82585851080154
RSA+AES-256,500,5,255,338.85329999611713,0.6389999980456196,2.9357999956118874,True,270.82585851080154
RSA+AES-256,500,5,256,1009.4081999995979,0.6818999972892925,2.8921999983140267,True,270.82585851080154
RSA+AES-256,500,5,257,1720.0699000022723,0.6584000002476387,2.9943999979877844,True,270.82585851080154
RSA+AES-256,500,5,258,770.2390999984345,0.6630999996559694,2.9598000037367456,True,270.82585851080154
RSA+AES-256,500,5,259,466.16329999960726,0.6614999947487377,2.942400002211798,True,270.82585851080154
RSA+AES-256,500,5,260,183.8389999975334,0.6753999987267889,3.0559000006178394,True,270.82585851080154
RSA+AES-256,500,5,261,156.4358000032371,0.6577000021934509,2.967600004922133,True,270.82585851080154
RSA+AES-256,500,5,262,1123.1554999976652,0.6100000027799979,2.930899994680658,True,270.82585851080154
RSA+AES-256,500,5,263,759.3968000001041,0.5971999999019317,2.8657000002567656,True,270.82585851080154
RSA+AES-256,500,5,264,257.3346999997739,0.6789000035496429,2.978099997562822,True,270.82585851080154
RSA+AES-256,500,5,265,508.11659999453695,0.5982000002404675,2.982700003485661,True,270.82585851080154
RSA+AES-256,500,5,266,562.5695999988238,0.6690000009257346,2.970000001369044,True,270.82585851080154
RSA+AES-256,500,5,267,316.2966000018059,0.6523999982164241,2.9244999968796037,True,270.82585851080154
RSA+AES-256,500,5,268,377.62500000098953,0.6661999941570684,2.9393000004347414,True,270.82585851080154
RSA+AES-256,500,5,269,3737.50370000198,0.6787000020267442,2.920400002039969,True,270.82585851080154
RSA+AES-256,500,5,270,251.52289999823552,0.6677999990643002,2.878699997381773,True,270.82585851080154
RSA+AES-256,500,5,271,921.2276999969617,0.6961000035516918,2.8997999979765154,True,270.82585851080154
RSA+AES-256,500,5,272,833.4831999964081,0.6578000029549003,2.9284999982337467,True,270.82585851080154
RSA+AES-256,500,5,273,766.5904000023147,0.6558000022778288,2.886199996282812,True,270.82585851080154
RSA+AES-256,500,5,274,700.7918000017526,0.6949999951757491,2.980500001285691,True,270.82585851080154
RSA+AES-256,500,5,275,561.913799996546,0.6740000026184134,2.9394000011961907,True,270.82585851080154
RSA+AES-256,500,5,276,1148.4488999994937,0.6136000010883436,2.9178999975556508,True,270.82585851080154
RSA+AES-256,500,5,277,324.4376000002376,0.5863999977009371,2.923499996541068,True,270.82585851080154
RSA+AES-256,500,5,278,1104.575899997144,0.6752999979653396,2.921899998909794,True,270.82585851080154
RSA+AES-256,500,5,279,1437.9155999995419,0.6744999991497025,2.9854000022169203,True,270.82585851080154
RSA+AES-256,500,5,280,366.6520999977365,0.672199996188283,2.9041000016150065,True,270.82585851080154
RSA+AES-256,500,5,281,95.94270000525285,0.6681000013486482,2.971199995954521,True,270.82585851080154
RSA+AES-256,500,5,282,300.05309999978635,0.6490000014309771,2.902100000937935,True,270.82585851080154
RSA+AES-256,500,5,283,1229.026500004693,0.6590000048163347,2.959299999929499,True,270.82585851080154
RSA+AES-256,500,5,284,926.6432000003988,0.6473999965237454,2.905499997723382,True,270.82585851080154
RSA+AES-256,500,5,285,904.0773000015179,0.6685000043944456,2.911299998231698,True,270.82585851080154
RSA+AES-256,500,5,286,521.6880000007222,0.6869999997434206,2.9195000024628825,True,270.82585851080154
RSA+AES-256,500,5,287,698.424399997748,0.650499998300802,2.893400000175461,True,270.82585851080154
RSA+AES-256,500,5,288,689.9495000034221,0.6245999975362793,2.967300002637785,True,270.82585851080154
RSA+AES-256,500,5,289,1008.1883000020753,0.6536000000778586,2.8953000000910833,True,270.82585851080154
RSA+AES-256,500,5,290,546.8432999987272,0.6543999988934956,2.888100003474392,True,270.82585851080154
RSA+AES-256,500,5,291,260.3486999942106,0.6590999983018264,2.8913999994983897,True,270.82585851080154
RSA+AES-256,500,5,292,471.1490999980015,0.6483000033767894,2.9307999939192086,True,270.82585851080154
RSA+AES-256,500,5,293,807.0032999967225,0.6685999978799373,2.9182999933254905,True,270.82585851080154
RSA+AES-256,500,5,294,579.1955000022426,0.6775000001653098,3.049500002816785,True,270.82585851080154
RSA+AES-256,500,5,295,231.85690000536852,0.6722000034642406,3.0225000009522773,True,270.82585851080154
RSA+AES-256,500,5,296,1531.807299994398,0.7077999980538152,3.0064000020502135,True,270.82585851080154
RSA+AES-256,500,5,297,469.1789999997127,0.6299999949987978,3.010500004165806,True,270.82585851080154
RSA+AES-256,500,5,298,592.4854999975651,0.6835000021965243,2.9750999965472147,True,270.82585851080154
RSA+AES-256,500,5,299,507.972500003234,0.7001999983913265,2.940699996543117,True,270.82585851080154
RSA+AES-256,500,5,300,749.3132000017795,0.6731999965268187,2.9169999979785644,True,270.82585851080154
RSA+AES-256,500,5,301,1038.1075000041164,0.6613000005017966,2.8918999960296787,True,270.82585851080154
RSA+AES-256,500,5,302,379.60649999877205,0.6433999951696023,2.9280000017024577,True,270.82585851080154
RSA+AES-256,500,5,303,195.15790000150446,0.5759000050602481,2.8697000016109087,True,270.82585851080154
RSA+AES-256,500,5,304,365.01729999872623,0.6741000033798628,2.924400003394112,True,270.82585851080154
RSA+AES-256,500,5,305,339.1016000023228,0.680500001180917,2.9113000055076554,True,270.82585851080154
RSA+AES-256,500,5,306,332.4064999978873,0.6525999997393228,2.874999998311978,True,270.82585851080154
RSA+AES-256,500,5,307,2333.3937999996124,0.6606999959331006,2.9305999996722676,True,270.82585851080154
RSA+AES-256,500,5,308,1089.2047000015737,0.6206999969435856,2.9691000017919578,True,270.82585851080154
RSA+AES-256,500,5,309,908.4528000021237,0.6643000015174039,2.8960999989067204,True,270.82585851080154
RSA+AES-256,500,5,310,333.25000000331784,0.6530999962706119,2.91060000017751,True,270.82585851080154
RSA+AES-256,500,5,311,216.81040000112262,0.6587000025319867,3.0307999986689538,True,270.82585851080154
RSA+AES-256,500,5,312,209.05910000146832,0.6273999970289879,2.9078000006848015,True,270.82585851080154
RSA+AES-256,500,5,313,289.39480000553885,0.6388000037986785,2.857400002540089,True,270.82585851080154
RSA+AES-256,500,5,314,1236.6872999991756,0.6930000017746352,2.961999998660758,True,270.82585851080154
RSA+AES-256,500,5,315,202.87229999667034,0.6247000055736862,2.9155000011087395,True,270.82585851080154
RSA+AES-256,500,5,316,1551.6878000053111,0.6715999988955446,2.9455999974743463,True,270.82585851080154
RSA+AES-256,500,5,317,438.98729999637,0.6414999952539802,2.9101999971317127,True,270.82585851080154
RSA+AES-256,500,5,318,273.8196999998763,0.6158999967738055,2.889399998821318,True,270.82585851080154
RSA+AES-256,500,5,319,1083.4229000029154,0.669599998218473,2.952200004074257,True,270.82585851080154
RSA+AES-256,500,5,320,161.88189999957103,0.6542999981320463,2.907699999923352,True,270.82585851080154
RSA+AES-256,500,5,321,267.70749999559484,0.6734999988111667,3.1731000053696334,True,270.82585851080154
RSA+AES-256,500,5,322,1010.4413999943063,0.6876999977976084,2.9511000029742718,True,270.82585851080154
RSA+AES-256,500,5,323,1735.1591999977245,0.7505000030505471,2.9730000023846515,True,270.82585851080154
RSA+AES-256,500,5,324,2131.9769999972777,0.686799998220522,2.998100004333537,True,270.82585851080154
RSA+AES-256,500,5,325,936.7917999989004,0.6012999947415665,2.970500005176291,True,270.82585851080154
RSA+AES-256,500,5,326,1422.130200000538,0.6783999997423962,2.9166999956942163,True,270.82585851080154
RSA+AES-256,500,5,327,614.9397999979556,0.6626999966101721,2.9342999987420626,True,270.82585851080154
RSA+AES-256,500,5,328,598.5565000009956,0.6499000010080636,2.907299996877555,True,270.82585851080154
RSA+AES-256,500,5,329,135.80499999807216,0.637100005405955,2.917500001785811,True,270.82585851080154
RSA+AES-256,500,5,330,364.5725999958813,0.6749999956809916,2.992699999595061,True,270.82585851080154
RSA+AES-256,500,5,331,631.7740000013146,0.7231999989016913,3.0107999991741963,True,270.82585851080154
RSA+AES-256,500,5,332,728.0093000008492,0.6744999991497025,2.9205000028014183,True,270.82585851080154
RSA+AES-256,500,5,333,398.20920000056503,0.6759000025340356,2.994299997226335,True,270.82585851080154
RSA+AES-256,500,5,334,857.5659999987693,0.6726999999955297,2.968700006022118,True,270.82585851080154
RSA+AES-256,500,5,335,359.6523000014713,0.6833000006736256,2.9198999982327223,True,270.82585851080154
RSA+AES-256,500,5,336,3659.4705000024987,0.6690000009257346,2.856800005247351,True,270.82585851080154
RSA+AES-256,500,5,337,603.2831999982591,0.6969000023673289,2.9495999988284893,True,270.82585851080154
RSA+AES-256,500,5,338,865.0039000058314,0.6970000031287782,3.1911000041873194,True,270.82585851080154
RSA+AES-256,500,5,339,633.4757000004174,0.6729000015184283,2.9525999998440966,True,270.82585851080154
RSA+AES-256,500,5,340,1701.3330999980099,0.6556000007549301,2.9588999968837015,True,270.82585851080154
RSA+AES-256,500,5,341,263.8710000028368,0.6752000044798478,2.9613000006065704,True,270.82585851080154
RSA+AES-256,500,5,342,359.3458000032115,0.6586000017705373,2.961999998660758,True,270.82585851080154
RSA+AES-256,500,5,343,195.20460000057938,0.6529999955091625,2.8925000005983748,True,270.82585851080154
RSA+AES-256,500,5,344,1480.3140000003623,0.6533999985549599,2.8872999973827973,True,270.82585851080154
RSA+AES-256,500,5,345,636.4092000003438,0.6700000012642704,2.895999998145271,True,270.82585851080154
RSA+AES-256,500,5,346,1309.932399999525,0.6202000004122965,2.9426000037346967,True,270.82585851080154
RSA+AES-256,500,5,347,1104.7381999960635,0.6817000030423515,3.1196999989333563,True,270.82585851080154
RSA+AES-256,500,5,348,935.2144000004046,0.6716999996569939,3.014399997482542,True,270.82585851080154
RSA+AES-256,500,5,349,971.1243999990984,0.6403000006685033,2.9750999965472147,True,270.82585851080154
RSA+AES-256,500,5,350,409.0776000011829,0.6758000017725863,2.9709000009461306,True,270.82585851080154
RSA+AES-256,500,5,351,625.6076999998186,0.6940999955986626,2.9991999981575646,True,270.82585851080154
RSA+AES-256,500,5,352,1137.3097999967285,0.6517000001622364,2.9031000012764707,True,270.82585851080154
RSA+AES-256,500,5,353,2258.898499996576,0.6661000006715767,3.0144999982439913,True,270.82585851080154
RSA+AES-256,500,5,354,560.2072999972734,0.6542999981320463,2.896300000429619,True,270.82585851080154
RSA+AES-256,500,5,355,437.73289999808185,0.6160000048112124,2.9933999976492487,True,270.82585851080154
RSA+AES-256,500,5,356,453.0940000040573,0.6735000060871243,2.995599999849219,True,270.82585851080154
RSA+AES-256,500,5,357,893.1462000036845,0.7001000049058348,3.0483000009553507,True,270.82585851080154
RSA+AES-256,500,5,358,1145.8047999985865,0.6837999972049147,3.028300001460593,True,270.82585851080154
RSA+AES-256,500,5,359,261.35530000465224,0.683899997966364,3.0047999971429817,True,270.82585851080154
RSA+AES-256,500,5,360,490.12690000381554,0.6942000036360696,3.037600006791763,True,270.82585851080154
RSA+AES-256,500,5,361,825.0826000003144,0.6506999998237006,3.2592000061413273,True,270.82585851080154
RSA+AES-256,500,5,362,660.6738999980735,0.6708000000799075,3.26879999920493,True,270.82585851080154
RSA+AES-256,500,5,363,2455.6748000031803,0.6682000021100976,2.91099999594735,True,270.82585851080154
RSA+AES-256,500,5,364,1365.2207999984967,0.6788000027881935,2.8954000008525327,True,270.82585851080154
RSA+AES-256,500,5,365,453.420300000289,0.6696999989799224,2.9693000033148564,True,270.82585851080154
RSA+AES-256,500,5,366,709.4309000021894,0.6759000025340356,2.981799996632617,True,270.82585851080154
RSA+AES-256,500,5,367,670.606299994688,0.650199996016454,2.8995999964536168,True,270.82585851080154
RSA+AES-256,500,5,368,1023.6555000010412,0.6590999983018264,2.927499997895211,True,270.82585851080154
RSA+AES-256,500,5,369,1732.128299998294,0.6529000020236708,2.9091000033076853,True,270.82585851080154
RSA+AES-256,500,5,370,622.9380000004312,0.6998999961069785,2.9837999973096885,True,270.82585851080154
RSA+AES-256,500,5,371,412.53900000447175,0.6897999992361292,2.955200005089864,True,270.82585851080154
RSA+AES-256,500,5,372,445.381700003054,0.6441000004997477,2.9274000044097193,True,270.82585851080154
RSA+AES-256,500,5,373,151.6526999985217,0.6643000015174039,2.94690000009723,True,270.82585851080154
RSA+AES-256,500,5,374,509.001200000057,0.6674999967799522,3.176099999109283,True,270.82585851080154
RSA+AES-256,500,5,375,500.28020000172546,0.6790000043110922,2.898599996115081,True,270.82585851080154
RSA+AES-256,500,5,376,806.7121999993105,0.6467000057455152,2.914799995778594,True,270.82585851080154
RSA+AES-256,500,5,377,268.77309999690624,0.6490999949164689,2.8778999985661358,True,270.82585851080154
RSA+AES-256,500,5,378,289.5157000020845,0.6533999985549599,3.2769000026746653,True,270.82585851080154
RSA+AES-256,500,5,379,670.0700999936089,0.6802999996580184,3.0801999964751303,True,270.82585851080154
RSA+AES-256,500,5,380,667.4910000001546,0.6850999998277985,2.926600005594082,True,270.82585851080154
RSA+AES-256,500,5,381,754.4295999978203,0.6271999955060892,2.9584000003524125,True,270.82585851080154
RSA+AES-256,500,5,382,314.2756000015652,0.6729000015184283,2.9762000049231574,True,270.82585851080154
RSA+AES-256,500,5,383,647.8366999945138,0.6786999947507866,2.950599999167025,True,270.82585851080154
RSA+AES-256,500,5,384,170.48159999831114,0.6084999986342154,2.8747000033035874,True,270.82585851080154
RSA+AES-256,500,5,385,836.7979000031482,0.666200001433026,2.901400002883747,True,270.82585851080154
RSA+AES-256,500,5,386,1586.6229000021121,0.6216999972821213,2.947900000435766,True,270.82585851080154
RSA+AES-256,500,5,387,747.0925000015995,0.6898999999975786,2.871600001526531,True,270.82585851080154
RSA+AES-256,500,5,388,283.92080000048736,0.7016000017756596,3.0299999998533167,True,270.82585851080154
RSA+AES-256,500,5,389,712.903900006495,0.6977000011829659,2.986899999086745,True,270.82585851080154
RSA+AES-256,500,5,390,689.2249999946216,0.683899997966364,3.028500002983492,True,270.82585851080154
RSA+AES-256,500,5,391,1323.5742999968352,0.6037999992258847,2.9609999983222224,True,270.82585851080154
RSA+AES-256,500,5,392,281.58519999851706,0.6601999994018115,2.9532999978982843,True,270.82585851080154
RSA+AES-256,500,5,393,592.1476000003167,0.6681000013486482,3.03140000323765,True,270.82585851080154
RSA+AES-256,500,5,394,335.2699000024586,0.6715000054100528,2.9760000034002587,True,270.82585851080154
RSA+AES-256,500,5,395,702.5580999979866,0.6639000057475641,2.973900001961738,True,270.82585851080154
RSA+AES-256,500,5,396,219.90169999480713,0.6877999985590577,2.9902000023867004,True,270.82585851080154
RSA+AES-256,500,5,397,86.63849999720696,0.6594000005861744,3.0904999948688783,True,270.82585851080154
RSA+AES-256,500,5,398,624.9953000005917,0.6738000010955147,2.882300002966076,True,270.82585851080154
RSA+AES-256,500,5,399,651.256299999659,0.6968000016058795,2.904000000853557,True,270.82585851080154
RSA+AES-256,500,5,400,539.4630000009784,0.6611999997403473,2.919799997471273,True,270.82585851080154
RSA+AES-256,500,5,401,697.6216999973985,0.6569999968633056,3.2836000027600676,True,270.82585851080154
RSA+AES-256,500,5,402,641.7332999990322,0.6894000034662895,2.980900004331488,True,270.82585851080154
RSA+AES-256,500,5,403,344.198899998446,0.6796999950893223,2.907599999161903,True,270.82585851080154
RSA+AES-256,500,5,404,457.1665000039502,0.6672000017715618,2.9431000002659857,True,270.82585851080154
RSA+AES-256,500,5,405,853.7329999962822,0.6533000050694682,2.860000000509899,True,270.82585851080154
RSA+AES-256,500,5,406,460.3720000013709,0.7085999968694523,2.9642000008607283,True,270.82585851080154
RSA+AES-256,500,5,407,443.2029000017792,0.6780999974580482,3.1241999968187883,True,270.82585851080154
RSA+AES-256,500,5,408,199.6376000024611,0.64080000447575,3.04360000154702,True,270.82585851080154
RSA+AES-256,500,5,409,361.00399999850197,0.6692000024486333,2.9983000058564357,True,270.82585851080154
RSA+AES-256,500,5,410,478.31269999733195,0.6869999997434206,3.0390000029001385,True,270.82585851080154
RSA+AES-256,500,5,411,240.7831000018632,0.6604999944102019,2.9936999999335967,True,270.82585851080154
RSA+AES-256,500,5,412,625.4716999974335,0.651599999400787,2.892299999075476,True,270.82585851080154
RSA+AES-256,500,5,413,1062.4258000025293,0.6522000039694831,2.9167999964556657,True,270.82585851080154
RSA+AES-256,500,5,414,304.29110000113724,0.7079000060912222,3.053699998417869,True,270.82585851080154
RSA+AES-256,500,5,415,1104.7446000011405,0.6955999997444451,3.0464000010397285,True,270.82585851080154
RSA+AES-256,500,5,416,662.6800000012736,0.6547000011778437,2.951500006020069,True,270.82585851080154
RSA+AES-256,500,5,417,1392.5078000029316,0.7278999983100221,3.0197000014595687,True,270.82585851080154
RSA+AES-256,500,5,418,564.4062999999733,0.6560000038007274,2.9514999987441115,True,270.82585851080154
RSA+AES-256,500,5,419,469.3609000023571,0.6680999940726906,3.151500000967644,True,270.82585851080154
RSA+AES-256,500,5,420,556.540200006566,0.6337999948300421,2.942700004496146,True,270.82585851080154
RSA+AES-256,500,5,421,1040.5622000034782,0.698199997714255,2.9815000016242266,True,270.82585851080154
RSA+AES-256,500,5,422,1249.918000001344,0.6279000008362345,2.9931000026408583,True,270.82585851080154
RSA+AES-256,500,5,423,118.19230000401149,0.6057999999029562,2.8921999983140267,True,270.82585851080154
RSA+AES-256,500,5,424,1574.3314999999711,0.6677999990643002,2.904200002376456,True,270.82585851080154
RSA+AES-256,500,5,425,899.5865000033518,0.6496999994851649,2.8898000018671155,True,270.82585851080154
RSA+AES-256,500,5,426,767.4296999975923,0.7086000041454099,2.9918000000179745,True,270.82585851080154
RSA+AES-256,500,5,427,548.1060999954934,0.621700004558079,2.9627000039909035,True,270.82585851080154
RSA+AES-256,500,5,428,65.109900002426,0.6139000033726916,3.0142999967210926,True,270.82585851080154
RSA+AES-256,500,5,429,575.9286999964388,0.6427999978768639,3.0702000003657304,True,270.82585851080154
RSA+AES-256,500,5,430,466.9368000031682,0.6987999950069934,3.0830000032437965,True,270.82585851080154
RSA+AES-256,500,5,431,306.3791999957175,0.621700004558079,2.9235999973025173,True,270.82585851080154
RSA+AES-256,500,5,432,307.37349999981234,0.62929999694461,2.834799997799564,True,270.82585851080154
RSA+AES-256,500,5,433,2369.722499999625,0.6073999975342304,2.9823000004398637,True,270.82585851080154
RSA+AES-256,500,5,434,415.0459000011324,0.669299995934125,2.944200001365971,True,270.82585851080154
RSA+AES-256,500,5,435,462.33099999517435,0.6136000010883436,2.9378999970504083,True,270.82585851080154
RSA+AES-256,500,5,436,1893.932400002086,0.7107000055839308,3.2752999977674335,True,270.82585851080154
RSA+AES-256,500,5,437,949.2024999999558,0.6906999988132156,2.9971000039950013,True,270.82585851080154
RSA+AES-256,500,5,438,320.10599999921396,0.7471999997505918,2.977799995278474,True,270.82585851080154
RSA+AES-256,500,5,439,914.4100999983493,0.6971000038902275,3.022700002475176,True,270.82585851080154
RSA+AES-256,500,5,440,625.6116000004113,0.6482999961008318,2.937400000519119,True,270.82585851080154
RSA+AES-256,500,5,441,749.5276999979978,0.7243000000016764,2.9434000025503337,True,270.82585851080154
RSA+AES-256,500,5,442,806.7090999975335,0.6921000021975487,2.926199995272327,True,270.82585851080154
RSA+AES-256,500,5,443,613.5141999984626,0.646799999231007,2.9002999945078045,True,270.82585851080154
RSA+AES-256,500,5,444,930.3619999991497,0.6509000013465993,2.9017000051680952,True,270.82585851080154
RSA+AES-256,500,5,445,582.4432000008528,0.6735999995726161,2.960899997560773,True,270.82585851080154
RSA+AES-256,500,5,446,608.2995999968261,0.6817000030423515,2.9147000022931024,True,270.82585851080154
RSA+AES-256,500,5,447,89.4350000016857,0.5893999987165444,2.8968999977223575,True,270.82585851080154
RSA+AES-256,500,5,448,897.0893000005162,0.7016000017756596,2.977900003315881,True,270.82585851080154
RSA+AES-256,500,5,449,1038.5862999974051,0.6711000023642555,2.8920000040670857,True,270.82585851080154
RSA+AES-256,500,5,450,1208.950599997479,0.66559999686433,2.938899997388944,True,270.82585851080154
RSA+AES-256,500,5,451,190.20589999854565,0.5889000021852553,2.9542000047513284,True,270.82585851080154
RSA+AES-256,500,5,452,362.54200000257697,0.6812999999965541,3.031100000953302,True,270.82585851080154
RSA+AES-256,500,5,453,986.9295999960741,0.7037999966996722,2.9819999981555156,True,270.82585851080154
RSA+AES-256,500,5,454,171.3707000017166,0.6701999955112115,3.021600001375191,True,270.82585851080154
RSA+AES-256,500,5,455,1226.4832000000752,0.6887000054121017,2.9522999975597486,True,270.82585851080154
RSA+AES-256,500,5,456,1503.1926000010571,0.639599995338358,3.0670999985886738,True,270.82585851080154
RSA+AES-256,500,5,457,1056.7700000028708,0.6679000071017072,2.9275999986566603,True,270.82585851080154
RSA+AES-256,500,5,458,2411.459200004174,0.6530000027851202,2.9821999996784143,True,270.82585851080154
RSA+AES-256,500,5,459,776.3877000033972,0.6613000005017966,2.984800004924182,True,270.82585851080154
RSA+AES-256,500,5,460,1589.9036999981035,0.8372000011149794,3.6212000049999915,True,270.82585851080154
RSA+AES-256,500,5,461,680.0604000018211,0.7505000030505471,3.169399999023881,True,270.82585851080154
RSA+AES-256,500,5,462,587.3346999942441,0.6599999978789128,3.0227999959606677,True,270.82585851080154
RSA+AES-256,500,5,463,590.9100999997463,0.6763999990653247,3.0273000011220574,True,270.82585851080154
RSA+AES-256,500,5,464,1425.1994000005652,0.6783999997423962,2.9070000018691644,True,270.82585851080154
RSA+AES-256,500,5,465,1454.854700001306,0.6713000038871542,2.9885999974794686,True,270.82585851080154
RSA+AES-256,500,5,466,620.5521000010776,0.6685000043944456,3.054399996472057,True,270.82585851080154
RSA+AES-256,500,5,467,436.63729999389034,0.6831999999121763,2.996700000949204,True,270.82585851080154
RSA+AES-256,500,5,468,203.06060000439174,0.6300999957602471,2.9030000005150214,True,270.82585851080154
RSA+AES-256,500,5,469,466.7031999997562,0.7025999948382378,2.9866999975638464,True,270.82585851080154
RSA+AES-256,500,5,470,686.9806999966386,0.6565000003320165,2.893799995945301,True,270.82585851080154
RSA+AES-256,500,5,471,562.8318000017316,0.6169999978737906,2.9275999986566603,True,270.82585851080154
RSA+AES-256,500,5,472,883.045000002312,0.6689000001642853,2.9217000046628527,True,270.82585851080154
RSA+AES-256,500,5,473,1121.1414000063087,0.62189999880502,2.9693000033148564,True,270.82585851080154
RSA+AES-256,500,5,474,701.5102000004845,0.6419000055757351,2.863900001102593,True,270.82585851080154
RSA+AES-256,500,5,475,1247.757900004217,0.704799997038208,2.892299999075476,True,270.82585851080154
RSA+AES-256,500,5,476,421.8410000030417,0.6607000032090582,2.954100003989879,True,270.82585851080154
RSA+AES-256,500,5,477,599.2915000024368,0.651599999400787,2.8835999983130023,True,270.82585851080154
RSA+AES-256,500,5,478,813.095899997279,0.7243000000016764,3.4468999947421253,True,270.82585851080154
RSA+AES-256,500,5,479,556.0328999999911,0.6741000033798628,2.9207999978098087,True,270.82585851080154
RSA+AES-256,500,5,480,771.8910000039614,0.6188999977894127,2.941799997643102,True,270.82585851080154
RSA+AES-256,500,5,481,157.37780000199564,0.643899998976849,2.974700000777375,True,270.82585851080154
RSA+AES-256,500,5,482,495.50599999929545,0.6495999987237155,2.9412000003503636,True,270.82585851080154
RSA+AES-256,500,5,483,537.4891000028583,0.6653999953414313,2.9906999989179894,True,270.82585851080154
RSA+AES-256,500,5,484,318.46260000020266,0.658800003293436,3.06990000535734,True,270.82585851080154
RSA+AES-256,500,5,485,186.48839999514166,0.6756000002496876,2.966699998069089,True,270.82585851080154
RSA+AES-256,500,5,486,559.2591999957222,0.6661000006715767,2.921200000855606,True,270.82585851080154
RSA+AES-256,500,5,487,1322.193599997263,0.6087000001571141,2.9746000000159256,True,270.82585851080154
RSA+AES-256,500,5,488,530.335900002683,0.6792000058339909,2.9767000014544465,True,270.82585851080154
RSA+AES-256,500,5,489,184.0687000003527,0.5877000003238209,2.8582000013557263,True,270.82585851080154
RSA+AES-256,500,5,490,654.3799999999464,0.6760999967809767,2.975199997308664,True,270.82585851080154
RSA+AES-256,500,5,491,2052.085800001805,0.6686999986413866,2.8751999998348765,True,270.82585851080154
RSA+AES-256,500,5,492,523.5443000055966,0.6575000006705523,2.9316000000108033,True,270.82585851080154
RSA+AES-256,500,5,493,668.9030000052298,0.6065999987185933,3.002800003741868,True,270.82585851080154
RSA+AES-256,500,5,494,496.95169999904465,0.6821999995736405,2.9051000019535422,True,270.82585851080154
RSA+AES-256,500,5,495,461.22359999571927,0.6523000047309324,2.9169000044930726,True,270.82585851080154
RSA+AES-256,500,5,496,1092.832599999383,0.7045000020298176,2.9275999986566603,True,270.82585851080154
RSA+AES-256,500,5,497,327.30889999947976,0.6710000016028062,2.9977999947732314,True,270.82585851080154
RSA+AES-256,500,5,498,579.9492999940412,0.6607000032090582,2.9797000024700537,True,270.82585851080154
RSA+AES-256,500,5,499,1213.1468000006862,0.6861000001663342,2.9902000023867004,True,270.82585851080154
RSA+AES-256,500,5,500,543.6584999988554,0.6642000007559545,3.013299996382557,True,270.82585851080154
